total_assets,current_assets,cash,current_liabilities,equity,st_debt,lt_debt,total_debt_reported,retained_earnings,revenue,ebit,ebitda,interest_expense,pretax_income,net_income,ticker,year,total_debt,total_liabilities,total_debt_lag,debt_to_assets,leverage,st_debt_share,implied_rate,icr,roa,current_ratio,altman_z,country,source
,,,,,,6343936.0,,,,,,,,,A1CAP,2021,6343936.0,,,,,,,,,,,TR,yahoo
4198457110.0,4019261420.0,523481295.0,2578328327.0,1487849161.0,1349676796.0,6865573.0,1363555647.0,950391036.0,29904761919.0,1181397351.0,1194049292.0,262047513.0,919349838.0,652970166.0,A1CAP,2022,1356542369.0,2710607949.0,6343936.0,0.3231049724835703,0.6456200165874745,0.9949389173851894,0.38454787026420373,4.5083326205809096,0.28138845295956827,1.5588633060850672,8.706656926138905,TR,yahoo
6574073786.0,6297396379.0,1057144887.0,2843103868.0,3696944220.0,1061775703.0,,1085895233.0,1125746709.0,27798928095.0,912320446.0,933772774.0,534335406.0,377985040.0,-179999056.0,A1CAP,2023,1061775703.0,2877129566.0,1356542369.0,0.1615095506322326,0.43764789682267796,1.0,0.4419066393182046,1.7073928393208515,0.1387755105430756,2.214972322987955,9.536901489684917,TR,yahoo
11308167713.0,10860801324.0,1154306867.0,5776483455.0,5321869677.0,2353340439.0,,2370822723.0,1957668782.0,54353110691.0,3069779582.0,3111437864.0,1875731272.0,1194048310.0,484152704.0,A1CAP,2024,2353340439.0,5986298036.0,1061775703.0,0.20810979273809077,0.5293782501225271,1.0,1.098487544204873,1.6365774926420271,0.27146569275506466,1.8801752672898464,9.52155130695023,TR,yahoo
18204039191.0,17534580229.0,1421864898.0,7606592001.0,9182649214.0,2050223282.0,,2116615776.0,5774574452.0,33064519586.0,7918093266.0,7981700353.0,2081159469.0,5836933797.0,3824446811.0,A1CAP,2025,2050223282.0,9021389977.0,2353340439.0,0.11262463569149102,0.4955707841730058,1.0,0.9452160117839249,3.8046547532489927,0.43496353654933195,2.3051821665595864,11.853486996017947,TR,yahoo
,,,,,,,,,,,,,,,A1YEN,2021,,,,,,,,,,,,TR,yahoo
2084501255.0,108241565.0,79133154.0,136075039.0,1372544425.0,102665310.0,363668608.0,466333918.0,318074378.0,179002231.0,127969870.0,174717080.0,16979185.0,110990685.0,116169473.0,A1YEN,2022,466333918.0,711956830.0,,0.2237148655494573,0.34154780588030875,0.2201540699426457,0.036409929333083596,7.53686764117359,0.06139112158989801,0.7954549621698069,6.096639531870479,TR,yahoo
3137980068.0,73066010.0,25868522.0,185485721.0,2167031548.0,159580751.0,452770578.0,630876335.0,322708215.0,261478496.0,-3934439.0,66432520.0,625635.0,-4560074.0,4633837.0,A1YEN,2023,612351329.0,970948520.0,466333918.0,0.19514187972209898,0.30941831973420936,0.2606032573826585,0.0011599954699297004,-6.288713067523396,-0.0012538126166325924,0.3939171684272128,5.685279996560476,TR,yahoo
3400188412.0,110707148.0,8657893.0,175198795.0,2539425015.0,161062825.0,384518861.0,545581686.0,559316741.0,387564395.0,278544874.0,388234819.0,42871230.0,235673644.0,236608526.0,A1YEN,2024,545581686.0,860763397.0,612351329.0,0.16045631003109248,0.25315167652538895,0.29521303433194784,0.07404785845923911,6.497244748984342,0.08192042329682524,0.631894460233017,7.310048558064755,TR,yahoo
4239344053.0,237144482.0,49629014.0,227754505.0,3256301285.0,203794836.0,323822583.0,527617419.0,634316072.0,477299838.0,150224811.0,273181589.0,31585606.0,118639205.0,76665486.0,A1YEN,2025,527617419.0,983042768.0,545581686.0,0.12445732462469708,0.231885583172789,0.38625494280733746,0.0588625276574378,4.756116156201024,0.03543586203948047,1.0412285017150373,7.468535090125085,TR,yahoo
13947846543.0,1046210208.0,244498.0,217082716.0,11338760225.0,169492073.0,882452456.0,1051944529.0,10940064341.0,6098301.0,-23693033.0,-23572956.0,1212885.0,-24905918.0,-24841177.0,AAGYO,2023,1051944529.0,2609086318.0,,0.07541985250245953,0.18706015369156906,0.1611226336821416,0.0011529933057905567,-19.534443084051663,-0.0016986875305056185,4.819408137495387,10.748708168367411,TR,yahoo
15302670645.0,1344529811.0,19300124.0,818555572.0,12177472993.0,745392923.0,0.0,745392923.0,11196673957.0,686466938.0,1567119054.0,1568852111.0,60753136.0,1506365918.0,465499486.0,AAGYO,2024,745392923.0,3125197652.0,1051944529.0,0.048709989275208636,0.20422563645915806,1.0,0.06760348306590565,25.79486685263457,0.10240820640755548,1.6425638734763874,10.640311880920223,TR,yahoo
15598633320.0,1457402060.0,80024144.0,472081775.0,12316602023.0,379651158.0,0.0,379651158.0,11310795241.0,1301767963.0,1263831726.0,1265984772.0,38232326.0,1225599400.0,125621225.0,AAGYO,2025,379651158.0,3282031297.0,745392923.0,0.024338744953586743,0.2104050547038566,1.0,0.06796591643949994,33.05662663579506,0.08102195237704325,3.0871813681008975,10.51309131966009,TR,yahoo
,,,,,,,,,,,,,,,ACSEL,2021,,,,,,,,,,,,TR,yahoo
468763829.0,193764640.0,4177820.0,80874767.0,327022704.0,42181187.0,31636400.0,73817587.0,235972677.0,644000394.0,97747218.0,101651550.0,4975088.0,92772130.0,65050253.0,ACSEL,2022,73817587.0,141741125.0,,0.15747287318962488,0.302372146123928,0.5714246254080345,0.06739705539277517,19.647334479309713,0.20852124663398464,2.395860256388745,10.29467728519948,TR,yahoo
812667400.0,277157268.0,395909.0,257935294.0,519650232.0,105043995.0,26090094.0,131134089.0,389562153.0,644837341.0,52330217.0,59209533.0,38116603.0,14213614.0,51666541.0,ACSEL,2023,131134089.0,293017168.0,73817587.0,0.16136255619457604,0.3605622275484411,0.8010426259185741,0.3719569777999766,1.372898235448736,0.06439315395203499,1.0745224653125602,7.262725226587449,TR,yahoo
1060829868.0,386502230.0,7827537.0,263640271.0,631727640.0,176356777.0,140190911.0,316547688.0,459670307.0,890026295.0,68235002.0,93850341.0,89656847.0,-21421845.0,-47323751.0,ACSEL,2024,316547688.0,429102228.0,131134089.0,0.29839628157980935,0.40449674442989947,0.5571254622463078,0.400538291287206,0.7610684993194106,0.06432228584272855,1.4660212134283537,7.400419484065539,TR,yahoo
941305617.0,283195952.0,25744152.0,238692607.0,575012082.0,120009874.0,73948096.0,193957970.0,392496700.0,685775803.0,17288914.0,55620589.0,58717919.0,-41429005.0,-67173607.0,ACSEL,2025,193957970.0,366293535.0,316547688.0,0.20605206905930956,0.3891334847946626,0.618741647997244,0.2300382692330513,0.2944401691074917,0.01836695084759066,1.1864462647559084,6.691198460571223,TR,yahoo
,,,,,,,,,,,,,,,ADEL,2021,,,,,,,,,,,,TR,yahoo
1906116000.0,1156436000.0,481745000.0,1001884000.0,692684000.0,814319000.0,11534000.0,877167000.0,108138000.0,1675122000.0,269712000.0,370244000.0,281663000.0,-11951000.0,-19427000.0,ADEL,2022,825853000.0,1213432000.0,,0.43326481704156516,0.6365992415991472,0.9860338341084914,0.3410570646349895,0.9575698618561899,0.14149820892327644,1.1542613715759509,5.517102968750759,TR,yahoo
3798883000.0,2639716000.0,1146378000.0,2036566000.0,1603807000.0,1503594000.0,0.0,1606502000.0,753185000.0,3265499000.0,1096007000.0,1253495000.0,458142000.0,637865000.0,629443000.0,ADEL,2023,1503594000.0,2195076000.0,825853000.0,0.3957989756462623,0.5778214280355568,1.0,0.39334829253466597,2.392286670944816,0.28850770081626625,1.2961603012129241,7.643819120033414,TR,yahoo
3719862000.0,2346027000.0,863017000.0,1082197000.0,1896738000.0,594227000.0,549746000.0,1318899000.0,750201000.0,3549764000.0,850838000.0,1067788000.0,750997000.0,99841000.0,24404000.0,ADEL,2024,1143973000.0,1823124000.0,1503594000.0,0.307531032065168,0.49010527809902626,0.5194414553490336,0.5673110444419348,1.1329446056375725,0.22872837755809222,2.1678372791645146,8.765682280987829,TR,yahoo
3176331000.0,1808469000.0,395699000.0,1880512000.0,1215657000.0,1632545000.0,0.0,1684353000.0,63870000.0,2099613000.0,91784000.0,261258000.0,748005000.0,-656221000.0,-502366000.0,ADEL,2025,1632545000.0,1960674000.0,1143973000.0,0.51397193806313,0.6172763480884077,1.0,0.5388079601861036,0.12270506213193762,0.028896232791859537,0.9616896887656128,4.011967384677341,TR,yahoo
,,,,,,33652000.0,,,,,,,,,ADESE,2021,33652000.0,,,,,,,,,,,TR,yahoo
7506361000.0,1155756000.0,643592000.0,208317000.0,6583168000.0,51958000.0,14169000.0,67172000.0,2851212000.0,265729000.0,891680000.0,900830000.0,16192000.0,875488000.0,715842000.0,ADESE,2022,66127000.0,923193000.0,33652000.0,0.008809461735186997,0.12298808970152116,0.7857304883028112,0.32455727157017006,55.069169960474305,0.11878991697841337,5.548063768199427,13.601947957552719,TR,yahoo
14400280000.0,1473584000.0,80755000.0,306435000.0,11663566000.0,15173000.0,0.0,77371000.0,6044087000.0,484913000.0,3376312000.0,3401756000.0,35561000.0,3340751000.0,1809639000.0,ADESE,2023,15173000.0,2736714000.0,66127000.0,0.0010536600677209054,0.19004588799662228,1.0,0.874809348093481,94.94423666376086,0.23446155213648623,4.8087979506257446,11.200541457044078,TR,yahoo
21862302000.0,5517621000.0,26459000.0,1708549000.0,12509200000.0,0.0,,245848000.0,5554553000.0,684251000.0,549752000.0,605168000.0,61207000.0,488545000.0,762383000.0,ADESE,2024,0.0,9353102000.0,15173000.0,0.0,0.4278187173519056,,8.067883740855468,8.981848481382848,0.02514611681789045,3.2294192323427655,6.794510103330207,TR,yahoo
23549217000.0,6856785000.0,88318000.0,1813695000.0,12771580000.0,2000.0,,158788000.0,5713511000.0,1268726000.0,1784759000.0,1842704000.0,92332000.0,1692427000.0,157261000.0,ADESE,2025,2000.0,10777637000.0,0.0,8.492851375907743e-08,0.45766434612242096,1.0,92332.0,19.32979898626695,0.07578846464406863,3.7805612299752713,7.1993285016009105,TR,yahoo
,,,,,,,,,,,,,,,ADGYO,2021,,,,,,,,,,,,TR,yahoo
2463617985.0,1454610800.0,155069988.0,87799441.0,2375294670.0,2275577.0,,2275577.0,1551520254.0,1109172221.0,1070764502.0,1070901786.0,67501338.0,1003263164.0,1075578679.0,ADGYO,2022,2275577.0,88323315.0,,0.0009236728315246489,0.03585105951400172,1.0,29.66339438305098,15.862863370204602,0.4346308999688521,16.56742666505132,40.10109481709358,TR,yahoo
6645236519.0,4849091498.0,2753077236.0,37485596.0,6607226889.0,90118.0,,90118.0,2793388250.0,708013383.0,556644211.0,558226903.0,3321842.0,553322369.0,553322369.0,ADGYO,2023,90118.0,38009630.0,2275577.0,1.3561293076978589e-05,0.00571983102351936,1.0,2.8083434255049786,167.57094738401165,0.08376589898771065,129.3587941885731,192.45502414241247,TR,yahoo
10002843606.0,3677873987.0,988256364.0,20030370.0,9405288557.0,0.0,0.0,0.0,4332416912.0,758939408.0,2145585100.0,2148767138.0,556907.0,2145028193.0,1568446310.0,ADGYO,2024,0.0,597555049.0,90118.0,0.0,0.05973851761928667,,12.359506424909563,3852.681147839765,0.21449751535783435,183.6148801544854,25.02885249756943,TR,yahoo
17393641408.0,7018685626.0,843968740.0,711801920.0,14576042603.0,381698416.0,6020309.0,387718725.0,9095486416.0,807299230.0,75248211.0,79374765.0,177788.0,75070423.0,-606436506.0,ADGYO,2025,387718725.0,2817598805.0,0.0,0.022290831224200894,0.16199016289389975,0.9844724832415561,0.0009170978265235965,423.2468501811146,0.004326190774830535,9.860447729615565,12.794303818776616,TR,yahoo
,,,,,,,,,,,,,,,AEFES,2021,,,,,,,,,,,,TR,yahoo
268244570000.0,85826237000.0,39326756000.0,69258939000.0,64532601000.0,19104218000.0,41313826000.0,61908769000.0,41772552000.0,155060052000.0,35284624000.0,43896343000.0,5462601000.0,29822023000.0,15384189000.0,AEFES,2022,60418044000.0,203711969000.0,,0.2252349190143905,0.7594262541828899,0.3162005377069142,0.09041340365139924,6.459308303864771,0.13153900561715004,1.2392080825841123,5.379388522501381,TR,yahoo
382930193000.0,130126100000.0,59587969000.0,113333758000.0,93207794000.0,33536752000.0,50963732000.0,86964679000.0,84129440000.0,230829114000.0,69557462000.0,80488959000.0,9708354000.0,59849108000.0,31949541000.0,AEFES,2023,84500484000.0,289722399000.0,60418044000.0,0.2206681153502043,0.7565932493602039,0.39688236578621255,0.13398361319264848,7.164701863982298,0.1816452796658946,1.1481671683383163,5.812345992241286,TR,yahoo
461029120000.0,158767687000.0,70986469000.0,140482014000.0,110003109000.0,40977770000.0,58968787000.0,103257864000.0,127424082000.0,302824515000.0,59430974000.0,74423775000.0,18859279000.0,40571695000.0,17169224000.0,AEFES,2024,99946557000.0,351026011000.0,84500484000.0,0.21679011729237407,0.7613966141661507,0.40999681459762544,0.20449532719801128,3.151285582020394,0.12890937127789237,1.130163801609507,5.606536344025418,TR,yahoo
413578419000.0,109123335000.0,37174413000.0,105736063000.0,108611239000.0,34627462000.0,54517646000.0,92987072000.0,135426255000.0,243847131000.0,44817864000.0,57971120000.0,19215019000.0,25602845000.0,8956856000.0,AEFES,2025,89145108000.0,304967180000.0,99946557000.0,0.21554584065470786,0.7373865897968916,0.3884392848567753,0.20323496543329925,2.332439223713492,0.1083660605608147,1.032035162875319,5.473382150699184,TR,yahoo
,,,,,95397854.0,0.0,,,,,,,,,AFYON,2021,95397854.0,,,,,1.0,,,,,,TR,yahoo
4265540396.0,1160924006.0,452835896.0,696924749.0,3090346211.0,133558464.0,,169720061.0,957359919.0,2455914351.0,448686727.0,655009880.0,68277532.0,380409195.0,155581093.0,AFYON,2022,133558464.0,1175194185.0,95397854.0,0.03131103016284739,0.2755088630978704,1.0,0.5964240916907129,6.571513554414943,0.10518871827371624,1.6657810009843688,8.163261024141775,TR,yahoo
6724198009.0,1815387118.0,489124585.0,928110317.0,5733606676.0,57751600.0,,95582848.0,2605194283.0,3757897637.0,526079425.0,848218886.0,28120377.0,497959048.0,1432920986.0,AFYON,2023,57751600.0,990591333.0,133558464.0,0.00858862275065404,0.147317394828966,1.0,0.2939769755134262,18.708121338487032,0.0782367539289993,1.9560035964991864,11.98186962396718,TR,yahoo
8834734947.0,2702513480.0,1565423514.0,966463528.0,7810680816.0,0.0,,24016845.0,3675381880.0,4241190551.0,930341252.0,1377690654.0,13955576.0,916385676.0,561678011.0,AFYON,2024,0.0,1024054131.0,57751600.0,0.0,0.11591226416449955,,0.48329660130628416,66.66448249789188,0.1053049420929051,2.7962912222798333,14.611491720611982,TR,yahoo
8682787309.0,2498227509.0,1066462299.0,1060444492.0,7577323629.0,,,6635100.0,3368086105.0,3867989901.0,423200268.0,867901322.0,495309.0,422704959.0,240983008.0,AFYON,2025,6635100.0,1105463680.0,0.0,0.0007641670541811494,0.127316683071823,,0.14929963376588146,854.4166732282272,0.04874013988127277,2.3558305294116235,13.12552240279317,TR,yahoo
,,,,,,,,,,,,,,,AGESA,2021,,,,,,,,,,,,TR,yahoo
87632574064.0,,1092257503.0,,1726351302.0,0.0,,39510602.0,874584194.0,7423635250.0,,,,1091159355.0,874584194.0,AGESA,2022,0.0,85906222762.0,,0.0,0.9803001187579038,,,,,,,TR,yahoo
165281135254.0,,2195408741.0,,3099774530.0,0.0,,60748738.0,1383841859.0,15830061180.0,,,,2013296049.0,1390038546.0,AGESA,2023,0.0,162181360724.0,0.0,0.0,0.9812454426499652,,,,,,,TR,yahoo
268785843836.0,,5947325318.0,,5448908796.0,0.0,,224628960.0,2830584101.0,24259450924.0,,,,4045814058.0,2871345742.0,AGESA,2024,0.0,263336935040.0,0.0,0.0,0.9797276942928413,,,,,,,TR,yahoo
466853140926.0,,9218323260.0,,10090449625.0,0.0,,323964658.0,5555079234.0,45660285083.0,,,,7785752362.0,5555079234.0,AGESA,2025,0.0,456762691301.0,0.0,0.0,0.9783862445372314,,,,,,,TR,yahoo
,,,,,,,,,,,,,,,AGHOL,2021,,,,,,,,,,,,TR,yahoo
377714512000.0,133800505000.0,58564156000.0,128310460000.0,53964851000.0,33010203000.0,46942070000.0,89576768000.0,46688241000.0,319647531000.0,58827127000.0,72697367000.0,14633790000.0,44193337000.0,15639252000.0,AGHOL,2022,79952273000.0,323749661000.0,,0.21167381834669885,0.8571279384679824,0.41287385287970485,0.18303156934637743,4.019951564153921,0.1557449479198194,1.0427871975519376,4.9699358953789385,TR,yahoo
565676096000.0,212010781000.0,90022940000.0,202392838000.0,92994164000.0,50424106000.0,57762523000.0,123363164000.0,92808008000.0,542096480000.0,110520250000.0,131318350000.0,24557744000.0,85962506000.0,28353841000.0,AGHOL,2023,108186629000.0,472681932000.0,79952273000.0,0.1912519015122039,0.8356052789616197,0.4660844548543979,0.2610597142742972,4.500423573109973,0.19537726762984872,1.0475211627794854,5.415900175329241,TR,yahoo
711657719000.0,261964075000.0,110802212000.0,256971146000.0,117169724000.0,56123951000.0,65850248000.0,152133016000.0,128785933000.0,731026518000.0,101124791000.0,130757402000.0,52884822000.0,48239969000.0,6780925000.0,AGHOL,2024,121974199000.0,594487995000.0,108186629000.0,0.1713944720102165,0.8353566316056498,0.4601296951333126,0.4595466783774344,1.9121703955059166,0.14209751162693424,1.0194299207429305,5.047817390060268,TR,yahoo
683224616000.0,220928042000.0,76505173000.0,235538153000.0,114124561000.0,54239576000.0,61804477000.0,151354418000.0,130039975000.0,707202498000.0,84870551000.0,115546994000.0,54131320000.0,30739231000.0,2505918000.0,AGHOL,2025,116044053000.0,569100055000.0,121974199000.0,0.1698475878685261,0.8329618717953219,0.46740504659898424,0.4548501599784877,1.5678640572592724,0.1242205696523089,0.9379713612681678,4.775529294668653,TR,yahoo
,,,,,,,,,,,,,,,AGROT,2021,,,,,,,,,,,,TR,yahoo
4200370184.0,920765562.0,2014362.0,392052797.0,3051208007.0,31399531.0,12637130.0,44036661.0,499055680.0,877073473.0,403899352.0,431771983.0,5811925.0,398087427.0,332338323.0,AGROT,2022,44036661.0,1149162177.0,,0.010483995236358911,0.2735859285396737,0.7130316033724718,0.1319792388437443,69.49493532693556,0.09615803710314119,2.3485754190397983,7.897153028396653,TR,yahoo
9202969163.0,3088717943.0,493793120.0,732093794.0,7141599286.0,499616014.0,786210.0,500402224.0,1089072837.0,841128293.0,471055564.0,502956623.0,47320115.0,423735449.0,368539143.0,AGROT,2023,500402224.0,2061369877.0,44036661.0,0.05437399768890218,0.2239896538268994,0.9984288439133716,0.17383076890255553,9.95465805609306,0.05118517248692426,4.2190194320920575,9.297300301129654,TR,yahoo
10889100243.0,2849715699.0,103967693.0,662718133.0,8406851882.0,52762610.0,0.0,52762610.0,944669664.0,2777096629.0,-247388664.0,-132324436.0,203928573.0,-451317237.0,-415799107.0,AGROT,2024,52762610.0,2482248361.0,500402224.0,0.0048454517657616535,0.22795715950872067,1.0,0.7373157527942205,-1.213114279968997,-0.02271892612606193,4.300041838450797,8.253803370776232,TR,yahoo
9595433617.0,1675078647.0,265477502.0,219654502.0,7364709234.0,11122516.0,37373122.0,249763784.0,141226185.0,2258802022.0,-619898542.0,-468260783.0,23269101.0,-643167643.0,-621992560.0,AGROT,2025,48495638.0,2230724383.0,52762610.0,0.005054032984406399,0.23247770471236223,0.22935085419435042,0.4595991232240163,-26.640416490521055,-0.06460349440610381,7.625970019954337,7.325420666458996,TR,yahoo
614539183.0,21994774.0,8879776.0,3785055.0,605510751.0,47640.0,,852737.0,300151728.0,34677333.0,80660717.0,82311242.0,106445.0,80554272.0,80578605.0,AGYO,2021,47640.0,9028432.0,,7.752150117985234e-05,0.014691385431154842,1.0,2.23436188077246,757.7689604960308,0.13125398547613848,5.810952284709205,76.33910558773391,TR,yahoo
,,,,,,,,,,,,,,,AHGAZ,2021,,,,,,,,,,,,TR,yahoo
29546314335.0,10768102668.0,6101656156.0,9789004069.0,12420023198.0,788950287.0,59957967.0,884512915.0,1613022349.0,23481276300.0,3681443706.0,4218766762.0,319811953.0,3361631753.0,2603352912.0,AHGAZ,2022,848908254.0,17126291137.0,,0.028731443264800018,0.5796422167184664,0.9293704982635261,0.3767332352972975,11.511276146704873,0.12459908414495652,1.100020246400819,5.244125020040208,TR,yahoo
61973224611.0,16711218439.0,12245397973.0,12950197280.0,23549231755.0,1724922653.0,213260465.0,1987693471.0,6648481184.0,28938103162.0,8386079996.0,9220326672.0,140437941.0,8245642055.0,4478051143.0,AHGAZ,2023,1938183118.0,38423992856.0,848908254.0,0.03127452428312049,0.6200095782845532,0.8899688770274389,0.1007774215161253,59.7137777461434,0.13531779326698945,1.2904219200435223,5.550702493202766,TR,yahoo
131687389304.0,59254280361.0,15504151287.0,54060227834.0,34390320698.0,3717310256.0,4204813507.0,8164891329.0,10173901529.0,39535468364.0,4889365316.0,7609848355.0,662783156.0,4226582160.0,2309282408.0,AHGAZ,2024,7922123763.0,97297068606.0,1938183118.0,0.06015856039724349,0.7388487927373969,0.46923153023202774,0.1344345899166949,7.3770210841025055,0.03712857656182182,1.0960789980935544,4.381236233957833,TR,yahoo
214356239776.0,112669672273.0,28156698570.0,111809667105.0,48105390320.0,4000117069.0,3985596080.0,8438793710.0,10649722661.0,53922164235.0,4730045824.0,8125808315.0,564715580.0,4165330244.0,2889276269.0,AHGAZ,2025,7985713149.0,166250849456.0,7922123763.0,0.03725440023273867,0.7755820387114943,0.5009091854871983,0.07099841205613687,8.375978973344422,0.022066284746097654,1.007691688833957,3.8903908369004325,TR,yahoo
2355160538.0,332857709.0,81609084.0,182228037.0,1762400335.0,128009262.0,77981867.0,205991129.0,1119401638.0,,,,,,,AHSGY,2021,205991129.0,592760203.0,,0.08746373152758727,0.25168568912222494,0.6214309452131795,,,,1.826599871676168,,TR,yahoo
2659103992.0,264290811.0,14908440.0,151092446.0,2056949441.0,61232185.0,4243482.0,65475667.0,1413936552.0,40870202.0,440965989.0,440965989.0,31875438.0,409090551.0,294534914.0,AHSGY,2022,65475667.0,602154551.0,205991129.0,0.02462320661282359,0.22645016998643203,0.9351899385767235,0.23483857672228908,13.834037009938498,0.16583254747714282,1.7491993676507163,9.963889874868983,TR,yahoo
4602800381.0,319791633.0,2230765.0,326165284.0,4276307122.0,232677446.0,136981.0,232861389.0,3469477623.0,37413218.0,1169124064.0,1169351170.0,34015425.0,1135108639.0,1695307678.0,AHSGY,2023,232814427.0,326493259.0,65475667.0,0.05058103930838273,0.07093361257805979,0.9994116301048646,0.22806942425650917,34.37040883657929,0.2540027737952862,0.9804588308055495,21.157695845411826,TR,yahoo
,,,,,,,,,115084542.0,-279306370.0,-279133830.0,23167574.0,-302473944.0,-271903182.0,AHSGY,2024,,,232814427.0,,,,0.09951090359189811,-12.055917896280379,,,,TR,yahoo
11735563511.0,1573048658.0,1227494184.0,41820907.0,9183576195.0,0.0,,95987.0,6384170000.0,523843663.0,4665797815.0,4665904476.0,0.0,4665797815.0,3124905674.0,AHSGY,2025,0.0,2551987316.0,,0.0,0.21745758638756174,,,inf,0.39757765450518384,37.613929750495366,12.329628973424859,TR,yahoo
,,,,,,,,,,,,,,,AKBNK,2021,,,,,,,,,,,,TR,yahoo
1147294180000.0,,159882201000.0,,153605870000.0,,,118547863000.0,60206179000.0,111772356000.0,,,52685992000.0,80270808000.0,60025707000.0,AKBNK,2022,118547863000.0,993688310000.0,,0.10332821787695289,0.8661146611935223,,0.4444280197610985,,,,,TR,yahoo
1904769488000.0,,351501549000.0,,211218707000.0,,,180191442000.0,66674330000.0,150431745000.0,,,162542255000.0,87092264000.0,66496235000.0,AKBNK,2023,180191442000.0,1693550781000.0,118547863000.0,0.09460013042796074,0.8891106202977984,,1.0881879436654645,,,,,TR,yahoo
2653105361000.0,,501355271000.0,,240371214000.0,,,606441232000.0,42544211000.0,160261678000.0,,,428754559000.0,51851772000.0,42366116000.0,AKBNK,2024,606441232000.0,2412734147000.0,180191442000.0,0.22857789250081728,0.909400049642431,,1.090101067935045,,,,,TR,yahoo
3558949685000.0,,616113731000.0,,310187272000.0,,,858695810000.0,57432916000.0,230092544000.0,,,545715623000.0,76749116000.0,57254821000.0,AKBNK,2025,858695810000.0,3248762413000.0,606441232000.0,0.2412778729688616,0.9128430296985218,,0.744934579300603,,,,,TR,yahoo
,,,,,,0.0,,,,,,,,,AKCNS,2021,0.0,,,,,,,,,,,TR,yahoo
18581535118.0,7335050467.0,2234191729.0,6516940029.0,11340728172.0,2553136128.0,,2869674059.0,742470576.0,16683577346.0,1768962893.0,2541044982.0,587764381.0,1181198512.0,1934964500.0,AKCNS,2022,2553136128.0,7240806946.0,0.0,0.1374017868699539,0.3896775427873989,1.0,0.46042541527969794,3.0096462973655425,0.09520004035007847,1.1255359776765563,5.953365697501136,TR,yahoo
28314521000.0,11237844000.0,3926538000.0,7753078000.0,19920816000.0,2529165000.0,,2921220000.0,3916162000.0,27034142000.0,5470741000.0,6646991000.0,926564000.0,4544177000.0,3423526000.0,AKCNS,2023,2529165000.0,8393705000.0,2553136128.0,0.08932395501234154,0.2964452409419181,1.0,0.3646238098310494,5.90433148708562,0.19321326325809998,1.4494687142319476,8.298612871243915,TR,yahoo
36784919000.0,13826601000.0,5902373000.0,8477791000.0,26904538000.0,2839379000.0,,3303632000.0,5188020000.0,28291245000.0,4716217000.0,6376462000.0,1410318000.0,3305899000.0,2189177000.0,AKCNS,2024,2839379000.0,9880381000.0,2529165000.0,0.07718867071584418,0.26859868850057816,1.0,0.5254005555323753,3.3440805548819488,0.128210612615458,1.6309202479749736,8.384406757407218,TR,yahoo
36439477000.0,13740960000.0,6036362000.0,9247853000.0,25040602000.0,4011313000.0,,4934895000.0,4337380000.0,24608535000.0,3106076000.0,4826349000.0,1343855000.0,1762221000.0,726200000.0,AKCNS,2025,4011313000.0,11398875000.0,2839379000.0,0.1100815195563866,0.31281664662750236,1.0,0.3923267897608008,2.311317813305751,0.0852393133962927,1.4858540679658294,7.326313378763048,TR,yahoo
,,,,,,,,,,,,,,,AKENR,2021,,,,,,,,,,,,TR,yahoo
37804276653.0,6200984047.0,2057447580.0,5572785941.0,9938872043.0,1108756368.0,17837624392.0,19257886656.0,-3463307185.0,32710184429.0,4024061471.0,5429765116.0,2029612635.0,1994448836.0,2104990445.0,AKENR,2022,18946380760.0,27865404610.0,,0.5011703023418778,0.7370966217862738,0.058520747685005356,0.1071240286316298,1.9826746254957168,0.10644460963864696,1.1127260427102057,4.150170470676534,TR,yahoo
46128535000.0,3648463000.0,1689794000.0,11872978000.0,19897153000.0,9748235000.0,12620385000.0,22793145000.0,2414891000.0,34177798000.0,5790342000.0,7875151000.0,2691896000.0,3098446000.0,7276486000.0,AKENR,2023,22368620000.0,26231382000.0,18946380760.0,0.484919367155276,0.5686584670421465,0.43579957100616845,0.13031082902005978,2.151027379958215,0.1255262496413554,0.30729131309769125,3.8910336405536654,TR,yahoo
45491853000.0,4070982000.0,2376150000.0,5110235000.0,17861416000.0,2401306000.0,21367262000.0,24180173000.0,-969015000.0,33357390000.0,-1410827000.0,1288225000.0,2602552000.0,-4013379000.0,-4316487000.0,AKENR,2024,23768568000.0,27630437000.0,22368620000.0,0.5224796624573635,0.6073711044480865,0.10102863580170249,0.11281797234803301,-0.542093683430725,-0.031012739797607276,0.7966330315533434,3.5010534956546095,TR,yahoo
39721587000.0,2040109000.0,655823000.0,13663018000.0,12872780000.0,10948416000.0,10777741000.0,22098400000.0,-6336924000.0,22710366000.0,-1685044000.0,419779000.0,2041632000.0,-3726676000.0,-5367909000.0,AKENR,2025,21726157000.0,26848807000.0,23768568000.0,0.5469609509811378,0.6759248315028299,0.5039278690658454,0.08975247130299172,-0.8253416874343662,-0.04242136649776858,0.14931613205808555,1.0287588215185561,TR,yahoo
,,,,,,,,,,,,,,,AKFGY,2021,,,,,,,,,,,,TR,yahoo
20511689781.0,584080243.0,192028931.0,508292705.0,12816117977.0,419102621.0,3997630129.0,4538314818.0,6423359014.0,946350358.0,2077354373.0,2084504257.0,530099778.0,1547254595.0,1332820424.0,AKFGY,2022,4416732750.0,7695571804.0,,0.21532759110325586,0.37517980654760175,0.09488973970634741,0.1200207954624377,3.9187987982896306,0.1012766083720833,1.1491021556172047,6.724363692791505,TR,yahoo
33756400158.0,7645988069.0,3140765388.0,3059263374.0,22607865747.0,785732692.0,6095143911.0,7209710935.0,10322754504.0,1580810406.0,1993784812.0,2001941668.0,1136585561.0,857199251.0,1048787676.0,AKFGY,2023,6880876603.0,11148534411.0,4416732750.0,0.20383917037342286,0.3302643160650495,0.11419078372331624,0.20120815395306402,1.7541880527197724,0.05906390499780495,2.499290559283504,7.664448078803816,TR,yahoo
40196687651.0,5579986838.0,2236250141.0,1864527342.0,30348388100.0,691599601.0,3765509677.0,4733728980.0,15094253067.0,1592022699.0,3913251418.0,3914308992.0,476485544.0,3436765874.0,1891418137.0,AKFGY,2024,4457109278.0,9848299551.0,6880876603.0,0.11088250148116663,0.24500276332482826,0.15516774614741677,0.0840511796364972,8.212739016485251,0.09735258417250824,2.9927085070335213,8.970391298929037,TR,yahoo
44743375906.0,4856713155.0,1162857035.0,2192341382.0,32674145434.0,857734167.0,4396259233.0,5432410913.0,17094269287.0,1645944913.0,4566259044.0,4567103877.0,397880808.0,4168378236.0,2611965851.0,AKFGY,2025,5253993400.0,12069230472.0,4457109278.0,0.1174250555219158,0.26974340285265647,0.16325375798911357,0.08194348699481437,11.476449610507476,0.10205441479411645,2.2153087994760114,8.414515357696585,TR,yahoo
,,,,,,,,,,,,,,,AKFIS,2021,,,,,,,,,,,,TR,yahoo
45625240000.0,6005194000.0,746118000.0,5389843000.0,16548803000.0,4717503000.0,22581783000.0,27332634000.0,8240117000.0,2127722000.0,3184663000.0,3250228000.0,2390115000.0,794548000.0,2144702000.0,AKFIS,2022,27299286000.0,29076437000.0,,0.5983373676500112,0.6372884175513378,0.17280682725548208,0.08755228982911861,1.3324308662972284,0.0698004657071393,1.1141686316280455,4.993910185022326,TR,yahoo
46190431000.0,6553051000.0,613488000.0,6465663000.0,19288590000.0,4684812000.0,19485795000.0,24209637000.0,11012960000.0,3186220000.0,5830005000.0,5896525000.0,2325074000.0,3504931000.0,2772161000.0,AKFIS,2023,24170607000.0,26901841000.0,27299286000.0,0.5232816944271422,0.5824115605243,0.19382268720020146,0.09034695292644188,2.50744922527197,0.12621672657698302,1.0135157059685913,5.640702099711814,TR,yahoo
57387390000.0,9787652000.0,791490000.0,10086657000.0,27033113000.0,8008630000.0,18936845000.0,26945475000.0,15536805000.0,9788275000.0,6804185000.0,6889373000.0,3362515000.0,3441670000.0,202829000.0,AKFIS,2024,26945475000.0,30354277000.0,24170607000.0,0.46953651316081807,0.5289363569244044,0.29721613740340447,0.13156387846783718,2.023540415433091,0.11856585566968632,0.9703563826944844,5.830296796258814,TR,yahoo
58131819000.0,9671326000.0,1208190000.0,6515281000.0,31682767000.0,4169752000.0,16888574000.0,21058326000.0,17077876000.0,9732579000.0,4959473000.0,5018820000.0,2158613000.0,2800860000.0,1685694000.0,AKFIS,2025,21058326000.0,26449052000.0,26945475000.0,0.3622512827269348,0.4549840767927802,0.1980096613567479,0.0899350865986633,2.2975276253779624,0.08531425792817528,1.48440658200314,6.394952784059489,TR,yahoo
,,,,,,,,,,,,,,,AKFYE,2021,,,,,,,,,,,,TR,yahoo
33705907000.0,2361723000.0,357255000.0,3940110000.0,15201755000.0,2559293000.0,9580518000.0,12551468000.0,11808493000.0,4937829000.0,-114584000.0,743338000.0,1944595000.0,-2059179000.0,-1576407000.0,AKFYE,2022,12139811000.0,18504152000.0,,0.3601686493705688,0.5489884013505407,0.21081819148584768,0.16018330104150716,-0.05892435185732762,-0.003399522819546141,0.5994053465512384,4.9246759863950595,TR,yahoo
49926058000.0,2461093000.0,145641000.0,4536941000.0,29412957000.0,3439747000.0,10379122000.0,14207961000.0,23617237000.0,6299589000.0,6428938000.0,7515835000.0,1485257000.0,4943681000.0,6568281000.0,AKFYE,2023,13818869000.0,20513101000.0,12139811000.0,0.2767867032482316,0.4108696304442862,0.24891668051849974,0.11443239794935643,4.32850207068541,0.12876918902750142,0.5424564701194042,6.890253889737261,TR,yahoo
64946765000.0,3204041000.0,183199000.0,3790350000.0,47408511000.0,2031389000.0,7801349000.0,10582534000.0,31119118000.0,6672075000.0,-43709000.0,1475300000.0,1341507000.0,-1385216000.0,205967000.0,AKFYE,2024,9832738000.0,17538254000.0,13818869000.0,0.1513968863576192,0.2700404554406982,0.20659443992100673,0.1134389726668467,-0.03258201410801435,-0.0006729973386665217,0.8453153402720065,7.58658588579787,TR,yahoo
75563651000.0,3022749000.0,1241307000.0,4684422000.0,55713009000.0,2855236000.0,8977727000.0,12740636000.0,32788373000.0,5795914000.0,1292034000.0,3073699000.0,632835000.0,659199000.0,1949771000.0,AKFYE,2025,11832963000.0,19850642000.0,9832738000.0,0.15659596702123352,0.2627009380475806,0.24129510081287334,0.05841814211319542,2.0416601483799095,0.017098617958520825,0.6452768345806591,7.5821565771007595,TR,yahoo
,,,,,,117833595.0,,,,300996341.0,,6269008.0,,,AKGRT,2021,117833595.0,,,,,,0.05320221283242695,48.01339238999216,,,,TR,yahoo
12837434640.0,,5209698181.0,,1942877079.0,544473125.0,78282082.0,590436035.0,36575039.0,7227436471.0,,,,-127345302.0,-127345302.0,AKGRT,2022,622755207.0,10894557561.0,117833595.0,0.048510876546904856,0.8486553479348425,0.8742971859246133,,,,,,TR,yahoo
21125792308.0,,5326981485.0,,3235515845.0,0.0,,62462376.0,1187181266.0,12629198332.0,,,,1298834977.0,1150606227.0,AKGRT,2023,0.0,17890276463.0,622755207.0,0.0,0.8468452308046803,,,,,,,TR,yahoo
25556410466.0,,7143345821.0,,5091924965.0,0.0,,169844404.0,3084525061.0,18669869486.0,,,,2014421089.0,1856582154.0,AKGRT,2024,0.0,20464485501.0,0.0,0.0,0.8007574275043732,,,,,,,TR,yahoo
34489408604.0,,8735326350.0,,7646155683.0,0.0,,209351607.0,5562631123.0,20022804825.0,,,,2711265461.0,2485797839.0,AKGRT,2025,0.0,26843252921.0,0.0,0.0,0.7783042391131862,,,,,,,TR,yahoo
,,,,,,,,,,,,,,,AKMGY,2021,,,,,,,,,,,,TR,yahoo
5442167902.0,279566681.0,176240537.0,20071970.0,5410164476.0,,,,3766447887.0,436753429.0,-158962256.0,-153524067.0,391065.0,-159353321.0,-159353321.0,AKMGY,2022,,32003426.0,,,0.0058806392188375375,,,-406.48551008144426,-0.029209362677248763,13.928213374173039,183.12472674562406,TR,yahoo
8250899239.0,510662801.0,359486758.0,38946458.0,8200707783.0,,,,5794734574.0,720281212.0,719063052.0,721400087.0,2154087.0,716908965.0,716908965.0,AKMGY,2023,,50191456.0,,,0.006083149793268248,,,333.81337522579173,0.08714965862159162,13.111918958073158,178.05818685561843,TR,yahoo
11334704615.0,871390366.0,667367095.0,35533605.0,9583438599.0,,,0.0,6387612992.0,1025539106.0,1033186258.0,1034194578.0,1577284.0,1031608974.0,686405468.0,AKMGY,2024,0.0,1751266016.0,,0.0,0.15450477762626724,,inf,655.0413609724058,0.09115246432030642,24.522993543717277,11.929361745179747,TR,yahoo
11774093965.0,905285938.0,634421751.0,209682596.0,9589798623.0,,,5283646.0,6436462242.0,1101619742.0,1131984731.0,1149669227.0,2980250.0,1129004481.0,663652679.0,AKMGY,2025,5283646.0,2184295342.0,0.0,0.00044875181187667716,0.18551706386012354,,1.1281035860464534,379.8287831557755,0.09614198208074179,4.317410959562901,10.675611570229254,TR,yahoo
,,,,,,,,,,,,,,,AKSA,2021,,,,,,,,,,,,TR,yahoo
25372757000.0,10614003000.0,2599318000.0,7158954000.0,16018937000.0,2234599000.0,1655017000.0,3998593000.0,8327991000.0,34464528000.0,4415343000.0,5448926000.0,263820000.0,4151523000.0,4563874000.0,AKSA,2022,3889616000.0,9353820000.0,,0.15329891032338347,0.36865603529013424,0.5745037556406597,0.0678267469076639,16.736195133045257,0.17401904727972606,1.482619248566201,8.180892906436569,TR,yahoo
36097130000.0,14110637000.0,4890151000.0,9948059000.0,24161099000.0,3427820000.0,1650606000.0,5195639000.0,12640016000.0,34553569000.0,3967565000.0,5667570000.0,624877000.0,3342688000.0,2385110000.0,AKSA,2023,5078426000.0,11936031000.0,3889616000.0,0.14068780537400064,0.33066426610647437,0.6749768530643157,0.13935639462883873,6.349353552779187,0.1099135859277455,1.4184311733575363,8.012062505393025,TR,yahoo
46640665000.0,16498493000.0,4139334000.0,12993396000.0,31253012000.0,7223586000.0,1130568000.0,8427696000.0,15071144000.0,37122843000.0,3772537000.0,6057096000.0,1233205000.0,2539332000.0,1487755000.0,AKSA,2024,8354154000.0,15387653000.0,5078426000.0,0.1791173860835818,0.32991924536238926,0.8646699593998387,0.18361401904920724,3.0591320988805593,0.0808851460415498,1.269759884175007,7.472550355611585,TR,yahoo
68473459000.0,20701906000.0,4957588000.0,24421489000.0,32724193000.0,18455780000.0,7571951000.0,26183316000.0,16697448000.0,32444223000.0,6353482000.0,10030136000.0,2447862000.0,3905620000.0,4016418000.0,AKSA,2025,26027731000.0,35749266000.0,8354154000.0,0.3801141548873703,0.5220893835668503,0.709081402447259,0.1423925418865196,2.5955229502316715,0.09278751348022304,0.8476922107411223,5.2732930221253875,TR,yahoo
,,,,,,,,,,,,,,,AKSEN,2021,,,,,,,,,,,,TR,yahoo
55203703045.0,18806748271.0,1544461259.0,13155653440.0,29529938061.0,7800051759.0,6237181973.0,14184177326.0,14407593176.0,87101671476.0,9894733836.0,12289983841.0,1737880617.0,8156853219.0,5581565888.0,AKSEN,2022,14037233732.0,25673764984.0,,0.2542806543350429,0.46507323907368503,0.5556687241887696,0.12380506374544709,5.693563608000123,0.17924040037557232,1.429556377170726,7.18456488949068,TR,yahoo
80573109117.0,24675465416.0,1147651114.0,19875543884.0,45810491186.0,11797332763.0,7331120938.0,19404814667.0,26531496852.0,50781705280.0,12480166458.0,14713648408.0,2169261757.0,10310904701.0,7935940468.0,AKSEN,2023,19128453701.0,34762617931.0,14037233732.0,0.2374049346069496,0.4314419328230377,0.6167426257974662,0.13081361641499253,5.753186040240509,0.15489245226813306,1.2414988772138196,7.138839028232433,TR,yahoo
108342312386.0,19390517893.0,1380112996.0,28422249759.0,53201282506.0,17410378733.0,19182193304.0,36867873901.0,34584115266.0,41412051265.0,9934177042.0,12572399748.0,3784210043.0,6149966999.0,2627313791.0,AKSEN,2024,36592572037.0,55141029880.0,19128453701.0,0.3377495941440557,0.5089519382191563,0.47578996948877417,0.13582700579825424,2.6251653394282797,0.09169249597153416,0.6822302265801435,5.373005555430621,TR,yahoo
129590455824.0,19990857936.0,6520055791.0,26237982428.0,59559759570.0,19616693171.0,34450834157.0,54423827157.0,38641935818.0,42385314361.0,9282853611.0,12570007170.0,1766581142.0,7516272469.0,3652368390.0,AKSEN,2025,54067527328.0,70030696254.0,36592572037.0,0.4172184362205689,0.5404001074670994,0.3628183891598291,0.03897152450468197,5.254699821198476,0.07163223211134678,0.7619053023934741,5.280220876396718,TR,yahoo
,,,,,,,,,,,,,,,AKSGY,2021,,,,,,,,,,,,TR,yahoo
23574159761.0,2262975931.0,938735677.0,3069209596.0,16903759440.0,2189203956.0,3573279405.0,5762483361.0,3157613124.0,1701787022.0,4725154499.0,4745131095.0,859103994.0,3866050505.0,3895842441.0,AKSGY,2022,5762483361.0,6670400321.0,,0.2444406680628841,0.2829538947994745,0.37990633878725744,0.1490857222797975,5.500096067531493,0.20043787549183734,0.737315540114713,7.470100021827424,TR,yahoo
34551643370.0,2336067492.0,1135627608.0,2496523733.0,29211677518.0,1269817599.0,2613384716.0,4193122605.0,9521968129.0,3720861035.0,6004342372.0,6033140591.0,1119926466.0,4884415906.0,4848900868.0,AKSGY,2023,3883202315.0,5339965852.0,5762483361.0,0.11238835367152611,0.15455027116413536,0.3270026890164748,0.2322129299291921,5.361371977791977,0.17377877826828242,0.9357281331320715,11.029647104708417,TR,yahoo
48825768619.0,1781134151.0,760177329.0,2589130412.0,41807949791.0,2077283951.0,52031913.0,2362907256.0,16038483308.0,4314654161.0,8910376415.0,8946794793.0,906306779.0,8004069636.0,5249546023.0,AKSGY,2024,2129315864.0,7017818828.0,3883202315.0,0.043610493479695076,0.1437318659079766,0.9755640232246915,0.30147327692595405,9.831523521021793,0.1824933158662581,0.6879275538786572,11.693923711527837,TR,yahoo
54163953981.0,4217408626.0,2479592385.0,1964661185.0,44594948141.0,1020851667.0,1354366890.0,2483675594.0,18730038589.0,4459664950.0,6097590166.0,6135921885.0,312108517.0,5785481649.0,3230026951.0,AKSGY,2025,2375218557.0,9569005840.0,2129315864.0,0.043852384887432615,0.176667416920055,0.42979272959595693,0.13857526120566857,19.53676312524339,0.11257653324458096,2.1466340650487274,10.30004062282207,TR,yahoo
84066037.0,13632476.0,9433142.0,,13241298.0,2276753.0,2365254.0,,-31282326.0,,,,,,,AKSUE,2021,4642007.0,70824739.0,,0.05521857774739637,0.8424893277650284,0.4904673775804302,,,,,,TR,yahoo
129718094.0,10083077.0,2629685.0,51452877.0,15363057.0,2581211.0,472211.0,88410704.0,-28802486.0,33606916.0,8348359.0,11292044.0,6417274.0,1931085.0,2479840.0,AKSUE,2022,3053422.0,114355037.0,4642007.0,0.023538905836837227,0.8815658130160315,0.845350233279252,1.6678144909140218,1.3009198298218216,0.06435770633509308,0.19596721481677304,1.0075783801317124,TR,yahoo
,,,56193089.0,,,,100998235.0,,73627857.0,124141709.0,145948863.0,18261642.0,105880067.0,92078134.0,AKSUE,2023,100998235.0,,3053422.0,,,,0.3510110752008495,6.7979488919999635,,,,TR,yahoo
1094068934.0,53417350.0,36586108.0,47197522.0,798245984.0,3793426.0,2897430.0,58405164.0,-10967777.0,81661779.0,35193651.0,65284495.0,9793241.0,25400410.0,-10967777.0,AKSUE,2024,6690856.0,295822950.0,100998235.0,0.0061155707762743225,0.2703878529101897,0.566956754113375,0.18187990833723353,3.593667407960245,0.032167672352535696,1.1317829355532691,6.3040904648648635,TR,yahoo
1040650601.0,31365991.0,15165145.0,21555084.0,760485515.0,4570947.0,835123.0,18480774.0,-48440430.0,73082701.0,-6197581.0,28302878.0,6377395.0,-12574976.0,-37472653.0,AKSUE,2025,5406070.0,280165086.0,6690856.0,0.00519489441970735,0.2692210870111245,0.8455212381637678,1.0543827415328488,-0.971804475024677,-0.005955486879116308,1.4551551272080405,5.970217693095377,TR,yahoo
,,,,,,,,,,,,,,,AKYHO,2021,,,,,,,,,,,,TR,yahoo
953362055.0,136829817.0,16176693.0,95773418.0,658989611.0,27271875.0,60653692.0,87925567.0,-478313016.0,91391672.0,-192839444.0,-173486056.0,10440872.0,-203280316.0,-162184365.0,AKYHO,2022,87925567.0,294372444.0,,0.09222683715894273,0.3087729813203023,0.3101700214227791,0.1187467122048812,-18.4696684338243,-0.20227304305707866,1.4286826121210376,2.8882066555183457,TR,yahoo
873788616.0,119251491.0,11688286.0,155217403.0,593961976.0,50250341.0,36878149.0,95212506.0,-529561291.0,147480734.0,-81446895.0,-48326154.0,22606920.0,-104053815.0,-65908548.0,AKYHO,2023,87128490.0,279826640.0,87925567.0,0.09971346433746626,0.3202452342317996,0.576738343565922,0.2582850164963615,-3.602741771103715,-0.09321121093662772,0.7682868589162003,2.6066132357183385,TR,yahoo
879152897.0,271721173.0,47229217.0,96276709.0,680530350.0,7211926.0,2997513.0,14262846.0,-878366584.0,152663362.0,-137722646.0,-103613215.0,10491972.0,-148214618.0,-120861010.0,AKYHO,2024,10209439.0,198622547.0,87128490.0,0.011612813919897713,0.22592491895070216,0.7063978735756196,0.21557828706217902,-13.126478606690906,-0.15665380444057161,2.822293946503718,3.846882783234649,TR,yahoo
800621729.0,163007818.0,23760275.0,53806015.0,620368107.0,4003787.0,0.0,5345833.0,-940171783.0,128713717.0,4133279.0,46590021.0,5906671.0,-1773392.0,-49345316.0,AKYHO,2025,4003787.0,180253622.0,10209439.0,0.005000847285272719,0.22514205581847255,1.0,0.8311513515650846,0.6997645543488032,0.0051625865877542275,3.029546380641644,3.9649493092168715,TR,yahoo
,,,,,,,,,,,,,,,ALARK,2021,,,,,,,,,,,,TR,yahoo
51831923975.0,14786673218.0,8384447767.0,12322880517.0,35004659540.0,2537775894.0,186928083.0,2792249428.0,29228421997.0,12271876777.0,16563650493.0,16917327218.0,129950817.0,16433699676.0,16706224701.0,ALARK,2022,2724703977.0,16827264435.0,,0.05256806554806265,0.32465058490046145,0.9313950856394262,0.04769355427119854,127.46091848733818,0.31956464708871535,1.199936427006744,9.731884850940151,TR,yahoo
112176883000.0,29679656000.0,6186978000.0,24880134000.0,77480219000.0,9668301000.0,745021000.0,10748816000.0,68483250000.0,11977992000.0,11074634000.0,11677363000.0,1229309000.0,9845325000.0,9565558000.0,ALARK,2023,10413322000.0,34696664000.0,2724703977.0,0.09282948252359624,0.30930315651576806,0.9284550117628169,0.1871375505197024,9.008828537007375,0.0987247434928282,1.1929057938353547,8.529038170140833,TR,yahoo
122956401000.0,25445225000.0,11435375000.0,24913215000.0,78619876000.0,10308314000.0,9992466000.0,20456874000.0,68719640000.0,9945559000.0,8735436000.0,9713733000.0,4679821000.0,4055615000.0,2794450000.0,ALARK,2024,20300780000.0,44336525000.0,10413322000.0,0.16510551573480098,0.36058736787521944,0.5077792084836149,0.3047343529691996,1.866617547978865,0.07104498772699112,1.0213545301158442,7.439717534991043,TR,yahoo
125613521000.0,21834225000.0,7648788000.0,26537228000.0,74362584000.0,14901644000.0,12728067000.0,27834108000.0,64514852000.0,8669090000.0,6933636000.0,8349339000.0,7964341000.0,-1030705000.0,-1223149000.0,ALARK,2025,27629711000.0,51250937000.0,20300780000.0,0.21995809670839495,0.4080049392135103,0.5393340523901969,0.3323287883698083,0.8705850239209999,0.05519816612735503,0.8227771566796652,6.573151271954291,TR,yahoo
,,,,,,,,,,,,,,,ALBRK,2021,,,,,,,,,,,,TR,yahoo
146963163000.0,,33808925000.0,,8570461000.0,,,17106623000.0,1059352000.0,9739683000.0,,,,2815650000.0,1699161000.0,ALBRK,2022,17106623000.0,138392702000.0,,0.11640075411278403,0.9416829304361121,,,,,,,TR,yahoo
233236983000.0,,63498460000.0,,14064624000.0,,,39920385000.0,2966253000.0,17050713000.0,,,,5838034000.0,3969283000.0,ALBRK,2023,39920385000.0,219172359000.0,17106623000.0,0.1711580405754091,0.9396981395527655,,,,,,,TR,yahoo
311885422000.0,,82677651000.0,,19944229000.0,,,65590430000.0,4210668000.0,16993171000.0,,,,5425086000.0,5159309000.0,ALBRK,2024,65590430000.0,291941193000.0,39920385000.0,0.2103029682483845,0.9360527052784147,,,,,,,TR,yahoo
470998700000.0,,121630878000.0,,28680589000.0,,,141511290000.0,9820591000.0,24889645000.0,,,,15232303000.0,15017440000.0,ALBRK,2025,141511290000.0,442318111000.0,65590430000.0,0.30044942799205177,0.9391068616537582,,,,,,,TR,yahoo
3902903538.0,1210481640.0,183096107.0,1176699709.0,2339135427.0,275788943.0,56278575.0,342522567.0,968527398.0,4239453554.0,1304231533.0,1317080300.0,204254339.0,1099977194.0,777323574.0,ALBTN,2023,332067518.0,1563768111.0,,0.0850821740191315,0.40066788629916683,0.8305206864587099,0.615098821559536,6.385330854587133,0.3341695535904377,1.0287090501863971,7.932011649821186,TR,yahoo
3608892601.0,1303742806.0,151649280.0,1070050270.0,2205439686.0,233911765.0,27714832.0,265359479.0,1115760192.0,3459980391.0,800584778.0,809825537.0,302703124.0,497881654.0,326847069.0,ALBTN,2024,261626597.0,1403452915.0,332067518.0,0.07249498001894128,0.38888741510653785,0.8940672228366752,1.01972755448317,2.6447853177755776,0.22183668690449898,1.2183939788174625,7.823436373414127,TR,yahoo
3870355865.0,1791347674.0,164377032.0,1234944963.0,2272157384.0,426993945.0,10518447.0,438542378.0,1287158196.0,2159687323.0,341275291.0,354334593.0,216799788.0,124475503.0,16504195.0,ALBTN,2025,437512392.0,1598198481.0,261626597.0,0.11304190293106291,0.4129332125380672,0.9759585163932911,0.6201908101566339,1.574149560515253,0.08817672144470881,1.4505485893463255,7.362570947719421,TR,yahoo
,,,,,,,,,,,,,,,ALCAR,2021,,,,,,,,,,,,TR,yahoo
3958763142.0,3540125071.0,888173383.0,1711242574.0,2007167294.0,759759012.0,40506123.0,863353150.0,1324659172.0,4160312244.0,598356368.0,679642734.0,108558004.0,489798364.0,482853004.0,ALCAR,2022,800265135.0,1951595848.0,,0.20215029449720992,0.49298121104917575,0.9493841213012485,0.13565254720237188,5.5118586004952705,0.15114730195697068,2.0687453227189287,9.467061955034957,TR,yahoo
5575507153.0,4301696122.0,536147257.0,3054891429.0,2152842685.0,1382848805.0,186917571.0,1656299564.0,1113767142.0,7890246110.0,-584375114.0,-434782490.0,217706032.0,-802081146.0,-593997807.0,ALCAR,2023,1569766376.0,3422664468.0,800265135.0,0.28154683205013187,0.6138750025920736,0.8809265035499779,0.18371572782012685,-2.6842394242893555,-0.10481111367341116,1.4081338803612191,5.324293798761323,TR,yahoo
7094666237.0,5656604976.0,474256461.0,2482973139.0,3363779480.0,1029688352.0,1043246143.0,2127117833.0,1998325111.0,8543684278.0,1148930083.0,1348257008.0,316893468.0,832036615.0,540489365.0,ALCAR,2024,2072934495.0,3730886757.0,1569766376.0,0.2921821021247289,0.5258720611186378,0.4967298071809066,0.1739881913021345,3.625603551411795,0.16194279542117382,2.2781579418447344,9.137631077806814,TR,yahoo
5954353353.0,4543190538.0,901864254.0,2774243737.0,1895382898.0,1004335580.0,1113967962.0,2216622485.0,444969612.0,7503878673.0,-423003054.0,-211173354.0,276317430.0,-699320484.0,-686246998.0,ALCAR,2025,2118303542.0,4058970455.0,2072934495.0,0.35575711020454115,0.6816811523210924,0.4741225986204767,0.13185480164127455,-1.530859106499362,-0.07104097270056657,1.637632078756316,5.455409564673189,TR,yahoo
,,,,,,,,,,,,,,,ALCTL,2021,,,,,,,,,,,,TR,yahoo
2299102079.0,2150367730.0,608894157.0,832169193.0,1306664124.0,,,17382276.0,368263780.0,2281118603.0,391211683.0,418170022.0,3004761.0,388206922.0,235946985.0,ALCTL,2022,17382276.0,992437955.0,,0.007560462912355967,0.431663284577457,,0.1728634961267443,130.19727126383762,0.17015846602607504,2.5840511137498936,10.05929397367308,TR,yahoo
3056767453.0,2986149517.0,1268996244.0,889662006.0,1956690692.0,,,26929820.0,224837861.0,2556691865.0,210493888.0,233277655.0,5575721.0,204918167.0,-143425919.0,ALCTL,2023,26929820.0,1100076761.0,17382276.0,0.008809901444602957,0.3598823848769892,,0.2516568388008547,37.75186886144411,0.06886159684584943,3.3564988690772526,10.31933988845457,TR,yahoo
4311405802.0,4103764387.0,1160697652.0,1510757855.0,2464361834.0,,,139519569.0,481236732.0,4541217536.0,313547397.0,343021099.0,0.0,313547397.0,256398871.0,ALCTL,2024,139519569.0,1847043968.0,26929820.0,0.03236057457993837,0.42840874944854007,,0.0,inf,0.07272509510808511,2.7163614429792258,9.448899734324048,TR,yahoo
5610752735.0,5472158461.0,1719553076.0,1964905988.0,3306939847.0,,,152351106.0,414380377.0,5393299774.0,278726640.0,386386667.0,23465137.0,255261503.0,-66856355.0,ALCTL,2025,152351106.0,2303812888.0,139519569.0,0.027153416519254257,0.4106067397389951,,0.1607913299272015,11.87832996670763,0.049677227488799686,2.7849467070787917,9.432410606507194,TR,yahoo
,,,,,,,,,,,,,,,ALFAS,2021,,,,,,,,,,,,TR,yahoo
3420240235.0,2797217384.0,1351062982.0,1749913391.0,1665679928.0,26416990.0,376378.0,27826538.0,967354756.0,4179599529.0,705378980.0,718729749.0,-25295838.0,730674818.0,816015003.0,ALFAS,2022,26793368.0,1754560307.0,,0.007833767852274857,0.5129932947531681,0.9859525685609961,0.9441081837863758,27.885179372195537,0.20623667682220573,1.598489044307222,8.563477171223742,TR,yahoo
7327097474.0,5408006605.0,1486534711.0,3142435618.0,3944683155.0,265398552.0,150783692.0,416182244.0,2407879332.0,11164841259.0,1701649817.0,1741196653.0,-81427089.0,1783076906.0,1500316362.0,ALFAS,2023,416182244.0,3382414319.0,26793368.0,0.0568004241074738,0.4616308614703711,0.6376979215864865,0.3676368937439382,20.89783434355611,0.23224064140517534,1.72096019215882,9.134905603232667,TR,yahoo
9479828365.0,5013711283.0,1170596675.0,3697458996.0,4969729076.0,1162613442.0,561741709.0,1725528758.0,2610771692.0,10076473974.0,632337310.0,763964039.0,170840275.0,461497035.0,260744406.0,ALFAS,2024,1724355151.0,4510099289.0,416182244.0,0.18189729651292058,0.47575748371684784,0.6742308516466397,0.15962372383594822,3.701336292042377,0.06670345555354366,1.3559883391334302,6.663908147146679,TR,yahoo
11896218104.0,5311302919.0,975127113.0,4428148848.0,5286209835.0,2029151441.0,1098743408.0,3570781594.0,2516191383.0,8236540064.0,392794985.0,608798249.0,251578739.0,141216246.0,-10754513.0,ALFAS,2025,3127894849.0,6610008269.0,1724355151.0,0.2629318680655554,0.5556394655186628,0.648727511300045,0.10369570364264001,1.5613202711855552,0.033018475415134335,1.1994409179354668,5.48813017602661,TR,yahoo
,,,,,,,,,,,,,,,ALGYO,2021,,,,,,,,,,,,TR,yahoo
10098747654.0,859776784.0,370189307.0,105433697.0,9675615751.0,19609735.0,186928083.0,210288892.0,8373045983.0,297110097.0,1264630873.0,1265881160.0,1998819.0,1262632054.0,1243493208.0,ALGYO,2022,206537818.0,423131903.0,,0.02045182482782335,0.04189944312871331,0.09494500905398352,0.00967773853406353,632.6890393777526,0.1252265049418374,8.154667895217598,31.29445363906418,TR,yahoo
21928313272.0,3449190199.0,327729879.0,488788498.0,20326756469.0,299295344.0,913863324.0,1213158668.0,18282128570.0,472806786.0,1879792191.0,1881441967.0,8965690.0,1870826501.0,1861594885.0,ALGYO,2023,1213158668.0,1601556803.0,206537818.0,0.05532384789253571,0.07303602347951717,0.24670750157802113,0.012630432051375803,209.66508891117135,0.08572443159138392,7.056610810428686,20.75609460192893,TR,yahoo
23583541234.0,2440799241.0,455063635.0,731538215.0,17438530033.0,615516282.0,1501835219.0,2117351501.0,15463024655.0,484409921.0,1498038953.0,1499930651.0,297103386.0,1200935567.0,704352496.0,ALGYO,2024,2117351501.0,6145011201.0,1213158668.0,0.08978089761801546,0.2605635489610373,0.29070103934528535,0.17841313848274876,5.042147022181699,0.06352052637626372,3.336530055371065,9.269518039565009,TR,yahoo
24241859104.0,787856597.0,141121119.0,2148877523.0,15556990451.0,1690382967.0,2503610482.0,4193993449.0,13423881252.0,554616277.0,-1663763875.0,-1662118578.0,286710136.0,-1950474011.0,-2032343878.0,ALGYO,2025,4193993449.0,8684868653.0,2117351501.0,0.17300626288633014,0.35825918366000914,0.4030485472987681,0.09085547954402334,-5.802947528161335,-0.06863185978692007,0.3666363431919056,6.106550603056815,TR,yahoo
,,,,,,,,,,,,,,,ALKA,2021,,,,,,,,,,,,TR,yahoo
1744939275.0,1391453896.0,273688418.0,358607845.0,1320952291.0,,,,-413984220.0,3544912195.0,748535753.0,786772002.0,4454194.0,744081559.0,481530021.0,ALKA,2022,,423986984.0,,,0.24298093926506412,,,168.0518973803117,0.428975244998139,3.8801546463658654,12.513536171445722,TR,yahoo
2448393740.0,1692669860.0,643304363.0,588783971.0,1821382667.0,0.0,0.0,0.0,-740221664.0,3450208376.0,290172427.0,337118366.0,896384.0,289276043.0,130736990.0,ALKA,2023,0.0,627011073.0,,0.0,0.25609078423799597,,inf,323.71442038233613,0.11851542595432384,2.8748572368998815,9.068587847982592,TR,yahoo
3182183126.0,1538834487.0,530678924.0,815973024.0,2194918049.0,46508654.0,121819075.0,168327729.0,-184175010.0,3568839689.0,-170683519.0,-115932196.0,6632924.0,-177316443.0,-184175010.0,ALKA,2024,168327729.0,987265077.0,0.0,0.0528969334368848,0.3102477255106908,0.27629823247956964,0.07880964163664324,-25.732771700685852,-0.0536372396690284,1.8858889224749664,6.525434082292242,TR,yahoo
3263624894.0,1011570367.0,16853514.0,955245687.0,2079618839.0,167053105.0,76341846.0,243394951.0,-291876140.0,2885759274.0,36067146.0,87062909.0,31023538.0,5043608.0,-107701130.0,ALKA,2025,243394951.0,1184006055.0,168327729.0,0.07457810223456397,0.3627886455875281,0.6863458108463392,0.15070113698861573,1.1625735917031772,0.01105125349004033,1.0589635533209165,4.990174182856436,TR,yahoo
,,,,,,,,,,,,,,,ALKIM,2021,,,,,,,,,,,,TR,yahoo
3674064599.0,2303956948.0,389608507.0,662361098.0,2525343216.0,56549156.0,53756888.0,110306044.0,689088135.0,5365803733.0,721710154.0,873293647.0,10559407.0,711150747.0,198819968.0,ALKIM,2022,110306044.0,1148721383.0,,0.030022891821233327,0.31265682789373295,0.5126569129793106,0.09572827215161483,68.3476026636723,0.1964337138210454,3.478400158096241,10.420828028443118,TR,yahoo
5118859900.0,2852836174.0,774057002.0,1079391134.0,3703969116.0,133600193.0,0.0,133600193.0,784999044.0,5813154309.0,331801303.0,532485432.0,12586769.0,319214534.0,391366114.0,ALKIM,2023,133600193.0,1414890784.0,110306044.0,0.026099599444009008,0.2764074054849596,1.0,0.10320989864642124,26.36111801209667,0.06481937569731104,2.643005009155467,9.20699415745029,TR,yahoo
6370749759.0,2981392416.0,635521227.0,1182326065.0,4673422123.0,46508654.0,121819075.0,168327729.0,1923686195.0,6136653600.0,-55252889.0,212533686.0,11219381.0,-66472270.0,-178624826.0,ALKIM,2024,168327729.0,1697327636.0,133600193.0,0.02642196528943902,0.26642509911838463,0.27629823247956964,0.07431827388259904,-4.924771607274947,-0.008672902105744128,2.5216329947018465,8.919674456554814,TR,yahoo
6282084084.0,2518715935.0,270954041.0,1447899862.0,4254475681.0,167053105.0,76341846.0,243394951.0,1515160389.0,5099297532.0,-122843145.0,143278868.0,31139859.0,-153983004.0,-408293249.0,ALKIM,2025,243394951.0,2027608403.0,168327729.0,0.038744300099374476,0.32276046864195396,0.6863458108463392,0.15126618237304781,-3.9448844325210337,-0.01955452097702295,1.7395650079839569,7.226239874791716,TR,yahoo
,,,,,,,,,,,,,,,ALKLC,2021,,,,,,,,,,,,TR,yahoo
1482913640.0,836912266.0,946845.0,806995408.0,531809045.0,187031346.0,12633576.0,199664922.0,75649839.0,1550000000.0,86900000.0,86900000.0,60500000.0,26400000.0,4300000.0,ALKLC,2022,199664922.0,951104595.0,,0.13464366138003828,0.6413755793628009,0.9367261115600466,0.3030076559967804,1.4363636363636363,0.05860085014795602,1.0370719061142415,4.529554620743675,TR,yahoo
2826632967.0,1576911100.0,23267787.0,1646694348.0,955978998.0,721596999.0,27696399.0,749424078.0,185392730.0,2681012519.0,131415991.0,182390425.0,115270563.0,16145428.0,79906884.0,ALKLC,2023,749293398.0,1870653969.0,199664922.0,0.2650833718943178,0.6617958506956025,0.9630366434911521,0.24294125583935025,1.1400654909614696,0.046492060530757974,0.9576222217044982,4.15088324489734,TR,yahoo
5211494791.0,2872881425.0,79314452.0,2383819224.0,2450184654.0,1438594279.0,27979272.0,1479402530.0,251411411.0,4236696410.0,555657149.0,647239780.0,406819020.0,148838129.0,30218197.0,ALKLC,2024,1466573551.0,2761310137.0,749293398.0,0.281411305165785,0.529849927465849,0.9809220124139549,0.36718722681756105,1.3658583342538901,0.10662145339943409,1.2051590976682216,5.67106728707118,TR,yahoo
6351672942.0,3536808218.0,21949298.0,3226569772.0,2649852051.0,1897097191.0,74694937.0,2016482924.0,119438557.0,4974646047.0,797213297.0,904983551.0,778827012.0,18386285.0,-121746718.0,ALKLC,2025,1971792128.0,3701820891.0,1466573551.0,0.31043665912985857,0.5828103752827014,0.9621182497184612,0.45302162987301037,1.023607662185194,0.12551233419600086,1.0961511660749546,5.22677383025623,TR,yahoo
,,,,,,,,,,,,,,,ALTNY,2021,,,,,,,,,,,,TR,yahoo
1556937882.0,476102073.0,40793441.0,355102655.0,939792324.0,52181382.0,7256365.0,61357878.0,299175717.0,588722121.0,161702569.0,164896733.0,7279852.0,154422717.0,33138402.0,ALTNY,2022,59437747.0,617145558.0,,0.03817605550431331,0.39638418792099245,0.8779165536001895,0.12247859933183537,22.212342915762573,0.10385935808324047,1.340744898119672,6.683129047549479,TR,yahoo
3639570001.0,1254459462.0,129956647.0,1007592464.0,1842317785.0,182947992.0,172416208.0,409194455.0,747386982.0,1710613755.0,387342377.0,474427725.0,17369235.0,369973142.0,582102982.0,ALTNY,2023,355364200.0,1797252216.0,59437747.0,0.09763906173046842,0.4938089432285108,0.5148182962718247,0.08374712378097877,22.300485715116412,0.1064253131258843,1.2450067927463182,6.155904417505778,TR,yahoo
8344062382.0,4484871172.0,831533056.0,2626608714.0,4455402737.0,653970517.0,189835178.0,987110980.0,1353026311.0,2312610207.0,1077045224.0,1267789546.0,115576015.0,961469209.0,398477731.0,ALTNY,2024,843805695.0,3888659645.0,355364200.0,0.10112648448317893,0.4660391386081562,0.7750250097565412,0.1927600342235076,9.318933725133196,0.12907923918730838,1.7074759358313771,7.310008704062182,TR,yahoo
9661842351.0,4831300942.0,311850047.0,3690285913.0,4622335767.0,1498013058.0,140641679.0,1943591324.0,1479283597.0,3139850323.0,420703456.0,694359035.0,138299241.0,282404215.0,163432188.0,ALTNY,2025,1638654737.0,5039506584.0,843805695.0,0.16960064938654265,0.5215885750276614,0.9141724758581649,0.1114211040121827,3.0419795000899534,0.04354277794197886,1.3091942076846879,5.7795161436263625,TR,yahoo
,,,,,,,,,,,,,,,ALVES,2021,,,,,,,,,,,,TR,yahoo
774040334.0,519601849.0,16030015.0,533244263.0,196374494.0,237280784.0,25613030.0,268657176.0,54182910.0,808564277.0,86984039.0,88020977.0,46704306.0,40279733.0,43968970.0,ALVES,2022,262893814.0,577665840.0,,0.33963839150531916,0.7462994040824751,0.9025727170590633,0.17765464043973284,1.862441527340113,0.11237662325746452,0.9744162010796917,4.474693702389797,TR,yahoo
2569249258.0,1588653410.0,44209174.0,1429001596.0,959950795.0,1067215896.0,49337114.0,1147813463.0,454213448.0,4625807762.0,698740174.0,761790655.0,203171082.0,495569092.0,420936386.0,ALVES,2023,1116553010.0,1609298463.0,262893814.0,0.4345833735373604,0.6263691457685729,0.955813012406818,0.2945689220710403,3.4391713974334204,0.2719627812771757,1.1117226281950212,6.687882824261557,TR,yahoo
5151243015.0,3065578502.0,136256428.0,2409295644.0,2614819416.0,1350487182.0,70298235.0,1465670501.0,677436346.0,7062074678.0,697388298.0,861136203.0,571322802.0,126065496.0,136122678.0,ALVES,2024,1420785417.0,2536423599.0,1116553010.0,0.2758140924166825,0.49239059225397463,0.9505215677477635,0.45033236080809175,1.2206554605534543,0.13538252727919498,1.2723961501505126,6.506706768364102,TR,yahoo
8053940492.0,6037788002.0,235918474.0,5220115850.0,2716443714.0,3278615432.0,29866125.0,3457714996.0,780332214.0,9665356715.0,1660306754.0,1865605262.0,1333789451.0,326517303.0,102895868.0,ALVES,2025,3308481557.0,5337496778.0,1420785417.0,0.41079041498833063,0.6627186758210778,0.9909728603634468,0.5640575836943648,1.2448042325984778,0.2061483761457124,1.1566386983537922,6.1515560955035555,TR,yahoo
,,,,,,,,,,,,,,,ANELE,2021,,,,,,,,,,,,TR,yahoo
9040949123.0,4673490956.0,206994356.0,5894591347.0,1980574348.0,1567661448.0,102010057.0,1669671505.0,-1353611562.0,4294733058.0,274906727.0,288334671.0,125615064.0,149291663.0,224603018.0,ANELE,2022,1669671505.0,7060374775.0,,0.18467878563240533,0.7809329174343591,0.9389041157529966,0.07523339987766037,2.188485347585382,0.030406843712972854,0.7928439277437835,2.3747770326958175,TR,yahoo
13041674279.0,7051501193.0,49990572.0,7372952481.0,3030439183.0,936794796.0,1327127992.0,2263922788.0,-1632973524.0,3045809858.0,686325684.0,699522230.0,288077856.0,398247828.0,321354218.0,ANELE,2023,2263922788.0,10011235096.0,1669671505.0,0.17359142235636263,0.7676341918859543,0.4137927322281099,0.14647054807489776,2.382431241087826,0.0526255808355172,0.956401280378739,3.3516010206899507,TR,yahoo
13162706770.0,8693199624.0,52167531.0,8519526010.0,3139995000.0,1265338189.0,1067136210.0,2332474399.0,-2345327925.0,5651488557.0,282880947.0,297143717.0,196815238.0,86065709.0,-207890859.0,ANELE,2024,2332474399.0,10022711770.0,2263922788.0,0.17720324852302397,0.7614476220683901,0.542487492914172,0.08563891673968166,1.437291898099882,0.021491092367470554,1.0203853610865377,3.2290615536525062,TR,yahoo
12397771274.0,8679962467.0,79231717.0,9180721055.0,2397871106.0,1322100414.0,626024047.0,1948124461.0,-2824253713.0,7994646722.0,-482653627.0,-461857719.0,250034983.0,-732688610.0,-478925788.0,ANELE,2025,1948124461.0,9999900168.0,2332474399.0,0.15713505419199914,0.8065885349063748,0.6786529508085675,0.11682243124271635,-1.9303443910486717,-0.03893067683965082,0.9454554184796545,2.2325608704560618,TR,yahoo
,,,,,,,,,,,,,,,ANGEN,2021,,,,,,,,,,,,TR,yahoo
1650190584.0,1093130301.0,487793245.0,26084325.0,1507679335.0,2073137.0,484561.0,21953344.0,274810602.0,468380164.0,49307289.0,108946064.0,3485720.0,45821569.0,-21064321.0,ANGEN,2022,2557698.0,142511249.0,,0.0015499409733633531,0.08636047883303156,0.810548000584901,1.362834861660759,14.145510540146656,0.029879754179957193,41.90755562967414,19.34385379452833,TR,yahoo
1953639918.0,1053568353.0,435637009.0,67113547.0,1751677031.0,10924993.0,0.0,35264931.0,-119738620.0,343918384.0,-206079115.0,-119633846.0,4872155.0,-210951270.0,-197323031.0,ANGEN,2023,10924993.0,201962887.0,2557698.0,0.005592122120019048,0.10337774384071528,1.0,0.7227273843181602,-42.297323258393874,-0.10548469710373722,15.698296396106139,14.760614698820188,TR,yahoo
2338693481.0,992386937.0,268360623.0,114586240.0,2030618444.0,1748377.0,0.0,25244405.0,-443220752.0,693509057.0,-216598346.0,-73258914.0,4265581.0,-220863927.0,-286492084.0,ANGEN,2024,1748377.0,308075037.0,10924993.0,0.0007475870669688672,0.1317295487856196,1.0,0.6731565479426546,-50.77815800473605,-0.09261510657967238,8.660611754081467,11.392897549080207,TR,yahoo
2362952225.0,724426667.0,102732824.0,256520032.0,1737799181.0,93553715.0,184149485.0,295848157.0,-755946602.0,739628622.0,-247494126.0,-99753502.0,24864435.0,-272358561.0,-312725850.0,ANGEN,2025,277703200.0,625153044.0,1748377.0,0.11752383186672341,0.2645644026933299,0.33688382056814614,0.17795165278312242,-9.953740191562769,-0.10473936941319244,2.8240549533379133,5.721009517494698,TR,yahoo
,,,,,,,,,,,,,,,ANHYT,2021,,,,,,,,,,,,TR,yahoo
90659179398.0,,1302431886.0,,3466206841.0,0.0,,80187038.0,1441240190.0,7895914169.0,,,,1728946577.0,1391751856.0,ANHYT,2022,0.0,87192972557.0,,0.0,0.9617666201699983,,,,,,,TR,yahoo
162865081357.0,,1691370880.0,,6449457562.0,0.0,,108336168.0,2944909505.0,16620767219.0,,,,3706623348.0,2853815200.0,ANHYT,2023,0.0,156415623795.0,0.0,0.0,0.9603999979107689,,,,,,,TR,yahoo
260339161440.0,,3185598756.0,,10071525906.0,0.0,,242256826.0,4492095650.0,23265188623.0,,,,5737349287.0,4305802455.0,ANHYT,2024,0.0,250267635534.0,0.0,0.0,0.9613138267393506,,,,,,,TR,yahoo
443673308407.0,,8218245096.0,,13657246469.0,0.0,,305595422.0,6313348010.0,37413519819.0,,,,8145264893.0,5994213205.0,ANHYT,2025,0.0,430016061938.0,0.0,0.0,0.9692177865780656,,,,,,,TR,yahoo
,,,,,,,,,,,,,,,ANSGR,2021,,,,,,,,,,,,TR,yahoo
29414397226.0,,9253297690.0,,4756818270.0,0.0,,81039521.0,1448832825.0,16954881418.0,1747780379.0,,147446233.0,1600334146.0,1323551677.0,ANSGR,2022,0.0,24657578956.0,,0.0,0.8382826534417184,,inf,11.853679429029564,0.05941921452856088,,,TR,yahoo
56381517782.0,,11302917518.0,,12217135544.0,0.0,,114448918.0,6913702710.0,37192712487.0,8583575796.0,,538930185.0,8044645611.0,6380159747.0,ANSGR,2023,0.0,44164382238.0,0.0,0.0,0.7833131135057815,,inf,15.92706446012112,0.15224094940452876,,,TR,yahoo
89267931589.0,,24337623292.0,,23726137445.0,0.0,,208444793.0,12191430124.0,60564027468.0,15946684724.0,,1149041755.0,14797642969.0,11538847383.0,ANSGR,2024,0.0,65541794144.0,0.0,0.0,0.7342143250922637,,inf,13.878246508108838,0.178638447650164,,,TR,yahoo
128693250391.0,,34039827544.0,,35553399346.0,0.0,,127318738.0,14410396357.0,90932580637.0,18488251547.0,,1402596103.0,17085655444.0,13431245293.0,ANSGR,2025,0.0,93139851045.0,0.0,0.0,0.7237353222645282,,inf,13.181450816422238,0.1436613924260083,,,TR,yahoo
,,,,,,,,,,,,,,,ARCLK,2021,,,,,,,,,,,,TR,yahoo
232422279000.0,153998056000.0,40417510000.0,130880266000.0,52789229000.0,57060372000.0,23918094000.0,84757777000.0,13433618000.0,257172030000.0,15495203000.0,23558023000.0,8256042000.0,7239161000.0,6285498000.0,ARCLK,2022,80978466000.0,179633050000.0,,0.3484109455789305,0.7728736280053428,0.704636365919799,0.10195354898424477,1.8768319008067063,0.06666832055286748,1.1766331220628785,4.847487667313189,TR,yahoo
372696385000.0,247352536000.0,70444978000.0,198955558000.0,81233331000.0,81573919000.0,60059442000.0,147135765000.0,42697900000.0,371203268000.0,30983254000.0,43565946000.0,12212483000.0,18770771000.0,19505482000.0,ARCLK,2023,141633361000.0,291463054000.0,80978466000.0,0.3800234365031472,0.7820388544954628,0.57595130429758,0.10971998356583273,2.537015118055845,0.08313269258031575,1.2432552198416091,5.3266347500803315,TR,yahoo
520592827000.0,300353563000.0,66514006000.0,289582799000.0,87921437000.0,78305798000.0,90717442000.0,180687772000.0,58099144000.0,560936754000.0,25782210000.0,47444882000.0,27890116000.0,-2107906000.0,2210878000.0,ARCLK,2024,169023240000.0,432671390000.0,141633361000.0,0.3246745464666189,0.8311128535776003,0.46328420872774656,0.17955592065465237,0.924421038621711,0.049524712333387566,1.037194073809612,4.295717166848772,TR,yahoo
543531612000.0,330746728000.0,97829154000.0,340655670000.0,70390640000.0,144686174000.0,80138868000.0,235898407000.0,58723829000.0,523933321000.0,27651138000.0,50902497000.0,32387710000.0,-4736572000.0,-8355688000.0,ARCLK,2025,224825042000.0,473140972000.0,169023240000.0,0.41363747211082175,0.8704939355026879,0.6435500810447975,0.1644679511386062,0.8537540320078203,0.050873099907204664,0.9709121471543392,3.9807002529265416,TR,yahoo
,,,,,,,,,,,,,,,ARDYZ,2021,,,,,,,,,,,,TR,yahoo
1808614876.0,930374802.0,40610060.0,415392400.0,1293800916.0,96152869.0,11862582.0,108015451.0,747449380.0,989046072.0,350101732.0,431153594.0,22393657.0,327708075.0,279286641.0,ARDYZ,2022,108015451.0,514813960.0,,0.05972274829392701,0.2846454305067874,0.890176989586425,0.207319015869313,15.63396867246828,0.19357450646115332,2.239749215440629,10.404771242055322,TR,yahoo
3366603404.0,1473524984.0,21417638.0,578657581.0,2479200325.0,385249334.0,102911382.0,488160716.0,1687580502.0,1646787768.0,800046466.0,1008556763.0,160875974.0,639170492.0,618516232.0,ARDYZ,2023,488160716.0,887403079.0,108015451.0,0.14500095717244157,0.26359002606176896,0.7891854493264878,0.5396927381701255,4.973063696882419,0.23764202966391346,2.5464541248272354,11.15825170790445,TR,yahoo
5313490950.0,1385743235.0,63948317.0,1178502105.0,3723670621.0,730665711.0,126982180.0,857647891.0,2628008117.0,2725254744.0,977184440.0,1464320440.0,493552496.0,483631944.0,488504326.0,ARDYZ,2024,857647891.0,1589820329.0,488160716.0,0.1614094950138195,0.2992044860827325,0.8519413603968158,0.7334661012462971,1.9798997025029734,0.18390629610463533,1.1758513023614836,8.813383172928091,TR,yahoo
8515000547.0,3275579663.0,182933333.0,3150574954.0,5049378101.0,1616776005.0,4554839.0,1621330844.0,3807100945.0,4224605448.0,1380533307.0,2122012085.0,769681310.0,610851997.0,541848691.0,ARDYZ,2025,1621330844.0,3465622446.0,857647891.0,0.19040877743351717,0.40700202270932395,0.9971906788692413,0.6209664481046869,1.7936427571562052,0.16212956175163004,1.0396767925934576,7.423217603405023,TR,yahoo
3968049283.0,3713690372.0,494692487.0,2950329098.0,814473402.0,851850736.0,166831015.0,1047449267.0,145491653.0,6070637396.0,197497420.0,212235056.0,88013304.0,109484116.0,67149241.0,ARENA,2021,1018681751.0,3153575881.0,,0.25672104309900023,0.7947421153539136,0.8362285229550559,0.08639921537182814,2.2439496192530166,0.0497719171095285,1.2587376691357839,5.237173921589836,TR,yahoo
7055432766.0,6763053292.0,1195143267.0,5891014604.0,984146509.0,1558315221.0,117723400.0,1702039260.0,224321626.0,17259428754.0,626845139.0,666871758.0,448385498.0,178459641.0,109508802.0,ARENA,2022,1676038621.0,6071286257.0,1018681751.0,0.23755291512050106,0.8605122404762209,0.9297609264339262,0.33278814578242255,1.3980049350302584,0.08884573913321875,1.1480286073994597,4.931699901617426,TR,yahoo
11568325592.0,10943379057.0,1079671960.0,9893396962.0,1506376558.0,2895931059.0,62472009.0,3033912703.0,436504445.0,27620789166.0,1150169654.0,1238350735.0,974871262.0,175298392.0,228902979.0,ARENA,2023,2958403068.0,10061949034.0,1676038621.0,0.25573303971024675,0.8697843913520446,0.9788831989542812,0.4207071001945667,1.1798169654117878,0.09942403892879643,1.106129583097992,4.793742723153661,TR,yahoo
11242510435.0,10257276871.0,902537623.0,10059886786.0,1120830896.0,4133916806.0,1299950.0,4196580892.0,145702256.0,33184981340.0,665873755.0,840090119.0,1332367489.0,-666493734.0,-290802189.0,ARENA,2024,4135216756.0,10121679539.0,2958403068.0,0.3678196947121624,0.9003042156393605,0.9996856392115083,0.3756523529756054,0.4997673393395146,0.05922820875727299,1.01962150163307,3.9217124418432063,TR,yahoo
717540389.0,256685836.0,33964000.0,78622485.0,444618986.0,45782369.0,94004515.0,139800578.0,105105428.0,91490241.0,21885128.0,21885128.0,10864183.0,11020945.0,5006773.0,ARFYE,2022,139786884.0,272921403.0,,0.19481395910662808,0.3803568512433939,0.3275154842138122,0.07771961638403786,2.014429248844575,0.030500203661706353,3.264789150330214,7.270968316471218,TR,yahoo
1503567721.0,585087816.0,19211273.0,131401553.0,988138579.0,65362901.0,113951269.0,181476318.0,206299132.0,272826274.0,136648600.0,136648600.0,24351656.0,112296944.0,101193704.0,ARFYE,2023,179314170.0,515429142.0,139786884.0,0.11925912447810523,0.34280407513483724,0.3645160948518458,0.15262660962567676,5.61147052997135,0.09088290343790907,4.452670479472948,8.30041336422989,TR,yahoo
1811726849.0,697030114.0,1463492.0,201990763.0,1207585365.0,140510112.0,99559996.0,241650930.0,214267367.0,143646365.0,58476690.0,69730481.0,68687704.0,-10211014.0,7968235.0,ARFYE,2024,240070108.0,604141484.0,179314170.0,0.13250899722135762,0.3334616828874958,0.5852878276707403,0.3275645159020482,0.8513414569804226,0.032276769554017905,3.4508019260266867,7.743703286189637,TR,yahoo
,,,,,,,,,,,,,,,ARMGD,2021,,,,,,,,,,,,TR,yahoo
5451010297.0,3582097510.0,662931910.0,3347619214.0,1410974754.0,2517878806.0,612441074.0,3272685278.0,514688429.0,7790529073.0,422819008.0,446818648.0,422691663.0,127345.0,18937718.0,ARMGD,2022,3130319880.0,4040035543.0,,0.5742641656213331,0.7411535335428481,0.8043519200983383,0.13503145978806486,1.000301271615097,0.07756709031217594,1.070043299733552,4.7279550867644256,TR,yahoo
5871611626.0,3612923340.0,565547823.0,3285392123.0,1654326850.0,1840074767.0,889319934.0,2825871703.0,568800678.0,6263841590.0,593911632.0,602224731.0,165958785.0,427952847.0,465252767.0,ARMGD,2023,2729394701.0,4217284776.0,3130319880.0,0.46484591877875675,0.7182499532710067,0.6741695388819472,0.05664398246908402,3.578669438921236,0.10114967913921764,1.0996931887390418,5.023349485499065,TR,yahoo
13217688900.0,9352236881.0,694573323.0,6005464839.0,5499327264.0,4428164430.0,1487550103.0,5984780031.0,1849627604.0,9889037617.0,2112507354.0,2211109767.0,779585881.0,1332921473.0,1058421462.0,ARMGD,2024,5915714533.0,7718361636.0,2729394701.0,0.4475604304017172,0.5839418444778194,0.7485426156549803,0.1803530435298604,2.70978144356619,0.15982426050290835,1.5572877590200473,7.189352347664542,TR,yahoo
14748116288.0,9950320237.0,260405625.0,6845869737.0,6004341573.0,5792512411.0,1173925218.0,7365743889.0,2534793093.0,12155054722.0,1746104899.0,1913386330.0,629341332.0,1116763567.0,689586653.0,ARMGD,2025,6966437629.0,8743774715.0,5915714533.0,0.4723611811135727,0.5928740012793694,0.831488447824012,0.09770748304874742,2.774495826376139,0.1183951133081817,1.4534778807170867,6.707820485030305,TR,yahoo
,,,,,,,,,,,,,,,ARSAN,2021,,,,,,,,,,,,TR,yahoo
4063679879.0,853574581.0,157838295.0,444178473.0,3289125675.0,246639160.0,17133256.0,295058350.0,2149378917.0,2047115117.0,66698160.0,148119280.0,37927271.0,28770889.0,270380730.0,ARSAN,2022,263772416.0,774554204.0,,0.06490974285723258,0.190604138874887,0.9350453081492797,0.14378785915203507,1.7585805211242327,0.016413241688814632,1.9216928169321703,10.204277981648307,TR,yahoo
7378256638.0,2026909554.0,1277515183.0,271411392.0,5977665508.0,173048321.0,15966916.0,210439816.0,3745336765.0,529272445.0,1486639344.0,1588257124.0,46678666.0,1439960678.0,742960605.0,ARSAN,2023,189015237.0,1400591130.0,263772416.0,0.025617872388244242,0.1898268383328631,0.9155257731946763,0.20618347559048833,31.848368245999147,0.20148924291185655,7.468034186273213,12.301011244213683,TR,yahoo
10298442077.0,3016851136.0,2643877378.0,180050642.0,8852010937.0,62597642.0,1308923.0,64859050.0,5955223744.0,148840170.0,1141804751.0,1201560653.0,22828878.0,1118975873.0,930080319.0,ARSAN,2024,63906565.0,1446431140.0,189015237.0,0.006205459478451169,0.1404514517035915,0.9795181762624857,0.18052123478070112,50.015806777713735,0.11087160004036405,16.755570002355228,14.113104611728794,TR,yahoo
12865529716.0,2261532726.0,1685826914.0,105955390.0,10621110125.0,16263875.0,19109946.0,37629824.0,6735526522.0,136396982.0,-199145345.0,-108038684.0,13206813.0,-212352158.0,-387720178.0,ARSAN,2025,35373821.0,2244419591.0,63906565.0,0.002749503656736958,0.17445217107607822,0.45977150729631383,0.2660507987952424,-15.078985747734901,-0.015478985272742888,21.3441970814321,10.920646265578625,TR,yahoo
,,,,,,,,,,,,,,,ARTMS,2021,,,,,,,,,,,,TR,yahoo
660955338.0,476328914.0,5412534.0,377154111.0,272076839.0,131664586.0,10169467.0,141875142.0,111657654.0,313096450.0,102514653.0,103618580.0,41203627.0,61311026.0,72995399.0,ARTMS,2022,141834053.0,388878499.0,,0.21458946595269043,0.5883582091593608,0.9283002439477633,0.29050588436614727,2.488000704404008,0.15510072633682248,1.2629556462663083,6.561940610920528,TR,yahoo
1628135515.0,1052303499.0,18158893.0,714941454.0,800712576.0,402020144.0,10928650.0,496306050.0,469645852.0,1187956672.0,157680268.0,207427151.0,102649112.0,55031156.0,6389164.0,ARTMS,2023,412948794.0,827422939.0,141834053.0,0.2536329379191756,0.5082027456418454,0.97353509646041,0.37005149872631155,1.5361094209952835,0.0968471399016193,1.471873666175748,7.216566494418148,TR,yahoo
2459794808.0,1841131687.0,187963251.0,307864489.0,1949864339.0,56044523.0,3409938.0,156695506.0,719127091.0,1345263531.0,492416711.0,552436842.0,67936838.0,424479873.0,297043203.0,ARTMS,2024,59454461.0,509930469.0,412948794.0,0.024170496175793213,0.20730610022492577,0.9426462212818648,0.2876222264810601,7.248154690390507,0.20018609251410371,5.980331453557152,13.652347162682588,TR,yahoo
3016499208.0,2098777821.0,170511801.0,560142234.0,2196522946.0,278122367.0,3294137.0,386738864.0,962719358.0,637121337.0,430941166.0,564264371.0,113440335.0,317500831.0,243592267.0,ARTMS,2025,281416504.0,819976262.0,59454461.0,0.09329241766537205,0.2718304250918935,0.9882944427452627,0.6655910690427975,3.7988354494898133,0.14286135559296986,3.7468658737130682,11.409244098988168,TR,yahoo
,,,,,,,,,,,,,,,ARZUM,2021,,,,,,,,,,,,TR,yahoo
2149606983.0,1894056934.0,521185766.0,1689657685.0,435153164.0,1040328539.0,0.0,1048500159.0,-255260694.0,2926926415.0,68766610.0,118131780.0,189656063.0,-120889453.0,-157806264.0,ARZUM,2022,1040328539.0,1714453819.0,,0.4839622066858535,0.7975661749141238,1.0,0.18230400867624377,0.36258587736264464,0.03199031755285287,1.1209708042135174,3.9681323081584665,TR,yahoo
3190274269.0,2723505996.0,342803195.0,2445997442.0,678085232.0,1210246919.0,0.0,1269540984.0,-321691005.0,5328200929.0,500787138.0,598855855.0,365695499.0,135091639.0,76491430.0,ARZUM,2023,1210246919.0,2512189037.0,1040328539.0,0.3793551328047275,0.7874523709171414,1.0,0.32497954929712025,1.3694101769625553,0.15697306744632117,1.1134541472672561,4.830178037448363,TR,yahoo
4279238576.0,3697378558.0,202863815.0,3826949266.0,355215917.0,1992299273.0,49795740.0,2083589149.0,-944591203.0,7258755603.0,473763196.0,633503544.0,1053528351.0,-579765155.0,-523522360.0,ARZUM,2024,2042095013.0,3924022659.0,1210246919.0,0.4772099000165678,0.9169908593102942,0.9756153657479207,0.6478582959769803,0.4496919286038274,0.11071203149482918,0.9661425592570163,3.1707983743138874,TR,yahoo
2677176885.0,1856592703.0,168606199.0,2882629269.0,-274720794.0,1178878557.0,45100122.0,1237880199.0,-1875760171.0,5284273418.0,-153293296.0,23801579.0,1033479383.0,-1186772679.0,-931168968.0,ARZUM,2025,1223978679.0,2951897679.0,2042095013.0,0.4571900668416237,1.10261585461134,0.9631528532532551,0.6328573574634457,-0.14832738661415562,-0.05725930806398696,0.6440622535009721,-2.0307569119284032,TR,yahoo
,,,,,,,,,,,,,,,ASELS,2021,,,,,,,,,,,,TR,yahoo
144802627000.0,72918181000.0,9370629000.0,51665811000.0,79850889000.0,16088326000.0,1762548000.0,17863336000.0,43750517000.0,66860171000.0,1123760000.0,3569591000.0,2035985000.0,-912225000.0,1281963000.0,ASELS,2022,17850874000.0,64951738000.0,,0.12327728004547873,0.4485535887411766,0.9012626496607393,0.11405519976220772,0.55194905659914,0.00776063268520674,1.4113430059193304,6.54077901644162,TR,yahoo
217402501000.0,105228911000.0,9543479000.0,72447236000.0,126058597000.0,27155210000.0,1630905000.0,28837111000.0,68008621000.0,106252343000.0,14880877000.0,19792880000.0,4471698000.0,10409179000.0,10525898000.0,ASELS,2023,28786115000.0,91343904000.0,17850874000.0,0.13240930931148764,0.4201603182108747,0.9433440393050608,0.19176615368543626,3.327791143319607,0.06844850878693433,1.4524903475958697,7.167993702033414,TR,yahoo
317802518000.0,138901174000.0,21776847000.0,91312082000.0,183640090000.0,29889941000.0,12731534000.0,42652005000.0,108308371000.0,157339507000.0,16596134000.0,20914961000.0,5776794000.0,10819340000.0,20024831000.0,ASELS,2024,42621475000.0,134162428000.0,28786115000.0,0.13411308150805779,0.4221565922268747,0.7012882824913966,0.16179775847357403,2.8728969736500902,0.05222153085646729,1.5211697177159973,7.131500584030732,TR,yahoo
431587329000.0,174984061000.0,29086476000.0,126229330000.0,250430356000.0,38028186000.0,5028364000.0,43065836000.0,136647688000.0,180444938000.0,32641828000.0,38190425000.0,6251216000.0,26390612000.0,29949517000.0,ASELS,2025,43056550000.0,181156973000.0,42621475000.0,0.09976323934199653,0.41974581000731837,0.8832148883270954,0.14592343836123672,5.221676550610313,0.07563203506375415,1.3862393233014862,6.982988676139536,TR,yahoo
,,,,,,299235420.0,,,,,,,,,ASGYO,2021,299235420.0,,,,,,,,,,,TR,yahoo
10166966390.0,1337034632.0,44116575.0,293585333.0,8082342817.0,277624673.0,0.0,277624673.0,5119295484.0,249527275.0,-182523882.0,-177174668.0,6637930.0,-189161812.0,-263103888.0,ASGYO,2022,277624673.0,2084623573.0,299235420.0,0.02730653986159189,0.2050388968582004,1.0,0.02301400315448758,-27.497108586562376,-0.017952639459841865,4.554160176659779,9.515082436479954,TR,yahoo
21581153502.0,3055353884.0,1650182018.0,76716782.0,21499299495.0,5015869.0,,5015869.0,16417161991.0,33114571.0,5427700051.0,5439494282.0,321403.0,5427378648.0,5705267656.0,ASGYO,2023,5015869.0,81854007.0,277624673.0,0.0002324189482983457,0.0037928467073094266,1.0,0.002274288024822709,16887.52143259397,0.2515018509319716,39.82640830789801,284.11236460309823,TR,yahoo
26252673881.0,16847519477.0,1852374089.0,29524868.0,19423094424.0,45867.0,,45867.0,12755191760.0,64361268.0,-1753445044.0,-1735388106.0,620013.0,-1754065057.0,-1413317701.0,ASGYO,2024,45867.0,6829579457.0,5015869.0,1.7471363186816407e-06,0.26014795627895304,1.0,0.2449803782733829,-2828.077869334998,-0.06679110295386068,570.6213310420219,11.57370936013684,TR,yahoo
26086219379.0,16313331842.0,1147338053.0,33363953.0,20005803673.0,47242.0,,47242.0,13338743665.0,225741685.0,-88611931.0,-71124264.0,316410.0,-88928341.0,650130991.0,ASGYO,2025,47242.0,6080415706.0,45867.0,1.8109945068556344e-06,0.23308918849677668,1.0,6.796550279779614,-280.05414177807273,-0.003396886674630001,488.95080993550135,12.442816740175349,TR,yahoo
,,,,,,,,,,,,,,,ASTOR,2021,,,,,,,,,,,,TR,yahoo
11810564733.0,8528322665.0,235805647.0,4829626863.0,6685027406.0,1843992685.0,252848601.0,2118224938.0,4055760256.0,13783507804.0,3148162647.0,3279380946.0,865112878.0,2283049769.0,2040490155.0,ASTOR,2022,2096841286.0,5125537327.0,,0.1775394600853588,0.43397902156860396,0.8794145257019705,0.4125790939810787,3.6390195164797907,0.2665547937943807,1.7658346921862398,9.584592189022203,TR,yahoo
27076576340.0,18818855765.0,2429146788.0,9242020130.0,17670249461.0,1520848953.0,121199157.0,1656277698.0,11141246469.0,24420785951.0,8293183199.0,8747270133.0,736094697.0,7557088502.0,6639007854.0,ASTOR,2023,1642048110.0,9406326879.0,2096841286.0,0.060644598836309155,0.347397202692281,0.9261902521236116,0.39375045316264284,11.266462362518554,0.3062862562409173,2.0362275238844347,10.94235421490913,TR,yahoo
39990126958.0,27639968288.0,6110484470.0,12618263210.0,27257461985.0,2497918693.0,49907711.0,2547826404.0,18231610577.0,34848864657.0,7616537800.0,8746279539.0,880576636.0,6735961164.0,6577182537.0,ASTOR,2024,2547826404.0,12732664973.0,1642048110.0,0.06371138572967969,0.3183952125576545,0.9804116517037241,0.42033556520972215,8.649488856072715,0.19046045560193742,2.190473271004148,10.728093499599629,TR,yahoo
50684431646.0,35814744751.0,1275727054.0,17317024155.0,33280133403.0,4616784174.0,0.0,4616784174.0,24275254379.0,35290767390.0,9054049114.0,10111806811.0,1261597205.0,7792451909.0,7668909328.0,ASTOR,2025,4616784174.0,17404298243.0,2547826404.0,0.09108880230216324,0.34338548697869326,1.0,0.3521746761432984,7.176655970793784,0.17863570370556858,2.068181255071998,10.413721977703299,TR,yahoo
,,,,,,,,,,,,,,,ASUZU,2021,,,,,,,,,,,,TR,yahoo
14676550024.0,8371412196.0,2432548278.0,7014873750.0,6239522208.0,2630295630.0,663463129.0,3324445520.0,2900135505.0,11686265335.0,1131837917.0,1442495313.0,396323907.0,735514010.0,784307983.0,ASUZU,2022,3293758759.0,8437027816.0,,0.22442322981994015,0.5748645153120625,0.7985696046539151,0.12032572389130457,2.855840631890016,0.07711879938740022,1.1933803079492342,5.795276658422776,TR,yahoo
27530495223.0,16069930521.0,5291337828.0,13348403204.0,11917205852.0,6401309203.0,724390593.0,7563525351.0,5799113571.0,21909106161.0,3702932496.0,4252457916.0,1241339413.0,2461593083.0,2330587214.0,ASUZU,2023,7125699796.0,15613289371.0,3293758759.0,0.25882933591572027,0.5671270801535048,0.8983411294696086,0.23827330497980947,2.983013716652208,0.1345029381420801,1.203884110736516,6.290482553198706,TR,yahoo
28975787293.0,14506013847.0,4053294072.0,12617353426.0,14168219344.0,6013904132.0,350734881.0,6812788012.0,7244070513.0,24740895358.0,3100953711.0,4113469705.0,2322603690.0,778350021.0,580437021.0,ASUZU,2024,6364639013.0,14807567949.0,7125699796.0,0.21965370426837638,0.5110324630446617,0.9448932012823332,0.3443358573693477,1.3351196006237294,0.10701879053857949,1.1496875261580708,6.216429191525293,TR,yahoo
43888918670.0,27297174721.0,6245036459.0,22735394631.0,14512045827.0,8525148275.0,3650536015.0,12529194772.0,7524954935.0,26686841318.0,3357207195.0,4275638151.0,2155694241.0,1201512954.0,904947192.0,ASUZU,2025,12175684290.0,29376872843.0,6364639013.0,0.27742046646327184,0.6693460156511074,0.7001781642779439,0.23254117048230635,1.5573670565834201,0.07649327658862551,1.200646620128597,5.523513338773899,TR,yahoo
,,,,,73937299.0,379157.0,,,,,,,,,ATAGY,2021,74316456.0,,,,,0.9948980747951706,,,,,,TR,yahoo
401670544.0,38776269.0,33210206.0,8942102.0,389904580.0,230513.0,108491.0,558587.0,76974414.0,173117001.0,233520410.0,233995492.0,20884510.0,212635900.0,212635900.0,ATAGY,2022,339004.0,11765964.0,74316456.0,0.0008439852139120263,0.029292573667039922,0.6799713277719437,0.5594904913853588,11.181512518129466,0.581373002049162,4.3363706877868315,43.064067126693935,TR,yahoo
624801407.0,65975032.0,56111971.0,11786192.0,609831816.0,,,392308.0,156344276.0,102708791.0,49599450.0,50252156.0,2804207.0,46795243.0,46795243.0,ATAGY,2023,392308.0,14969591.0,339004.0,0.0006278923120286763,0.02395895853032226,,7.668975758636533,17.687513796235443,0.0793843442801338,5.597654611430053,47.943103924676244,TR,yahoo
836920494.0,77555099.0,72147884.0,3151184.0,735863763.0,,,196493.0,142068411.0,37600546.0,36111044.0,36928592.0,1126802.0,34984242.0,52995693.0,ATAGY,2024,196493.0,101056731.0,392308.0,0.00023478096355470534,0.12074830491604618,,3.827445945234468,32.04737300785764,0.043147520294801144,24.61141558220656,12.322312281033085,TR,yahoo
878597756.0,51181245.0,45907959.0,5678667.0,729418400.0,,,510511.0,135678774.0,44351351.0,44332983.0,45182930.0,1223788.0,43109195.0,-6389637.0,ATAGY,2025,510511.0,149179356.0,196493.0,0.00058105201898558,0.1697925529415989,,3.461898376812578,36.226031796356885,0.05045879379641848,9.012897745192666,9.566272677703115,TR,yahoo
2950890134.0,1388650676.0,144742155.0,1123718083.0,1555360689.0,642181206.0,265042385.0,912576685.0,779229077.0,2146194192.0,1039686086.0,1112322575.0,87034588.0,952651498.0,924515514.0,ATAKP,2022,907223591.0,1395529445.0,,0.30744065343098265,0.47291813033660035,0.7078532925848485,0.09593510228725964,11.945665624337764,0.3523296492881222,1.2357642873314871,8.237727628234806,TR,yahoo
5905576967.0,3249515930.0,1264523422.0,1344576388.0,4428334172.0,785628517.0,123110010.0,914403010.0,1551961699.0,3679054367.0,702016821.0,840039447.0,126156493.0,575860328.0,426920329.0,ATAKP,2023,908738527.0,1477242795.0,907223591.0,0.15387802615696566,0.25014368676502596,0.8645264767122611,0.1389417672863592,5.564650731056704,0.11887353681491694,2.4167581395903555,10.16916670291059,TR,yahoo
7443003250.0,3491719821.0,292719147.0,1134742543.0,6080541530.0,200991421.0,210729453.0,420431961.0,1842787089.0,4259479919.0,376494320.0,681443977.0,40837849.0,335656471.0,239469867.0,ATAKP,2024,411720874.0,1362461720.0,908738527.0,0.055316497947249986,0.18305268374026304,0.48817398799168,0.06185400167407343,9.219249525115782,0.050583656536761556,3.0771031213553433,11.160464184293291,TR,yahoo
7223954006.0,3093519865.0,29670749.0,787251169.0,6268279292.0,89993309.0,139934721.0,247992496.0,1599446781.0,3920548950.0,148161642.0,415033756.0,28289609.0,119872033.0,-79751042.0,ATAKP,2025,229928030.0,955674714.0,411720874.0,0.031828556744551345,0.1322924693604424,0.3913977299766366,0.08817784562131817,5.237316712295317,0.020509770947730478,3.9295208274247733,13.090877385732405,TR,yahoo
,,,,,,,,,,,,,,,ATATP,2021,,,,,,,,,,,,TR,yahoo
1078225867.0,754642591.0,323773999.0,251476686.0,781036037.0,0.0,,5478262.0,-4593738.0,899115616.0,-3989066.0,81026776.0,7146757.0,-11135823.0,-21963116.0,ATATP,2022,0.0,297189830.0,,0.0,0.2756285478727065,,inf,-0.5581644933499208,-0.0036996571146071383,3.000845139974526,9.032019796052282,TR,yahoo
1815293246.0,1107412957.0,406027128.0,510698204.0,1240186373.0,0.0,,17984532.0,86242926.0,1806656340.0,214831175.0,360781940.0,24161387.0,190669788.0,157149893.0,ATATP,2023,0.0,575106873.0,0.0,0.0,0.31681210419707584,,inf,8.891508380706787,0.11834516295005264,2.1684293156433343,8.620799119582449,TR,yahoo
2826291535.0,1373966819.0,507359749.0,578939479.0,2109581891.0,0.0,,84049569.0,630644029.0,2578860026.0,681976061.0,885350858.0,62810731.0,619165330.0,572072417.0,ATATP,2024,0.0,716709644.0,0.0,0.0,0.25358659399586675,,inf,10.857636109982543,0.24129713886716928,2.373247755315025,10.534842034617789,TR,yahoo
7306942359.0,1313507133.0,500435662.0,591194182.0,4408500730.0,0.0,,50633790.0,2539991622.0,5660458720.0,3917840217.0,4180475997.0,74868295.0,3842971922.0,2053605858.0,ATATP,2025,0.0,2898441629.0,0.0,0.0,0.3966695625332221,,inf,52.32976411443589,0.5361805286686537,2.221786297957851,10.23186805928658,TR,yahoo
3199469594.0,330830015.0,12847907.0,457463777.0,2183761749.0,98989.0,,157127654.0,1623663262.0,1509710649.0,667874919.0,667874919.0,55437081.0,612437838.0,365636379.0,ATATR,2022,98989.0,1015707845.0,,3.0939190728874293e-05,0.31746132137175737,1.0,560.0327410116275,12.047440214249376,0.20874551214753628,0.723182974550573,8.304998298940765,TR,yahoo
2933673579.0,633976447.0,24172200.0,943296808.0,1564593122.0,113428738.0,,345823678.0,1656316453.0,1765138781.0,348536634.0,348536634.0,76264290.0,272272344.0,375864922.0,ATATR,2023,113428738.0,1369080457.0,98989.0,0.038664403160580806,0.46667784268851,1.0,1.3435359275712444,4.570115764534096,0.11880552645492534,0.6720858605937315,6.397203061227625,TR,yahoo
2990513558.0,613632830.0,238794569.0,406566936.0,2161038104.0,8285.0,,196498826.0,2236878635.0,2412878578.0,913552531.0,913552531.0,117525349.0,796027182.0,603880361.0,ATATR,2024,8285.0,829475454.0,113428738.0,2.7704271655403744e-06,0.27736889932535125,1.0,2.072080981885429,7.773238188809803,0.30548349414973625,1.5093033290833076,10.93109389594517,TR,yahoo
,,,,,,,,,,,,,,,ATEKS,2021,,,,,,,,,,,,TR,yahoo
4013296473.0,1231980509.0,18580726.0,1250749963.0,2298694077.0,480075890.0,20040149.0,572383200.0,1195898845.0,1897909403.0,35002430.0,113251255.0,66732073.0,-31729643.0,-138903434.0,ATEKS,2022,500116039.0,1714602396.0,,0.12461477550053901,0.42723043451567105,0.9599290015971673,0.13343317909466207,0.5245218442412242,0.008721615817690926,0.9849934402916308,5.65704783133608,TR,yahoo
5401016570.0,1271636897.0,54989486.0,1295958903.0,3294235810.0,562536885.0,20309900.0,652735508.0,1590385657.0,2473561806.0,361218797.0,401442369.0,167864877.0,193353920.0,-133288971.0,ATEKS,2023,582846785.0,2106780760.0,500116039.0,0.10791427455294772,0.39007115284595395,0.9651539640902369,0.3100104145403241,2.1518426216104753,0.06687977944863073,0.9812324249297587,6.27164853360433,TR,yahoo
6528433231.0,1162288474.0,63427647.0,1235956790.0,4288303560.0,404768861.0,10623551.0,454513959.0,1932098809.0,2503300383.0,-14329224.0,28547366.0,110974682.0,-125303906.0,-149594006.0,ATEKS,2024,415392412.0,2240129671.0,582846785.0,0.06362819336613967,0.34313434659373326,0.9744252646579399,0.22234086245763798,-0.12912155945623705,-0.0021948947768904584,0.9403957188503329,6.136053211558984,TR,yahoo
10072450937.0,626327294.0,173305004.0,85541085.0,7424462929.0,0.0,390839072.0,402796072.0,3648915527.0,1190251384.0,2345111740.0,2396512269.0,219047266.0,2126064474.0,1716816718.0,ATEKS,2025,390839072.0,2647988008.0,415392412.0,0.03880277744161525,0.26289410835181315,0.0,0.5433855421106328,10.705962155218135,0.2328243398422026,7.321947038665689,9.291777186148332,TR,yahoo
,,,,,,,,,,,,0.0,,,ATLAS,2021,,,,,,,,,,,,TR,yahoo
412763976.0,412551725.0,98114625.0,83382047.0,329065571.0,,,,-33194770.0,2708624549.0,194799946.0,194867483.0,0.0,83188135.0,83188135.0,ATLAS,2022,,83698405.0,,,0.2027754597460317,,,inf,0.4719402790131085,4.947728436074494,15.518856103414022,TR,yahoo
356290233.0,356086761.0,43109197.0,2788286.0,352936607.0,,,,-179763353.0,4398013190.0,115515117.0,115618091.0,,-84236682.0,-84236682.0,ATLAS,2023,,3353626.0,,,0.009412624005328824,,,,0.32421634471243,127.70811925318995,120.7911583197535,TR,yahoo
478464941.0,478327266.0,170976977.0,1166304.0,476244353.0,,,,188921459.0,4921596023.0,219946119.0,220074773.0,,14538778.0,14538778.0,ATLAS,2024,,2220588.0,,,0.004641067316988644,,,,0.45969119187773466,410.12228887151207,239.3595170057623,TR,yahoo
453527185.0,453246201.0,28713178.0,1217539.0,450694426.0,,,,161515068.0,5380525559.0,102891181.0,103033296.0,,-23204573.0,-23204573.0,ATLAS,2025,,2832759.0,,,0.0062460621847839175,,,,0.22686882816076395,372.26421576639433,179.52978539193904,TR,yahoo
28751008.0,20836791.0,37019.0,22393372.0,4476176.0,109958.0,10043.0,10043.0,-7473205.0,40703892.0,1815415.0,2018206.0,1241.0,1814174.0,795606.0,ATSYH,2021,120001.0,24274832.0,,0.004173801488977361,0.8443123802824583,0.916309030758077,0.010341580486829276,1462.8646253021757,0.06314265572880089,0.9304892090391746,2.665408711607321,TR,yahoo
41640612.0,33708659.0,42297.0,22931469.0,15060613.0,,10043.0,10043.0,3099520.0,51354937.0,17828517.0,17921032.0,2641.0,17825876.0,10572725.0,ATSYH,2022,10043.0,26579999.0,120001.0,0.0002411828145081057,0.6383191246084472,,0.04061702193103873,6750.669064748202,0.4281521366688847,1.4699738163307374,8.662608233834314,TR,yahoo
,,,,,,,,,,,,,,,AVGYO,2021,,,,,,,,,,,,TR,yahoo
1121110631.0,122872094.0,3661729.0,25763056.0,1094615494.0,,,,12272870.0,39231178.0,123364240.0,125448600.0,0.0,123364240.0,123364240.0,AVGYO,2022,,26495137.0,,,0.02363293707808931,,,inf,0.11003752581488098,4.769313624905369,47.972875506303964,TR,yahoo
1615213185.0,178229452.0,8937267.0,25523434.0,1588339801.0,,,,40347770.0,44183379.0,22628351.0,24447713.0,0.0,22628351.0,22628351.0,AVGYO,2023,,26873384.0,,,0.016637670029916205,,,inf,0.01400951354913562,6.982973059189449,66.10557421445431,TR,yahoo
2791236057.0,310448827.0,57523762.0,30113109.0,2650870278.0,,,,235371402.0,320882631.0,236651924.0,239439242.0,305156.0,236346768.0,130927766.0,AVGYO,2024,,140365779.0,,,0.05028803588574451,,,775.5112925847764,0.08478391621751682,10.309424609727278,24.58321447122424,TR,yahoo
2540391367.0,246592689.0,11488162.0,87267186.0,2076351277.0,,,,211147346.0,77313364.0,-17975976.0,-14184733.0,74522.0,-18050498.0,-31912871.0,AVGYO,2025,,464040090.0,,,0.1826648035526882,,,-241.21703657980194,-0.0070760656147356524,2.8257206437251225,8.583063983940773,TR,yahoo
,,,,,,,,,,,,,,,AVHOL,2021,,,,,,,,,,,,TR,yahoo
545959486.0,181977092.0,41251147.0,60546080.0,384003424.0,514578.0,59071266.0,70808095.0,-183749014.0,190609289.0,-30308271.0,-466243.0,3034406.0,-33342677.0,-45323566.0,AVHOL,2022,59585844.0,161956062.0,,0.10913968074180508,0.2966448356572744,0.008635910233981078,0.05092494787855988,-9.988205599382548,-0.05551377304945298,3.0055965968399607,5.728402464367397,TR,yahoo
732950835.0,250715731.0,17768555.0,156645483.0,517311421.0,2599631.0,25279865.0,42050647.0,-301486082.0,377565581.0,88571693.0,134347013.0,27277813.0,61293880.0,63687220.0,AVHOL,2023,27879496.0,215639414.0,59585844.0,0.03803733438682828,0.2942072014966734,0.09324526526591442,0.6237399408725788,3.247023249261222,0.12084261149658149,1.6005295920342626,6.08197384863529,TR,yahoo
1803980993.0,669984657.0,15395768.0,532659730.0,773226658.0,187000714.0,48158710.0,243872487.0,-287923235.0,786993465.0,117505950.0,127898951.0,50926417.0,66579533.0,106179484.0,AVHOL,2024,235159424.0,1030754335.0,27879496.0,0.13035582132654985,0.5713776026463933,0.7952082498722228,0.3872158310260702,2.307367313903116,0.06513702220586534,1.2578098535813849,4.454443113295612,TR,yahoo
2260287332.0,1068914790.0,8382731.0,609736167.0,1099035805.0,186646837.0,8980063.0,202997475.0,36997271.0,430295673.0,584430099.0,610587846.0,148786086.0,435644013.0,325636451.0,AVHOL,2025,195626900.0,1161251527.0,235159424.0,0.08654957147722492,0.5137627904910985,0.9540959704416928,0.6907651320890121,3.927988931706961,0.25856451554894616,1.7530775569033943,7.367326876085331,TR,yahoo
,,,,,,,,,,,,,,,AVOD,2021,,,,,,,,,,,,TR,yahoo
1489718050.0,794559583.0,81517639.0,362471942.0,964144253.0,202636449.0,2039251.0,205719100.0,-80703743.0,1098392657.0,-7629316.0,9271250.0,26828842.0,-34458158.0,-111825792.0,AVOD,2022,204675700.0,525573797.0,,0.1373922400953657,0.3528008518121936,0.9900366726484874,0.1310797617890155,-0.2843699329251706,-0.005121315405958866,2.192058173153717,6.867866974604626,TR,yahoo
2499158406.0,1397423127.0,90486503.0,931055582.0,1359682565.0,628061769.0,13539421.0,661710986.0,-84806915.0,1586490302.0,97238445.0,129354233.0,44031576.0,53206869.0,24364378.0,AVOD,2023,641601190.0,1139475841.0,204675700.0,0.256726899927447,0.4559438242347252,0.9788974502993051,0.10405950232198825,2.2083798454091217,0.03890847605599915,1.5009019375601573,5.87791531855645,TR,yahoo
2928396085.0,1666103549.0,36977788.0,1186192215.0,1401405076.0,767032185.0,64546189.0,854986647.0,-488921008.0,1839240029.0,-159712418.0,-102978723.0,241679967.0,-401392385.0,-378300427.0,AVOD,2024,831578374.0,1526991009.0,641601190.0,0.2839705934110344,0.5214427846088313,0.92238111160885,0.32810659732990977,-0.6608426009922452,-0.05453921305867338,1.4045814227502749,4.377920841756835,TR,yahoo
3030861150.0,1721810225.0,82650251.0,1380893290.0,1229966116.0,820536170.0,67280932.0,925956753.0,-660994781.0,1831773353.0,146901324.0,209374339.0,294117640.0,-147216316.0,-171577972.0,AVOD,2025,887817102.0,1800895034.0,831578374.0,0.29292569275237174,0.5941859243535456,0.9242175760655712,0.3421174989761343,0.49946451358714833,0.048468510014059864,1.2468814480226782,4.319745876777683,TR,yahoo
,,,,,72451698.0,0.0,72451698.0,,,,,,,,AVPGY,2021,72451698.0,,,,,1.0,,,,,,TR,yahoo
20055740338.0,4049209725.0,69361752.0,1291366865.0,16034653910.0,74337193.0,0.0,74337193.0,12590048227.0,5893908897.0,11263450688.0,11278691416.0,141805602.0,11121645086.0,10103162589.0,AVPGY,2022,74337193.0,4021086428.0,72451698.0,0.003706529489671936,0.20049553695014538,1.0,1.9321026412005524,79.42881331303117,0.561607325293244,3.135599832043081,14.159558239303507,TR,yahoo
30286351566.0,7355362232.0,2457583167.0,669977009.0,29607798385.0,0.0,,0.0,21588489580.0,4451047681.0,3030921005.0,3049369122.0,7762904.0,3023158101.0,4708456661.0,AVPGY,2023,0.0,678553181.0,74337193.0,0.0,0.022404586419770545,,0.20885652757967335,390.4364919365227,0.10007547453825921,10.978529312488691,53.50972936034624,TR,yahoo
51602715263.0,11689121624.0,1383301853.0,1179665714.0,40755552633.0,,,,30680048199.0,9755376664.0,13432152558.0,13439657145.0,1443338.0,13430709220.0,9660639390.0,AVPGY,2024,,10847162630.0,0.0,,0.21020526874828221,,inf,9306.311174513523,0.26029933676050326,9.908842382444625,12.218555660420138,TR,yahoo
50983897384.0,6986351388.0,775273291.0,2185394412.0,40223570109.0,,,,29582503275.0,6837570704.0,1519528706.0,1525190689.0,1102685.0,1518426021.0,1608988639.0,AVPGY,2025,,10760327275.0,,,0.21105344681587357,,,1378.0260963013009,0.029804090780962255,3.196837765136557,9.884613764573162,TR,yahoo
,,,,,,,,,,,,,,,AVTUR,2021,,,,,,,,,,,,TR,yahoo
561818087.0,19276128.0,15528567.0,3342675.0,507082920.0,,,,-162349056.0,10988922.0,72984188.0,80895741.0,691170.0,72293018.0,46440034.0,AVTUR,2022,,54735167.0,,,0.09742507097319564,,,105.59513289060578,0.12990715266879616,5.7666772869034535,13.094489389895728,TR,yahoo
995377718.0,27702776.0,1678654.0,2427808.0,853914106.0,,,,-112398421.0,16726169.0,216668395.0,225147268.0,142793.0,216525602.0,121999151.0,AVTUR,2023,,141463612.0,,,0.14212053318235923,,,1517.3600596667904,0.21767454814575224,11.410612371324257,10.849321291388897,TR,yahoo
1329889926.0,27850647.0,1959343.0,4077991.0,1124464550.0,,,,7323890.0,18226318.0,81825600.0,88734611.0,58797.0,81766803.0,7323890.0,AVTUR,2024,,205425376.0,,,0.1544679540643426,,,1391.6628399408132,0.06152809973236838,6.829501830680843,9.546212843486957,TR,yahoo
1380322608.0,292020538.0,99223720.0,97165390.0,1185130221.0,,,,67734803.0,25706119.0,126754887.0,133827477.0,849648.0,125905239.0,60410913.0,AVTUR,2025,,195192387.0,,,0.1414107005628354,,,149.18517668493305,0.09182989995625718,3.0053966540966903,11.32830286205531,TR,yahoo
,,,,,,1876191.0,,,,,,,,,AYCES,2021,1876191.0,,,,,,,,,,,TR,yahoo
2942573747.0,71777986.0,48935028.0,56738177.0,2517990763.0,3118733.0,0.0,30478268.0,1080389896.0,195530821.0,26646017.0,65432901.0,6033478.0,20612539.0,17299455.0,AYCES,2022,3118733.0,424582984.0,1876191.0,0.0010598657053810792,0.14428966629396087,1.0,2.4158437645898116,4.4163610110122224,0.009055343821770322,1.2650738849082162,10.7683447034156,TR,yahoo
4225477975.0,76674958.0,58684240.0,59545647.0,3454013808.0,0.0,,36588613.0,1532003396.0,322558379.0,17741022.0,88797140.0,11313121.0,6427901.0,-42201349.0,AYCES,2023,0.0,771464167.0,3118733.0,0.0,0.18257441443651118,,7.254946800511618,1.5681810527793347,0.004198583475044619,1.2876668885636593,9.187843647350181,TR,yahoo
6148501766.0,50430739.0,36830815.0,50622514.0,4861536707.0,0.0,,47383438.0,1843519173.0,407254199.0,-21419544.0,80157494.0,9310301.0,-30729845.0,-181863423.0,AYCES,2024,0.0,1286965059.0,0.0,0.0,0.2093136032125196,,inf,-2.3006285188846203,-0.0034837013658263623,0.9962116658212589,8.170234453923946,TR,yahoo
6146161557.0,40541471.0,19449284.0,72049653.0,4794460170.0,5000000.0,,110439691.0,1896171219.0,380029301.0,-75062268.0,45141214.0,11588475.0,-86650743.0,-68159238.0,AYCES,2025,5000000.0,1351701387.0,0.0,0.0008135158754988126,0.21992610745165286,1.0,4.63539,-6.4773206137994865,-0.012212869333789301,0.5626879424388067,7.864383287045485,TR,yahoo
,,,,,,,,,,,,,,,AYDEM,2021,,,,,,,,,,,,TR,yahoo
59788434916.0,5039732506.0,2131820839.0,2633310268.0,29322249203.0,1657468152.0,20071487686.0,21779338644.0,35267628501.0,7565576718.0,11863724336.0,14011227317.0,1764929782.0,10098794554.0,4973023571.0,AYDEM,2022,21728955838.0,30466185713.0,,0.36343075159147725,0.5095665366688991,0.07627923607361699,0.08122478572640192,6.721924269732789,0.1984284143357823,1.9138392339265355,7.781035417628914,TR,yahoo
80284393739.0,6841211140.0,2011698240.0,3012778554.0,41322323495.0,2158530424.0,26859640646.0,29096848077.0,48974001608.0,9180783497.0,-1712666870.0,1362158956.0,2575968636.0,-4288635506.0,-1848193431.0,AYDEM,2023,29018171070.0,38962070244.0,21728955838.0,0.3614422395009474,0.48530067214138123,0.07438547449434414,0.10152175277508815,-0.6648632464172596,-0.0213325005052387,2.270731491671392,6.521693334438293,TR,yahoo
73851498374.0,8923776804.0,2283542962.0,8931213853.0,35818787047.0,8295716088.0,23506687816.0,31899967867.0,48297071714.0,8617397991.0,-17903832098.0,-13965552762.0,2892474962.0,-20796307060.0,-15406391402.0,AYDEM,2024,31802403904.0,38032711327.0,29018171070.0,0.4306263867923943,0.514989027499403,0.260851856137724,0.09511501537880875,-6.189796742655434,-0.24243018073013375,0.9991672969517461,4.7410471471804145,TR,yahoo
68544156218.0,3461562729.0,1314083008.0,2799433004.0,36794155422.0,2209916196.0,20994495463.0,23254233163.0,45509777562.0,12920463716.0,1122682917.0,3934509644.0,2860614952.0,-1737932035.0,-2804072987.0,AYDEM,2025,23204411659.0,31750000796.0,31802403904.0,0.33853231171450937,0.4632050717062049,0.0952368984172399,0.10400947310697169,0.3924620879909321,0.016378973481406406,1.2365227973142807,6.804721739437918,TR,yahoo
,,,,,,,,,,,,,,,AYEN,2021,,,,,,,,,,,,TR,yahoo
26787574967.0,7672160638.0,4755124052.0,5250572753.0,12678776423.0,2211599200.0,6732113182.0,9274941864.0,4787480036.0,11635021906.0,3949281116.0,4445840394.0,412235204.0,3537045912.0,2507583477.0,AYEN,2022,8943712382.0,14108798544.0,,0.333875402794687,0.5266918920947802,0.2472797766228525,0.04609218033773752,9.580164618837356,0.1474295870703181,1.4612045197576562,6.359951812999488,TR,yahoo
31184846175.0,3631364029.0,673125427.0,3065734605.0,19031832249.0,2420261290.0,7293871630.0,10093592364.0,8010901252.0,7632131434.0,2399425949.0,3136999268.0,624864078.0,1774561871.0,1958602835.0,AYEN,2023,9714132920.0,12153013926.0,8943712382.0,0.31150171033351265,0.3897089585692016,0.24914846337103652,0.06698137623994756,3.8399166050316627,0.07694204856856249,1.1845004531956216,6.367797146843406,TR,yahoo
26802028510.0,2774596592.0,680257809.0,2691320041.0,16827719597.0,1580277622.0,5450758443.0,7595937981.0,7342567201.0,8489498480.0,2552968263.0,3451392894.0,753414635.0,1799553628.0,1032230056.0,AYEN,2024,7031036065.0,9974308913.0,9714132920.0,0.2623322358744853,0.3721475376118835,0.22475743366849021,0.08998591004664024,3.3885302254581235,0.09525280006502015,1.0309426414292435,6.575038446044987,TR,yahoo
26822865289.0,1641719146.0,342804431.0,2671935330.0,17340571697.0,1840259274.0,4740712698.0,7115188759.0,7053455689.0,7869154770.0,1384032171.0,2280621418.0,583334809.0,800697362.0,236457415.0,AYEN,2025,6580971972.0,9482293592.0,7031036065.0,0.24534932793696887,0.35351531202330827,0.27963335535081046,0.08570885462517891,2.3726205768049753,0.05159896812245442,0.6144307190249249,6.122219667972132,TR,yahoo
,,,,,,,,,,,,,,,AYES,2021,,,,,,,,,,,,TR,yahoo
1136704736.0,827319888.0,23573578.0,695700804.0,430139377.0,293128340.0,1586162.0,294714502.0,165681723.0,5389746299.0,185319849.0,192421811.0,79141944.0,106177905.0,84282281.0,AYES,2022,294714502.0,706565359.0,,0.259270937004348,0.6215909344113087,0.9946179709880717,0.26853766429179654,2.341613557028622,0.16303253002369825,1.1891892078365343,6.219540170608499,TR,yahoo
2589643452.0,2073982767.0,104901621.0,1843841722.0,738019105.0,1237594931.0,537576.0,1238132507.0,352333174.0,7794114487.0,366383190.0,373384079.0,195984094.0,170399096.0,117066698.0,AYES,2023,1238132507.0,1851624347.0,294714502.0,0.4781092571040162,0.7150113061201446,0.999565817069691,0.2557125307996083,1.8694537016866277,0.1414801677493632,1.124816052405175,5.6457790702257995,TR,yahoo
4011387128.0,2031284067.0,468043233.0,1608476099.0,2019678037.0,893834326.0,131865430.0,1025699756.0,314935953.0,9775902073.0,526924913.0,578766553.0,606744683.0,-79819770.0,73170333.0,AYES,2024,1025699756.0,1991709091.0,1238132507.0,0.2556970253108914,0.4965138061838045,0.871438567447607,0.5360332502691256,0.8684458681939533,0.13135728270203492,1.2628624499070036,6.144846642762639,TR,yahoo
5758872493.0,3549279258.0,154239110.0,2615083552.0,3039844844.0,1584011376.0,13556849.0,1597568225.0,1332291985.0,12060553562.0,1210169255.0,1256965850.0,216742025.0,993427230.0,1035049529.0,AYES,2025,1597568225.0,2719027649.0,1025699756.0,0.2774098969792905,0.47214583276587924,0.9915140719577094,0.16524581290957327,5.5834545930813375,0.21013996341662014,1.3572335978655568,7.6543710165890815,TR,yahoo
,,,,,,,,,,,,,,,AYGAZ,2021,,,,,,,,,,,,TR,yahoo
45770964000.0,12303960000.0,3009913000.0,12465945000.0,30598666000.0,4537123000.0,1220949000.0,5930075000.0,22879309000.0,71287651000.0,7714937000.0,8771241000.0,1220726000.0,6494211000.0,6848121000.0,AYGAZ,2022,5758072000.0,15172298000.0,,0.12580185114737807,0.3314830336542617,0.7879587125690682,0.2120025591899511,6.319957959443807,0.16855526573571838,0.9870057985976995,8.10661858849643,TR,yahoo
66686616000.0,14644654000.0,4871616000.0,13045370000.0,52220926000.0,2944213000.0,0.0,3205609000.0,41210874000.0,93607612000.0,9185257000.0,10362680000.0,1293684000.0,7891573000.0,8596186000.0,AYGAZ,2023,2944213000.0,14465690000.0,5758072000.0,0.04414998355891983,0.21692043872791505,1.0,0.29732053133171343,7.100077762421117,0.13773763838908845,1.1225939931178648,10.138012686802135,TR,yahoo
80956748000.0,14145952000.0,5031529000.0,10375999000.0,68420690000.0,1721803000.0,856840000.0,2618601000.0,54085635000.0,107034477000.0,4387568000.0,5866119000.0,925879000.0,3461689000.0,2778341000.0,AYGAZ,2024,2578643000.0,12536058000.0,2944213000.0,0.03185210700410051,0.15484883360186355,0.6677167021569097,0.3352899297030377,4.738813603073404,0.05419644573667905,1.3633339787330356,11.828432377375405,TR,yahoo
82236005000.0,17253232000.0,8548463000.0,10531598000.0,69578349000.0,2209477000.0,798291000.0,3121477000.0,55493375000.0,89657788000.0,6465372000.0,7894485000.0,605526000.0,5859846000.0,4996552000.0,AYGAZ,2025,3007768000.0,12657656000.0,2578643000.0,0.036574831182521576,0.15391866372886182,0.7345902343531815,0.216785338565315,10.677282230655662,0.07861972380589256,1.6382349573160693,12.286165420463988,TR,yahoo
,,,,,,,,,,,,,,,AZTEK,2021,,,,,,,,,,,,TR,yahoo
2175657132.0,1983675179.0,362279444.0,948000568.0,1184229132.0,456272406.0,8360427.0,492649470.0,415061783.0,4863985195.0,391219236.0,417114744.0,107136641.0,284082595.0,168102765.0,AZTEK,2022,464632833.0,991428000.0,,0.213559768295329,0.4556912876656339,0.9820063792177166,0.23058344867333128,3.6515913915949634,0.1798165851805734,2.0924831123096963,9.457233046834716,TR,yahoo
4386681660.0,4057943408.0,960100370.0,2382213955.0,1911327378.0,1584215476.0,10731868.0,1683933303.0,800961125.0,8645362945.0,1046897441.0,1106652670.0,300990962.0,745906479.0,411859637.0,AZTEK,2023,1594947344.0,2475354282.0,464632833.0,0.36358857733934585,0.5642885611170608,0.9932713339782834,0.29228380168081214,3.4781690255536644,0.23865361613680441,1.703433648133423,8.76568902864229,TR,yahoo
5497783083.0,5150065658.0,488785755.0,2871436868.0,2496042746.0,1553176014.0,42546433.0,1708116304.0,856163774.0,10492837919.0,1132693330.0,1222145418.0,651449111.0,481244219.0,298643582.0,AZTEK,2024,1595722447.0,3001740337.0,1594947344.0,0.29024834608957595,0.5459910461512837,0.9733371971548133,0.40834630574279945,1.738728798418761,0.20602728643522947,1.7935500220790506,8.734166692227179,TR,yahoo
5837582303.0,5428138473.0,410155966.0,3852513121.0,1878366533.0,2382912001.0,0.0,2513749588.0,273853976.0,9009234671.0,427513554.0,537376099.0,787302886.0,-359789332.0,-409740192.0,AZTEK,2025,2382912001.0,3959215770.0,1595722447.0,0.4082018680533882,0.6782286851810747,1.0,0.3957653794486022,0.5430102716529354,0.07323469405823982,1.4089863687708903,6.16383493060627,TR,yahoo
3272538949.0,1739302092.0,1033597876.0,1771428759.0,655077185.0,639957430.0,703005107.0,1404149111.0,434528444.0,1740196907.0,82097987.0,135103610.0,37880693.0,44217294.0,155402405.0,BAGFS,2021,1342962537.0,2617461764.0,,0.4103732783410793,0.7998260081212558,0.47652664342341217,0.028206812890417956,2.1672778531269214,0.025086939614603194,0.9818639802268221,4.0498334463483525,TR,yahoo
10960920230.0,3874255414.0,1052085313.0,2380862151.0,6273073668.0,1895380275.0,966204570.0,2953496110.0,4479484330.0,7476972127.0,699604242.0,1166914008.0,186134488.0,513469754.0,1661721310.0,BAGFS,2022,2861584845.0,4687846562.0,1342962537.0,0.26107158750848786,0.42768731672450094,0.6623533383299002,0.08853960775747538,3.7585954624378908,0.06382714473965294,1.6272489410496744,7.310053309273025,TR,yahoo
9063177005.0,2801774420.0,1065828794.0,2211022312.0,4700145746.0,1800223370.0,1257541809.0,3118173866.0,2879290930.0,2881875479.0,-2016316557.0,-1537682585.0,148668863.0,-2164985420.0,-1507261377.0,BAGFS,2023,3057765179.0,4363031259.0,2861584845.0,0.33738336758876974,0.481401969374866,0.5887382662225025,0.05023148230708514,-13.56246705808196,-0.22247348318229165,1.2671850504600426,4.349371795753621,TR,yahoo
,,,,,,,,,,,,,,,BAKAB,2021,,,,,,,,,,,,TR,yahoo
3735771393.0,2075003219.0,296339311.0,1320819151.0,1567014444.0,366522553.0,713449784.0,1086867578.0,895207429.0,3821514712.0,120780733.0,278601606.0,72149388.0,48631345.0,120207439.0,BAKAB,2022,1079972337.0,2168756949.0,,0.2890895141559322,0.5805379186381066,0.3393814271374249,0.06680670006828147,1.6740368331329436,0.03233086832516467,1.5709972235252667,6.33147285746815,TR,yahoo
5209727246.0,2415661678.0,319333112.0,1583836305.0,2667109574.0,531416856.0,680172462.0,1232083546.0,1347049932.0,4936393288.0,308495701.0,529259511.0,165634009.0,142861692.0,54564692.0,BAKAB,2023,1211589318.0,2542617672.0,1079972337.0,0.23256290795842557,0.48805197507263126,0.4386113744195292,0.14455994115506354,1.8625142436780602,0.059215326721156335,1.525196556218605,6.63967747423769,TR,yahoo
5793372991.0,2332205048.0,232443984.0,1790331574.0,3050008750.0,439759059.0,468585810.0,927053166.0,1318565700.0,5737186887.0,-82904397.0,230104923.0,165027749.0,-247932146.0,-383622869.0,BAKAB,2024,908344869.0,2743364241.0,1211589318.0,0.15679033102324208,0.4735348898235646,0.4841322651870454,0.15569138892329207,-0.5023664050583396,-0.014310212225035727,1.3026665461690619,5.676752306092521,TR,yahoo
5753025562.0,2615168011.0,230264022.0,2202352081.0,2757143549.0,695145476.0,327885738.0,1038021885.0,1143143323.0,5774151435.0,-35069258.0,285983597.0,134071367.0,-169140625.0,-175418391.0,BAKAB,2025,1023031214.0,2995882013.0,908344869.0,0.17782490325740014,0.5207489486555492,0.6794958614038926,0.13883507016587612,-0.2615715703115043,-0.006095793877857969,1.1874432038189628,5.293856106378331,TR,yahoo
39902036.0,7616179.0,60084.0,6382261.0,10317562.0,0.0,0.0,0.0,-23152182.0,4551688.0,-9718889.0,-9718889.0,287359.0,-10006248.0,-11369072.0,BALAT,2021,0.0,29584474.0,,0.0,0.7414276805323918,,inf,-33.82141850437954,-0.24356874922372382,1.193335559294739,0.29072866056206087,TR,yahoo
100484811.0,19188690.0,1623672.0,8272082.0,14241829.0,0.0,0.0,0.0,-144370708.0,10983465.0,8354320.0,10636563.0,544155.0,7810165.0,-1796364.0,BALAT,2022,0.0,86242982.0,0.0,0.0,0.8582688382625311,,inf,15.352831454273138,0.08314012751638652,2.3196929140692752,0.01099130276987087,TR,yahoo
121518875.0,10392346.0,204680.0,8463140.0,63106930.0,,,,-114578248.0,14765355.0,14110176.0,16452243.0,366232.0,13743944.0,28138386.0,BALAT,2023,,58411945.0,0.0,,0.4806820751097309,,inf,38.52797134057101,0.11611509734598843,1.2279539272657667,2.195031467606529,TR,yahoo
,,,,,,,,,,,,,,,BANVT,2021,,,,,,,,,,,,TR,yahoo
12199601262.0,7051339733.0,814568196.0,7046987682.0,4001496106.0,2845920027.0,210914561.0,3100363650.0,1709979916.0,20273876437.0,-486875789.0,323578060.0,450772799.0,-937648588.0,-982668170.0,BANVT,2022,3056834588.0,8198105156.0,,0.25056840156912336,0.6719977956604136,0.9310022983160514,0.14746391602920453,-1.0800913233453557,-0.03990915592598489,1.0006175760759617,3.953599787347763,TR,yahoo
15782360668.0,9321093884.0,1726695500.0,8151548090.0,6354846066.0,1835918687.0,100116941.0,1962970127.0,3562616644.0,30788565934.0,2988191377.0,4814574866.0,954604261.0,2033587116.0,1374436221.0,BANVT,2023,1936035628.0,9427514602.0,3056834588.0,0.12267085189134394,0.5973450233661838,0.9482876556856422,0.3823869717025306,3.130293357238639,0.18933741534996076,1.1434752983221375,6.452144915200508,TR,yahoo
24620203862.0,16554961825.0,6935773479.0,10165881097.0,13094647105.0,2419439286.0,70742083.0,2708969979.0,10304561619.0,41275299572.0,7988085897.0,10180340859.0,1251983323.0,6736102574.0,4710917682.0,BANVT,2024,2490181369.0,11525556757.0,1936035628.0,0.1011438159877898,0.46813409107424553,0.9715915941382179,0.5657125820304648,6.380345289152066,0.3244524676470772,1.6284827322921815,9.690067647868265,TR,yahoo
25184728865.0,16476768802.0,7016064413.0,12548435439.0,11070999526.0,4358194341.0,18073221.0,4536114750.0,7308710790.0,33492360427.0,-1875951533.0,60291003.0,1030464098.0,-2906415631.0,-3115210956.0,BANVT,2025,4376267562.0,14113729339.0,2490181369.0,0.17376671337057095,0.5604082305056811,0.9958701745850886,0.3001446914860918,-1.820491889665039,-0.07448766048091421,1.313053637809771,5.5423761799568805,TR,yahoo
641234915.0,422586032.0,16494019.0,267489527.0,315619665.0,159446112.0,27780490.0,217335995.0,198935798.0,771092293.0,180148218.0,195030373.0,19197439.0,160950779.0,122158682.0,BARMA,2021,187226602.0,325615250.0,,0.2919781777634488,0.5077940118092291,0.8516210319300673,0.1025358511820879,9.3839713724315,0.2809395024910645,1.5798227195638952,8.753736354225516,TR,yahoo
2784837553.0,1803247711.0,218136416.0,760874494.0,1793149966.0,567837530.0,42760080.0,691854807.0,713030200.0,2847052943.0,427610413.0,515229960.0,117077654.0,310532759.0,209395452.0,BARMA,2022,610597610.0,991687587.0,187226602.0,0.2192578914853494,0.35610249004710975,0.929970115670777,0.2934923564340261,3.6523657452172724,0.15354949969679613,2.3699673536434775,9.470560892777737,TR,yahoo
5431517736.0,1947807445.0,436356173.0,1256629649.0,2754902781.0,979005825.0,1173376886.0,2212294108.0,1174412634.0,2859048372.0,395053895.0,529989303.0,173229912.0,221823983.0,166271347.0,BARMA,2023,2152382711.0,2676614955.0,610597610.0,0.39627647659770066,0.49279319061400556,0.4548474674121279,0.12539351850128505,2.2805177837878254,0.07273361042008387,1.5500250583376136,6.359144975489114,TR,yahoo
7808470011.0,1298272654.0,124586892.0,2241632549.0,3329693644.0,1687059989.0,1927110521.0,3749542806.0,1380125605.0,2669285046.0,509212889.0,674033606.0,327768639.0,181444250.0,223694727.0,BARMA,2024,3614170510.0,4478776367.0,2152382711.0,0.46285258250446265,0.5735792492883534,0.4667903698323298,0.11367922099682291,1.5535741630241813,0.06521288911690232,0.5791639020316527,4.2525075553760745,TR,yahoo
,,,,,,,,,,,,,,,BASCM,2021,,,,,,,,,,,,TR,yahoo
6145017068.0,2992546337.0,767404985.0,2152257602.0,3408417375.0,1007187734.0,,1054840199.0,82037227.0,4803946579.0,205414645.0,504095458.0,2766577.0,202648068.0,-67674856.0,BASCM,2022,1007187734.0,2736599693.0,,0.16390316297816343,0.44533638600464825,1.0,0.002746833491520658,74.24866360126612,0.03342783961816654,1.3904220081365521,5.722959805074995,TR,yahoo
8438153688.0,3329155049.0,548036307.0,2009615290.0,6322629180.0,429481403.0,,467852792.0,1507716324.0,9197871526.0,502985133.0,867142806.0,4406116.0,498579017.0,1409464326.0,BASCM,2023,429481403.0,2115524508.0,1007187734.0,0.05089755637074621,0.25070940708374545,1.0,0.006133793629340003,114.15612593948957,0.05960843468818318,1.656613116732407,8.397014402611363,TR,yahoo
9659670528.0,3430082197.0,217751769.0,2006244633.0,7456244990.0,338763039.0,,394170743.0,1126317218.0,11019818558.0,-507819078.0,-48292844.0,12975231.0,-520794309.0,-789418268.0,BASCM,2024,338763039.0,2203425538.0,429481403.0,0.035069833698576434,0.2281056617420896,1.0,0.033778912779950834,-39.13757512294001,-0.05257105576510197,1.7097028650344057,7.796913762557072,TR,yahoo
9891013200.0,4047373520.0,346167913.0,1876658564.0,7835710127.0,50296137.0,,60280252.0,1518361976.0,11254602683.0,510621438.0,987032158.0,19474523.0,491146915.0,392044758.0,BASCM,2025,50296137.0,2055303073.0,338763039.0,0.005085033856794367,0.20779499849418864,1.0,0.1001108530595356,26.219971498146577,0.05162478582072866,2.1566914715552916,9.540095456613134,TR,yahoo
,,,,,,1139153.0,,,,,,,,,BAYRK,2021,1139153.0,,,,,,,,,,,TR,yahoo
345469443.0,196231814.0,38839955.0,106585480.0,171709536.0,51978643.0,0.0,73399414.0,-40020683.0,278864439.0,-737441.0,19941511.0,19908880.0,-20646321.0,-34309717.0,BAYRK,2022,51978643.0,173759907.0,1139153.0,0.1504580044724824,0.5029675142643513,1.0,0.7496124274433374,-0.03704080792088756,-0.00213460557783688,1.8410745441123875,5.597876136580498,TR,yahoo
513806764.0,264628448.0,10818158.0,251165110.0,237488460.0,97152998.0,,128794053.0,-45418998.0,423471297.0,63554384.0,97400887.0,33400818.0,30153566.0,37982767.0,BAYRK,2023,97152998.0,276318304.0,51978643.0,0.18908470033298355,0.5377864274281917,1.0,0.4479373763479207,1.9027792672622568,0.12369316336987732,1.053603535936978,4.867384075006841,TR,yahoo
687705923.0,362929038.0,2273947.0,482709766.0,158662420.0,103868556.0,0.0,158554701.0,-201272878.0,330328587.0,-42024188.0,19656554.0,82077137.0,-124101325.0,-141823042.0,BAYRK,2024,103868556.0,529043503.0,97152998.0,0.1510362969492703,0.7692874022258493,1.0,0.8166003631630467,-0.5120084537061764,-0.0611077883649404,0.751857665958223,1.0575578655940854,TR,yahoo
637803213.0,288235456.0,5235507.0,393056191.0,212014733.0,167862761.0,2316592.0,225859307.0,-195613227.0,230640808.0,-148158765.0,-92748736.0,89840984.0,-237999749.0,-195613227.0,BAYRK,2025,170179353.0,425788480.0,103868556.0,0.2668210970583493,0.6675859752998767,0.9863873498214557,0.6556589636303337,-1.649122242472322,-0.2322954196218513,0.7333187025159973,0.13385597458802612,TR,yahoo
,,,,,153420628.0,337469498.0,490890126.0,,,,,,,,BEGYO,2021,490890126.0,,,,,0.31253557542528365,,,,,,TR,yahoo
2880687209.0,239329434.0,6400453.0,1161508963.0,826707932.0,429197463.0,417426716.0,846624179.0,-199275448.0,167478269.0,1192925233.0,1194502089.0,351941351.0,840983882.0,685304605.0,BEGYO,2022,846624179.0,2053979277.0,490890126.0,0.2938966009065235,0.7130171129245987,0.5069515773893342,0.5262618122054403,3.389556895233945,0.4141113374867629,0.20605044095557273,4.129909745551821,TR,yahoo
4247308771.0,1104665915.0,237931673.0,330295561.0,2654950210.0,176142101.0,0.0,176142101.0,-87822781.0,159307564.0,878533540.0,882154658.0,629283775.0,249249765.0,199888445.0,BEGYO,2023,176142101.0,1592358561.0,846624179.0,0.04147146122332155,0.3749100069842791,1.0,1.230552448404928,1.3960848426451167,0.20684475449453968,3.344477024321862,7.519281709185642,TR,yahoo
5388822463.0,891333569.0,2585139.0,8959440.0,5372893924.0,0.0,,0.0,1782501382.0,1270697227.0,1618590923.0,1621388939.0,102179563.0,1516411360.0,1483401046.0,BEGYO,2024,0.0,15928539.0,176142101.0,0.0,0.002955847795945472,,1.1601946657829407,15.840652234928818,0.3003607808780766,99.48541080692543,361.59893728631033,TR,yahoo
5251852766.0,447979970.0,16536954.0,44785251.0,5202305881.0,,,,1611911514.0,156252407.0,130349465.0,132328901.0,1482.0,130347983.0,-97541211.0,BEGYO,2025,,49546885.0,0.0,,0.009434172511606165,,inf,87955.10458839407,0.02481971045416013,10.00284602625092,115.16849890517211,TR,yahoo
,,,,,,,,,,,,,,,BERA,2021,,,,,,,,,,,,TR,yahoo
21521903000.0,9861493161.0,1573502756.0,3944554413.0,12300354617.0,1006622571.0,375640878.0,1607921033.0,-6789930174.0,15047030769.0,3041774478.0,3190504554.0,249421492.0,69550964.0,-1265340829.0,BERA,2022,1382263449.0,9221548383.0,,0.06422589345375267,0.42847272302082207,0.7282421970487913,0.18044425046502116,12.195318268724012,0.14133389960915632,2.5000271585808647,6.375350086525175,TR,yahoo
34644555324.0,12427890255.0,2699602604.0,5206472261.0,21604598649.0,1094842033.0,432892216.0,1720920659.0,-3350946401.0,18557079447.0,4765877126.0,5138039753.0,57402959.0,4708474167.0,4305975987.0,BERA,2023,1527734249.0,13039956675.0,1382263449.0,0.044097383693121404,0.3763926698740617,0.7166442944619749,0.03945223670757694,83.02493824403722,0.1375649674654199,2.387007868666334,6.966144130002174,TR,yahoo
43961082311.0,15031330846.0,1840562315.0,6023055481.0,29409620632.0,2418513386.0,134820123.0,2718782794.0,-3614964594.0,21810672869.0,2542208647.0,2960359919.0,782898215.0,1759310432.0,1043341613.0,BERA,2024,2553333509.0,14551461679.0,1527734249.0,0.058081679858029825,0.3310078122293844,0.9471983888807375,0.38367322545199456,3.247176450644992,0.057828618254102564,2.4956321410979876,6.836906697653334,TR,yahoo
42438831533.0,13420154406.0,1021708643.0,4654278457.0,29863943076.0,1048048891.0,72531424.0,1277090787.0,-3704872111.0,19129878696.0,1510950694.0,1887584316.0,756659647.0,754291047.0,164262781.0,BERA,2025,1120580315.0,12574888457.0,2553333509.0,0.026404598678185762,0.2963061894675846,0.9352733373689507,0.4119093061231259,1.9968696625895261,0.03560302297260706,2.8834016980260793,7.053277817813113,TR,yahoo
,,,,,,,,,,,,,,,BESLR,2021,,,,,,,,,,,,TR,yahoo
17397543087.0,11414855084.0,453330768.0,8058969833.0,6873884978.0,2568209375.0,0.0,2830380030.0,715599239.0,24248480443.0,2491228375.0,2934223700.0,689685906.0,1801542469.0,1342233213.0,BESLR,2022,2568209375.0,10523658109.0,,0.147619084037162,0.6048933493869956,1.0,0.2685473827460037,3.612120174310188,0.14319426384185968,1.416416157466959,6.297585604169381,TR,yahoo
23279359450.0,12762488802.0,64100708.0,9970064559.0,10008083972.0,3204475063.0,465543989.0,3960007595.0,1876086223.0,27298496089.0,2020201392.0,2662855096.0,1524276139.0,495925253.0,842912833.0,BESLR,2023,3670019052.0,13271275478.0,2568209375.0,0.1576512042731485,0.5700876566859318,0.8731494353561192,0.48868878619535683,1.3253513194304487,0.08678079808591985,1.2800808587020907,5.674603092900822,TR,yahoo
36389353620.0,21397654228.0,2760512445.0,15447725485.0,15458496197.0,5178704888.0,1105560761.0,6599754551.0,4433728838.0,32725313908.0,5739292806.0,6460289366.0,2268707224.0,3470585582.0,1978075899.0,BESLR,2024,6284265649.0,20930857423.0,3670019052.0,0.17269517108284377,0.5751917893780933,0.8240747888854881,0.4558252636218225,2.5297635346181626,0.1577190094095439,1.3851653597014966,6.555161266308453,TR,yahoo
40832832496.0,25423439721.0,2921105548.0,18979307296.0,16711306742.0,8389623183.0,1177750627.0,9869969773.0,5219107878.0,32493955813.0,3376513522.0,4126646273.0,2668034759.0,708478763.0,524447810.0,BESLR,2025,9567373810.0,24121525754.0,6284265649.0,0.2343059059382477,0.5907384886013713,0.8768992776503629,0.3366257182294396,1.2655433032160133,0.08269114130964988,1.3395346481564234,5.985084653912829,TR,yahoo
1880253987.0,41804935.0,10051791.0,189396367.0,1158386214.0,144224012.0,296148727.0,441550208.0,1017592360.0,178947454.0,112311129.0,112311129.0,42972564.0,69338565.0,69696678.0,BESTE,2022,440372739.0,721867773.0,,0.23420917708177688,0.38392035224547566,0.3275044053078862,0.09758225292869457,2.6135542901279987,0.05973189248713982,0.22072722757137153,6.585720361491378,TR,yahoo
2805211971.0,61767725.0,22318833.0,264826060.0,1925428233.0,212315962.0,260995256.0,476563432.0,1754217278.0,287515179.0,94255519.0,94255519.0,56322474.0,37933045.0,52909752.0,BESTE,2023,473311218.0,879783738.0,440372739.0,0.16872565171296997,0.31362469114459657,0.44857580789475393,0.12328655563774991,1.6734974923154122,0.0336001414418604,0.23323884741554513,7.337506266638025,TR,yahoo
3982532555.0,46743821.0,11262460.0,227668645.0,2971490886.0,166737237.0,192098411.0,366816052.0,2155654710.0,345482207.0,157128686.0,157128686.0,52512446.0,104616240.0,122002089.0,BESTE,2024,358835648.0,1011041669.0,473311218.0,0.09010237657680616,0.25386902807125955,0.46466185265963317,0.12620956262785468,2.992217997234408,0.039454463668533654,0.20531514561436423,8.067671016198663,TR,yahoo
5517400956.0,3121285031.0,136239150.0,2149692586.0,2330524035.0,882996285.0,524327815.0,1457529835.0,1228358362.0,5241189118.0,1662063106.0,1669714963.0,257636749.0,1404426357.0,1362836522.0,BETAE,2023,1407324100.0,3186876921.0,,0.2550701156619004,0.5776047357106378,0.6274292360942302,0.18306852629042591,6.451188009673263,0.30124022510862813,1.4519680866592521,7.923161704558427,TR,yahoo
6879072888.0,3516107929.0,60631912.0,3329911246.0,2365682556.0,1718045981.0,485253834.0,2424260297.0,1095914947.0,4303207791.0,492032039.0,508002965.0,529168071.0,-37136032.0,42720348.0,BETAE,2024,2203299815.0,4513390332.0,1407324100.0,0.320290226731495,0.6561044497541599,0.7797604163099338,0.29311724702294284,0.9298218580538659,0.07152592318920055,1.0559164101516716,4.977924712811879,TR,yahoo
10367137394.0,4591834458.0,338365399.0,4598671620.0,3366582141.0,1954082011.0,1321069767.0,3942854775.0,2104518216.0,4691069376.0,1239825507.0,1245981114.0,190668044.0,1049157463.0,1008603269.0,BETAE,2025,3275151778.0,7000555253.0,2203299815.0,0.3159166946022631,0.6752640566962664,0.596638612025876,0.06960654512075014,6.502534357566494,0.11959188538559846,0.998513231088242,5.2160550387064015,TR,yahoo
,,,,,,,,,,,,,,,BEYAZ,2021,,,,,,,,,,,,TR,yahoo
2445565369.0,2181821894.0,362055268.0,1797678873.0,622064616.0,352402909.0,1616882.0,354777452.0,-171473314.0,5681816523.0,69672170.0,77148014.0,35686744.0,33985426.0,22946470.0,BEYAZ,2022,354019791.0,1823500753.0,,0.1447598970314009,0.7456356620496453,0.9954327920610517,0.10080437565141662,1.9523263315924815,0.02848918736058533,1.2136883437690598,4.601491224629498,TR,yahoo
2897406124.0,2515624470.0,721856102.0,1832753980.0,983540217.0,317814461.0,13703762.0,333449894.0,-246870892.0,15056442173.0,347273784.0,376932552.0,124498555.0,222775229.0,145949470.0,BEYAZ,2023,331518223.0,1913865907.0,354019791.0,0.11441896952379052,0.6605445785273008,0.9586636237489726,0.3632141543065473,2.789380037382763,0.1198567853927819,1.3725925560396273,5.863352724856677,TR,yahoo
3329303102.0,2532246803.0,944806773.0,2051241493.0,1211111181.0,60301619.0,6440617.0,68016399.0,313459485.0,19835377788.0,88369500.0,142661525.0,131383776.0,-43014276.0,-49547050.0,BEYAZ,2024,66742236.0,2118191921.0,331518223.0,0.02004690890412056,0.6362268186779229,0.9035001314609837,0.6597882015698676,0.6726058779129624,0.026542942259271653,1.23449472509281,5.283422241372041,TR,yahoo
5001133754.0,3829140082.0,1272443967.0,3541371269.0,1334220055.0,479971497.0,0.0,482643458.0,429108288.0,20209806375.0,317495888.0,357759160.0,62519749.0,254976139.0,132333245.0,BEYAZ,2025,479971497.0,3666913699.0,66742236.0,0.09597253755033243,0.7332164823760481,1.0,0.22871109769616854,5.078329537119543,0.06348478237480869,1.0812591482624354,4.715846374642864,TR,yahoo
,,,,,,,,,,,,,,,BFREN,2021,,,,,,,,,,,,TR,yahoo
790382683.0,417869515.0,122259183.0,348764142.0,287754903.0,1694560.0,41444869.0,139730077.0,-278920778.0,1296637492.0,91535682.0,133650100.0,8720254.0,82815428.0,116943509.0,BFREN,2022,43139429.0,502627780.0,,0.0545804329065747,0.6359296462470699,0.039281002073532315,0.20214115490494786,10.496905480046797,0.11581185161163254,1.1981435723400715,4.052508609348813,TR,yahoo
1036159126.0,593765723.0,167823159.0,471572555.0,177110706.0,128417512.0,226639424.0,471296883.0,-644199675.0,1747705769.0,20072811.0,99030177.0,51477503.0,-31404692.0,-90824658.0,BFREN,2023,355056936.0,859048420.0,43139429.0,0.34266641782200546,0.8290699743351968,0.3616814628288236,0.25855335469975976,0.3899336570384931,0.01937232467129764,1.2591184892004583,2.3434718484956196,TR,yahoo
1327962400.0,878156074.0,228831565.0,579918472.0,355110982.0,91651746.0,234805089.0,417855618.0,-719628992.0,2702935897.0,252512537.0,367055460.0,73600455.0,178912082.0,123578962.0,BFREN,2024,326456835.0,972851418.0,355056936.0,0.24583289029870123,0.7325895808495783,0.2807469048702871,0.2159911013742377,3.4308556516396536,0.1901503664561587,1.514275051407571,4.617736741953556,TR,yahoo
1246754283.0,895582210.0,157607855.0,567459981.0,575456996.0,199044142.0,0.0,264159302.0,-611127686.0,2933192870.0,199767397.0,301329084.0,52085970.0,147681427.0,108501306.0,BFREN,2025,199044142.0,671297287.0,326456835.0,0.15964985620185754,0.5384359180902047,1.0,0.1982335800681109,3.8353398621548185,0.16022996650094523,1.5782297254191746,5.355336269143547,TR,yahoo
,,,,,,,,,,,,,,,BIENY,2021,,,,,,,,,,,,TR,yahoo
10398962901.0,6585383571.0,536773569.0,4520726589.0,4849602486.0,2308086236.0,459020972.0,2793818075.0,3563891338.0,10093322701.0,1239481888.0,1547642558.0,437699414.0,801782474.0,539276541.0,BIENY,2022,2767107208.0,5549360415.0,,0.26609453599780664,0.5336455632961585,0.834115219434606,0.1581794202749227,2.8318107092553704,0.11919283680498631,1.4567091022544474,7.388280223772159,TR,yahoo
19479227885.0,12188372745.0,564770217.0,5496332871.0,13281826943.0,2706813874.0,508041846.0,3228976869.0,5231246009.0,12642406884.0,-300917627.0,201070483.0,778237167.0,-1079154794.0,166743833.0,BIENY,2023,3214855720.0,6197400942.0,2767107208.0,0.16504020277290368,0.3181543425944678,0.8419705609681295,0.26019458039677107,-0.3866657103515078,-0.015448129093028473,2.2175463224414305,8.52563473042648,TR,yahoo
20943749445.0,9674452481.0,174475194.0,5674992273.0,14588772209.0,2904042409.0,175135804.0,3148690194.0,4090607903.0,10539826392.0,-1988711067.0,-1312798804.0,1101651202.0,-3090362269.0,-2751946680.0,BIENY,2024,3079178213.0,6354977236.0,3214855720.0,0.14702134501208458,0.30343073252899105,0.9431225502763714,0.35006204724254064,-1.805209365168922,-0.09495487291912645,1.7047516570248553,6.911764988239806,TR,yahoo
24798743766.0,11672441955.0,95566159.0,10876501106.0,12989300264.0,4183837431.0,540841484.0,4763574665.0,2477654865.0,11996121838.0,-646073079.0,214696085.0,721464055.0,-1367537134.0,-1612953038.0,BIENY,2025,4724678915.0,11809443502.0,3079178213.0,0.19052089733181204,0.47621136027830513,0.8855284150034141,0.18489934994104623,-0.8955027967401646,-0.02605265351730398,1.0731798619099042,4.766087553310875,TR,yahoo
,,,,,,,,,,,,,,,BIGCH,2021,,,,,,,,,,,,TR,yahoo
1283788335.0,392071558.0,155768367.0,461355844.0,440234235.0,48355420.0,54797534.0,430120904.0,419681483.0,1696380649.0,429230157.0,666410857.0,86708616.0,342521541.0,262631378.0,BIGCH,2022,103152954.0,843554100.0,,0.08035043720817107,0.6570819168566444,0.468773972289732,0.8405829657578202,4.950259579740034,0.33434651593091474,0.8498246269098956,6.756470835912536,TR,yahoo
2264149376.0,803026262.0,388126794.0,635645987.0,1187483698.0,58643072.0,29147090.0,581961798.0,676071040.0,3143242866.0,397696804.0,802110284.0,83500471.0,314196333.0,246320828.0,BIGCH,2023,87790162.0,1076665678.0,103152954.0,0.03877401505862482,0.4755276703086219,0.6679913860963145,0.8746109600515789,4.762809110382144,0.17564954336299055,1.2633231050351932,7.0468254106639385,TR,yahoo
3230336093.0,831788667.0,135714971.0,1005271032.0,1609743036.0,51822802.0,22540765.0,733167812.0,961350533.0,4538943731.0,488541519.0,1095969821.0,142080739.0,346460780.0,205362676.0,BIGCH,2024,74363567.0,1620593057.0,87790162.0,0.023020380808406488,0.5016793950672055,0.6968842955045446,1.7524202480721243,3.438478166980818,0.15123550767941718,0.8274272713749101,5.9271522558111105,TR,yahoo
3254707275.0,960084808.0,280286450.0,1438612618.0,1282407215.0,458393981.0,74586420.0,982623047.0,681809233.0,4610500023.0,393750102.0,1166141490.0,273179236.0,120570866.0,10670085.0,BIGCH,2025,532980401.0,1972300060.0,74363567.0,0.1637567854700543,0.6059838545695326,0.8600578560486317,0.8995865617949136,1.441361751227681,0.12097865298807862,0.6673685438229626,4.464120938716956,TR,yahoo
,,,,,,,,,,,,,,,BIGEN,2021,,,,,,,,,,,,TR,yahoo
1710984583.0,117985419.0,40554847.0,805366173.0,241123035.0,167519500.0,584358413.0,751877913.0,326264897.0,376504554.0,313301461.0,313839888.0,70363003.0,242938458.0,233945270.0,BIGEN,2022,751877913.0,1469861548.0,,0.4394416644489426,0.8590735197758355,0.22280146431166678,0.09358301631610769,4.45264482245023,0.18311179663037327,0.14649909936060848,2.6389503871623146,TR,yahoo
4072054748.0,273802082.0,176249206.0,935315086.0,1455390539.0,561680665.0,1632782579.0,2194463244.0,1007664626.0,607655840.0,987628957.0,988333212.0,173527541.0,814101416.0,776505228.0,BIGEN,2023,2194463244.0,2616664209.0,751877913.0,0.5389080893565629,0.6425906258468606,0.25595355335101705,0.11779188610777704,5.691482466175211,0.24253823146289388,0.29273780151558465,5.204898022232868,TR,yahoo
5510046204.0,318506569.0,86989479.0,1200689607.0,2087961080.0,676540888.0,1666373633.0,2907183288.0,1329882110.0,1093806848.0,540943770.0,739533453.0,213909053.0,327034717.0,323440582.0,BIGEN,2024,2342914521.0,3422085124.0,2194463244.0,0.42520778125220965,0.6210628726698786,0.28876038025972867,0.09428752203531812,2.5288493516915342,0.09817408964870451,0.26526969763302033,4.2869148378639474,TR,yahoo
6998978246.0,531351466.0,310839095.0,1104796564.0,3296709475.0,746396953.0,1928423459.0,3360840236.0,1065735522.0,1516153825.0,509090014.0,792190642.0,722288138.0,-213198124.0,-243998552.0,BIGEN,2025,2674820412.0,3702268771.0,2342914521.0,0.38217298553952384,0.5289727501461933,0.2790456322418703,0.28789409868972843,0.7048295371562644,0.07273776201418415,0.4809496004189238,4.6326994216001625,TR,yahoo
,,,,,,,,,,,,,,,BIGTK,2021,,,,,,,,,,,,TR,yahoo
168298146.0,145602624.0,64409101.0,83370589.0,47400552.0,,,2202346.0,-295212010.0,300046798.0,3770868.0,10699199.0,3915059.0,-144191.0,-11198292.0,BIGTK,2022,2202346.0,120897594.0,,0.013085978974480206,0.7183536888160372,,1.7776766230192713,0.9631701591214845,0.02240587962270244,1.7464507057758702,0.5195804762127396,TR,yahoo
266397079.0,221007683.0,26432891.0,164519713.0,37134007.0,,,6222986.0,-437157086.0,532016396.0,9180600.0,19440313.0,10545213.0,-1364613.0,-9719517.0,BIGTK,2023,6222986.0,229263072.0,2202346.0,0.023359813190744483,0.860606553422457,,2.503216015701221,0.8705940790385173,0.034462089578692415,1.3433507691567637,-0.30698835381412326,TR,yahoo
309317513.0,224947712.0,31229984.0,190602869.0,-8027013.0,0.0,,18527672.0,-595326987.0,724664440.0,15153436.0,34768147.0,34674032.0,-19520596.0,-22856934.0,BIGTK,2024,0.0,317344526.0,6222986.0,0.0,1.0259507226802254,,11.143856663023186,0.437025495044822,0.04898990636847646,1.180190587792254,-1.9933109132397477,TR,yahoo
1647295315.0,420495237.0,13884877.0,367813004.0,1168124328.0,61825519.0,,98496032.0,1182340385.0,584353143.0,-32088084.0,-15311224.0,36826824.0,-68914908.0,-64578771.0,BIGTK,2025,61825519.0,479170987.0,0.0,0.03753153331829879,0.29088347586297847,1.0,1.1913146737999887,-0.8713236851486297,-0.019479254088693866,1.1432310234469034,8.228441404553049,TR,yahoo
,,,,,101175000.0,,,,,,,,,,BIMAS,2021,101175000.0,,,,,1.0,,,,,,TR,yahoo
126100954000.0,46717906000.0,3594938000.0,47471057000.0,57748457000.0,0.0,,19625852000.0,37548577000.0,279252910000.0,21528739000.0,29650569000.0,2235707000.0,19293032000.0,16596239000.0,BIMAS,2022,0.0,68352497000.0,101175000.0,0.0,0.5420458357515677,,44.19485050654806,9.629499303799648,0.17072621829649282,0.9841345222205606,6.215922632439056,TR,yahoo
213872217000.0,78627174000.0,5207428000.0,78071363000.0,99783031000.0,,,32251270000.0,70800561000.0,474200415000.0,35505804000.0,50510136000.0,3678063000.0,31827741000.0,22293141000.0,BIMAS,2023,32251270000.0,114089186000.0,0.0,0.15079691253212194,0.5334455667049077,,0.22808794816452188,9.653397454040347,0.1660141017755476,1.0071192685594588,6.38019368416616,TR,yahoo
308708004000.0,96914519000.0,3684758000.0,97741409000.0,153981881000.0,0.0,,48398731000.0,105381938000.0,680072863000.0,40221749000.0,62751690000.0,6276706000.0,33945043000.0,24328622000.0,BIMAS,2024,0.0,154726123000.0,32251270000.0,0.0,0.5012054141621802,,0.3892377571487882,6.408098292320845,0.13029059330771353,0.9915400237375338,6.265779038892155,TR,yahoo
338093384000.0,111487229000.0,3460632000.0,108356980000.0,165584579000.0,870698000.0,,52726368000.0,114560067000.0,721062506000.0,39363309000.0,66000145000.0,7770577000.0,31592732000.0,18632108000.0,BIMAS,2025,870698000.0,172508805000.0,0.0,0.0025753180665611607,0.5102401086913905,1.0,17.849075109854393,5.065686756594781,0.11642732707245168,1.028888300504499,6.205605574940012,TR,yahoo
,,,,,,,,,,,,,,,BINBN,2021,,,,,,,,,,,,TR,yahoo
1160006781.0,423076566.0,121927272.0,302286871.0,614936195.0,212458799.0,131631728.0,374218011.0,-83795655.0,662347555.0,85746632.0,85746632.0,116371703.0,-30625071.0,-103567507.0,BINBN,2022,344090527.0,545070586.0,,0.2966280306597622,0.4698856894009829,0.6174502996416406,0.33820083341033097,0.7368340394571694,0.07391907823683662,1.3995863088608966,5.378911490604772,TR,yahoo
2240911187.0,1449445221.0,1125814676.0,1368628790.0,760734523.0,260822802.0,11916406.0,368789019.0,-57736926.0,780458823.0,66079839.0,205653006.0,33451855.0,32627984.0,35613777.0,BINBN,2023,272739208.0,1480176664.0,344090527.0,0.1217090661969193,0.6605244654883327,0.9563084233932365,0.10846382105752408,1.975371440537453,0.029487933026236438,1.0590491969703486,4.140391571089868,TR,yahoo
2685280267.0,1850069705.0,218137565.0,166417491.0,2288536528.0,24194058.0,14763177.0,115345466.0,-239252515.0,1026659885.0,93731528.0,302805882.0,156403955.0,-62672427.0,-163679308.0,BINBN,2024,38957235.0,396743739.0,272739208.0,0.01450769794079003,0.14774760902080541,0.6210414573826916,1.003565863598899,0.5992912903001718,0.03490567787351189,11.117038803331075,13.363896149595874,TR,yahoo
2155703369.0,1448883731.0,165557611.0,118539521.0,1884685103.0,26669138.0,0.0,26751641.0,-639584177.0,541178383.0,-333820463.0,-171895144.0,5479066.0,-339299529.0,-400331662.0,BINBN,2025,26669138.0,271018266.0,38957235.0,0.012371432166185014,0.12572150227038031,1.0,0.16697756555889506,-60.92652707596514,-0.15485454436843718,12.222790498706335,12.592305991521934,TR,yahoo
8229531337.0,2247467.0,264831.0,15736404.0,6328231292.0,112275380.0,78652807.0,205586707.0,6302574562.0,,,,,,,BINHO,2022,190928187.0,1901300045.0,,0.02320037182938793,0.23103381798326095,0.5880503123407337,,,,0.14281960478391378,,TR,yahoo
21301063739.0,1649008491.0,376548909.0,356518358.0,16043292645.0,0.0,,0.0,14683665054.0,4426081332.0,7847392488.0,7847392488.0,76584648.0,7770807840.0,5584085334.0,BINHO,2023,0.0,5257771094.0,190928187.0,0.0,0.24683138637689608,,0.8022351147135756,102.46691331662188,0.36840378415619934,4.62531158353422,11.574879140692987,TR,yahoo
15788413585.0,2047662699.0,65279636.0,511499639.0,12037703434.0,7156598.0,,7156598.0,10258055226.0,0.0,-12024742182.0,-12014087299.0,116294990.0,-12141037172.0,-8961735848.0,BINHO,2024,7156598.0,3750710151.0,0.0,0.0004532816398222064,0.23756092597950523,1.0,32.500076153501986,-103.39862604571358,-0.7616181396099397,4.0032534587966735,4.258200965368424,TR,yahoo
18240995992.0,896778437.0,190510782.0,982263601.0,13530212750.0,164685069.0,,164685069.0,11282794543.0,0.0,3039219705.0,3044039070.0,326334084.0,2712885621.0,1461685542.0,BINHO,2025,164685069.0,4710783242.0,7156598.0,0.00902829368923859,0.2582525232759231,1.0,3.798078658070746,9.313215670723503,0.16661478936418375,0.9129712595346389,9.371138347264184,TR,yahoo
,,,,,,,,,,,,,,,BIOEN,2021,,,,,,,,,,,,TR,yahoo
6644030002.0,2025235367.0,38228228.0,2007819718.0,2465086578.0,698073696.0,2022198830.0,2835582117.0,973524584.0,2337689221.0,786427218.0,1084194731.0,101144410.0,685282808.0,576759013.0,BIOEN,2022,2720272526.0,4178943424.0,,0.4094311020842979,0.6289772055126249,0.25661902964791405,0.0371817194907037,7.775290972580689,0.1183659943984702,1.008673910732059,5.159667208548332,TR,yahoo
13895183038.0,2283921556.0,278147995.0,3020448545.0,4689042822.0,1650069194.0,4044551985.0,5870804276.0,2168311122.0,3224019476.0,1781433104.0,2420450343.0,441456873.0,1339976231.0,1368888418.0,BIOEN,2023,5694621179.0,9206140216.0,2720272526.0,0.4098270000061585,0.6625418456758295,0.28975925564371946,0.10492274495106056,4.035350252662167,0.12820508367023356,0.7561531083788087,4.8073403199934805,TR,yahoo
11451498811.0,1392137685.0,127421776.0,2286118522.0,4473976698.0,1373171290.0,3522549351.0,5119313070.0,2080752115.0,3559822592.0,527978247.0,1337972162.0,645754398.0,-117776151.0,-87559007.0,BIOEN,2024,4895720641.0,6977522113.0,5694621179.0,0.42751789279297686,0.6093108184491607,0.2804839962681196,0.12195156850942891,0.817614635897532,0.04610560204510857,0.6089525418752545,4.31331665865386,TR,yahoo
9681326051.0,795536324.0,51527711.0,2546128509.0,2788709585.0,1550955858.0,3394356337.0,5186926104.0,698444079.0,2942903984.0,-215355789.0,687457840.0,556658704.0,-772014493.0,-1382308036.0,BIOEN,2025,4945312195.0,6892616466.0,4895720641.0,0.5108093838538978,0.7119496264964705,0.3136214250675836,0.11313013852847996,-0.3868722207207237,-0.02224445162424372,0.31244939962297874,2.5743390802434187,TR,yahoo
10200729927.0,6838897712.0,1146195058.0,7174769171.0,2039748190.0,,,570851755.0,199811906.0,31937713710.0,2031613166.0,2628522674.0,1239325992.0,792287174.0,689889872.0,BIZIM,2022,570851755.0,8160981737.0,,0.05596185362079138,0.8000389967583542,,2.1710119678969892,1.6392887578525022,0.19916350893896184,0.9531871407992367,4.698675695598684,TR,yahoo
13377373887.0,7357968846.0,1306811534.0,8727933095.0,2820982991.0,,,1422199268.0,241089777.0,46522093733.0,2991565072.0,4104034883.0,2846200499.0,145364573.0,100981108.0,BIZIM,2023,1422199268.0,10556390896.0,570851755.0,0.10631378624933846,0.7891228117843515,,2.8561240692331236,1.0510732019937012,0.22362872543370962,0.8430368067572819,4.42032537378861,TR,yahoo
15169609625.0,7735262042.0,1137941562.0,11786317379.0,1312713707.0,,,1977243123.0,-1884098475.0,50026481277.0,3725555455.0,5390360672.0,5539755740.0,-1814200285.0,-2199666497.0,BIZIM,2024,1977243123.0,13856895918.0,1422199268.0,0.13034238664529904,0.9134642393937016,,3.259214366842318,0.6725125853653613,0.24559336377781046,0.6562916807061487,2.8431058125612982,TR,yahoo
12061123088.0,5395517459.0,220545410.0,10016887149.0,333610237.0,,,1943131444.0,-2676645465.0,39410924836.0,3192694257.0,4883698656.0,4274745811.0,-1082051554.0,-792546990.0,BIZIM,2025,1943131444.0,11727512851.0,1977243123.0,0.16110700718520019,0.9723400354539189,,2.1807843806471667,0.7468734746249454,0.2647095327446342,0.5386421329043966,1.821701121934035,TR,yahoo
2373056748.0,2007935110.0,134565090.0,1204268178.0,-2413051795.0,167196034.0,3347448905.0,3517861979.0,-2654670207.0,987914619.0,-19900206.0,79943574.0,677301292.0,-697201498.0,-716879634.0,BJKAS,2022,3514644939.0,4786108543.0,,1.4810623226613204,2.0168538097682274,0.047571244578569365,0.1927083115806026,-0.029381615294482563,-0.008385895540328646,1.6673488070860576,1.2390219862859553,TR,yahoo
6870751148.0,3955621913.0,199102322.0,3049567253.0,-3515110203.0,628859038.0,5769822763.0,6415044708.0,-6695215709.0,2848510386.0,1598541333.0,2146281572.0,626069345.0,972471988.0,902931610.0,BJKAS,2023,6398681801.0,10385861351.0,3514644939.0,0.9312929057054534,1.5116049362409538,0.09827946717114774,0.12630862704723075,2.5532975632276007,0.23265888962741982,1.2971092567670617,2.146456377154264,TR,yahoo
8727697757.0,3757517601.0,25268974.0,6024519769.0,-4110288304.0,1351522369.0,3856777871.0,5233860689.0,-8421125659.0,4646194229.0,2733446082.0,3794412745.0,1945478118.0,787967964.0,644534129.0,BJKAS,2024,5208300240.0,12837986061.0,6398681801.0,0.5967553397254978,1.4709475990622345,0.25949394365175843,0.3352254894731253,1.4050253542867142,0.31319211069238223,0.6237040868111724,0.16904144526844928,TR,yahoo
,,,,,,216215.0,,,,,,,,,BLCYT,2021,216215.0,,,,,,,,,,,TR,yahoo
2855060199.0,1049401398.0,488518735.0,77558525.0,1879127516.0,16641627.0,0.0,16887469.0,935087399.0,1335723425.0,325208596.0,332603895.0,10668531.0,314540065.0,340396165.0,BLCYT,2022,16641627.0,975932683.0,216215.0,0.005828818252528903,0.3418256061086998,1.0,1.2657054206582314,30.482978021997592,0.11390603816826911,13.530445531293948,9.337882302093956,TR,yahoo
5822780533.0,2004654440.0,272754130.0,186802861.0,3820451170.0,75335866.0,10081886.0,76558731.0,1730801815.0,743776506.0,637900959.0,789599473.0,16710417.0,621190542.0,594509900.0,BLCYT,2023,85417752.0,2002329363.0,16641627.0,0.014669581227714805,0.34387855624164565,0.8819696636361959,0.3274646027387645,38.173850419172666,0.10955263647406303,10.731390457665421,9.00663012642833,TR,yahoo
6136207013.0,2062014956.0,916538527.0,137639817.0,4169293105.0,408386.0,0.0,408386.0,2080710742.0,976801425.0,409264811.0,527123344.0,4331339.0,404933472.0,349908927.0,BLCYT,2024,408386.0,1966913908.0,85417752.0,6.65534912910866e-05,0.3205422998006668,1.0,0.10093286499737411,94.48921245831832,0.06669670859098183,14.98123872105991,9.08660646667096,TR,yahoo
6226004725.0,1759503628.0,247264143.0,129775082.0,4233120094.0,331825.0,,331825.0,2120504020.0,614604362.0,162388055.0,277194673.0,14669531.0,147718524.0,39793278.0,BLCYT,2025,331825.0,1992884631.0,408386.0,5.329661872365508e-05,0.3200904462853584,1.0,39.6360794422131,11.069750968861921,0.026082224825166672,13.558100683766087,8.483068723917416,TR,yahoo
,,,,,,,,,,,,,,,BLUME,2021,,,,,,,,,,,,TR,yahoo
406940301.0,252886907.0,6798855.0,115383516.0,172073364.0,358304.0,,98066220.0,-197147009.0,125170094.0,63310770.0,86434580.0,5350989.0,57959781.0,22594019.0,BLUME,2022,358304.0,234866937.0,,0.0008804829581133081,0.577153298463796,1.0,14.934215079932125,11.83160159738695,0.15557753764968096,2.191707409921535,5.7020057801946615,TR,yahoo
520961480.0,331470636.0,299870.0,147494818.0,274681188.0,33513369.0,,141479328.0,-257954672.0,325704027.0,33313770.0,67331319.0,19663135.0,13650635.0,24840475.0,BLUME,2023,33513369.0,246280292.0,358304.0,0.06432984066307551,0.4727418464797052,1.0,1.1610371297573638,1.6942247510379194,0.06394670485042388,2.247337503070786,5.553256736794429,TR,yahoo
541330707.0,324616323.0,1320499.0,29745633.0,452764251.0,146097.0,,52964633.0,22449968.0,279112925.0,48206914.0,92824594.0,16688160.0,31518754.0,22449968.0,BLUME,2024,146097.0,88566456.0,33513369.0,0.00026988493006364775,0.1636087789861882,1.0,0.9915879235873796,2.8886895859100106,0.08905261308222813,10.91307497137479,12.924707383899879,TR,yahoo
677475057.0,416768424.0,10101761.0,64625350.0,562620058.0,100338.0,,40043884.0,24703172.0,227567255.0,22178710.0,71488730.0,5314037.0,16864673.0,2253204.0,BLUME,2025,100338.0,114854999.0,146097.0,0.00014810582170259886,0.16953391540140494,1.0,43.12729117211435,4.173608501408628,0.03273730858551741,6.448992910676693,12.14212310180513,TR,yahoo
,,,,,,,,,,,,,,,BMSCH,2021,,,,,,,,,,,,TR,yahoo
850600136.0,437184920.0,186262435.0,265620412.0,548718467.0,182174179.0,1663663.0,193269472.0,12567820.0,1933600592.0,-16567882.0,-10596371.0,10677468.0,-27245350.0,-31544209.0,BMSCH,2022,183837842.0,301881669.0,,0.21612721914730565,0.35490432721962323,0.9909503778879215,0.05808090371295808,-1.5516676800155242,-0.019477873678590617,1.6459010687778015,6.3989599032213285,TR,yahoo
1604371686.0,480365545.0,166950715.0,368682152.0,1091283995.0,283115403.0,0.0,293474661.0,7446320.0,3254713847.0,113847108.0,129707523.0,56316698.0,57530410.0,36935995.0,BMSCH,2023,283115403.0,513087691.0,183837842.0,0.17646497097306665,0.3198059997426307,1.0,0.2412091514644041,2.0215515476422286,0.07096055670481335,1.3029259550378234,6.431880137345656,TR,yahoo
2124259301.0,482737358.0,148583008.0,613261401.0,1260300939.0,524214076.0,32313702.0,568548097.0,-226143269.0,3070336069.0,-135390259.0,-92297040.0,110048637.0,-245438896.0,-257881738.0,BMSCH,2024,556527778.0,863958362.0,283115403.0,0.2619867441503084,0.4067104056427055,0.9419369467663841,0.2621319138659211,-1.2302765639887026,-0.06373527889757372,0.7871640987233762,3.603261219776138,TR,yahoo
1967826420.0,370422798.0,74209403.0,466393755.0,1141251220.0,371959782.0,118274849.0,517382347.0,-303675547.0,2521676426.0,31479691.0,86150217.0,89335561.0,-57855870.0,-76830537.0,BMSCH,2025,490234631.0,826575200.0,556527778.0,0.24912493602967278,0.42004477203837925,0.7587382826081905,0.17068928007329695,0.3523758137031232,0.01599718891872587,0.7942276113881499,3.984219078676383,TR,yahoo
,,,,,,,,,,,,,,,BMSTL,2021,,,,,,,,,,,,TR,yahoo
1048739000.0,551920901.0,102107883.0,367057433.0,601488317.0,248448763.0,52795903.0,328057877.0,157997436.0,1112868185.0,153443084.0,174126269.0,33806153.0,119636931.0,123282572.0,BMSTL,2022,301244666.0,447250683.0,,0.2872446490499543,0.4264651958208858,0.8247407872775414,0.1122215820412236,4.538909943405865,0.14631198420197972,1.5036363560031762,7.2927961194856605,TR,yahoo
1639197034.0,641878903.0,81926776.0,475496301.0,942754588.0,240828115.0,46430989.0,425738752.0,147700496.0,1380215793.0,73201831.0,109353811.0,43357255.0,29844576.0,16892030.0,BMSTL,2023,287259104.0,696442446.0,301244666.0,0.1752437919552751,0.42486804914509135,0.8383654743976365,0.14734741631306797,1.6883409939120915,0.04465712753357751,1.349913556951098,5.93105142796949,TR,yahoo
2082086159.0,780104232.0,91420736.0,716755762.0,1143332026.0,492982841.0,15555983.0,701281321.0,59605480.0,1790009694.0,87754116.0,140010205.0,77330308.0,10423808.0,-11145016.0,BMSTL,2024,508538824.0,938754133.0,287259104.0,0.2442448511565174,0.45087189545070117,0.9694104318768787,0.19434659297077234,1.134795893997991,0.042147206839003824,1.0883822263573237,5.104968037256127,TR,yahoo
2501730898.0,1038547549.0,351212830.0,777116601.0,1451767426.0,516810467.0,72635268.0,776311818.0,83741323.0,2486444925.0,14959874.0,119519450.0,78680879.0,-63721005.0,-70252172.0,BMSTL,2025,589445735.0,1049963472.0,508538824.0,0.23561516367377097,0.4196948092376321,0.8767736134353402,0.1433187349586398,0.19013353930629068,0.005979809423931094,1.3364114827344937,5.536645566135409,TR,yahoo
,,,,,,,,,,,,,,,BOBET,2021,,,,,,,,,,,,TR,yahoo
5001576540.0,1831607979.0,370007292.0,1140865446.0,3377211964.0,85520934.0,19650097.0,197522048.0,819398537.0,6293673456.0,787446063.0,1322228022.0,95310063.0,692136000.0,390272270.0,BOBET,2022,105171031.0,1624364576.0,,0.021027576037054907,0.3247705124592575,0.8131605555906359,0.9062387436327405,8.261940431200848,0.15743957064385944,1.6054548636053616,7.931094044524025,TR,yahoo
9741872311.0,3723561520.0,1976079167.0,2610786870.0,6571033638.0,750999544.0,305865179.0,1295239725.0,2264571149.0,12851984247.0,3165230799.0,3962863534.0,1072755386.0,2092475413.0,2027357386.0,BOBET,2023,1056864723.0,3170838673.0,105171031.0,0.10848681744746798,0.32548555059787215,0.7105919306949939,1.846338001747922,2.950561554206916,0.3249099041696524,1.4262219420461542,9.116477869852464,TR,yahoo
11236939663.0,3308249926.0,12219051.0,2696166534.0,7979747927.0,347746511.0,11150100.0,644690216.0,2242482174.0,13250483798.0,1961349642.0,3489698830.0,1393166348.0,568183294.0,210829045.0,BOBET,2024,358896611.0,3257191736.0,1056864723.0,0.03193899956424461,0.28986466366149427,0.9689322783825339,1.9680807980026385,1.407835930587666,0.1745448227739585,1.227019875916908,8.003225568710281,TR,yahoo
13717845540.0,6029522365.0,11522980.0,5568987602.0,6618721917.0,2538101989.0,726207726.0,3869549273.0,1234092114.0,11300494979.0,-28955685.0,1633609272.0,949301063.0,-978256748.0,-1147323893.0,BOBET,2025,3264309715.0,7099123623.0,358896611.0,0.23796081574774752,0.5175101004235393,0.7775309975450659,0.5240115950272273,-0.030502109529398053,-0.0021108041285031118,1.0826963168017483,4.7282711189278235,TR,yahoo
,,,,,,,,,,,,,,,BORLS,2021,,,,,,,,,,,,TR,yahoo
4930888224.0,959238616.0,82445617.0,2297536007.0,1585778404.0,1147962819.0,447955042.0,2254299983.0,1099863196.0,3371711023.0,1410215672.0,2150131861.0,537952831.0,872262841.0,911790010.0,BORLS,2022,1595917861.0,3345109820.0,,0.3236572780604162,0.6783990364491377,0.7193119690262054,0.3370805253491677,2.6214485559608476,0.285996276519936,0.4175075442027664,4.616362228224142,TR,yahoo
9055419642.0,2495700995.0,1536099516.0,3476017336.0,3994502067.0,1771699889.0,996204078.0,3644880006.0,2157264185.0,4592554953.0,1200287586.0,2350277445.0,831923917.0,368363669.0,734323020.0,BORLS,2023,2767903967.0,5060917575.0,1595917861.0,0.3056626944335265,0.558882721627491,0.6400871959876056,0.38128225660454257,1.4427852853760423,0.13254908479701355,0.7179771427354009,5.03593632260853,TR,yahoo
11672335654.0,2747031845.0,74369217.0,5824879001.0,3163676004.0,2762851318.0,2036946890.0,6310809450.0,744422109.0,8952099011.0,1002808742.0,3301869794.0,3595907926.0,-2593099184.0,-2060166731.0,BORLS,2024,4799798208.0,8508659650.0,2767903967.0,0.4112114618941029,0.7289594732553945,0.5756182235734524,0.9503301908151532,0.2788749775124248,0.08591328862757189,0.4716032460980557,2.6958694133611782,TR,yahoo
13128118869.0,4392652705.0,43584617.0,9583094273.0,-991265170.0,5408722639.0,4136303342.0,10487451272.0,-3401376787.0,6954427236.0,436952433.0,2378545973.0,4365798323.0,-3928845890.0,-3901585814.0,BORLS,2025,9545025981.0,14119384039.0,4799798208.0,0.7270673031106601,1.075507022741904,0.566653527163406,0.6086931795717389,0.10008534537613363,0.03328370479884935,0.45837519488628325,-0.0383020898197098,TR,yahoo
,,,,,,,,,,,,,,,BORSK,2022,,,,,,,,,,,,TR,yahoo
3782459950.0,2119719408.0,135128513.0,644601638.0,2646373108.0,442830422.0,208724127.0,659092563.0,1594625036.0,3253711377.0,1280474533.0,1359080602.0,39166417.0,1241308116.0,862644409.0,BORSK,2023,651554549.0,1136086842.0,,0.17225682693613187,0.3003566084024234,0.6796521069182191,0.060112260838501186,32.693175201601925,0.3385295680394448,3.2884176567978254,11.903455259110002,TR,yahoo
6792605524.0,3797506457.0,302201417.0,470669789.0,5926188881.0,186841782.0,305558202.0,494370210.0,2944229145.0,5406687611.0,1226830033.0,1339576306.0,149831614.0,1076998419.0,1136771971.0,BORSK,2024,492399984.0,866416643.0,651554549.0,0.07249059028383524,0.127552916173143,0.37945123491311894,0.26195379217925613,8.188058582883583,0.18061258359039076,8.068302971109114,16.271541567625434,TR,yahoo
9319753391.0,3683856836.0,116248697.0,889570950.0,8131030127.0,70835210.0,253983056.0,328029728.0,4208809561.0,5517786206.0,185415826.0,343799966.0,44609414.0,140806412.0,534055632.0,BORSK,2025,324818266.0,1188723264.0,492399984.0,0.03485266748728287,0.12754878955788027,0.2180764366250265,0.10917380760892209,4.156428192488698,0.019894928354977113,4.141161349749562,14.004902563449004,TR,yahoo
9157472358.0,2989611335.0,55930046.0,1231320872.0,7550276192.0,794417557.0,165247718.0,961831562.0,3619379865.0,5256413912.0,67177973.0,381051284.0,63824149.0,3353824.0,-341070031.0,BORSK,2026,959665275.0,1607196166.0,324818266.0,0.10479586915287088,0.1755065266013004,0.8278069215331356,0.09937713791227162,1.0525478843439025,0.007335864130816959,2.42797097245989,10.780015908122094,TR,yahoo
,,,,,,,,,,,,,,,BOSSA,2021,,,,,,,,,,,,TR,yahoo
7258399439.0,2859206067.0,389114117.0,2180248977.0,3658614971.0,1806111536.0,807331093.0,2666603681.0,2203166972.0,5111475711.0,1299582837.0,1434431789.0,291590757.0,1007992080.0,1060227999.0,BOSSA,2022,2613442629.0,3599784468.0,,0.36005770293623546,0.4959474190216166,0.6910852053756715,0.11157342953098359,4.456872537286907,0.17904537328398193,1.3114126400986725,7.1234920465948,TR,yahoo
10888563572.0,3912079519.0,283440931.0,2517070550.0,7153801336.0,1824327073.0,660948234.0,2519320910.0,4218716981.0,7143277463.0,2074109408.0,2328964700.0,397174613.0,1676934795.0,1657904751.0,BOSSA,2023,2485275307.0,3734762236.0,2613442629.0,0.2282463881086114,0.34299861605289805,0.7340543189970221,0.15579391446454002,5.222160077990685,0.19048512636998177,1.5542192565877821,8.644813671577284,TR,yahoo
14600652117.0,4862470728.0,136013381.0,2943766186.0,10130063461.0,2128359016.0,651935471.0,2815949741.0,6270399169.0,8200835987.0,1485095588.0,1760822655.0,559420718.0,925674870.0,708892821.0,BOSSA,2024,2780294487.0,4470588656.0,2485275307.0,0.19042262391573697,0.3061910262757889,0.7655156768290927,0.21248250042661954,2.654702516755913,0.10171433276400417,1.6517856449078732,8.574856755233503,TR,yahoo
14927075233.0,5014788987.0,463363882.0,2573624177.0,10699222209.0,1966278755.0,473049718.0,2452262420.0,6542443713.0,6908200389.0,1170558829.0,1580844381.0,512815632.0,657743197.0,285034754.0,BOSSA,2025,2439328473.0,4227853024.0,2780294487.0,0.16341637158813668,0.28323385244641114,0.8060737931623364,0.1964952778888075,2.282611441532656,0.0784184986495003,1.948531969747656,8.935812312275655,TR,yahoo
,,,,,,,,,,,,,,,BRISA,2021,,,,,,,,,,,,TR,yahoo
32756848347.0,16551691963.0,6001849193.0,16489904132.0,11527410790.0,8442767498.0,2750219161.0,11253728811.0,4393653457.0,26863170153.0,4872242142.0,6261945548.0,2054579309.0,2817662833.0,2509042736.0,BRISA,2022,11192986659.0,21229437557.0,,0.3416991323594505,0.6480915786559263,0.7542908568743252,0.18355952451242888,2.3714062147211084,0.14873964950435223,1.00374700971609,5.269307243285293,TR,yahoo
53507014214.0,31806082605.0,18947072695.0,24964014231.0,19303444526.0,14081303900.0,8372073455.0,22540531613.0,9298486329.0,38257936373.0,7956249547.0,10084312511.0,3207941994.0,4748307553.0,5754433240.0,BRISA,2023,22453377355.0,34203569688.0,11192986659.0,0.419634279446023,0.6392352514981242,0.6271352268020527,0.19068580442541722,2.4801725099397167,0.14869544981858218,1.2740772501845319,6.247188966451265,TR,yahoo
56477308000.0,29500944000.0,9136121000.0,24219349000.0,25581568000.0,11836671000.0,5674951000.0,17594325000.0,12060202000.0,45218993000.0,9203576000.0,12333225000.0,6409056000.0,2794520000.0,1987955000.0,BRISA,2024,17511622000.0,30895740000.0,22453377355.0,0.31006474317083244,0.5470469661903857,0.6759323037009365,0.3207334469378975,1.4360267721174538,0.1629606000342651,1.218073367702823,6.524106531706587,TR,yahoo
52025527000.0,25179770000.0,8220580000.0,23949198000.0,23577407000.0,12869488000.0,2700851000.0,15717599000.0,9984890000.0,41347699000.0,5561119000.0,8769698000.0,5867936000.0,-306817000.0,-1087458000.0,BRISA,2025,15570339000.0,28448120000.0,17511622000.0,0.2992826771365526,0.5468107992447631,0.8265387156952716,0.3547514006198121,0.9477129607412215,0.10689212239983653,1.051382597446478,5.619374361242878,TR,yahoo
168988008.0,62812234.0,112905.0,63284029.0,85159192.0,19021172.0,10829085.0,29850257.0,-133454473.0,63899849.0,11731748.0,13760563.0,7010139.0,4721609.0,1075965.0,BRKO,2021,29850257.0,83828816.0,,0.17664127385891193,0.4960636970168913,0.6372197063495969,0.23484350570248022,1.6735399968531295,0.06942355341569563,0.9925448014695777,2.190363604451383,TR,yahoo
435687979.0,43219190.0,14839.0,50848383.0,362580819.0,16742752.0,11464808.0,28207560.0,-74054553.0,66402199.0,-112732.0,543141.0,333149.0,-445881.0,142034558.0,BRKO,2022,28207560.0,73107160.0,29850257.0,0.06474257119680596,0.16779705551619087,0.5935554865433238,0.011476456305616865,-0.33838312586860536,-0.00025874480232102064,0.8499619348760805,7.786843127950819,TR,yahoo
1210982237.0,59799720.0,30246.0,59625747.0,1140229147.0,28207560.0,0.0,28207560.0,-2507257260.0,45105636.0,-583870253.0,-583137573.0,176210.0,-584046463.0,-478368711.0,BRKO,2023,28207560.0,70753090.0,28207560.0,0.023293124488662505,0.05842619968999595,1.0,0.006246906857594205,-3313.491022075932,-0.4821460093803176,1.002917749609074,10.182700184919533,TR,yahoo
,,,,,,,,,,,,,,,BRKSN,2021,,,,,,,,,,,,TR,yahoo
448085047.0,231895893.0,22217809.0,172756230.0,231598596.0,84970065.0,14626739.0,107110805.0,25166375.0,540305169.0,24308117.0,49393362.0,11239370.0,13068747.0,-3856428.0,BRKSN,2022,99596804.0,216486451.0,,0.22227209916246102,0.4831369679693864,0.8531404782828171,0.11284870145029954,2.162765083808078,0.054248891282462276,1.3423301318858372,5.786754128535591,TR,yahoo
743626362.0,306800460.0,60291654.0,143917839.0,544734840.0,36799378.0,6952707.0,65898175.0,107155378.0,812658496.0,100417797.0,149122283.0,8166176.0,92251621.0,101877896.0,BRKSN,2023,43752085.0,198891522.0,99596804.0,0.058836113451287246,0.2674616341802041,0.8410885561225253,0.11393427681186981,12.296795587065477,0.1350379735461826,2.1317750609081894,8.939903658113808,TR,yahoo
903321672.0,355449523.0,21102576.0,135105092.0,682971754.0,14941174.0,5881745.0,47257966.0,117301500.0,869549438.0,40557245.0,76474120.0,7415803.0,33141442.0,-9695596.0,BRKSN,2024,20822919.0,220349918.0,43752085.0,0.023051499422013202,0.24393294750931205,0.7175350391556534,0.2296802954901869,5.469029449676589,0.04489789878527347,2.630911372311563,8.829665443096273,TR,yahoo
1041667102.0,401118987.0,75367655.0,126955688.0,791476670.0,20670271.0,0.0,38840914.0,133928387.0,809979537.0,78711382.0,126502107.0,4367198.0,74344184.0,19610018.0,BRKSN,2025,20670271.0,250190432.0,20822919.0,0.019843451867024596,0.24018271434284003,1.0,0.21050191609755722,18.023314262371432,0.07556289514075486,3.1595196191603483,9.225166633927842,TR,yahoo
,,,,,,,,,,,,,,,BRKVY,2021,,,,,,,,,,,,TR,yahoo
744506000.0,688168000.0,155488000.0,183837000.0,466340000.0,161977000.0,2687000.0,164664000.0,308393000.0,357694000.0,224602000.0,226260000.0,29519000.0,195083000.0,149365000.0,BRKVY,2022,164664000.0,278166000.0,,0.22117215979454832,0.3736249271328908,0.9836819219744449,0.17926808531312247,7.608726582878824,0.30167923428420995,3.7433596066080277,12.831730184368986,TR,yahoo
1203528000.0,859135000.0,25435000.0,332415000.0,657542000.0,300718000.0,0.0,300718000.0,437714000.0,770983000.0,476870000.0,480966000.0,107648000.0,369222000.0,215975000.0,BRKVY,2023,300718000.0,545986000.0,164664000.0,0.24986373395550415,0.45365458884213744,1.0,0.4626221039919894,4.429901159334126,0.39622675999228935,2.5845253673871516,11.23377939537265,TR,yahoo
1767894000.0,1448192000.0,19569000.0,399196000.0,1011609000.0,354873000.0,0.0,354873000.0,756412000.0,1227662000.0,672085000.0,682225000.0,143573000.0,528512000.0,371150000.0,BRKVY,2024,354873000.0,756285000.0,300718000.0,0.20073205746498377,0.42778865701224167,1.0,0.4379956405746876,4.681137818392037,0.38016136714079013,3.6277718213609353,12.496428352441345,TR,yahoo
2729776000.0,2264193000.0,33994000.0,954476000.0,1300774000.0,890397000.0,0.0,890397000.0,1012699000.0,1494249000.0,710762000.0,724436000.0,263061000.0,447701000.0,314264000.0,BRKVY,2025,890397000.0,1429002000.0,354873000.0,0.326179510699779,0.5234869088159615,1.0,0.4224963260979547,2.701890436058557,0.26037374495196675,2.3721843189352065,10.312312232693412,TR,yahoo
,,,,,,,,,,,,,,,BRLSM,2021,,,,,,,,,,,,TR,yahoo
3498788539.0,3187140096.0,587178613.0,2505168476.0,900840384.0,40078417.0,0.0,40078417.0,-131236712.0,2638649776.0,-92603496.0,-77754137.0,37146976.0,-129750472.0,-173429468.0,BRLSM,2022,40078417.0,2597948155.0,,0.01145494120415032,0.7425279138883106,1.0,0.9268573656489476,-2.4928946033184505,-0.02646730288720658,1.2722258508892397,4.592600275715098,TR,yahoo
5048719966.0,4553687386.0,487735231.0,4078863695.0,962980343.0,65963987.0,8306293.0,74270280.0,-551466958.0,5729217184.0,-279244689.0,-244954619.0,11737037.0,-290981726.0,-288830107.0,BRLSM,2023,74270280.0,4085739623.0,40078417.0,0.014710714894104705,0.8092624765316604,0.8881612806630055,0.20528501518473796,-23.791753319002062,-0.05530999755988447,1.1164107767518816,3.3866648031778093,TR,yahoo
4334038512.0,3684910093.0,101755649.0,2365435741.0,1849461505.0,699695007.0,101625198.0,801320205.0,-140246355.0,5258655422.0,820116943.0,867654277.0,129210496.0,690906447.0,583060481.0,BRLSM,2024,801320205.0,2484577007.0,74270280.0,0.18488995951035517,0.5732706343334865,0.8731777916419816,0.2951391048978793,6.3471387262533225,0.18922696250374252,1.5578144986691482,7.19486576168198,TR,yahoo
5349872509.0,4453663566.0,273320109.0,3561987006.0,1659312655.0,1156278813.0,76973830.0,1233252643.0,-200768000.0,4675369372.0,350316705.0,399472683.0,508003993.0,-157687288.0,-200768000.0,BRLSM,2025,1233252643.0,3690559854.0,801320205.0,0.23052000602356784,0.6898407107443091,0.9375847029909832,0.4993716430447518,0.6895943926173037,0.06548131836986174,1.2503312220112013,5.133156438099923,TR,yahoo
6063621.0,2156996.0,12078.0,16263984.0,-13610276.0,90469.0,,201591.0,-49939020.0,3124090.0,-534446.0,-359354.0,2598197.0,-3132643.0,-3132389.0,BRMEN,2021,90469.0,19673897.0,,0.014919962840685459,3.2445789405373455,1.0,28.71919663089014,-0.20569879805111005,-0.0881397435624687,0.1326240852179884,-40.179336447711925,TR,yahoo
15559947.0,9574767.0,5390795.0,16240470.0,-3134542.0,164193.0,,1299514.0,-612520490.0,3591143.0,4775308.0,5730246.0,2024775.0,2750533.0,2757350.0,BRMEN,2022,164193.0,18694489.0,90469.0,0.010552285300200573,1.2014494008237946,1.0,15.901665737330266,2.3584388388833326,0.30689744637305,0.5895621863160364,-126.00449905522014,TR,yahoo
86248277.0,74639879.0,16610290.0,51075699.0,32889353.0,99344.0,,389609.0,-884866130.0,47367857.0,-4305615.0,-2981001.0,1404830.0,-5710445.0,-5705239.0,BRMEN,2023,99344.0,53358924.0,164193.0,0.0011518375027944037,0.6186665502894626,1.0,10.661349260255676,-3.0648654997401823,-0.04992117117887468,1.4613579542004898,-28.092035181687653,TR,yahoo
87549933.0,71597112.0,12076705.0,70440363.0,16080704.0,,,1107122.0,-899082217.0,129081801.0,-6887717.0,-5560876.0,9634361.0,-16522078.0,-15093503.0,BRMEN,2024,1107122.0,71469229.0,99344.0,0.012645606479219121,0.8163253420193937,,15.971210129419312,-0.7149116583860622,-0.07867187059983244,1.0164216785765285,-30.433879307866427,TR,yahoo
,,,,,,,,,,,,,,,BRSAN,2021,,,,,,,,,,,,TR,yahoo
27597988000.0,13737466000.0,1508492000.0,12732552000.0,11856838000.0,7838084000.0,1429220000.0,9354026000.0,1866308000.0,22204754000.0,2753506000.0,3314637000.0,994950000.0,1758556000.0,1349732000.0,BRSAN,2022,9267304000.0,15741150000.0,,0.3357963631261815,0.5703731011115738,0.8457782328064343,0.1073613210487106,2.767481783004171,0.0997719833779187,1.0789247905683008,5.1706913417777205,TR,yahoo
55917026000.0,31900641000.0,3808588000.0,25725288000.0,24948662000.0,7721833000.0,2204004000.0,10266915000.0,5968927000.0,42175476000.0,6450261000.0,7450556000.0,1486410000.0,4963851000.0,4102619000.0,BRSAN,2023,9925837000.0,30968364000.0,9267304000.0,0.17751010220035665,0.5538270937370667,0.7779528315848829,0.15488970773465374,4.339489777383091,0.11535414991491143,1.240049907312991,5.943542829915503,TR,yahoo
55439055000.0,24612142000.0,2356166000.0,19012272000.0,30098413000.0,9032737000.0,2549373000.0,12257950000.0,5915789000.0,55065658000.0,1919769000.0,3339129000.0,1983186000.0,-63417000.0,-226612000.0,BRSAN,2024,11582110000.0,25340642000.0,9925837000.0,0.20891607910704826,0.4570900784654428,0.7798869981376451,0.18441425394994695,0.968022666557751,0.03462845822317859,1.2945397583203102,5.740333607890646,TR,yahoo
76186969000.0,37468163000.0,5460127000.0,31758219000.0,37734876000.0,9950251000.0,2368293000.0,13253198000.0,7189960000.0,71453576000.0,3317455000.0,5291349000.0,1303370000.0,2014085000.0,1271661000.0,BRSAN,2025,12318544000.0,38452093000.0,11582110000.0,0.1616883328171252,0.5047069532323828,0.8077457043624636,0.10906563477300663,2.5452902859510345,0.04354360126861065,1.1797942132712165,5.372331552075934,TR,yahoo
,,,,,31493162.0,,31493162.0,,,,,,,,BRYAT,2021,31493162.0,,,,,1.0,,,,,,TR,yahoo
10988014087.0,596581672.0,574657715.0,3258819.0,10598912650.0,0.0,,0.0,1551306093.0,264263503.0,1251916728.0,1251916728.0,3858638.0,1248058090.0,1229544344.0,BRYAT,2022,0.0,389101437.0,31493162.0,0.0,0.035411443225245656,,0.2450460833370749,324.4452389677394,0.11393475819085014,183.06683249361194,33.43154791544996,TR,yahoo
26184754454.0,1056773088.0,1027915384.0,14895087.0,25168216193.0,,,,3340898945.0,165945220.0,2306905373.0,2306905373.0,0.0,2306905373.0,2269211251.0,BRYAT,2023,,1016538261.0,0.0,,0.03882176030276705,,,inf,0.08810108863356539,70.94776203724086,30.51568704412537,TR,yahoo
28005708027.0,413280482.0,373696240.0,86147314.0,26005128752.0,0.0,,0.0,4007688069.0,79450855.0,2131550051.0,2131550051.0,2168778.0,2129381273.0,2033239024.0,BRYAT,2024,0.0,2000579275.0,,0.0,0.0714346972792569,,inf,982.8345967175986,0.07611127163594635,4.797369329472072,17.953348454212204,TR,yahoo
37968528371.0,5283703481.0,3927235748.0,1063296506.0,35024009913.0,10540.0,,10540.0,6819722532.0,89680727.0,5643297801.0,5643297801.0,0.0,5643297801.0,4640573020.0,BRYAT,2025,10540.0,2944518458.0,0.0,2.775983281998981e-07,0.0775515561000514,1.0,0.0,inf,0.14863093312066045,4.969172240466292,18.052904812734447,TR,yahoo
,,,,,,,,,,,,,,,BSOKE,2021,,,,,,,,,,,,TR,yahoo
8412478000.0,1550135000.0,66642000.0,2253582000.0,2511408000.0,1010716000.0,2827421000.0,3839131000.0,-1764807000.0,3999212000.0,413657000.0,728399000.0,543948000.0,-130291000.0,-210079000.0,BSOKE,2022,3838137000.0,5901070000.0,,0.4562433328206029,0.7014663218138579,0.2633350503121697,0.1417218822569387,0.7604715891960261,0.04917183735874257,0.687853825598536,2.794858156498238,TR,yahoo
12743881000.0,2295415000.0,30437000.0,3652521000.0,5491535000.0,1145316000.0,3464204000.0,4612751000.0,-1279391000.0,5951416000.0,913125000.0,1371117000.0,869110000.0,44015000.0,1259861000.0,BSOKE,2023,4609520000.0,7252346000.0,3838137000.0,0.3617045702168751,0.5690845669384389,0.24846751939464412,0.20576356260676776,1.050643762009412,0.0716520344155756,0.628446763208206,3.500710764256968,TR,yahoo
16718249000.0,2444984000.0,42582000.0,4370316000.0,9967517000.0,1010503000.0,2252563000.0,3271959000.0,-1346419000.0,5592126000.0,803144000.0,1484570000.0,1065156000.0,-262012000.0,328206000.0,BSOKE,2024,3263066000.0,6750732000.0,4609520000.0,0.19517988995139382,0.4037942011750154,0.3096789951536377,0.27059875878142203,0.7540153742738153,0.04803995920864679,0.5594524514932101,4.105143522901128,TR,yahoo
17000187000.0,2497447000.0,55121000.0,2155659000.0,12627481000.0,927767000.0,2083697000.0,3016984000.0,-1476803000.0,5814769000.0,-19663000.0,749805000.0,465550000.0,-485213000.0,-120381000.0,BSOKE,2025,3011464000.0,4372706000.0,3263066000.0,0.17714299260355196,0.25721517063312305,0.30807839642114265,0.14839358485814874,-0.042236064869509184,-0.001156634335845835,1.1585538343494959,6.123105691073819,TR,yahoo
,,,,,,,,,,,,,,,BTCIM,2021,,,,,,,,,,,,TR,yahoo
17715085000.0,3291731000.0,212326000.0,3873389000.0,7470997000.0,1544932000.0,3834913000.0,5398958000.0,3445656000.0,11341723000.0,1764513000.0,2341202000.0,906700000.0,857813000.0,631552000.0,BTCIM,2022,5379845000.0,10244088000.0,,0.3036872247578829,0.57826919825674,0.2871703552797525,0.16853645411717252,1.9460824969670232,0.09960511055972918,0.8498322786583016,5.103801535004038,TR,yahoo
28939956000.0,6229866000.0,449678000.0,5231494000.0,15960764000.0,1980451000.0,4778672000.0,6788031000.0,7863572000.0,16599968000.0,2570840000.0,3564363000.0,1481213000.0,1089627000.0,2647760000.0,BTCIM,2023,6759123000.0,12979192000.0,5379845000.0,0.2335567821872293,0.4484869292821316,0.29300413677928333,0.24404265667394462,1.7356315398258049,0.08883358357559355,1.1908387928954902,6.2502822384909,TR,yahoo
36413135000.0,5987966000.0,427891000.0,5376075000.0,22123838000.0,2640097000.0,3817433000.0,6735639000.0,10780144000.0,17592197000.0,1513486000.0,2922708000.0,1061207000.0,452279000.0,28817000.0,BTCIM,2024,6457530000.0,14289297000.0,6759123000.0,0.17734067665417988,0.39242149845103974,0.4088400673322462,0.16058634512081085,1.42619300475779,0.04156428717274687,1.1138174225619992,6.230367645729382,TR,yahoo
35573935000.0,5185641000.0,212129000.0,5075112000.0,21862295000.0,1865535000.0,3661239000.0,5718916000.0,8677476000.0,14289483000.0,431625000.0,1739203000.0,828678000.0,-397053000.0,-228757000.0,BTCIM,2025,5526774000.0,13711640000.0,6457530000.0,0.15536020965912262,0.3854406323056474,0.3375450126963759,0.1382938884060351,0.5208597308001419,0.012133181218214965,1.0217786326685991,5.821276997557174,TR,yahoo
,,,,,,,,,,,,,,,BUCIM,2021,,,,,,,,,,,,TR,yahoo
10798349367.0,5380513779.0,1070780439.0,1271603591.0,7113000313.0,418488854.0,17794962.0,446677852.0,1902653799.0,11546476821.0,1682495718.0,1969695390.0,65834151.0,1616661567.0,392627011.0,BUCIM,2022,436283816.0,3685349054.0,,0.040402824651450266,0.34128818477224954,0.9592124178174879,0.1508975318030133,25.55657956309029,0.15581045406270563,4.23128230926803,9.394196421258112,TR,yahoo
17354018420.0,6871330231.0,1641248999.0,1913995242.0,12709098007.0,588428428.0,230256562.0,840502428.0,3958455762.0,15066638064.0,2173704119.0,2656204935.0,145022526.0,2028681593.0,2646648624.0,BUCIM,2023,818684990.0,4644920413.0,436283816.0,0.04717552846760203,0.26765676401765626,0.7187482794817088,0.23111733982015806,14.98873436392909,0.12525652943267995,3.5900456177832023,9.58218967302061,TR,yahoo
24877412549.0,7634441776.0,1793126130.0,3130155377.0,16743151765.0,1592895535.0,1794881971.0,3415273044.0,5145527085.0,15450153878.0,1601813477.0,2271921077.0,336455182.0,1265358295.0,633942759.0,BUCIM,2024,3387777506.0,8134260784.0,818684990.0,0.13617885297867036,0.32697374648502076,0.47018894605057926,0.15997060823432574,4.760852448395341,0.06438826682015161,2.4389977034676766,7.7059881000699,TR,yahoo
28005131895.0,8468457047.0,2288305751.0,4335876533.0,15790834838.0,2817959993.0,3825795993.0,6675977839.0,4221743275.0,12143972434.0,661213795.0,1459928855.0,382625483.0,278588312.0,-802900006.0,BUCIM,2025,6643755986.0,12214297057.0,3387777506.0,0.23723351887466623,0.4361449573883537,0.4241516393645587,0.0762845447917087,1.7280965967444464,0.023610451023015972,1.9531130516626267,6.225587323705901,TR,yahoo
,,,,,,,,,,,,,,,BULGS,2021,,,,,,,,,,,,TR,yahoo
195905208.0,73590312.0,61569527.0,1461747.0,191685121.0,24966.0,,3982224.0,34116190.0,257592404.0,-885217.0,1409664.0,822678.0,-1707895.0,-1707895.0,BULGS,2022,24966.0,4220087.0,,0.00012743918477144312,0.021541474282807224,1.0,32.9519346310983,-1.0760188068721905,-0.0045185986071386115,50.34408279955423,53.895801277892545,TR,yahoo
2346981038.0,47802319.0,46832483.0,6036823.0,2333676654.0,75862.0,,12189856.0,1852260255.0,640465596.0,1803901575.0,1808656943.0,897833.0,1803003742.0,1803003742.0,BULGS,2023,75862.0,13304384.0,24966.0,3.2323226635289076e-05,0.005668722407462416,1.0,17.80919982544531,2009.172724771756,0.7686050913036818,7.918456280729119,195.281509251853,TR,yahoo
4894145112.0,80202854.0,76446285.0,11766743.0,4866418725.0,94553.0,,26364622.0,4236142041.0,4294197524.0,1817920864.0,1834533121.0,6245399.0,1811675465.0,1811675465.0,BULGS,2024,94553.0,27726387.0,75862.0,1.9319615139355925e-05,0.005665215551540843,1.0,73.29635302056744,291.0816208860315,0.3714480920360581,6.816062354722968,192.95114395129502,TR,yahoo
7494586234.0,1210915994.0,9243325.0,9769556.0,7484113723.0,106414.0,,7427565.0,5813226906.0,1982114356.0,1637219091.0,1645933702.0,1753642.0,1635465449.0,1635465449.0,BULGS,2025,106414.0,10472511.0,94553.0,1.4198782518138412e-05,0.0013973434520628133,1.0,17.45203938955152,933.6107888611244,0.21845356633199825,123.94790449023476,758.6738671434888,TR,yahoo
,,,,,,,,,,,,,,,BVSAN,2021,,,,,,,,,,,,TR,yahoo
2325190091.0,1415237462.0,170813265.0,1236615600.0,556488653.0,25293780.0,0.0,27158122.0,105821970.0,1981717710.0,247093731.0,273559783.0,32779982.0,214313749.0,63735592.0,BVSAN,2022,25293780.0,1768701438.0,,0.010878155767953512,0.7606696092702384,1.0,1.2959700764377646,7.53794590247182,0.10626818510727948,1.1444441279893283,4.946792505921801,TR,yahoo
3624397791.0,2061832490.0,242780165.0,1513219867.0,1503145359.0,135088286.0,17798037.0,154025272.0,508583837.0,3062779182.0,497294987.0,543931678.0,42154476.0,455140511.0,355799376.0,BVSAN,2023,152886323.0,2121252432.0,25293780.0,0.0421825450229671,0.585270313669055,0.8835864670510782,0.47316704042987334,11.796967586550002,0.1372076178378843,1.3625465373301235,6.366493334327967,TR,yahoo
4352761875.0,1930645914.0,177023733.0,1611317499.0,2424057235.0,350814742.0,125870.0,351501027.0,1124030055.0,3589377686.0,505936833.0,587631404.0,155678122.0,350258711.0,497378631.0,BVSAN,2024,350940612.0,1928704640.0,152886323.0,0.08062481295281057,0.44309904731464317,0.9996413353265595,0.6179825300527055,3.249890392434205,0.11623351966617747,1.1981784565724498,6.673861018620748,TR,yahoo
4567647631.0,2368411608.0,187950339.0,1303181714.0,2463864009.0,338404726.0,380523561.0,718928287.0,1198247001.0,3150489640.0,700489635.0,785112737.0,112655490.0,587834145.0,182051338.0,BVSAN,2025,718928287.0,2103783622.0,350940612.0,0.15739574176447677,0.4605836071333323,0.4707072069901737,0.21059681257264026,6.217980455280076,0.15335894788509355,1.8174070296999272,7.895365965853762,TR,yahoo
,,,,,,,,,,,,,,,BYDNR,2021,,,,,,,,,,,,TR,yahoo
1849965987.0,577894069.0,236874538.0,646646789.0,724581547.0,162353301.0,9007561.0,640527912.0,351784209.0,1549790549.0,281889847.0,623074303.0,86828021.0,195061826.0,131681212.0,BYDNR,2022,171360862.0,1125384440.0,,0.09262919599829378,0.6083270978538267,0.9474351325333552,0.5066969200936909,3.2465308290281083,0.15237569175913718,0.8936780926318031,5.326124046625372,TR,yahoo
2401185674.0,990005532.0,515660285.0,588383415.0,1341146699.0,30054175.0,4720058.0,559206257.0,554388422.0,2807822423.0,380999809.0,872800922.0,121901611.0,259098198.0,200439312.0,BYDNR,2023,34774233.0,1060038975.0,171360862.0,0.014482109141552374,0.4414648090225113,0.8642656474982496,1.1827351475497174,3.125469843052361,0.15867153178759136,1.6825857200614671,7.49461570644523,TR,yahoo
3403533738.0,1146398554.0,577853340.0,981092130.0,1627367733.0,54831440.0,167384121.0,962464533.0,575140268.0,4123394639.0,300651424.0,828599706.0,428065615.0,-127414191.0,-153456897.0,BYDNR,2024,222215561.0,1776166005.0,34774233.0,0.06528966013146657,0.52185937961165,0.24674887642094515,3.33138221823704,0.7023489237742209,0.08833507969768802,1.1684922536275977,5.675146487269476,TR,yahoo
3180464160.0,659728183.0,173866202.0,951108694.0,1467246377.0,55148134.0,72783811.0,941472787.0,415700002.0,3963529894.0,169540572.0,859819283.0,218758734.0,-49218162.0,-100950750.0,BYDNR,2025,127931945.0,1713217783.0,222215561.0,0.040224300153723476,0.5386691051409301,0.4310739901593773,1.249523302330761,0.7750116710768677,0.05330686449238277,0.6936412075316388,4.3325672838221445,TR,yahoo
,,,,,,,,,,,,,,,CANTE,2021,,,,,,,,,,,,TR,yahoo
17089295521.0,3567240185.0,345120633.0,2044598811.0,11823040640.0,484128072.0,3182174740.0,3668695088.0,10995390769.0,11399575659.0,2498582606.0,2980007495.0,781254374.0,1717328232.0,2607990010.0,CANTE,2022,3666302812.0,5266254881.0,,0.2145379724690642,0.30816102831907954,0.1320480322616625,0.2130905203582513,3.198167830033807,0.14620746671093862,1.7447140073681673,9.271824306557075,TR,yahoo
25646417264.0,6123904865.0,161991458.0,1179323550.0,24296259548.0,9866862.0,0.0,19589305.0,16051748660.0,8418613193.0,625393018.0,1777162450.0,776353434.0,-150960416.0,645027971.0,CANTE,2023,9866862.0,1350157716.0,3666302812.0,0.0003847267202444749,0.05264508106928537,1.0,0.42237083858823,0.8055519440131697,0.024385200145591767,5.192726682173014,25.613897902610752,TR,yahoo
33810574423.0,6991364688.0,205988794.0,4181599888.0,29417300128.0,72827166.0,15182246.0,103693073.0,16230703629.0,7989409873.0,-912293768.0,1055019082.0,730461454.0,-1642755222.0,-1613939840.0,CANTE,2024,88009412.0,4393274295.0,9866862.0,0.002603014397180152,0.1299378780152114,0.8274929276882341,14.926221118715656,-1.2489280070896116,-0.0269824983328116,1.671935353753769,12.209575724316217,TR,yahoo
30928456652.0,4631084706.0,509357799.0,2084481187.0,27934207290.0,612484600.0,12281701.0,677253515.0,14679457957.0,6160091890.0,-557455439.0,1468724934.0,491973104.0,-1049428543.0,-1708553002.0,CANTE,2025,624766301.0,2994249362.0,88009412.0,0.020200371070232478,0.09681211693459575,0.9803419278851278,1.3804429500812692,-1.1331014530420347,-0.01802403027323227,2.221696571253344,15.012050700029294,TR,yahoo
306744264.0,183389598.0,15125.0,8052579.0,213946860.0,,44391417.0,44391417.0,18529022.0,860459035.0,50962687.0,62114563.0,0.0,50962687.0,35615180.0,CASA,2021,44391417.0,92797404.0,,0.1447180019640074,0.3025236814208203,,0.0,inf,0.16614063564037826,22.774020348015213,10.733928191947678,TR,yahoo
313481804.0,28928678.0,2288.0,23251424.0,290230380.0,,,,-276845795.0,0.0,-1453728.0,-1453728.0,,9930463.0,9930463.0,CASA,2024,,23251424.0,44391417.0,,0.07417152671483286,,,,-0.0046373600682736915,1.2441680131074984,13.565006185829557,TR,yahoo
251559175.0,28981130.0,30142.0,91999896.0,159559280.0,,,,-407516895.0,1141650799.0,-114681038.0,-114681038.0,,-131191096.0,-131191096.0,CASA,2025,,91999895.0,,,0.36571870217017527,,,,-0.45588095922162253,0.3150126387099394,-4.916907999423204,TR,yahoo
,,,,,44134299.0,2223252877.0,,,,,,,,,CATES,2021,2267387176.0,,,,,0.01946482694581492,,,,,,TR,yahoo
12306891509.0,1381046849.0,40945410.0,521642468.0,5943961180.0,9928007.0,3799820690.0,3845452393.0,3541916807.0,6414685218.0,3460970575.0,4099290889.0,592827798.0,2868142777.0,2537094209.0,CATES,2022,3809748697.0,6362930329.0,2267387176.0,0.30956222326441574,0.5170217291951266,0.0026059480006693997,0.19510105101775466,5.838070661794439,0.2812221569085094,2.6474969614628847,7.516993914791702,TR,yahoo
16133033865.0,3138034706.0,1651443697.0,2878546323.0,11670068941.0,1759646175.0,0.0,1832067485.0,7375338783.0,7646176781.0,2059455882.0,3115858112.0,600398719.0,1459057163.0,2196636794.0,CATES,2023,1759646175.0,4462964924.0,3809748697.0,0.10907100237466712,0.27663519219917043,1.0,0.21560644658847597,3.4301470286781206,0.12765459362655346,1.090145633900921,8.449298053831543,TR,yahoo
12300349223.0,2267645753.0,527613549.0,391374126.0,10984874018.0,0.0,,108390152.0,5157043043.0,7065327226.0,-5528148490.0,-4346901020.0,144096044.0,-5672244534.0,-4488899866.0,CATES,2024,0.0,1315475205.0,1759646175.0,0.0,0.10694616723078383,,0.16377843005853152,-38.36433212559257,-0.4494302063930921,5.7940614934774715,11.365289697814783,TR,yahoo
14979900923.0,2957787503.0,1200695467.0,394992088.0,12759431225.0,,,94982464.0,6947602798.0,6499754327.0,2809308106.0,3635119678.0,48367349.0,2760940757.0,1787908908.0,CATES,2025,94982464.0,2220469698.0,0.0,0.00634066036138896,0.14822993218805017,,1.0184479737228127,58.082738956811546,0.18753849711292914,7.488219619730712,13.178119557445685,TR,yahoo
,,,,,,,,,,,,,,,CCOLA,2021,,,,,,,,,,,,TR,yahoo
107259230000.0,46524391000.0,23083020000.0,28384514000.0,40796872000.0,9347589000.0,24198299000.0,34345477000.0,28054711000.0,93189575000.0,22157538000.0,26141894000.0,3154533000.0,19003005000.0,13876736000.0,CCOLA,2022,33545888000.0,66462358000.0,,0.31275525658724196,0.6196423188941409,0.27865081407294984,0.09403635402347972,7.024031132341935,0.2065793125682517,1.6390765401162055,7.2448633356915915,TR,yahoo
159044967000.0,69669265000.0,31409153000.0,59928704000.0,56721559000.0,25796760000.0,26727264000.0,53477380000.0,56915020000.0,145883975000.0,43867534000.0,49191155000.0,6392185000.0,37475349000.0,29712936000.0,CCOLA,2023,52524024000.0,102323408000.0,33545888000.0,0.33024637617108626,0.6433614966262969,0.49114211051308637,0.14853471675444493,6.862682165800896,0.2758184356754904,1.162535819229463,7.2539208472604795,TR,yahoo
194148143000.0,79526353000.0,30437140000.0,69356839000.0,70294336000.0,27701407000.0,35490202000.0,64326272000.0,89827841000.0,180216217000.0,38659056000.0,46220482000.0,12556418000.0,26102638000.0,19389525000.0,CCOLA,2024,63191609000.0,123853807000.0,52524024000.0,0.3254813979858669,0.6379345436232167,0.43837160405268366,0.21702198180949328,3.078828372868759,0.19912143069017146,1.1466259729628105,7.0359732232291705,TR,yahoo
190775353000.0,73616867000.0,26304193000.0,63836513000.0,75839768000.0,19139211000.0,31562691000.0,52119503000.0,99538357000.0,187184514000.0,33782157000.0,41420339000.0,12447872000.0,21334285000.0,14072351000.0,CCOLA,2025,50701902000.0,114935585000.0,63191609000.0,0.265767570090671,0.6024655868412939,0.377485069495026,0.2185879053285134,2.71389013318903,0.17707820464627838,1.1532094022742125,7.170038354999838,TR,yahoo
577712767.0,480915117.0,75911415.0,494935687.0,51461783.0,200800757.0,8951956.0,211155918.0,9415177.0,677579022.0,20114161.0,33077617.0,9911436.0,10202725.0,7572680.0,CELHA,2021,209752713.0,526250984.0,,0.3630743943728701,0.9109215064308939,0.9573213815832742,0.04725295734315484,2.0293891823546053,0.03481688851096483,0.9716719356306994,3.4805723860857647,TR,yahoo
708012167.0,543194363.0,49074113.0,614723060.0,27536713.0,257773412.0,3780848.0,262952691.0,12820936.0,2733437886.0,45157952.0,130028433.0,101618156.0,-56460204.0,-53302082.0,CELHA,2022,261554260.0,680475454.0,209752713.0,0.36942057240098247,0.961107005947823,0.9855446896563642,0.4312185553002629,0.4443886188999533,0.06378132199527582,0.8836407780114838,3.1173935585039168,TR,yahoo
1489989814.0,664813974.0,49421242.0,1121169542.0,334595897.0,620025342.0,0.0,620342176.0,-110352850.0,2419673256.0,224592221.0,328582459.0,255119744.0,-30527523.0,52905858.0,CELHA,2023,620025342.0,1155393917.0,261554260.0,0.4161272353503485,0.7754374601382342,1.0,0.5787786909343667,0.8803404137940809,0.15073406468267306,0.5929647114869626,2.316359148046875,TR,yahoo
4621055683.0,761407912.0,47136171.0,846610965.0,3050325118.0,422992769.0,5532053.0,428524822.0,-287620036.0,1615991942.0,70580513.0,160196916.0,291456235.0,-220875722.0,-128293947.0,CELHA,2024,428524822.0,1570730565.0,620025342.0,0.09273310070174283,0.3399073010044921,0.9870904724394238,0.5559223487947497,0.24216504752420204,0.0152736772377906,0.8993598517826898,5.067857002294936,TR,yahoo
,,,,,,,,,,,,,,,CEMAS,2021,,,,,,,,,,,,TR,yahoo
3500050297.0,1599280711.0,817287511.0,294723875.0,3125456054.0,0.0,,0.0,-1465678982.0,1845275289.0,-343042028.0,-258273173.0,1906787.0,-344948815.0,-207663855.0,CEMAS,2022,0.0,374594243.0,,0.0,0.10702538855543767,,inf,-179.90579335814644,-0.09801059953167868,5.426369719792806,12.432046465870195,TR,yahoo
5066781420.0,1811544838.0,668163368.0,786544379.0,4173114029.0,98758962.0,,100869260.0,-2553587501.0,2384303344.0,-460935118.0,-278309391.0,7887970.0,-468823088.0,-436115104.0,CEMAS,2023,98758962.0,893667391.0,0.0,0.019491458938838534,0.17637772718444997,1.0,0.15974185714912637,-58.43520170588884,-0.09097197605181082,2.303169263383675,7.225881989160503,TR,yahoo
5690173837.0,1625238223.0,99880619.0,602987974.0,4550711645.0,136604408.0,35553525.0,435422069.0,-3426824291.0,2462207630.0,-534813114.0,-239386210.0,43260414.0,-578073528.0,-641496642.0,CEMAS,2024,172157933.0,1139462192.0,98758962.0,0.030255302901390075,0.20025085781926702,0.7934830862542942,0.31936298398813406,-12.362644379686241,-0.0939888884452723,2.6953078553437284,6.0270465244498554,TR,yahoo
4636476430.0,808485123.0,14133569.0,609761530.0,3500679959.0,86418413.0,37999227.0,683276633.0,-3468263773.0,1714713219.0,-1298727049.0,-1030723904.0,61184357.0,-1359911406.0,-1357168439.0,CEMAS,2025,124417640.0,1135796471.0,172157933.0,0.026834524423539452,0.24496974979769282,0.6945832841709584,0.41260550476960556,-21.226455791633146,-0.2801107842577774,1.3259037889779632,2.4464604579202702,TR,yahoo
,,,,,,,,,,,,,,,CEMTS,2021,,,,,,,,,,,,TR,yahoo
4372947349.0,2870494748.0,550528079.0,589482221.0,3668464557.0,336140415.0,0.0,336140415.0,2189700033.0,6477458867.0,997766459.0,1141676480.0,58046200.0,939720259.0,530953100.0,CEMTS,2022,336140415.0,704482792.0,,0.07686815965823786,0.1611002227504752,1.0,0.17268438250723286,17.189177913455143,0.2281679561561993,4.86951878401096,15.305196550830036,TR,yahoo
6091388365.0,3981123869.0,1015309945.0,564119701.0,5284730211.0,109246035.0,114753362.0,223999397.0,1876025134.0,7211044357.0,483545337.0,713010726.0,36333507.0,447211830.0,119267926.0,CEMTS,2023,223999397.0,806658154.0,336140415.0,0.036773126843637066,0.13242599316683037,0.4877068262822154,0.1297301360182554,13.308523644579644,0.07938179410433963,7.057232466695929,15.346291995922952,TR,yahoo
8314611080.0,4054038876.0,1245595625.0,1011352930.0,6777926254.0,421500695.0,433542577.0,855043272.0,2284553961.0,7556771736.0,97964677.0,409557823.0,53152553.0,44812124.0,-39040949.0,CEMTS,2024,855043272.0,1536684826.0,223999397.0,0.1028362317579381,0.18481740290851945,0.49295832012581464,0.09851798177593661,1.8430850725081822,0.011782232031952118,4.008530311965379,11.256785409130615,TR,yahoo
9057880087.0,5013003413.0,1780708033.0,950353840.0,6524635155.0,576983327.0,1315386434.0,1892369761.0,2002157041.0,6271396776.0,287681835.0,664824541.0,63007947.0,224673888.0,-115959915.0,CEMTS,2025,1892369761.0,2533244932.0,855043272.0,0.20891971883310273,0.2796730479613822,0.30489988737460066,0.04586710934482198,4.565802389974713,0.03176039340738073,5.274880999060308,9.830703206281273,TR,yahoo
,,,,,,,,,,,,,,,CEMZY,2021,,,,,,,,,,,,TR,yahoo
2449398299.0,1698788343.0,9470228.0,1257408209.0,1050660289.0,701361394.0,41677264.0,743038658.0,296543711.0,1469407080.0,357043805.0,360960515.0,104723757.0,252320048.0,197461914.0,CEMZY,2022,743038658.0,1398738010.0,,0.3033555866774936,0.5710537198343992,0.9439096962839314,0.1409398499963376,3.40938689775998,0.14576796478782889,1.3510237414077515,6.595056665292414,TR,yahoo
3754610210.0,2576194993.0,36623128.0,1614278238.0,1913189409.0,1043806499.0,183078231.0,1226884730.0,659719566.0,2382438931.0,884121634.0,920675321.0,229486022.0,654635612.0,642276538.0,CEMZY,2023,1226884730.0,1841420801.0,743038658.0,0.32676753680910064,0.4904426020297857,0.850777969174007,0.2329897938142557,3.8526164961803206,0.23547627704341645,1.595880395557931,8.17678276845522,TR,yahoo
5882436744.0,4171847619.0,683899899.0,1204601689.0,4425719937.0,927551206.0,144366539.0,1071917745.0,651870087.0,2975480982.0,687051745.0,750234806.0,494256637.0,192795108.0,119224130.0,CEMZY,2024,1071917745.0,1456716807.0,1226884730.0,0.1822234206076828,0.2476383292154956,0.8653193869833734,0.43001227149801113,1.390070853009102,0.1167971327019849,3.4632589818658306,10.895217957327066,TR,yahoo
5448367107.0,3602688184.0,499199915.0,952279492.0,3928528043.0,784154246.0,365588235.0,1149742481.0,813999063.0,2801265798.0,-179332370.0,-109725314.0,222644717.0,-401977087.0,-497123145.0,CEMZY,2025,1149742481.0,1519839064.0,1071917745.0,0.21102514908050596,0.27895313112204356,0.6820259831731833,0.20043093394246145,-0.8054642949376607,-0.032914883758400904,3.78322563308966,9.42110977126022,TR,yahoo
,,,,,,,,,,,,,,,CEOEM,2021,,,,,,,,,,,,TR,yahoo
254799210.0,229104131.0,19164098.0,65674941.0,184074116.0,,,406160.0,-59410791.0,414700809.0,-42657199.0,-40296170.0,5237686.0,-47894885.0,-39071197.0,CEOEM,2022,406160.0,70725094.0,,0.00159403947916479,0.2775718731624011,,12.895622414811896,-8.14428337246639,-0.16741495784072485,3.4884558327962565,8.305259935889719,TR,yahoo
703062582.0,687323097.0,126612205.0,384385517.0,305022263.0,,,1587754.0,-48389646.0,696544261.0,62032469.0,65310719.0,308088.0,61724381.0,39914736.0,CEOEM,2023,1587754.0,398040319.0,406160.0,0.0022583395001385524,0.5661520456225901,,0.3090283733400738,201.34659253200385,0.0882317884469636,1.7881087257509756,7.249758482952687,TR,yahoo
638183910.0,616208217.0,464658785.0,189214699.0,440264159.0,0.0,,670199.0,-26706840.0,888774942.0,59392831.0,65697044.0,186984.0,59205847.0,42071308.0,CEOEM,2024,0.0,197919751.0,1587754.0,0.0,0.3101296474240474,,0.2355327084674326,317.6358993282848,0.09306538455349023,3.2566614552498376,10.46379347261146,TR,yahoo
618928576.0,600881340.0,488754022.0,175317914.0,436287222.0,68312.0,,1444496.0,-27505249.0,884571536.0,35342347.0,42892393.0,692277.0,34650070.0,-798409.0,CEOEM,2025,68312.0,182641354.0,0.0,0.00011037137829616062,0.29509277981697196,1.0,20.268093453565992,51.05232009730209,0.05710246443686581,3.4273813000079385,10.507587045904781,TR,yahoo
,,,,,,,,,,,,,,,CGCAM,2021,,,,,,,,,,,,TR,yahoo
2032618793.0,919522723.0,212700000.0,580383164.0,1124649656.0,88915173.0,131955878.0,226140958.0,948542667.0,2326200000.0,636607723.0,677327827.0,70464812.0,566142911.0,562040959.0,CGCAM,2022,220871051.0,907969137.0,,0.10866329277316683,0.44669917454610486,0.4025659886048172,0.3190314515232691,9.03440603800944,0.31319582658212686,1.5843373482143255,9.271090687713315,TR,yahoo
3177324650.0,884190117.0,29700000.0,486417761.0,2262152954.0,173286200.0,56385665.0,235982010.0,1106697358.0,2180500000.0,432554754.0,481572244.0,50150195.0,382404559.0,324267733.0,CGCAM,2023,229671865.0,915171696.0,220871051.0,0.07228467037512204,0.28803216441857776,0.7544946787452612,0.22262116756930653,8.625185884122684,0.1361380411661742,1.8177587002214748,8.717020704706046,TR,yahoo
5449083771.0,2015516508.0,772426874.0,701504895.0,4162590133.0,128001384.0,74676999.0,246031911.0,1802393509.0,2873576355.0,364356828.0,449236379.0,21319872.0,343036956.0,262985634.0,CGCAM,2024,202678383.0,1286493638.0,229671865.0,0.037194947172339954,0.23609356950001642,0.6315492659125862,0.0986231514778731,17.0900101088787,0.06686570500881367,2.8731324932522386,9.756938955582024,TR,yahoo
5966642035.0,2100061965.0,165568236.0,635846715.0,4618576481.0,135643020.0,208953981.0,397822778.0,2257891459.0,2454926167.0,559485232.0,674259801.0,19277740.0,540207492.0,455497950.0,CGCAM,2025,344597001.0,1348065554.0,202678383.0,0.05775392573890181,0.22593370711571437,0.39362797588595383,0.070449870626741,29.022345565403413,0.09376886173463898,3.3027802384730416,10.320979443836034,TR,yahoo
,,,,,,,,,,,,,,,CIMSA,2021,,,,,,,,,,,,TR,yahoo
37820217000.0,14945477000.0,6911575000.0,10636585000.0,15852395000.0,5278504000.0,4231864000.0,9901894000.0,12717202000.0,20820386000.0,4091028000.0,5132817000.0,595566000.0,3495462000.0,4077465000.0,CIMSA,2022,9510368000.0,21967822000.0,,0.25146254449042427,0.580848650339579,0.5550262618649457,0.06262281333382683,6.869142966522602,0.10817039997417255,1.4051010733238158,6.578179998805662,TR,yahoo
55421496000.0,17449762000.0,9105525000.0,12816266000.0,26803448000.0,5128682000.0,6766695000.0,12483959000.0,19879894000.0,29604214000.0,5905608000.0,7549109000.0,1664624000.0,4240984000.0,3596322000.0,CIMSA,2023,11895377000.0,28618048000.0,9510368000.0,0.21463471502104525,0.5163709041704685,0.43114917669276054,0.15553058302806091,3.547712876901931,0.10655807631031829,1.361532446345917,6.667312969080411,TR,yahoo
88488394000.0,25238684000.0,10062308000.0,32378702000.0,32389621000.0,18029203000.0,9340811000.0,28128972000.0,27795932000.0,36846776000.0,7801525000.0,10365842000.0,2690835000.0,5110690000.0,3518172000.0,CIMSA,2024,27370014000.0,56098773000.0,11895377000.0,0.3093062577223404,0.6339675799743862,0.6587210002888563,0.13705886692940356,2.899295200188789,0.08816438684603091,0.7794841189124876,4.9434122253917305,TR,yahoo
92600868000.0,24996196000.0,9736668000.0,22653322000.0,33223030000.0,7261398000.0,20706402000.0,29218283000.0,30079745000.0,45906819000.0,6608363000.0,10782005000.0,2055964000.0,4552399000.0,3102162000.0,CIMSA,2025,27967800000.0,59377838000.0,27370014000.0,0.3020252466747936,0.641223341448592,0.25963422221268745,0.0743059348170132,3.2142406189991655,0.07136394229047616,1.103422976992072,5.541986790085888,TR,yahoo
,,,,,,,,,,,,,,,CLEBI,2021,,,,,,,,,,,,TR,yahoo
8050587024.0,3192893299.0,1928963765.0,2139547574.0,2792439059.0,692168864.0,498445840.0,3009391091.0,1454253229.0,6072008541.0,1661624026.0,2027906384.0,200477571.0,1461146455.0,1079953824.0,CLEBI,2022,1190614704.0,5258147965.0,,0.14789166311109986,0.6531384542921749,0.5813542044076755,0.16838156821553918,8.288328802627003,0.20639787149017222,1.4923217122163417,6.641816571569127,TR,yahoo
15259017892.0,6106289623.0,3377164246.0,4852845317.0,4635940926.0,1725721235.0,1463444067.0,6201544438.0,1986820878.0,10864817407.0,3011122444.0,3638020843.0,290357543.0,2720764901.0,1667723088.0,CLEBI,2023,3189165302.0,10623076966.0,1190614704.0,0.20900200291868168,0.6961835316786323,0.541120033482667,0.13259001255872668,10.370395109728559,0.1973339611574,1.2582905953357013,5.997647749246973,TR,yahoo
19588825689.0,8328244788.0,4360995105.0,6350005489.0,7144715631.0,1681264371.0,1703121452.0,6480597438.0,3858928944.0,12700798926.0,3410463578.0,4356958618.0,289953982.0,3120509596.0,3566410436.0,CLEBI,2024,3384385823.0,12444110058.0,3189165302.0,0.17277124605281896,0.6352657507687112,0.49677089401990443,0.08821836979323713,11.76208567468475,0.17410250273017272,1.3115334785815331,6.327511070896626,TR,yahoo
24454234814.0,10033075010.0,3771766156.0,7344954356.0,8392069092.0,2558367686.0,3591430923.0,10708004119.0,3913020776.0,18227731414.0,4313979714.0,5359960224.0,486034715.0,3827944999.0,3637202794.0,CLEBI,2025,6149798609.0,16062165722.0,3384385823.0,0.25148194804603957,0.6568255291637439,0.41600836851078743,0.10195622257289264,8.875867465557477,0.17641033329451206,1.3659819413042518,6.226826247417512,TR,yahoo
,,,,,,,,,,,,,,,CMBTN,2021,,,,,,,,,,,,TR,yahoo
1126656489.0,645948536.0,54817040.0,776493784.0,288402757.0,,,82162701.0,-358149784.0,2312496291.0,135988083.0,281518716.0,37591489.0,98396594.0,72373851.0,CMBTN,2022,82162701.0,838253732.0,,0.07292613303361536,0.7440189092098684,,0.4575249905671918,3.6175231845697837,0.12070057229306917,0.831878566590045,2.625945076194977,TR,yahoo
1824631041.0,1079854445.0,16018467.0,1227904725.0,536552684.0,,,95726592.0,-398273081.0,4349924512.0,167187285.0,479652040.0,65692809.0,101494476.0,118819175.0,CMBTN,2023,95726592.0,1288078357.0,82162701.0,0.05246353363994973,0.705939079220126,,0.7385808093576492,2.544986088203353,0.09162799560198867,0.8794285281376371,3.0592636077607676,TR,yahoo
2755480406.0,1600765812.0,44181882.0,1951973054.0,687944018.0,,,235657326.0,-529535602.0,6239355812.0,156525298.0,488823754.0,129843572.0,26681726.0,-8226690.0,CMBTN,2024,235657326.0,2067536388.0,95726592.0,0.08552313617867185,0.7503360878553096,,0.7836443770937611,1.2054913122691973,0.056805084753703744,0.8200757734435405,2.518488596078327,TR,yahoo
2406268652.0,1350511234.0,166721519.0,1850323107.0,388123808.0,,,211570533.0,-829952732.0,5036526967.0,-174366944.0,202515255.0,119819374.0,-294186318.0,-300417130.0,CMBTN,2025,211570533.0,2018144844.0,235657326.0,0.0879247347648196,0.8387030443681315,,0.5358314406795486,-1.4552483307081874,-0.07246362281911986,0.7298785973600231,0.4779684329716176,TR,yahoo
,,,,,72700000.0,,,,,,,,,,CMENT,2021,72700000.0,,,,,1.0,,,,,,TR,yahoo
12243046000.0,3111187000.0,436248000.0,2582452000.0,6969679000.0,397766000.0,,489631000.0,2379727000.0,9051225000.0,666859000.0,1199439000.0,237721000.0,429138000.0,539163000.0,CMENT,2022,397766000.0,5273367000.0,72700000.0,0.032489137098725265,0.4307234490501792,1.0,1.0105767473101137,2.805217040143698,0.05446838964747825,1.2047414627648452,5.920748961073948,TR,yahoo
19563694000.0,6407214000.0,2131501000.0,3369012000.0,10965351000.0,0.0,,123165000.0,4521165000.0,15509129000.0,1809511000.0,2648519000.0,121428000.0,1688083000.0,1272757000.0,CMENT,2023,0.0,8598343000.0,397766000.0,0.0,0.43950508528706284,,0.6105499213105192,14.90192542082551,0.09249331951317578,1.9018080078076303,6.982745877509964,TR,yahoo
27278601000.0,9504931000.0,3210172000.0,4993556000.0,14538509000.0,,,264601000.0,6138432000.0,18909657000.0,2880491000.0,3876831000.0,135604000.0,2744887000.0,1236429000.0,CMENT,2024,264601000.0,12740092000.0,0.0,0.009699947588954434,0.46703612109726594,,1.024969671316435,21.241932391374885,0.10559526128191105,1.9034393526376794,6.976311923302416,TR,yahoo
28008510000.0,9875467000.0,3931889000.0,5000029000.0,15827187000.0,,,267215000.0,9088952000.0,17030749000.0,2758519000.0,3761002000.0,149590000.0,2608929000.0,1200255000.0,CMENT,2025,267215000.0,12181323000.0,264601000.0,0.009540493228665145,0.43491506688502884,,0.562562991711419,18.440530784143323,0.09848860221411278,1.9750819445247219,7.475898484159828,TR,yahoo
,,,,,,,,,,,,,,,CONSE,2021,,,,,,,,,,,,TR,yahoo
3393450292.0,637232598.0,92004909.0,900872042.0,1590154405.0,632952448.0,502311208.0,1334254635.0,-187232972.0,1112461325.0,343803818.0,516946484.0,149412819.0,194390999.0,76001505.0,CONSE,2022,1135263656.0,1803295887.0,,0.33454553870329684,0.5314048333789473,0.5575378412360626,0.13161067758166656,2.301032938813637,0.10131393962378395,0.7073508426183349,4.167203679814639,TR,yahoo
5289618770.0,917491430.0,117540548.0,2439741963.0,1845502127.0,1383677088.0,453924898.0,2353911437.0,27099149.0,1705182501.0,244715459.0,489713271.0,330105384.0,-85389925.0,302376049.0,CONSE,2023,1837601986.0,3444116643.0,1135263656.0,0.34739781180865703,0.6511086701622545,0.7529797521670724,0.22207891223629003,0.7413252581181772,0.04626334517487354,0.3760608473823262,2.252383143345595,TR,yahoo
5382453215.0,789399010.0,35287242.0,2020669015.0,2390583158.0,1112681468.0,512535696.0,2232662009.0,234034938.0,1792177443.0,496507921.0,865117521.0,513814802.0,-17306881.0,198564231.0,CONSE,2024,1625217164.0,2991870057.0,1837601986.0,0.30194729040482704,0.5558562123052285,0.68463556295545,0.296760979850767,0.9663168890179229,0.09224565475391688,0.3906622035276767,3.349975641873873,TR,yahoo
9243633216.0,4695693594.0,3448775425.0,2306357529.0,2305240113.0,1577499937.0,3652926187.0,5828061442.0,912969717.0,1684563338.0,473907257.0,871183098.0,333159269.0,140747988.0,121350179.0,CONSE,2025,5230426124.0,6938393103.0,1625217164.0,0.5658409417356094,0.7506131994711981,0.30160065348434695,0.09719270825632256,1.4224645720422684,0.051268505134940225,2.035978175524234,5.961020839027525,TR,yahoo
54725099.0,26043700.0,1973010.0,7142762.0,22555531.0,174266.0,0.0,656004.0,10833119.0,29160276.0,5886141.0,7088663.0,0.0,5886141.0,2708349.0,COSMO,2021,174266.0,32169568.0,,0.003184388940073,0.5878393751284031,1.0,0.0,inf,0.10755834356736385,3.6461665669386716,7.620019109623667,TR,yahoo
105719331.0,94187795.0,37739850.0,55729333.0,38540044.0,1517243.0,898200.0,2415443.0,-70626473.0,163581413.0,12203972.0,13585853.0,1652726.0,10551246.0,9773555.0,COSMO,2022,2415443.0,67179287.0,174266.0,0.022847694713467304,0.6354494146392206,0.6281427464858413,1.2763797013486844,7.3841471605093645,0.11543746904716981,1.6900937070249882,4.8366394550052,TR,yahoo
168561428.0,145527483.0,7341013.0,116587991.0,33809859.0,6354150.0,0.0,6354150.0,-75115377.0,321377974.0,6605457.0,9553524.0,7865087.0,-1259630.0,-4488904.0,COSMO,2023,6354150.0,134751569.0,2415443.0,0.037696346521221925,0.7994211404046719,1.0,1.7937176788021976,0.8398453825113441,0.03918723920635034,1.248220179040567,3.4503019437165454,TR,yahoo
,,,,,,,,,,,,57702401.0,,,CRDFA,2021,,,,,,,,,,,,TR,yahoo
709198478.0,543736389.0,22134161.0,441297902.0,260302829.0,434833799.0,0.0,436549548.0,30214089.0,158722376.0,41484984.0,42031008.0,82949353.0,41189946.0,30154116.0,CRDFA,2022,434833799.0,448895649.0,,0.6131341401440514,0.6329619463734946,1.0,0.19076105213247235,0.5001242625726087,0.058495590849251655,1.23213001135002,5.338387730406471,TR,yahoo
955859185.0,768647634.0,14274544.0,562271839.0,376201950.0,546058446.0,0.0,552583666.0,66166871.0,309790445.0,91736104.0,94725647.0,150381220.0,95586658.0,66106898.0,CRDFA,2023,546058446.0,579657235.0,434833799.0,0.5712749896314487,0.6064253439171586,1.0,0.30662128437971287,0.6100236718388107,0.09597240413607576,1.3670391804914848,6.218401356460204,TR,yahoo
1453016800.0,1256519435.0,40779726.0,894422633.0,508180143.0,872448170.0,0.0,882406780.0,119440343.0,637478593.0,164636490.0,173448444.0,,171256797.0,119380370.0,CRDFA,2024,872448170.0,944836657.0,546058446.0,0.6004391483980089,0.6502585909536628,1.0,,,0.11330666651617517,1.4048385949106457,6.478914960788326,TR,yahoo
3217372525.0,2948785819.0,100164419.0,1700726056.0,1460286222.0,1662940709.0,0.0,1668865704.0,916310610.0,1034958809.0,259184476.0,270760455.0,,1002111579.0,916250637.0,CRDFA,2025,1662940709.0,1757086303.0,872448170.0,0.5168629669329323,0.5461246061333852,1.0,,,0.08055780733690451,1.7338393850067526,8.137145080131424,TR,yahoo
4917909338.0,2562518422.0,873978953.0,4307584089.0,-394893724.0,1189855947.0,,2225574556.0,-1683102912.0,9367507540.0,365092578.0,749676679.0,812070449.0,-446977871.0,-430492902.0,CRFSA,2021,1189855947.0,5312803062.0,,0.24194344897864403,1.0802970727721048,1.0,0.6824947600148441,0.44958239577561576,0.07423735431212213,0.5948852927894637,0.22738571399520954,TR,yahoo
18345223000.0,8032167000.0,1965009000.0,11497956000.0,4150531000.0,1828874000.0,,4081086000.0,-10363085000.0,36272967000.0,3686066000.0,5503309000.0,2180263000.0,1505803000.0,1160897000.0,CRFSA,2022,1828874000.0,14194692000.0,1189855947.0,0.09969211058377432,0.7737541266192294,1.0,1.4444902580084948,1.6906519993230174,0.2009278382715762,0.6985734681886068,1.826386075920488,TR,yahoo
27921199000.0,12655205000.0,2463679000.0,17167745000.0,7430016000.0,2200901000.0,,5471526000.0,-13223512000.0,64019531000.0,5622881000.0,8653803000.0,4302638000.0,1320243000.0,1738606000.0,CRFSA,2023,2200901000.0,20491183000.0,1828874000.0,0.07882544728827727,0.733893376140473,1.0,2.135423441755433,1.306845009968303,0.2013839377026753,0.7371501032896283,2.3798784298405566,TR,yahoo
27346831000.0,11973008000.0,2044840000.0,19743010000.0,4387952000.0,5854009000.0,,9103289000.0,-16074486000.0,65714586000.0,4825958000.0,8198349000.0,8147216000.0,-3321258000.0,-2850974000.0,CRFSA,2024,5854009000.0,22958879000.0,2200901000.0,0.21406535185009187,0.8395444064432913,1.0,2.022919188420479,0.5923444278389084,0.17647229399267506,0.6064428878879158,0.8564618521715345,TR,yahoo
,,,,,,,,,,,,,,,CUSAN,2021,,,,,,,,,,,,TR,yahoo
3016901465.0,2361706933.0,148861663.0,1730886669.0,1055488767.0,1079070752.0,0.0,1090583307.0,157783301.0,3648516537.0,191643881.0,283594840.0,136234218.0,55409663.0,-23629448.0,CUSAN,2022,1079070752.0,1961412698.0,,0.3576751725300382,0.6501414516698509,1.0,0.12625142303921885,1.4067235369604427,0.06352341408008166,1.3644492012665677,5.784073722901358,TR,yahoo
3375896611.0,2504164948.0,268296390.0,2096617787.0,1167260591.0,571497312.0,128939559.0,707877876.0,-109261189.0,2589729682.0,-350106186.0,-227971736.0,229870461.0,-579976647.0,-344112433.0,CUSAN,2023,700436871.0,2208636020.0,1079070752.0,0.20748173054758282,0.6542368663789627,0.8159155173885756,0.2583528814700672,-1.5230586151737,-0.10370761499603283,1.1943831458108296,3.7944384939403637,TR,yahoo
5567412823.0,3166282693.0,630631487.0,2446231311.0,1252692991.0,842871988.0,1242338456.0,2115493413.0,-389090407.0,3629314896.0,56180773.0,252998691.0,345160868.0,-288980095.0,-250179177.0,CUSAN,2024,2085210444.0,4314719832.0,700436871.0,0.37453849935208944,0.7749954905760004,0.40421435180573073,0.24781376030009025,0.16276692466771756,0.010091001832647824,1.2943513063389123,4.243252007781956,TR,yahoo
5505964311.0,1961652838.0,310721975.0,3100444039.0,733506173.0,1626736664.0,1094949205.0,2738790990.0,-983365289.0,2808424656.0,-430571558.0,-206716455.0,341634161.0,-772205719.0,-584763636.0,CUSAN,2025,2721685869.0,4772458138.0,2085210444.0,0.4943159300111199,0.86677970804595,0.5976944960946924,0.14214334520845323,-1.2603293439381784,-0.07820093514587258,0.6327006110494743,0.9468381503868722,TR,yahoo
,,,,,,,,,,,,,,,CVKMD,2021,,,,,,,,,,,,TR,yahoo
2624562949.0,552963591.0,119629810.0,348970467.0,1837997074.0,120166048.0,21679077.0,180673356.0,1636906027.0,1896442763.0,869982328.0,967020507.0,18650103.0,851332225.0,630862546.0,CVKMD,2022,141845125.0,786565875.0,,0.054045236390327475,0.29969404060195776,0.8471637498997586,0.1314821570357106,46.64758838061109,0.33147702871119056,1.58455698487517,10.474192137855177,TR,yahoo
6895698781.0,2150001919.0,1125760706.0,1025879589.0,5100053520.0,256919932.0,6270259.0,287653834.0,2789087924.0,2568160227.0,609415956.0,764734163.0,29204368.0,580211588.0,435794647.0,CVKMD,2023,263190191.0,1795645261.0,141845125.0,0.03816729810257644,0.26040076836703113,0.9761759396268685,0.1442065264254636,20.867287934462407,0.08837624370704078,2.0957643977455134,9.214096881611335,TR,yahoo
19639898830.0,1662070670.0,768969366.0,4682507362.0,8524489900.0,1437263418.0,1324732918.0,2834805633.0,4911063606.0,4103788854.0,1514224779.0,1916976816.0,266424123.0,1247800656.0,1248530054.0,CVKMD,2024,2761996336.0,11115408930.0,263190191.0,0.14063190243022244,0.5659606002155766,0.5203712254309087,0.17613731954849474,5.68351229591924,0.07709941849023262,0.3549531354693041,4.379673696165432,TR,yahoo
22044038288.0,2673565340.0,1242392276.0,7421374807.0,8893812798.0,1598181138.0,549608896.0,2251751925.0,5056243102.0,3277373640.0,851081697.0,1220380535.0,385893488.0,465188209.0,141411396.0,CVKMD,2025,2147790034.0,13150225490.0,2761996336.0,0.09743178658735961,0.5965433972757397,0.7441049230606496,0.15719359618491915,2.205483438994959,0.03860824799344043,0.36025203005219947,3.554451867878158,TR,yahoo
14874509786.0,7766221673.0,622725172.0,4621587387.0,8538603407.0,269509834.0,433548574.0,2223637427.0,3534673453.0,16608331172.0,878944606.0,1218633126.0,256676121.0,622268485.0,546782913.0,CWENE,2023,703058408.0,6335906379.0,,0.04726598846717785,0.42595732364661876,0.3833391805478557,0.3650850599030173,3.4243333683541213,0.05909066037438553,1.6804229851512704,7.223664141694819,TR,yahoo
20358426885.0,10413677972.0,508446367.0,6974659521.0,11541972020.0,2165026339.0,779361239.0,4615445557.0,4959502531.0,13771102616.0,1506117226.0,2108993054.0,759124574.0,746992652.0,478063048.0,CWENE,2024,2944387578.0,8816454865.0,703058408.0,0.14462746039427102,0.43306169552304286,0.7353061652537647,0.41624993319366455,1.9840185360670461,0.07398003954370859,1.4930733092626902,7.024047762954097,TR,yahoo
28630280824.0,13025303250.0,521171297.0,11291057749.0,13949752508.0,3845707679.0,1653645644.0,7728383364.0,7028510886.0,16355768622.0,2913492344.0,3608860700.0,1764480130.0,1149012214.0,2215087500.0,CWENE,2025,5499353323.0,14680528316.0,2944387578.0,0.19208171085733952,0.5127622885100626,0.6993018002527785,0.4179380089199637,1.6511902256445359,0.10176261846365464,1.1535946002183537,6.1292461565607885,TR,yahoo
,,,,,,,,,,,,,,,DAGI,2021,,,,,,,,,,,,TR,yahoo
1949408157.0,872464441.0,71843016.0,691679414.0,967053721.0,516300467.0,70102556.0,787520745.0,84359140.0,1096673923.0,252994127.0,427440911.0,158839150.0,94154977.0,91013766.0,DAGI,2022,586403023.0,982354436.0,,0.3008107978282149,0.5039244513636248,0.8804532834067603,0.2708702782386577,1.5927693330013413,0.12977996736678268,1.261371125612248,5.905205060417457,TR,yahoo
3061908105.0,1452382223.0,126708607.0,1129573832.0,1545403713.0,850966244.0,78445969.0,1164708782.0,245631068.0,2040247241.0,558161938.0,910236280.0,342321940.0,215839998.0,154051604.0,DAGI,2023,929412213.0,1516504392.0,586403023.0,0.30354020471166293,0.49528083142782625,0.9155961500153,0.451667105422867,1.630517570682148,0.18229219129357246,1.2857789210895956,6.498137615598937,TR,yahoo
3748354619.0,1666008606.0,58880066.0,1501708580.0,1886727521.0,1102933158.0,6060861.0,1355199158.0,182409017.0,2746522365.0,427721004.0,1276184880.0,555267032.0,-127546028.0,-135659753.0,DAGI,2024,1108994019.0,1861627098.0,929412213.0,0.2958615530608098,0.49665180785286844,0.994534811823904,0.544805076910695,0.7702978555370095,0.11410900180893477,1.1094087282900122,5.527155224263396,TR,yahoo
4242527388.0,2106507468.0,332838451.0,2006767069.0,1670038667.0,1260327312.0,0.0,1649921703.0,-31625680.0,3211992439.0,280574242.0,883305046.0,458738239.0,-178163997.0,-197153644.0,DAGI,2025,1260327312.0,2572488721.0,1108994019.0,0.2970699294870409,0.6063575990755631,1.0,0.38723176379489577,0.611621657291142,0.06613374914057243,1.0497020309635148,4.505992137633292,TR,yahoo
,,,,,,,,,,,,,,,DAPGM,2021,,,,,,,,,,,,TR,yahoo
12050055504.0,3487513010.0,198940140.0,3080133003.0,4014632371.0,508790644.0,1132539514.0,1668585826.0,3178317509.0,7814389689.0,2555926845.0,2565985990.0,120394821.0,2435532024.0,1945833549.0,DAPGM,2022,1641330158.0,8035423133.0,,0.13620934421880154,0.6668370224794942,0.30998677598172786,0.07335198248395311,21.22954146839921,0.21210913461365913,1.1322605246602073,6.281603211883529,TR,yahoo
22125583190.0,9900341841.0,1927961345.0,5329189145.0,9603762064.0,817111691.0,2093812492.0,2934390085.0,6508259171.0,10296511815.0,2954088542.0,2977278128.0,339125794.0,2614962748.0,2321699089.0,DAPGM,2023,2910924183.0,12521821126.0,1641330158.0,0.13156372684068446,0.5659430993737345,0.2807052467295401,0.14899246333652955,8.710893108885726,0.13351460689791653,1.8577576384746615,7.266758268247502,TR,yahoo
29991794731.0,12006732249.0,2188642141.0,6260211750.0,13644448459.0,1435474115.0,1605971298.0,3056352318.0,1083800295.0,8882491724.0,2436182449.0,2477836681.0,578906956.0,1857275493.0,1083800295.0,DAPGM,2024,3041445413.0,16347346272.0,2910924183.0,0.10140925010587357,0.5450606213673209,0.4719710269546107,0.194513108322113,4.208245252109218,0.08122829830126581,1.917943470362644,6.046966839559712,TR,yahoo
31456317021.0,11137988616.0,1408956101.0,4912557482.0,14677678249.0,1462665084.0,1455482144.0,2927938702.0,1043609929.0,8010133699.0,2590488124.0,2635416343.0,925435046.0,1665053078.0,1043609929.0,DAPGM,2025,2918147228.0,16778638772.0,3041445413.0,0.09276824194173358,0.5333948904698127,0.5012307363951823,0.31056990024228065,2.799211176621033,0.08235192067369519,2.2672485068745707,6.128354161232895,TR,yahoo
1486016426.0,613114083.0,14509512.0,495323827.0,872354949.0,336699974.0,38133818.0,374833792.0,-264757148.0,1160582124.0,24885860.0,36385842.0,46302171.0,-21416311.0,-22602702.0,DARDL,2021,374833792.0,613661477.0,,0.2522406787985263,0.41295739822461425,0.8982647274235083,0.1235272058928988,0.5374663749568028,0.016746692408365075,1.2378045423605273,4.794336307865762,TR,yahoo
5886635159.0,1769815420.0,25927833.0,2206795085.0,3390889822.0,1509269451.0,48119406.0,1566999958.0,900903504.0,5373816680.0,369412588.0,456313798.0,287655734.0,81756854.0,265111182.0,DARDL,2022,1557388857.0,2495745337.0,374833792.0,0.26456350953208446,0.42396806827484246,0.9691025104079064,0.29774594987681463,1.2842177100491938,0.06275445615738728,0.8019844851158893,5.110263852760076,TR,yahoo
9878104909.0,3100624528.0,149382313.0,4177998925.0,5441461705.0,3144671385.0,25114540.0,3203165210.0,137715246.0,9337793156.0,393425531.0,581107607.0,722510752.0,-329085221.0,-88029132.0,DARDL,2023,3169785925.0,4436643204.0,1557388857.0,0.32089008511257955,0.44913910561506065,0.9920768971172714,0.30568395937089343,0.5445255034765213,0.03982803732338858,0.7421314805627912,4.135420429008472,TR,yahoo
11319061583.0,4657129825.0,1126648040.0,5212082717.0,5779120845.0,3766686787.0,4216285.0,3786331469.0,-40680627.0,10839173181.0,1232441487.0,1547510161.0,1430148350.0,-197706863.0,-178395873.0,DARDL,2024,3770903072.0,5539940738.0,3169785925.0,0.33314626343790604,0.48943463178258423,0.9988818898498593,0.4121055850847541,0.8617577938680278,0.108881949087634,0.893525693636838,4.7436779309249255,TR,yahoo
,,,,,,,,,,,,,,,DCTTR,2021,,,,,,,,,,,,TR,yahoo
727188457.0,457777155.0,60989732.0,369447331.0,289488005.0,163798605.0,10019801.0,176579327.0,92016581.0,3106659569.0,76921625.0,76921625.0,19859569.0,57062056.0,44429710.0,DCTTR,2022,173818406.0,437700452.0,,0.23902800481333822,0.6019078655424807,0.9423547757077003,0.11425469521334812,3.873277662773044,0.10577949121653893,1.2390863773759404,5.8646306762050155,TR,yahoo
2345237803.0,2018736530.0,116224868.0,1902590821.0,373846466.0,653166459.0,0.0,656470791.0,73474607.0,2217329327.0,146560701.0,163296795.0,104661418.0,41899283.0,11102647.0,DCTTR,2023,653166459.0,1971391337.0,173818406.0,0.27850756036956137,0.8405933651923143,1.0,0.2531156794507962,1.4003316962512393,0.06249289552322639,1.061046078703856,4.29608120871107,TR,yahoo
1736936887.0,1213397504.0,185403115.0,582245510.0,1033280272.0,328503436.0,26959747.0,358698759.0,103475670.0,3284453741.0,21876264.0,35741071.0,79720487.0,-57844223.0,-56368655.0,DCTTR,2024,355463183.0,703656615.0,653166459.0,0.20464945252786262,0.4051135192455614,0.9241560074591466,0.1580768275695788,0.27441207176770005,0.01259473741604061,2.0839963265667776,7.454424714308788,TR,yahoo
1845660376.0,1108398391.0,60403895.0,408527139.0,1000103184.0,339673109.0,307315319.0,655995285.0,51137548.0,2709231196.0,-31729178.0,-10695683.0,57421174.0,-89150352.0,-119702833.0,DCTTR,2025,646988428.0,845557192.0,355463183.0,0.3505457647642537,0.458132602831584,0.5250064673490574,0.11456148779634212,-0.5525693013521458,-0.017191233236943045,2.7131573038529515,6.9542530534403415,TR,yahoo
,,,,,,,,,,,,,,,DENGE,2021,,,,,,,,,,,,TR,yahoo
2814282502.0,555802155.0,246190521.0,337317439.0,1110993302.0,65753594.0,574253855.0,641221232.0,-82228051.0,794123465.0,672102178.0,686138904.0,77937833.0,594164345.0,-49694479.0,DENGE,2022,640007449.0,1703289200.0,,0.22741407394075466,0.6052303557974508,0.10273879484174567,0.12177644669882584,8.623567683746096,0.2388183053841835,1.6477124830774017,5.953765253525949,TR,yahoo
2023337473.0,262259976.0,17969398.0,339886926.0,1468808239.0,102057770.0,149986748.0,252677062.0,-253237018.0,565684195.0,747060075.0,786613988.0,102012069.0,645048006.0,346856430.0,DENGE,2023,252044518.0,554529234.0,640007449.0,0.12456869966743309,0.2740666059912389,0.4049196182080818,0.22871328750738576,7.323251869344989,0.36922168692518453,0.771609485208619,7.852660281889628,TR,yahoo
2209964734.0,535462309.0,16527916.0,585665849.0,1476130043.0,157329148.0,121134454.0,283690964.0,-776047052.0,700383787.0,-880691012.0,-822076427.0,89436693.0,-970127705.0,-444579225.0,DENGE,2024,278463602.0,733834691.0,252044518.0,0.12600364056307153,0.33205719517151355,0.5649899910437846,0.3371737005646587,-9.847088286236165,-0.3985090795571039,0.9142795502149895,1.3903265390291069,TR,yahoo
1928060723.0,566962933.0,64322317.0,399482517.0,1377402471.0,124761736.0,87068721.0,214022074.0,-1223238857.0,602646544.0,-85376552.0,-40229887.0,218856479.0,-304233031.0,-447191805.0,DENGE,2025,211830457.0,550658252.0,278463602.0,0.10986710868234413,0.2856021314220818,0.5889697721796446,0.8927559899313404,-0.3901029221986158,-0.04428104933705451,1.419243418354651,4.080432510442206,TR,yahoo
,,,,,,,,,,,,,,,DERHL,2021,,,,,,,,,,,,TR,yahoo
1835740096.0,697119838.0,79048988.0,613765396.0,354103801.0,270500000.0,294046672.0,616874638.0,90254546.0,1689043845.0,379279531.0,422720741.0,61118418.0,318161113.0,56076428.0,DERHL,2022,564546672.0,1481636295.0,,0.3075308281548806,0.8071056998909719,0.47914550455449323,0.10826105445538788,6.205650332768757,0.20660851273360215,1.1358083113568038,5.347498949253415,TR,yahoo
3607677299.0,1478772323.0,142998647.0,1040397111.0,1239193046.0,769966017.0,540729804.0,1403083616.0,618283915.0,2582819664.0,365940500.0,431299934.0,149084423.0,216856077.0,106783964.0,DERHL,2023,1310695821.0,2368484253.0,564546672.0,0.3633073893175832,0.6565122256518099,0.5874482886597988,0.1590028207621253,2.4545857483715787,0.10143382283704638,1.421353738265042,5.836812310397532,TR,yahoo
4316059701.0,2421518883.0,112586776.0,1436917932.0,1666894081.0,1156160679.0,304957969.0,1519542234.0,401701559.0,4031867064.0,219056704.0,316393729.0,200625139.0,18431565.0,33563972.0,DERHL,2024,1461118648.0,2649165620.0,1310695821.0,0.33853068521305885,0.6137926264982404,0.7912845959378927,0.1447608714391194,1.0918706653207602,0.050753863286285436,1.6852172480230416,6.051653835345786,TR,yahoo
5159383280.0,2783988170.0,120307973.0,2050533674.0,1700743326.0,1604674947.0,186499771.0,2181891402.0,410592463.0,4331770590.0,510048965.0,652352778.0,392603242.0,117445723.0,9155882.0,DERHL,2025,1791174718.0,3458639954.0,1461118648.0,0.3471683766824162,0.6703591817663913,0.8958785152973558,0.24143162858820652,1.2991460855027783,0.09885851415171466,1.3576895640875977,5.622655260801945,TR,yahoo
,,,,,,2786171.0,,,,,,,,,DERIM,2021,2786171.0,,,,,,,,,,,TR,yahoo
901752058.0,887143421.0,227278064.0,664510298.0,222882662.0,24212104.0,0.0,29735586.0,-130226833.0,1992452896.0,64414147.0,68760167.0,86696868.0,-22282721.0,-43768054.0,DERIM,2022,24212104.0,678869396.0,2786171.0,0.02685006791523175,0.752833763979056,1.0,6.422400542256867,0.7429812458738417,0.0714322151289174,1.335033367684544,5.223555865145609,TR,yahoo
1300472253.0,1255430979.0,222322019.0,924992712.0,333461938.0,18876609.0,3108895.0,50343566.0,-170316282.0,3771368518.0,246135943.0,257928453.0,192823323.0,53312620.0,17734203.0,DERIM,2023,21985504.0,967010315.0,24212104.0,0.01690578476340625,0.7435839655703904,0.8585934168259232,8.347762204484699,1.2764842923073159,0.1892665856054985,1.3572333735317041,6.123842477818869,TR,yahoo
1800245757.0,1791726797.0,316908066.0,1218080961.0,537641418.0,41988233.0,0.0,41988233.0,-126976053.0,4780793849.0,682580004.0,687741041.0,526899756.0,155680248.0,98972204.0,DERIM,2024,41988233.0,1262604339.0,21985504.0,0.02332361169953309,0.7013510983656216,1.0,16.472376969317892,1.2954646424243172,0.37915934607588136,1.470942289032297,8.105459808574011,TR,yahoo
1793628224.0,1785925937.0,523111711.0,1112375903.0,628963399.0,0.0,,0.0,-33936450.0,4508626931.0,688722417.0,690686206.0,528429663.0,160292754.0,93039603.0,DERIM,2025,0.0,1164664825.0,41988233.0,0.0,0.6493345774871125,,25.17036918414738,1.3033379184090201,0.3839828163854763,1.6055057756856137,8.799159460235085,TR,yahoo
,,,,,,,,,,,,,,,DESA,2021,,,,,,,,,,,,TR,yahoo
2335274370.0,1524152687.0,338367228.0,924296211.0,1103261693.0,105374713.0,117175304.0,297869586.0,101155055.0,2545112549.0,371385711.0,639627563.0,56445753.0,314939958.0,196501651.0,DESA,2022,222550017.0,1232012677.0,,0.09529930181180381,0.5275665646944946,0.4734877778059213,0.2536317622478546,6.579515574891879,0.15903300947031762,1.6489872714624814,7.085234480215824,TR,yahoo
3739193975.0,2431613117.0,942682614.0,1191497886.0,2344550135.0,77406283.0,94370450.0,289188111.0,497957095.0,3536449564.0,1046002100.0,1458676999.0,133087927.0,912914173.0,716179984.0,DESA,2023,171776733.0,1394643840.0,222550017.0,0.04593950839365053,0.3729798050928877,0.45062146454956736,0.6750134349242094,7.859481499024326,0.2797399939648758,2.0408035512032794,9.504804571252917,TR,yahoo
5205692596.0,3416138913.0,31103901.0,1474379641.0,3506371537.0,76667259.0,21441679.0,378520745.0,1093795499.0,3900731698.0,840234474.0,1246170837.0,174198474.0,666036000.0,428968227.0,DESA,2024,98108938.0,1699321059.0,171776733.0,0.018846471663614153,0.32643515299111986,0.7814502996658673,1.290905688727728,4.823431886091035,0.16140685576509597,2.317000871419385,9.633120472595621,TR,yahoo
5336107767.0,3589720238.0,32323843.0,1241337219.0,3834239296.0,22502877.0,0.0,313877662.0,1390700356.0,3818227292.0,1024725485.0,1466099615.0,128502366.0,896223119.0,580509077.0,DESA,2025,22502877.0,1501868471.0,98108938.0,0.0042170956777080396,0.2814539242044509,1.0,2.130842090387248,7.974370565285934,0.1920361300304301,2.8918171332136624,10.957744069359562,TR,yahoo
,,,,,,,,,,,,,,,DESPC,2021,,,,,,,,,,,,TR,yahoo
718183643.0,695934609.0,10478309.0,407300223.0,305768083.0,87228297.0,,89662190.0,-85517472.0,2572338443.0,93782428.0,96464925.0,153909481.0,-60127053.0,-84152954.0,DESPC,2022,87228297.0,412415560.0,,0.12145681379713628,0.574248054825164,1.0,1.7644444095933685,0.6093349635816133,0.1305827957989291,1.7086526589011959,7.1542420480043125,TR,yahoo
1856868697.0,1811338175.0,13551006.0,1526898438.0,326964877.0,0.0,,1948992.0,-238199659.0,5847130740.0,446807560.0,452589648.0,545515019.0,-98707459.0,-114730388.0,DESPC,2023,0.0,1529903820.0,87228297.0,0.0,0.8239159949606281,,12.507753510308701,0.819056386053415,0.2406242082285477,1.1862859571541458,5.678079709634024,TR,yahoo
3549430756.0,3509797119.0,12226011.0,3093748429.0,447339209.0,0.0,,6080084.0,-291888854.0,9592180864.0,1262189570.0,1266478183.0,1195353721.0,66835849.0,19895444.0,DESPC,2024,0.0,3102091547.0,0.0,0.0,0.8739687460464435,,inf,1.0559130304493358,0.3556033788985402,1.134480452935367,6.29191766516749,TR,yahoo
1765316392.0,1733059993.0,26724970.0,1349870591.0,404605720.0,0.0,,8987216.0,-334591184.0,10932543220.0,1156516970.0,1163274361.0,1151999670.0,4517300.0,-42702330.0,DESPC,2025,0.0,1360710672.0,0.0,0.0,0.7708027173861988,,inf,1.0039212684843912,0.6551329695011409,1.2838712129554055,8.770772249784244,TR,yahoo
,,,,,,,,,,,,,,,DEVA,2021,,,,,,,,,,,,TR,yahoo
20535798937.0,9680783422.0,990686461.0,6650553737.0,11530176155.0,4751369159.0,394539546.0,5600349350.0,7410290494.0,8712735438.0,2410655215.0,3053712690.0,1193044615.0,1217610600.0,851061391.0,DEVA,2022,5145908705.0,9005622782.0,,0.2505823474794766,0.4385328669036725,0.923329470338903,0.23184333096325307,2.020591002793303,0.11738794397020737,1.4556356966400374,7.527540093574428,TR,yahoo
32404333087.0,16623572939.0,2189103371.0,9985468231.0,21343640447.0,6863205484.0,76681518.0,7918480220.0,15184575033.0,16358568181.0,5048884166.0,6030462217.0,2196597498.0,2852286668.0,4887825625.0,DEVA,2023,6939887002.0,11060692640.0,5145908705.0,0.21416540137911835,0.3413337534305663,0.988950610005912,0.3635006831577912,2.29850219286738,0.1558089207528087,1.6647765086660562,9.19466203690843,TR,yahoo
38913399909.0,16080584808.0,1262043748.0,9999761387.0,27240080368.0,6915019430.0,876204231.0,8070532133.0,19362702120.0,20233967079.0,4272118887.0,5694356008.0,3788658097.0,483460790.0,90864990.0,DEVA,2024,7791223661.0,11673319541.0,6939887002.0,0.20021955622536144,0.2999820002440898,0.8875395869603955,0.5143750778433752,1.127607394919806,0.10978528982279784,1.6080968520814165,9.085194354005157,TR,yahoo
37626482000.0,16625931505.0,2383480638.0,10072808825.0,26319921789.0,4944088334.0,523754463.0,5982582706.0,18555713639.0,19245645072.0,2635313220.0,4191891861.0,2728019929.0,-92706709.0,-806988481.0,DEVA,2025,5467842797.0,11306560211.0,7791223661.0,0.1453190015744762,0.3004947475823012,0.9042118651824876,0.41149502306838803,0.966016850531593,0.07003878863827875,1.6505755041965666,8.915091741292212,TR,yahoo
,,,,,,0.0,,,,,,,,,DGATE,2021,0.0,,,,,,,,,,,TR,yahoo
1236681861.0,1193837774.0,28307487.0,725481246.0,346937081.0,87228297.0,0.0,94205632.0,-39566874.0,4393335717.0,67926841.0,73917482.0,208476063.0,-140549222.0,-127350893.0,DGATE,2022,87228297.0,889744780.0,0.0,0.07053414443183137,0.7194613328285892,1.0,4.780009931868784,0.32582561289062717,0.054926689831993905,1.6455804758321761,6.408636047141088,TR,yahoo
2415028078.0,2331560347.0,20384590.0,1940797402.0,302383392.0,0.0,,4967160.0,-255387998.0,7436972828.0,394722416.0,409419145.0,653239815.0,-258517399.0,-198261741.0,DGATE,2023,0.0,2112644686.0,87228297.0,0.0,0.8747909414575344,,14.977704196150935,0.604253456290015,0.16344423470508404,1.2013414406868625,5.215327654611135,TR,yahoo
4463812599.0,4356574674.0,16657582.0,3908211833.0,310723087.0,0.0,,16691836.0,-418897195.0,11493903017.0,1292913029.0,1304009321.0,1333339142.0,-40426113.0,-84614737.0,DGATE,2024,0.0,4153089512.0,0.0,0.0,0.9303906514647122,,inf,0.9696805473366955,0.28964321425358297,1.1147232699144227,5.627944814852634,TR,yahoo
5725051726.0,5347757901.0,100011304.0,5170042890.0,327842365.0,1237032113.0,,1263524228.0,-401553186.0,15944503783.0,1540728830.0,1574759944.0,1458194678.0,82534152.0,17344009.0,DGATE,2025,1237032113.0,5397209361.0,0.0,0.21607352600537882,0.9427354754698334,1.0,2.357569642171448,1.056600228519007,0.26912050820481964,1.0343739916246613,5.097247785242344,TR,yahoo
,,,,,,,,,,,,,,,DGGYO,2021,,,,,,,,,,,,TR,yahoo
8405879171.0,67639066.0,28003698.0,602790830.0,5067428711.0,220039857.0,1853453558.0,3118514514.0,-6727906.0,476659617.0,4199499547.0,4203042893.0,234020622.0,3965478925.0,3965478925.0,DGGYO,2022,2073493415.0,3338450460.0,,0.24667180824505336,0.39715660814130443,0.10612035486015758,0.1128629685086316,17.944997800236596,0.4995907580361293,0.11220984566072446,7.780798262696149,TR,yahoo
14456131610.0,173909345.0,54095987.0,795026455.0,9980659513.0,313855528.0,2605553808.0,4231125720.0,2655586169.0,791931515.0,3040790260.0,3046070295.0,375490407.0,2665299853.0,2665299853.0,DGGYO,2023,2919409336.0,4475472097.0,2073493415.0,0.20194955433170686,0.30958988322326153,0.10750651651680544,0.15040966176430942,8.098183610853207,0.21034605536494558,0.21874661390984781,7.322115339830953,TR,yahoo
19490708585.0,89048977.0,37380176.0,805645084.0,14018822744.0,366524813.0,2591704058.0,4101559584.0,4430288594.0,1049194873.0,2657288310.0,2664174009.0,531084616.0,2126203694.0,1280357505.0,DGGYO,2024,2958228871.0,5471885841.0,2919409336.0,0.15177636349643261,0.2807432996669577,0.12390008649875014,0.18071361226946644,5.003512114536566,0.1363361572213461,0.1105312733466639,7.356071678357966,TR,yahoo
19601637550.0,180919938.0,58144510.0,3293973017.0,13783698042.0,2943733766.0,0.0,3922435993.0,4195381420.0,1148233728.0,722035805.0,727002202.0,330547232.0,391488573.0,-234907174.0,DGGYO,2025,2943733766.0,5817939508.0,2958228871.0,0.15017795112735363,0.29680885044219174,1.0,0.11201264810717913,2.184365001731432,0.03683548393129022,0.05492453552785129,5.641076988694346,TR,yahoo
,,,,,,,,,,,,,,,DGNMO,2021,,,,,,,,,,,,TR,yahoo
9157217210.0,4340250156.0,771049935.0,5318428474.0,2115977739.0,1161300075.0,1008794376.0,2986589959.0,213671740.0,7469783047.0,812760294.0,1324466144.0,436488851.0,376271443.0,409754406.0,DGNMO,2022,2170094451.0,7041239471.0,,0.23698186918949365,0.7689278641671534,0.5351380325703621,0.20113818124315364,1.8620413605936523,0.08875625371345756,0.8160775644944774,3.5373052623005523,TR,yahoo
9907534421.0,4621009123.0,459705779.0,6107044016.0,2578877069.0,1917952793.0,514320232.0,3172089734.0,880677079.0,12109162850.0,1350101665.0,2190881934.0,456335867.0,893765798.0,896647482.0,DGNMO,2023,2432273025.0,7328657352.0,2170094451.0,0.24549730756872837,0.7397054646074391,0.7885433803221988,0.19830483740364413,2.9585701292245785,0.13627019676442667,0.7566687109006093,3.841062902916464,TR,yahoo
12869249875.0,4012520470.0,218358594.0,7271106179.0,4181649733.0,3348590062.0,331853523.0,4749688008.0,406235559.0,15493317896.0,-139314506.0,1369843373.0,940927106.0,-1080241612.0,-593623312.0,DGNMO,2024,3680443585.0,8687600142.0,2432273025.0,0.28598742123654664,0.6750665521598631,0.9098332808706807,0.3078589000709457,-0.14806089133965283,-0.010825378895675534,0.5518445709937143,2.124523320496902,TR,yahoo
11727105687.0,2960331219.0,98716532.0,8900713828.0,1393706557.0,5182991921.0,83234981.0,6224478154.0,-2417562327.0,12808491372.0,-804868844.0,383481906.0,1764765014.0,-2569633858.0,-2823797886.0,DGNMO,2025,5266226902.0,10333399130.0,3680443585.0,0.44906450428240263,0.8811551124208777,0.9841945699361361,0.39450765881325345,-0.4560770627335204,-0.06863320460156096,0.33259480938341657,-1.0646295195269273,TR,yahoo
68372231.0,36453984.0,51491.0,41464134.0,18260392.0,3392968.0,8643342.0,12036310.0,-29911720.0,20709875.0,2505300.0,2879637.0,0.0,2505300.0,2504380.0,DIRIT,2021,12036310.0,50111839.0,,0.1760409134521294,0.7329267784168108,0.2818943679582862,0.0,inf,0.036642068912450726,0.879169066933847,1.9719502758509522,TR,yahoo
,,,,,,,,,,,,,,,DITAS,2021,,,,,,,,,,,,TR,yahoo
1247008675.0,680748135.0,63093757.0,670716566.0,287026302.0,372229792.0,60791016.0,501947370.0,-161661890.0,1496551396.0,64018459.0,193276725.0,109709572.0,-45691113.0,26921838.0,DITAS,2022,433020808.0,959982373.0,,0.3472476308153991,0.7698281433366934,0.8596117902953061,0.25335866076902247,0.5835266497986156,0.051337621207807556,1.014956495050996,3.539075979835089,TR,yahoo
1712193534.0,900385652.0,14106445.0,1026415044.0,413439586.0,558294713.0,60533623.0,666876282.0,-256725014.0,2178334583.0,91320941.0,283394610.0,96908946.0,-5588005.0,-23319557.0,DITAS,2023,618828336.0,1298753948.0,433020808.0,0.3614242921209396,0.7585322115811705,0.9021802663541897,0.18426396323615776,0.9423375732514933,0.05333564178732613,0.8772140054486575,2.9710041366785758,TR,yahoo
1952979091.0,979923769.0,46345212.0,1420250407.0,291563899.0,1009817559.0,50468214.0,1087969861.0,-522448733.0,2200244507.0,-94930268.0,173982862.0,188153974.0,-283084242.0,-269119863.0,DITAS,2024,1060285773.0,1661415192.0,618828336.0,0.5429068738555174,0.8507081308020005,0.952401309830647,0.2241110035244186,-0.5045350144982853,-0.048607928491129965,0.6899654907122305,0.7564814197787835,TR,yahoo
3195056008.0,969624436.0,33462579.0,1749668424.0,933394674.0,572639607.0,29465115.0,621795602.0,-942022872.0,2060042984.0,-186146215.0,70276858.0,247268299.0,-433414514.0,-419574139.0,DITAS,2025,602104722.0,2261661334.0,1060285773.0,0.18844887867142515,0.7078628131516623,0.9510631391460836,0.297485217515034,-0.7528106746914613,-0.05826070483081184,0.5541761071410866,0.7290909365777538,TR,yahoo
,,,,,662919.0,5151569.0,,,,,,,,,DMRGD,2021,5814488.0,,,,,0.11401158623080829,,,,,,TR,yahoo
1341609734.0,563280367.0,19262939.0,736549431.0,497093307.0,2695211.0,13872502.0,39414111.0,-57044026.0,583355928.0,6077160.0,41946610.0,24672498.0,-18595338.0,-26669987.0,DMRGD,2022,16567713.0,844516427.0,5814488.0,0.012349129989243205,0.6294799490475372,0.1626785181515397,2.204653420814155,0.2463131215979833,0.004529752465257531,0.7647556882030909,2.9126464844045357,TR,yahoo
2371469920.0,1599142434.0,808731123.0,409994008.0,1892663133.0,,,29595467.0,139318372.0,1027004205.0,297541597.0,389009769.0,75252087.0,222289510.0,196362398.0,DMRGD,2023,29595467.0,478806787.0,16567713.0,0.012479798605246489,0.2019029560366509,,3.260264435855589,3.9539314969430683,0.12546716046898035,3.9004044029833724,11.724617376621966,TR,yahoo
2217679496.0,939810188.0,264322617.0,479077527.0,1545219457.0,,,26830949.0,358860640.0,1065453022.0,338077212.0,441239555.0,69185807.0,268891405.0,182863528.0,DMRGD,2024,26830949.0,672460039.0,29595467.0,0.012098659453899735,0.3032268820688055,,2.452248854508144,4.886511073000854,0.1524463803763283,1.96170793876541,8.577589122180463,TR,yahoo
2427919536.0,1241743219.0,17712043.0,556271858.0,1722832874.0,,,79276513.0,465438798.0,1210863640.0,213859950.0,340061817.0,67915072.0,145944878.0,106578158.0,DMRGD,2025,79276513.0,705086662.0,26830949.0,0.032652034725420984,0.29040775509456584,,1.2801186781755274,3.1489320956620643,0.08808362337754179,2.2322596427302996,8.884555024538118,TR,yahoo
,,,,,,55413809.0,,,,,,,,,DMSAS,2021,55413809.0,,,,,,,,,,,TR,yahoo
2175736879.0,1228410840.0,51572198.0,1537387113.0,534854158.0,1022784836.0,3345336.0,1036448882.0,-217962642.0,2751103539.0,-202588289.0,-38045517.0,152653864.0,-355242153.0,-252511379.0,DMSAS,2022,1026130172.0,1640882721.0,55413809.0,0.47162420323160775,0.7541733271323569,0.9967398522221799,0.2822887773067825,-1.327108817894056,-0.0931124948771896,0.7990250663692144,1.7083689107905757,TR,yahoo
3309820043.0,1668702348.0,435964644.0,1991554801.0,1130634882.0,1137832491.0,0.0,1343063393.0,-140587660.0,4132326103.0,527216037.0,613066434.0,365615437.0,161600600.0,174104623.0,DMSAS,2023,1137832491.0,2179185161.0,1026130172.0,0.34377472980938134,0.6583998926493901,1.0,0.3379128884720503,1.4419961075111827,0.15928842962777356,0.8378892447057499,4.086834827188448,TR,yahoo
3254688716.0,1177815744.0,222521658.0,1516758767.0,1509159258.0,869987753.0,,1060089093.0,-295422597.0,4542481784.0,315529213.0,519877949.0,480003719.0,-164474506.0,-111404596.0,DMSAS,2024,869987753.0,1745529458.0,1137832491.0,0.2673029063342228,0.5363122591168255,1.0,0.47813415611721466,0.6573474340101936,0.09694604938680101,0.7765346537799178,3.830229536377991,TR,yahoo
2845824154.0,1014470288.0,235752029.0,1359169949.0,1300916280.0,750031716.0,,904329024.0,-506957721.0,3274867116.0,8137957.0,211471107.0,238155044.0,-230017087.0,-211535124.0,DMSAS,2025,750031716.0,1544907874.0,869987753.0,0.26355518662169597,0.5428683539102466,1.0,0.29401503939580126,0.03417083620534193,0.002859613440472612,0.7463895804541512,2.778069619007204,TR,yahoo
,,,,,,,,,,,,,,,DNISI,2021,,,,,,,,,,,,TR,yahoo
909373130.0,351826000.0,89830229.0,163434073.0,655877270.0,130468948.0,42490528.0,173786855.0,174786249.0,388046597.0,82821107.0,105553846.0,27053922.0,55767185.0,32593492.0,DNISI,2022,172959476.0,253495860.0,,0.19019637846567997,0.278758907248557,0.754332465715842,0.1564176917372252,3.0613345820986693,0.0910749441211222,2.1527090008948133,8.564322623560857,TR,yahoo
1516756595.0,444247666.0,114010981.0,204858720.0,1093967106.0,158811544.0,77283760.0,245249656.0,206317262.0,519168628.0,100967595.0,106229746.0,50134348.0,50833247.0,22077149.0,DNISI,2023,236095304.0,422789489.0,172959476.0,0.15565800391327786,0.27874577265312633,0.6726586311094099,0.24512290505442816,2.013940522374002,0.06656809361030007,2.168556290891596,7.893014885068238,TR,yahoo
1739419728.0,386937253.0,159605491.0,100912535.0,1362467568.0,43888313.0,64675096.0,117042708.0,199604147.0,545079571.0,131855392.0,214771230.0,114856702.0,16998690.0,-70449318.0,DNISI,2024,108563409.0,376952160.0,236095304.0,0.062413578075734,0.21671144343833726,0.4042643226135244,0.6664952758643882,1.1479991128423659,0.07580424084968179,3.8343824481269846,9.007358581246498,TR,yahoo
1661588044.0,382542492.0,79499432.0,95675822.0,1387055212.0,32981830.0,37134885.0,73257126.0,222782866.0,542649573.0,-26824139.0,55524039.0,16066352.0,-42890491.0,23913951.0,DNISI,2025,70116715.0,274532832.0,108563409.0,0.042198615507129875,0.16522316285997543,0.4703847007093815,0.17983367864687624,-1.6695849188415641,-0.016143675983263155,3.998319366412133,10.016209159739764,TR,yahoo
,,,,,,,,,,,,,,,DOAS,2021,,,,,,,,,,,,TR,yahoo
49591167000.0,22102597000.0,5574548000.0,14362957000.0,31254523000.0,4050964000.0,1996647000.0,7177723000.0,24733647000.0,88487132000.0,19102686000.0,20035279000.0,1408099000.0,17694587000.0,15612776000.0,DOAS,2022,6047611000.0,18336644000.0,,0.12194935844119176,0.369756251148516,0.6698453323138674,0.23283557755285517,13.566294699449399,0.3852033972098297,1.5388611829722807,10.278015992450907,TR,yahoo
97985350000.0,47954628000.0,11035747000.0,26635338000.0,59684769000.0,6329353000.0,7804604000.0,15564685000.0,56366778000.0,215477926000.0,39836339000.0,41591525000.0,2470773000.0,37365566000.0,28330123000.0,DOAS,2023,14133957000.0,38300581000.0,6047611000.0,0.14424561426784718,0.39088068777628493,0.4478118194359867,0.2448544136907499,16.12302668031422,0.40655403078113206,1.8004137210498323,10.920923782071197,TR,yahoo
120694891000.0,55764048000.0,12321641000.0,35308650000.0,71933720000.0,8034019000.0,6575059000.0,15843710000.0,62878055000.0,246567798000.0,20171917000.0,23057179000.0,3550692000.0,16621225000.0,9937692000.0,DOAS,2024,14609078000.0,48761171000.0,14133957000.0,0.12104139519874126,0.40400360442763067,0.5499333359709627,0.24706451493379178,5.681122721993346,0.16713149026332855,1.5793310704317498,8.732253055205266,TR,yahoo
130369139000.0,66090470000.0,5555752000.0,46109273000.0,67148466000.0,19722992000.0,9846745000.0,30740328000.0,54952020000.0,255780842000.0,13232480000.0,16591169000.0,6741887000.0,6490593000.0,3141080000.0,DOAS,2025,29569737000.0,63220673000.0,14609078000.0,0.2268154658902825,0.484935878881581,0.6669992364152579,0.3052090464626541,1.96272645922425,0.10150009504933526,1.4333444381133487,7.426868061013702,TR,yahoo
,,,,,,,,,,,,,,,DOCO,2022,,,,,,,,,,,,TR,yahoo
1000410000.0,514470000.0,235160000.0,298700000.0,170980000.0,17640000.0,319510000.0,506990000.0,157650000.0,1419350000.0,69230000.0,126790000.0,19930000.0,49300000.0,33640000.0,DOCO,2023,337150000.0,829430000.0,,0.3370118251516878,0.8290900730700412,0.052320925404122795,0.05911315438232241,3.4736578023080784,0.06920162733279356,1.7223635754938065,5.860083055347258,TR,yahoo
1191980000.0,604260000.0,276710000.0,533920000.0,296720000.0,171790000.0,86460000.0,495090000.0,204410000.0,1819450000.0,129850000.0,196510000.0,26760000.0,103090000.0,66220000.0,DOCO,2024,258250000.0,895260000.0,337150000.0,0.21665631973690833,0.751069648819611,0.6652081316553727,0.08988915015115888,4.8523916292974585,0.1089363915501938,1.1317425831585257,5.276221404317295,TR,yahoo
1217570000.0,575140000.0,174170000.0,479130000.0,400170000.0,73550000.0,11380000.0,343020000.0,295660000.0,2298120000.0,176130000.0,255400000.0,23860000.0,152270000.0,92430000.0,DOCO,2025,84930000.0,817400000.0,258250000.0,0.06975368972625803,0.6713371715794575,0.8660073001295184,0.13905239233055539,7.381810561609388,0.14465698070747474,1.2003840293865966,6.045037464622237,TR,yahoo
1273100000.0,648630000.0,240800000.0,450100000.0,480730000.0,13900000.0,800000.0,255660000.0,379080000.0,2461590000.0,213430000.0,301800000.0,22960000.0,190470000.0,105770000.0,DOCO,2026,14700000.0,792370000.0,84930000.0,0.01154661849029927,0.6223941559971723,0.9455782312925171,0.4609053497942387,9.295731707317072,0.1676459036996308,1.4410797600533214,7.007297129524201,TR,yahoo
,,,,,,,,,,,,,,,DOFER,2021,,,,,,,,,,,,TR,yahoo
1172395580.0,666766850.0,160082380.0,618476082.0,470201873.0,150525167.0,0.0,150525167.0,100729453.0,2870931778.0,101059609.0,138814925.0,38085585.0,62974024.0,35170808.0,DOFER,2022,150525167.0,702193707.0,,0.12839110754750543,0.598939230903617,1.0,0.2530180551136675,2.653487113300216,0.0861992408739719,1.0780802514526342,5.08265501888274,TR,yahoo
1770840619.0,1051437776.0,326946281.0,532170078.0,1101986765.0,83850700.0,58589594.0,148585863.0,285844722.0,3431776632.0,298476542.0,381735602.0,88914937.0,209561605.0,205380609.0,DOFER,2023,142440294.0,668853854.0,150525167.0,0.08043654096913394,0.377704151815596,0.5886726125403813,0.606999451037677,3.3568773939523795,0.16855076555029033,1.9757551569819751,8.562439854868638,TR,yahoo
1897176579.0,962081263.0,305151518.0,505200912.0,1281600552.0,33112412.0,4089470.0,41178151.0,202837495.0,4640687653.0,39241597.0,74154347.0,113615872.0,-74374275.0,-104089661.0,DOFER,2024,37201882.0,615576027.0,142440294.0,0.019609077200188226,0.32446954796609895,0.890073572084337,1.2649131126089233,0.3453883362352753,0.02068420906855397,1.9043537732172582,7.503380357379115,TR,yahoo
2615680220.0,1399581485.0,110370540.0,1063607141.0,1489091153.0,412128866.0,0.0,412631979.0,219941687.0,6891384124.0,39732650.0,123147854.0,112036841.0,-72304191.0,17104192.0,DOFER,2025,412128866.0,1126589067.0,37201882.0,0.15756087569450672,0.43070596259660515,1.0,0.4986831704648888,0.35463914945620434,0.015190178713818465,1.3158819935000794,5.856663388446142,TR,yahoo
416950765.0,121312385.0,6708976.0,86665865.0,78389235.0,0.0,33177921.0,267288894.0,24109550.0,156342926.0,25876788.0,25876788.0,8817366.0,17059422.0,17092249.0,DOFRB,2022,33177921.0,338561530.0,,0.07957275483113696,0.8119940252418052,0.0,0.2657600516922082,2.934752623402499,0.062061975111138125,1.3997712363454746,4.643777165766801,TR,yahoo
823021597.0,403308374.0,29194628.0,225601100.0,172168536.0,7011473.0,88092783.0,453257846.0,151955844.0,422892272.0,185112483.0,185112483.0,20196310.0,164916173.0,167186101.0,DOFRB,2023,95104256.0,650853061.0,33177921.0,0.11555499436061578,0.7908092125072145,0.07372407182282148,0.31487320331334884,9.165658627739424,0.22491813541072847,1.7877057071086977,7.05754175552251,TR,yahoo
1475663640.0,914894068.0,120679477.0,592616018.0,329451911.0,234812834.0,84820756.0,787496549.0,200324289.0,628321226.0,238996050.0,271230150.0,65556831.0,173439219.0,164513497.0,DOFRB,2024,319633590.0,1146211729.0,95104256.0,0.21660328365886958,0.7767432211042349,0.7346312820251464,0.3161362370580475,3.6456315284672622,0.1619583511592113,1.5438227118592667,6.515383098432632,TR,yahoo
3480251067.0,2414705029.0,748413520.0,838424578.0,2066357708.0,328380627.0,79754743.0,896762857.0,441402518.0,1011968695.0,369741037.0,435581655.0,120416830.0,249324207.0,244951325.0,DOFRB,2025,408135370.0,1413893359.0,319633590.0,0.11727181807943973,0.4062618850710635,0.8045875244774792,0.3309204888320601,3.0705096372326026,0.10623975968455611,2.8800503854027046,8.883103772950165,TR,yahoo
,,,,,,,,,,,,,,,DOHOL,2021,,,,,,,,,,,,TR,yahoo
83805566000.0,50649588000.0,11615772000.0,24909607000.0,41258107000.0,15075492000.0,3427353000.0,19624441000.0,-8993186000.0,29606003000.0,1947999000.0,4078082000.0,2236477000.0,-288478000.0,232125000.0,DOHOL,2022,18502845000.0,42547459000.0,,0.2207830086130556,0.5076925200887015,0.8147661616362241,0.12087206048583339,0.8710123108800135,0.023244267570485713,2.033335491804427,6.0893850753535705,TR,yahoo
134875359000.0,83683505000.0,17503122000.0,40433632000.0,69918034000.0,22210863000.0,6842767000.0,30157964000.0,-4615239000.0,75706159000.0,5645418000.0,10938242000.0,3064369000.0,2581049000.0,-210182000.0,DOHOL,2023,29053630000.0,64957325000.0,18502845000.0,0.215410955829226,0.4816100248526493,0.7644780703822551,0.12887284013375677,1.8422774802903958,0.04185655587393098,2.0696509529492677,6.653476374031336,TR,yahoo
182814128000.0,108926523000.0,33813982000.0,63921930000.0,83018793000.0,25771294000.0,12558169000.0,39930049000.0,-6021056000.0,104887460000.0,12467639000.0,17711788000.0,6785877000.0,5681762000.0,5650978000.0,DOHOL,2024,38329463000.0,99795335000.0,29053630000.0,0.2096635715156544,0.5458841507041513,0.6723625113140771,0.20141185860969604,1.8372922173508304,0.06819844361262932,1.704055603452524,6.089328852974524,TR,yahoo
184596193000.0,114038312000.0,7329155000.0,72453052000.0,83723185000.0,27681120000.0,5538048000.0,34574048000.0,-5375938000.0,93680389000.0,10048144000.0,16376746000.0,4851137000.0,5197007000.0,1792287000.0,DOHOL,2025,33219168000.0,100873008000.0,38329463000.0,0.17995586723719703,0.5464522662176462,0.833287576618415,0.1356039083403287,2.071296687766188,0.054433105237441166,1.573961466799218,5.870152329761116,TR,yahoo
,,,,,,,,,,,,,,,DOKTA,2021,,,,,,,,,,,,TR,yahoo
7100451749.0,2624257526.0,170173137.0,3062376274.0,2181941254.0,1825197077.0,1492057771.0,3463485758.0,677820509.0,6380697108.0,428430641.0,614663673.0,387561486.0,40869155.0,104458901.0,DOKTA,2022,3317254848.0,4918510495.0,,0.4671892670022283,0.6927038826357357,0.5502131010827902,0.11683199023242485,1.105452054645079,0.060338504667726035,0.8569350371083759,4.027707505151075,TR,yahoo
11600586084.0,3578725528.0,223876603.0,3791251962.0,4466366190.0,1741878880.0,2909514947.0,5133383138.0,1163476612.0,9635997105.0,933905333.0,1295458850.0,601737258.0,332168075.0,473074768.0,DOKTA,2023,4651393827.0,7134219894.0,3317254848.0,0.40096196806947465,0.6149878844345464,0.37448535746186346,0.15102617333044865,1.5520151371447901,0.08050501295689536,0.9439429412420571,4.655123632997007,TR,yahoo
15101824909.0,3669686148.0,225356970.0,5630873152.0,5769238440.0,2595534821.0,2776121180.0,6054293672.0,726623170.0,11935592306.0,202523466.0,678103296.0,661150268.0,-458626802.0,-461059097.0,DOKTA,2024,5371656001.0,9332586469.0,4651393827.0,0.355695820430201,0.6179773984426348,0.48319081127250313,0.13192596651630653,0.3063198728068881,0.01341052933803419,0.6517081896431255,3.29415526770879,TR,yahoo
19863316521.0,4156336895.0,99757168.0,8605050441.0,6781877846.0,4366328026.0,2671504635.0,7613927584.0,-290121617.0,13700432100.0,427406589.0,1058326402.0,829511786.0,-402105197.0,-1047229115.0,DOKTA,2025,7037832661.0,13081438675.0,5371656001.0,0.35431307020453634,0.6585727343754489,0.6204080483748802,0.13368992205780542,0.5152507730613486,0.02151738298829075,0.48301133427371157,2.422119563919843,TR,yahoo
,,,,,,,,,,,,,,,DSTKF,2021,,,,,,,,,,,,TR,yahoo
5243000000.0,4492562000.0,220418000.0,4262550000.0,979574000.0,3454947000.0,,3454947000.0,282192000.0,858955000.0,384773000.0,388673000.0,,382992000.0,282192000.0,DSTKF,2022,3454947000.0,4263426000.0,,0.6589637612054168,0.8131653633415983,1.0,,,0.07338794583253862,1.0539611265557003,4.447668204853128,TR,yahoo
8902561000.0,7338151000.0,744797000.0,6312388000.0,2586858000.0,5080980000.0,,5088950000.0,1694486000.0,2109365000.0,2273060000.0,2283906000.0,,2272145000.0,1608215000.0,DSTKF,2023,5080980000.0,6315703000.0,3454947000.0,0.5707323993623857,0.7094254114068974,1.0,,,0.25532652907404957,1.1624999920790673,6.772214161388387,TR,yahoo
23679762000.0,22736808000.0,2442152000.0,18686503000.0,4595995000.0,14733713000.0,360383000.0,15125331000.0,3124256000.0,4905602000.0,3462636000.0,3493082000.0,,3046698000.0,2110770000.0,DSTKF,2024,15094096000.0,19083767000.0,5080980000.0,0.6374260011565994,0.8059104225794161,0.9761242408952481,,,0.14622765211913868,1.2167502929788414,6.037696648965959,TR,yahoo
48495615000.0,46107288000.0,7487016000.0,30832783000.0,12206297000.0,23672814000.0,5279514000.0,29105889000.0,5974419000.0,7014794000.0,6473645000.0,6556124000.0,,5510123000.0,3765780000.0,DSTKF,2025,28952328000.0,36289318000.0,15094096000.0,0.5970091935116195,0.7483010164939655,0.8176480316194262,,,0.13348928557767542,1.495398193539649,6.968024161997329,TR,yahoo
,,,,,,484804.0,,,,,,,,,DUNYH,2021,484804.0,,,,,,,,,,,TR,yahoo
171737488.0,53622604.0,3544768.0,12913723.0,143704948.0,0.0,,1761542.0,-118371158.0,74603340.0,86057790.0,86405824.0,423798.0,85633992.0,82465498.0,DUNYH,2022,0.0,28032540.0,484804.0,0.0,0.1632290091491265,,1.7483271590168399,203.0632282360936,0.5011007847046185,4.152373719027425,11.308092670616077,TR,yahoo
180515389.0,55992509.0,8889789.0,35871165.0,131049728.0,5945164.0,,7701309.0,-134699600.0,91071358.0,46662837.0,47355209.0,640909.0,46021928.0,46780258.0,DUNYH,2023,5945164.0,49465661.0,0.0,0.03293438876837254,0.2740246206931421,1.0,0.2156068360771881,72.80727373152818,0.2584978336666909,1.560933663570726,6.067501206745829,TR,yahoo
503352889.0,498851012.0,92659254.0,19957117.0,408997242.0,0.0,0.0,479.0,60886717.0,113644932.0,303580560.0,306897541.0,2907500.0,300673060.0,237198160.0,DUNYH,2024,0.0,94355647.0,5945164.0,0.0,0.18745426729834463,,0.9781059025453293,104.41291831470335,0.6031167529466589,24.99614608663165,18.489883416733544,TR,yahoo
1836110657.0,1679225930.0,51979685.0,22857865.0,1570682034.0,0.0,,9764.0,1141926527.0,19261262.0,982167687.0,982838472.0,0.0,982167687.0,794702088.0,DUNYH,2025,0.0,265428623.0,0.0,0.0,0.1445602540283061,,,inf,0.5349174807387439,73.46381344014412,21.003355453128158,TR,yahoo
547769079.0,339225174.0,14941401.0,317814890.0,71850903.0,156076086.0,66030736.0,304805228.0,-21120023.0,528698589.0,29961477.0,49119462.0,21708627.0,8252850.0,1324358.0,DURDO,2021,222106822.0,475918176.0,,0.4054752824045404,0.8688299399243746,0.7027073036054696,0.09773957776047058,1.3801645309028525,0.05469727691584431,1.067367151992155,3.9067999478151574,TR,yahoo
2020860625.0,1085878108.0,85653155.0,877099585.0,1014145905.0,397836874.0,64330793.0,566697417.0,486782932.0,2200208160.0,516092263.0,621105812.0,76687391.0,439404872.0,498355406.0,DURDO,2022,462167667.0,1006714720.0,222106822.0,0.22869843733038245,0.4981613811194921,0.86080637484318,0.22414218923190046,6.729819025920441,0.2553824131241114,1.2380328603165398,7.486910805364941,TR,yahoo
2631950286.0,1200149808.0,37880193.0,923207512.0,1568979204.0,277000383.0,71457024.0,411910458.0,647584189.0,2176592843.0,171329704.0,331931812.0,50038554.0,121291150.0,168517538.0,DURDO,2023,348457407.0,1062971082.0,462167667.0,0.13239513255760638,0.4038720213121837,0.7949332613842243,0.12345671409616427,3.423953937597797,0.06509610189498845,1.299978382324948,6.729657739438213,TR,yahoo
2410493691.0,1045170341.0,34469673.0,861057091.0,1354583147.0,384074691.0,108065007.0,554470196.0,471001111.0,2621790139.0,70075367.0,273043244.0,109128989.0,-39053622.0,-208381970.0,DURDO,2024,492139698.0,1055910544.0,348457407.0,0.20416552004989255,0.4380474207181818,0.7804180247211027,0.25964635935785196,0.6421333840085333,0.029070960551209342,1.2138223492082014,5.930401058048143,TR,yahoo
,,,,,,,,,,,,,,,DURDO,2025,,,492139698.0,,,,,,,,,TR,yahoo
1901736390.0,919758518.0,32997537.0,641340810.0,1065028707.0,270773040.0,89408353.0,432574682.0,2319518.0,1133048958.0,152165439.0,224998195.0,71529502.0,80635937.0,95213146.0,DURKN,2023,360181393.0,836707683.0,,0.18939606713841134,0.4399703804374275,0.7517685401366638,0.19859299616846116,2.1273101971267745,0.0800139492519255,1.4341181843706468,6.08859027514341,TR,yahoo
2683312706.0,1639986296.0,329038139.0,787500412.0,1722637495.0,490408870.0,83149004.0,622314238.0,101557530.0,917444077.0,302262853.0,350848110.0,177952362.0,124310491.0,101179763.0,DURKN,2024,573557874.0,960675211.0,360181393.0,0.21374991916428543,0.3580183587443572,0.8550294438116284,0.3811607121798381,1.6985605001410433,0.11264540741901886,2.082521191112723,8.097277253478016,TR,yahoo
,,,,,,,,,,,,,,,DYOBY,2021,,,,,,,,,,,,TR,yahoo
9244595506.0,4258856493.0,493842674.0,3775348613.0,3540269401.0,1241722916.0,39140245.0,1293124149.0,1673251739.0,8158310123.0,646486884.0,849411229.0,369888155.0,276598729.0,354446604.0,DYOBY,2022,1280863161.0,5704326105.0,,0.13855264518265661,0.6170444235551176,0.9694422900183637,0.2887803836213227,1.747790177276696,0.06993133269924162,1.1280697306561553,5.3047508116919175,TR,yahoo
15016560467.0,6086244881.0,668626135.0,6078026232.0,5232521525.0,1662342117.0,3158912090.0,4896758394.0,2623861007.0,12312253250.0,924323935.0,1254797403.0,787341239.0,136982696.0,471414261.0,DYOBY,2023,4821254207.0,9784038942.0,1280863161.0,0.32106248415508076,0.6515499313908233,0.34479453802424237,0.25805509514742586,1.1739813554971175,0.061553638533355895,1.0013521904457618,4.798396230899541,TR,yahoo
19555521454.0,6541789076.0,453913027.0,8442954477.0,7828483240.0,3864743355.0,2252305059.0,6167777827.0,3231118036.0,14028568802.0,1536453318.0,2015232521.0,1655186480.0,-118733162.0,-221162734.0,DYOBY,2024,6117048414.0,11727038214.0,4821254207.0,0.31280415755667734,0.5996791362268319,0.6317987194861525,0.30264046211745416,0.9282659909111872,0.07856877259009244,0.7748222608354589,4.379805820453013,TR,yahoo
18303030465.0,5282155650.0,174286621.0,8248351348.0,7373142775.0,3760848213.0,1961872304.0,5796173643.0,2832290933.0,10217899996.0,858527974.0,1351831991.0,1670989497.0,-812461523.0,-427345589.0,DYOBY,2025,5722720517.0,10929887690.0,6117048414.0,0.3126651910427228,0.5971627327453066,0.6571783825241801,0.2822672480752319,0.5137841832886159,0.04690632929020806,0.6403892641261916,3.7148759041012336,TR,yahoo
,,,,,19473505.0,,,,,,,,,,DZGYO,2021,19473505.0,,,,,1.0,,,,,,TR,yahoo
2854574628.0,1663570205.0,675119276.0,401525580.0,2450199103.0,0.0,,3641127.0,388321813.0,1355050386.0,289053873.0,297429037.0,1407172.0,287646701.0,287646701.0,DZGYO,2022,0.0,404375525.0,19473505.0,0.0,0.14165876801172214,,0.1445216975577843,205.4147417657543,0.10125987604763367,4.143123845310179,13.636379605528896,TR,yahoo
3721651588.0,1397784129.0,36231542.0,83332783.0,3637415302.0,,,3059239.0,644469229.0,1098112599.0,100802453.0,474268092.0,1361102.0,99441351.0,99441351.0,DZGYO,2023,3059239.0,84236286.0,0.0,0.0008220111226596637,0.022634113916415326,,0.8898304447609356,74.05944080605275,0.027085408350697015,16.773520320328196,51.653621323381124,TR,yahoo
6263647374.0,2248591360.0,54445.0,59203411.0,5388367677.0,,,11909451.0,1414658156.0,631349884.0,639847195.0,655692147.0,13443486.0,626403709.0,626403709.0,DZGYO,2024,11909451.0,875279697.0,3059239.0,0.00190136038778865,0.1397396189053091,,1.7962140975596395,47.59533315986642,0.10215249307551456,37.98077377670013,13.429692402635133,TR,yahoo
6993669550.0,2811245997.0,290977695.0,93289055.0,5671510634.0,,,16082190.0,1694889817.0,110744734.0,373435533.0,389755513.0,7579255.0,365856278.0,283764084.0,DZGYO,2025,16082190.0,1322158916.0,11909451.0,0.002299535299033395,0.189050813245816,,0.541537025285513,49.270744024313736,0.05339622215922398,30.1347890918179,11.452353324237386,TR,yahoo
,,,,,,5627257.0,,,,,,,,,EBEBK,2021,5627257.0,,,,,,,,,,,TR,yahoo
4434913708.0,2997300999.0,88492522.0,2891832841.0,1005311380.0,520070794.0,0.0,922635111.0,944239081.0,8701964875.0,365910360.0,695934443.0,88970919.0,276939441.0,269414692.0,EBEBK,2022,520070794.0,3429602328.0,5627257.0,0.11726739870087231,0.7733188408634534,1.0,0.33848677517733466,4.11269619458466,0.08250675979105206,1.0364710423454244,4.96232281230034,TR,yahoo
9038856771.0,6393730790.0,1250485686.0,4468317923.0,3654379551.0,662603259.0,,1430533186.0,1548702986.0,16400066401.0,809771736.0,1408495263.0,154758010.0,655013726.0,436167354.0,EBEBK,2023,662603259.0,5384477220.0,520070794.0,0.07330609122227455,0.5957033457234766,1.0,0.2617086417131365,5.232502899203731,0.08958784905166853,1.4309032840052012,6.5205947043635435,TR,yahoo
13160109961.0,8511917345.0,1666388884.0,7081349628.0,4782512416.0,800780031.0,0.0,1768714163.0,2049013750.0,23982608849.0,648991246.0,1389525033.0,208445477.0,440545769.0,151814727.0,EBEBK,2024,800780031.0,8377597545.0,662603259.0,0.06084903799232016,0.6365902389742197,1.0,0.28488158696960386,3.113482025805722,0.049315032163354734,1.202019077174705,5.401491654373682,TR,yahoo
14625012763.0,8923209537.0,2342688787.0,8208756416.0,4565926468.0,1862298834.0,70825754.0,3186746461.0,1805446132.0,27675018421.0,676417483.0,1812199874.0,283306074.0,393111409.0,55498376.0,EBEBK,2025,1933124588.0,10059086295.0,800780031.0,0.1321793436577803,0.6878001720756516,0.9633620334459271,0.20725380983015193,2.3875855305523737,0.04625072770611708,1.0870354880560753,4.760321003869621,TR,yahoo
,,,,,,,,,,,,,,,ECILC,2021,,,,,,,,,,,,TR,yahoo
38633548000.0,4347824000.0,916414000.0,2162271000.0,31238922000.0,711723000.0,2416928000.0,3224238000.0,15771811000.0,3466080000.0,3613527000.0,3790654000.0,150073000.0,3463454000.0,2983175000.0,ECILC,2022,3128651000.0,7394626000.0,,0.08098275105356618,0.1914042686423727,0.22748558404245153,0.04796731882207379,24.078461815249913,0.0935333974503196,2.010767382996858,10.016290468896084,TR,yahoo
62800679000.0,7915064000.0,2898626000.0,4930133000.0,50307880000.0,1699612000.0,2580469000.0,4449539000.0,25465565000.0,9355032000.0,5684597000.0,6422247000.0,1205785000.0,4478812000.0,3955745000.0,ECILC,2023,4280081000.0,12492799000.0,3128651000.0,0.06815341916924178,0.19892776955484828,0.39709809230245874,0.3255037434206015,4.714436653300547,0.09051808181882874,1.6054463439424453,9.720301878460228,TR,yahoo
73563710000.0,9932932000.0,3126091000.0,4919498000.0,58750127000.0,1907261000.0,2166562000.0,4188394000.0,34600120000.0,11475841000.0,3143008000.0,4119780000.0,1188360000.0,1954648000.0,1339835000.0,ECILC,2024,4073823000.0,14813583000.0,4280081000.0,0.055378161324381274,0.20137079818296277,0.46817473415020733,0.2845041073012091,2.6448281665488573,0.04272497947697309,2.019094631200175,9.681759046422039,TR,yahoo
75001701000.0,9673795000.0,4525171000.0,4816000000.0,61040361000.0,2033412000.0,904236000.0,3161653000.0,35254809000.0,9871046000.0,3862669000.0,4796393000.0,880612000.0,2982057000.0,2088766000.0,ECILC,2025,2937648000.0,13961340000.0,4073823000.0,0.039167751675392,0.18614697818653472,0.6921904870835444,0.25119179698525457,4.386346086585238,0.05150108528871899,2.0086783637873755,10.144051045811096,TR,yahoo
,,,,,,,,,,,,,,,ECZYT,2021,,,,,,,,,,,,TR,yahoo
15193046405.0,681513580.0,269133125.0,2692795.0,14968326411.0,,,120432.0,9296483390.0,0.0,1083914605.0,1084004857.0,23674.0,1083890931.0,1032577525.0,ECZYT,2022,120432.0,224719994.0,,7.92678418729545e-06,0.014790976609276012,,0.1965756609538993,45785.02175382276,0.07134280881570176,253.0878065355885,75.95651337991096,TR,yahoo
24087486717.0,1116355438.0,1114688667.0,167512010.0,23630642451.0,,,126325.0,14415559715.0,0.0,1455895349.0,1456018820.0,41786.0,1455853563.0,1405353111.0,ECZYT,2023,126325.0,456844266.0,120432.0,5.2444242724104875e-06,0.018966041221626383,,0.3386813747938255,34841.70174221031,0.060441978281299324,6.664330742613619,60.177687057262986,TR,yahoo
27437401619.0,993450767.0,992853386.0,9590194.0,26849038848.0,,,94984.0,18824830493.0,0.0,628950567.0,629033319.0,23841.0,628926726.0,580562442.0,ECZYT,2024,94984.0,588362771.0,126325.0,3.4618438480058173e-06,0.021443822529920886,,0.21545440989747366,26381.048068453503,0.022923109692882176,103.59026803837337,53.79111431429491,TR,yahoo
28427940832.0,802386827.0,800942305.0,11320087.0,27777238811.0,,,41366.0,18849168742.0,0.0,865077932.0,865089182.0,21250.0,865056682.0,820434249.0,ECZYT,2025,41366.0,650702021.0,94984.0,1.4551177042494837e-06,0.022889523544650663,,0.3116978364503117,40709.54974117647,0.030430552009107263,70.88168377151165,50.62109904838674,TR,yahoo
,,,,,1647241.0,707149.0,,,,,,,,,EDATA,2021,2354390.0,,,,,0.6996466175952157,,,,,,TR,yahoo
677114231.0,602166434.0,63945195.0,193393890.0,469509667.0,1147322.0,0.0,8392081.0,97731097.0,1088677565.0,58638692.0,64624648.0,18989954.0,39648738.0,7412327.0,EDATA,2022,1147322.0,207604564.0,2354390.0,0.0016944290157741492,0.3066019801317689,1.0,10.84609699484138,3.0878796230891346,0.08660088551587392,3.11367868964216,10.637383812358745,TR,yahoo
1048342235.0,853452501.0,79678144.0,284384470.0,751749759.0,41142378.0,,46339424.0,107329408.0,1670531741.0,144081273.0,151941031.0,15938937.0,128142336.0,94263223.0,EDATA,2023,41142378.0,296592476.0,1147322.0,0.039245178364868606,0.2829156988032634,1.0,0.7537975913756778,9.039578549058824,0.13743724920135456,3.0010517135482115,10.729632792091705,TR,yahoo
1316341524.0,1081067213.0,127983363.0,383342986.0,905263780.0,0.0,,6785388.0,62022980.0,1571854955.0,-37419353.0,-22930459.0,4414326.0,-41833679.0,-78462973.0,EDATA,2024,0.0,411077744.0,41142378.0,0.0,0.31228806241016216,,0.21458779072031275,-8.47679872306667,-0.028426781589547426,2.8201043255816867,9.00197107059721,TR,yahoo
1409448888.0,1177639599.0,172998167.0,479887031.0,889673961.0,,,8440594.0,28677936.0,2443133250.0,40774730.0,58169525.0,2199175.0,38575555.0,-13600371.0,EDATA,2025,8440594.0,519774927.0,0.0,0.005988577572314208,0.3687788407407648,,0.5210948423772072,18.54092102720338,0.028929555620749833,2.4539933837053414,8.555523281115079,TR,yahoo
,,,,,,,,,,,,,,,EDIP,2021,,,,,,,,,,,,TR,yahoo
3418568560.0,177086200.0,2851479.0,172891418.0,749152682.0,149144138.0,2164274034.0,2313989933.0,-834557647.0,327016792.0,1611109337.0,1613549120.0,287872119.0,1323237218.0,1041757505.0,EDIP,2022,2313418172.0,2669415878.0,,0.676721303492009,0.7808577862776577,0.06446916506714463,0.12443583373045278,5.59661471418842,0.47128185634515984,1.0242625229668716,5.923891531361317,TR,yahoo
5893056997.0,251234053.0,16581856.0,340966316.0,3767611439.0,298785269.0,1752321327.0,2051290169.0,1482286886.0,550051971.0,2260497298.0,2263618537.0,188929118.0,2071568180.0,2688293450.0,EDIP,2023,2051106596.0,2125445558.0,2313418172.0,0.34805476971360777,0.3606694384734457,0.14567027846464983,0.08657488640467717,11.964790403562885,0.38358653227870687,0.736829537730642,8.409058146713424,TR,yahoo
8132386641.0,195833514.0,54074524.0,493582080.0,6154167631.0,445062490.0,1437862773.0,1883512620.0,3160636300.0,734316436.0,1221047387.0,1230180300.0,375801083.0,845246304.0,1223024862.0,EDIP,2024,1882925263.0,1978219010.0,2051106596.0,0.23153415425517274,0.24325196247146805,0.23636758120229226,0.19105136738548206,3.249185386195388,0.15014625360333997,0.39675977296420484,8.552308183087916,TR,yahoo
8109477522.0,206071378.0,98361753.0,287085291.0,6818224143.0,256635457.0,964403325.0,1221550594.0,3822667389.0,766719056.0,995676652.0,1005882776.0,146389270.0,849287382.0,662031089.0,EDIP,2025,1221038782.0,1291253379.0,1882925263.0,0.15056935279584588,0.1592276907478923,0.21017797369191177,0.09432407584476385,6.8015685302618145,0.12277938366545238,0.7178054204107587,11.09058085352724,TR,yahoo
,,,,,,,,,,,,,,,EFOR,2021,,,,,,,,,,,,TR,yahoo
3329094887.0,2015479895.0,72911393.0,1846771097.0,619658344.0,604982464.0,232576004.0,837558468.0,379561278.0,6008522156.0,,,,230620824.0,165423264.0,EFOR,2022,837558468.0,2709436543.0,,0.25158744236177727,0.8138658208813019,0.7223166944328476,,,,1.091353388773552,,TR,yahoo
5518405957.0,2848855107.0,98582986.0,2275961620.0,2594457467.0,1138477534.0,470469149.0,1653323784.0,1240141574.0,7484467837.0,950474470.0,1000916409.0,177139884.0,773334586.0,705642834.0,EFOR,2023,1608946683.0,2923948490.0,837558468.0,0.29156004388533246,0.5298538224233075,0.7075918338556902,0.1448105547029768,5.365671742226048,0.17223714192217773,1.251714915561713,6.752752847263718,TR,yahoo
11200159190.0,6787936188.0,567385247.0,5571209371.0,5109811182.0,1767784113.0,470371475.0,2289286397.0,2188829124.0,8812649363.0,708905294.0,809267479.0,344032709.0,364872585.0,577409570.0,EFOR,2024,2238155588.0,6090348008.0,1608946683.0,0.19983248005959817,0.5437733432787039,0.789839688750003,0.17885290525981964,2.0605752751259474,0.06329421591015796,1.218395457067808,5.906029431754359,TR,yahoo
11546143116.0,7502914632.0,1227402727.0,6543558007.0,4610852621.0,833990806.0,321838374.0,1401369700.0,1335196422.0,12334738991.0,500317701.0,641152684.0,378836497.0,121481204.0,2248383.0,EFOR,2025,1155829180.0,6935290495.0,2238155588.0,0.10010521854681642,0.6006586290611158,0.7215519563193585,0.22323995120534376,1.3206692199986212,0.043332019703331726,1.146610853601928,5.161322150549012,TR,yahoo
1393524530.0,1059391106.0,329382931.0,252140047.0,1118394548.0,49120175.0,0.0,56984923.0,1035727879.0,1049472767.0,689665362.0,705287664.0,1778286.0,687887076.0,603525201.0,EGEEN,2021,49120175.0,275129982.0,,0.03524887717620586,0.19743461709999466,1.0,0.036202761899769294,387.82589639686756,0.49490722779024204,4.201597955599651,17.06709096054795,TR,yahoo
3114757367.0,2237079189.0,1017891713.0,430755843.0,1748310023.0,2112256.0,798832000.0,916974335.0,1743988950.0,4296698147.0,860180998.0,961232334.0,56361821.0,803819177.0,626017164.0,EGEEN,2022,800944256.0,1366447344.0,49120175.0,0.2571449912875349,0.43870105533006676,0.002637207251536866,0.13260599772113038,15.26176732295431,0.27616308323511224,5.193380949681047,12.078860417680392,TR,yahoo
6264209601.0,3102036184.0,1120703826.0,989198436.0,4034522394.0,201231376.0,1104487972.0,1471945393.0,3583077102.0,3908932466.0,1030220927.0,1128233244.0,124499077.0,905721850.0,696243397.0,EGEEN,2023,1305719348.0,2229687207.0,800944256.0,0.2084411970812022,0.35594070904716524,0.15411533597034513,0.11819549809813869,8.274928230994034,0.1644614392908466,3.1359089047326396,10.332408011121085,TR,yahoo
,,,,,,,,,,,,,,,EGEGY,2021,,,,,,,,,,,,TR,yahoo
2067697892.0,910472124.0,282865071.0,234144565.0,202891098.0,49676600.0,69031672.0,118708272.0,-25530511.0,1127581132.0,198036078.0,201158459.0,30124694.0,167911384.0,148254354.0,EGEGY,2022,118708272.0,1864806794.0,,0.05741083959087385,0.9018758500528568,0.41847631309130673,0.2537708071430776,6.573878493172412,0.09577611834214705,3.8885041982503417,6.113327246091085,TR,yahoo
3682461078.0,1045872706.0,200331832.0,800829347.0,86261287.0,238223650.0,19825199.0,258048849.0,-200933800.0,305952783.0,-53046339.0,-50118382.0,107654854.0,-160701193.0,-39676135.0,EGEGY,2023,258048849.0,3596199791.0,118708272.0,0.07007510562478238,0.976575098779632,0.923172689679387,0.5714814558209771,-0.492744516656908,-0.014405132295060201,1.3059869870128522,3.4370259518328012,TR,yahoo
6823135671.0,3389639611.0,187800496.0,4788058925.0,169570173.0,319315509.0,55500875.0,383105923.0,-631701715.0,124296576.0,104511169.0,108587283.0,263555513.0,-159044344.0,-352203829.0,EGEGY,2024,374816384.0,6653565498.0,258048849.0,0.05493315713962153,0.9751477647263098,0.851925162908567,0.8328961657465548,0.3965432853609099,0.015317175861561437,0.7079360684768515,1.7333839786896932,TR,yahoo
7760690355.0,2853455014.0,172342727.0,3395526548.0,1715940646.0,154015609.0,10537924.0,176251234.0,123293315.0,2413587982.0,1088106173.0,1096363187.0,107654265.0,980451908.0,811875310.0,EGEGY,2025,164553533.0,6044749709.0,374816384.0,0.021203465860995557,0.7788932984686773,0.9359605120116139,0.39918527751335453,10.107413514922051,0.1402073943459119,0.840357150404468,4.083846257658905,TR,yahoo
,,,,,,,,,,,,,,,EGEPO,2021,,,,,,,,,,,,TR,yahoo
1289825354.0,192391184.0,83765409.0,111744825.0,893187112.0,19197766.0,84121321.0,177565224.0,62964564.0,498938663.0,-124158986.0,-47486186.0,15088946.0,-139247932.0,-146420886.0,EGEPO,2022,103319087.0,396638242.0,,0.08010316022986164,0.3075131379375878,0.18581044952516856,0.14604219257183332,-8.228473082215285,-0.09626030812230413,1.7217010631141083,5.536924434071845,TR,yahoo
1828055074.0,256180661.0,72589901.0,177661013.0,1418048925.0,27020586.0,59831512.0,149937622.0,223414573.0,890795570.0,171043011.0,286022264.0,34447064.0,136595947.0,132506966.0,EGEPO,2023,86852098.0,410006149.0,103319087.0,0.04751065721994763,0.2242854467742365,0.3111103430109426,0.36227427409678287,4.965387209777878,0.09356556781724182,1.4419633023256486,8.190482464899826,TR,yahoo
2220102354.0,375977985.0,201967872.0,228819648.0,1824242532.0,24937236.0,13089200.0,93201300.0,262272685.0,1320685414.0,-7208491.0,168124154.0,41614756.0,-48823247.0,-30159290.0,EGEPO,2024,38026436.0,395859822.0,86852098.0,0.01712823552098265,0.178307014217958,0.6557868320870249,0.6664837369086988,-0.1732195906663492,-0.00324691831753267,1.643119322515521,8.886847877074926,TR,yahoo
2309288902.0,364123926.0,122827722.0,202149193.0,1907665761.0,0.0,0.0,40419350.0,264935451.0,1345512803.0,32893577.0,205344333.0,12832867.0,20060710.0,2662766.0,EGEPO,2025,0.0,401623141.0,38026436.0,0.0,0.17391636908321312,,0.6749445043968885,2.563229011880198,0.014244028528224399,1.801263317435059,9.167232980124513,TR,yahoo
,,,,,,,,,,,,,,,EGGUB,2021,,,,,,,,,,,,TR,yahoo
4418373148.0,824736078.0,366134214.0,431803957.0,3886371714.0,253158458.0,,293252336.0,2521099928.0,2433439449.0,665367722.0,865159151.0,40660730.0,624706992.0,1001039114.0,EGGUB,2022,253158458.0,532001434.0,,0.057296758223011,0.12040663298001737,1.0,0.16061375282985804,16.363890220367416,0.15059111118787744,1.9099780458936368,14.375950527281951,TR,yahoo
6687332277.0,1390871069.0,587872321.0,524484033.0,6020319504.0,826189.0,0.0,73141194.0,3932984752.0,3272300448.0,593993780.0,901478351.0,73596332.0,520397448.0,534481473.0,EGGUB,2023,826189.0,667012773.0,253158458.0,0.00012354537890117167,0.09974272929342584,1.0,0.5795337070118258,8.070969895619255,0.0888237275188113,2.651884483583507,16.091155128220848,TR,yahoo
9739183790.0,1777435437.0,1049856238.0,262894085.0,8032557921.0,36342318.0,1152614937.0,1362337974.0,5251008304.0,3295236532.0,678741734.0,1084656996.0,59275498.0,619466236.0,331846180.0,EGGUB,2024,1188957255.0,1706625869.0,826189.0,0.12207976362668067,0.17523294618922064,0.030566547154800783,0.09964081833365972,11.450628959709457,0.06969184981362797,6.7610324401174715,11.438170947181646,TR,yahoo
10420812075.0,1728111572.0,1250216523.0,742959451.0,8548376673.0,438812082.0,887534427.0,1466754540.0,5720107795.0,3597219800.0,1132509066.0,1523215845.0,37740803.0,1094768263.0,715392921.0,EGGUB,2025,1326346509.0,1872435402.0,1188957255.0,0.1272786131689262,0.179682292370674,0.3308427164563827,0.03000894249049436,30.007550872725204,0.10867762107685836,2.325983698940792,11.183576639325953,TR,yahoo
,,,,,,,,,,,,,,,EGPRO,2021,,,,,,,,,,,,TR,yahoo
8653738928.0,5165799075.0,668532654.0,3801637254.0,3975601005.0,109888096.0,256367553.0,468452494.0,2371139892.0,9434612168.0,827599090.0,1084398812.0,71869607.0,755729483.0,264892686.0,EGPRO,2022,366255649.0,4678137923.0,,0.042323399405422873,0.5405915248798918,0.30003112934921583,0.19622798227475258,11.51528614870539,0.09563485758996311,1.3588353464194036,6.712336955695302,TR,yahoo
13295684927.0,7296982019.0,1160545027.0,5669137548.0,6554264136.0,212284040.0,189989127.0,530455068.0,3375617229.0,13457655794.0,1668525939.0,2049254349.0,84272962.0,1584252977.0,727889822.0,EGPRO,2023,402273167.0,6741420791.0,366255649.0,0.03025591906010725,0.5070382479739699,0.5277111610081614,0.2193098300168357,19.799066027844137,0.12549379352482004,1.2871414667958239,6.745010774802033,TR,yahoo
15775482625.0,7917764922.0,748595220.0,6288063033.0,8200821796.0,553252379.0,82237401.0,727633906.0,3040301019.0,13917999772.0,1934289058.0,2556072808.0,310401987.0,1623887071.0,1158577412.0,EGPRO,2024,635489780.0,7574660829.0,402273167.0,0.04028338118752167,0.48015398381512275,0.8705920951238586,0.5982136631440167,6.231561455822768,0.12261362165457046,1.25917391101954,6.516726857942208,TR,yahoo
15432558614.0,7559629431.0,747021296.0,5416186652.0,8884621139.0,232354105.0,9090909.0,360967214.0,3355210763.0,12382242730.0,1667416485.0,2312789905.0,157679892.0,1509736593.0,1124663508.0,EGPRO,2025,241445014.0,6547937475.0,635489780.0,0.015645170709474424,0.42429370519674475,0.9623479116450092,0.35961600127819765,10.574693220870547,0.10804536867187822,1.3957475834420339,7.020650841871027,TR,yahoo
,,,,,,,,,,,,,,,EGSER,2021,,,,,,,,,,,,TR,yahoo
3149910136.0,2062723302.0,203196784.0,1194503949.0,1826342171.0,444479630.0,,444479630.0,-396874152.0,4269002733.0,200428601.0,271693021.0,96183048.0,104245553.0,221618570.0,EGSER,2022,444479630.0,1323567965.0,,0.14110867002842015,0.4201922937016766,1.0,0.21639472657048422,2.0838245945376985,0.06362994255274843,1.7268451089900918,6.523857004402775,TR,yahoo
4364545052.0,2823478954.0,182953023.0,1043230396.0,3202405886.0,202659404.0,0.0,229454076.0,-1283621655.0,3953206835.0,-79510353.0,172654920.0,151172295.0,-230682648.0,-155745952.0,EGSER,2023,202659404.0,1162139166.0,444479630.0,0.04643311080203738,0.2662681109151259,1.0,0.4672019057963362,-0.5259584965618204,-0.018217328966180644,2.7064768864345856,7.737950391726754,TR,yahoo
5758941223.0,2678216245.0,77204875.0,2393902916.0,3155629786.0,716992632.0,68865781.0,785858413.0,-1644858999.0,3523217741.0,-1031560049.0,-794079981.0,321378650.0,-1352938699.0,-1164940559.0,EGSER,2024,785858413.0,2603311437.0,202659404.0,0.13645883549938775,0.45204688434792867,0.9123687169841369,0.6502232827230873,-3.209796447274889,-0.17912321189877162,1.1187656053634216,2.7118050987993274,TR,yahoo
6739816996.0,3809412418.0,307079118.0,4342975375.0,1990667386.0,1619579555.0,189033299.0,1816215023.0,-2812299999.0,4515677604.0,-330917776.0,-76964047.0,733809203.0,-1064726979.0,-1167441000.0,EGSER,2025,1808612854.0,4749149610.0,785858413.0,0.268347472204867,0.7046407362126543,0.8954816125618446,0.5656714817647661,-0.4509588795658645,-0.04909892600888061,0.8771434532943904,1.480559811448375,TR,yahoo
12758496878.0,2326804457.0,984118968.0,2783046215.0,9499458255.0,138360923.0,,138360923.0,65344592.0,11050924280.0,386303196.0,388699936.0,116760329.0,269542867.0,272617689.0,EKDMR,2023,138360923.0,3259038623.0,,0.010844610013471213,0.2554406411792673,1.0,0.843882264358702,3.3085141101306763,0.03027811188840893,0.8360638944689606,6.29612499474837,TR,yahoo
16915554522.0,4386266939.0,1480373066.0,4618853867.0,11385617249.0,1259243696.0,,1259243696.0,687059755.0,16844490880.0,865407943.0,869447337.0,125840807.0,739567136.0,621715163.0,EKDMR,2024,1259243696.0,5529937273.0,138360923.0,0.0744429450635068,0.3269143359035546,1.0,0.18008069705728413,6.877005667962698,0.05116048320346042,0.9496440167415238,5.797861334424716,TR,yahoo
21144031891.0,5041952046.0,391823342.0,5218623030.0,14327633024.0,2258242620.0,,2446828440.0,1133363780.0,20834708401.0,948447892.0,954023180.0,299473242.0,648974650.0,446304025.0,EKDMR,2025,2258242620.0,6816398867.0,1259243696.0,0.1068028383442434,0.3223793315361681,1.0,0.17027684834922327,3.167053876553018,0.044856529581934125,0.9661460536650412,5.878398527167411,TR,yahoo
,,,,,,,,,,,,,,,EKGYO,2021,,,,,,,,,,,,TR,yahoo
120939658000.0,110688971000.0,10063686000.0,53866415000.0,61544059000.0,5125401000.0,5068450000.0,10245675000.0,-231723000.0,21220172000.0,2635810000.0,2715912000.0,1742757000.0,893053000.0,905060000.0,EKGYO,2022,10193851000.0,59395599000.0,,0.08428873678475261,0.4911176365324268,0.502793399668094,0.17096159243449802,1.5124369031368115,0.02179442247141132,2.0548791115948593,7.560357818034863,TR,yahoo
175395726000.0,164388932000.0,22908136000.0,89842559000.0,82628540000.0,4666393000.0,1823979000.0,6499878000.0,-8238933000.0,41141913000.0,-4065379000.0,-3890498000.0,2030936000.0,-6096315000.0,-5882442000.0,EKGYO,2023,6490372000.0,92767186000.0,10193851000.0,0.03700416280383024,0.5289022036945188,0.7189715782084601,0.24345586845728445,-2.0017267900120927,-0.023178324197021767,1.8297445423387817,6.664471816553204,TR,yahoo
268202250000.0,247041997000.0,10839696000.0,141434957000.0,125398937000.0,16887910000.0,0.0,16917366000.0,6490228000.0,41753570000.0,11142831000.0,11435341000.0,2598266000.0,8544565000.0,17274359000.0,EKGYO,2024,16887910000.0,142803313000.0,6490372000.0,0.06296707055962432,0.5324463646371348,1.0,0.22228031982846302,4.288564373316666,0.041546374051671824,1.746682731342012,7.113168812267117,TR,yahoo
335189944000.0,302689071000.0,14753530000.0,155801289000.0,129708658000.0,21078750000.0,26287500000.0,47569289000.0,10612603000.0,99829173000.0,31031738000.0,31535759000.0,12546744000.0,18484994000.0,6002283000.0,EKGYO,2025,47366250000.0,205481286000.0,16887910000.0,0.1413116677509872,0.6130293873016668,0.4450162299105376,0.39053483852251747,2.4732901221225205,0.09257956139638843,1.9427892602351962,7.512896071258011,TR,yahoo
,,,,,,,,,,,,,,,EKOS,2021,,,,,,,,,,,,TR,yahoo
1721309603.0,1158890729.0,56321295.0,662189527.0,808302408.0,189561471.0,128503442.0,320797911.0,469914676.0,946785876.0,132182373.0,155389818.0,16752479.0,115429894.0,77698300.0,EKOS,2022,318064913.0,913007195.0,,0.18478076950576333,0.5304142807364562,0.5959835972224953,0.052670000101520155,7.890317188280015,0.07679174784688632,1.7500891840592339,7.478553858363044,TR,yahoo
4089085514.0,2875196559.0,912716866.0,1078814488.0,2756043392.0,327031328.0,158637076.0,536017537.0,371960371.0,1714426063.0,236025337.0,284926046.0,89154870.0,146870467.0,216708829.0,EKOS,2023,485668404.0,1333042122.0,318064913.0,0.11877188734185029,0.3260000597776689,0.6733634004323658,0.22185187079907998,2.6473633689331835,0.057720812194293473,2.6651445554186886,8.987168525308583,TR,yahoo
5215543634.0,3539704197.0,714214862.0,1307146389.0,3611086143.0,322721352.0,114200316.0,495622488.0,617144126.0,3091900783.0,346178583.0,436591850.0,63776776.0,282401807.0,130276535.0,EKOS,2024,436921668.0,1604457491.0,485668404.0,0.0837729867988676,0.3076299622038595,0.7386251944822293,0.13825593388782964,5.427972448779788,0.06637440069396992,2.7079631071068966,9.253040181849796,TR,yahoo
5005739570.0,3093968574.0,239694680.0,1447043828.0,3138413474.0,355023878.0,232728448.0,647634164.0,140544619.0,2322993973.0,-360969405.0,-244724466.0,63312936.0,-424282341.0,-462516187.0,EKOS,2025,587752326.0,1867326096.0,436921668.0,0.11741568209470395,0.3730370047996724,0.6040365342595003,0.12357674025247098,-5.701353116841714,-0.07211110365455949,2.1381305210888195,6.779965303527797,TR,yahoo
,,,,,,,,,,,,,,,EKSUN,2021,,,,,,,,,,,,TR,yahoo
2843037587.0,2439285329.0,129529125.0,2042844288.0,716529918.0,1724377121.0,0.0,1796709653.0,156961709.0,7509459749.0,64891860.0,111022070.0,8409178.0,56482682.0,64871375.0,EKSUN,2022,1724377121.0,2126507669.0,,0.6065263184999179,0.7479702972354688,1.0,0.0048766467019252455,7.716789916921726,0.02282483365563749,1.194063269202043,4.851908376278611,TR,yahoo
4807342299.0,4140036149.0,613485777.0,2041024523.0,2681143775.0,1592367985.0,0.0,1682387559.0,-116053616.0,10259774506.0,-62626262.0,25244924.0,17584613.0,-80210875.0,-222002277.0,EKSUN,2023,1592367985.0,2126198524.0,1724377121.0,0.33123665550739684,0.4422814918842541,1.0,0.010603535959510059,-3.5614239562735897,-0.013027210900506753,2.0284107821079815,7.272079356986169,TR,yahoo
6430518173.0,5438300892.0,1013824194.0,3653997291.0,2622979989.0,3143522682.0,88679754.0,3306630363.0,-1061790484.0,13204909975.0,-866658884.0,-701332506.0,23624284.0,-890283168.0,-909885204.0,EKSUN,2024,3232202436.0,3807538184.0,1592367985.0,0.5026348342457285,0.5921044123608606,0.9725636757734316,0.009793321244590036,-36.68508573635501,-0.13477279134967154,1.4883155237675845,4.349611459731057,TR,yahoo
6144460087.0,4456613649.0,697644030.0,3755416236.0,2294518086.0,2855531996.0,21911067.0,2919832886.0,-1382162301.0,11627099626.0,-252229961.0,-63717896.0,32085935.0,-284315896.0,-320371817.0,EKSUN,2025,2877443063.0,3849942001.0,3232202436.0,0.468298763806422,0.626571244094404,0.9923852300392155,0.010503370450953885,-7.861075608362356,-0.04104997956348512,1.186716296925548,3.6152305227726034,TR,yahoo
,,,,,,17117876.0,,,,,,,,,ELITE,2021,17117876.0,,,,,,,,,,,TR,yahoo
1135639076.0,749937969.0,33483811.0,271699609.0,782023317.0,70250822.0,19985810.0,90236632.0,43311313.0,1050677716.0,-15463323.0,-9126332.0,6648108.0,-22111431.0,-60554996.0,ELITE,2022,90236632.0,353615759.0,17117876.0,0.07945890019726655,0.31138040815354967,0.7785177753531404,0.12385335509152536,-2.325973495015424,-0.013616406239265405,2.7601731624133476,8.367445487976692,TR,yahoo
1774403590.0,1143577274.0,46354948.0,522135870.0,1167394526.0,173802558.0,2210802.0,176013360.0,54597013.0,1235327885.0,317668505.0,346710133.0,20773506.0,296894999.0,185888315.0,ELITE,2023,176013360.0,607009064.0,90236632.0,0.09919578668120256,0.3420918822645078,0.9874395784501813,0.1560451201816374,15.29200246698848,0.17902832635725224,2.190190982282064,8.87020818166882,TR,yahoo
2628173666.0,1671610252.0,117600198.0,535420183.0,2020173583.0,174203159.0,0.0,174203159.0,766602529.0,2300638094.0,688103970.0,748178454.0,64278025.0,623825945.0,516824791.0,ELITE,2024,174203159.0,608000083.0,176013360.0,0.06628297104320807,0.2313393863067495,1.0,0.36707591739840234,10.705119984629272,0.261818303296248,3.1220531184197067,12.285067179880496,TR,yahoo
2658195354.0,1529838864.0,186200154.0,401529808.0,2249963342.0,162851669.0,,162851669.0,1013658863.0,2150186669.0,200274266.0,283057590.0,66899893.0,133374373.0,247056334.0,ELITE,2025,162851669.0,408232012.0,174203159.0,0.06126399579885806,0.15357487228532715,1.0,0.3969674215733234,2.9936410511149845,0.07534219247604629,3.8100256407364905,13.570988510029643,TR,yahoo
,,,,,,,,,,,,,,,EMKEL,2021,,,,,,,,,,,,TR,yahoo
964387305.0,467002148.0,6332349.0,357386473.0,480017795.0,9170577.0,46136417.0,55835844.0,-177529380.0,488167554.0,-22461660.0,-7158538.0,30578208.0,-53039868.0,-39922413.0,EMKEL,2022,55306994.0,484369510.0,,0.05734935923902482,0.5022562071158745,0.16581224790484908,0.5528813950727461,-0.7345643014790141,-0.023291119536253124,1.306714672438092,4.279565413723725,TR,yahoo
1654261753.0,903946065.0,76988708.0,624455821.0,865240172.0,45195772.0,33207117.0,78754596.0,-302430206.0,610673744.0,13832612.0,32824016.0,32984689.0,-19152077.0,-31864371.0,EMKEL,2023,78402889.0,789021581.0,55306994.0,0.047394488120042995,0.47696295919863413,0.576455441584557,0.49337697797551733,0.41936463308779415,0.008361803671586185,1.4475740870706049,4.969953519656635,TR,yahoo
2125210092.0,1287926748.0,10971724.0,968776482.0,1032360469.0,136605474.0,57434.0,137005215.0,-410641146.0,1017778317.0,23510120.0,47523480.0,78187989.0,-54677869.0,-14784201.0,EMKEL,2024,136662908.0,1092849623.0,78402889.0,0.06430559901557252,0.51423133511075,0.9995797396613278,0.7271076116301283,0.30068710425587236,0.011062492168891883,1.3294364303116928,4.671451212827361,TR,yahoo
2238406517.0,1358536253.0,70440571.0,1004518402.0,979835640.0,132143791.0,2513660.0,409351549.0,-467309039.0,876130843.0,10345210.0,44004395.0,88378878.0,-78033668.0,-56667893.0,EMKEL,2025,134657451.0,1258570877.0,136662908.0,0.06015772826665693,0.5622619785287196,0.9813329304740812,0.651472512610084,0.117055231228439,0.004621685078841289,1.3524254511367328,4.455433522921676,TR,yahoo
97240622.0,56307553.0,4080428.0,27563976.0,15606430.0,332143.0,1011221.0,4229891.0,-46060786.0,89783389.0,28720432.0,34390903.0,21332460.0,7387972.0,8144157.0,EMNIS,2021,1343364.0,81634192.0,,0.013814843759432144,0.8395070940619858,0.247247209244851,15.879880657811286,1.3463253651946376,0.2953542604859109,2.042795023475568,5.830408187811533,TR,yahoo
,,,,,,,,,,,,,,,ENDAE,2021,,,,,,,,,,,,TR,yahoo
9265759362.0,1060968157.0,844286267.0,899217817.0,5277480116.0,397892421.0,524014394.0,948043596.0,2877555138.0,1747116002.0,627501141.0,629033757.0,,729298535.0,1132824741.0,ENDAE,2022,921906815.0,3988279246.0,,0.09949608866175084,0.4304319905345714,0.4315972227626932,,,0.06772258122453062,1.1798789313802043,6.221440881522163,TR,yahoo
8907954595.0,766854295.0,370043428.0,319224268.0,5328054238.0,200934165.0,299871874.0,532504591.0,2924453952.0,1090972660.0,153294790.0,154957092.0,,401353504.0,63877899.0,ENDAE,2023,500806039.0,3579900357.0,921906815.0,0.056220093362521234,0.4018768078375011,0.4012215295990071,,,0.01720875295952269,2.4022430995127224,6.328275618194072,TR,yahoo
15262503848.0,654042727.0,492437263.0,533619574.0,9120716698.0,314088180.0,156547977.0,746593281.0,4533374320.0,1609371876.0,-761923399.0,-259148741.0,338517876.0,-1100441275.0,-929816462.0,ENDAE,2024,470636157.0,6141787150.0,500806039.0,0.030836104068315908,0.40241019502215036,0.6673694218525587,0.6969387934637338,-2.2507626716882743,-0.04992125843754284,1.22567229327311,5.493873949553766,TR,yahoo
16392127968.0,1701292728.0,1576966695.0,377822247.0,10412804780.0,145823465.0,0.0,364621350.0,3798909758.0,1214006511.0,-467847809.0,165387861.0,155313502.0,-623161311.0,-571089046.0,ENDAE,2025,145823465.0,5979323188.0,470636157.0,0.008895944765967556,0.3647679666528089,1.0,0.5038886456054051,-3.0122803425036415,-0.028541005164998235,4.50289187973624,6.17190088956214,TR,yahoo
25016044503.0,6469087521.0,1825253572.0,9764969165.0,8143001472.0,788950287.0,59957967.0,884512915.0,1996238614.0,,,,,,,ENERY,2022,848908254.0,16873043031.0,,0.03393455163937673,0.6744888477063803,0.9293704982635261,,,,0.6624790525900243,,TR,yahoo
54526183670.0,10456789077.0,6307655898.0,12607279623.0,22341283420.0,1593109726.0,42984216.0,1677309734.0,6058650564.0,28902244013.0,5428330422.0,6260059131.0,140437942.0,5287892480.0,3196735517.0,ENERY,2023,1636093942.0,32184900250.0,848908254.0,0.030005656583300726,0.5902650448596855,0.973727537950874,0.11302842486502172,38.65287645699052,0.09955456363594059,0.829424696658844,4.751378157901028,TR,yahoo
79397074997.0,12642274060.0,5833712671.0,19666582842.0,34614148982.0,3201559577.0,9322745.0,3299060812.0,11268312797.0,30759943749.0,4939809518.0,7155263683.0,242962878.0,4696846640.0,3698445597.0,ENERY,2024,3210882322.0,44782926015.0,1636093942.0,0.04044081374687068,0.5640374789208811,0.9970965161394663,0.10025338056823627,20.33154018697457,0.06221651765114331,0.6428302344930574,4.361976819245971,TR,yahoo
105940157306.0,13252462144.0,6068044189.0,21009692372.0,52136773914.0,3574878015.0,0.0,3790661566.0,8809866097.0,32787579912.0,4621055033.0,7369187141.0,298232035.0,4322822998.0,4695334853.0,ENERY,2025,3574878015.0,53803383392.0,3210882322.0,0.03374431477078366,0.5078658061323532,1.0,0.08789937168097778,15.494831173988402,0.043619484343905945,0.6307784954367918,4.351354927561038,TR,yahoo
,,,,,,,,,,,,,,,ENJSA,2021,,,,,,,,,,,,TR,yahoo
126123660000.0,36795156000.0,13793119000.0,51501244000.0,58838086000.0,24837699000.0,6877930000.0,32438495000.0,22402036000.0,163312312000.0,13108772000.0,16117200000.0,8939637000.0,4169135000.0,20634560000.0,ENJSA,2022,31715629000.0,67285574000.0,,0.2514645467789311,0.5334889108038888,0.7831375187293306,0.2818685071640862,1.466365133170396,0.10393586738602416,0.7144517907179097,4.680765241784155,TR,yahoo
190719169000.0,58741938000.0,5522206000.0,69307578000.0,83414066000.0,28902391000.0,19599248000.0,49464955000.0,33739786000.0,243515934000.0,22896770000.0,32507496000.0,15290216000.0,7606554000.0,6522060000.0,ENJSA,2023,48501639000.0,107305103000.0,31715629000.0,0.2543091984634224,0.5626340737673831,0.5959054497106788,0.38122006349056914,1.497478518289081,0.1200548960026142,0.8475543323704083,5.086294445196448,TR,yahoo
235281484000.0,67264752000.0,11054803000.0,88455366000.0,97456985000.0,38949037000.0,31641295000.0,71745425000.0,34902469000.0,249460229000.0,33306471000.0,39519285000.0,29716317000.0,3590154000.0,-6351905000.0,ENJSA,2024,70590332000.0,137824499000.0,48501639000.0,0.30002502024341193,0.5857855733347891,0.5517616350069016,0.49904820199843697,1.1208142314540526,0.1415601025365855,0.7604372130459559,4.836522286333671,TR,yahoo
238598183000.0,66773135000.0,3411524000.0,84578944000.0,95768408000.0,32760671000.0,33615004000.0,68461974000.0,33857651000.0,233065038000.0,34880818000.0,41246009000.0,29032660000.0,5848158000.0,3171282000.0,ENJSA,2025,66375675000.0,142829775000.0,70590332000.0,0.27819019476774476,0.5986205477516147,0.49356441196266554,0.4239396421916571,1.2014337645947701,0.1461906271096792,0.7894770476207411,4.909483923796297,TR,yahoo
,,,,,48286680.951844,12564339.686478,,,,,,,,,ENKAI,2021,60851020.638321996,,,,,0.7935229425130564,,,,,,TR,yahoo
8583978748.903204,3537575063.667687,1026702816.35885,1482446872.258009,6474238876.880604,56259710.65979,,188519057.504227,4893836111.883922,3306653861.792968,208553031.437927,289420463.543562,6343120.679693,202209910.758234,104934352.729685,ENKAI,2022,56259710.65979,2109739872.0226002,60851020.638321996,0.006554036572723161,0.24577645561997305,1.0,0.10832689044603824,32.878616373419014,0.02429561367035937,2.3863081570534677,10.064567631758496,TR,yahoo
9378344960.006502,4035085202.067064,1226270614.76881,1415653712.520911,7303106556.766385,118151.833064,,121461540.545483,5753818109.164302,2597541771.363165,724187837.371062,826167498.59464,2922877.906386,721264959.464676,574646052.462258,ENKAI,2023,118151.833064,2075238403.240117,56259710.65979,1.2598367149838567e-05,0.22127981131957405,1.0,0.10368885151530817,247.765339697848,0.07721915118918381,2.850333500614092,11.296366566838257,TR,yahoo
10282099527.744715,4517836546.947199,1196868791.325166,1555102257.86451,7903485598.137228,,,116046044.324564,6394359666.41172,2843867384.968388,989834546.594195,1109275307.633474,2172074.483732,987662472.110463,698394428.202262,ENKAI,2024,116046044.324564,2378613929.6074867,118151.833064,0.011286220680069379,0.23133543136682846,,0.037396625734570095,455.7093018714017,0.09626774608855651,2.9051700774656197,11.3033826324361,TR,yahoo
11473497799.472654,6405587987.468641,1246290564.55109,1690817007.296773,8684757592.942118,,,160723990.134452,6865587140.44072,3641920016.828862,1169775530.619943,1296917539.737594,2959408.513887,1166816122.106056,841985358.982766,ENKAI,2025,160723990.134452,2788740206.5305367,116046044.324564,0.014008281776272202,0.24305928804542176,,0.02138532460475036,395.2734220810615,0.10195456965823518,3.7884572723275958,11.851490291809228,TR,yahoo
,,,,,,,,,,,,,,,ENSRI,2021,,,,,,,,,,,,TR,yahoo
897223570.0,438492229.0,49780362.0,312747075.0,521413194.0,99364691.0,19117153.0,217012824.0,146638410.0,363593388.0,-7303003.0,12384201.0,20279458.0,-27582461.0,-18699506.0,ENSRI,2022,118481844.0,375810376.0,,0.13205386924911033,0.41885923259907226,0.8386490929361295,0.17116089111509777,-0.3601182536535247,-0.008139557680144315,1.402066602861114,6.104290171052223,TR,yahoo
1556610212.0,708336895.0,11597626.0,455548100.0,956462029.0,336706720.0,32056041.0,398833661.0,416456930.0,490895491.0,326296572.0,362903581.0,44755203.0,281541369.0,206225637.0,ENSRI,2023,368762761.0,600148183.0,118481844.0,0.2369011575005651,0.3855481471041512,0.9130713716507833,0.1837073311463346,7.290695832616378,0.20961996104391484,1.5549113145241962,8.269548989124132,TR,yahoo
2422564312.0,984910775.0,24060651.0,582658879.0,1497644415.0,294069616.0,70239840.0,388864597.0,795052614.0,700635429.0,474197532.0,522956230.0,51230514.0,422967018.0,248056597.0,ENSRI,2024,364309456.0,924919897.0,368762761.0,0.15038174804913085,0.38179374327380083,0.8071973185346032,0.13976935099151358,9.25615409597491,0.19574197871697205,1.690372893124658,8.424697356601458,TR,yahoo
2249149218.0,886652867.0,7540788.0,495575979.0,1411881267.0,338574849.0,47001167.0,397997362.0,683948413.0,462354532.0,48750139.0,100669558.0,38869975.0,9880164.0,-75830814.0,ENSRI,2025,385576016.0,837267951.0,364309456.0,0.17143194098205003,0.37225985021328184,0.8781014247525188,0.10366909735250879,1.2541849846829076,0.021674924282413705,1.7891360852257934,7.2982436821532986,TR,yahoo
,,,,,,,,,,,,,,,ENTRA,2021,,,,,,,,,,,,TR,yahoo
28124773000.0,928053000.0,175227000.0,3014780000.0,12268386000.0,2319640000.0,7950580000.0,10308678000.0,-1508510000.0,3157017000.0,4625445000.0,4625445000.0,1064803000.0,3560642000.0,3289822000.0,ENTRA,2022,10270220000.0,15856387000.0,,0.3651663250757615,0.5637871992780172,0.22586078973965504,0.1036786943220301,4.343944372808867,0.16446159405446578,0.30783440251029925,4.506010846979025,TR,yahoo
40438262000.0,727189000.0,299567000.0,4848808000.0,24420908000.0,4129152000.0,9792872000.0,13980083000.0,243791000.0,4170403000.0,3338557000.0,4957200000.0,2138155000.0,1200402000.0,1857168000.0,ENTRA,2023,13922024000.0,16017354000.0,10270220000.0,0.34427849545066996,0.3960940259994359,0.29659135769339284,0.17676367682138128,1.5614195416141488,0.0825593592523833,0.14997273556717444,4.756718501234028,TR,yahoo
50092376000.0,2598332000.0,980744000.0,6495305000.0,32360069000.0,5350233000.0,9785128000.0,15213397000.0,11049931000.0,4021015000.0,4770006000.0,7015813000.0,2280673000.0,2489333000.0,2573764000.0,ENTRA,2024,15135361000.0,17732307000.0,13922024000.0,0.3021489936911757,0.3539921324554459,0.353492262259222,0.15697716776647314,2.0914905380999382,0.09522419140190116,0.4000323310452704,6.014861088943924,TR,yahoo
51660548000.0,1444402000.0,768507000.0,5771783000.0,35194514000.0,5129065000.0,6872946000.0,12110177000.0,9786489000.0,4205548000.0,639887000.0,2788633000.0,1493680000.0,-853793000.0,-1818598000.0,ENTRA,2025,12002011000.0,16466034000.0,15135361000.0,0.23232450031308224,0.31873517872865,0.42735046651765274,0.11008287759035768,0.4283963097852284,0.012386376544050597,0.2502523050502765,5.6455734280947025,TR,yahoo
,,,,,,,,,,,,,,,ERBOS,2021,,,,,,,,,,,,TR,yahoo
3042892083.0,2377576908.0,395907054.0,898069365.0,2001054708.0,691000719.0,0.0,691000719.0,1534071540.0,4761607074.0,394955898.0,397100091.0,82575730.0,312380168.0,126367847.0,ERBOS,2022,691000719.0,1041837375.0,,0.2270868306045016,0.34238393823446023,1.0,0.11950165568496318,4.782953756509328,0.1297962225497696,2.6474312571612995,10.972076725232895,TR,yahoo
4628630986.0,3257427441.0,623667659.0,1468677165.0,2900844411.0,1067660010.0,42579177.0,1110239187.0,1943527403.0,5486640887.0,-9859625.0,-8394621.0,161396076.0,-171255701.0,-214814109.0,ERBOS,2023,1110239187.0,1727786575.0,691000719.0,0.23986340461317562,0.3732824198398952,0.9616486451761318,0.17920552999340444,-0.0610896202953534,-0.002130138485833487,2.2179329253750604,8.902553041523625,TR,yahoo
5435488123.0,3727583674.0,718969398.0,1695684044.0,4001827808.0,1536014675.0,0.0,1536014675.0,2752192332.0,5902835473.0,-66823684.0,-63232983.0,185560422.0,-252384106.0,-288841811.0,ERBOS,2024,1536014675.0,1433660315.0,1110239187.0,0.2825900158810815,0.2637592581489668,1.0,0.14024385540981782,-0.3601181937385333,-0.012293961919857552,2.1982772599586955,10.201214050246989,TR,yahoo
4966014380.0,3018188047.0,494705409.0,1111108878.0,3511891255.0,854119293.0,0.0,854119293.0,2044713553.0,5579677362.0,12429907.0,14823828.0,163745034.0,-151315127.0,-129795157.0,ERBOS,2025,854119293.0,1454123125.0,1536014675.0,0.17199291577564865,0.2928149243498566,1.0,0.13701745273886673,0.07591013111273957,0.0025029945644257276,2.7163747016698756,9.66419104056777,TR,yahoo
,,,,,,,,,,,,,,,ERCB,2021,,,,,,,,,,,,TR,yahoo
5147204539.0,2869545830.0,118117965.0,2593409017.0,1850689610.0,1467896823.0,397091834.0,1869413908.0,327386097.0,3518000942.0,248942258.0,369196510.0,120487416.0,128454842.0,184752843.0,ERCB,2022,1864988657.0,3296514929.0,,0.3623303956291448,0.6404476262838483,0.7870808315591808,0.06460490552999648,2.066126623547143,0.04836455518986711,1.1064763834743774,4.723769612823017,TR,yahoo
9769179713.0,6042989503.0,250090256.0,5227191866.0,2986651312.0,3028492212.0,670616297.0,3708308123.0,419555360.0,8262665347.0,365051988.0,543507712.0,278247635.0,86804353.0,92169263.0,ERCB,2023,3699108509.0,6782528401.0,1864988657.0,0.37865088141203285,0.6942781891886362,0.8187086711924297,0.10001537597159928,1.311967981327137,0.03736772162295465,1.1560680491386424,4.651287610341848,TR,yahoo
12771489070.0,8678951200.0,428688272.0,7155070676.0,3584320631.0,3481863500.0,753436320.0,4251124522.0,448122028.0,7249248079.0,831308165.0,1087680031.0,742729791.0,88578374.0,28566668.0,ERCB,2024,4235299820.0,9187168439.0,3699108509.0,0.33162145751262817,0.7193498259009198,0.8221055528484403,0.18721743580686342,1.11926056430393,0.0650909350071581,1.2129791015358518,4.994180613540655,TR,yahoo
14423277278.0,8112763634.0,95631278.0,4921512210.0,3552708769.0,1922184061.0,3692234302.0,5627148724.0,31997329.0,7076537222.0,458191794.0,757303451.0,971016533.0,-512824739.0,-405835683.0,ERCB,2025,5614418363.0,10870568509.0,4235299820.0,0.38926093250413624,0.7536822803497656,0.3423656622505244,0.1971663584600652,0.4718681695196224,0.031767523092611244,1.6484290372206554,5.265315982019263,TR,yahoo
,,,,,,,,,,,,,,,EREGL,2021,,,,,,,,,,,,TR,yahoo
174893623000.0,80656225000.0,15186458000.0,35908584000.0,115645231000.0,21112058000.0,8261399000.0,29580739000.0,58971682000.0,127782881000.0,24120571000.0,27614402000.0,2008117000.0,22112454000.0,18005034000.0,EREGL,2022,29373457000.0,59248392000.0,,0.16795041749463901,0.3387681665214289,0.7187461114978737,0.06836502084177562,12.011536678390751,0.13791566888633783,2.2461544292584747,9.003901991122017,TR,yahoo
310033249000.0,134518116000.0,24072967000.0,89291663000.0,186191490000.0,56652811000.0,10747946000.0,67740702000.0,101741132000.0,147899792000.0,14416335000.0,19789053000.0,5579206000.0,8837129000.0,4033089000.0,EREGL,2023,67400757000.0,123841759000.0,29373457000.0,0.21739847973531382,0.3994467025696331,0.8405367168205544,0.11530356629917965,2.5839402595996637,0.04649931917463472,1.5065025275651995,7.167867063623843,TR,yahoo
425158974000.0,182856284000.0,55259993000.0,76288847000.0,236947401000.0,36380853000.0,83994426000.0,121288196000.0,134354978000.0,204059940000.0,24905742000.0,33742976000.0,11383421000.0,13522321000.0,13481348000.0,EREGL,2024,120375279000.0,188211573000.0,67400757000.0,0.2831300439632729,0.44268517074744845,0.3022286079187405,0.12124466191202375,2.1878960639336804,0.0585798337165053,2.3968940571352455,7.640026326259914,TR,yahoo
558531195000.0,250627343000.0,115476723000.0,116913185000.0,287771905000.0,39545197000.0,117458247000.0,158340895000.0,164321838000.0,208909904000.0,14826890000.0,26122513000.0,11146435000.0,3680455000.0,511801000.0,EREGL,2025,157003444000.0,270759290000.0,120375279000.0,0.281100582036425,0.48477021950403326,0.2518747104681347,0.08036979101673923,1.3301912225747514,0.026546216456182003,2.1437046899372385,7.073953676394694,TR,yahoo
,,,,,,,,,,,,,,,ERSU,2021,,,,,,,,,,,,TR,yahoo
421025937.0,80143650.0,2574564.0,44946819.0,303277016.0,0.0,,0.0,-283894465.0,122917270.0,-9538001.0,-4507997.0,1000201.0,-10538202.0,-39305568.0,ERSU,2022,0.0,117748921.0,,0.0,0.2796714184380522,,inf,-9.53608424706634,-0.022654188642064588,1.7830772406830393,4.152378804089489,TR,yahoo
547019322.0,82076555.0,925308.0,27183110.0,425181819.0,0.0,,0.0,-420957757.0,116996458.0,20477754.0,50422803.0,1178709.0,19299045.0,-11074416.0,ERSU,2023,0.0,121837503.0,0.0,0.0,0.22272979783335697,,inf,17.373036092877886,0.037435156632364804,3.0193953156941937,5.315365927190543,TR,yahoo
616144512.0,236507475.0,121066455.0,25433170.0,549097266.0,19894.0,,19894.0,-559001621.0,157534600.0,-50908489.0,-29624820.0,726965.0,-51635454.0,-8000212.0,ERSU,2024,19894.0,67047246.0,0.0,3.228787989269634e-05,0.10881740353795442,1.0,73.0838443751885,-70.02880331240156,-0.08262426753547064,9.299174070711594,10.583574947539223,TR,yahoo
525191527.0,164100501.0,5743543.0,13404013.0,426506902.0,0.0,,0.0,-682053407.0,162196746.0,-67258539.0,-39265971.0,1555867.0,-68814406.0,-123051786.0,ERSU,2025,0.0,98684625.0,19894.0,0.0,0.18790216507053437,,156.41570322710365,-43.22897715550236,-0.12806478311673145,12.242639648290403,4.576038477597145,TR,yahoo
,,,,,,,,,,,,,,,ESCAR,2021,,,,,,,,,,,,TR,yahoo
5848959597.0,1876706393.0,227427567.0,850338646.0,3120337504.0,715734645.0,1182362083.0,2226797707.0,2385619380.0,1359577664.0,1299775122.0,1359863851.0,461706807.0,838068315.0,611817263.0,ESCAR,2022,1898096728.0,2728622093.0,,0.32451869371324704,0.46651409498529317,0.37708017428287777,0.24324724877772405,2.815152608308848,0.2222233032121935,2.207010585521477,8.42487519172703,TR,yahoo
10253243616.0,3546925671.0,338283140.0,1954440129.0,5899533434.0,1592577919.0,1134317428.0,3071498641.0,5066874100.0,2990391064.0,3224885187.0,3304892530.0,987555204.0,2237329983.0,1846802425.0,ESCAR,2023,2726895347.0,4353710182.0,1898096728.0,0.26595440907545875,0.42461784241682454,0.5840260502670476,0.42705163078576736,3.265523966597416,0.31452341403140227,1.814803952482701,9.416280767358062,TR,yahoo
12972295006.0,4903907699.0,10709735.0,2044331667.0,7939870276.0,1587238037.0,1546362039.0,3348730355.0,6669690768.0,3792767714.0,1922360964.0,2338548629.0,1313321246.0,609039718.0,442676083.0,ESCAR,2024,3133600076.0,5032424730.0,2726895347.0,0.2415609631565297,0.38793634647318626,0.5065222103983635,0.44819461537185473,1.4637400939449967,0.14818973536377808,2.3987828287160218,9.024657781172357,TR,yahoo
9058695944.0,3706802551.0,274663005.0,1414787597.0,5723771956.0,1064371973.0,980388614.0,2071384415.0,4604733421.0,3710826732.0,-1276654187.0,-39513795.0,1046441902.0,-2323096089.0,-1867111222.0,ESCAR,2025,2044760587.0,3334923988.0,3133600076.0,0.22572350365223828,0.36814614472283697,0.5205362328318391,0.40415952850752607,-1.2199952855098877,-0.14093134319687461,2.6200417354945187,7.421998324802503,TR,yahoo
,,,,,,,,,,,,,,,ESCOM,2021,,,,,,,,,,,,TR,yahoo
1038603422.0,13826996.0,748226.0,18127077.0,1019548756.0,,,,390699446.0,703381140.0,494610492.0,494654969.0,33620.0,494576872.0,494287003.0,ESCOM,2022,,19054666.0,,,0.01834643098258538,,,14711.793337299227,0.47622651872987953,0.7627813353471163,63.831261306312776,TR,yahoo
1912557129.0,17400837.0,1029421.0,29590968.0,1880786010.0,,,,971805115.0,994880777.0,407746704.0,407969755.0,3303.0,407743401.0,407869022.0,ESCOM,2023,,31771119.0,,,0.0166118535850544,,,123447.38237965485,0.21319452256738314,0.5880455482226874,68.45519798795266,TR,yahoo
2243606225.0,29462750.0,1123484.0,62313812.0,2170533938.0,,,,979707731.0,483390488.0,-285093140.0,-284820558.0,349389.0,-285442529.0,-292308597.0,ESCOM,2024,,73072287.0,,,0.032569122952937075,,,-815.9762900377516,-0.12706915180715367,0.4728125122565123,34.91270032317385,TR,yahoo
3396885562.0,27531324.0,1040119.0,72453576.0,3321925797.0,,,,2078751890.0,1668149063.0,1144796210.0,1145064611.0,226559.0,1144569651.0,1151633626.0,ESCOM,2025,,74959765.0,,,0.022067203510931818,,,5052.971676252102,0.33701347575747387,0.37998571664702924,53.95488520429352,TR,yahoo
,,,,,,,,,,,,,,,ESEN,2021,,,,,,,,,,,,TR,yahoo
13496672612.0,3037901681.0,492449249.0,1630739586.0,6490938802.0,747796586.0,1768966264.0,2516762850.0,4434313507.0,1795941481.0,-1241173587.0,-970777678.0,160637572.0,-1401811159.0,-747690736.0,ESEN,2022,2516762850.0,7005733810.0,,0.18647283833219203,0.5190711823128277,0.29712636055478964,0.06382705943072864,-7.726545985144746,-0.09196145025378052,1.8628981028488996,5.359876705610616,TR,yahoo
19423983837.0,1659640409.0,389603338.0,2098069682.0,9643853526.0,1366284420.0,2779005709.0,4145290129.0,6574399634.0,1337226226.0,615143122.0,918461523.0,365301531.0,249841591.0,109461002.0,ESEN,2023,4145290129.0,9780130311.0,2516762850.0,0.2134109132187289,0.5035079514620583,0.3295992264670746,0.1096663542459049,1.6839325045150166,0.03166925627420661,0.7910320725944315,5.4535234649418705,TR,yahoo
22504226073.0,1923278302.0,152990239.0,2715407333.0,11660611626.0,2079128382.0,2579340856.0,4658469238.0,8295615904.0,1487545866.0,-92404295.0,309289454.0,547025354.0,-639429649.0,-340048366.0,ESEN,2024,4658469238.0,10843614447.0,4145290129.0,0.207004196584619,0.48184791655687703,0.4463114975709538,0.12427085548259512,-0.16892141163899324,-0.00410608632797483,0.7082835339754163,5.322328510422819,TR,yahoo
21087900175.0,1324510135.0,419148532.0,3406020811.0,10008460945.0,2387362783.0,2001481701.0,4459802304.0,6066051255.0,1491338746.0,-611492690.0,-175043050.0,642680297.0,-1254172987.0,-1157995588.0,ESEN,2025,4388844484.0,11079439230.0,4658469238.0,0.20812145579117622,0.5253931941092376,0.5439615807084041,0.14207096531586372,-0.9514725950903081,-0.02899732476564609,0.3888731773811819,4.293884294306098,TR,yahoo
,,,,,,,,,,,,,,,ETILR,2021,,,,,,,,,,,,TR,yahoo
416276653.0,245196432.0,38316141.0,171478940.0,189221178.0,66111190.0,13456454.0,79567644.0,-54610683.0,281316444.0,-222736.0,4312685.0,6005548.0,-6228284.0,39430204.0,ETILR,2022,79567644.0,227055475.0,,0.19114126008887652,0.5454436931873765,0.8308803261788171,0.07547726309453123,-0.037088372285093714,-0.0005350672404873016,1.4298923937831667,4.855463926613828,TR,yahoo
639587859.0,398910997.0,41997093.0,327785354.0,254614051.0,153648669.0,6096960.0,177646736.0,-98088795.0,477393092.0,16433392.0,28167309.0,26994877.0,-10561485.0,-19242558.0,ETILR,2023,159745629.0,384973808.0,79567644.0,0.24976338551792304,0.6019091866470218,0.9618333218995306,0.22560283983914256,0.6087596546559556,0.025693720993537495,1.2169884716691766,4.346656868479364,TR,yahoo
833870491.0,558189367.0,34120822.0,412006314.0,376140687.0,271436870.0,16177208.0,301398252.0,-84542096.0,1444584382.0,152143405.0,174669352.0,74954107.0,77189298.0,43848612.0,ETILR,2024,287614078.0,457729804.0,159745629.0,0.3449145653962229,0.5489219356486378,0.9437537685481445,0.3350954760885517,2.029820794209449,0.1824544778141094,1.3548077979212716,6.158430466140944,TR,yahoo
1362551469.0,1037901918.0,161999851.0,789394486.0,516741277.0,490712381.0,21380895.0,548073583.0,-73158705.0,2124357838.0,49981191.0,68271321.0,68491244.0,-18510053.0,11383391.0,ETILR,2025,512093276.0,845810192.0,287614078.0,0.3758340786758199,0.6207546733047484,0.9582480458110917,0.1712907694481449,0.729745702968981,0.036682057255923,1.3148076613243533,5.159393863371939,TR,yahoo
,,,,,,,,,,,,,,,ETYAT,2021,,,,,,,,,,,,TR,yahoo
74602585.0,74285984.0,33473658.0,753196.0,72971904.0,,,0.0,-135257262.0,121196306.0,-32477495.0,-32428583.0,0.0,-32477495.0,-32477495.0,ETYAT,2022,0.0,1630681.0,,0.0,0.02185823721791946,,,-inf,-0.4353400756823641,98.62769319008598,47.8667539105061,TR,yahoo
82464030.0,76054477.0,12197630.0,1038936.0,76758093.0,,,4017701.0,-224442772.0,59392365.0,-26286032.0,-24256266.0,427700.0,-26713732.0,-26713732.0,ETYAT,2023,4017701.0,5705937.0,0.0,0.04872064826324884,0.06919304089310212,,0.21290782962694338,-61.45904138414777,-0.3187575479878924,73.20419833367984,12.327601013983243,TR,yahoo
94774326.0,86211705.0,11387932.0,3060292.0,87560704.0,,,2646420.0,25994036.0,78256324.0,-12567013.0,-8980220.0,493278.0,-13060291.0,-13060291.0,ETYAT,2024,2646420.0,7213622.0,4017701.0,0.027923385073717118,0.07611367238844832,,0.14803992904690655,-25.476532502969928,-0.13259933919234626,28.17107158401878,21.753714692254604,TR,yahoo
76542510.0,68078361.0,8756946.0,3795351.0,66917766.0,,,3939138.0,18273281.0,63225665.0,-20528370.0,-16402475.0,252676.0,-20781046.0,-20781046.0,ETYAT,2025,3939138.0,9624744.0,2646420.0,0.05146340249359473,0.125743772970079,,0.07673639803946758,-81.2438458737672,-0.2681956732278573,17.93730303205158,15.03562291734601,TR,yahoo
,,,,,,,,,,,,,,,EUKYO,2021,,,,,,,,,,,,TR,yahoo
79548486.0,79230054.0,39207947.0,695258.0,78139990.0,,,0.0,-127551972.0,117564622.0,-34296603.0,-33968028.0,0.0,-34296603.0,-34296603.0,EUKYO,2022,0.0,1408496.0,,0.0,0.017706132081508126,,,-inf,-0.4311408642019912,113.95777394866366,59.85338315130639,TR,yahoo
88747767.0,76026494.0,12696639.0,1278640.0,84811768.0,,,2928793.0,-213449184.0,61021737.0,-26314242.0,-24565709.0,303451.0,-26617693.0,-26617693.0,EUKYO,2023,2928793.0,3935999.0,0.0,0.033001314838715885,0.04435040038810216,,0.20721915137054753,-86.71660993043358,-0.2965059616654918,59.45887349058375,21.567042846622503,TR,yahoo
102087941.0,87745298.0,13018043.0,2238373.0,96916822.0,,,2968148.0,31812696.0,77859548.0,-14186556.0,-10027336.0,314839.0,-14501395.0,-14501395.0,EUKYO,2024,2968148.0,5171119.0,2928793.0,0.029074423197544948,0.05065357327561342,,0.10678044769313445,-45.059716235917406,-0.13896407216205878,39.200480884999955,28.505617044660934,TR,yahoo
85091124.0,72754706.0,10230032.0,3137430.0,78576146.0,,,3507205.0,26473114.0,64269440.0,-19578545.0,-14835557.0,262432.0,-19840977.0,-19840977.0,EUKYO,2025,3507205.0,6514978.0,2968148.0,0.04121704867830868,0.07656471901816693,,0.0810556582783981,-74.60425938909889,-0.23008915712524847,23.18926828646376,20.748985495109377,TR,yahoo
,,,,,,,,,,,,,,,EUPWR,2021,,,,,,,,,,,,TR,yahoo
3269001000.0,2235342000.0,114982000.0,1374846000.0,1532206000.0,233393000.0,142767000.0,376160000.0,849992000.0,3778053000.0,706636000.0,765442000.0,47788000.0,658848000.0,515458000.0,EUPWR,2022,376160000.0,1736795000.0,,0.11506879318788829,0.5312922816481243,0.6204620374308805,0.12704168438962143,14.786892106805055,0.21616267477434237,1.6258853718889243,8.203360579942855,TR,yahoo
11898362000.0,8586667000.0,660112000.0,3412416000.0,7337285000.0,319702000.0,337490000.0,657192000.0,2300372000.0,9327358000.0,1892527000.0,2090110000.0,164261000.0,1728266000.0,1104152000.0,EUPWR,2023,657192000.0,4561077000.0,376160000.0,0.05523382126043904,0.3833365466607925,0.48646666423206614,0.3179187730802282,11.521462793968135,0.15905777618801648,2.516301353645042,9.491001316152866,TR,yahoo
15330751000.0,9789316000.0,385465000.0,3363503000.0,9926831000.0,242163000.0,586857000.0,829020000.0,3257714000.0,10758973000.0,1054623000.0,1326086000.0,251139000.0,803484000.0,292035000.0,EUPWR,2024,829020000.0,5403920000.0,657192000.0,0.05407562878035133,0.35248892895070827,0.2921075486719259,0.33795851466681737,4.199359717128761,0.0687913462295487,2.9104525847011287,9.083423295982957,TR,yahoo
18842089000.0,11967662000.0,446291000.0,4580110000.0,10543794000.0,1081465000.0,1774432000.0,2855897000.0,3813276000.0,12999679000.0,1058035000.0,1440794000.0,25285000.0,1032750000.0,600390000.0,EUPWR,2025,2855897000.0,8298295000.0,829020000.0,0.1515700833384239,0.4404126846020099,0.37867787248629764,0.013723511275830637,41.84437413486257,0.056152743997759484,2.612963880780156,8.193261094048502,TR,yahoo
,,,,,,,,,,,,,,,EUREN,2021,,,,,,,,,,,,TR,yahoo
4497321937.0,2836736366.0,43929722.0,1141176337.0,2859663030.0,209822686.0,200906.0,638849029.0,969771078.0,4505577427.0,772059662.0,848409206.0,52904374.0,719155288.0,557454930.0,EUREN,2022,210023592.0,1637658907.0,,0.04669970149837641,0.36414091095564816,0.9990434122277082,0.25189729161474395,14.593493951936752,0.17167097948852045,2.4858001993428998,9.413313340924589,TR,yahoo
9187261279.0,3138807677.0,31607855.0,1337631875.0,6190854072.0,215509841.0,878358099.0,1685668562.0,2284726071.0,5751787169.0,948371223.0,1086982243.0,165969750.0,782401473.0,918395363.0,EUREN,2023,1093867940.0,2996407207.0,210023592.0,0.11906354971098237,0.32614803432760847,0.19701632447514641,0.25457600717051054,5.7141209346884,0.10322676085938276,2.3465407304233086,8.209888529572812,TR,yahoo
12813917798.0,3278437542.0,594509320.0,1653403159.0,9502194189.0,210112978.0,710001348.0,1322139012.0,3868558029.0,6854600504.0,1068052613.0,1263481941.0,105023161.0,963029452.0,1399096503.0,EUREN,2024,920114326.0,3311723609.0,1093867940.0,0.0718058552040666,0.2584473898776606,0.22835529462237716,0.1042940275820681,10.169686408505644,0.08335098053826301,1.982842190759356,8.638969755612798,TR,yahoo
15095032695.0,5021115045.0,133245750.0,3247216167.0,10230495890.0,1437142974.0,511177215.0,2421910566.0,4666725578.0,7300618651.0,1505104609.0,1738999138.0,442557504.0,1062547105.0,835341321.0,EUREN,2025,1948320189.0,4864536805.0,920114326.0,0.12907028612434548,0.32226076639180146,0.7376318236160309,0.3085707564078729,3.4009243892517977,0.09970860212171273,1.546282965706853,7.907023582746429,TR,yahoo
,,,,,,,,,,,,,,,EUYO,2021,,,,,,,,,,,,TR,yahoo
76960809.0,76787853.0,36527273.0,746497.0,75954150.0,,,0.0,-149386268.0,111937053.0,-31930556.0,-31896734.0,0.0,-31930556.0,-31930556.0,EUYO,2022,0.0,1006659.0,,0.0,0.013080150963589793,,,-inf,-0.4148937155793152,102.8642486172081,79.83995848758933,TR,yahoo
85022476.0,75618709.0,11201715.0,1447131.0,80717447.0,,,2928793.0,-245241595.0,59029940.0,-26364335.0,-24432619.0,303451.0,-26667786.0,-26667786.0,EUYO,2023,2928793.0,4305029.0,0.0,0.034447279564053156,0.05063401117605655,,0.20721915137054753,-86.88168765303129,-0.310086652851653,52.2542250839765,17.17280461090895,TR,yahoo
100646889.0,89721288.0,14450696.0,2366179.0,95673843.0,,,2968148.0,31448571.0,79721993.0,-10414484.0,-7076961.0,314839.0,-10729323.0,-10729323.0,EUYO,2024,2968148.0,4973046.0,2928793.0,0.029490707854864743,0.049410826796643464,,0.10678044769313445,-33.07876089048688,-0.10347546857608286,37.9182166691531,29.467345666767127,TR,yahoo
84648263.0,75042101.0,11258484.0,2766785.0,79520909.0,,,3507205.0,25468983.0,65656318.0,-16446479.0,-12506937.0,262432.0,-16708911.0,-16708911.0,EUYO,2025,3507205.0,5127354.0,2968148.0,0.041432687165713016,0.06057246561574453,,0.0810556582783981,-62.66948771491282,-0.19429198446753715,27.122490905509462,24.810967807485895,TR,yahoo
,,,,,,,,,,,,,,,EYGYO,2021,,,,,,,,,,,,TR,yahoo
3703310013.0,3113239936.0,336493702.0,2467993897.0,1061906314.0,413287857.0,122113464.0,537174991.0,444901211.0,142454543.0,340724641.0,342046782.0,17609080.0,323115561.0,317132553.0,EYGYO,2022,535401321.0,2641403699.0,,0.14457372434944457,0.7132548152133328,0.771921623630062,0.032889496736972,19.349372085310534,0.09200543292458081,1.261445556970111,5.825026121418673,TR,yahoo
2083822376.0,1451478797.0,23929201.0,629351087.0,1301507134.0,400314800.0,89940079.0,579925502.0,687400885.0,1399799823.0,246323583.0,247829029.0,35110665.0,211212918.0,242499674.0,EYGYO,2023,490254879.0,782315242.0,535401321.0,0.23526711520444868,0.37542318914037803,0.81654424493754,0.06846478381352347,7.015634223960156,0.11820757173787062,2.306310145453042,9.454699297863861,TR,yahoo
3940867342.0,1572836198.0,3467891.0,687965976.0,2502371108.0,524801950.0,468210678.0,1141198123.0,1333441194.0,2250512762.0,835077911.0,843766534.0,531142727.0,303935184.0,157568173.0,EYGYO,2024,993012628.0,1438496234.0,490254879.0,0.2519781920636901,0.3650202123449199,0.5284947393438384,0.7161792791837919,1.5722288352072267,0.21190206077228568,2.2862121861677647,9.076558400920737,TR,yahoo
3109424003.0,842753218.0,36942982.0,551553154.0,1826601821.0,390275171.0,431793906.0,995161364.0,289941575.0,709515549.0,-546685302.0,-537883732.0,188918496.0,-735603798.0,-656331528.0,EYGYO,2025,822069077.0,1282822182.0,993012628.0,0.2643798582010239,0.4125594260423544,0.4747474171200336,0.20816528036130472,-2.8937627261229095,-0.1758156177711863,1.5279637363836016,4.481938423178691,TR,yahoo
,,,,,,,,,,,,,,,FADE,2021,,,,,,,,,,,,TR,yahoo
1123651364.0,332540893.0,10885064.0,106273657.0,843539245.0,72116486.0,15378805.0,87495291.0,362724375.0,252995655.0,141223392.0,148419764.0,8026045.0,133197347.0,43343518.0,FADE,2022,87495291.0,280112119.0,,0.07786693791616311,0.24928739284652351,0.8242327692812633,0.09173116528065493,17.595639197138816,0.12568257070170744,3.129099933015385,9.629922042301153,TR,yahoo
1802429553.0,284204671.0,26429198.0,178227801.0,1403395435.0,108386874.0,11454049.0,119840923.0,709292188.0,468672081.0,285924653.0,303685319.0,19927011.0,265997642.0,185586686.0,FADE,2023,119840923.0,399034118.0,87495291.0,0.06648854752771577,0.22138680390356427,0.9044228906681568,0.192219300387148,14.348597137824633,0.15863291440383967,1.5946146976250917,9.67742490402209,TR,yahoo
2324344471.0,441574550.0,24273874.0,256051642.0,1776152812.0,101886985.0,16514249.0,118401234.0,864854385.0,678606344.0,57742526.0,85370910.0,18480733.0,39261793.0,-60814657.0,FADE,2024,118401234.0,548191659.0,119840923.0,0.05093962425847335,0.2358478555307046,0.8605229992788758,0.15514242510824816,3.124471632158746,0.02484249934570047,1.7245526978499126,8.555563821706892,TR,yahoo
2436257754.0,552795836.0,10235706.0,321104405.0,1807785045.0,173407049.0,4325000.0,177732049.0,893146224.0,1033295610.0,113240113.0,142610108.0,33915975.0,79324138.0,31400106.0,FADE,2025,177732049.0,628472709.0,118401234.0,0.07295289207728059,0.2579664273897679,0.9756656156031825,0.22905885253026423,3.3388429198924694,0.046481170891739726,1.7215454767741352,8.401650408630427,TR,yahoo
3608244122.0,3328431069.0,138648834.0,1482031969.0,-1309017967.0,690710628.0,3216188677.0,3919613350.0,-1642495904.0,1302754771.0,421325594.0,545838226.0,713879477.0,-292553883.0,-296827698.0,FENER,2022,3906899305.0,4917262089.0,,1.0827702264320351,1.3627853112872057,0.17679253394527913,0.18272277355251673,0.5901914925059542,0.11676748572279667,2.2458564583096385,5.628047565585459,TR,yahoo
4584203009.0,3755813044.0,36079050.0,2870103400.0,-1592714011.0,847040117.0,3119703017.0,3978022957.0,-1921164625.0,4140720038.0,1131498183.0,2193203813.0,791279775.0,340218408.0,294209867.0,FENER,2023,3966743134.0,6176917020.0,3906899305.0,0.8653070394596916,1.3474353138098558,0.2135354088697592,0.2009945920532549,1.4299596915642132,0.24682549633569248,1.3085985139071994,4.5391643176290275,TR,yahoo
11278356351.0,7224245059.0,366016553.0,8034414942.0,-1545127935.0,908784872.0,4071813475.0,5103947875.0,-7469289014.0,7479486980.0,3802158864.0,5404734326.0,1532367508.0,2269791356.0,2149086389.0,FENER,2024,4980598347.0,12823484286.0,3966743134.0,0.44160675474298106,1.136999389530993,0.18246499891873333,0.34253023901100393,2.4812317176853114,0.3371199442251069,0.8991625539820172,2.758705985683334,TR,yahoo
,,,,,,,,,,,,,,,FENER,2025,,,4980598347.0,,,,,,,,,TR,yahoo
,,,,,,,,,,,,,,,FLAP,2021,,,,,,,,,,,,TR,yahoo
552087915.0,148243738.0,46024405.0,49997333.0,477403262.0,19093462.0,7737931.0,26831393.0,-191500634.0,211878948.0,-27713869.0,-26387959.0,2236145.0,-29950014.0,-37927485.0,FLAP,2022,26831393.0,74684653.0,,0.04859985569508436,0.13527673939394236,0.7116090469100878,0.08334062268030587,-12.39359209711356,-0.05019828952423275,2.965032914855678,9.661130310233803,TR,yahoo
926898961.0,209947222.0,47838936.0,66823933.0,853059246.0,29943844.0,3061649.0,33005493.0,-119177439.0,382073542.0,98159539.0,100072061.0,5359023.0,92800516.0,180566821.0,FLAP,2023,33005493.0,73839715.0,26831393.0,0.03560851224214502,0.07966317593056402,0.9072381981993118,0.17912105252268642,18.316685522715613,0.10590101308787636,3.1417968469470363,16.68592461727384,TR,yahoo
1071371275.0,212322460.0,25776028.0,57111809.0,1006520766.0,4491207.0,263527.0,4754734.0,134421151.0,465538537.0,-35125555.0,-31246404.0,6444396.0,-41569951.0,-90360006.0,FLAP,2024,4754734.0,64850509.0,33005493.0,0.004437989062195082,0.06053037869621808,0.9445758690181196,0.34133248192602234,-5.450558128333516,-0.032785604598181896,3.717663014316356,20.685716936546335,TR,yahoo
1168272185.0,252713296.0,26998032.0,149718360.0,1007809132.0,17885769.0,0.0,17885769.0,144366768.0,358178015.0,-30068627.0,-26022858.0,6025128.0,-36093755.0,17072384.0,FLAP,2025,17885769.0,160463053.0,4754734.0,0.015309590718365,0.1373507433115854,1.0,0.5322432986581614,-4.990537462440632,-0.02573768971483302,1.6879245538088983,10.652882219497902,TR,yahoo
,,,,,,,,,,,,,,,FMIZP,2021,,,,,,,,,,,,TR,yahoo
307661041.0,131822164.0,40227642.0,29018088.0,232892084.0,,,9303677.0,-26119415.0,600994411.0,91723644.0,104205161.0,1313283.0,90410361.0,70000917.0,FMIZP,2022,9303677.0,74768957.0,,0.030240023142871702,0.24302380553929154,,0.14115741550356917,69.84301479574471,0.29813213821895634,4.542758433980902,10.439254677369384,TR,yahoo
356035121.0,148183720.0,67566705.0,36698217.0,292109384.0,,,16719095.0,-97894488.0,388989486.0,34772483.0,43246765.0,45740.0,34726743.0,23727581.0,FMIZP,2023,16719095.0,63925737.0,9303677.0,0.0469591172720289,0.17954896365406603,,0.003515382604128415,760.220441626585,0.09766587886704582,4.037899715945327,9.862077537505485,TR,yahoo
523051785.0,305546239.0,207171167.0,44750517.0,438739499.0,,,24867716.0,11105252.0,675697006.0,132584572.0,159690885.0,126559.0,132458013.0,108999740.0,FMIZP,2024,24867716.0,84312286.0,16719095.0,0.04754350661474179,0.16119299927444086,,0.00608649699059637,1047.6107744214162,0.25348268718746464,6.827770034478037,13.757391732008376,TR,yahoo
766779965.0,506623741.0,411122542.0,55379592.0,666828812.0,,,11209020.0,72688229.0,636156912.0,111397502.0,134892690.0,363595.0,111033907.0,72688229.0,FMIZP,2025,11209020.0,99951153.0,24867716.0,0.01461830057075109,0.1303518056839161,,0.02015675697491037,306.3779809953382,0.14527962007979695,9.148202843386784,15.400950550229688,TR,yahoo
,,,,,,,,,,,,,,,FONET,2021,,,,,,,,,,,,TR,yahoo
756022158.0,198363321.0,36759040.0,125421398.0,531643250.0,2315188.0,,4615717.0,275178147.0,237106076.0,40955984.0,90490376.0,593075.0,40362909.0,23960330.0,FONET,2022,2315188.0,224378908.0,,0.0030623282340357014,0.29678879861613794,1.0,0.25616710176452195,69.05700628082451,0.05417299422591791,1.5815747883786146,7.921408528415734,TR,yahoo
1058476053.0,61088093.0,14708011.0,74090189.0,972366152.0,25490452.0,0.0,33179539.0,444491954.0,360678999.0,29320806.0,116512177.0,1032748.0,28288058.0,214702447.0,FONET,2023,25490452.0,86109901.0,2315188.0,0.024082218891729616,0.08135271530795794,1.0,0.07428334683179384,28.39105570768474,0.02770096301838583,0.824509882138376,16.58131976799756,TR,yahoo
1579300037.0,109443208.0,40584334.0,88523526.0,1470099961.0,22832025.0,10596476.0,39365327.0,776776172.0,629009691.0,167755113.0,297922279.0,8833937.0,158921176.0,196651641.0,FONET,2024,33428501.0,109200076.0,25490452.0,0.021166656250765352,0.06914460421810273,0.6830107338644948,0.2998674127831158,18.989847108939085,0.10622117968075499,1.2363177670984322,19.789693668312687,TR,yahoo
1841965991.0,289553471.0,120097595.0,123567733.0,1691187591.0,54695341.0,524375.0,70322424.0,573952759.0,855070469.0,272557575.0,420730065.0,17700255.0,254857320.0,222880797.0,FONET,2025,55219716.0,150778400.0,33428501.0,0.029978683792104825,0.0818573202419132,0.9905038446775061,0.39933696579593925,15.398511207889378,0.14797101376015578,2.3432773586612616,17.62851536244581,TR,yahoo
,,,,,,,,,,,,,,,FORMT,2021,,,,,,,,,,,,TR,yahoo
1184521842.0,543601395.0,29900847.0,406050800.0,704457291.0,81806022.0,34245833.0,133959782.0,-366874993.0,504914600.0,54238296.0,87926091.0,95047390.0,-40809094.0,-69178845.0,FORMT,2022,116051855.0,480064551.0,,0.09797358806322459,0.40528129915227007,0.7049092149367194,0.8190079339964018,0.5706447699405528,0.04578919026805079,1.338752183224365,4.850564724221279,TR,yahoo
1913785627.0,939336198.0,142877216.0,433584207.0,1334933818.0,131567197.0,138778434.0,278158655.0,-656637470.0,751379134.0,-71528730.0,-45232378.0,71392390.0,-142921120.0,-131466188.0,FORMT,2023,270345631.0,578851809.0,116051855.0,0.14126223291988388,0.30246428901621175,0.48666293038780417,0.3695282323860668,-1.0019097273532935,-0.03737551844410419,2.1664446786457794,6.035381718564775,TR,yahoo
2513009594.0,993761136.0,60602573.0,810972621.0,1497973392.0,348301499.0,179646281.0,551418499.0,-1059018830.0,872073197.0,-30763491.0,51127925.0,189646339.0,-220409830.0,-199530752.0,FORMT,2024,527947780.0,1015036202.0,270345631.0,0.21008585930611454,0.4039125853014949,0.6597271779417275,0.4751294107825224,-0.16221505335781883,-0.012241692619658181,1.2253941875061156,3.820650772597408,TR,yahoo
2797184351.0,909068411.0,129031108.0,505431824.0,2110681138.0,155215873.0,66536037.0,229575817.0,-1167049677.0,923422676.0,166503992.0,266508531.0,180047750.0,-13543758.0,-108030847.0,FORMT,2025,221751910.0,686503213.0,527947780.0,0.07927683061744685,0.2454265171169621,0.6999528121313588,0.4803196597293511,0.9247768550287354,0.05952556968241097,1.7985974919537318,6.464745889962078,TR,yahoo
,,,,,,,,,,,,,,,FORTE,2021,,,,,,,,,,,,TR,yahoo
698298933.0,608843239.0,90859496.0,404465624.0,273550758.0,156852434.0,0.0,162870942.0,108439830.0,685133342.0,92659957.0,101741361.0,10238384.0,82421573.0,55277114.0,FORTE,2022,156852434.0,424748175.0,,0.22462075564993023,0.6082612401757744,1.0,0.06527398867141583,9.050252168701624,0.13269382584034395,1.5053028066484089,7.244160443047048,TR,yahoo
1334948084.0,1036801379.0,336617897.0,443352576.0,856137747.0,86527130.0,17584667.0,107110212.0,109475129.0,959883836.0,118679093.0,135082826.0,35869186.0,82809907.0,12192799.0,FORTE,2023,104111797.0,478810337.0,156852434.0,0.0779893976760822,0.35867337669440036,0.8310982279942781,0.2748973364092951,3.308664238993324,0.08890165424590399,2.3385482235249264,8.90845292872882,TR,yahoo
1831728144.0,1162397712.0,138806707.0,756218522.0,1001969072.0,101076612.0,38546408.0,146206355.0,24851128.0,2331713124.0,-30802681.0,7457048.0,65033957.0,-95836638.0,-107354079.0,FORTE,2024,139623020.0,829759072.0,104111797.0,0.07622475008496676,0.4529924785607269,0.7239251235218949,0.5336451952205089,-0.4736399631964575,-0.016816185906678955,1.5371188065134431,5.903799688445197,TR,yahoo
5908966836.0,2624562004.0,507281402.0,1946122482.0,2466945149.0,831326883.0,885084345.0,1801910699.0,1401663760.0,2437633702.0,2847153788.0,2904312830.0,446758102.0,2400395686.0,2329162169.0,FORTE,2025,1716411228.0,3442021687.0,139623020.0,0.29047569154439573,0.5825082087158967,0.4843401566235851,0.48141148524755023,6.372920323669922,0.48183614276761527,1.3486109061865306,8.766979995585297,TR,yahoo
,,,,,,12071358.0,,,,,,,,,FRIGO,2021,12071358.0,,,,,,,,,,,TR,yahoo
1065493619.0,656795946.0,66831817.0,346996874.0,615841001.0,110255.0,0.0,6848220.0,201159120.0,765643800.0,126189933.0,155690700.0,100086554.0,26103379.0,-24683333.0,FRIGO,2022,110255.0,449652618.0,12071358.0,0.0001034778604338127,0.4220134311287696,1.0,16.43239758150255,1.2608080502002297,0.11843330710739808,1.8928007576229635,8.00677558592792,TR,yahoo
1400327969.0,842741963.0,22214303.0,444865043.0,805494237.0,69518709.0,3643238.0,158057247.0,198459948.0,1089891737.0,26912775.0,63893780.0,51532143.0,-24619368.0,-75996706.0,FRIGO,2023,73161947.0,594833732.0,110255.0,0.05224629416796288,0.42478172625858623,0.9502031021673056,1.4065946318905498,0.5222521989819053,0.01921890842415931,1.8943766795360453,7.126929663743957,TR,yahoo
2485774576.0,1538152582.0,69222142.0,702637117.0,1555985728.0,143708101.0,,206920491.0,394127796.0,1101178864.0,249704421.0,309960436.0,35872080.0,213832341.0,140594168.0,FRIGO,2024,143708101.0,929788848.0,73161947.0,0.057812201632236826,0.3740439124999724,1.0,0.33081636058843866,6.960968558277078,0.10045336508421993,2.1891137612646214,8.404026507205788,TR,yahoo
2544136891.0,1312587717.0,128516533.0,940025541.0,1246101351.0,88115311.0,2521322.0,457278684.0,90043461.0,1226722282.0,-299641970.0,-209208769.0,81125126.0,-380767096.0,-296513427.0,FRIGO,2025,90636633.0,1298035540.0,143708101.0,0.035625690315891106,0.5102066420214493,0.9721820866845308,0.6923571493609922,-3.6935778688343732,-0.11777745571002768,1.3963319715799083,4.542548070665377,TR,yahoo
3613836096.0,2779081475.0,122763905.0,1590402371.0,1721581120.0,510036853.0,60623915.0,605623622.0,1081373116.0,3934921751.0,700081335.0,709661972.0,206293489.0,493787846.0,296806661.0,FRMPL,2022,570660768.0,1892254976.0,,0.15790997511803037,0.5236139453293014,0.8937654060003648,0.3614993365024876,3.393618181521958,0.19372249222229254,1.747407779109756,8.640348079956587,TR,yahoo
3539308366.0,2537777368.0,65473297.0,1247893959.0,2019278707.0,336884797.0,26229673.0,384587474.0,1269086888.0,3494335012.0,560834207.0,572235230.0,111291973.0,449542234.0,295458158.0,FRMPL,2023,363114470.0,1520029659.0,570660768.0,0.10259475367792804,0.42947081797167147,0.9277647266439148,0.23836993844122475,5.039305098850211,0.15845870125010747,2.03364825167809,9.26940676528297,TR,yahoo
3545005266.0,2179467586.0,37611576.0,1234899733.0,2161076771.0,752756355.0,20944713.0,795017883.0,1428912783.0,3539180063.0,383020572.0,396201179.0,209026819.0,173993753.0,159825895.0,FRMPL,2024,773701068.0,1383928495.0,363114470.0,0.2182510348914105,0.3903882762243547,0.97292919207913,0.3677409606271585,1.8323991812744373,0.10804513484748093,1.7648943697682378,8.67764097558195,TR,yahoo
,,,,,,,,,,,,,,,FROTO,2021,,,,,,,,,,,,TR,yahoo
174307138000.0,91321074000.0,16666305000.0,76202568000.0,51141641000.0,21655929000.0,40504759000.0,62479244000.0,50862545000.0,322556451000.0,27407022000.0,34602829000.0,1959951000.0,25447071000.0,27729927000.0,FROTO,2022,62160688000.0,123165497000.0,,0.3566158489734368,0.7066004204601191,0.3483862501650561,0.03153039425818453,13.983524077897865,0.15723407724128888,1.1983989043518848,6.2628448735078175,TR,yahoo
313312578000.0,148595390000.0,21980984000.0,135909592000.0,105407564000.0,48785126000.0,59341272000.0,109374359000.0,117660575000.0,594705176000.0,76622260000.0,85378415000.0,8145707000.0,68476553000.0,70826085000.0,FROTO,2023,108126398000.0,207905014000.0,62160688000.0,0.345107108977923,0.6635705956241565,0.4511860831616716,0.09567028470966965,9.406459132399435,0.24455532710850822,1.0933399755920097,6.9156217722300335,TR,yahoo
427716001000.0,201532210000.0,29228333000.0,161522222000.0,150818326000.0,58277711000.0,101518700000.0,161987581000.0,173044416000.0,778801036000.0,78313158000.0,92334890000.0,29873648000.0,48439510000.0,50869299000.0,FROTO,2024,159796411000.0,276897675000.0,108126398000.0,0.3736040050556818,0.6473867574573157,0.3646997491076317,0.2230019020142477,2.6214795728998346,0.18309616151115188,1.2477057800752642,6.984879627362167,TR,yahoo
450780450000.0,223456658000.0,63973964000.0,180623530000.0,156020689000.0,62720973000.0,98378960000.0,163167480000.0,176668789000.0,830827933000.0,63771964000.0,80977358000.0,24305175000.0,39466789000.0,33986135000.0,FROTO,2025,161099933000.0,294759761000.0,159796411000.0,0.3573800350037363,0.6538876319946884,0.3893296032593632,0.15148302842615122,2.6238018858123837,0.14147011921213531,1.237140354858528,6.657441799725902,TR,yahoo
,,,,,,,,,,,,,,,FZLGY,2021,,,,,,,,,,,,TR,yahoo
5436950347.0,3401420965.0,10061664.0,1777903471.0,1861256270.0,234765223.0,9604963.0,250213261.0,855628964.0,267918823.0,726222533.0,733234131.0,85843978.0,640378555.0,604620728.0,FZLGY,2022,244370186.0,3575694077.0,,0.04494618681497405,0.6576653912193619,0.9606950293027972,0.35128662544783595,8.459795898554468,0.13357166916205424,1.9131640274524218,7.166063265076125,TR,yahoo
8731311271.0,6088930403.0,97795480.0,1005556680.0,3932045751.0,376673862.0,5107731.0,573174722.0,1494484970.0,3971381542.0,392383772.0,401246160.0,223942183.0,168441589.0,355605427.0,FZLGY,2023,381781593.0,4799265520.0,244370186.0,0.04372557353075266,0.5496614850898952,0.9866213272361719,0.7152968034608107,1.7521655221160366,0.044939844637455026,6.055283132324276,8.78949182536888,TR,yahoo
12130230272.0,9306944075.0,446604622.0,723463183.0,4512761085.0,399158704.0,0.0,528898544.0,1324063968.0,1202375996.0,-131055658.0,-120111483.0,194840721.0,-325896379.0,-340024469.0,FZLGY,2024,399158704.0,7617469187.0,381781593.0,0.03290611101764252,0.6279739968814336,1.0,0.4989900553178907,-0.67262971173259,-0.010804053596782371,12.864433593436917,8.797209051114773,TR,yahoo
14806914650.0,12741061163.0,63790028.0,2224603373.0,4088178902.0,928389072.0,220098621.0,1208753052.0,898713988.0,1326731232.0,-22203934.0,-13008304.0,382221578.0,-404425512.0,-425349980.0,FZLGY,2025,1148487693.0,10718735748.0,399158704.0,0.07756428129340234,0.7239006910869172,0.8083578758906214,0.49393915656820414,-0.05809178570237602,-0.0014995652048281375,5.727340575690119,8.49743771512834,TR,yahoo
1303578483000.0,,200819040000.0,,152639385000.0,,,81857682000.0,59396697000.0,133006818000.0,,,44708341000.0,76987752000.0,58285378000.0,GARAN,2022,81857682000.0,1150939098000.0,,0.06279459431672746,0.8829074068108871,,0.5461715981647269,,,,,TR,yahoo
2201713095000.0,,474342726000.0,,244701191000.0,,,150114904000.0,86374997000.0,199324012000.0,,,147200186000.0,107061221000.0,86374997000.0,GARAN,2023,150114904000.0,1957011904000.0,81857682000.0,0.06818095615677845,0.8888587293432072,,1.2691170843782378,,,,,TR,yahoo
3002579379000.0,,591842159000.0,,329788449000.0,,,223968733000.0,91279430000.0,287168372000.0,,,414500152000.0,123928165000.0,91243136000.0,GARAN,2024,223968733000.0,2672790930000.0,150114904000.0,0.07459211055881963,0.8901649524050768,,2.2160827740241418,,,,,TR,yahoo
4547773680000.0,,973642381000.0,,444072860000.0,,,504312760000.0,109908872000.0,410337394000.0,,,578056758000.0,154312873000.0,109816312000.0,GARAN,2025,504312760000.0,4103700820000.0,223968733000.0,0.11089222892023949,0.9023537908333205,,1.5874542015857596,,,,,TR,yahoo
,,,,,,,,,,,,,,,GARFA,2021,,,,,,,,,,,,TR,yahoo
9670054000.0,,45966000.0,,692074000.0,,,8804308000.0,350742000.0,625247000.0,,,750712000.0,464499000.0,350742000.0,GARFA,2022,8804308000.0,8977980000.0,,0.9104714410074649,0.9284312166198865,,0.08526644002004473,,,,,TR,yahoo
11823172000.0,,56337000.0,,1734082000.0,,,9832396000.0,1045084000.0,1806744000.0,,,2177921000.0,1483139000.0,1045084000.0,GARFA,2023,9832396000.0,10089090000.0,8804308000.0,0.8316208205378387,0.8533319146503155,,0.23372383872169672,,,,,TR,yahoo
13300378000.0,,48571000.0,,3172470000.0,,,9738577000.0,1438088000.0,2563493000.0,,,3219425000.0,2046818000.0,1438088000.0,GARFA,2024,9738577000.0,10127908000.0,9832396000.0,0.7322030246057668,0.7614752001785212,,0.32899999402175867,,,,,TR,yahoo
33535881000.0,,87447000.0,,5303320000.0,,,27657989000.0,2130075000.0,4015974000.0,,,6704889000.0,3020092000.0,2130075000.0,GARFA,2025,27657989000.0,28232561000.0,9738577000.0,0.824728266420077,0.8418613186276513,,0.3585831383555378,,,,,TR,yahoo
97424352.0,81530259.0,84307.0,34055075.0,48440108.0,1205825.0,2898096.0,4103921.0,28402646.0,126852108.0,40107788.0,40252412.0,1994304.0,38113484.0,38205615.0,GATEG,2021,4103921.0,48984244.0,,0.04212418061554056,0.502792607745546,0.29382266374035954,0.4859508747853577,20.11117061390841,0.4116813422582477,2.394070751569333,11.201948184963452,TR,yahoo
95372849.0,88040480.0,35243.0,31082616.0,54294836.0,2137317.0,1995222.0,4132539.0,32452862.0,27276860.0,8699854.0,8845145.0,866320.0,7833534.0,6508726.0,GATEG,2022,4132539.0,41078013.0,4103921.0,0.04333035075842182,0.4307097190731924,0.5171922152458815,0.21036221872017832,10.042310000923447,0.09121939934917955,2.832466868297057,10.277837510421975,TR,yahoo
,,,,,,,,,,,,,,,GEDIK,2021,,,,,,,,,,,,TR,yahoo
15537054582.0,14906810798.0,3439443631.0,13472800608.0,1974330440.0,3080409567.0,,3145059354.0,-439266992.0,154307192534.0,-46570851.0,5958253.0,35991575.0,-82562426.0,63023578.0,GEDIK,2022,3080409567.0,13562724142.0,,0.19826213203683524,0.8729276241143349,1.0,0.011684022600621926,-1.2939375673334663,-0.0029974053804221875,1.10643742394202,3.896001557463494,TR,yahoo
15300755497.0,14551037511.0,1937524088.0,11381493437.0,3776276852.0,3355329765.0,,3419910534.0,359605964.0,140401657576.0,1717985068.0,1772265415.0,61274611.0,1656710457.0,1113617402.0,GEDIK,2023,3355329765.0,11524478645.0,3080409567.0,0.21929177063563138,0.7531967063495387,1.0,0.019041980365900872,28.037470005317537,0.11228106143757693,1.2784822652268248,5.7841058302339645,TR,yahoo
15470000190.0,14339565727.0,4533308493.0,12071975535.0,3224262395.0,5436366230.0,,5534254933.0,-350071544.0,97727792386.0,862838969.0,1054615956.0,17922049.0,844916920.0,480332986.0,GEDIK,2024,5436366230.0,12245737795.0,3355329765.0,0.35141345592963436,0.7915796796767848,1.0,0.004077040200250919,48.1439911809191,0.05577498115079209,1.1878391971078492,4.789062447534469,TR,yahoo
24458058771.0,22345563551.0,5724194234.0,19085734431.0,5088435073.0,10940737879.0,,11062107132.0,1662288814.0,433737949968.0,1847441866.0,2087880846.0,29938452.0,1817503414.0,1507707136.0,GEDIK,2025,10940737879.0,19369623698.0,5436366230.0,0.4473265021332138,0.7919526189448292,1.0,0.003656135028603426,61.70799565722369,0.07553509799357085,1.1707992496586992,5.129330869225583,TR,yahoo
,,,,,,,,,,,,,,,GEDZA,2021,,,,,,,,,,,,TR,yahoo
692731408.0,342618593.0,57989273.0,92451841.0,482178304.0,45864769.0,0.0,45864769.0,288555626.0,601401921.0,35959438.0,50779644.0,496494.0,35462944.0,-17407262.0,GEDZA,2022,45864769.0,210553104.0,,0.06620858888500115,0.3039462359702911,1.0,0.010825171712954664,72.42673224651254,0.05190963999137744,3.705914228360255,9.730355416102984,TR,yahoo
1182002876.0,573153491.0,139657700.0,148522784.0,803212957.0,36835659.0,18779949.0,55615608.0,483362350.0,848726851.0,140361390.0,166184088.0,3380123.0,136981267.0,107905792.0,GEDZA,2023,55615608.0,378789919.0,45864769.0,0.04705200734215472,0.3204644647582059,0.6623259247655802,0.0666162877971965,41.5255273254849,0.1187487719784533,3.859027386666816,9.964272947957687,TR,yahoo
1483998274.0,685452330.0,198416567.0,138385811.0,1060544466.0,65582385.0,24770770.0,90353155.0,-19328312.0,942512720.0,23513810.0,77797437.0,6930962.0,16582848.0,8735628.0,GEDZA,2024,90353155.0,423453808.0,55615608.0,0.060884946150550574,0.2853465636847499,0.7258449912457401,0.09496500288900853,3.3925752298165825,0.015844903873520274,4.953198055832472,8.362056105309996,TR,yahoo
1589497478.0,827344205.0,167705977.0,213210210.0,1074894775.0,29340050.0,0.0,29340050.0,-20580942.0,1066938262.0,147618112.0,190814375.0,4267743.0,143350369.0,16355260.0,GEDZA,2025,29340050.0,514602703.0,90353155.0,0.018458695534967057,0.3237518210142136,1.0,0.0713113664221791,34.589269316357615,0.09287093187825744,3.880415506368105,8.559693518454338,TR,yahoo
,,,,,,,,,,,,,,,GENIL,2021,,,,,,,,,,,,TR,yahoo
6322446078.0,3193196172.0,644702177.0,1122750614.0,4922366255.0,379443673.0,95153403.0,519065886.0,1463119462.0,10639338949.0,548227253.0,740308200.0,47111577.0,501115676.0,639952048.0,GENIL,2022,474597076.0,1400079823.0,,0.0750654209059116,0.22144590965699337,0.7995069758921144,0.09926647124981444,11.63678416029249,0.08671125799042362,2.844083211518956,10.426920855833645,TR,yahoo
11134941206.0,5706335782.0,97248001.0,3916922456.0,6983908917.0,1684257272.0,82375780.0,1859148631.0,1964541170.0,11769208449.0,782324188.0,1166324762.0,403520194.0,378803994.0,656320206.0,GENIL,2023,1766633052.0,4151032289.0,474597076.0,0.15865670229565826,0.37279337287952985,0.9533713127880503,0.36008813995382805,1.9387485425326694,0.07025849293020506,1.4568416521136256,7.118082226795284,TR,yahoo
16247476535.0,7586194658.0,710711107.0,5490110012.0,9563360034.0,904464193.0,561749057.0,1501792327.0,2250182148.0,19294435890.0,1445928769.0,1928194165.0,895359149.0,550569620.0,194606536.0,GENIL,2024,1466213250.0,6684116501.0,1766633052.0,0.09024252146734982,0.41139413167338357,0.6168708358078199,0.5539138365137162,1.6149148312327124,0.08899405183846293,1.3817928313674017,6.648132948564517,TR,yahoo
19450350689.0,9865559420.0,93969177.0,7773769216.0,10335885411.0,2886107504.0,239828216.0,3135278285.0,3522373572.0,19181445462.0,2407257652.0,2957700852.0,921342624.0,1485915028.0,814437233.0,GENIL,2025,3125935720.0,9114465278.0,1466213250.0,0.16071359174864902,0.46860159098080517,0.9232779437959779,0.40126861302585315,2.6127713939347714,0.1237642287530274,1.2690831366198356,6.568272758155945,TR,yahoo
5091547948.0,2640479343.0,242156481.0,1546849697.0,3213884163.0,915971380.0,143935987.0,1059907367.0,1275226138.0,7602650540.0,736629943.0,736629943.0,511728782.0,224901161.0,48390528.0,GENKM,2022,1059907367.0,1877663785.0,,0.20816996674191,0.3687805367201857,0.8641994654614,0.48280519405050987,1.439492889418911,0.14467701188778043,1.7070044672866493,8.24499216331333,TR,yahoo
5819201818.0,1701181054.0,149296803.0,987207842.0,4506745613.0,239601702.0,93005960.0,332607662.0,567608619.0,5434701639.0,411632985.0,411632985.0,238927281.0,172705704.0,194597005.0,GENKM,2023,332607662.0,1312456205.0,1059907367.0,0.057156921585220746,0.2255388704581959,0.7203733689093428,0.3431593570255104,1.7228379416413315,0.07073701821557961,1.7232248181432093,8.453715712252194,TR,yahoo
6209753334.0,1910591272.0,451945574.0,1140527638.0,4793496195.0,656450946.0,0.0,656450946.0,694833778.0,4756945383.0,461027001.0,461027001.0,229529559.0,231497442.0,127225159.0,GENKM,2024,656450946.0,1416257139.0,332607662.0,0.10571288595406228,0.22806979002622008,1.0,0.46413742753654896,2.0085735493440304,0.07424240162258271,1.6751819143553275,8.481034401694316,TR,yahoo
,,,,,,,,,,,,,,,GENTS,2021,,,,,,,,,,,,TR,yahoo
2548317210.0,1538288818.0,122611120.0,882160918.0,1494420315.0,243156469.0,27051757.0,274132936.0,-335004463.0,3042682761.0,-55980614.0,18100793.0,24867549.0,-80848163.0,-74282244.0,GENTS,2022,270208226.0,1053896895.0,,0.10603398389323752,0.4135658193824308,0.8998855164387186,0.09203105829946125,-2.251151249365187,-0.021967678819702356,1.7437734846467092,5.851744515161777,TR,yahoo
3805369036.0,2163662328.0,210061662.0,1162356440.0,2429219507.0,227315062.0,57142025.0,286489182.0,-496805188.0,4334199115.0,279698913.0,383916060.0,99765971.0,179932942.0,190632580.0,GENTS,2023,284457087.0,1376149529.0,270208226.0,0.07475151143264834,0.36163365917502044,0.7991189968137443,0.35973394644204115,2.803550250616014,0.07350112705337102,1.8614447802259348,6.897944456941786,TR,yahoo
5116457553.0,2865430427.0,332993838.0,1631498376.0,3245982413.0,390028215.0,10163255.0,400580268.0,143274936.0,5118240438.0,392070638.0,530170911.0,160555845.0,231514793.0,143274936.0,GENTS,2024,400191470.0,1870475140.0,284457087.0,0.07821651325248472,0.3655801148791432,0.9746040189212428,0.4690168214288663,2.441958048926839,0.07662931509518965,1.7563182833349018,7.260455511033227,TR,yahoo
5470889447.0,3220498658.0,562180398.0,1708586590.0,3464398211.0,511882399.0,27378774.0,539261173.0,314230542.0,5077942587.0,527930307.0,705396140.0,132226167.0,395704140.0,259927747.0,GENTS,2025,539261173.0,2006491236.0,400191470.0,0.09856919578144786,0.3667577741129961,0.949229102018068,0.28149618394335607,3.992631103040293,0.09649807624782004,1.884890515265018,7.711530227663058,TR,yahoo
,,,,,,,,,,,,,,,GEREL,2021,,,,,,,,,,,,TR,yahoo
1210166437.0,761887768.0,98241689.0,564554713.0,501001756.0,203378788.0,80700943.0,284079731.0,-529593083.0,1606956605.0,41536639.0,55867681.0,41049982.0,486657.0,-30708065.0,GEREL,2022,284079731.0,709164681.0,,0.23474434781403544,0.5860059073841262,0.7159215030374695,0.14450162232799355,1.0118552305333532,0.03432307964429194,1.3495375212641258,3.8654921539600164,TR,yahoo
1616328448.0,981243130.0,78075128.0,852050321.0,647867952.0,293990035.0,46471649.0,343896582.0,-940024730.0,2107432465.0,-22221582.0,-1472116.0,136642348.0,-158863930.0,-166580062.0,GEREL,2023,340461684.0,968460496.0,284079731.0,0.21063892330873582,0.5991730809405391,0.8635040264912747,0.4375765792889812,-0.16262587935037534,-0.013748184675890824,1.1516257969932742,2.4884151907413417,TR,yahoo
4202040371.0,2300854293.0,44133461.0,2226362333.0,1165627212.0,612873455.0,225626046.0,849630849.0,193113377.0,3433657473.0,470735060.0,505880271.0,116605542.0,354129518.0,331957080.0,GEREL,2024,838499501.0,3036413159.0,340461684.0,0.19954579846182063,0.7226044709031187,0.7309168988998599,0.19781065480964075,4.036987024167342,0.11202535398011292,1.033459046129128,4.672000299043002,TR,yahoo
5263067826.0,3192086844.0,31629904.0,1634693932.0,3250497144.0,944165906.0,159227597.0,1151017329.0,327209153.0,2693256610.0,423001871.0,465645714.0,242015939.0,180985932.0,99349502.0,GEREL,2025,1103393503.0,2012570682.0,838499501.0,0.20964835329484885,0.3823949735281257,0.855692827112831,0.24925774849745533,1.7478264974936217,0.08037173089625313,1.9527122365313827,7.6297945867898,TR,yahoo
,,,,,,,,,,,,,,,GESAN,2021,,,,,,,,,,,,TR,yahoo
9852049000.0,7202342000.0,934208000.0,4550766000.0,3857341000.0,910265000.0,434778000.0,1363617000.0,1866036000.0,7515156000.0,1347323000.0,1437640000.0,212409000.0,1134914000.0,650450000.0,GESAN,2022,1345043000.0,5994708000.0,,0.13652418902910451,0.6084732221693173,0.6767553156293145,0.15791985832423203,6.3430598515128835,0.13675561296944422,1.5826658632854338,7.227646890673288,TR,yahoo
22025170000.0,16210834000.0,887542000.0,8013632000.0,8970252000.0,1006113000.0,670481000.0,1687259000.0,3252959000.0,15088558000.0,2870466000.0,3162281000.0,519717000.0,2350749000.0,992112000.0,GESAN,2023,1676594000.0,13054918000.0,1345043000.0,0.07612172800482357,0.5927272298011774,0.6000934036504962,0.3439969791209202,5.523132781879369,0.1303266217695482,2.0229072161037593,7.770209283461657,TR,yahoo
28345139000.0,19799104000.0,596744000.0,8244039000.0,12742295000.0,1021692000.0,745823000.0,1769761000.0,5802060000.0,19878865000.0,3505726000.0,3888629000.0,502976000.0,3002750000.0,1760287000.0,GESAN,2024,1767515000.0,15602844000.0,1676594000.0,0.06235690006670985,0.5504592515845486,0.5780386587949748,0.292079025373471,6.969966757857234,0.12367997207563526,2.401626678379372,8.280150840521587,TR,yahoo
31184765000.0,21250391000.0,691744000.0,8093836000.0,13639026000.0,1818698000.0,2244815000.0,4063513000.0,6586346000.0,20597210000.0,1696307000.0,2205194000.0,158539000.0,1537768000.0,903414000.0,GESAN,2025,4063513000.0,17545739000.0,1767515000.0,0.13030442910183868,0.5626381664251758,0.44756790491380244,0.05437771864583741,10.69961965194684,0.054395375434126245,2.6255030371260304,7.887871567585348,TR,yahoo
,,,,,,,,,,,,,,,GIPTA,2021,,,,,,,,,,,,TR,yahoo
1576872596.0,936462171.0,371664760.0,561205455.0,842798229.0,258240526.0,60121332.0,323725938.0,240724503.0,1261851260.0,144988994.0,147877027.0,46319476.0,98669518.0,2262676.0,GIPTA,2022,318361858.0,734074367.0,,0.20189447061707957,0.4655254767329345,0.8111540987425698,0.1454931702276973,3.1301950393393914,0.09194718353771175,1.6686619181205216,7.132188447201196,TR,yahoo
2946635264.0,1927146812.0,737772680.0,353087638.0,2363011018.0,235598322.0,76272138.0,313433220.0,486237164.0,1873494709.0,464658099.0,491933595.0,182093503.0,282564596.0,198697116.0,GIPTA,2023,311870460.0,583624246.0,318361858.0,0.10583951933590922,0.19806463770060956,0.755436478337833,0.5778615212176409,2.5517555066201347,0.15769108062910903,5.457984377238378,12.603208266434859,TR,yahoo
3648436856.0,2299122985.0,1166927031.0,143834071.0,3272551877.0,38478390.0,13118311.0,51596701.0,843257055.0,2729294389.0,464188720.0,495239239.0,95032833.0,369155887.0,237736287.0,GIPTA,2024,51596701.0,375884979.0,311870460.0,0.014142138958811131,0.10302630793290067,0.7457529116057245,0.5229239017826978,4.8845089149346945,0.12722947890317005,15.984550593718508,17.875306820402116,TR,yahoo
3844046621.0,2495658587.0,1525954515.0,269131237.0,3317342033.0,143158457.0,1624418.0,144782875.0,855850846.0,2260491942.0,538520602.0,583118409.0,60559339.0,477961263.0,223835675.0,GIPTA,2025,144782875.0,526704588.0,51596701.0,0.037664182897536196,0.1370182622454724,0.9887803167329009,0.6167580176463971,8.89244517678768,0.14009210998068172,9.273017189751185,15.330094671043312,TR,yahoo
,,,,,,,,,,,,,,,GLBMD,2021,,,,,,,,,,,,TR,yahoo
2093622721.0,2047786696.0,162275866.0,1870700077.0,197214233.0,362437118.0,,376829620.0,-427581737.0,19938264519.0,130362426.0,150773639.0,67538666.0,62823760.0,32662555.0,GLBMD,2022,362437118.0,1896408488.0,,0.17311481880884688,0.9058024012531721,1.0,0.18634588635041513,1.930189530246274,0.062266436398690575,1.094663287384897,3.6667019460063286,TR,yahoo
2685160500.0,2488265497.0,809367678.0,2173817941.0,478600504.0,245443911.0,,271977298.0,-413165334.0,27468210006.0,219137810.0,247090450.0,80982455.0,138155355.0,198932221.0,GLBMD,2023,245443911.0,2206559996.0,362437118.0,0.09140753820860988,0.8217609323539505,1.0,0.26644179086562675,2.7059911927836713,0.08161069329002867,1.1446522038802145,4.2927651998551,TR,yahoo
3111156484.0,2882610329.0,968581880.0,2452172753.0,642613306.0,327230821.0,,334750195.0,-523300186.0,27589022773.0,232992609.0,253704298.0,184252409.0,48740200.0,17501543.0,GLBMD,2024,327230821.0,2468543178.0,245443911.0,0.10517980136417979,0.7934487354445782,1.0,0.6434801422319433,1.26452951288143,0.07488938926673416,1.1755331370815538,4.385852905926454,TR,yahoo
2986646108.0,2793728999.0,381836715.0,2399649009.0,569156179.0,639000000.0,,653715553.0,-596162882.0,27544982675.0,132255277.0,160072806.0,170427781.0,-38172504.0,-71348249.0,GLBMD,2025,639000000.0,2417489929.0,327230821.0,0.21395236559443084,0.8094330033024455,1.0,0.3527682563957458,0.7760194741959352,0.04428220559702147,1.1642240129793915,4.009628352548419,TR,yahoo
1343494000.0,1314396000.0,56948000.0,452645000.0,751067000.0,419533000.0,0.0,425574000.0,301952000.0,628823000.0,247671000.0,263665000.0,8689000.0,238982000.0,173873000.0,GLCVY,2021,419533000.0,592427000.0,,0.312270095735448,0.4409599149679865,1.0,0.02071112403553475,28.503970537461157,0.18434842284371944,2.9038120381314276,10.760429165641163,TR,yahoo
,,,,,,,,,,,,,,,GLRMK,2021,,,,,,,,,,,,TR,yahoo
19074133469.0,15089037449.0,2371781902.0,11057412687.0,4597407956.0,928446457.0,133885799.0,1177868454.0,3532226491.0,21022803182.0,-285281620.0,-285281620.0,329148924.0,-614430544.0,174962786.0,GLRMK,2022,1062332256.0,14476725513.0,,0.055694915720629845,0.7589715955656974,0.8739699390244251,0.30983613849714453,-0.866725057257061,-0.01495646554343611,1.3646083289212771,5.473205208150375,TR,yahoo
28409025531.0,24150972223.0,6032717288.0,15759147751.0,5063265167.0,767225895.0,1976842921.0,2858969141.0,5680881885.0,24900529383.0,1982319860.0,1982319860.0,757077414.0,1225242446.0,1543346250.0,GLRMK,2023,2744068816.0,23345760364.0,1062332256.0,0.09659144460994148,0.8217726559654448,0.2795942618226233,0.39779171962149973,2.6183846240062314,0.0697778196523104,1.53250496819966,6.536304087031682,TR,yahoo
54604285172.0,48356067768.0,10802779260.0,27497145614.0,10778118528.0,5417160354.0,3550819923.0,9042679485.0,12562497731.0,45179167887.0,6052236666.0,7280747222.0,382425787.0,5669810879.0,4671921106.0,GLRMK,2024,8967980277.0,43826166644.0,2744068816.0,0.1642358333004715,0.8026140532002275,0.604055783652121,0.0653046762292973,15.825911514696053,0.11083812647552921,1.7585849981235802,7.508997417502452,TR,yahoo
65057313077.0,57211225296.0,14411673021.0,26119142683.0,17746392856.0,4913773576.0,8105368493.0,14205653891.0,16851481934.0,45532849493.0,7185932154.0,8347826821.0,1053957748.0,6131974406.0,4279432663.0,GLRMK,2025,13019142069.0,47310920221.0,8967980277.0,0.20011804135825453,0.7272190931864052,0.377426834268921,0.09587045829958198,6.818045759079139,0.11045540945558163,2.1903944547627403,8.365683167655213,TR,yahoo
,,,,,,,,,,,,,,,GLRYH,2021,,,,,,,,,,,,TR,yahoo
7298517175.0,4607334671.0,604612914.0,2931597446.0,1345031597.0,1506370200.0,156330524.0,1971608614.0,706062787.0,30487019843.0,1009351597.0,1068726403.0,457003094.0,552348503.0,397705972.0,GLRYH,2022,1662700724.0,5953485578.0,,0.22781349747251914,0.8157116624172361,0.905977953973634,0.27485589403039196,2.208631867599566,0.13829543355154192,1.5716123225876217,6.238113072720334,TR,yahoo
11370872205.0,7147277437.0,1072922006.0,3116674095.0,2609995872.0,1187093276.0,156915397.0,1663716919.0,835232892.0,28865110937.0,1224829442.0,1373279750.0,812374207.0,412455235.0,198023664.0,GLRYH,2023,1344008673.0,8760876333.0,1662700724.0,0.11819750048804634,0.7704665196349377,0.8832482258840304,0.5403742761509053,1.5077158179641712,0.1077164020418256,2.2932386316766946,6.851430084454771,TR,yahoo
20508518053.0,10885046676.0,1484869625.0,6423694600.0,4220209919.0,2815984482.0,670319820.0,3662680937.0,1197948344.0,55698102607.0,3256454848.0,4007700777.0,2126145226.0,1130309622.0,301992973.0,GLRYH,2024,3486304302.0,16288308134.0,1344008673.0,0.16999298988792713,0.7942216054766247,0.8077276789592189,0.8803343539038482,1.531623902345794,0.158785478286845,1.694514972115891,6.206551155301911,TR,yahoo
27642882025.0,17801309726.0,1711280506.0,7760809936.0,5266894803.0,2294449880.0,396002456.0,2963224341.0,2309877754.0,34047321217.0,8330558236.0,8700830855.0,2092527894.0,6238030342.0,1195392250.0,GLRYH,2025,2690452336.0,22375987222.0,3486304302.0,0.09732893746631688,0.8094665093807273,0.8528119414340741,0.6775490817062688,3.981097819477861,0.30136359256845613,2.293743806741771,8.177459708547445,TR,yahoo
,,,,,,,,,,,,,,,GLYHO,2021,,,,,,,,,,,,TR,yahoo
41514675474.0,8565597120.0,3046214272.0,9059417264.0,5791916077.0,5033305996.0,15979069790.0,23296319526.0,216046356.0,16639421528.0,4621795216.0,6278811584.0,1384136519.0,3237658697.0,1141627046.0,GLYHO,2022,21012375786.0,35722759397.0,,0.506143322718727,0.8604850932623239,0.23954007139704597,0.06587244265459093,3.339118036809778,0.11132919053876644,0.9454909593399208,4.1073077672958895,TR,yahoo
64279630393.0,12791404240.0,6346870475.0,12816046806.0,9800483377.0,7021667988.0,27888241312.0,38381171038.0,2814768953.0,18892375182.0,4492033422.0,6919391482.0,2471973904.0,2020059518.0,2898862172.0,GLYHO,2023,34909909300.0,54479147016.0,21012375786.0,0.5430944311061512,0.847533607192812,0.20113681555740964,0.08840747119680388,1.81718480714188,0.06988268903439711,0.9980772100497898,4.0487392920083485,TR,yahoo
89662935507.0,19651000417.0,10384098772.0,15644533487.0,10913628558.0,8435831839.0,47235068158.0,59613750590.0,6508740501.0,27325597482.0,7869030661.0,11059439500.0,3715321232.0,4153709429.0,4338665575.0,GLYHO,2024,55670899997.0,78749306949.0,34909909300.0,0.6208908918965046,0.8782816054784647,0.1515303657647818,0.08203329735812043,2.117994695377662,0.0877623581751421,1.256093729693456,4.515051424362424,TR,yahoo
99726451136.0,22113469364.0,10624306971.0,16691129512.0,14208885971.0,10045885302.0,52556010922.0,66872083799.0,11489360604.0,28237908558.0,8803886857.0,12055211041.0,3271629312.0,5532257545.0,5088821559.0,GLYHO,2025,62601896224.0,85517565165.0,55670899997.0,0.627736127285106,0.8575213916754852,0.16047254009773365,0.05532344573788142,2.690979330912658,0.08828035848777845,1.3248635658899919,4.749965002572583,TR,yahoo
,,,,,,550703.0,,,,,,,,,GMTAS,2021,550703.0,,,,,,,,,,,TR,yahoo
1848443512.0,401711166.0,65876913.0,97410580.0,1549273018.0,21405755.0,0.0,21405755.0,-7100262.0,1365796477.0,140624253.0,156793478.0,9584523.0,131039730.0,-4185866.0,GMTAS,2022,21405755.0,299170494.0,550703.0,0.011580421506545882,0.1618499521666746,1.0,0.8730481938389152,14.672013724626671,0.07607711682130106,4.12389666502345,10.26614824186625,TR,yahoo
2780864334.0,573507714.0,136273789.0,193272439.0,2350971411.0,41098762.0,,75873577.0,34050041.0,2747764832.0,108903536.0,135458503.0,32336643.0,76566893.0,5034662.0,GMTAS,2023,41098762.0,429892923.0,21405755.0,0.014779132335766798,0.15458967837587434,1.0,1.0346977963208643,3.367805866552072,0.03916175797161344,2.96735383983021,10.192224777133676,TR,yahoo
4507843684.0,892694890.0,384675006.0,321946268.0,3889700345.0,31532557.0,,90999785.0,476300315.0,3674789169.0,378152350.0,428052733.0,52401981.0,325750369.0,476300315.0,GMTAS,2024,31532557.0,618143339.0,41098762.0,0.006995042244237678,0.13712616992333135,1.0,1.4429582643267156,7.21637508322443,0.0838876359759772,2.77280707599319,11.595936271787817,TR,yahoo
4754906508.0,957061226.0,152391227.0,478550709.0,3846526910.0,61352493.0,,157253882.0,301705520.0,5230017069.0,98368991.0,166253744.0,103236996.0,-4868005.0,-138939877.0,GMTAS,2025,61352493.0,908379598.0,31532557.0,0.012902986188430016,0.19104047502756916,1.0,2.222898001346826,0.9528463129632326,0.020687891724999612,1.9999160130802356,8.702258007220852,TR,yahoo
,,,,,,,,,,,,,,,GOKNR,2021,,,,,,,,,,,,TR,yahoo
7978843891.0,5192845527.0,303556050.0,4298843185.0,2943986861.0,3212496002.0,233924980.0,3446420982.0,1394126507.0,8899802108.0,200660894.0,415467097.0,172301427.0,28359467.0,-124311433.0,GOKNR,2022,3446420982.0,5034857030.0,,0.43194490694165655,0.6310258853014072,0.9321252449361974,0.04999430652839497,1.1645921771733208,0.02514911893768746,1.2079634691303587,5.337597782497511,TR,yahoo
10533178570.0,6591255398.0,149438590.0,3190118541.0,6104308601.0,1807638502.0,168591829.0,1976230331.0,2310079291.0,11109350916.0,1207013250.0,1523283019.0,447696502.0,759316748.0,393391593.0,GOKNR,2023,1976230331.0,4428869969.0,3446420982.0,0.18761956021789916,0.42046851665593665,0.9146901925573169,0.16512088871608405,2.6960524476021033,0.11459154916804946,2.0661474842667924,8.300442446794667,TR,yahoo
16093390045.0,10884228992.0,217561203.0,5318417052.0,9422850447.0,2331613766.0,673202257.0,3004816023.0,4423195604.0,16545514834.0,1196104154.0,1603402125.0,342668462.0,853435692.0,1553731770.0,GOKNR,2024,3004816023.0,6670539598.0,1976230331.0,0.186711191029236,0.4144894008874437,0.7759589100141057,0.13758894723989953,3.4905580368233595,0.07432269712319646,2.0465166393648966,8.39742261625534,TR,yahoo
17214596180.0,11989471401.0,2952226061.0,6657263078.0,9736509440.0,4808320105.0,653292.0,4808973397.0,4753124001.0,15130476305.0,1326245276.0,1745628043.0,701199466.0,625045810.0,468067817.0,GOKNR,2025,4808973397.0,7478086740.0,3004816023.0,0.2793544121927814,0.4344038432157983,0.9998641514630945,0.17947744130529691,1.891395159733336,0.07704190456357252,1.8009610346662044,8.066901341814901,TR,yahoo
5400620015.0,1908219154.0,460944665.0,975647801.0,3780376466.0,673131754.0,108594492.0,787113830.0,-1711366846.0,3363929312.0,-114889176.0,-97951429.0,547066.0,-115436242.0,72029330.0,GOLDA,2023,781726246.0,1620243549.0,,0.14474750007013779,0.3000106551654884,0.8610837328851819,0.0006998178746067073,-210.0097172918807,-0.021273330780706666,1.9558483625383583,5.656650452539518,TR,yahoo
4694276640.0,1298364791.0,167114807.0,458630125.0,3665971076.0,194028775.0,0.0,196434471.0,-1703765432.0,2986992246.0,-35289355.0,-12890658.0,0.0,-35289355.0,7601414.0,GOLDA,2024,194028775.0,1028305564.0,781726246.0,0.04133305083613479,0.21905516927523896,1.0,0.0,-inf,-0.0075175277697311,2.8309627305881837,6.933077912616798,TR,yahoo
5131501801.0,1313985480.0,565723750.0,297902730.0,4090198101.0,291447.0,0.0,812793.0,-1854258015.0,2568021468.0,216455049.0,242373293.0,4107035.0,212348014.0,19412560.0,GOLDA,2025,291447.0,1041303700.0,194028775.0,5.679565384605426e-05,0.20292377171086176,1.0,0.04227079361817526,52.70348292624728,0.04218161805142861,4.410786970632998,7.778760767995863,TR,yahoo
,,,,,,,,,,,,,,,GOLTS,2021,,,,,,,,,,,,TR,yahoo
6883299537.0,2117032904.0,56311746.0,2077513609.0,3578172459.0,997845038.0,605584508.0,1619153654.0,2012278862.0,5306640680.0,1136007861.0,1228544372.0,23497147.0,1112510714.0,918256394.0,GOLTS,2022,1603429546.0,3305127078.0,,0.23294490344071744,0.4801660977026867,0.622319228487012,0.014654305864961279,48.34662952910836,0.16503827196442403,1.019022400059763,6.4864991592362475,TR,yahoo
10211805099.0,2290857095.0,100364699.0,1998298857.0,7256351529.0,987179142.0,445029062.0,1447033094.0,5101175233.0,7738108959.0,1774689822.0,1887414289.0,20854506.0,1753835316.0,2342090966.0,GOLTS,2023,1432208204.0,2955453570.0,1603429546.0,0.14025024862061364,0.28941539143646755,0.6892706934947846,0.013739785651301774,85.09862674282479,0.1737880624233406,1.1464036457685869,8.81228754539435,TR,yahoo
13709782829.0,3159261288.0,183653445.0,2844347937.0,9977055246.0,1764151008.0,230334517.0,2001257133.0,7106371357.0,7480513242.0,1480178757.0,1687078824.0,53085342.0,1427093415.0,787697130.0,GOLTS,2024,1994485525.0,3732727583.0,1432208204.0,0.1454790021021419,0.27226744796454716,0.8845143200525358,0.030983417952261352,27.883003127303954,0.10796514981032454,1.1107154813599023,8.622509501848059,TR,yahoo
13853254989.0,3217024761.0,99403388.0,3018471987.0,9837664941.0,1671863067.0,389027295.0,2109523397.0,7250093993.0,6790769571.0,520113656.0,810790343.0,37108772.0,483004884.0,370279786.0,GOLTS,2025,2060890362.0,4015590048.0,1994485525.0,0.14876578563207157,0.28986617594121583,0.811233386223192,0.018301027097861224,14.015922057458544,0.037544508955692335,1.0657792336172507,7.874801361894331,TR,yahoo
,,,,,,,,,,,,,,,GOODY,2021,,,,,,,,,,,,TR,yahoo
12125784584.0,9098793576.0,436738022.0,7469830289.0,3528733750.0,1265818515.0,,1396533445.0,1049808868.0,20696516747.0,65046344.0,523043293.0,687384585.0,-622338241.0,-769959024.0,GOODY,2022,1265818515.0,8597050834.0,,0.10439064839319762,0.7089892430831921,1.0,0.543035653890716,0.09462874993043377,0.005364299814943834,1.2180723288183395,4.880531781649543,TR,yahoo
14828374994.0,10264050212.0,720627878.0,9471101762.0,4298185087.0,1518706674.0,,1641120693.0,873873521.0,29202857013.0,363393512.0,1129794041.0,1299023829.0,-935630317.0,-641827625.0,GOODY,2023,1518706674.0,10530189907.0,1265818515.0,0.10241895518656048,0.7101378209858347,1.0,0.9330307616764748,0.2797435304013965,0.02450663084438044,1.0837229363516578,4.386187288242357,TR,yahoo
17002443744.0,11501030180.0,1785047571.0,11331591412.0,4855273457.0,1756274057.0,,1845546603.0,-5981825.0,28024100030.0,1192236358.0,2155794358.0,2223327882.0,-1031091524.0,-1149815223.0,GOODY,2024,1756274057.0,12147170287.0,1518706674.0,0.10329538997120766,0.7144367286194739,1.0,1.3577654738268443,0.5362395567708713,0.07012147053394774,1.0149527777555205,4.205132655123377,TR,yahoo
16166970103.0,10656545429.0,905480447.0,13187076103.0,2002248237.0,1713453444.0,,1848589779.0,-2978570984.0,27032470835.0,-316504837.0,630223084.0,2349812937.0,-2666317774.0,-2972589159.0,GOODY,2025,1713453444.0,14164721866.0,1756274057.0,0.10598482171263776,0.8761519181241972,1.0,1.3544654076279865,-0.13469363114669072,-0.019577251333029202,0.8081052498495618,1.6394448976203686,TR,yahoo
,,,,,134075760.0,0.0,134075760.0,,,,,,,,GOZDE,2021,134075760.0,,,,,1.0,,,,,,TR,yahoo
34430977777.0,96387.0,0.0,2895184272.0,31123090928.0,0.0,,0.0,25829696597.0,1081202.0,982635600.0,982677391.0,764571013.0,218064587.0,218064587.0,GOZDE,2022,0.0,3307886849.0,134075760.0,0.0,0.0960729860889887,,11.405059542455698,1.2852116851047817,0.028539288264314226,3.329218141041352e-05,15.214997006886207,TR,yahoo
36674935363.0,220555.0,64096.0,4091713044.0,32221349867.0,,,,24578812165.0,130828688.0,-11342427591.0,-11342291069.0,1371358852.0,-12713786443.0,-12713786443.0,GOZDE,2023,,4453585496.0,0.0,,0.12143403804040673,,inf,-8.270940588933465,-0.3092691910356565,5.390285135547741e-05,10.221327583618343,TR,yahoo
36489525386.0,3569518940.0,157906.0,8835018.0,31806517445.0,,,,21803021904.0,3769127534.0,-10000077455.0,-9999912268.0,368680158.0,-10368757613.0,-10368757613.0,GOZDE,2024,,4683007941.0,,,0.1283384174351782,,,-27.123991454403143,-0.2740533714597655,404.0194304074989,11.127884076686126,TR,yahoo
26686378787.0,95454867.0,55033.0,23461406.0,25396558262.0,,,,15393062721.0,463920.0,-6153890473.0,-6153668751.0,256068710.0,-6409959183.0,-6409959183.0,GOZDE,2025,,1289820525.0,,,0.04833254205431286,,,-24.032184459397637,-0.23060043185768636,4.068591072504351,24.27296790508617,TR,yahoo
,,,,,,,,,,,,,,,GRNYO,2021,,,,,,,,,,,,TR,yahoo
87948263.0,,3540644.0,,85634967.0,,,477199.0,-356907225.0,315409292.0,,,149752.0,-26141943.0,-26141943.0,GRNYO,2022,477199.0,2313296.0,,0.005425905910159931,0.026302918569295678,,0.3138145721177119,,,,,TR,yahoo
113735449.0,,12114.0,,97989408.0,,,88305.0,-520734341.0,320874958.0,,,111927.0,-21411529.0,-21411529.0,GRNYO,2023,88305.0,15746041.0,477199.0,0.0007764070109750918,0.13844444400092007,,0.3958486588954278,,,,,TR,yahoo
145657453.0,,31610.0,,110162166.0,,,131979.0,-18107535.0,480828973.0,,,199194.0,-18107535.0,-18107535.0,GRNYO,2024,131979.0,35495287.0,88305.0,0.0009060916367938962,0.24369015295084145,,1.8085199106607834,,,,,TR,yahoo
93224072.0,,32154.0,,88672408.0,,,1527953.0,-21488870.0,493681101.0,,,690592.0,-21488870.0,-21488870.0,GRNYO,2025,1527953.0,4551664.0,131979.0,0.01639011220192141,0.048824985889910494,,0.8320726391201567,,,,,TR,yahoo
802797448.0,242321067.0,43200664.0,283064141.0,362478526.0,78379762.0,51230363.0,130959638.0,113927036.0,633490056.0,105697739.0,125670656.0,14975036.0,90722703.0,68103550.0,GRSEL,2021,129610125.0,440318922.0,,0.16144810290926584,0.548480719634774,0.604734869285868,0.11553909079248245,7.058262764777327,0.1316617775297163,0.856064163210274,5.128852104810944,TR,yahoo
3896265664.0,1298064097.0,419410235.0,881561240.0,2037332103.0,266120661.0,171584419.0,439174052.0,1247222952.0,3006350754.0,652764001.0,653224480.0,109005566.0,543758435.0,281522028.0,GRSEL,2022,437705080.0,1858933561.0,129610125.0,0.11233963947690401,0.47710647099242565,0.6079907982790604,0.38428571996408944,5.988354768966568,0.16753580409859856,1.4724604917974842,7.271407549820415,TR,yahoo
7470646690.0,2692925662.0,694742849.0,1749801520.0,4511547165.0,852762499.0,170929952.0,1030112666.0,3236930973.0,6499374973.0,1913544825.0,2012556717.0,327854324.0,1585690501.0,1564623386.0,GRSEL,2023,1023692451.0,2959099525.0,437705080.0,0.1370286259649096,0.39609683709992183,0.8330260696627917,0.448686024227312,5.8365703451878215,0.2561417912536833,1.5389892117592856,8.812814492539902,TR,yahoo
9366051236.0,3990338640.0,1406491176.0,2360948126.0,6076230443.0,421996931.0,78750255.0,503675367.0,4810336830.0,8329342630.0,2165360527.0,2720283922.0,375772672.0,1789587855.0,1650141811.0,GRSEL,2024,500747186.0,3289820793.0,1023692451.0,0.05346406648677018,0.35124949779849785,0.8427345031550512,0.4929977716133079,5.762421507330901,0.23119247081171956,1.6901424457641812,9.558482369088516,TR,yahoo
,,,,,,,,,,,,,,,GRTHO,2021,,,,,,,,,,,,TR,yahoo
2645945925.0,993972702.0,5622538.0,261905949.0,2317129780.0,218199736.0,0.0,225295439.0,1986596736.0,1265027297.0,572747549.0,583853847.0,41997773.0,530749776.0,555897823.0,GRTHO,2022,218199736.0,328816145.0,,0.08246568228713895,0.12427167989081259,1.0,0.19247398631133084,13.637569520650535,0.21646230317424192,3.7951512968496948,16.366477098707534,TR,yahoo
4747731256.0,1966414206.0,72264026.0,324963742.0,4170206256.0,26804864.0,146393291.0,178825706.0,2749609698.0,3281364122.0,880763965.0,929793841.0,98255932.0,782508033.0,736954668.0,GRTHO,2023,173198155.0,577525000.0,218199736.0,0.036480193520035245,0.12164231058153221,0.1547641428397433,0.502076961881228,8.963977513337312,0.18551259907285705,6.0511803375282405,16.23452471156643,TR,yahoo
7793648836.0,2249322757.0,15207067.0,634954563.0,6708767286.0,290445243.0,214916084.0,507676781.0,4672717287.0,4550132246.0,1345370454.0,1465043144.0,161138621.0,1184231833.0,1091149035.0,GRTHO,2024,505361327.0,1084881550.0,173198155.0,0.06484271201258933,0.13920072264338804,0.5747278778219609,0.4749432445481618,8.349149605791897,0.17262395090031998,3.5424940429950103,14.216476408819174,TR,yahoo
10400714603.0,3403854058.0,987979197.0,841502921.0,9016760453.0,63468930.0,102729490.0,167398864.0,6457229820.0,7272336405.0,2187411011.0,2313529055.0,141798893.0,2045612118.0,1796484878.0,GRTHO,2025,166198420.0,1383954150.0,505361327.0,0.015979519325726086,0.13306337139573177,0.38188648243467055,0.4222971779754393,15.426150125163531,0.21031353079999518,4.044969985315119,15.144379234353213,TR,yahoo
,,,,,,,,,,,,,,,GSDDE,2021,,,,,,,,,,,,TR,yahoo
2337115000.0,1059755000.0,814426000.0,196738000.0,1740257000.0,157442000.0,394364000.0,555882000.0,-728386000.0,514200000.0,83001000.0,164547000.0,27026000.0,55975000.0,62415000.0,GSDDE,2022,551806000.0,596858000.0,,0.2361056259533656,0.25538238383648215,0.28532129045352894,0.04897735798450905,3.071153703840746,0.035514298611749956,5.386630950807673,7.956509822938672,TR,yahoo
3145584000.0,743502000.0,696669000.0,272305000.0,2425449000.0,225797000.0,447127000.0,675196000.0,-1498288000.0,374547000.0,-389563000.0,-267892000.0,49200000.0,-438763000.0,-440338000.0,GSDDE,2023,672924000.0,720135000.0,551806000.0,0.2139265713457342,0.2289352311049395,0.3355460646373142,0.08034423913842234,-7.917947154471545,-0.12384441172132106,2.7304015717669525,5.384093619679334,TR,yahoo
4016518000.0,1105897000.0,1076082000.0,355802000.0,2909270000.0,292501000.0,749950000.0,1044587000.0,-2006790000.0,719773000.0,37928000.0,195853000.0,66483000.0,-28555000.0,-45235000.0,GSDDE,2024,1042451000.0,1107248000.0,672924000.0,0.25954097554150135,0.27567360584466444,0.2805896871891341,0.07751424615608832,0.5704917046463006,0.009443005110396616,3.1081809545758596,5.668598195685092,TR,yahoo
4219269000.0,1383534000.0,1322648000.0,319784000.0,2780684000.0,265238000.0,1116559000.0,1383748000.0,-968956000.0,584851000.0,268705000.0,401947000.0,81985000.0,186720000.0,187098000.0,GSDDE,2025,1381797000.0,1438585000.0,1042451000.0,0.3274967772853544,0.34095598076349243,0.1919514950459438,0.0676374694338203,3.2774897847167166,0.06368520234192226,4.326464113276462,6.612769695212268,TR,yahoo
,,,,,,,,,,,,,,,GSDHO,2021,,,,,,,,,,,,TR,yahoo
10910663000.0,7099906000.0,1501261000.0,1844512000.0,7741083000.0,1582168000.0,783184000.0,2376710000.0,-2581477000.0,2473908000.0,-2121211000.0,-2077666000.0,90959000.0,-2212170000.0,-2499198000.0,GSDHO,2022,2365352000.0,3169580000.0,,0.21679269169985363,0.2905029694345797,0.6688932556338337,0.03845474161985193,-23.320518035598457,-0.19441632465414796,3.8492056435523327,6.8964112007626355,TR,yahoo
13067428000.0,6216357000.0,1579501000.0,1908647000.0,9436723000.0,1655299000.0,886603000.0,2551520000.0,-6325884000.0,2681571000.0,-2144386000.0,-2076806000.0,99946000.0,-2244332000.0,-2424515000.0,GSDHO,2023,2541902000.0,3630705000.0,2365352000.0,0.194521982443676,0.27784388787143116,0.6512048851607969,0.04073398279363571,-21.455445940808037,-0.16410161203872714,3.256944317100019,5.460706443316285,TR,yahoo
19579317000.0,10664259000.0,2610223000.0,3336977000.0,12469127000.0,2866402000.0,2825567000.0,5711277000.0,-7619778000.0,5321307000.0,1119665000.0,1207019000.0,184329000.0,935336000.0,571091000.0,GSDHO,2024,5691969000.0,7110190000.0,2541902000.0,0.2907133583873227,0.3631480097084081,0.5035870715388646,0.044773351440652885,6.074274802120122,0.05718611124177621,3.195784388085384,6.661950728368849,TR,yahoo
20540998000.0,9978818000.0,3980524000.0,2530234000.0,12487048000.0,2164121000.0,4607841000.0,6792398000.0,-4246762000.0,5395519000.0,919607000.0,1006617000.0,283613000.0,635994000.0,208289000.0,GSDHO,2025,6771962000.0,8053950000.0,5691969000.0,0.3296802813573128,0.3920914650787659,0.3195707536456938,0.045509398278921795,3.2424712548437484,0.044769343729063216,3.943832072448635,6.883595286413429,TR,yahoo
3051503252.0,458249285.0,55550453.0,1594022426.0,-1134071437.0,489698423.0,2198235408.0,2712192105.0,-2132012212.0,1189481913.0,152855775.0,280356908.0,523166974.0,-370311199.0,-377485679.0,GSRAY,2022,2687933831.0,4185574689.0,,0.8808556337727278,1.371643528892428,0.1821839575633512,0.19463536191490421,0.29217397618069063,0.05009195874191387,0.28747982307245157,-1.417200721809987,TR,yahoo
10280159522.0,1582063079.0,240540186.0,7940160304.0,-3005731310.0,2513103822.0,4178988243.0,6725811736.0,-11603196297.0,3416375530.0,115281462.0,846824591.0,818340177.0,-703058715.0,-720599079.0,GSRAY,2023,6692092065.0,13285890832.0,2687933831.0,0.6509716168001697,1.2923817771083805,0.3755333605082434,0.17448569675036216,0.14087229888017583,0.011213975984836862,0.19924825424532133,-4.648988612035226,TR,yahoo
15074309148.0,3102661838.0,91472443.0,8725940474.0,709869759.0,288835426.0,2819703429.0,3148590424.0,-11955750101.0,10767898321.0,5867218647.0,7574340158.0,2033484195.0,3833734452.0,3758557222.0,GSRAY,2024,3108538855.0,14364439389.0,6692092065.0,0.2062143494922571,0.9529086373358489,0.09291678163694692,0.41497005888678035,2.8853032944276213,0.38921973732895343,0.35556761443018753,0.8847476022909581,TR,yahoo
28532192230.0,3881411348.0,275665094.0,11646744811.0,4564490710.0,1389676796.0,978131569.0,2485990056.0,-12842449810.0,11026485667.0,1414270335.0,3662819452.0,2232030384.0,-817760049.0,-886699709.0,GSRAY,2025,2367808365.0,23967701520.0,3108538855.0,0.08298725684703548,0.8400231334064582,0.5869042514342161,0.8151529822099192,0.6336250371580964,0.04956753142553744,0.3332614744279555,0.5303484442901906,TR,yahoo
,,,,,,,,,,,,,,,GUBRF,2021,,,,,,,,,,,,TR,yahoo
35297981528.0,20193710259.0,1785115431.0,20149474075.0,10855333512.0,9057672483.0,,9162682386.0,4734613601.0,48304277005.0,1145746347.0,2048624851.0,936392494.0,209353853.0,228143439.0,GUBRF,2022,9057672483.0,24442648016.0,,0.25660596132997104,0.6924658849574997,1.0,0.10338113856042812,1.2235748944395106,0.03245925963475109,1.0021954014201733,4.379940148693824,TR,yahoo
44582895198.0,21029038733.0,3273222504.0,19082259034.0,17305856716.0,9170712969.0,,9244975527.0,4653885165.0,50841814148.0,164504295.0,1303355969.0,1394206363.0,-1229702068.0,-1668488544.0,GUBRF,2023,9170712969.0,27277038482.0,9057672483.0,0.20570025630393338,0.6118274365282508,1.0,0.1529709108545353,0.11799135290562435,0.0036898522240291767,1.1020203999710572,4.567720714348634,TR,yahoo
53178095725.0,25052366526.0,5561922948.0,22962316730.0,21817773518.0,11136362255.0,,11252092169.0,5189359558.0,40027108934.0,1574893902.0,3310273414.0,1743654051.0,-168760149.0,-390454751.0,GUBRF,2024,11136362255.0,31360322207.0,9170712969.0,0.20941634150627533,0.589722549847849,1.0,0.17172872329140293,0.9032146606700941,0.029615462542025805,1.0910208591134611,4.75546636736027,TR,yahoo
64461257675.0,39694704626.0,10064170083.0,26906654918.0,29796931094.0,9500637287.0,,9658393330.0,9810363185.0,52496159197.0,9479869796.0,11106850448.0,1471421029.0,8008448767.0,5275520771.0,GUBRF,2025,9500637287.0,34664326581.0,11136362255.0,0.14738522997643327,0.5377544253909874,1.0,0.14260028702383734,6.442662983036652,0.1470630598583027,1.475274602025875,6.938363249685934,TR,yahoo
,,,,,,0.0,,,,,,,,,GUNDG,2021,0.0,,,,,,,,,,,TR,yahoo
877258329.0,706427316.0,26648569.0,629496640.0,207297424.0,134328252.0,0.0,139320402.0,11166886.0,1806968409.0,46508589.0,63482882.0,1580773.0,44927816.0,26094506.0,GUNDG,2022,134328252.0,669960905.0,0.0,0.15312280038779774,0.7636985399314459,1.0,0.023535972164664215,29.4214216715493,0.05301584204166616,1.1222098278395893,4.5479275492783575,TR,yahoo
920031358.0,653977059.0,64011530.0,489620873.0,355005447.0,136845989.0,1968753.0,144822055.0,87727285.0,2414534744.0,73058482.0,86819679.0,3625832.0,69432650.0,30387740.0,GUNDG,2023,138814742.0,565025911.0,134328252.0,0.15088044640321924,0.6141376661642005,0.9858174069148938,0.026548965777244134,20.14943935626361,0.07940868685043233,1.3356805133591598,5.926081010829007,TR,yahoo
1264975422.0,884773892.0,96009086.0,323846667.0,873364087.0,15986777.0,0.0,20120271.0,76825994.0,2831336907.0,6951020.0,44359842.0,9370044.0,-2419024.0,-22603077.0,GUNDG,2024,15986777.0,391611335.0,138814742.0,0.012638013926566235,0.30958019277626725,1.0,0.12105881209085552,0.7418342966158964,0.005494984233772726,2.7320765725218967,8.735502869195068,TR,yahoo
1204920097.0,715985768.0,48649497.0,331549526.0,786162327.0,128153900.0,,129087339.0,-32162490.0,1845207185.0,-61172743.0,-24283442.0,5526933.0,-66699676.0,-103942728.0,GUNDG,2025,128153900.0,418757770.0,15986777.0,0.10635883683829037,0.34753986678670196,1.0,0.07668803997639057,-11.06811734464666,-0.05076912830345131,2.159513773516901,6.88605290473523,TR,yahoo
,,,,,,,,,,,,,,,GWIND,2021,,,,,,,,,,,,TR,yahoo
8761974105.0,1505764806.0,1085983819.0,176822041.0,6940704479.0,110578454.0,732100874.0,868309901.0,3903032359.0,2296830032.0,1710378909.0,2090744788.0,105608974.0,1604769935.0,1464627189.0,GWIND,2022,842679328.0,1821269626.0,,0.09617459694603833,0.2078606492298005,0.1312224595119058,0.125325222170396,16.19539366985991,0.19520474364606674,8.515707643030769,11.010373941467048,TR,yahoo
13224429952.0,471271482.0,95293910.0,563892083.0,10153863138.0,169229075.0,897058266.0,1116725349.0,5271872098.0,2684048728.0,1498869400.0,2059647202.0,47774046.0,1451095354.0,900270559.0,GWIND,2023,1066287341.0,3070566814.0,842679328.0,0.08063011750754064,0.23218897337314884,0.15870869745231272,0.050052257879417174,31.374135655163055,0.11334094591905779,0.8357476478349493,8.73747256646481,TR,yahoo
19384520193.0,2117102850.0,1725691149.0,1056209039.0,13686957260.0,730221601.0,2150518943.0,2999454173.0,7723273735.0,3094818159.0,1651778333.0,2464494718.0,77075304.0,1574703029.0,1092178771.0,GWIND,2024,2880740544.0,5697562933.0,1066287341.0,0.14861036101581057,0.2939233407003524,0.2534839878311512,0.03905485658863036,21.430707986568564,0.08521120546468199,2.004435459106121,8.002865924699233,TR,yahoo
20338615605.0,2189930835.0,1187134696.0,885608801.0,14129200674.0,706077205.0,2470905173.0,3332695001.0,8104921715.0,2939691769.0,1464932464.0,2428688202.0,104493560.0,1360438904.0,845427565.0,GWIND,2025,3176982378.0,6209414931.0,2880740544.0,0.15620445558836255,0.3053017497156243,0.22224775620080572,0.03449928672719838,14.019356446464261,0.07202714739541388,2.4727970550057803,7.843045083923111,TR,yahoo
,,,,,,0.0,,,,,,,,,GZNMI,2021,0.0,,,,,,,,,,,TR,yahoo
1449407741.0,1401179630.0,13818399.0,509563686.0,910167148.0,873717.0,,8773790.0,525519773.0,948603096.0,557995191.0,564402607.0,18532271.0,539462920.0,520562958.0,GZNMI,2022,873717.0,539240593.0,0.0,0.0006028096685872468,0.372042026371377,1.0,42.421678873136266,30.109380064645073,0.3849815170816036,2.7497635104240925,12.826775616204355,TR,yahoo
2198813230.0,1668710378.0,97564443.0,1036783762.0,1156694762.0,3511531.0,,6483347.0,583020058.0,2133302758.0,-59434507.0,-39334687.0,69855088.0,-129289595.0,-155656635.0,GZNMI,2023,3511531.0,1042118468.0,873717.0,0.0015970119481225789,0.473945878522843,1.0,31.85912769357628,-0.8508257408536941,-0.02703026623138883,1.6095066677944363,6.983502742259537,TR,yahoo
3875706878.0,2564913560.0,356937583.0,1916701390.0,1487789111.0,542536202.0,0.0,987396439.0,738453164.0,3345718029.0,219861221.0,333952094.0,168168024.0,51693197.0,-23329668.0,GZNMI,2024,542536202.0,2387917767.0,3511531.0,0.13998380658755277,0.6161244495951791,1.0,0.6159462399965682,1.3073901671104846,0.05672803127811773,1.3381915270588916,6.00371404897192,TR,yahoo
4450039326.0,2503308909.0,69159052.0,2553774432.0,1365537637.0,944139336.0,78228901.0,1411824883.0,615647275.0,3465061425.0,358914559.0,567582076.0,499842976.0,-140928417.0,-129712913.0,GZNMI,2025,1022368237.0,3084501689.0,542536202.0,0.2297436409217027,0.6931403214749927,0.9234826570614596,0.6388159730946996,0.7180546216178099,0.08065424431262655,0.9802388486752616,4.633457366720165,TR,yahoo
,,,,,,,,,,,,,,,HALKB,2021,,,,,,,,,,,,TR,yahoo
1438351487000.0,,172888964000.0,,90700850000.0,,,164637677000.0,21055625000.0,79282794000.0,,,86456900000.0,24665196000.0,18356304000.0,HALKB,2022,164637677000.0,1347650637000.0,,0.11446275718279979,0.9369411087486156,,0.525134353055771,,,,,TR,yahoo
2297010551000.0,,307720044000.0,,140843994000.0,,,114228648000.0,22463067000.0,61810665000.0,,,265792024000.0,15326860000.0,16830755000.0,HALKB,2023,114228648000.0,2156166557000.0,164637677000.0,0.049729265697221435,0.9386837844786199,,1.906232486120366,,,,,TR,yahoo
3143858750000.0,,668900708000.0,,166558967000.0,,,388724432000.0,31457382000.0,77493303000.0,,,634949484000.0,19040347000.0,22037821000.0,HALKB,2024,388724432000.0,2977299783000.0,114228648000.0,0.12364564152253978,0.9470208491396123,,2.524885557913275,,,,,TR,yahoo
4497070228000.0,,931322445000.0,,218365901000.0,,,481605322000.0,32380471000.0,172310414000.0,,,821739361000.0,35761330000.0,27130696000.0,HALKB,2025,481605322000.0,4278704327000.0,388724432000.0,0.10709312898904544,0.9514426304396152,,1.8883402692446616,,,,,TR,yahoo
,,,,,,,,,,,,,,,HATEK,2021,,,,,,,,,,,,TR,yahoo
1772060105.0,814493274.0,69585547.0,603504467.0,1092218837.0,466341951.0,0.0,466341951.0,583021101.0,1155606051.0,33618012.0,93804092.0,77912344.0,-44294332.0,-60496601.0,HATEK,2022,466341951.0,679841268.0,,0.26316373224823547,0.38364458749552405,1.0,0.16707127427187007,0.4314850545376994,0.018971146579703627,1.3496060402813888,6.918019514189513,TR,yahoo
2784151243.0,1150788712.0,241846215.0,1011292286.0,1653330609.0,701710686.0,54053789.0,755764475.0,699151453.0,1084273750.0,-137882809.0,-94666022.0,169781501.0,-307664310.0,-212192282.0,HATEK,2023,755764475.0,1130820634.0,466341951.0,0.27145237777587217,0.406163507403969,0.9284779970638339,0.2778505985860842,-0.8121191542534425,-0.04952418060860352,1.137938781825139,5.599689709921139,TR,yahoo
3814134045.0,1383444085.0,97675578.0,1606424223.0,1908083260.0,1028531947.0,182888518.0,1211420465.0,670122673.0,1039721741.0,154891271.0,249330074.0,275858112.0,-120966841.0,-239716658.0,HATEK,2024,1211420465.0,1906050785.0,755764475.0,0.31761350039285263,0.49973356009830533,0.8490296942441038,0.2804597639914832,0.5614889113719447,0.04060981317713494,0.8611947362300201,4.763274232662395,TR,yahoo
3505798984.0,1089063100.0,21161972.0,968897579.0,1564657157.0,596101390.0,880718657.0,1476820047.0,596336807.0,994290102.0,151053100.0,256180924.0,240320184.0,-89267084.0,-73177533.0,HATEK,2025,1476820047.0,1941141827.0,1211420465.0,0.4212506346598907,0.553694560315384,0.4036384739027043,0.1787936629384447,0.6285493689535457,0.04308664036055297,1.1240229345231958,5.165272952774685,TR,yahoo
,,,,,,,,,,,,,,,HATSN,2021,,,,,,,,,,,,TR,yahoo
2867169480.0,821009516.0,491827189.0,697316343.0,1168879472.0,193225885.0,774557750.0,1000006515.0,1164699907.0,2253061284.0,965277109.0,1059599159.0,179155558.0,786121551.0,700244576.0,HATSN,2022,967783635.0,1698290008.0,,0.3375397379718202,0.5923228535482318,0.19965814466370885,0.18511943322951518,5.387927228023816,0.3366655217744575,1.177384589134748,7.842355860537312,TR,yahoo
6976844844.0,3283954278.0,1484885106.0,1870801181.0,3931831060.0,262737822.0,809691733.0,1102312170.0,2108637329.0,3266518205.0,900895155.0,1094440531.0,321080611.0,579814544.0,1047104856.0,HATSN,2023,1072429555.0,3045013784.0,967783635.0,0.15371268517204822,0.43644567882553303,0.24499308208640333,0.3147520196161461,2.805822351571394,0.12912644256017225,1.75537321194368,7.787530672749731,TR,yahoo
8575621636.0,3533308288.0,889272828.0,1875230603.0,5982197377.0,290399150.0,573114880.0,939984494.0,3592470778.0,4963055358.0,1273294888.0,1575835168.0,23359278.0,1249935610.0,832426282.0,HATSN,2024,863514030.0,2593424259.0,1072429555.0,0.10069404489291066,0.30241822331723966,0.3362992839849979,0.02413218874867162,54.50917138791704,0.14847843597189225,1.8841993525209124,9.30381804457611,TR,yahoo
7730048915.0,1568696156.0,470730042.0,1241680570.0,5802876844.0,248998387.0,363211952.0,677089060.0,3381337058.0,4728937463.0,32408066.0,392286465.0,19521302.0,12886764.0,-191349427.0,HATSN,2025,612210339.0,1927172071.0,863514030.0,0.07919876649318719,0.24930916895756797,0.4067203232907179,0.026456569275505406,1.6601385501848187,0.004192478774243306,1.2633653081967773,8.143342979166269,TR,yahoo
,,,,,,,,,,,,,,,HDFGS,2021,,,,,,,,,,,,TR,yahoo
1942962262.0,682672090.0,3554404.0,2974416.0,1939025860.0,0.0,,709888.0,662236054.0,1009438517.0,415942513.0,416512295.0,32852.0,415909661.0,415909661.0,HDFGS,2022,0.0,3936402.0,,0.0,0.0020259796481832027,,inf,12661.101698526725,0.21407647545961445,229.51466439126202,525.3123745238346,TR,yahoo
2436320103.0,126970682.0,1128541.0,3200622.0,2431795845.0,267.0,,1169548.0,66590351.0,632649728.0,-463634685.0,-462820350.0,181575.0,-463816260.0,-463816260.0,HDFGS,2023,267.0,4524258.0,0.0,1.0959151043872498e-07,0.001857004748443764,1.0,1360.112359550562,-2553.4059479553903,-0.1903012188049905,39.67062714684833,566.7702047563066,TR,yahoo
2803271987.0,194135088.0,3772843.0,4112818.0,2797274580.0,0.0,,2575888.0,-298596432.0,584147779.0,-383701615.0,-381261218.0,2056477.0,-385758092.0,-385758092.0,HDFGS,2024,0.0,5997407.0,267.0,0.0,0.00213943100341765,,15404.322097378277,-186.5820113718753,-0.1368763419245055,47.202450485287706,492.1623191139143,TR,yahoo
3752403385.0,19215716.0,326775.0,5064700.0,3745653727.0,0.0,,2435520.0,-2375075.0,1099550726.0,297079272.0,299889529.0,857915.0,296221357.0,296221357.0,HDFGS,2025,0.0,6749658.0,0.0,0.0,0.0017987559725005419,,inf,346.28054294423106,0.07917039868036468,3.794048216083875,586.4914698769448,TR,yahoo
,,,,,0.0,,,,,,,,,,HEDEF,2021,0.0,,,,,,,,,,,TR,yahoo
4016013598.0,64038843.0,4660838.0,2781357.0,3493569059.0,,,3700765.0,2182134488.0,2649406991.0,1901618363.0,1902865498.0,602700.0,1901015663.0,1483764712.0,HEDEF,2022,3700765.0,522444539.0,0.0,0.0009215021089179091,0.1300903311831864,,0.3257164397090872,3155.1656927161107,0.47350894527523957,23.024316188105303,15.324704677117854,TR,yahoo
4434530477.0,168318618.0,9145117.0,12183181.0,3872118124.0,,,6408387.0,1986511798.0,1083490969.0,-1063564922.0,-1060164565.0,1087350.0,-1064652272.0,-1157285842.0,HEDEF,2023,6408387.0,562412353.0,3700765.0,0.001445110600375292,0.12682568220401025,,0.21512190142160292,-978.1256467558744,-0.23983709831655306,13.815654384515835,10.558710016609258,TR,yahoo
4175759431.0,31747158.0,725773.0,75663694.0,3506305506.0,12499.0,,21027586.0,179609963.0,190043176.0,-1795649375.0,-1791700041.0,8893869.0,-1804543244.0,-1671900695.0,HEDEF,2024,12499.0,669453925.0,6408387.0,2.9932279879942155e-06,0.16031908352528845,1.0,2.7702933831873047,-201.89743912351307,-0.43001743866503883,0.41958244861795935,5.930950649757603,TR,yahoo
7115378072.0,58657723.0,2674591.0,847536030.0,5760760909.0,100760.0,,18973336.0,1733806525.0,2624698146.0,1483163887.0,1494733841.0,14302454.0,1468861433.0,1554196562.0,HEDEF,2025,100760.0,1354617163.0,12499.0,1.416087788736126e-05,0.19037880338791927,1.0,252.56189795071472,103.69995855256727,0.2084448460773231,0.06920971017597918,9.183130701550084,TR,yahoo
,,,,,,,,,,,,,,,HEKTS,2021,,,,,,,,,,,,TR,yahoo
23213481243.0,15444424164.0,2523329279.0,13781668875.0,8318521003.0,10946385326.0,227386628.0,11383772632.0,1221848651.0,10001274789.0,3285562689.0,3622905803.0,2106507621.0,1179055068.0,1166523784.0,HEKTS,2022,11173771954.0,14894960240.0,,0.4813483956599331,0.6416512923709605,0.9796499669998545,0.18852251770235118,1.5597202954529448,0.14153683605688216,1.1206497779101516,5.4290068223656665,TR,yahoo
36752102121.0,21844083146.0,6673440210.0,22809342097.0,10898916641.0,19393663106.0,1318451839.0,20842610077.0,451258324.0,8719027378.0,2437643369.0,3225157666.0,4624770768.0,-2187127399.0,-1267990744.0,HEKTS,2023,20712114945.0,25853185480.0,11173771954.0,0.5635627283796968,0.7034478026558267,0.9363439299897145,0.2900826175949988,0.527084149957592,0.06632663788793568,0.957681420757552,4.006098619284258,TR,yahoo
31515418489.0,11581896318.0,2450706127.0,9592579026.0,18026704403.0,5869705569.0,2885397183.0,9496494275.0,-2978412010.0,6370645052.0,2586031590.0,3667307564.0,7225998967.0,-4639967377.0,-3569074537.0,HEKTS,2024,8755102752.0,13488714086.0,20712114945.0,0.2778037916601311,0.42800364814156094,0.6704325163584328,0.4904432472249095,0.35787876552570785,0.082056076485312,1.207380860413878,5.3106562873736785,TR,yahoo
27729906985.0,6182316144.0,1378470800.0,11685546011.0,13955964667.0,8026364772.0,1026754070.0,9921145680.0,-7024515545.0,6127914357.0,-1965656386.0,-797314261.0,2240675511.0,-4206331897.0,-4046103535.0,HEKTS,2025,9053118842.0,13773942318.0,8755102752.0,0.3264749083686838,0.4967179415874265,0.8865855968623105,0.2516450617118259,-0.8772606191080026,-0.07088579082011659,0.529056677213061,1.7098165229465523,TR,yahoo
,,,,,,,,,,,,,,,HKTM,2021,,,,,,,,,,,,TR,yahoo
958776447.0,625677368.0,121375419.0,419530735.0,475749040.0,141790884.0,8449367.0,157293923.0,148237755.0,526180409.0,21015444.0,62174187.0,44308968.0,-23293524.0,-51944987.0,HKTM,2022,150240251.0,483027407.0,,0.15669998097064225,0.5037956538371243,0.9437609632321501,0.2949207532940024,0.474293240140461,0.02191902404961769,1.4913743280334395,6.345973666326963,TR,yahoo
1606101631.0,989667443.0,253132183.0,855134066.0,638439985.0,274829936.0,27547748.0,335294974.0,164833894.0,878227627.0,66987685.0,154978210.0,117710795.0,-50723110.0,-38730314.0,HKTM,2023,302377684.0,967661646.0,150240251.0,0.18826808849682314,0.6024909179610939,0.9088962266143953,0.5201331449669576,0.5690870153412863,0.041708247913484625,1.1573243101275303,5.107108793090929,TR,yahoo
2012610786.0,1009635454.0,75426386.0,1084629883.0,749848807.0,368714053.0,30918203.0,427822582.0,52724789.0,884940113.0,149216916.0,246919678.0,321210339.0,-171993423.0,-165014683.0,HKTM,2024,399632256.0,1262761979.0,302377684.0,0.19856410329304475,0.6274248293728463,0.92263336471018,0.9151162133117374,0.4645458065408038,0.07414097004645587,0.9308571244666694,4.212697040519397,TR,yahoo
2198580983.0,962956589.0,70984632.0,787191147.0,986821330.0,271460409.0,151041637.0,434453242.0,-85047183.0,793619301.0,199242622.0,259449158.0,226034422.0,-26791800.0,-117934052.0,HKTM,2025,422502046.0,1211759653.0,399632256.0,0.19217033589706076,0.5511553417270689,0.6425067323815989,0.5498722567593342,0.8814702656217556,0.09062328089826838,1.2232817819024584,5.112410542581499,TR,yahoo
,,,,,,,,,,,,,,,HLGYO,2021,,,,,,,,,,,,TR,yahoo
24390715825.0,2334121839.0,782648063.0,3980577822.0,17552401836.0,559539233.0,1371550722.0,2840677031.0,7266570794.0,314103787.0,7139722830.0,7221713769.0,79089423.0,7060633407.0,7057415575.0,HLGYO,2022,1931089955.0,6838313989.0,,0.07917315624745506,0.280365448806995,0.2897530648695234,0.04095584609884214,90.2740538390323,0.2927229721844377,0.5863776424869003,8.440619176186026,TR,yahoo
40550370453.0,5250086818.0,105102693.0,7115655617.0,28989829692.0,2060533671.0,2631487710.0,5465940524.0,14037377242.0,2279225246.0,4601640045.0,4636665024.0,833893732.0,3767746313.0,3732250474.0,HLGYO,2023,4692021381.0,11560540761.0,1931089955.0,0.11570847142909084,0.2850908791178436,0.4391569227165037,0.2518132912751627,5.518257145264164,0.11347960557681074,0.7378219380737071,7.4723369850681,TR,yahoo
62697114472.0,10357382934.0,132730702.0,13667677287.0,41033952573.0,6038784485.0,3903273260.0,10763118016.0,18058595401.0,2294152956.0,8302448368.0,8321366596.0,3818904254.0,4483544114.0,1599278764.0,HLGYO,2024,9942057745.0,21663161899.0,4692021381.0,0.15857281198228093,0.34552087574420326,0.6073978486030207,0.5219193119183084,2.174039414395855,0.1324215386612059,0.7578012500961971,6.721381751447558,TR,yahoo
81024225525.0,16543489594.0,4269911510.0,11573295189.0,54288595311.0,6035696996.0,4567091807.0,10641837588.0,31138710577.0,19783252343.0,24531247203.0,24564628126.0,5219939454.0,19311307749.0,13278610834.0,HLGYO,2025,10602788803.0,26735630214.0,9942057745.0,0.13085948966866104,0.32997082095836544,0.5692556088915242,0.508150736663268,4.699527153366097,0.30276435280989994,1.429453696966443,9.071942320203155,TR,yahoo
,,,,,,,,,,,,,,,HOROZ,2021,,,,,,,,,,,,TR,yahoo
2822099304.0,1025044768.0,40827401.0,1629661669.0,625854508.0,644092970.0,436719047.0,1080812017.0,-469426334.0,4089121410.0,575822995.0,601160539.0,257825915.0,317997080.0,305205028.0,HOROZ,2022,1080812017.0,2196244796.0,,0.3829815681780133,0.7782308697950765,0.5959343159301679,0.23854834230622735,2.2333790418236275,0.20404065660759613,0.6289923776810633,2.972662304803499,TR,yahoo
6741638678.0,2494489103.0,107210692.0,3248161340.0,1583658204.0,1226379388.0,60859012.0,2949165336.0,-216766873.0,7870474663.0,650489328.0,1782502920.0,403982902.0,246506426.0,196938167.0,HOROZ,2023,1287238400.0,5157980474.0,1080812017.0,0.19093850345326976,0.7650929870851794,0.9527212581601046,0.34119451097818415,1.6101902451307208,0.09648831079048227,0.7679695809075789,3.3825972486499256,TR,yahoo
8987831007.0,3441953797.0,1372325963.0,2580857619.0,3894817714.0,157090486.0,55705796.0,3190195393.0,699614142.0,11271680960.0,1129451733.0,2798198761.0,663698955.0,465752778.0,916381015.0,HOROZ,2024,212796282.0,5093013293.0,1287238400.0,0.023676043957020075,0.5666565480629758,0.738220069089365,0.8849114796667081,1.7017530681512072,0.12566454933569046,1.3336473006727303,5.779692163221824,TR,yahoo
8749303387.0,3552009791.0,582034165.0,3050114190.0,3761024276.0,640407790.0,35974971.0,3055566023.0,1474092836.0,12026305655.0,561664501.0,2083889017.0,518531936.0,43132565.0,-68094098.0,HOROZ,2025,676382761.0,4988279111.0,212796282.0,0.07730704161030598,0.5701344313207549,0.946812702696898,1.1663161431482365,1.0831820800329643,0.06419533946377255,1.164549774118457,5.398620458582618,TR,yahoo
,,,,,,,,,,,,,,,HRKET,2021,,,,,,,,,,,,TR,yahoo
5718144883.0,763554485.0,69312270.0,935387855.0,2844503642.0,543006798.0,712626825.0,1323951879.0,1991890763.0,1670058565.0,902917027.0,902917027.0,240117191.0,662799836.0,275596099.0,HRKET,2022,1255633623.0,2873641241.0,,0.2195875845561362,0.5025478192312532,0.4324564013367457,0.19123189010047717,3.7603181314910517,0.1579038386530508,0.8162971979147623,6.288942374228834,TR,yahoo
9721243553.0,1144953906.0,51165706.0,1349610124.0,5790058299.0,939837558.0,1028112701.0,2066621947.0,4376896957.0,2300881498.0,2191493139.0,2604673943.0,70503335.0,2120989804.0,1497681916.0,HRKET,2023,1967950259.0,3931185254.0,1255633623.0,0.20243811897837757,0.40439119054751244,0.4775718053349437,0.043742205930287624,31.08353865813582,0.225433415699548,0.8483590080123021,7.641087889935752,TR,yahoo
15557135527.0,3338348682.0,89711815.0,2131756606.0,8399946847.0,724746350.0,322995891.0,1912162166.0,5551711839.0,4614012387.0,75623531.0,1045384349.0,215056368.0,-139432837.0,-176036959.0,HRKET,2024,1047742241.0,7157188680.0,1967950259.0,0.06734801783924833,0.4600582586414078,0.6917219919550804,0.14262486510146508,0.3516451603051345,0.0048610189754246524,1.5660083672798057,6.18713314642216,TR,yahoo
17287426447.0,3499337585.0,425830398.0,3352451766.0,6665271521.0,1188967998.0,496715857.0,3985683471.0,3927786840.0,5948036961.0,-1079128073.0,-330981.0,189127527.0,-1268255600.0,-1585711067.0,HRKET,2025,1685683855.0,10622154926.0,1047742241.0,0.09750924234836167,0.6144439693534217,0.705332731563713,0.13838129904207955,-5.705822362918117,-0.06242271377456927,1.0438144466356507,4.285807454383345,TR,yahoo
,,,,,,,,,,,,,,,HTTBT,2021,,,,,,,,,,,,TR,yahoo
1017188699.0,460403118.0,57136078.0,103690676.0,867918523.0,23372875.0,,42584444.0,84754822.0,311102695.0,73199472.0,127373900.0,611087.0,72588385.0,58544791.0,HTTBT,2022,23372875.0,149270176.0,,0.022977914543268044,0.14674777270603553,1.0,0.026145136188851392,119.78568027138525,0.07196252973707094,4.440159286838867,12.410845243382038,TR,yahoo
1729815596.0,741667188.0,218438892.0,152015305.0,1497190639.0,0.0,,0.0,207225455.0,609051324.0,172300387.0,272898427.0,226297.0,172074090.0,132168362.0,HTTBT,2023,0.0,232624957.0,23372875.0,0.0,0.13447962750360126,,0.019364070530476032,761.3905045139794,0.09960621663859712,4.878898134631904,13.303907470471419,TR,yahoo
2615995964.0,904963790.0,301723476.0,382068009.0,2094766399.0,160258928.0,,190942840.0,471031934.0,1122416793.0,299837796.0,506313843.0,14646324.0,285191472.0,276880664.0,HTTBT,2024,160258928.0,521229565.0,0.0,0.06126115261850611,0.19924708301270147,1.0,0.18278325186350927,20.47188058928643,0.11461707132817274,2.368593466824384,10.13829486691544,TR,yahoo
3689846750.0,1115571350.0,508570190.0,513172377.0,2967940535.0,179930303.0,,240677622.0,847006495.0,1652786006.0,471241201.0,816528494.0,71452048.0,399789153.0,388878896.0,HTTBT,2025,179930303.0,721906215.0,160258928.0,0.048763624939165834,0.19564666608443834,1.0,0.42007236848717294,6.595209153417128,0.12771294661492377,2.1738725621235067,10.244359656639473,TR,yahoo
,,,,,0.0,0.0,,,,,,43985.0,,,HUBVC,2021,0.0,,,,,,inf,,,,,TR,yahoo
558667439.0,40425756.0,37312691.0,2149686.0,556248575.0,,,71028.0,246926098.0,0.0,-44014923.0,-43648916.0,129127.0,-44144050.0,-44144050.0,HUBVC,2022,71028.0,2418864.0,0.0,0.00012713824905768314,0.004329702844915578,,3.635946387340204,-340.8653728499849,-0.0787855527767746,18.805423675829864,246.0717678752568,TR,yahoo
823693084.0,40453486.0,21946750.0,1676362.0,821560615.0,,,0.0,374442959.0,10401302.0,18117942.0,18367989.0,39832.0,18078110.0,18078110.0,HUBVC,2023,0.0,2132469.0,71028.0,0.0,0.002588912109889707,,1.1215858534662386,454.85895762201244,0.02199598655365182,24.13171260145482,409.7143651447195,TR,yahoo
795024635.0,22882872.0,251794.0,11515752.0,783159880.0,0.0,,0.0,206266980.0,0.0,-38584924.0,-37434218.0,0.0,-290807791.0,-290830451.0,HUBVC,2024,0.0,11864755.0,0.0,0.0,0.014923757677018399,,,-inf,-0.04853299168521992,1.9870931572684094,73.17106534033135,TR,yahoo
557550861.0,31662157.0,3058244.0,32139846.0,525089696.0,21797.0,,21797.0,-344045029.0,2200299.0,-22913535.0,-22183400.0,,-550296566.0,-550312008.0,HUBVC,2025,21797.0,32461165.0,0.0,3.909419126518038e-05,0.05822099340278841,1.0,,,-0.041096761932899246,0.9851371720947263,17.941309818212417,TR,yahoo
,,,,,,,,,,,,,,,HUNER,2021,,,,,,,,,,,,TR,yahoo
4201259787.0,175923957.0,53436452.07,492692921.0,1893210423.0,134929840.0,798625007.0,1398919472.0,549696217.0,459535535.0,233487351.0,370153403.0,75484673.0,158002678.0,170585131.0,HUNER,2022,933554847.0,2308049364.0,,0.22220831234686036,0.5493707794842443,0.1445333827290385,0.08085724501626416,3.093175630501837,0.055575556580072065,0.3570661349120541,4.416671655797142,TR,yahoo
6339255389.0,246499602.0,50006683.0,988281637.0,2996364291.0,223337350.0,1059427327.0,1806135998.0,612829646.0,557770850.0,176159574.0,381059903.0,107989324.0,68170250.0,63133429.0,HUNER,2023,1282764677.0,3342891098.0,933554847.0,0.20235257901517556,0.5273318225671504,0.17410625191388865,0.09744923764882198,1.6312684205709076,0.027788685451240146,0.24942242451075716,3.9254351650937096,TR,yahoo
8042886850.0,511731325.0,154433503.0,985144303.0,4550868653.0,321393718.0,932736178.0,1952219950.0,1109706294.0,839453260.0,706512012.0,945323101.0,137653760.0,568858252.0,496876648.0,HUNER,2024,1254129896.0,3492018197.0,1282764677.0,0.15593031698562315,0.43417472632976306,0.25626828530686746,0.10852146672947295,5.132529703511186,0.08784308733623425,0.5194480884086278,5.27235212880797,TR,yahoo
9180231721.0,353549560.0,20550275.93,1121762261.0,5058822924.0,334848163.0,985200476.0,2196578565.0,874815202.0,995812454.0,160180908.0,525029606.0,165641899.0,-5460991.0,-234891092.0,HUNER,2025,1320048639.0,4121408797.0,1254129896.0,0.14379251843723695,0.4489438744309883,0.25366350383396746,0.128694957826614,0.9670313427160118,0.017448460220626277,0.31517334135026676,4.417783859280938,TR,yahoo
,,,,,,,,,,,,,,,HURGZ,2021,,,,,,,,,,,,TR,yahoo
4703771238.0,471899369.0,6389551.0,1062505272.0,3188906345.0,,,37643546.0,-8332153554.0,887442385.0,9707398.0,76421715.0,18325238.0,-8617840.0,-146489744.0,HURGZ,2022,37643546.0,1514864893.0,,0.008002843696115989,0.3220532666984261,,0.4868095582706263,0.5297283451380004,0.0020637478969167504,0.4441383788258511,-1.124165495648247,TR,yahoo
5197960762.0,1442137161.0,2664649.0,1006022147.0,3583646879.0,,,73907694.0,-12951776748.0,1070309789.0,-1113805922.0,-1040859050.0,14041727.0,-1127847649.0,-1196203893.0,HURGZ,2023,73907694.0,1614313883.0,37643546.0,0.014218594057174608,0.31056676972276076,,0.2517538487245861,-79.3211491720356,-0.21427747784141507,1.433504386857201,-3.4315907000637913,TR,yahoo
5764386785.0,1316106415.0,944354.0,1890893936.0,3299207021.0,,,171582546.0,-18126668672.0,1393616345.0,-1521947440.0,-1428186676.0,59085619.0,-1581033059.0,-1370810474.0,HURGZ,2024,171582546.0,2465179764.0,73907694.0,0.02976596685817293,0.42765689672574597,,0.48136837537818206,-25.758339605446125,-0.2640259054025293,0.6960233939848015,-8.024519327887742,TR,yahoo
5352671127.0,3103675115.0,1817142.0,2563132777.0,2542766775.0,,,195259683.0,-19485023746.0,1218500310.0,-954054084.0,-834267546.0,112759211.0,-1066813295.0,-829404354.0,HURGZ,2025,195259683.0,2809904352.0,171582546.0,0.03647892395538165,0.5249536699212195,,0.6147558927846336,-8.460985808068486,-0.1782388757619631,1.2108912744788327,-8.20231591631868,TR,yahoo
,,,,,,,,,,,,,,,ICBCT,2021,,,,,,,,,,,,TR,yahoo
61964520000.0,,13550685000.0,,3137237000.0,,,32158653000.0,1457568000.0,3010314000.0,,,2027916000.0,1822087000.0,1400767000.0,ICBCT,2022,32158653000.0,58827283000.0,,0.5189849449330036,0.9493704300460973,,0.06305973076670841,,,,,TR,yahoo
100590080000.0,,23356913000.0,,5172007000.0,,,46014504000.0,1537452000.0,4674622000.0,,,5640240000.0,2029405000.0,1474026000.0,ICBCT,2023,46014504000.0,95418073000.0,32158653000.0,0.45744574415290257,0.9485833294893492,,0.14430119535788993,,,,,TR,yahoo
100981908000.0,,20717675000.0,,4844962000.0,,,53205704000.0,235771000.0,1631520000.0,,,9582268000.0,-55789000.0,21514000.0,ICBCT,2024,53205704000.0,96136946000.0,46014504000.0,0.5268835284831418,0.9520214848782615,,0.193151540258815,,,,,TR,yahoo
104018940000.0,,31891687000.0,,4792046000.0,,,59072962000.0,307321000.0,3590316000.0,,,7579965000.0,146640000.0,85397000.0,ICBCT,2025,59072962000.0,99226894000.0,53205704000.0,0.5679058256121433,0.9539310244845794,,0.13502057461209951,,,,,TR,yahoo
,,,,,,,,,,,,,,,ICUGS,2021,,,,,,,,,,,,TR,yahoo
97260526.0,49688186.0,46403139.0,42822145.0,54165769.0,39001483.0,,39001483.0,-709011844.0,0.0,-11033807.0,-10968217.0,241315.0,-11275122.0,-11275122.0,ICUGS,2022,39001483.0,43094757.0,,0.4010001241408051,0.4430857900151599,1.0,0.0061873288254192796,-45.72366823446533,-0.11344589067922581,1.1603385584724912,-19.49433048274799,TR,yahoo
399959101.0,272663359.0,34578039.0,56969928.0,66494340.0,49793736.0,,49793736.0,-1035188638.0,19079553.0,-9505230.0,-9462803.0,198032.0,-9703262.0,-10708990.0,ICUGS,2023,49793736.0,333464761.0,39001483.0,0.12449706951411514,0.8337471510618282,1.0,0.004460420329612566,-47.998454795184614,-0.023765504963468752,4.786092743526023,-1.6002457106821386,TR,yahoo
681436401.0,30728840.0,20806037.0,62913490.0,618156909.0,53785282.0,,53785282.0,-1369933102.0,40384930.0,-65412503.0,-65336400.0,354779.0,-65767282.0,-65767282.0,ICUGS,2024,53785282.0,63279492.0,49793736.0,0.07892927633609054,0.09286191918591094,1.0,0.006850402848963098,-184.37535197968313,-0.09599208804227058,0.48843006483983004,5.99843457184641,TR,yahoo
497055154.0,28853157.0,16128407.0,75515590.0,421318398.0,49501222.0,,49501222.0,-1568425892.0,0.0,-198492790.0,-198346206.0,0.0,-198492790.0,-198492790.0,ICUGS,2025,49501222.0,75736756.0,53785282.0,0.09958899249237037,0.1523709298465498,1.0,0.0,-inf,-0.3993375552041856,0.3820821237045225,-4.495030786000903,TR,yahoo
,,,,,,,,,,,,,,,IDGYO,2021,,,,,,,,,,,,TR,yahoo
275817685.0,108429515.0,13973782.0,77215560.0,198160338.0,20045595.0,0.0,20045595.0,-65243627.0,2038154.0,31440638.0,31440638.0,4799277.0,26641361.0,26671501.0,IDGYO,2022,20045595.0,77657347.0,,0.07267697500977865,0.2815531824944437,1.0,0.23941803673076303,6.551119679068326,0.11399065291988075,1.4042443647368483,6.666577049346806,TR,yahoo
613476474.0,320544445.0,464753.0,240730475.0,333684223.0,93508989.0,38628185.0,132137174.0,-69528966.0,20085148.0,-11814332.0,-11749095.0,18145789.0,-29960121.0,-8919239.0,IDGYO,2023,132137174.0,279792251.0,20045595.0,0.21539077633806705,0.45607657808895863,0.7076660274269223,0.238473634291672,-0.6510784402926761,-0.01925800336395622,1.3315490903260172,4.856819108818765,TR,yahoo
594369871.0,148027023.0,3413984.0,210940832.0,346894813.0,98591741.0,3937345.0,102529086.0,-295245717.0,109614248.0,-80439545.0,-80310579.0,63349634.0,-143789179.0,-204214857.0,IDGYO,2024,102529086.0,247475058.0,132137174.0,0.17250047655931738,0.4163654149959428,0.961597775288858,0.5399125890530663,-1.2697712665553837,-0.1353358387171681,0.7017466537725612,1.498629347450528,TR,yahoo
910753941.0,68398730.0,1436496.0,327081210.0,405408317.0,180699401.0,68426779.0,249126180.0,-236738862.0,26534147.0,147008206.0,147008206.0,11335667.0,135672539.0,58506855.0,IDGYO,2025,249126180.0,505345624.0,102529086.0,0.27353840459527584,0.5548651521014939,0.7253328453878272,0.06447033840238298,12.968641898178554,0.16141374676741585,0.20911849384438808,2.466412386789407,TR,yahoo
980263827.0,311361430.0,18201533.0,204529451.0,533635945.0,13547634.0,3284492.0,16832126.0,-118468654.0,567653514.0,288080978.0,303524265.0,13603567.0,274477411.0,220116350.0,IEYHO,2021,16832126.0,446627882.0,,0.017171016145228014,0.45562007869540616,0.80486766793452,0.8081906587438806,21.176870595778297,0.2938810655511417,1.522330542020572,6.800376581498751,TR,yahoo
3190283474.0,999875214.0,137018587.0,461471907.0,1890804191.0,113659444.0,3736618.0,193453687.0,-3353915003.0,2907702730.0,-66824414.0,44174472.0,32353010.0,-99177424.0,-89896901.0,IEYHO,2022,117396062.0,1299479283.0,16832126.0,0.036798003361377785,0.4073240806312123,0.9681708403472682,0.48205984871076407,-2.0654774934387867,-0.020946230811337615,2.166708739650321,2.3169223194403195,TR,yahoo
4651386646.0,1962199454.0,512047027.0,1053485298.0,3073476666.0,142570942.0,10964713.0,257856382.0,-4594278206.0,3304145244.0,925079370.0,1083065961.0,118390576.0,806688794.0,678838964.0,IEYHO,2023,153535655.0,1577909980.0,117396062.0,0.03300857715882086,0.3392343187287897,0.9285852331824813,0.8739513949191855,7.813792290359327,0.19888249255639281,1.8625788681865403,4.693310202322348,TR,yahoo
4096542599.0,1069036343.0,94745216.0,963925966.0,2438943435.0,229099472.0,4047278.0,452188889.0,-5048751184.0,3361386456.0,-326608933.0,-143098077.0,275490346.0,-602099279.0,-663726069.0,IEYHO,2024,233146750.0,1657599164.0,153535655.0,0.056913053963338026,0.4046336938872877,0.9826406415701698,1.4248920687249786,-1.1855549123307574,-0.07972794743541248,1.1090440352345483,0.4097254006008695,TR,yahoo
,,,,,,,,,,,,,,,IHAAS,2021,,,,,,,,,,,,TR,yahoo
450522752.0,347085485.0,268181083.0,70797740.0,348484372.0,,,10209722.0,-363196871.0,322920894.0,-102386635.0,-82886250.0,2902381.0,-105289016.0,-122968110.0,IHAAS,2022,10209722.0,102038380.0,,0.022661945383837128,0.22648885000152003,,0.28427620262334274,-35.27677276002014,-0.2272618520273977,4.902493850792412,6.703671562898689,TR,yahoo
555534222.0,363181224.0,83799970.0,101627654.0,397820292.0,,,28533633.0,-528310454.0,521928009.0,-77779200.0,-43411133.0,6070713.0,-83849913.0,-95098971.0,IHAAS,2023,28533633.0,157713930.0,10209722.0,0.05136251174099586,0.28389597571902603,,0.31338086234400714,-12.81220179573635,-0.14000793636075942,3.5736456535737804,4.9459828377264685,TR,yahoo
613440674.0,381415845.0,53607509.0,122804712.0,426054189.0,,,48805275.0,-780001509.0,513083489.0,-59430003.0,-1619474.0,45721472.0,-105151475.0,-88483657.0,IHAAS,2024,48805275.0,187386485.0,28533633.0,0.07955989400207264,0.3054679823855306,,1.1823666297434663,-1.2998269828233002,-0.09687978890033627,3.105873046630328,3.6066952010103828,TR,yahoo
504501649.0,285585658.0,16827822.0,101554770.0,339277177.0,,,49360208.0,-372067510.0,546710275.0,-6831225.0,40859887.0,93782984.0,-100614209.0,-85831242.0,IHAAS,2025,49360208.0,165224472.0,48805275.0,0.09783953748781503,0.32750036065788957,,1.910712016768664,-0.07284077247957903,-0.013540540478986621,2.8121343586322927,5.303817669252814,TR,yahoo
,,,,,,,,,,,,,,,IHEVA,2021,,,,,,,,,,,,TR,yahoo
1646027566.0,991833784.0,23215284.0,212521547.0,1259225517.0,144582.0,,50355203.0,-1963824879.0,2192336301.0,-82566804.0,-44328251.0,45285146.0,-127851950.0,-199586433.0,IHEVA,2022,144582.0,386802049.0,,8.78369250834284e-05,0.23499123404109504,1.0,313.2142728693752,-1.823264608664395,-0.05016125228123913,4.666979880397728,5.547596336360453,TR,yahoo
2083770720.0,1156461826.0,86061739.0,289212419.0,1480253270.0,148000.0,,66346405.0,-3167382878.0,3037099063.0,-164722861.0,-98441570.0,61320961.0,-226043822.0,-303178576.0,IHEVA,2023,148000.0,603517450.0,144582.0,7.102508859515983e-05,0.28962756996604694,1.0,419.17111100477814,-2.6862406967170656,-0.07905037700117026,3.9986589441721034,3.0690682873625907,TR,yahoo
2789901315.0,1451126214.0,94451441.0,307952575.0,2003282234.0,796913.0,0.0,116889244.0,-4073336830.0,3769675177.0,160210753.0,277593762.0,44177115.0,116033638.0,74908659.0,IHEVA,2024,796913.0,786619081.0,148000.0,0.00028564200307565357,0.2819522958646299,1.0,93.50514809299904,3.6265553556405843,0.05742524014689029,4.71217431450281,4.238224513837405,TR,yahoo
2773649835.0,1442532608.0,28788422.0,337796730.0,2036253757.0,49266450.0,42983250.0,220882099.0,154105573.0,3728145032.0,67441079.0,169704333.0,81147827.0,-13706748.0,26571249.0,IHEVA,2025,92249700.0,737396078.0,796913.0,0.033259317321142665,0.2658576683671391,0.5340553953020986,1.7442403196342031,0.8310891553510115,0.024314921858187625,4.270416140499643,9.106832522208439,TR,yahoo
,,,,,,,,,,,,,,,IHGZT,2021,,,,,,,,,,,,TR,yahoo
3115657030.0,1023563557.0,86386754.0,131674697.0,2736843821.0,8817095.0,13280726.0,45738772.0,-1335558932.0,888311525.0,-6337984.0,27131427.0,16883675.0,-23221659.0,-152193897.0,IHGZT,2022,22097821.0,378813209.0,,0.007092507547276473,0.12158373189105477,0.39900291526481274,0.7640425270889831,-0.37539125812360163,-0.002034236740107431,7.773426332623344,11.302788106133985,TR,yahoo
3642597319.0,1062660646.0,16261178.0,319812273.0,2854770365.0,9355856.0,3441638.0,138660021.0,-2986405735.0,1734386886.0,-934260289.0,-874393960.0,81606069.0,-1015866358.0,-1058142157.0,IHGZT,2023,12797494.0,787826954.0,22097821.0,0.003513288151080419,0.21628164878139253,0.7310693796769899,4.677193428401492,-11.448416771551635,-0.25648190211057476,3.322763807754182,3.9962965739029372,TR,yahoo
5062466531.0,1282590901.0,21961443.0,599450867.0,3873488342.0,3155387.0,0.0,116467027.0,-3762005852.0,2334863514.0,384218721.0,472911068.0,206845738.0,177372983.0,149674259.0,IHGZT,2024,3155387.0,1188978189.0,12797494.0,0.0006232904416607984,0.23486144189187133,1.0,25.932085621399672,1.8575133561611021,0.0758955577577131,2.139609718839559,5.643397620360846,TR,yahoo
4933696707.0,1567203781.0,33790298.0,311918977.0,4101513173.0,0.0,0.0,104199345.0,-86426331.0,2486140268.0,405104974.0,484045989.0,226906585.0,178198389.0,231310759.0,IHGZT,2025,0.0,832183534.0,3155387.0,0.0,0.16867342753746617,,143.82171505428653,1.7853381117167666,0.08210982515914106,5.024393821989228,10.588784279130508,TR,yahoo
,,,,,,,,,,,,,,,IHLAS,2021,,,,,,,,,,,,TR,yahoo
15619801903.0,9681168941.0,1044328605.0,1822134744.0,2622883014.0,95653717.0,77531329.0,319473725.0,-14426521893.0,6534826142.0,-2225725624.0,-2072012291.0,107770520.0,-2333496144.0,-887447003.0,IHLAS,2022,173185046.0,12996918889.0,,0.011087531524118587,0.8320796236541106,0.5523208799447962,0.6222853675253232,-20.652453231180473,-0.14249384453285022,5.313091676056642,2.794023590910696,TR,yahoo
24437495646.0,15918118070.0,465468737.0,3352855594.0,5945627402.0,51102093.0,15215167.0,377383077.0,-18734288573.0,10924595858.0,800207349.0,1151708144.0,298766859.0,501440490.0,2230770739.0,IHLAS,2023,66317260.0,18491868244.0,173185046.0,0.0027137502533265924,0.7567006256235099,0.7705700295820425,2.4948975564352187,2.678367177933882,0.03274506359373941,4.747630079412242,4.681484835806168,TR,yahoo
30571798632.0,17892226273.0,589409946.0,3695707867.0,6069264412.0,546578008.0,202096579.0,1154036116.0,-26351841357.0,13540332300.0,-1821731128.0,-1454468124.0,704151171.0,-2525882299.0,-1808687705.0,IHLAS,2024,748674587.0,24502534220.0,66317260.0,0.024489059214734918,0.8014750625222553,0.7300608535280763,1.727995620059252,-2.5871307228146327,-0.05958861465524519,4.841352974017413,3.345884889830006,TR,yahoo
28718836442.0,16381025381.0,560924880.0,6142250051.0,2846119331.0,2139625348.0,141971093.0,2695473837.0,-7208100785.0,17160320101.0,-1851908641.0,-1486711087.0,1352936526.0,-3204845167.0,-3231574663.0,IHLAS,2025,2281596441.0,25872717111.0,748674587.0,0.07944599167894102,0.900897122460098,0.9377755459077699,0.8929475373646347,-1.3688067440053726,-0.0644841111421794,2.666942121370174,4.45270532549748,TR,yahoo
,,,,,22874504.0,26918076.0,,,,,,,,,IHLGM,2021,49792580.0,,,,,0.459395837693086,,,,,,TR,yahoo
2599829691.0,2051199140.0,287372132.0,383216245.0,2069178261.0,31251101.0,15534317.0,63879812.0,-4444793424.0,1146753832.0,-976551867.0,-963810205.0,39998386.0,-1016550253.0,-1089277334.0,IHLGM,2022,46785418.0,530651430.0,49792580.0,0.017995570310609242,0.20411007376252016,0.6679666942379354,0.8283125935163825,-24.41478181144609,-0.37562147643001126,5.352589215000528,3.4553793804813733,TR,yahoo
2768201569.0,2262962854.0,92623662.0,433101438.0,1302219105.0,0.0,0.0,29001482.0,-8101973440.0,657141637.0,-1531529099.0,-1517640980.0,89231082.0,-1620760181.0,-1676593511.0,IHLGM,2023,0.0,1465982464.0,46785418.0,0.0,0.5295793776063711,,3.8144826236243095,-17.16362801697283,-0.5532577960185384,5.225018103033867,-4.740206060376898,TR,yahoo
3236977727.0,2545764602.0,52969623.0,787098089.0,1086243110.0,0.0,0.0,42437047.0,-11220096059.0,630155971.0,-421046756.0,-396245861.0,130020224.0,-551066980.0,-615235044.0,IHLGM,2024,0.0,2150734617.0,0.0,0.0,0.6644267580405258,,inf,-3.238317417450381,-0.1300740355696615,3.234367657065929,-4.829602886599872,TR,yahoo
4888579218.0,4159107967.0,32397569.0,1344217351.0,1732739233.0,,,47945699.0,-3762510775.0,1722595195.0,721567233.0,757069853.0,258015431.0,463551802.0,654764011.0,IHLGM,2025,47945699.0,3155839985.0,0.0,0.009807696032307602,0.645553614714892,,10.762818621123868,2.796604955771037,0.14760264707241572,3.0940740081251934,6.086641849436223,TR,yahoo
,,,,,,,,,,,,,,,IHYAY,2021,,,,,,,,,,,,TR,yahoo
3951904151.0,1405547512.0,367529950.0,259635222.0,1056316770.0,8817095.0,13280726.0,72017126.0,-3614892523.0,1374572862.0,-177091926.0,-98730106.0,21797819.0,-198889745.0,-158834724.0,IHYAY,2022,22097821.0,2895587381.0,,0.005591689513625555,0.7327068851776917,0.39900291526481274,0.9864239103031923,-8.124295646275437,-0.04481179685372384,5.413547134217406,2.2520820537943043,TR,yahoo
4884936598.0,1342883461.0,114652757.0,440175124.0,1026897203.0,9355856.0,3441638.0,189913271.0,-5683935756.0,2559222497.0,-1132565697.0,-1009180142.0,76780158.0,-1209345855.0,-526305941.0,IHYAY,2023,12797494.0,3858039395.0,22097821.0,0.0026197871237959515,0.789782900473993,0.7310693796769899,4.4005997939838055,-14.750760176867571,-0.2318485970654557,3.050793622312923,-0.6095110556323319,TR,yahoo
6551242298.0,1512136739.0,79931485.0,865807089.0,1058749638.0,3155387.0,0.0,200691845.0,-7725889884.0,3248838988.0,-160348066.0,25700142.0,131228495.0,-291576561.0,-297425834.0,IHYAY,2024,3155387.0,5492492660.0,12797494.0,0.00048164712225088886,0.8383894855601325,1.0,16.452012022154495,-1.2218997558419,-0.02447597855584611,1.746505380022362,0.09059339283662257,TR,yahoo
5968649333.0,1478003534.0,61237653.0,696248000.0,710775304.0,0.0,0.0,179647612.0,-1831136431.0,3372746460.0,-64915592.0,108911926.0,216344140.0,-281259732.0,-339908690.0,IHYAY,2025,0.0,5257874029.0,3155387.0,0.0,0.8809152181096983,,137.12685005040586,-0.3000570849758168,-0.01087609413424389,2.1228118917397247,3.1779203459057244,TR,yahoo
661577214.0,218612330.0,16829128.0,185523656.0,380848082.0,43849000.0,52579754.0,101541172.0,136618140.0,272797110.0,76282046.0,80706360.0,15520432.0,60761614.0,50775674.0,IMASM,2021,96428754.0,280729132.0,,0.14575585730496457,0.4243331330936679,0.45472950941583257,0.16095232341174914,4.9149434758001584,0.11530331514712658,1.1783528565219736,6.450608557224133,TR,yahoo
2347410081.0,804996868.0,105226313.0,485255207.0,1655594912.0,82614995.0,33272160.0,126993776.0,823401050.0,1195832912.0,338130448.0,358803206.0,29718139.0,308412309.0,282425906.0,IMASM,2022,115887155.0,691815169.0,96428754.0,0.049368091215929305,0.29471423617013937,0.7128917350676182,0.2799426490456728,11.377914613024725,0.14404404698473305,1.6589144359248473,8.767799687665118,TR,yahoo
2506776000.0,1313187000.0,102578000.0,828634000.0,1377963000.0,58935000.0,2693000.0,281060000.0,1250119000.0,1839163000.0,167759000.0,203402000.0,59621000.0,108138000.0,47041000.0,IMASM,2023,61628000.0,1128813000.0,115887155.0,0.024584565992334377,0.450304694156957,0.9563023301096903,0.6717285631190193,2.8137568977373744,0.06692221403109014,1.5847611852760084,7.8752507345493115,TR,yahoo
3709618000.0,1376039000.0,23422000.0,872745000.0,2352187000.0,3979000.0,0.0,135122000.0,1022910000.0,2163778000.0,428141000.0,468363000.0,106417000.0,321724000.0,273178000.0,IMASM,2024,3979000.0,1357431000.0,61628000.0,0.0010726171805291002,0.3659220437252569,1.0,3.2440745652140777,4.023238768241916,0.1154137703666523,1.5766793278678193,7.633987201353659,TR,yahoo
,,,,,,,,,,,,,,,INDES,2021,,,,,,,,,,,,TR,yahoo
14557196267.0,13670987073.0,3907198149.0,11164698968.0,2976565719.0,1251848626.0,,1280499254.0,908362425.0,45706575698.0,2165194585.0,2236224772.0,1661503462.0,503691123.0,157470132.0,INDES,2022,1251848626.0,11580630548.0,,0.08599517400461522,0.7955261669619969,1.0,1.3272399134302362,1.3031538209337779,0.14873706071465995,1.2244832675008492,5.852240940115567,TR,yahoo
25045992081.0,23078802022.0,4497926860.0,19926424845.0,4640073699.0,2429910380.0,0.0,2475781860.0,487918327.0,71083904135.0,4291701566.0,4400918109.0,3083052096.0,1208649470.0,733760813.0,INDES,2023,2429910380.0,20405918382.0,1251848626.0,0.0970179329348004,0.8147378756651457,1.0,1.6747712661125762,1.3920301806019173,0.1713528277147266,1.1582008414214355,5.529421582564487,TR,yahoo
30797254972.0,26695619313.0,5864466518.0,22860695134.0,6166421515.0,3071018812.0,521224665.0,3717621859.0,590119259.0,87256326033.0,5519842925.0,5650099798.0,4714191036.0,805651889.0,429317777.0,INDES,2024,3592243477.0,24630833457.0,2429910380.0,0.1166416773269555,0.7997736642240896,0.8549027457806697,1.565616272164931,1.1708992874594233,0.1792316532761925,1.1677518621599758,5.596636237456347,TR,yahoo
39649474562.0,33527101250.0,6764296945.0,29930057177.0,6685844702.0,4076601849.0,1866086515.0,6075551876.0,1084243035.0,91599656236.0,5484438102.0,5662486967.0,4498382155.0,986055947.0,519274086.0,INDES,2025,5942688364.0,32963629860.0,3592243477.0,0.14988063346734648,0.8313762092472291,0.6859861394878959,0.9435583242781148,1.2192023516508015,0.1383230966509775,1.120181663928266,5.076774798893213,TR,yahoo
,,,,,,,,,,,,,,,INFO,2021,,,,,,,,,,,,TR,yahoo
10466392126.0,10018904805.0,2685352557.0,9157389088.0,1255256666.0,2559145643.0,,2599250596.0,391613939.0,15456006034.0,1098100856.0,1129513298.0,362587616.0,735513240.0,598112720.0,INFO,2022,2559145643.0,9211135460.0,,0.2445107743137886,0.8800678733522925,1.0,0.14168307184539555,3.028511751487949,0.10491684649117645,1.094078749818433,4.7600787384049426,TR,yahoo
13932848861.0,13262312931.0,5588645064.0,12019561338.0,1813372216.0,3650778459.0,,3678032871.0,373885891.0,10933635541.0,1536095374.0,1584313237.0,847068867.0,689026507.0,329558006.0,INFO,2023,3650778459.0,12119476645.0,2559145643.0,0.2620267036140069,0.869849143266322,1.0,0.27281134296864873,1.8134244260921468,0.11024991294492159,1.1033940888567226,4.820591328340522,TR,yahoo
16814858003.0,16162152897.0,6562316645.0,14281780160.0,2434054874.0,2956571305.0,,3077010044.0,549877707.0,45969945533.0,1024500223.0,1150368786.0,701421177.0,323079046.0,60489758.0,INFO,2024,2956571305.0,14380803129.0,3650778459.0,0.17583088150209222,0.8552438044040734,1.0,0.21231543721861915,1.4606063469338337,0.06092827086718277,1.1316623499265515,4.677358235277675,TR,yahoo
26523290681.0,25527995068.0,11250143182.0,23428326863.0,2974123759.0,5102291827.0,,5251350041.0,1183757928.0,31429074818.0,1054803780.0,1264880284.0,181941707.0,872862073.0,633880221.0,INFO,2025,5102291827.0,23549166922.0,2956571305.0,0.19237024124819604,0.8878674673225778,1.0,0.045153194444399705,5.797482047368062,0.039768963537982496,1.0896209198923195,4.314663557122656,TR,yahoo
3328639385.0,3304609620.0,140116127.0,1938440782.0,630458041.0,29485992.0,736676973.0,774622617.0,61302685.0,4776774980.0,99907848.0,105359996.0,22750413.0,77157435.0,-22364249.0,INGRM,2021,766162965.0,2698181344.0,,0.23017301557284794,0.8105958717423516,0.03848527447421059,0.029693960735886,4.391474036097718,0.030014620523394427,1.7047771851923408,6.44949189136384,TR,yahoo
6697418700.0,6604569843.0,855093179.0,5388254394.0,955965155.0,1440701578.0,283821340.0,1765780425.0,128189430.0,10325220377.0,238537303.0,248861340.0,57731351.0,180805952.0,66886745.0,INGRM,2022,1724522918.0,5741453545.0,766162965.0,0.25749068338821346,0.857263641737077,0.8354203721866688,0.04635779356525144,4.1318503528524735,0.0356163043830603,1.2257345997535691,4.917924670972497,TR,yahoo
8157446713.0,7807502909.0,382802812.0,6077873152.0,1307250911.0,1309068974.0,597728267.0,2065640965.0,-27628354.0,16193774935.0,256528850.0,299279888.0,150020832.0,106508018.0,-27628354.0,INGRM,2023,1906797241.0,6850195802.0,1724522918.0,0.23374927328195225,0.8397475390287603,0.6865276212133978,0.08262605632730166,1.7099548548030983,0.031447198985828054,1.2845781268782885,5.041581613743604,TR,yahoo
11584304121.0,11236860637.0,545039706.0,8515341683.0,1761814723.0,2064930935.0,1071545631.0,3328747335.0,153090323.0,21250922512.0,532515420.0,594267089.0,300169455.0,232345965.0,180718677.0,INGRM,2024,3136476566.0,9822489398.0,1906797241.0,0.2707522638596998,0.8479136334304116,0.6583600711015164,0.11903754048942122,1.7740493282369454,0.04596870165335674,1.319601849850985,5.331476509108976,TR,yahoo
17839211.0,3431391.0,876904.0,6024114.0,8578778.0,130961.0,,595755.0,-3168382.0,3998689.0,6947953.0,7210841.0,160159.0,6787794.0,5538145.0,INTEK,2021,130961.0,9260433.0,,0.007341187903433621,0.5191055254629815,1.0,1.2229518711677523,43.381595789184495,0.389476474043611,0.5696092404625809,5.307570653924097,TR,yahoo
46775156.0,13982938.0,1127772.0,9923029.0,32927050.0,311.0,,0.0,21232571.0,26256962.0,7453018.0,7768451.0,0.0,30649641.0,30144696.0,INTEK,2022,311.0,13848106.0,130961.0,6.648828707273579e-06,0.29605686403269293,1.0,0.0,inf,0.15933710621937852,1.4091400922037012,8.866551372096588,TR,yahoo
85217819.0,14050958.0,346616.0,18706529.0,59319316.0,3000000.0,,3000000.0,-9994298.0,50316102.0,-1736551.0,-1588066.0,,7858228.0,4384826.0,INTEK,2023,3000000.0,25898503.0,311.0,0.035203904948564804,0.3039094793073735,1.0,,,-0.020377792114111722,0.7511258769598572,4.7773242502773465,TR,yahoo
,,,,,0.0,,,,,,,,,,INTEM,2021,0.0,,,,,,,,,,,TR,yahoo
1446983800.0,1236329242.0,28825694.0,995738808.0,395279780.0,,,40779441.0,-911335434.0,1071018013.0,244620510.0,308964893.0,12359629.0,232260881.0,151317226.0,INTEM,2022,40779441.0,1051704020.0,0.0,0.028182375642353426,0.7268250135212295,,0.6061696137521846,19.79189747523975,0.16905545867203212,1.24162002331037,3.818220788399217,TR,yahoo
3053932025.0,2800668256.0,61621261.0,2310292743.0,691236868.0,,,46819220.0,-1193200665.0,1838788867.0,192314163.0,323327376.0,13630793.0,178683370.0,122574238.0,INTEM,2023,46819220.0,2362695157.0,40779441.0,0.015330799643453099,0.7736567604185624,,0.31121007660151334,14.108802253838057,0.06297264032915074,1.2122568728511995,3.7600050763937256,TR,yahoo
1973305142.0,1693222635.0,62209803.0,1047172955.0,858469964.0,,,70582499.0,-1611140769.0,1874567128.0,64819547.0,240704106.0,94396351.0,-29576804.0,-49332637.0,INTEM,2024,70582499.0,1114835178.0,46819220.0,0.03576866927355323,0.5649583302003072,,1.6080914624427263,0.6866742868058533,0.03284821268661144,1.6169464909452327,3.7653073684483616,TR,yahoo
2475981352.0,2254148340.0,5824699.0,1546252477.0,848245015.0,,,60984082.0,-1620950959.0,1914736230.0,258489377.0,388564850.0,176335179.0,82154198.0,-9810190.0,INTEM,2025,60984082.0,1627736337.0,70582499.0,0.024630267086114953,0.6574105801262109,,2.680546650368607,1.4658979476806497,0.10439875760421317,1.4578138910234386,4.240048414310968,TR,yahoo
,,,,,,,,,,,,,,,INVEO,2021,,,,,,,,,,,,TR,yahoo
7102287742.0,677574801.0,1807440.0,1186133961.0,5288774834.0,1088206796.0,,1089025507.0,4248915351.0,3547464702.0,2290327369.0,2291234050.0,95040952.0,2195286417.0,2030860467.0,INVEO,2022,1088206796.0,1813512908.0,,0.15321919296014916,0.2553420776344547,1.0,0.08733721600466829,24.098320995353667,0.3224774118142171,0.5712464386642749,9.959732277741487,TR,yahoo
11055118202.0,196646754.0,55192.0,1559655771.0,9099455637.0,1296545295.0,,1296893042.0,7575637813.0,1044275559.0,1842281217.0,1842927837.0,259914066.0,1582367151.0,1622444875.0,INVEO,2023,1296545295.0,1955662565.0,1088206796.0,0.117280093374799,0.17690109949671978,1.0,0.2179799459917949,7.088039694627377,0.16664509445649436,0.126083433060307,10.680528429833652,TR,yahoo
11951825349.0,41215064.0,699959.0,1335549567.0,10288287538.0,1195068937.0,,1195629436.0,8199721454.0,-1524578947.0,-1468700127.0,-1466822472.0,476512820.0,-1945212947.0,-1870129655.0,INVEO,2024,1195068937.0,1663537811.0,1296545295.0,0.09999049535140593,0.1391869243754626,1.0,0.38249325588215694,-3.0821838686312786,-0.12288500577218399,0.030860003266355743,10.444173102292865,TR,yahoo
12931633673.0,124346015.0,196613.0,2613268700.0,10317669851.0,2577952883.0,,2579307338.0,8218471992.0,169022986.0,445265570.0,447021030.0,725408194.0,-280142624.0,28955064.0,INVEO,2025,2577952883.0,2613963822.0,1195068937.0,0.19935245214860334,0.2021371690614546,1.0,0.3845237205651782,0.6138138136333211,0.03443227524529027,0.04758256010949046,8.435124356494374,TR,yahoo
,,,,,0.0,0.0,0.0,,,,,,,,INVES,2021,0.0,,,,,,,,,,,TR,yahoo
13668858126.0,2426150046.0,869149591.0,153970811.0,12825066858.0,,,,9915879169.0,4650045190.0,4443150558.0,4444201278.0,151713.0,4442998845.0,4007039195.0,INVES,2022,,843791268.0,0.0,,0.061730925891680444,,inf,29286.551304107095,0.3250564543901829,15.757207682695132,24.849073917750758,TR,yahoo
19133246014.0,2272212343.0,1034499452.0,116473404.0,18480169224.0,,,,14367403149.0,152914139.0,-166550330.0,-158728913.0,1134668.0,-167684998.0,66307572.0,INVES,2023,,653076790.0,,,0.034133089049403154,,,-146.78331459069966,-0.008704760806301939,19.508422223154053,36.090533156976925,TR,yahoo
28685236007.0,3147552525.0,14950051.0,123335789.0,25789624099.0,,,,20719467894.0,4176909247.0,4210031359.0,4220258676.0,12890224.0,4197141135.0,1913639405.0,INVES,2024,,2895611908.0,,,0.10094432924635481,,,326.606532128534,0.1467664884462737,25.520188021013105,16.63436099282964,TR,yahoo
26610634095.0,3703072177.0,7341587.0,80923312.0,23516939537.0,,,,18627578395.0,53328807.0,-1783253604.0,-1773082884.0,9847960.0,-1793101564.0,-2091889499.0,INVES,2025,,3093694558.0,,,0.11625782936834599,,,-181.0784775730202,-0.06701281892170559,45.76026469356568,13.956264979495055,TR,yahoo
,,,,,,,,,,,,,,,ISATR,2021,,,,,,,,,,,,TR,yahoo
1715431569000.0,,246865900000.0,,191250928000.0,,,301505846000.0,61471023000.0,153322158000.0,,,54160597000.0,84510720000.0,61598670000.0,ISATR,2022,301505846000.0,1524180641000.0,,0.17576092888144815,0.8885114792941065,,0.1796336545991881,,,,,TR,yahoo
2954742571000.0,,619459682000.0,,268197169000.0,,,531748174000.0,72625319000.0,234448608000.0,,,168229605000.0,99848488000.0,72253773000.0,ISATR,2023,531748174000.0,2686545402000.0,301505846000.0,0.179964298487105,0.9092316293025718,,0.40378948306784046,,,,,TR,yahoo
3860698321000.0,,733328176000.0,,318168886000.0,,,894234771000.0,51120944000.0,280669049000.0,,,519552264000.0,72096874000.0,45536879000.0,ISATR,2024,894234771000.0,3542529435000.0,531748174000.0,0.23162513531188703,0.9175877368430104,,0.7286935174389481,,,,,TR,yahoo
5389338141000.0,,1076235615000.0,,428061025000.0,,,1138096132000.0,75428159000.0,423906581000.0,,,686630515000.0,113422460000.0,67873334000.0,ISATR,2025,1138096132000.0,4961277116000.0,894234771000.0,0.21117549172537622,0.9205726169335197,,0.6757073998003366,,,,,TR,yahoo
,,,,,,,,,,,,,,,ISBTR,2021,,,,,,,,,,,,TR,yahoo
1715431569000.0,,246865900000.0,,191250928000.0,,,301505846000.0,61471023000.0,153322158000.0,,,54160597000.0,84510720000.0,61598670000.0,ISBTR,2022,301505846000.0,1524180641000.0,,0.17576092888144815,0.8885114792941065,,0.1796336545991881,,,,,TR,yahoo
2954742571000.0,,619459682000.0,,268197169000.0,,,531748174000.0,72625319000.0,234448608000.0,,,168229605000.0,99848488000.0,72253773000.0,ISBTR,2023,531748174000.0,2686545402000.0,301505846000.0,0.179964298487105,0.9092316293025718,,0.40378948306784046,,,,,TR,yahoo
3860698321000.0,,733328176000.0,,318168886000.0,,,894234771000.0,51120944000.0,280669049000.0,,,519552264000.0,72096874000.0,45536879000.0,ISBTR,2024,894234771000.0,3542529435000.0,531748174000.0,0.23162513531188703,0.9175877368430104,,0.7286935174389481,,,,,TR,yahoo
5389338141000.0,,1076235615000.0,,428061025000.0,,,1138096132000.0,75428159000.0,423906581000.0,,,686630515000.0,113422460000.0,67873334000.0,ISBTR,2025,1138096132000.0,4961277116000.0,894234771000.0,0.21117549172537622,0.9205726169335197,,0.6757073998003366,,,,,TR,yahoo
,,,,,,,,,,,,,,,ISCTR,2021,,,,,,,,,,,,TR,yahoo
1715431569000.0,,246865900000.0,,191250928000.0,,,301505846000.0,61471023000.0,153322158000.0,,,54160597000.0,84510720000.0,61598670000.0,ISCTR,2022,301505846000.0,1524180641000.0,,0.17576092888144815,0.8885114792941065,,0.1796336545991881,,,,,TR,yahoo
2954742571000.0,,619459682000.0,,268197169000.0,,,531748174000.0,72625319000.0,234448608000.0,,,168229605000.0,99848488000.0,72253773000.0,ISCTR,2023,531748174000.0,2686545402000.0,301505846000.0,0.179964298487105,0.9092316293025718,,0.40378948306784046,,,,,TR,yahoo
3860698321000.0,,733328176000.0,,318168886000.0,,,894234771000.0,51120944000.0,280669049000.0,,,519552264000.0,72096874000.0,45536879000.0,ISCTR,2024,894234771000.0,3542529435000.0,531748174000.0,0.23162513531188703,0.9175877368430104,,0.7286935174389481,,,,,TR,yahoo
5389338141000.0,,1076235615000.0,,428061025000.0,,,1138096132000.0,75428159000.0,423906581000.0,,,686630515000.0,113422460000.0,67873334000.0,ISCTR,2025,1138096132000.0,4961277116000.0,894234771000.0,0.21117549172537622,0.9205726169335197,,0.6757073998003366,,,,,TR,yahoo
,,,,,,,,,,,,,,,ISDMR,2021,,,,,,,,,,,,TR,yahoo
74689216000.0,31295559000.0,6490670000.0,13476851000.0,51800024000.0,8688451000.0,3062306000.0,11816811000.0,14590680000.0,62010484000.0,9174485000.0,10781526000.0,977897000.0,8196588000.0,6726197000.0,ISDMR,2022,11750757000.0,22889192000.0,,0.15732869655506895,0.3064591279147983,0.7393950023815486,0.08321991510844791,9.381852076445679,0.12283547065214877,2.322171477595174,8.653561450561128,TR,yahoo
135571219000.0,57495472000.0,11568280000.0,37701321000.0,86002718000.0,20347602000.0,3517686000.0,23989233000.0,30268266000.0,88611904000.0,7775929000.0,10777156000.0,2245422000.0,5530507000.0,4601547000.0,ISDMR,2023,23865288000.0,49568501000.0,11750757000.0,0.17603506242722505,0.3656270214698003,0.8526024073122436,0.1260904741107554,3.4630145246639605,0.057356783079452876,1.5250253963249722,7.142855898889756,TR,yahoo
177227261000.0,69137658000.0,18777531000.0,29967974000.0,116596573000.0,12995367000.0,19732100000.0,33036026000.0,49115460000.0,110436515000.0,18297326000.0,22296887000.0,3177666000.0,15119660000.0,14254008000.0,ISDMR,2024,32727467000.0,60630688000.0,23865288000.0,0.1846638424322317,0.34210700801836574,0.3970783012324174,0.11229939238688769,5.758102330452602,0.10324216430789392,2.3070514543292115,8.316305919964094,TR,yahoo
237243956000.0,102108960000.0,50737047000.0,45445629000.0,147576826000.0,8994188000.0,30089997000.0,39746025000.0,66226859000.0,120955399000.0,10117588000.0,10303574000.0,2717810000.0,7399778000.0,6111894000.0,ISDMR,2025,39084185000.0,89667130000.0,32727467000.0,0.16474259517068582,0.3779532743923727,0.23012346298125444,0.07569273019927183,3.722698790570349,0.04264634669976587,2.246837864209119,7.7415264790130545,TR,yahoo
,,,,,,,,,,,,,,,ISFIN,2021,,,,,,,,,,,,TR,yahoo
36330079000.0,,362744000.0,,3432832000.0,,,31145425000.0,834590000.0,1884834000.0,,,2129160000.0,1218381000.0,826766000.0,ISFIN,2022,31145425000.0,32897247000.0,,0.8572903185814708,0.9055099219575052,,0.06836188621603334,,,,,TR,yahoo
51557546000.0,,2510859000.0,,6097045000.0,,,43213038000.0,1772928000.0,3774042000.0,,,5117396000.0,2856967000.0,1767060000.0,ISFIN,2023,43213038000.0,45460501000.0,31145425000.0,0.8381515675707296,0.8817429169340216,,0.13764125275155298,,,,,TR,yahoo
69747305000.0,,1166270000.0,,8850407000.0,,,57206121000.0,1930669000.0,4421022000.0,,,8656450000.0,3092167000.0,1925193000.0,ISFIN,2024,57206121000.0,60896898000.0,43213038000.0,0.8201911313992706,0.8731075415745454,,0.172406343295506,,,,,TR,yahoo
101221396000.0,,2844787000.0,,12077584000.0,,,83431495000.0,3630137000.0,7902751000.0,,,13667436000.0,5641456000.0,3630137000.0,ISFIN,2025,83431495000.0,89143812000.0,57206121000.0,0.8242476225085851,0.8806815112488668,,0.19436387488252077,,,,,TR,yahoo
,,,,,,,,,,,,,,,ISGYO,2021,,,,,,,,,,,,TR,yahoo
29662237877.0,3320400440.0,2053268101.0,5766030615.0,23881871955.0,5599787007.0,0.0,5599787007.0,8479113456.0,1452555820.0,9234381110.0,9242619039.0,633476258.0,8600904852.0,8600904852.0,ISGYO,2022,5599787007.0,5780365922.0,,0.188785048188898,0.1948728867312495,1.0,0.11312506300831167,14.577312082941551,0.31131774845485644,0.5758554995115994,10.0712045817614,TR,yahoo
47868845473.0,5992697387.0,922113564.0,5315857376.0,39030144782.0,3575086036.0,3502579060.0,7077665096.0,16717481050.0,1650691738.0,6611846879.0,6625261607.0,2090962327.0,4520884552.0,4520884552.0,ISGYO,2023,7077665096.0,8838700691.0,5599787007.0,0.14785535406305328,0.18464411672484124,0.5051222384088913,0.32987106715318504,3.162107128197915,0.13812421865761007,1.1273247122949146,10.046071066004759,TR,yahoo
62381146591.0,4038085084.0,445182577.0,6460233566.0,51192053862.0,5154701627.0,317861103.0,5605670853.0,21968265663.0,5298337127.0,7985190445.0,8012671888.0,3524757247.0,4460433198.0,1167598428.0,ISGYO,2024,5472562730.0,11189092729.0,7077665096.0,0.08772783170980622,0.17936657693006078,0.9419173212474076,0.5617041054343008,2.2654582671746755,0.1280064712076334,0.6250679704913938,9.807471757992623,TR,yahoo
58192770367.0,3557221062.0,237717257.0,2152372194.0,50250172911.0,1011695200.0,0.0,1011695200.0,21009945917.0,3126656954.0,1854459570.0,1883282522.0,1251081646.0,603377924.0,-958319746.0,ISGYO,2025,1011695200.0,7942597456.0,5472562730.0,0.017385238640807398,0.13648770123692366,1.0,0.3858827515826472,1.4822850098785638,0.03186752509469163,1.6526979264628059,11.442509479855218,TR,yahoo
,,,,,,,,,,,,,,,ISMEN,2021,,,,,,,,,,,,TR,yahoo
59629254000.0,58369136000.0,1228704000.0,46378647000.0,11485623000.0,16979618000.0,32892000.0,17163800000.0,5005870000.0,428626486000.0,6444446000.0,6729628000.0,82947000.0,6361499000.0,4562642000.0,ISMEN,2022,17012510000.0,48143631000.0,,0.28530475997569915,0.8073827487427564,0.9980665992260989,0.004875647391243267,77.69353924795351,0.10807524105533838,1.2585346873098735,5.819551782077115,TR,yahoo
60630154000.0,58510139000.0,3572611000.0,35287113000.0,23061490000.0,8420851000.0,27366000.0,8713466000.0,11124571000.0,661611116000.0,13594115000.0,14072010000.0,224400000.0,13369715000.0,7998253000.0,ISMEN,2023,8448217000.0,37568664000.0,17012510000.0,0.1393401870626949,0.6196366250364463,0.9967607366146016,0.017627147881519645,60.579835115864526,0.22421376333630952,1.6581163497280154,8.512072360370656,TR,yahoo
92486707000.0,88372684000.0,11209898000.0,54031428000.0,34829406000.0,1760828000.0,17524000.0,1936214000.0,17326229000.0,1286458129000.0,14407634000.0,14630663000.0,242828000.0,14164806000.0,7207093000.0,ISMEN,2024,1778352000.0,57657301000.0,8448217000.0,0.019228190273873628,0.6234117622979052,0.990145932863685,0.04748963215326665,59.33267168530812,0.1557805923396105,1.6355792780453628,7.9776407017568465,TR,yahoo
117716750000.0,107624403000.0,3603393000.0,77177396000.0,32382892000.0,11182293000.0,35121000.0,11522146000.0,12084701000.0,1646280143000.0,16684277000.0,17845117000.0,2322245000.0,14362032000.0,7445433000.0,ISMEN,2025,11217414000.0,85333858000.0,1778352000.0,0.09529157065583276,0.7249083754011217,0.9968690644742184,0.3573848590379359,7.184546419520766,0.14173239577205454,1.3945067931548247,6.632289447165906,TR,yahoo
,,,,,,,,,,,,,,,ISSEN,2021,,,,,,,,,,,,TR,yahoo
4929038317.0,2580356694.0,488278995.0,1284363335.0,2883722171.0,1037976794.0,439536636.0,1546736428.0,192900706.0,3813646327.0,289290590.0,387157618.0,238454384.0,50836206.0,-130046028.0,ISSEN,2022,1477513430.0,2045316146.0,,0.29975693735310033,0.41495237294987336,0.7025159791610152,0.16138897904975388,1.2131904859421667,0.058691081585276306,2.0090550887611567,6.977219445633639,TR,yahoo
6342160028.0,2625184577.0,559478674.0,1452004200.0,4517902942.0,1163020954.0,300426748.0,1518781516.0,308938803.0,4189456008.0,228600146.0,391753136.0,150801531.0,77798615.0,405957.0,ISSEN,2023,1463447702.0,1824257086.0,1477513430.0,0.23074909739568622,0.2876397123292519,0.7947130276063668,0.10255254947721629,1.5159006973211697,0.03604452504994407,1.8079731291410865,7.464896729350628,TR,yahoo
9436116523.0,3718044799.0,760551120.0,2121168262.0,6273691515.0,1641813018.0,795692411.0,2464705760.0,195515872.0,5060126964.0,148263900.0,345192168.0,302612575.0,-154348675.0,-247883987.0,ISSEN,2024,2437505429.0,3162425008.0,1463447702.0,0.2583165885095546,0.33514052102809117,0.6735628148625551,0.15514801887528754,0.48994626214723563,0.015712385454187128,1.752828790439445,6.616299000862059,TR,yahoo
10517552637.0,4274567708.0,562110422.0,3250441997.0,5896946291.0,2785223021.0,1019117804.0,3971333887.0,-289886544.0,4928015828.0,-84640072.0,1246848.0,458077946.0,-542718018.0,-485402416.0,ISSEN,2025,3804340825.0,4620606346.0,2437505429.0,0.36171350468136476,0.4393233393237355,0.732117112824664,0.1467764271529268,-0.1847722046850079,-0.008047506384920982,1.3150727537809375,5.084874202746805,TR,yahoo
3433281164.0,2192906850.0,166551764.0,1328247670.0,1424317683.0,623475619.0,48367070.0,896073167.0,404135023.0,3440203136.0,520436609.0,534391293.0,119843826.0,400592783.0,315225686.0,ISVEA,2023,671842689.0,2008963481.0,,0.19568531003072837,0.5851438856989576,0.9280083406548761,0.17838078461251217,4.342623448954308,0.15158578168810877,1.650977373820652,7.048936583158491,TR,yahoo
4177168179.0,3042984985.0,147278040.0,1932855161.0,1347194254.0,1336850653.0,471581873.0,1941356066.0,384331902.0,2790180090.0,557018498.0,570738387.0,380544365.0,176474133.0,93584470.0,ISVEA,2024,1808432526.0,2829973925.0,671842689.0,0.43293265880257964,0.6774862307979868,0.7392317013656721,0.30685656389950255,1.4637412854608949,0.1333483532696422,1.5743471349532745,6.689287647805025,TR,yahoo
4535987726.0,3314215061.0,237041214.0,2428634097.0,1437957756.0,1838651464.0,257861772.0,2181351395.0,470526981.0,2386689947.0,535655288.0,544556464.0,364948052.0,170707236.0,79674562.0,ISVEA,2025,2096513236.0,3098029970.0,1808432526.0,0.4621955266728162,0.6829890548958686,0.8770044626610695,0.1869158109960965,1.4677576303380295,0.11809010966446341,1.364641575729306,6.1498295487282135,TR,yahoo
,,,,,,,,,,,,,,,ISYAT,2021,,,,,,,,,,,,TR,yahoo
528657061.0,526537971.0,63668468.0,9365805.0,517368677.0,,,1320607.0,-2248919746.0,569026710.0,-135276411.0,-134040255.0,261107.0,-135537518.0,-135537518.0,ISYAT,2022,1320607.0,11288384.0,,0.002498040974808809,0.021352942829604996,,0.19771741328040818,-518.0880290455636,-0.25588688959173855,56.21919002157316,42.20335849198665,TR,yahoo
538529840.0,537341649.0,123132036.0,6460577.0,530304713.0,,,464660.0,-3482693417.0,929756448.0,-97340946.0,-94924704.0,286817.0,-97627763.0,-97627763.0,ISYAT,2023,464660.0,8225127.0,1320607.0,0.0008628305536421157,0.015273298504684531,,0.32131552311222916,-339.3834605340688,-0.1807531148134707,83.17239296118598,55.117048970304076,TR,yahoo
681823158.0,676156067.0,149399268.0,2884323.0,674534998.0,,,4303202.0,-18424988.0,2667064850.0,-17749015.0,-16055844.0,675973.0,-18424988.0,-18424988.0,ISYAT,2024,4303202.0,7288160.0,464660.0,0.006311316870818284,0.010689223319105861,,0.2835539283645374,-26.25698807496749,-0.026031698676917042,234.4245311638121,106.64447106847894,TR,yahoo
685348082.0,680730239.0,56974022.0,3024682.0,679533344.0,,,3398974.0,4029459.0,1115738494.0,5691262.0,7825726.0,1661803.0,4029459.0,4029459.0,ISYAT,2025,3398974.0,5814738.0,4303202.0,0.004959485682196744,0.00848435729626803,,0.43151519778306807,3.4247513092707136,0.008304191912803807,225.05844878899666,132.5189828817738,TR,yahoo
,,,,,,,,,,,,,,,IZENR,2021,,,,,,,,,,,,TR,yahoo
7757018795.0,1652639846.0,23407484.0,1415938909.0,6310133861.0,1165450809.0,0.0,1173124645.0,3348543130.0,12600832526.0,3407018695.0,3671451942.0,188724006.0,3218294689.0,3761671983.0,IZENR,2022,1165450809.0,1446884934.0,,0.15024468030826785,0.18652590282914225,1.0,0.16193219357059968,18.052916357657224,0.4392175376958075,1.1671688909002218,12.388235389392978,TR,yahoo
15215720000.0,2839181936.0,804171733.0,228106301.0,14369906948.0,68467262.0,573823121.0,648507749.0,6413621889.0,10881804533.0,1149747230.0,1541006272.0,103494274.0,1046252956.0,1579036456.0,IZENR,2023,642290383.0,845813052.0,1165450809.0,0.04221228985549156,0.05558810572223989,0.10659860993123417,0.11450120676345135,11.109283495239554,0.07556311696061704,12.446749272392962,24.096570078923108,TR,yahoo
17185843898.0,2990786749.0,471870149.0,390367330.0,16229755004.0,230709857.0,502215670.0,736965052.0,7272929181.0,9542148793.0,-859353063.0,-94932441.0,186746618.0,-1046099681.0,-1215701877.0,IZENR,2024,732925527.0,956088894.0,642290383.0,0.04264704901022021,0.0556323506529269,0.31477939913532305,0.2715887980091795,-4.6017061631606095,-0.05000354175799345,7.661467851318398,23.110100630730585,TR,yahoo
18447171141.0,3652289069.0,1341656809.0,467723820.0,16939793007.0,298927418.0,754740476.0,1064126750.0,7965184168.0,9107542547.0,1613804184.0,2256659325.0,245391274.0,1368412910.0,695093761.0,IZENR,2025,1053667894.0,1507378134.0,732925527.0,0.0571181286250528,0.08171324060900358,0.28370174293267403,0.27470298627053996,6.576453016010667,0.08748247477431477,7.808644573628942,18.177774646529834,TR,yahoo
,,,,,,,,,,,,,,,IZFAS,2021,,,,,,,,,,,,TR,yahoo
272428436.0,204817691.0,3603830.0,89155433.0,160532728.0,26768430.0,4663736.0,31432166.0,-38885746.0,303909348.0,3229681.0,7324124.0,6423982.0,-3194301.0,-10965636.0,IZFAS,2022,31432166.0,111895708.0,,0.11537769867753453,0.4107343184982349,0.85162537001109,0.20437605222624491,0.5027537437060067,0.011855153769630715,2.2973102603853652,7.1558541196921865,TR,yahoo
344477819.0,222203415.0,3162840.0,122177767.0,189050269.0,61712433.0,11773628.0,73486061.0,-95335807.0,455075359.0,-13339620.0,-2666070.0,16661569.0,-30001189.0,-37809819.0,IZFAS,2023,73486061.0,155427550.0,31432166.0,0.213325958731758,0.45119755591578453,0.8397842007071246,0.31761057113555685,-0.8006220782688593,-0.03872417689685849,1.8186894429000326,5.269513967096712,TR,yahoo
455208244.0,304469104.0,3745459.0,157512166.0,264308038.0,75605824.0,3059308.0,78665132.0,-109016305.0,463950769.0,55007033.0,71530765.0,29546251.0,25460782.0,15770755.0,IZFAS,2024,78665132.0,190900206.0,73486061.0,0.17281130787253493,0.4193689558926354,0.9611097328356355,0.38838014237588003,1.8617263151253944,0.12083927241001373,1.9329878556809383,6.852869739429447,TR,yahoo
661231965.0,526400329.0,26916315.0,214941921.0,399691440.0,130908939.0,0.0,130908939.0,-148174356.0,440248942.0,-345330.0,17504425.0,30302449.0,-30647779.0,-39158051.0,IZFAS,2025,130908939.0,261540525.0,78665132.0,0.19797733008869287,0.3955352113081829,1.0,0.28918127949139283,-0.011396108611551495,-0.0005222524292212643,2.4490351930929286,7.210533564792282,TR,yahoo
76139678.0,22538984.0,344129.0,39485285.0,24788743.0,14908096.0,1016211.0,15924307.0,-11045916.0,21386684.0,-2873894.0,-1402656.0,2890779.0,-5764673.0,-5204271.0,IZINV,2021,15924307.0,51350935.0,,0.2091459724849375,0.6744306825148381,0.9361849152996108,0.18153248364277327,-0.9941590138851846,-0.03774502434854006,0.5708198383271135,1.5702296830914673,TR,yahoo
232189197.0,35391874.0,1543549.0,18622394.0,186262726.0,3147673.0,0.0,3147673.0,-24844732.0,55798732.0,4696912.0,4721198.0,3844282.0,852630.0,-8150667.0,IZINV,2022,3147673.0,45926471.0,15924307.0,0.013556500649769678,0.19779762191089365,1.0,0.4031340217428919,1.2217917416048043,0.020228813660094616,1.9005007626838955,7.769352044304258,TR,yahoo
295157271.0,44715084.0,25906094.0,8784033.0,169263968.0,6095888.0,0.0,6095888.0,-31885549.0,15936782.0,-10276315.0,-3653819.0,721284.0,-10997599.0,-4987305.0,IZINV,2023,6095888.0,125893303.0,3147673.0,0.02065301654045988,0.4265295670117508,1.0,0.15606193327441664,-14.247252122603578,-0.034816404709203316,5.090495903191621,4.874171086602511,TR,yahoo
,,,,,,,,,,,,,,,IZMDC,2021,,,,,,,,,,,,TR,yahoo
24811001842.0,10297734173.0,2462661213.0,12025293343.0,9436271376.0,10129593008.0,2457139680.0,12746623151.0,-646541556.0,47252206479.0,5126041777.0,5839668381.0,851356431.0,4274685346.0,4441274059.0,IZMDC,2022,12586732688.0,15374730466.0,,0.5073044921020968,0.6196739077248261,0.8047833587232214,0.06763919216395771,6.02102901951298,0.20660357891403844,0.8563395402736165,4.741099759621977,TR,yahoo
48279827801.0,13183560099.0,2029095474.0,17053954015.0,22159299158.0,14842035760.0,3489678516.0,18500276474.0,709047801.0,50692145385.0,2572522543.0,3600363209.0,1782819559.0,789702984.0,1578299303.0,IZMDC,2023,18331714276.0,26120528643.0,12586732688.0,0.3796971760454436,0.54102364968375,0.8096370877562329,0.11532400453850945,1.4429517165735783,0.05328358985875912,0.7730500555709396,4.020820171573527,TR,yahoo
57249396318.0,19583082080.0,4506491532.0,27847415629.0,20004084573.0,25217306839.0,2947972527.0,28303877890.0,-3354827126.0,60951218367.0,-810338154.0,1524561721.0,2816561426.0,-3626899580.0,-2803423237.0,IZMDC,2024,28165279366.0,37245311745.0,18331714276.0,0.4919751329699951,0.6505799910642823,0.8953330982912715,0.12115025963553241,-0.2877047688431987,-0.014154527490540865,0.7032279885824086,2.580809457437928,TR,yahoo
54589948302.0,16794803590.0,2330484899.0,25932020968.0,17821508953.0,22936638401.0,2925842633.0,25989818616.0,-5470477586.0,63552846992.0,2018031383.0,4256705185.0,2151867194.0,-133835811.0,-1884059380.0,IZMDC,2025,25862481034.0,36768439349.0,28165279366.0,0.4737590314415535,0.6735386365561538,0.8868692207389711,0.07965783434547104,0.9378047997696274,0.036967087271010765,0.6476473087355865,2.5826567018058917,TR,yahoo
,,,,,,0.0,,,,,,,,,JANTS,2021,0.0,,,,,,,,,,,TR,yahoo
5076788386.0,2413685584.0,519553225.0,1446258954.0,3290867336.0,975604573.0,19628338.0,999950848.0,2706291133.0,6493628132.0,719737388.0,781664894.0,114805965.0,604931423.0,592170203.0,JANTS,2022,995232911.0,1785921050.0,0.0,0.19603592573298959,0.3517816608084243,0.9802776437725742,0.23071175346209988,6.26916369719988,0.14177021638025786,1.6689166053730098,9.125380501310849,TR,yahoo
7417457812.0,2867442063.0,923371438.0,1663174824.0,5179066997.0,790548270.0,0.0,796284784.0,4220177434.0,10888219813.0,1333062597.0,1512484307.0,188052326.0,1145010271.0,716864043.0,JANTS,2023,790548270.0,2238390815.0,995232911.0,0.10657940901545096,0.30177331260027124,1.0,0.21061071535617218,7.088785474527978,0.17971960620299918,1.724077361935825,9.806986186063481,TR,yahoo
9410080512.0,3181367553.0,1101591105.0,1838644048.0,6720739739.0,902871720.0,,908243123.0,3956779984.0,7205833844.0,516877720.0,713321542.0,215983858.0,300893862.0,131687346.0,JANTS,2024,902871720.0,2689340773.0,790548270.0,0.095947289595305,0.2857935986382345,1.0,0.2550859908060965,2.3931312496510735,0.05492808688946529,1.7302792002946727,8.54991760989194,TR,yahoo
9252221978.0,2740223053.0,496372062.0,1563340764.0,6605415013.0,499219227.0,,500727686.0,3826952020.0,6079070283.0,297419148.0,601083711.0,169895891.0,127523257.0,-80765495.0,JANTS,2025,499219227.0,2646806965.0,902871720.0,0.05395668501977655,0.28607257492239124,1.0,0.2423464631356756,1.7505964755792711,0.03214569956354327,1.7527995918105543,8.269266232775562,TR,yahoo
370941370.0,290052761.0,4315770.0,274172606.0,88558779.0,40948369.0,871828.0,44836108.0,38401222.0,472318577.0,56005333.0,65727713.0,12379710.0,43625623.0,34531791.0,KAPLM,2021,41820197.0,282382591.0,,0.11274071964526362,0.7612593629014741,0.9791529437319485,0.2960222784220744,4.523961627534086,0.15098163087066832,1.0579202832539731,5.212213532367576,TR,yahoo
1586005069.0,788391864.0,11361503.0,707221981.0,736692925.0,119158793.0,422998.0,124945271.0,93786877.0,1913939124.0,131792523.0,196471275.0,32335298.0,99457225.0,90878047.0,KAPLM,2022,119581791.0,849312144.0,41820197.0,0.07539811400186641,0.53550405392809,0.9964626888720876,0.40068029397506555,4.075809754405232,0.08309716379601306,1.1147728509303785,5.247692481624899,TR,yahoo
1322382529.0,528104889.0,6354640.0,533466419.0,660831718.0,104712882.0,0.0,113488933.0,32927240.0,1347163186.0,-8187459.0,55412028.0,61970064.0,-70157523.0,-61305898.0,KAPLM,2023,104712882.0,661550811.0,119581791.0,0.07918501621401866,0.500271892959953,1.0,0.552577225050726,-0.13211958277144914,-0.006191445228931938,0.9899496391730704,4.311828775864193,TR,yahoo
17102846271.0,5370329261.0,108700171.0,5207901931.0,6889816981.0,2717008061.0,3266254196.0,6334247095.0,3061013692.0,12739656964.0,1259696494.0,1260595767.0,334412555.0,925283939.0,1449695122.0,KARCL,2023,5983262257.0,10213029290.0,,0.34984014720084133,0.5971537794453231,0.4541014490583778,0.05589134165208296,3.7668935426183388,0.07365420199887851,1.0311886306908262,5.099062772528809,TR,yahoo
21956006198.0,7218326368.0,253550452.0,7125287341.0,8519319070.0,4375744241.0,4848847720.0,9516812664.0,4248877016.0,20249965885.0,2148388356.0,2149678183.0,466960903.0,1681427453.0,1428579987.0,KARCL,2024,9224591961.0,13436687128.0,5983262257.0,0.42013979581770566,0.6119822980020823,0.4743564007492038,0.06141049175067783,4.600788507555203,0.09784968799087419,1.0130575824591157,5.231951819341937,TR,yahoo
28239500380.0,8857812545.0,175816816.0,10123837664.0,10392593908.0,6194256074.0,5986927739.0,12763696298.0,5314086467.0,22971910492.0,1652249666.0,1655386439.0,572614412.0,1079635254.0,1032787892.0,KARCL,2025,12181183813.0,17846906472.0,9224591961.0,0.4313526673307242,0.6319837897925303,0.5085101882617818,0.053500925922573855,2.8854489712005362,0.0585084595607849,0.87494612606226,4.5739800214042985,TR,yahoo
,,,,,,,,,,,,,,,KAREL,2021,,,,,,,,,,,,TR,yahoo
8414033833.0,5887338869.0,90110394.0,5450845739.0,2018064234.0,3773298742.0,31418655.0,4122804831.0,597881144.0,6384327258.0,460788758.0,732581412.0,608053807.0,-147265049.0,-191804782.0,KAREL,2022,3804717397.0,6395969599.0,,0.45218708083604636,0.7601549656141013,0.9917421843144583,0.1598157612125009,0.7578091818443298,0.054764310097349236,1.080078055938541,4.521273066135366,TR,yahoo
11668355696.0,7820945307.0,907186070.0,7186064411.0,3433924903.0,4227615705.0,11058024.0,4683412883.0,1175511459.0,13655547980.0,1911833946.0,2521989144.0,1169543303.0,742290643.0,339211178.0,KAREL,2023,4238673729.0,8234430793.0,3804717397.0,0.36326230014166,0.7057061858186946,0.9973911594269822,0.29080851215092335,1.6346841892009876,0.1638477601994419,1.0883489013858771,5.474285000706609,TR,yahoo
15061753115.0,9396119597.0,374233860.0,11044721134.0,2473055650.0,5194885304.0,464854120.0,6263300543.0,-291471058.0,18097249665.0,-504288905.0,411729516.0,1545432056.0,-2049720961.0,-1997309113.0,KAREL,2024,5659739424.0,12588697465.0,4238673729.0,0.3757689679804581,0.8358055910810884,0.9178665155450804,0.31225854732717684,-0.3263093340416643,-0.03348142152839955,0.8507339825969028,2.4501588372277476,TR,yahoo
15267906790.0,9417655798.0,882874108.0,11801292823.0,1268593722.0,5536334847.0,217253168.0,6129893954.0,-1607212557.0,18001921173.0,240080256.0,1484683344.0,1615778197.0,-1375697941.0,-1512098567.0,KAREL,2025,5753588015.0,13999313068.0,5659739424.0,0.376841966232622,0.9169110907311218,0.9622404024352098,0.28313884897033487,0.1485849087738371,0.01572450364690758,0.7980189915841731,2.0834940957270516,TR,yahoo
,,,,,,,,,,,,,,,KARSN,2021,,,,,,,,,,,,TR,yahoo
16148235000.0,7718925000.0,106414000.0,8594461000.0,4709794000.0,5838402000.0,1530863000.0,7431051000.0,-6797922000.0,5361351000.0,340418000.0,753380000.0,579471000.0,-239053000.0,-205760000.0,KARSN,2022,7369265000.0,11438441000.0,,0.45635111205651885,0.7083400136299726,0.7922638146409445,0.07863348651459813,0.5874633933363361,0.021080817810739068,0.8981278756166327,2.095965408947459,TR,yahoo
15831412000.0,7963581000.0,1482888000.0,8531336000.0,5183147000.0,4362183000.0,1073214000.0,5495564000.0,-6241758000.0,10717162000.0,867269000.0,1409542000.0,1253855000.0,-386586000.0,556164000.0,KARSN,2023,5435397000.0,10648265000.0,7369265000.0,0.34332989375805517,0.6726036186791172,0.8025509452207447,0.1958435138701826,0.691682052549936,0.05478153180524896,0.9334506342265737,2.6086701522440956,TR,yahoo
19794360000.0,10004189000.0,1542145000.0,10152744000.0,7186340000.0,5808254000.0,1871451000.0,7832045000.0,-8299655000.0,14224493000.0,1999056000.0,2713358000.0,1612678000.0,386378000.0,72621000.0,KARSN,2024,7679705000.0,12608020000.0,5435397000.0,0.3879744028096892,0.6369501211456192,0.7563121239683035,0.2459268711749249,1.2395878160426321,0.1009911914302862,0.98536799509571,3.111011076971386,TR,yahoo
20788529000.0,11332523000.0,1526478000.0,11301951000.0,7233449000.0,7287928000.0,1458672000.0,8761226000.0,-8120564000.0,16599038000.0,3025294000.0,3793781000.0,2624626000.0,400668000.0,179091000.0,KARSN,2025,8746600000.0,13555080000.0,7679705000.0,0.4207416503591957,0.6520461356356672,0.833229826446848,0.3195637728630998,1.1526571785846822,0.14552708371044434,1.002705019690848,3.5244602282844633,TR,yahoo
4090743352.0,2245704887.0,625235359.0,556208135.0,3301687144.0,0.0,,8304348.0,2140244572.0,6554995815.0,929311836.0,1182826996.0,39601798.0,889710038.0,536924453.0,KARTN,2022,0.0,789056208.0,,0.0,0.1928882210648154,,inf,23.466405136453652,0.22717431919693798,4.037526144776721,13.58509654641744,TR,yahoo
4353951808.0,1479148275.0,137324746.0,764825940.0,3442225288.0,0.0,,11045402.0,1738334184.0,3581180417.0,-1254998687.0,-848104427.0,47482941.0,-1302481628.0,-895649025.0,KARTN,2023,0.0,911726520.0,0.0,0.0,0.20940206970706093,,inf,-26.430517161942433,-0.2882435870544206,1.9339671912801493,7.655102540130267,TR,yahoo
5137509756.0,2002472544.0,264648014.0,1410098942.0,3632679040.0,576413195.0,0.0,590303866.0,1417836512.0,5066474174.0,-753689382.0,-205248453.0,318804694.0,-1072494076.0,-852570269.0,KARTN,2024,576413195.0,1504830716.0,0.0,0.11219700251212525,0.2929105320418198,1.0,1.106167231303579,-2.3641100529090706,-0.146703250756805,1.420093643329604,6.454944689343783,TR,yahoo
4303731196.0,1278541185.0,69048647.0,1212404232.0,2472992184.0,479287912.0,527704473.0,1017461226.0,106810310.0,4019169214.0,-1217525319.0,-753323380.0,304793671.0,-1522318990.0,-1161717618.0,KARTN,2025,1006992385.0,1830739012.0,576413195.0,0.2339812453751584,0.4253841442749809,0.4759598177100416,0.38498496512813857,-3.9945885851415857,-0.2828999450829085,1.0545502492109413,2.948986277638435,TR,yahoo
,,,,,,,,,,,,,,,KATMR,2021,,,,,,,,,,,,TR,yahoo
6097790087.0,5079059197.0,78700936.0,1633839215.0,2904545770.0,200075417.0,707784618.0,1384967867.0,53928722.0,1574853034.0,404403611.0,416080834.0,528914122.0,-124510511.0,-245038893.0,KATMR,2022,907860035.0,3193244317.0,,0.14888345155329058,0.523672391381222,0.22038134655855846,0.5825943445125877,0.7645921978237518,0.06631970028980763,3.1086652532085295,8.385936334504148,TR,yahoo
8466201239.0,7136160437.0,53932878.0,2048923184.0,4816937574.0,665488901.0,1176898740.0,1864015424.0,-211915929.0,2194713630.0,504469533.0,547161305.0,862873518.0,-358403985.0,-244645052.0,KATMR,2023,1842387641.0,3649263665.0,907860035.0,0.2176168022693513,0.43103908848628303,0.3612100332147202,0.6274878626604101,0.5846390258554672,0.05958629127265894,3.4828833470801315,8.89661752220982,TR,yahoo
11039954371.0,9463030619.0,325530087.0,2888302218.0,7224996656.0,840398107.0,692091502.0,1550267653.0,438746000.0,1753332939.0,1252203281.0,1472142265.0,451523635.0,800679646.0,585523751.0,KATMR,2024,1532489609.0,3814957715.0,1842387641.0,0.13881303830617073,0.3455591922572811,0.5483874749065264,0.26757929343948733,2.7732840186760104,0.11342467902669197,3.276329796801063,10.037063671742422,TR,yahoo
13645633757.0,12112187475.0,382932492.0,4394262378.0,8645734240.0,1756163455.0,322332743.0,2089440474.0,1073967879.0,2248296379.0,977775288.0,1086481749.0,155861551.0,821913737.0,662041003.0,KATMR,2025,2078496198.0,4999899517.0,1532489609.0,0.15231950637204839,0.36641020901173815,0.8449202152449643,0.0863263160424823,6.273357872590399,0.07165480954656403,2.756364193371796,9.514050692985883,TR,yahoo
,,,,,,,,,,,,,,,KAYSE,2022,,,,,,,,,,,,TR,yahoo
36027426531.0,13745082930.0,944487022.0,9154250730.0,24049693214.0,6857490013.0,93276657.0,6950766670.0,15372487358.0,14982732175.0,8706367790.0,9005161246.0,965770236.0,7740597554.0,6764540518.0,KAYSE,2023,6950766670.0,11977733317.0,,0.19292986869376236,0.33246152918232147,0.9865803786217442,0.13894441891832343,9.014947308854525,0.24165944193956115,1.5014973191585281,9.209130806948094,TR,yahoo
60354779049.0,27492908811.0,1023957452.0,18043378884.0,37367205610.0,14221893277.0,75234241.0,14355626280.0,20322840934.0,25181602237.0,4119922564.0,4751818434.0,2387791920.0,1732130644.0,272673688.0,KAYSE,2024,14297127518.0,22987573439.0,6950766670.0,0.23688476278560555,0.3808741213407006,0.994737807233986,0.22475562979304875,1.7254110500549813,0.06826174544778259,1.5237117719331044,7.540327698397222,TR,yahoo
71823977002.0,25772860212.0,2544002336.0,15746975006.0,49103657253.0,13422358056.0,164673710.0,13622362025.0,25565573906.0,39559455159.0,3161286277.0,4262969830.0,4106753462.0,-945467185.0,-1168930153.0,KAYSE,2025,13587031766.0,22720319749.0,14297127518.0,0.18917125357207187,0.31633335687283554,0.987880082063834,0.29455816976031013,0.769777466860756,0.044014358560400674,1.6366864240388952,7.891157181963161,TR,yahoo
71429771937.0,25750937822.0,1413792473.0,19874233860.0,44399887472.0,16591048436.0,95136299.0,16726497506.0,20914997890.0,24401740937.0,-893433577.0,254004208.0,3414196258.0,-4307629835.0,-4600969452.0,KAYSE,2026,16686184735.0,27029884465.0,13587031766.0,0.23360266010252653,0.3784120224944853,0.9942984989971706,0.22555887035572983,-0.26168196245501246,-0.012507859856923457,1.2956946166276018,6.384952341656727,TR,yahoo
,,,,,,,,,,,,,,,KBORU,2021,,,,,,,,,,,,TR,yahoo
1098882804.0,481309410.0,24434646.0,453863740.0,579376671.0,303037987.0,44983078.0,378301132.0,292155931.0,1479305667.0,260869357.0,293817907.0,63907167.0,196962190.0,202002816.0,KBORU,2022,348021065.0,519506133.0,,0.31670444175956003,0.47275845168289665,0.8707461055554209,0.183630169053129,4.082004714745062,0.23739506710853944,1.0604711669630185,7.046868823290629,TR,yahoo
3702976690.0,2278412921.0,1015091980.0,1129830006.0,2415892995.0,550648073.0,49258580.0,681753467.0,709800029.0,2954440858.0,424866057.0,482067246.0,134604056.0,290262001.0,316511312.0,KBORU,2023,599906653.0,1287083695.0,348021065.0,0.16200659718438573,0.34758082557630143,0.917889592066251,0.28399645551877406,3.15641348132927,0.11473635741412135,2.0165979916451255,8.651566543046894,TR,yahoo
7090416593.0,3539646436.0,399105753.0,1896571962.0,3956695456.0,166378761.0,3264436.0,1153055853.0,1678848882.0,5176548207.0,755277185.0,892365373.0,96674640.0,658602545.0,848736697.0,KBORU,2024,169643197.0,3133721137.0,599906653.0,0.023925702358233776,0.4419657287970583,0.9807570473928289,0.2512498443083317,7.8125678564719765,0.10652084755438009,1.866339114423753,7.583623659009031,TR,yahoo
11013126683.0,6530866150.0,290452038.0,3584110110.0,4447172209.0,1614765994.0,644618667.0,3569229536.0,1610522486.0,5287314404.0,783446138.0,1006285201.0,428318489.0,355127649.0,643593444.0,KBORU,2025,2259384661.0,6565954474.0,169643197.0,0.2051537883866908,0.5961934937273798,0.7146928196305038,0.35266659259533284,1.829120521575243,0.07113748534367967,1.8221722964867282,6.671192050658249,TR,yahoo
,,,,,,,,,,,,,,,KCAER,2021,,,,,,,,,,,,TR,yahoo
11888679570.0,6514136716.0,760411359.0,5745461916.0,5574026723.0,2571920445.0,300613997.0,3249890250.0,2823744109.0,17588426966.0,1447367618.0,1859811863.0,532965002.0,914402616.0,964430062.0,KCAER,2022,2872534442.0,6314652847.0,,0.2416193005359972,0.5311483760513196,0.8953488624523862,0.18553824601974955,2.7156897968321005,0.12174334495920812,1.133788163813146,6.193407667425355,TR,yahoo
17411963852.0,8896158264.0,973000863.0,6192399440.0,9530389075.0,3182383078.0,910027666.0,4408219907.0,5164081764.0,22219241593.0,3079121335.0,3397874508.0,1053317745.0,2025803590.0,1706236127.0,KCAER,2023,4092410744.0,7881574777.0,2872534442.0,0.23503441534711958,0.4526528336488991,0.7776304181259867,0.3024626086411242,2.923259718747072,0.1768394054325079,1.4366253905610455,7.693525649136984,TR,yahoo
25908455707.0,13427908047.0,3371116281.0,10598818076.0,12395515613.0,4087719587.0,1755679663.0,6120699251.0,6107701292.0,25177414558.0,1849695378.0,2311250229.0,1457838254.0,391857124.0,108507473.0,KCAER,2024,5843399250.0,13512940094.0,4092410744.0,0.22554023736818934,0.5215648607859343,0.699544804678544,0.29345131496684296,1.2687932786266425,0.07139350175550006,1.2669250430296752,6.177777732119468,TR,yahoo
26198288859.0,13091823914.0,4294554808.0,10399986144.0,12292541040.0,5048424974.0,1910985521.0,7192498283.0,6441703632.0,24111738325.0,2277951186.0,2793258811.0,1161055723.0,1116895463.0,473482682.0,KCAER,2025,6959410495.0,13905747819.0,5843399250.0,0.26564370415395305,0.5307883997249272,0.7254098572899312,0.18137514282026065,1.9619654258402892,0.0869503805481344,1.258830899650091,6.238104173973829,TR,yahoo
,,,,,,,,,,,,,,,KCHOL,2021,,,,,,,,,,,,TR,yahoo
2817316000000.0,1634866000000.0,249825000000.0,1888144000000.0,365745000000.0,429263000000.0,245172000000.0,680703000000.0,287871000000.0,1715942000000.0,213411000000.0,238868000000.0,29845000000.0,183566000000.0,72662000000.0,KCHOL,2022,674435000000.0,2451571000000.0,,0.23938919169876577,0.8701796319617678,0.6364779407948876,0.04425185525662221,7.150644999162338,0.07574975615088972,0.8658587480615885,3.659042846926408,TR,yahoo
4127744000000.0,2472313000000.0,417840000000.0,2693843000000.0,586403000000.0,521829000000.0,347846000000.0,879013000000.0,498918000000.0,2316773000000.0,278406000000.0,322603000000.0,49513000000.0,228893000000.0,108176000000.0,KCHOL,2023,869675000000.0,3541341000000.0,674435000000.0,0.2106901493891094,0.8579361995317539,0.6000275965159398,0.06413144141285271,5.622886918587038,0.06744749674398412,0.917764324053035,3.9190830669847623,TR,yahoo
5115459000000.0,2967964000000.0,402064000000.0,3409284000000.0,691939000000.0,824979000000.0,446574000000.0,1287011000000.0,617522000000.0,3033955000000.0,111920000000.0,188188000000.0,76956000000.0,34964000000.0,1709000000.0,KCHOL,2024,1271553000000.0,4423520000000.0,869675000000.0,0.2485706561229403,0.8647356962493493,0.6487963930720937,0.07188024815666524,1.4543375435313686,0.02187877959729518,0.8705534651850653,3.3888629240285137,TR,yahoo
5317600000000.0,3016408000000.0,358830000000.0,3459611000000.0,677349000000.0,902359000000.0,586223000000.0,1503898000000.0,617069000000.0,2757295000000.0,160643000000.0,235035000000.0,72929000000.0,87714000000.0,22001000000.0,KCHOL,2025,1488582000000.0,4640251000000.0,1271553000000.0,0.2799349330525049,0.8726212953211976,0.6061869618200408,0.05284451666313423,2.202731423713475,0.030209681059124416,0.8718922445326945,3.4378269721782586,TR,yahoo
1817723112.0,281798495.0,4433339.0,2085379411.0,-271212648.0,1693675162.0,95598889.0,1789274051.0,-950930666.0,73988289.0,-38956889.0,-36070046.0,19223265.0,-58180154.0,-40201074.0,KERVN,2021,1789274051.0,2088935760.0,,0.9843490679013823,1.1492045989895516,0.946571130930686,0.010743611348555795,-2.0265490279616913,-0.021431695918272507,0.1351305635384927,-5.244756601595026,TR,yahoo
2742654712.0,22990153.0,3339280.0,2899264168.0,-99520574.0,2316045530.0,53559519.0,2369605049.0,-772394375.0,7109.0,345230517.0,379063843.0,181875397.0,163355120.0,178979057.0,KERVN,2022,2369605049.0,2842175286.0,1789274051.0,0.8639822718595281,1.0362862206330843,0.9773972801827872,0.08746366154284216,1.8981705205569943,0.1258745825675777,0.007929650996880117,-3.738576298190266,TR,yahoo
,,,,,,1288030.0,,,,,,,,,KFEIN,2021,1288030.0,,,,,,,,,,,TR,yahoo
775797933.0,358806858.0,85653116.0,150434200.0,507108290.0,10359946.0,0.0,26795647.0,56729036.0,759626691.0,38193852.0,96477420.0,7657400.0,30536452.0,-2947075.0,KFEIN,2022,10359946.0,268689643.0,1288030.0,0.013353923179375112,0.34633972529545265,1.0,1.3148035332490382,4.9878355577611195,0.049231701162575796,2.3851415303169095,7.562884522586805,TR,yahoo
1347872909.0,891317582.0,235674074.0,363334011.0,849382496.0,920696.0,,16823373.0,192517625.0,1598558978.0,169359237.0,260753654.0,10140996.0,159218241.0,126140247.0,KFEIN,2023,920696.0,498490413.0,10359946.0,0.0006830733030186602,0.3698348781042234,1.0,1.7979466062303902,16.700453979076613,0.1256492625299883,2.453163081393996,8.91875383997985,TR,yahoo
1919620101.0,1200551198.0,292888894.0,572481896.0,1295841437.0,4796.0,,14944288.0,427215975.0,2511760278.0,349000087.0,467386427.0,10859270.0,338140817.0,275939432.0,KFEIN,2024,4796.0,623778664.0,920696.0,2.4984110124193785e-06,0.32494901656585645,1.0,23.467020784620505,32.13844825665077,0.18180685168809868,2.097098976209372,9.524866979592318,TR,yahoo
2211953801.0,1338039935.0,186675397.0,810537828.0,1291226258.0,1256717.0,,12582270.0,512554843.0,2844268102.0,128772365.0,200030493.0,7898662.0,120873703.0,47295631.0,KFEIN,2025,1256717.0,920727543.0,4796.0,0.0005681479420735876,0.4162508017046962,1.0,12.522521765530756,16.30306056899257,0.05821657077185945,1.6508050442279913,7.43355661084963,TR,yahoo
,,,,,,,,,,,,,,,KGYO,2021,,,,,,,,,,,,TR,yahoo
1222597738.0,63742229.0,45871058.0,205812753.0,249134466.0,844310.0,,3756647.0,-1961419374.0,247476243.0,-29371131.0,-27917317.0,7386565.0,-36757696.0,-40388970.0,KGYO,2022,844310.0,973463272.0,,0.0006905869148598081,0.7962253174068935,1.0,8.748640902038352,-3.976290874039557,-0.02402354436549759,0.3097098118113215,-2.6350465880788625,TR,yahoo
5357938199.0,65649924.0,10034122.0,145958523.0,1285839385.0,11329148.0,,13393549.0,-1904691539.0,310659187.0,940714160.0,947046476.0,6928274.0,933785886.0,927362737.0,KGYO,2023,11329148.0,4072098814.0,844310.0,0.0021144603724832923,0.7600122776257502,1.0,1.1382589893520805,135.7790064307503,0.17557391016110896,0.4497847926290676,3.5041911092935987,TR,yahoo
7999198897.0,2254937069.0,33372978.0,1172087824.0,1971484659.0,16574442.0,,18405489.0,-3243855865.0,394938372.0,-123460574.0,-116055248.0,36257.0,-123496831.0,-90110107.0,KGYO,2024,16574442.0,6027714238.0,11329148.0,0.0020720127369524516,0.7535397376180532,1.0,0.002598733711325317,-3405.151391455443,-0.015434117289707892,1.9238635730422877,3.0557279184814625,TR,yahoo
8667619805.0,2979927784.0,28376233.0,3088586625.0,1215791914.0,559439084.0,,565371946.0,-3999466100.0,420444167.0,-1079781389.0,-1069421470.0,65150741.0,-1144932130.0,-754621235.0,KGYO,2025,559439084.0,7451827891.0,16574442.0,0.06454356519851992,0.8597317439675124,1.0,0.22621253862708773,-16.573585694136618,-0.12457645966163833,0.9648192347527245,0.997670919354718,TR,yahoo
,,,,,,,,,,,,,,,KIMMR,2021,,,,,,,,,,,,TR,yahoo
2854322174.0,1370960068.0,435426714.0,1039218553.0,1240391435.0,118039713.0,8889725.0,502144100.0,-990080585.0,4749011197.0,-261477520.0,-47836836.0,73067816.0,-334545336.0,-369795087.0,KIMMR,2022,126929438.0,1613930739.0,,0.04446920503795939,0.5654339771807413,0.9299632524962412,0.5756569724983734,-3.578559402952457,-0.09160757057552817,1.319222086674967,3.073010760797201,TR,yahoo
5418823872.0,2065160718.0,907161765.0,1680762609.0,2542413252.0,186294476.0,34102062.0,1196379378.0,-921758528.0,8939914283.0,749741480.0,952518900.0,152806146.0,596935334.0,513793144.0,KIMMR,2023,220396538.0,2876410620.0,126929438.0,0.04067239371606577,0.5308182528062798,0.8452695205221418,0.8799004771241181,4.9064877272672005,0.1383587098805783,1.228704581445148,5.0186630766534766,TR,yahoo
8273327846.0,2911894784.0,1683430838.0,2457334456.0,3753261567.0,354242398.0,7825838.0,2222002580.0,-757821313.0,12340758587.0,964464020.0,1776077413.0,274842028.0,689621992.0,459415164.0,KIMMR,2024,362068236.0,4520066279.0,220396538.0,0.0437633129908001,0.5463419754585657,0.978385737212253,0.9437206858452868,3.5091577042212774,0.1165750998815187,1.1849810581909652,4.967073173424471,TR,yahoo
9011978714.0,2896833039.0,1460923163.0,2658410880.0,4377841509.0,307399116.0,0.0,2132324559.0,-122019915.0,13983809841.0,1054730167.0,1778382078.0,305272528.0,749457639.0,650808229.0,KIMMR,2025,307399116.0,4634137205.0,362068236.0,0.03411005793017012,0.5142197237773014,1.0,0.9119863040012741,3.4550444938825287,0.11703646895675524,1.0896859702139046,5.157826441494573,TR,yahoo
,,,,,,,,,,,,,,,KLGYO,2021,,,,,,,,,,,,TR,yahoo
17310293000.0,11867036000.0,82630000.0,5979187000.0,10858128000.0,212768000.0,459307000.0,672075000.0,4260405000.0,2289281000.0,3541637000.0,3558515000.0,17300000.0,3524337000.0,3524337000.0,KLGYO,2022,672075000.0,6452165000.0,,0.03882516604427204,0.37273574745384147,0.3165837146151843,0.025741174720083325,204.71890173410404,0.2045971723297809,1.9847240101371642,9.425542839410037,TR,yahoo
29908799000.0,18230938000.0,137997000.0,11564509000.0,17724933000.0,352146000.0,208641000.0,560787000.0,8135610000.0,338482000.0,2269314000.0,2299329000.0,218935000.0,2050379000.0,2046673000.0,KLGYO,2023,560787000.0,12183866000.0,672075000.0,0.018749900321975484,0.4073672767669474,0.6279496493320994,0.3551654605300512,10.365240824902369,0.07587446089025507,1.5764558616366677,7.636339269788969,TR,yahoo
33069351000.0,15154104000.0,99691000.0,5190460000.0,24322620000.0,253443000.0,246000.0,253689000.0,11739115000.0,11406579000.0,4613250000.0,4655405000.0,193311000.0,4419939000.0,1122736000.0,KLGYO,2024,253689000.0,8746731000.0,560787000.0,0.007671423609129795,0.2644966029118624,0.9990303087638802,0.4746880202731572,23.86439468007511,0.1395022841542914,2.919607125380024,10.24100879989994,TR,yahoo
34011466000.0,15237026000.0,20130000.0,5540645000.0,23661841000.0,158005000.0,689262000.0,847267000.0,11030822000.0,709335000.0,913308000.0,950610000.0,62775000.0,850533000.0,-660179000.0,KLGYO,2025,847267000.0,10349625000.0,253689000.0,0.024911216705566293,0.3042981152297287,0.18648784857665884,0.11403725489483685,14.548912783751494,0.026852944239451483,2.7500455271904265,8.75852045326932,TR,yahoo
,,,,,,0.0,,,,,,,,,KLKIM,2021,0.0,,,,,,,,,,,TR,yahoo
3393031515.0,2182844768.0,821897448.0,1002765521.0,2183936857.0,108811879.0,1740286.0,137748726.0,409233462.0,4220881641.0,525267593.0,640690735.0,60459464.0,464808129.0,418737851.0,KLKIM,2022,110552165.0,1209094658.0,0.0,0.032582121477878465,0.35634642727448995,0.9842582368242178,1.0937725914277663,8.687930031930154,0.1548077554475647,2.1768247135413823,8.86160242640845,TR,yahoo
5571777025.0,3294381250.0,1291688837.0,1785121366.0,3463686435.0,317639844.0,29465.0,373741507.0,357813436.0,6739714859.0,1266610772.0,1441931745.0,325193589.0,941417183.0,621387840.0,KLKIM,2023,317669309.0,2108090590.0,110552165.0,0.05701400245821933,0.3783515708796692,0.9999072463119186,1.518810282737012,3.894943857580169,0.22732617732490829,1.8454662594632796,8.489127800379737,TR,yahoo
8616701967.0,5100173842.0,2268563485.0,2432718289.0,5677488260.0,432060936.0,0.0,520779817.0,1586104527.0,9806902781.0,2177325696.0,2445463430.0,646577491.0,1530748205.0,1216233271.0,KLKIM,2024,432060936.0,2939213707.0,317669309.0,0.05014226297424405,0.341106576304544,1.0,1.724827016949276,3.3674628738351795,0.2526866664692199,2.0964917578255604,9.60711643735793,TR,yahoo
9871446426.0,5749268357.0,2584757377.0,2679205654.0,6504953477.0,244639771.0,,369561943.0,1910295538.0,10696443961.0,2430502308.0,2774200172.0,625340818.0,1805161490.0,1136637890.0,KLKIM,2025,244639771.0,3366492949.0,432060936.0,0.024782565841177367,0.34103340115721353,1.0,1.8482050085991708,3.8866842496758305,0.24621541799572544,2.1458854225753288,9.6044997598589,TR,yahoo
,,,,,,,,,,,,,,,KLMSN,2021,,,,,,,,,,,,TR,yahoo
4250386853.0,2514199147.0,129959336.0,2078242288.0,1616757996.0,1341783219.0,407066883.0,1767121994.0,384672796.0,2772970990.0,269584036.0,328267847.0,86192348.0,183391688.0,136281376.0,KLMSN,2022,1748850102.0,2633628857.0,,0.41145668911657535,0.6196209775919895,0.7672374078633298,0.049285154800534185,3.127702658709332,0.06342576460063222,1.2097719123113138,5.288696264412286,TR,yahoo
7710909183.0,4092279632.0,207040415.0,4029951143.0,2941510988.0,2187159518.0,504593749.0,2770150869.0,500675665.0,3578519872.0,206453735.0,303323934.0,264190504.0,-57736769.0,125132205.0,KLMSN,2023,2691753267.0,4769398195.0,1748850102.0,0.3490837724991528,0.6185260494981504,0.8125408613091878,0.1189885617095743,0.7814578187867041,0.02677424024849911,1.0154663138058793,4.342207001767271,TR,yahoo
9060911885.0,5382187495.0,523038394.0,3930433229.0,3477063305.0,2019644720.0,1184287468.0,3259105316.0,240687468.0,5731122028.0,294302374.0,474030109.0,410061390.0,-115759016.0,-259988197.0,KLMSN,2024,3203932188.0,5583848580.0,2691753267.0,0.3535993097233392,0.6162568018395425,0.6303643777369485,0.1391055859848276,0.7177032053663965,0.03248043659791092,1.369362403942774,5.259753983993497,TR,yahoo
9924621623.0,5025090485.0,373415687.0,4119458544.0,3956468398.0,2334157144.0,1137144049.0,3518452942.0,-280581686.0,6832645910.0,-86777322.0,175684556.0,292152566.0,-378929888.0,-521269154.0,KLMSN,2025,3471301193.0,5968153225.0,3203932188.0,0.34976660318770925,0.6013481875388571,0.6724156200294314,0.08753328889790318,-0.2970274168326148,-0.008743640341803688,1.2198424699088317,4.393761743349663,TR,yahoo
,,,,,,,,,,,,,,,KLNMA,2021,,,,,,,,,,,,TR,yahoo
91699796000.0,,15375104000.0,,6853740000.0,,,71892442000.0,1701569000.0,3243150000.0,,,3488937000.0,2332709000.0,1700398000.0,KLNMA,2022,71892442000.0,84846056000.0,,0.783997840082436,0.9252589395073464,,0.048529955346349206,,,,,TR,yahoo
135699686000.0,,21732911000.0,,10882672000.0,,,102125983000.0,4042957000.0,7106300000.0,,,8653879000.0,5641003000.0,4042668000.0,KLNMA,2023,102125983000.0,124817014000.0,71892442000.0,0.7525882042203105,0.9198032632146252,,0.09945934173349748,,,,,TR,yahoo
153594469000.0,,22596690000.0,,20005400000.0,,,106128697000.0,6175535000.0,10742580000.0,,,12479523000.0,8708125000.0,6175535000.0,KLNMA,2024,106128697000.0,133589069000.0,102125983000.0,0.6909669188673715,0.8697518202950394,,0.11984866798671703,,,,,TR,yahoo
204523049000.0,,33804541000.0,,33630194000.0,,,140039674000.0,9006859000.0,15049300000.0,,,14455858000.0,12950040000.0,9006859000.0,KLNMA,2025,140039674000.0,170892855000.0,106128697000.0,0.6847134085117224,0.8355677066011273,,0.11744691603780406,,,,,TR,yahoo
,,,,,,,,,,,,,,,KLRHO,2021,,,,,,,,,,,,TR,yahoo
24217932000.0,14121722000.0,288220000.0,6546529000.0,10917135000.0,212768000.0,459307000.0,672075000.0,3000849000.0,4457842000.0,4328714000.0,4352793000.0,29021000.0,4299693000.0,2360800000.0,KLRHO,2022,672075000.0,13300797000.0,,0.027751130856259732,0.5492127486360107,0.3165837146151843,0.04318119257523342,149.15798904241757,0.1787400344505055,2.1571312064759813,7.768828035968448,TR,yahoo
46866657000.0,21722428000.0,610475000.0,13096601000.0,21486144000.0,1090795000.0,1338118000.0,2428913000.0,10702527000.0,4467885000.0,7433928000.0,7481820000.0,235299000.0,7198629000.0,6101880000.0,KLRHO,2023,2428913000.0,25380513000.0,672075000.0,0.05182603487165726,0.541547330760118,0.4490877194860417,0.15175743988690057,31.593538434077495,0.15861869558991587,1.658630968447462,7.156634541976729,TR,yahoo
60379150000.0,22279436000.0,1168901000.0,9234105000.0,29887773000.0,472376000.0,2620619000.0,3108265000.0,15949007000.0,17805815000.0,5084101000.0,5272117000.0,219640000.0,4864461000.0,1830920000.0,KLRHO,2024,3092995000.0,30491377000.0,2428913000.0,0.05122620970980877,0.5049984473116962,0.15272446285881483,0.07955221274965103,23.147427608814425,0.08420292435385394,2.412733665038463,7.123512269110269,TR,yahoo
71442162000.0,31397821000.0,3489330000.0,14763790000.0,32742955000.0,621422000.0,3175932000.0,4416741000.0,18608614000.0,9793241000.0,5239943000.0,5712049000.0,247181000.0,4992762000.0,2715798000.0,KLRHO,2025,3797354000.0,38699207000.0,3092995000.0,0.053152842714922315,0.5416858325200181,0.16364605459485737,0.07174701891007262,21.198809779068778,0.07334524674659201,2.1266775672100455,7.007787385582898,TR,yahoo
,,,,,,,,,,,,,,,KLSER,2021,,,,,,,,,,,,TR,yahoo
10418470143.0,5799675659.0,383138741.0,4885731479.0,4728687023.0,1958815019.0,368165561.0,2373623041.0,-1561409157.0,12258407931.0,2141063839.0,2598293627.0,777286495.0,1363777344.0,2177569668.0,KLSER,2022,2326980580.0,5689783120.0,,0.22335146600803576,0.5461246269273875,0.8417839993318724,0.3340322225637139,2.7545362652930176,0.20550654842914204,1.1870639399501064,5.590533910948218,TR,yahoo
18048163804.0,10214049698.0,3294106690.0,5260578727.0,11220925097.0,2565630497.0,823745935.0,3437593814.0,-1954762914.0,14024533498.0,1938559515.0,2651576925.0,1392008728.0,546550787.0,426298983.0,KLSER,2023,3389376432.0,6827238707.0,2326980580.0,0.18779619183469595,0.3782788532474913,0.7569623936654553,0.48702651883982784,1.3926345977623784,0.10741034578655356,1.941620918165569,7.144890513020883,TR,yahoo
20256191516.0,9364376249.0,1908685233.0,8946400095.0,9451174892.0,5944899208.0,1001459000.0,7072979774.0,-7539997716.0,13022126739.0,-1631431476.0,-548199978.0,2780823079.0,-4412254555.0,-4818605727.0,KLSER,2024,6946358208.0,10805016624.0,3389376432.0,0.34292518425851165,0.5334179732387163,0.855829634750676,0.538098775918264,-0.5866721577219763,-0.08053989194915351,1.0467200381786637,2.5490962599294624,TR,yahoo
19185390977.0,8884632097.0,564856660.0,10333157671.0,5984102541.0,4406468079.0,2276936864.0,6820925828.0,-11108655170.0,14062800430.0,-344531704.0,929391854.0,2685362114.0,-3029893818.0,-3561702407.0,KLSER,2025,6683404943.0,13201288436.0,6946358208.0,0.3483590692007402,0.6880906650182989,0.659314842745718,0.3940438412978553,-0.12829990495650526,-0.017958023603117317,0.8598177227020075,1.2224006959806863,TR,yahoo
982039066.0,160305941.0,17277193.0,297205135.0,430832832.0,172811601.0,140638472.0,319309793.0,-8804388.0,278567717.0,47655584.0,62636160.0,38143610.0,9511974.0,3258986.0,KLSYN,2021,313450073.0,551206234.0,,0.31918289592768606,0.5612874814086062,0.5513209786363649,0.12168958722813888,1.2493726734307529,0.048527177431045294,0.5393780999106896,3.4530908091585184,TR,yahoo
2293525274.0,551655933.0,97333102.0,612421244.0,1245840575.0,131563948.0,84822501.0,225160949.0,-551188368.0,980358612.0,-175035611.0,-118735416.0,67455804.0,-242491415.0,-274026919.0,KLSYN,2022,216386449.0,1047684699.0,313450073.0,0.09434665990081433,0.45680102629642966,0.6080045613207508,0.25462874376938477,-2.594819135207402,-0.07631728020800524,0.9007785709667511,3.0284840530008017,TR,yahoo
3334756782.0,852858828.0,78302305.0,812320981.0,1750527537.0,267689586.0,180712169.0,455211966.0,-803867507.0,1927795650.0,279025131.0,390691308.0,107586134.0,171438997.0,29626107.0,KLSYN,2023,448401755.0,1584229245.0,216386449.0,0.1344631061012713,0.47506590392174514,0.596986035436012,0.32367040616141857,2.5935045774579093,0.08367180854270768,1.0499037301118288,4.266391803262119,TR,yahoo
3960680355.0,776995399.0,62135437.0,689826337.0,2606048469.0,178908880.0,43279853.0,280433864.0,-363087427.0,1691408896.0,671712549.0,812971612.0,162048154.0,509664395.0,440780080.0,KLSYN,2024,222188733.0,1354631886.0,448401755.0,0.056098627782347255,0.3420199977233457,0.8052113065517144,0.4832998883813574,4.145141628703774,0.1695952434414516,1.1263637778445679,6.255198471678947,TR,yahoo
,,,,,,,,,,,,,,,KMPUR,2021,,,,,,,,,,,,TR,yahoo
7722063217.0,6740802434.0,1546091318.0,4566093831.0,2514763831.0,2685751412.0,601421153.0,3292606075.0,1001866078.0,9367138928.0,1077375676.0,1143005598.0,727398545.0,349977131.0,418803131.0,KMPUR,2022,3287172565.0,5207299386.0,,0.4256857879333779,0.6743404242710954,0.817039981592813,0.22128395471078655,1.4811353190155199,0.1395191473734862,1.4762733056941422,6.965045660655101,TR,yahoo
12831927222.0,11061725726.0,1527256514.0,8227026905.0,3909985998.0,4656495353.0,526982516.0,5198956832.0,1729061126.0,15350505099.0,2247610295.0,2351682610.0,1119433412.0,1128176883.0,877242525.0,KMPUR,2023,5183477869.0,8921941224.0,3287172565.0,0.40395162623063074,0.6952923804542445,0.898334182315769,0.2643087259289444,2.0078106217898024,0.17515765606482958,1.344559323037731,6.77565853713266,TR,yahoo
12704826229.0,10197185787.0,415501237.0,9175133538.0,3454887554.0,4429714064.0,0.0,4442981253.0,334925743.0,17335755027.0,990088595.0,1156536748.0,2486372730.0,-1496284135.0,-1368460110.0,KMPUR,2024,4429714064.0,9249938675.0,5183477869.0,0.34866388442911145,0.7280649501436011,1.0,0.5172834886329113,0.39820602239311076,0.07793011704009195,1.1113937192049619,4.779535473227123,TR,yahoo
11677576115.0,8899298456.0,893739740.0,7682187310.0,3437055733.0,4309298698.0,454078800.0,4772324944.0,-18737037.0,13421832888.0,477088398.0,725631428.0,846852055.0,-369763657.0,-353662780.0,KMPUR,2025,4763377498.0,8240520382.0,4429714064.0,0.4079080668017551,0.7056704491452591,0.9046729342382261,0.18423661926755863,0.5633668775828855,0.040855087845428274,1.1584328911657322,4.640986957309117,TR,yahoo
,,,,,,,,,,,,,,,KNFRT,2021,,,,,,,,,,,,TR,yahoo
2877188947.0,2255735091.0,5748715.0,1657603770.0,964851268.0,625903395.0,101159181.0,751007204.0,203473754.0,4092791887.0,289181929.0,355447735.0,154924567.0,134257362.0,55996714.0,KNFRT,2022,727062576.0,1912337679.0,,0.2526989326711048,0.6646548816315886,0.8608659222201529,0.2130828516196383,1.866598271660814,0.10050849434185596,1.3608409511520356,6.0494716468857765,TR,yahoo
3812146208.0,2877865836.0,47694197.0,2030221808.0,1605351519.0,186570074.0,144919032.0,343419048.0,301812991.0,4956046931.0,110234112.0,238542769.0,76169467.0,34064645.0,224029604.0,KNFRT,2023,331489106.0,2206794689.0,727062576.0,0.08695603156677248,0.578885113159857,0.5628241490385509,0.1439126086996289,1.4472217850756393,0.02891654883767774,1.4175130149129005,5.924888332450587,TR,yahoo
3468697391.0,2598497060.0,23860469.0,1196781246.0,1753560674.0,2439901.0,149471979.0,169129267.0,30982542.0,4634800414.0,136235622.0,267739775.0,85698298.0,50537324.0,-346269593.0,KNFRT,2024,151911880.0,1715136717.0,331489106.0,0.043795080076502416,0.4944613276010043,0.016061291585621876,0.3545640182041333,1.5897121084014993,0.03927572994792845,2.171238117813888,7.267499093351399,TR,yahoo
3797048181.0,2441759920.0,28346260.0,1610128632.0,1460755131.0,791342.0,161657278.0,169614592.0,-264420263.0,6173979332.0,-170506546.0,-26692957.0,44562123.0,-215068669.0,-297611972.0,KNFRT,2025,162448620.0,2336293050.0,151911880.0,0.04278287033935322,0.6152919158862789,0.00487133716494483,0.2835096839456611,-3.826266221651962,-0.04490502565998385,1.516499906573924,4.814498491285205,TR,yahoo
,,,,,,0.0,,,,,,,,,KOCMT,2021,0.0,,,,,,,,,,,TR,yahoo
7749066615.0,3083144087.0,1183307797.0,2771007354.0,4964206283.0,1122693445.0,0.0,1122693445.0,2527306068.0,10975545964.0,1788808010.0,1788808010.0,258699791.0,1530108219.0,1775728949.0,KOCMT,2022,1122693445.0,2784860332.0,0.0,0.14488111933723516,0.3593800996121647,1.0,0.46085561851659335,6.914609413039688,0.2308417386085408,1.112643776476964,8.000421739948317,TR,yahoo
10504894749.0,3572567103.0,853693379.0,3192512710.0,7280339397.0,1166784290.0,8920835.0,1175705125.0,3763054933.0,15789671948.0,439236753.0,612482069.0,723099492.0,-283862739.0,114161481.0,KOCMT,2023,1175705125.0,3224555352.0,1122693445.0,0.11191974342359973,0.3069574164278949,0.9924123533951593,0.6292202766206907,0.6074361244330676,0.04181258008718389,1.1190455379580933,7.306777897807626,TR,yahoo
16767291521.0,7646815923.0,3184037122.0,3912986890.0,12831548044.0,467518869.0,0.0,467518869.0,4999797471.0,18734479595.0,682020527.0,987452104.0,813217824.0,-131197297.0,74247253.0,KOCMT,2024,467518869.0,3935743477.0,1175705125.0,0.027882790038836112,0.234727443729998,1.0,0.9897832881814651,0.8386689357659726,0.04067565272219495,1.9542145521985124,9.379520496200865,TR,yahoo
16551718985.0,6441657583.0,1946937319.0,4434234499.0,11810392742.0,657699086.0,,930346862.0,3988999175.0,19911396512.0,-636623792.0,-309308114.0,304673985.0,-941297777.0,-981717318.0,KOCMT,2025,657699086.0,4741326243.0,467518869.0,0.03973599881656038,0.28645521636132343,1.0,0.5415377236848304,-2.089524617600679,-0.038462699407653095,1.4527101767966286,7.188300893677095,TR,yahoo
,,,,,,,,,,,,,,,KONKA,2021,,,,,,,,,,,,TR,yahoo
4816129515.0,1597733607.0,163576068.0,209591149.0,4050852733.0,34159356.0,19914069.0,55408516.0,-1055673074.0,3792694755.0,916150125.0,946324312.0,11992784.0,904157341.0,658678877.0,KONKA,2022,54073425.0,765276782.0,,0.011227568700465066,0.1588987130882837,0.6317217006320572,0.22178702384766638,76.39178067411203,0.1902253920179304,7.623096751094198,11.262495334801379,TR,yahoo
7408291410.0,1894411913.0,306571559.0,314093663.0,6831358132.0,29623786.0,11867385.0,41491171.0,-1303249942.0,3802427161.0,32969459.0,85678239.0,9443534.0,23525925.0,442309046.0,KONKA,2023,41491171.0,576933278.0,54073425.0,0.005600639702697656,0.07787669869752059,0.7139780653575672,0.19763666452375311,3.491220447768812,0.004450345859167546,6.0313598654169605,16.538629271376525,TR,yahoo
9559070013.0,2171229930.0,112043545.0,319704056.0,8308762122.0,46074490.0,3321821.0,54803023.0,-2290891668.0,3735920590.0,5498525.0,100113039.0,11116524.0,-5617999.0,-585037475.0,KONKA,2024,49396311.0,1250307891.0,41491171.0,0.0051674808253127915,0.13079806814884976,0.9327516380727298,0.24462167408268612,0.49462628785760726,0.0005752154752002234,6.791374364046229,10.720854017323017,TR,yahoo
9690205314.0,2116981482.0,248679673.0,364888896.0,8192978094.0,53256470.0,2651241.0,58474687.0,-2698015341.0,3258592942.0,-224745651.0,-118270545.0,1609023.0,-226354674.0,-469165563.0,KONKA,2025,55907711.0,1497227220.0,49396311.0,0.005769507372483315,0.1545093392228614,0.952578258838034,0.03055957349853171,-139.6783333737305,-0.023193074214361276,5.801715276093247,9.118294098400963,TR,yahoo
,,,,,,,,,,,,,,,KONTR,2021,,,,,,,,,,,,TR,yahoo
7336763617.0,5190703798.0,1927877788.0,1900093803.0,2135867266.0,805255771.0,1131216325.0,1944154342.0,773461226.0,3279440049.0,817647045.0,866414759.0,200624820.0,617022225.0,655971510.0,KONTR,2022,1936472096.0,5200896351.0,,0.26394091415362003,0.7088815481187118,0.41583649599875255,0.1036032589441454,4.075502946245634,0.11144519405060724,2.73181449768667,7.71602011793396,TR,yahoo
16779938241.0,7703150810.0,977031631.0,5921751430.0,3908723408.0,2872421201.0,2104518086.0,5176285708.0,1559875665.0,5725836069.0,1167846807.0,1770576455.0,611043210.0,556803597.0,622272749.0,KONTR,2023,4976939287.0,12871214833.0,1936472096.0,0.2966005723930125,0.7670597262122545,0.5771461204083601,0.17677038907377862,1.9112344068106084,0.06959780126880862,1.3008230590320473,5.036038375383857,TR,yahoo
33339647094.0,17299115474.0,2994726252.0,12895839102.0,5814543021.0,4175198837.0,7199578814.0,11710165277.0,2007119405.0,12968588384.0,1153252815.0,2119611457.0,581511418.0,571741397.0,358532698.0,KONTR,2024,11374777651.0,27525104073.0,4976939287.0,0.3411787059091898,0.8255967435826151,0.3670576221446353,0.07112542618061311,1.9831989180305312,0.03459103246499409,1.341449388222989,4.766918866572698,TR,yahoo
37325594543.0,17825476318.0,474809585.0,18475542636.0,5841442148.0,8716368792.0,5551191206.0,14712959500.0,1254177430.0,16893125883.0,1127982224.0,1901644620.0,2143594664.0,-1015612440.0,-730196565.0,KONTR,2025,14267559998.0,31484152395.0,11374777651.0,0.38224602106641387,0.843500358948857,0.6109221754260605,0.1671918288685038,0.5262105951948759,0.030220073861128637,0.9648147645345295,3.643181294360242,TR,yahoo
,,,,,,,,,,,,,,,KONYA,2021,,,,,,,,,,,,TR,yahoo
3999007397.0,2089104921.0,364098508.0,1802429130.0,1826162049.0,854411319.0,0.0,874026182.0,-15591344.0,3530337172.0,471948256.0,626928021.0,214753375.0,257194881.0,27153318.0,KONYA,2022,854411319.0,2172845348.0,,0.21365584860907422,0.5433461687592872,1.0,0.25134659411037136,2.1976290523955675,0.11801634984572648,1.159049688128376,5.3830944511913765,TR,yahoo
5288886791.0,2223712883.0,331080021.0,1561772336.0,3602030707.0,159844475.0,25068559.0,226944692.0,956800477.0,6389361650.0,738697406.0,954845236.0,229610509.0,509086897.0,986852999.0,KONYA,2023,184913034.0,1686856084.0,854411319.0,0.034962562313616365,0.3189435037389137,0.8644305463075145,0.4418457208997969,3.2171759438066485,0.13966973300639135,1.4238393341601614,7.841487992684192,TR,yahoo
5885064651.0,2166811815.0,194211765.0,1480387335.0,4234671172.0,536691406.0,0.0,599607013.0,799836780.0,6873690830.0,332937994.0,729940154.0,592648706.0,-259710712.0,-448425613.0,KONYA,2024,536691406.0,1650393479.0,184913034.0,0.09119549874593214,0.2804376123072093,1.0,1.6425860849747542,0.5617796691856778,0.05657337918002763,1.4636789735843019,7.532534523239112,TR,yahoo
6299663108.0,2323125588.0,93215889.0,1643968021.0,4493368471.0,463188889.0,0.0,463188889.0,1069278463.0,6300825950.0,788746434.0,1057127305.0,311216499.0,477529935.0,269441683.0,KONYA,2025,463188889.0,1806294637.0,536691406.0,0.07352597766883633,0.2867287672425165,1.0,0.6225075152621145,2.5343978758658294,0.12520454196961162,1.4131209113099896,7.963934794926434,TR,yahoo
,,,,,,,,,,,,,,,KOPOL,2021,,,,,,,,,,,,TR,yahoo
3424434407.0,1485483673.0,86910970.0,1158518104.0,1720612058.0,922317095.0,121192302.0,1212519442.0,646206773.0,2907258063.0,490802965.0,542093276.0,64177621.0,426625344.0,445138173.0,KOPOL,2022,1043509397.0,1703822349.0,,0.30472459769325055,0.4975485427658244,0.883860842702119,0.0615017183213732,7.647571807001073,0.14332380377814607,1.282227414376254,6.515009938989415,TR,yahoo
6297772448.0,3377413454.0,48786810.0,2267737395.0,3103920731.0,448628689.0,120387372.0,863037357.0,988307415.0,3602526162.0,649508334.0,729900075.0,111866965.0,537641369.0,342100642.0,KOPOL,2023,569016061.0,3193851717.0,1043509397.0,0.09035195629856457,0.5071399043663891,0.7884288682670417,0.13874753349785562,5.806078085697596,0.1031330266952192,1.4893318165704104,6.630960196084775,TR,yahoo
6719573817.0,3123087288.0,291587706.0,1791431925.0,3819384793.0,825707769.0,46557735.0,1271345106.0,725433582.0,4866812838.0,495883597.0,615406107.0,146796453.0,349087144.0,395120956.0,KOPOL,2024,872265504.0,2900189024.0,569016061.0,0.12980964682510607,0.43160311992744943,0.9466243537242991,0.20370267207296167,3.3780352785499526,0.0737968821393781,1.743346897203476,6.780681317433098,TR,yahoo
9398421873.0,4996358735.0,197352989.0,3345061883.0,4603114427.0,2258820793.0,98147080.0,2897320440.0,681471382.0,5464987136.0,226422493.0,376806358.0,244379428.0,-17956935.0,-43962200.0,KOPOL,2025,2356967873.0,4795307446.0,872265504.0,0.2507833660639507,0.5102247495163064,0.9583587535815343,0.15135445442907672,0.9265202674915828,0.02409154388466767,1.4936521086178065,5.808779472547652,TR,yahoo
,,,,,,,,,,,,,,,KORDS,2021,,,,,,,,,,,,TR,yahoo
23569206080.0,11145571156.0,799228246.0,8503618277.0,8017858925.0,4804322647.0,3095516682.0,8444582416.0,2777921429.0,18439743907.0,1975139247.0,2586025820.0,376162098.0,1598977149.0,1289197611.0,KORDS,2022,7899839329.0,15551347155.0,,0.33517630174669,0.659816334169878,0.6081544759225065,0.047616423870688575,5.250766245460488,0.08380168768926136,1.3106857331714632,5.474063280707103,TR,yahoo
34976114097.0,14742007463.0,1712468307.0,11858850826.0,12844248184.0,7382313055.0,4269179252.0,12616277121.0,2855343248.0,23503080721.0,1405460362.0,2358800499.0,1048541365.0,356918997.0,183323316.0,KORDS,2023,11651492307.0,22131865913.0,7899839329.0,0.33312712426219415,0.6327708633275048,0.6335937801344849,0.10726035285180409,1.340395723920725,0.04018343370284666,1.2431227679058756,4.936292538418523,TR,yahoo
43806771678.0,18626553357.0,4224647205.0,19305308293.0,13498264771.0,14485000742.0,3092846398.0,18644696583.0,1744643362.0,30432802993.0,764199864.0,2170129516.0,1844922546.0,-1080722682.0,-1096131983.0,KORDS,2024,17577847140.0,30308506907.0,11651492307.0,0.401258674553909,0.691868077606392,0.8240486236245652,0.12623771736924125,0.4142178573603924,0.0174447884362998,0.964841020630263,3.8630491580907202,TR,yahoo
50293154806.0,20779424439.0,6515999943.0,15369394309.0,17354168365.0,9312309505.0,10299123696.0,20750881274.0,-946545156.0,31042540507.0,688939275.0,2446533142.0,2528076849.0,-1839137574.0,-1491314822.0,KORDS,2025,19611433201.0,32938986441.0,17577847140.0,0.38994239428106714,0.6549397540889672,0.4748408446010544,0.13595728800446163,0.27251516316543745,0.013698470053380091,1.3520002168746492,4.539558208847908,TR,yahoo
12986983847.0,5887465694.0,678476632.0,6892557404.0,2187017287.0,2131252294.0,1436795853.0,7097606697.0,-2133692112.0,14383701922.0,2377094339.0,4113235581.0,1746875354.0,630218985.0,807999565.0,KOTON,2021,3568048147.0,10799966560.0,,0.2747403237761184,0.8315992910466888,0.5973160131799085,0.4895885038627535,1.360769292186144,0.18303667479721322,0.8541772449487749,3.64934013424314,TR,yahoo
12940138875.0,7435824000.0,871812936.0,7940414706.0,3019989133.0,2055929285.0,52878498.0,4611442756.0,-385854291.0,16017173874.0,3632759284.0,5469566430.0,1459963147.0,2172796137.0,1747837821.0,KOTON,2022,2108807783.0,9920149742.0,3568048147.0,0.16296639498005389,0.7666184913336179,0.9749249322644405,0.5143562440204468,2.4882540983755392,0.2807357261843915,0.9364528523152932,5.103185239345184,TR,yahoo
12287835243.0,7340366470.0,359081065.0,6234067050.0,4035451741.0,1396880912.0,107889096.0,3716254251.0,1418720505.0,17193804801.0,3833216975.0,5839206267.0,1593362405.0,2239854570.0,1804574796.0,KOTON,2023,1504770008.0,8252383502.0,2108807783.0,0.12246013868530838,0.6715896932863848,0.9283019362251935,0.8818752478324604,2.4057408176390354,0.3119521786543863,1.1774603017784353,6.826774579105486,TR,yahoo
,,,,,,,,,,,,,,,KRDMA,2021,,,,,,,,,,,,TR,yahoo
65646099102.0,30692768328.0,3116401551.0,22198965311.0,36606133082.0,3245202350.0,843827607.0,4095218026.0,24949937434.0,54168492046.0,6001037679.0,7506657608.0,2711693745.0,3289343934.0,1108006893.0,KRDMA,2022,4089029957.0,29039966020.0,,0.0622890013715289,0.4423715409940521,0.7936362374759682,0.6631630908836602,2.2130219129889244,0.09141499283416171,1.3826215725825366,7.275682484688154,TR,yahoo
86576961876.0,36404436300.0,6867726221.0,27758038906.0,53194756503.0,2606165316.0,573401782.0,3181164592.0,37739772786.0,74529369953.0,1302038375.0,3643672908.0,1142278340.0,159760035.0,2292621341.0,KRDMA,2023,3179567098.0,33382205373.0,4089029957.0,0.03672532541109424,0.3855783877102516,0.8196604240996583,0.31430503888346306,1.1398608635089762,0.015039085996859611,1.311491651960004,7.100455167305061,TR,yahoo
107291037184.0,40953481674.0,3658156563.0,31404756261.0,67325419269.0,5666792376.0,432119050.0,6099945846.0,45430598949.0,73954075404.0,844808958.0,3777697254.0,2706459545.0,-1861650587.0,-3967868355.0,KRDMA,2024,6098911426.0,39965617915.0,3179567098.0,0.05684455650792714,0.3724972650461054,0.9291481676290867,0.5833843421632949,0.31214542244340104,0.00787399376661058,1.304053479467952,7.035947653574037,TR,yahoo
127044704940.0,36570658485.0,2656037612.0,25731095369.0,84652617584.0,6579849075.0,2130728994.0,8713846670.0,43751084252.0,66718974139.0,3070812475.0,6195684196.0,3030852629.0,39959846.0,-1679514697.0,KRDMA,2025,8710578069.0,42392087356.0,6098911426.0,0.06856309417313997,0.333678506129167,0.7553860401546675,0.4093122359178256,1.013184357965034,0.024171117375181177,1.4212631821752586,7.191540364644204,TR,yahoo
,,,,,,,,,,,,,,,KRDMB,2021,,,,,,,,,,,,TR,yahoo
65646099102.0,30692768328.0,3116401551.0,22198965311.0,36606133082.0,3245202350.0,843827607.0,4095218026.0,24949937434.0,54168492046.0,6001037679.0,7506657608.0,2711693745.0,3289343934.0,1108006893.0,KRDMB,2022,4089029957.0,29039966020.0,,0.0622890013715289,0.4423715409940521,0.7936362374759682,0.6631630908836602,2.2130219129889244,0.09141499283416171,1.3826215725825366,7.275682484688154,TR,yahoo
86576961876.0,36404436300.0,6867726221.0,27758038906.0,53194756503.0,2606165316.0,573401782.0,3181164592.0,37739772786.0,74529369953.0,1302038375.0,3643672908.0,1142278340.0,159760035.0,2292621341.0,KRDMB,2023,3179567098.0,33382205373.0,4089029957.0,0.03672532541109424,0.3855783877102516,0.8196604240996583,0.31430503888346306,1.1398608635089762,0.015039085996859611,1.311491651960004,7.100455167305061,TR,yahoo
107291037184.0,40953481674.0,3658156563.0,31404756261.0,67325419269.0,5666792376.0,432119050.0,6099945846.0,45430598949.0,73954075404.0,844808958.0,3777697254.0,2706459545.0,-1861650587.0,-3967868355.0,KRDMB,2024,6098911426.0,39965617915.0,3179567098.0,0.05684455650792714,0.3724972650461054,0.9291481676290867,0.5833843421632949,0.31214542244340104,0.00787399376661058,1.304053479467952,7.035947653574037,TR,yahoo
127044704940.0,36570658485.0,2656037612.0,25731095369.0,84652617584.0,6579849075.0,2130728994.0,8713846670.0,43751084252.0,66718974139.0,3070812475.0,6195684196.0,3030852629.0,39959846.0,-1679514697.0,KRDMB,2025,8710578069.0,42392087356.0,6098911426.0,0.06856309417313997,0.333678506129167,0.7553860401546675,0.4093122359178256,1.013184357965034,0.024171117375181177,1.4212631821752586,7.191540364644204,TR,yahoo
,,,,,,,,,,,,,,,KRDMD,2021,,,,,,,,,,,,TR,yahoo
65646099102.0,30692768328.0,3116401551.0,22198965311.0,36606133082.0,3245202350.0,843827607.0,4095218026.0,24949937434.0,54168492046.0,6001037679.0,7506657608.0,2711693745.0,3289343934.0,1108006893.0,KRDMD,2022,4089029957.0,29039966020.0,,0.0622890013715289,0.4423715409940521,0.7936362374759682,0.6631630908836602,2.2130219129889244,0.09141499283416171,1.3826215725825366,7.275682484688154,TR,yahoo
86576961876.0,36404436300.0,6867726221.0,27758038906.0,53194756503.0,2606165316.0,573401782.0,3181164592.0,37739772786.0,74529369953.0,1302038375.0,3643672908.0,1142278340.0,159760035.0,2292621341.0,KRDMD,2023,3179567098.0,33382205373.0,4089029957.0,0.03672532541109424,0.3855783877102516,0.8196604240996583,0.31430503888346306,1.1398608635089762,0.015039085996859611,1.311491651960004,7.100455167305061,TR,yahoo
107291037184.0,40953481674.0,3658156563.0,31404756261.0,67325419269.0,5666792376.0,432119050.0,6099945846.0,45430598949.0,73954075404.0,844808958.0,3777697254.0,2706459545.0,-1861650587.0,-3967868355.0,KRDMD,2024,6098911426.0,39965617915.0,3179567098.0,0.05684455650792714,0.3724972650461054,0.9291481676290867,0.5833843421632949,0.31214542244340104,0.00787399376661058,1.304053479467952,7.035947653574037,TR,yahoo
127044704940.0,36570658485.0,2656037612.0,25731095369.0,84652617584.0,6579849075.0,2130728994.0,8713846670.0,43751084252.0,66718974139.0,3070812475.0,6195684196.0,3030852629.0,39959846.0,-1679514697.0,KRDMD,2025,8710578069.0,42392087356.0,6098911426.0,0.06856309417313997,0.333678506129167,0.7553860401546675,0.4093122359178256,1.013184357965034,0.024171117375181177,1.4212631821752586,7.191540364644204,TR,yahoo
,,,,,,,,,,,,,,,KRGYO,2021,,,,,,,,,,,,TR,yahoo
720618637.0,419490582.0,38425814.0,49084045.0,651370753.0,,,5263905.0,-156412114.0,84686332.0,98404072.0,100578962.0,2457322.0,95946750.0,95946750.0,KRGYO,2022,5263905.0,69247884.0,,0.0073047028341011394,0.09609505006460164,,0.4668249142034288,40.04524925915285,0.13655499170777066,8.546373510985086,16.708657567539934,TR,yahoo
1214117833.0,793029170.0,71630867.0,54701200.0,1136446526.0,,,5013553.0,-8244518.0,126929045.0,196518181.0,199918580.0,819795.0,195698386.0,195698386.0,KRGYO,2023,5013553.0,77671307.0,5263905.0,0.00412937926099962,0.06397345042538388,,0.15953263929660427,239.71624735452156,0.16186088010454253,14.497472998764195,23.667886509602752,TR,yahoo
1845790327.0,812374123.0,2049690.0,240737939.0,1574612124.0,143748849.0,,144507956.0,72629167.0,219362486.0,106878930.0,111916155.0,19486781.0,87392149.0,87392149.0,KRGYO,2024,143748849.0,271178203.0,5013553.0,0.0778792947916451,0.1469171221851354,1.0,0.26198529652673935,5.484688825722422,0.05790415543769398,3.374516398929543,11.89589265084468,TR,yahoo
2773170085.0,1719568218.0,121728614.0,180261298.0,2407783039.0,0.0,,0.0,214858572.0,317295596.0,279827721.0,286238600.0,14660990.0,265166731.0,142229405.0,KRGYO,2025,0.0,365387046.0,143748849.0,0.0,0.1317578925203212,,0.20398062456834,19.086550157936127,0.10090535828061191,9.539308975795791,14.74109031350196,TR,yahoo
,,,,,,,,,,,,,,,KRONT,2021,,,,,,,,,,,,TR,yahoo
410768263.0,235827137.0,60026850.0,156652313.0,227946663.0,58319073.0,,67970973.0,126055948.0,284059832.0,15777042.0,51481266.0,10172202.0,5604840.0,-10193154.0,KRONT,2022,58319073.0,182821600.0,,0.14197560584177848,0.4450723594485682,1.0,0.17442324571928638,1.5509957431045904,0.03840861970390346,1.5054175229445863,7.082124663141858,TR,yahoo
716981623.0,386654083.0,87422264.0,169375929.0,451441946.0,48649469.0,,89772722.0,185892773.0,445249670.0,75176978.0,128561730.0,19077091.0,56099887.0,66948974.0,KRONT,2023,48649469.0,265539677.0,58319073.0,0.06785316030338479,0.3703577169648043,1.0,0.35668600587264243,3.940693997842753,0.10485202910144881,2.2828160133663387,8.572906393956579,TR,yahoo
933673536.0,364798030.0,106835886.0,308235108.0,498829225.0,63308199.0,,112419912.0,173928525.0,410541098.0,-38603917.0,34276272.0,18102487.0,-56706404.0,-55928144.0,KRONT,2024,63308199.0,434844311.0,48649469.0,0.06780549791656514,0.4657348572424355,1.0,0.3233809228680969,-2.132520078594726,-0.04134626880974379,1.1835057737809673,5.181352527916877,TR,yahoo
1182609128.0,398043641.0,121553115.0,324184604.0,740031907.0,45335930.0,,78220198.0,320823256.0,536690451.0,145997637.0,217974408.0,12043796.0,133953841.0,146894731.0,KRONT,2025,45335930.0,442577221.0,63308199.0,0.03833551502910436,0.3742379544697714,1.0,0.22171094031229244,12.12222765978434,0.12345383909467,1.22783018097923,7.129398323730333,TR,yahoo
,,,,,,62081855.0,,,,,,,,,KRPLS,2021,62081855.0,,,,,,,,,,,TR,yahoo
1099385270.0,709953855.0,8144224.0,302799266.0,752068928.0,105527242.0,0.0,136739324.0,117127128.0,1224133201.0,-11797860.0,52318163.0,46498678.0,-58296538.0,-11403291.0,KRPLS,2022,105527242.0,347316342.0,62081855.0,0.09598749854088913,0.3159186788085673,1.0,0.5548467097821069,-0.25372463277343066,-0.010731324424603214,2.344635323521557,8.228321562040176,TR,yahoo
1592157099.0,845076890.0,52642791.0,460682482.0,868757263.0,188174593.0,,470503495.0,-41092851.0,1393027379.0,-99640492.0,1696751.0,68320324.0,-167960816.0,-174350885.0,KRPLS,2023,188174593.0,723399836.0,105527242.0,0.11818845836141952,0.4543520463240418,1.0,0.4652359356215803,-1.458431198306378,-0.06258207312744582,1.8344020513460721,5.590073138107511,TR,yahoo
1896990977.0,1016372317.0,34355065.0,624153349.0,991111983.0,199034973.0,,502034517.0,-197987498.0,1867427697.0,60288033.0,227580832.0,174492255.0,-114204222.0,-144200116.0,KRPLS,2024,199034973.0,905878994.0,188174593.0,0.10492141260195356,0.47753468782049985,1.0,0.9012807033801432,0.34550549535851893,0.03178087493876361,1.6284016077593777,5.628452539415455,TR,yahoo
1405006939.0,863182368.0,12719353.0,423869590.0,869423706.0,86201852.0,,184525510.0,-324874748.0,1919998854.0,110778590.0,270998851.0,208717529.0,-97938939.0,-126887250.0,KRPLS,2025,86201852.0,535583233.0,199034973.0,0.06135332830551949,0.38119614795724505,1.0,1.4634683232082675,0.5307584395558842,0.07884558212847374,2.0364338191848113,6.781689991377184,TR,yahoo
,,,,,2943591.0,0.0,2943591.0,,,,,,,,KRSTL,2021,2943591.0,,,,,1.0,,,,,,TR,yahoo
986352292.0,412670102.0,29415802.0,167943577.0,761660783.0,0.0,,0.0,-885867580.0,1394782636.0,-91073249.0,-48877524.0,21363726.0,-112436975.0,-107502787.0,KRSTL,2022,0.0,224691509.0,2943591.0,0.0,0.22780046320407393,,14.515417393245189,-4.262985258283129,-0.09233338811970845,2.4571949065965173,4.888548683936511,TR,yahoo
1444685737.0,608669982.0,10389748.0,309290805.0,1064167201.0,,,,-1304853488.0,2392078631.0,66573663.0,131363495.0,83698416.0,-17124753.0,-21782518.0,KRSTL,2023,,380518536.0,0.0,,0.2633919102642875,,inf,0.7953993179512501,0.046081761102068665,1.967953693288748,4.911077321501406,TR,yahoo
2001701142.0,638206829.0,119277120.0,336226820.0,1573485094.0,0.0,,17681867.0,-1528064064.0,3176292806.0,327994878.0,399112410.0,139538705.0,188456173.0,179889048.0,KRSTL,2024,0.0,428216048.0,,0.0,0.2139260646932278,,inf,2.3505655868026007,0.16385806608087553,1.8981437263095193,6.710389007340771,TR,yahoo
2448691926.0,629163752.0,33890150.0,622182683.0,1741011410.0,81884058.0,,111491767.0,-1276286904.0,3230063872.0,403804941.0,495043616.0,128970448.0,274834493.0,251777160.0,KRSTL,2025,81884058.0,707680516.0,0.0,0.033439918321517756,0.2890034914093967,1.0,3.1500746579999737,3.1309881237289336,0.16490638806475977,1.011220288173787,5.2608970102236565,TR,yahoo
749106711.0,497922886.0,29494328.0,427698265.0,215312094.0,264560241.0,60054866.0,342687853.0,64397591.0,534700032.0,140596569.0,141671463.0,48633834.0,91962735.0,68314521.0,KRTEK,2021,324615107.0,533794617.0,,0.43333626869616976,0.7125748697237342,0.8149967000765618,0.14981999590056047,2.8909209378804066,0.18768563535135652,1.1641919707109403,5.829989299640791,TR,yahoo
2113924207.0,1112146777.0,95885064.0,1006962921.0,997237659.0,784184908.0,47771337.0,854315107.0,370038233.0,2045035220.0,444946167.0,447571698.0,216578657.0,228367510.0,165565471.0,KRTEK,2022,831956245.0,1116686548.0,324615107.0,0.39356011073863445,0.5282528788412706,0.9425795078922691,0.3745184534019134,2.054432201045554,0.21048350055627135,1.1044565334099328,6.499200080115957,TR,yahoo
2765459217.0,1209271239.0,69601357.0,799660783.0,1644801344.0,629986095.0,36434295.0,730009193.0,727960016.0,2350071948.0,490628998.0,493628484.0,286498826.0,204130172.0,200946534.0,KRTEK,2023,666420390.0,1120657873.0,831956245.0,0.24098001008416245,0.40523391779239537,0.9453283609764701,0.38241229782657415,1.7124991569773482,0.17741321042956462,1.5122302665178968,7.813097254477619,TR,yahoo
2917438657.0,1402803410.0,127878484.0,1214710581.0,1293483156.0,1021747972.0,172691854.0,1223607758.0,366178488.0,1946100200.0,33668453.0,40917601.0,352657094.0,-318988641.0,-361781528.0,KRTEK,2024,1194439826.0,1623955501.0,666420390.0,0.4094138614137106,0.5566374110741071,0.8554202143624773,0.37902588380125807,0.09547079464109688,0.011540415055246181,1.1548457977909061,4.995988594924558,TR,yahoo
,,,,,,,,,,,,,,,KRVGD,2021,,,,,,,,,,,,TR,yahoo
8100019000.0,4244675000.0,476126000.0,3627265000.0,3515610000.0,2104442000.0,406321000.0,2626518000.0,1304532000.0,8668128000.0,398495000.0,728622000.0,270819000.0,127676000.0,34577000.0,KRVGD,2022,2510763000.0,4584409000.0,,0.30997001365058524,0.5659750921571912,0.8381683177583866,0.10786322723411171,1.471444027191593,0.04919679818034995,1.1702136458185437,5.41086513906769,TR,yahoo
12667036000.0,6186280000.0,483866000.0,5064043000.0,5609325000.0,2745645000.0,1172622000.0,4101998000.0,2032777000.0,11849444000.0,1086233000.0,1565335000.0,552053000.0,534180000.0,350751000.0,KRVGD,2023,3918267000.0,7057711000.0,2510763000.0,0.3093278490721902,0.5571714645794013,0.7007294296177367,0.1717375716087808,1.967624485330213,0.08575273647284179,1.2216089002403812,5.765118052308175,TR,yahoo
16470465000.0,7599058000.0,811851000.0,7933970000.0,6654660000.0,4905426000.0,875610000.0,6006447000.0,2317421000.0,14870902000.0,1025677000.0,1711877000.0,890945000.0,134732000.0,-116576000.0,KRVGD,2024,5781036000.0,9815805000.0,3918267000.0,0.3509940976165518,0.595964048373862,0.8485375285675439,0.1837132008351528,1.1512237006773707,0.06227371236938362,0.9577875893153113,4.7056261878047465,TR,yahoo
16545020000.0,7398231000.0,530799000.0,5733714000.0,6829767000.0,2559334000.0,2942507000.0,5762604000.0,2208186000.0,15706465000.0,821852000.0,1638883000.0,678727000.0,143125000.0,-91738000.0,KRVGD,2025,5501841000.0,9715253000.0,5781036000.0,0.3325375853277905,0.5872010429724474,0.4651777468669124,0.12031098096699981,1.2108727072887921,0.04967367824275824,1.290303457758793,5.417018834009652,TR,yahoo
,,,,,,,,,,,,,,,KSTUR,2021,,,,,,,,,,,,TR,yahoo
416573683.0,156068103.0,117188944.0,42495926.0,333269107.0,3057218.0,,3057218.0,95738775.0,189407405.0,86250164.0,101593106.0,497603.0,85752561.0,58259851.0,KSTUR,2022,3057218.0,83304576.0,,0.007338960968400877,0.199975609116911,1.0,0.16276333581707292,173.3312781474388,0.20704659828451044,3.6725427044465393,11.379700326223274,TR,yahoo
649594156.0,215630314.0,195430229.0,23367080.0,622510508.0,686414.0,,686414.0,272459474.0,373887803.0,191665683.0,212607297.0,517319.0,191148364.0,230703099.0,KSTUR,2023,686414.0,27083648.0,3057218.0,0.0010566813042573,0.04169318296638124,1.0,0.27637278450445985,370.4980543919709,0.2950545063093209,9.22795291495557,32.6756742107749,TR,yahoo
880097803.0,322018274.0,281598113.0,30208824.0,843799081.0,0.0,,0.0,394890213.0,482559767.0,169014007.0,202701631.0,599242.0,168414765.0,93878776.0,KSTUR,2024,0.0,36298722.0,686414.0,0.0,0.041243963882500456,,1.746007511501805,282.0463301971491,0.19204002830580866,10.659742133622943,32.58657100601916,TR,yahoo
904621961.0,329151946.0,282584003.0,45385484.0,849237071.0,,,,393972989.0,457542805.0,151286111.0,189242877.0,729047.0,150557064.0,84300833.0,KSTUR,2025,,55384890.0,0.0,,0.06122434827778849,,inf,207.5121507941189,0.16723683209366613,7.252361702257048,23.951412126797674,TR,yahoo
,,,,,,,,,,,,,,,KTLEV,2021,,,,,,,,,,,,TR,yahoo
1001244418.0,,165824195.0,,281222370.0,,,650155224.0,128878671.0,456172080.0,,,13524429.0,147334598.0,115525669.0,KTLEV,2022,650155224.0,720022048.0,,0.6493471646999983,0.7191271532262365,,0.020801846237261026,,,,,TR,yahoo
3435987305.0,,585985563.0,,1163747262.0,,,1945441548.0,879061664.0,1627152899.0,,,25492954.0,1005847824.0,750182993.0,KTLEV,2023,1945441548.0,2272240043.0,650155224.0,0.5661957904119789,0.6613062975213757,,0.019643231394803107,,,,,TR,yahoo
18914951780.0,,1102800034.0,,2994676853.0,,,11935152904.0,2381003964.0,5216025159.0,,,218090212.0,3075078088.0,2159865716.0,KTLEV,2024,11935152904.0,15920274927.0,1945441548.0,0.6309903954722109,0.8416767387074988,,0.03142375677845357,,,,,TR,yahoo
47455977200.0,,1071514020.0,,11382606631.0,,,28872558536.0,9133582121.0,17382337384.0,,,193583342.0,12324328823.0,8620499737.0,KTLEV,2025,28872558536.0,36073370569.0,11935152904.0,0.6084072068375825,0.7601438785460306,,0.009487586300183856,,,,,TR,yahoo
,,,,,,,,,,,,,,,KTSKR,2021,,,,,,,,,,,,TR,yahoo
4231631718.0,1506582952.0,449485094.0,882355763.0,2762686101.0,185488406.0,0.0,185488406.0,1592738492.0,1079685653.0,538628142.0,539586663.0,18990724.0,519637418.0,400602014.0,KTSKR,2022,185488406.0,1468945617.0,,0.04383377816434072,0.3471345605884316,1.0,0.1023822696497807,28.362696545955803,0.12728615765612333,1.7074552183777145,8.274849246220244,TR,yahoo
6035853473.0,2016678434.0,1000310132.0,975832727.0,4172499034.0,133015651.0,137514095.0,270529746.0,2389248541.0,2425362350.0,405562121.0,550553778.0,69281900.0,336280221.0,341675195.0,KTSKR,2023,270529746.0,1863354439.0,185488406.0,0.044820462791244436,0.3087143263724487,0.4916858606742639,0.3038558868595213,5.85379617187173,0.06719217469645158,2.066623078116953,8.474412860703367,TR,yahoo
8802467801.0,3145367827.0,1815627786.0,1535295674.0,6151696172.0,137371356.0,0.0,137371356.0,3626067073.0,2542184081.0,747355507.0,926171941.0,60367165.0,686988342.0,498724028.0,KTSKR,2024,137371356.0,2650771629.0,270529746.0,0.015606004941522648,0.3011395995903399,1.0,0.29598922240715103,12.380165724197914,0.08490295266005939,2.048704936948842,8.800118374304464,TR,yahoo
7908805769.0,2292109154.0,604209301.0,1157635084.0,5721191130.0,97626591.0,,97626591.0,3199161302.0,1463779467.0,-12119780.0,90613910.0,26577302.0,-38697082.0,-97135771.0,KTSKR,2025,97626591.0,2187614639.0,137371356.0,0.012344036995151044,0.2766049265711838,1.0,0.22619178030521261,-0.4560199526648717,-0.0015324412248819762,1.9799928195680012,8.245415584004055,TR,yahoo
,,,,,,,,,,,,,,,KUTPO,2021,,,,,,,,,,,,TR,yahoo
3049735647.0,1382327903.0,45084264.0,892121224.0,2014580002.0,352107057.0,0.0,397593392.0,1124989643.0,2607629368.0,48080642.0,155608510.0,83083559.0,-35002917.0,-19056032.0,KUTPO,2022,352107057.0,1035155645.0,,0.11545494356088365,0.3394247124396746,1.0,0.23596107305511915,0.5787022436051398,0.015765511364008396,1.5494843815082242,7.656403484909612,TR,yahoo
3943073593.0,1490864768.0,108882531.0,799635357.0,2948327586.0,190413733.0,33303874.0,284659959.0,1678531468.0,3388262258.0,251641446.0,415966160.0,114351666.0,137289780.0,54285243.0,KUTPO,2023,223717607.0,994746007.0,352107057.0,0.05673685811930013,0.25227680476619496,0.8511343186323282,0.39717529709703436,2.2005927399431156,0.06381860243408345,1.8644307745386501,9.328691318733494,TR,yahoo
5577957376.0,2183005069.0,150331124.0,1146360466.0,4156024590.0,2411725.0,0.0,90634567.0,2501549810.0,4311108306.0,766381972.0,1019363876.0,45470068.0,720911904.0,304480890.0,KUTPO,2024,2411725.0,1421932786.0,223717607.0,0.00043236705435878897,0.2549199805860976,1.0,0.40215984010424616,16.854647589266857,0.13739473436951555,1.9042920039079576,9.923400231392932,TR,yahoo
5363307416.0,2265156665.0,106741010.0,585651651.0,4368011316.0,1046408.0,,137664601.0,2734755362.0,4223696289.0,672903592.0,1010405327.0,35841080.0,637062512.0,233205552.0,KUTPO,2025,1046408.0,995296100.0,2411725.0,0.00019510498258561878,0.18557506083481232,1.0,20.728572325008898,18.77464607651332,0.12546429652579139,3.8677542548240846,12.41773093977416,TR,yahoo
,,,,,,,,,,,,,,,KUVVA,2021,,,,,,,,,,,,TR,yahoo
207737010.0,42256501.0,8484772.0,91758595.0,70541772.0,34749076.0,39128238.0,80439446.0,-159803085.0,51879060.0,17368278.0,22884071.0,12227576.0,5140702.0,3444358.0,KUVVA,2022,73877314.0,137195238.0,,0.3556290427016351,0.6604275184282281,0.47036193005067833,0.16551191885508995,1.4204187322164261,0.08360704719876348,0.4605181781608578,0.2807454274080623,TR,yahoo
891749404.0,71494619.0,1191005.0,122304491.0,690557395.0,52271563.0,46602679.0,103718489.0,-90930657.0,105857922.0,187323934.0,207421579.0,29264675.0,158059259.0,139791075.0,KUVVA,2023,98874242.0,201192009.0,73877314.0,0.11087671217552056,0.22561496323691405,0.5286671426517737,0.33880649966475557,6.401025605102397,0.21006342494847352,0.5845624998349407,7.559380398813751,TR,yahoo
3327006001.0,878934251.0,30863792.0,2551821783.0,585971381.0,89921138.0,128644566.0,226196235.0,-521887895.0,1337556053.0,208746859.0,249020206.0,155605965.0,53140894.0,254219573.0,KUVVA,2024,218565704.0,2741034620.0,98874242.0,0.06569441231374563,0.8238742638805358,0.4114146746463022,0.9803804906141208,1.341509363089005,0.0627431567413034,0.3444340262534705,0.0862193926662485,TR,yahoo
2592077585.0,613186017.0,2518412.0,1841286990.0,391256111.0,132583511.0,303388695.0,445362251.0,-710527236.0,961139788.0,-40153624.0,297868648.0,88599439.0,-128753063.0,-188639333.0,KUVVA,2025,435972206.0,2200821474.0,218565704.0,0.16819411908150889,0.8490569444124104,0.30411000787513504,0.2707236285213793,-0.4532040434251508,-0.015490903602717586,0.3330203386708337,-0.6691112132691193,TR,yahoo
430848134.0,91897051.0,58298393.0,51031163.0,285938309.0,14128329.0,81148925.0,96711391.0,105890265.0,71874337.0,148900643.0,149377593.0,3424194.0,145476449.0,127295405.0,KUYAS,2021,95277254.0,144909825.0,,0.22113883403751727,0.3363362019342064,0.14828648399123678,0.03593925996229908,43.48487352060076,0.3455989042301388,1.8008025997761408,9.067731649415867,TR,yahoo
715025002.0,218433576.0,18725088.0,52628760.0,531016073.0,32279136.0,44472103.0,78692932.0,320723922.0,243220003.0,312777858.0,315557468.0,29896402.0,282881456.0,231194386.0,KUYAS,2022,76751239.0,184008929.0,95277254.0,0.10734063674041988,0.2573461466176815,0.4205682725200045,0.34757500317113166,10.462056872261753,0.4374362534528548,4.150460242650596,12.203126878642037,TR,yahoo
,,,,,,,,,,,,,,,KZBGY,2021,,,,,,,,,,,,TR,yahoo
12228339033.0,1514949164.0,433129441.0,160540618.0,9710032039.0,69742367.0,1784431.0,71526798.0,8738020299.0,0.0,3233001594.0,3244395251.0,23436744.0,3209564850.0,3209564850.0,KZBGY,2022,71526798.0,2518306994.0,,0.005849265203309644,0.20594023335499387,0.9750522734150633,0.3276638218867284,137.94585092536744,0.26438599594558687,9.436547478595106,12.131327375034697,TR,yahoo
18323592429.0,2144743256.0,154326543.0,655814606.0,11006596593.0,98793919.0,0.0,101708931.0,9874798297.0,0.0,-2732728715.0,-2725042006.0,3389760.0,-2736118475.0,-2736028481.0,KZBGY,2023,98793919.0,7316995836.0,71526798.0,0.005391623906873354,0.3993210318528855,1.0,0.039804435534404194,-806.1717392971774,-0.14913716977654567,3.270349937890831,6.117162620020172,TR,yahoo
29844440553.0,5724748437.0,6861334.0,1898913403.0,21082862575.0,1012625485.0,592868264.0,1621269001.0,19478810948.0,12900039695.0,12924580074.0,12942368546.0,235557010.0,12689023064.0,9521063340.0,KZBGY,2024,1605493749.0,8761577978.0,98793919.0,0.05379540441204932,0.2935748774529893,0.6307252741598809,0.27642869736472214,54.86816152913471,0.4330649137499348,3.014749607831379,11.655470095894183,TR,yahoo
34905353329.0,6246513625.0,8741677.0,3399153824.0,21935730721.0,2201837574.0,1517958386.0,3735084740.0,19097554616.0,1934182962.0,3344831714.0,3376143529.0,1289831228.0,2055000486.0,853378320.0,KZBGY,2025,3719795960.0,12969622608.0,1605493749.0,0.10656806493087484,0.37156542968509654,0.5919242876966833,0.48441729876972595,2.593232076716319,0.09582575149643459,1.8376672396806482,7.988578606736668,TR,yahoo
,,,,,,,,,,,,,,,LIDER,2021,,,,,,,,,,,,TR,yahoo
4183426128.0,1139369807.0,742074503.0,924004690.0,2638403804.0,822513602.0,261989941.0,1090729789.0,1938691925.0,1341074132.0,1372506661.0,1374204145.0,269612212.0,1102894449.0,817636223.0,LIDER,2022,1084503543.0,1545022324.0,,0.25923812440270727,0.3693198533276455,0.7584240801323043,0.24860427035045657,5.0906694871818345,0.3280819641617919,1.2330779479052212,9.09624321688069,TR,yahoo
7065042816.0,3023914008.0,583068292.0,1372400008.0,4797391337.0,1225509841.0,265252308.0,1505059859.0,3479431108.0,2560406085.0,1538148474.0,1555923130.0,468300513.0,1069847961.0,877394866.0,LIDER,2023,1490762149.0,2267651479.0,1084503543.0,0.21100539484685268,0.3209678324757657,0.8220693299880664,0.3636910276518373,3.284532968256646,0.21771254811316915,2.2033765595839316,10.073342833331333,TR,yahoo
10707888311.0,6860622056.0,799790205.0,1334781714.0,7706016016.0,1245617549.0,536739418.0,1782356967.0,5422263888.0,2960833863.0,2236178751.0,2801680701.0,863292240.0,1372886511.0,992605089.0,LIDER,2024,1782356967.0,3001872295.0,1490762149.0,0.1664527043272407,0.28034213729295593,0.6988597525985938,0.5275043219661426,2.5902917313376985,0.20883471008030763,5.139883161450022,12.384901669044845,TR,yahoo
13838241967.0,10604252790.0,744614089.0,1719574569.0,9386010789.0,1596889535.0,753512375.0,2350401910.0,7116984123.0,2048075122.0,3608124706.0,4131962457.0,891049577.0,2717075129.0,1819565906.0,LIDER,2025,2350401910.0,4452231178.0,1782356967.0,0.16984830266770837,0.32173387259864494,0.6794112650291371,0.431212951696238,4.0492973669859005,0.26073577226097655,6.166788565712965,13.104093413878328,TR,yahoo
,,,,,,,,,,,,,,,LIDFA,2021,,,,,,,,,,,,TR,yahoo
2283442000.0,,34208000.0,,506484000.0,,,1690988000.0,206876000.0,400282000.0,,,284686000.0,281627000.0,206876000.0,LIDFA,2022,1690988000.0,1776958000.0,,0.7405434427500238,0.7781927458634815,,0.1683548316132344,,,,,TR,yahoo
4340164000.0,,46086000.0,,1109748000.0,,,3036772000.0,566362000.0,1112815000.0,,,594608000.0,813269000.0,566362000.0,LIDFA,2023,3036772000.0,3230416000.0,1690988000.0,0.699690610769547,0.7443073579708048,,0.25153899521126283,,,,,TR,yahoo
7674291000.0,,166985000.0,,1908834000.0,,,5523885000.0,656673000.0,1481194000.0,,,2025609000.0,929594000.0,656673000.0,LIDFA,2024,5523885000.0,5765457000.0,3036772000.0,0.719790922705433,0.7512690097365347,,0.47323680881035185,,,,,TR,yahoo
13137912000.0,,326273000.0,,2873357000.0,,,9949334000.0,969397000.0,2078757000.0,,,3313646000.0,1377881000.0,969397000.0,LIDFA,2025,9949334000.0,10264555000.0,5523885000.0,0.7572994856412495,0.7812927198781663,,0.4283072578498372,,,,,TR,yahoo
,,,,,,,,,,,,,,,LILAK,2021,,,,,,,,,,,,TR,yahoo
9933970506.0,5995941282.0,627991591.0,3981336085.0,5018423967.0,2952078832.0,829715354.0,3884139009.0,2157578714.0,12605316775.0,2431837953.0,2484870045.0,217921984.0,2213915969.0,2053246790.0,LILAK,2022,3781794186.0,4915546539.0,,0.38069311598175587,0.4948219381194124,0.7806027210387171,0.05762396716530359,11.159213533041255,0.24480019862462837,1.5060123420854084,8.005443971014639,TR,yahoo
12323090000.0,6652529000.0,1441121000.0,4037161000.0,7345271000.0,3124731000.0,799263000.0,4005605000.0,3564611000.0,13507106000.0,974901000.0,1640838000.0,385274000.0,589627000.0,324079000.0,LILAK,2023,3923994000.0,4977819000.0,3781794186.0,0.3184261414953555,0.4039424365155168,0.7963139087368635,0.09999600059082132,2.5304095267264337,0.07911173252812403,1.6478235571977438,7.666257057342316,TR,yahoo
20448265000.0,12935374000.0,7344743000.0,3652676000.0,15563451000.0,2311504000.0,726011000.0,3108401000.0,5878871000.0,16385266000.0,2384060000.0,3338550000.0,406114000.0,1977946000.0,1538478000.0,LILAK,2024,3037515000.0,4884814000.0,3923994000.0,0.14854634366289757,0.23888647765470566,0.7609852132417453,0.11667412912918737,5.870420620810905,0.11658984270792656,3.541341745065809,11.294104879773952,TR,yahoo
19232898000.0,10949663000.0,5684961000.0,1858425000.0,16226445000.0,866123000.0,798380000.0,1722965000.0,6324715000.0,13603657000.0,1841467000.0,2659084000.0,235613000.0,1605854000.0,1704008000.0,LILAK,2025,1664503000.0,3006453000.0,3037515000.0,0.08654457586163042,0.15631825219475504,0.5203493174839576,0.10021782136946307,7.815642600365854,0.09574568533561609,5.891904704252257,13.733383765984424,TR,yahoo
,,,,,,,,,,,,,,,LINK,2021,,,,,,,,,,,,TR,yahoo
195882990.0,158027750.0,125658741.0,15551967.0,169964531.0,,,,47419899.0,67279635.0,17151015.0,30664443.0,1054164.0,16096851.0,6372978.0,LINK,2022,,25918459.0,,,0.13231602703226042,,,16.269778706159574,0.08755744947532197,10.161270918334639,16.284548258221754,TR,yahoo
248157656.0,186809007.0,101867798.0,24709286.0,208455954.0,0.0,,0.0,30334297.0,105101369.0,24273840.0,43983200.0,582958.0,23690882.0,4031035.0,LINK,2023,0.0,39701702.0,,0.0,0.15998580354095543,,inf,41.63908892235804,0.09781620438903565,7.560275396059603,14.10397812875959,TR,yahoo
1862323645.0,1150994742.0,53626336.0,534185925.0,1301316410.0,437892.0,,437892.0,1054111628.0,773268643.0,405361928.0,438460140.0,39596525.0,365765403.0,333310094.0,LINK,2024,437892.0,561007235.0,0.0,0.00023513206266572424,0.3012404618854528,1.0,180.85064353767595,10.237310673095681,0.21766459824978487,2.1546706645256517,11.166214888164145,TR,yahoo
2044183866.0,1296073342.0,53191097.0,287973954.0,1623064025.0,457976.0,,457976.0,551299054.0,1425172790.0,450526157.0,560308946.0,3181075.0,447345082.0,320192261.0,LINK,2025,457976.0,421119841.0,437892.0,0.00022403855524804342,0.20600878815467571,1.0,7.101660065991865,141.6270150813797,0.22039414579745048,4.500661688313659,12.892209414773323,TR,yahoo
,,,,,,,,,,,,,,,LKMNH,2021,,,,,,,,,,,,TR,yahoo
2144171388.0,535500063.0,73926670.0,662018679.0,989974408.0,267063246.0,139837319.0,630839568.0,665718091.0,1658705387.0,470562810.0,676781992.0,176439093.0,294123717.0,316940389.0,LKMNH,2022,406900565.0,1154196980.0,,0.1897705413276413,0.538295113188965,0.656335402237645,0.4336172229202975,2.6669985772370755,0.21946137917590755,0.80888965823274,6.25046344700544,TR,yahoo
3436902711.0,991117073.0,54308171.0,1070829027.0,1795900263.0,421864681.0,112964681.0,761770305.0,1357436722.0,2736765481.0,613007956.0,955222987.0,149402891.0,463605065.0,465147842.0,LKMNH,2023,534829362.0,1641002448.0,406900565.0,0.15561376244030667,0.4774654932034822,0.7887836962100072,0.31729455912257526,4.103052838515689,0.1783605785633773,0.9255605218105467,6.733116406156233,TR,yahoo
4995750372.0,1693766465.0,128864069.0,1697464397.0,2494471781.0,907210521.0,388446787.0,1474265734.0,1611096357.0,3850222428.0,833567324.0,1330788802.0,313594458.0,519972866.0,313854331.0,LKMNH,2024,1295657308.0,2501278591.0,534829362.0,0.2593518914119194,0.5006812600203315,0.7001932651469288,0.34263506327527643,2.658106043442898,0.16685527937343464,0.9978214965765788,6.464882640367219,TR,yahoo
5810098673.0,2039978979.0,164283944.0,2641087716.0,2365986154.0,1957317072.0,399355517.0,2513762632.0,1243196345.0,4234023051.0,346839654.0,854514590.0,70532628.0,276307026.0,150344041.0,LKMNH,2025,2356672589.0,3444112519.0,1295657308.0,0.4056166205836828,0.5927803834046864,0.8305426392855626,0.03862336097181968,4.917435573221517,0.059696000622466536,0.772401070453504,4.391325345733895,TR,yahoo
,,,,,,,,,,,,,,,LMKDC,2021,,,,,,,,,,,,TR,yahoo
1082296933.0,783981520.0,3232845.0,447445100.0,574104945.0,,,,395248407.0,1171096300.0,400930286.0,400930286.0,7431972.0,393498314.0,394972189.0,LMKDC,2022,,508191988.0,,,0.4695495039345178,,,53.946689519282366,0.37044389000407524,1.7521289650953826,10.155910405514504,TR,yahoo
4438106916.0,2237179298.0,364897432.0,882713407.0,3277486449.0,,,,2366538709.0,5739148860.0,2081120832.0,2299022097.0,36613548.0,2044507284.0,2177643778.0,LMKDC,2023,,1160620467.0,,,0.26151250723947184,,,56.84018473161902,0.4689208420142531,2.534434483784837,13.106633759868453,TR,yahoo
7288114706.0,3669172730.0,1670573599.0,988944814.0,6122825773.0,,,0.0,1539871924.0,8131820945.0,2834114267.0,3125159770.0,50645775.0,2783468492.0,2828498583.0,LMKDC,2024,0.0,1165288933.0,,0.0,0.15988893973371004,,inf,55.959539902390674,0.38886795575086,3.7101895657445656,14.481502661538432,TR,yahoo
9691505564.0,5053292959.0,2460473002.0,1646576259.0,7575506957.0,,,168397891.0,2785520628.0,8726196166.0,2981041107.0,3378279856.0,101995076.0,2879046031.0,2023711228.0,LMKDC,2025,168397891.0,2115998607.0,0.0,0.017375823589838264,0.2183353858723534,,1.2113581161179745,29.227304139662586,0.3075931894496718,3.068969889113408,12.319069745467164,TR,yahoo
,,,,,,159907000.0,,,,,,,,,LOGO,2021,159907000.0,,,,,,,,,,,TR,yahoo
4900858000.0,1789379000.0,377579000.0,1989466000.0,2266731000.0,85552000.0,289664000.0,417943000.0,1131365000.0,2887365000.0,529366000.0,857025000.0,139497000.0,389869000.0,318613000.0,LOGO,2022,375216000.0,2634127000.0,159907000.0,0.07656128783980275,0.5374828244360478,0.22800733444202806,0.5213642470983306,3.794819960285884,0.108014963910401,0.899426780854762,5.3641589598025785,TR,yahoo
7714188000.0,2476160000.0,704755000.0,3731937000.0,3046595000.0,54462000.0,324538000.0,504596000.0,1367624000.0,3135800000.0,578048000.0,990265000.0,285021000.0,293027000.0,202353000.0,LOGO,2023,379000000.0,4667593000.0,375216000.0,0.04913025194615428,0.6050660160213881,0.14369920844327178,0.7558073549221973,2.0280891583427185,0.07493309730071396,0.6635053056897798,3.94896426074462,TR,yahoo
9511324000.0,5557101000.0,580908000.0,4890296000.0,3441695000.0,3758000.0,0.0,15028000.0,1524334000.0,5345712000.0,869647000.0,1517819000.0,470766000.0,398881000.0,460563000.0,LOGO,2024,3758000.0,6069629000.0,379000000.0,0.00039510797865786087,0.6381476437980664,1.0,2.4598623673443796,1.847302056648101,0.09143280157420776,1.1363526870357132,5.442178351727173,TR,yahoo
8322175000.0,3106438000.0,1214676000.0,3889831000.0,3735786000.0,4667000.0,,14300000.0,2471207000.0,5800666000.0,1756671000.0,2513951000.0,251189000.0,1505482000.0,1500717000.0,LOGO,2025,4667000.0,4586389000.0,3758000.0,0.0005607908990137795,0.5511046090715468,1.0,59.629436201780415,6.99342327888562,0.21108316035171093,0.7986048751218241,5.874261804605631,TR,yahoo
,,,,,,,,,,,,,,,LRSHO,2021,,,,,,,,,,,,TR,yahoo
12999198000.0,4916039000.0,862585000.0,1393380000.0,1822796000.0,474751000.0,190475000.0,665226000.0,-1050704000.0,2667544000.0,274847000.0,335228000.0,392548000.0,-117701000.0,-2300783000.0,LRSHO,2022,665226000.0,11176402000.0,,0.05117438783531107,0.8597762723515713,0.7136687381431273,0.5900972000493065,0.7001615089110121,0.021143381307062174,3.5281394881511146,5.077528567294937,TR,yahoo
23116383000.0,6955827000.0,755461000.0,2693004000.0,4133219000.0,468200000.0,34579000.0,784411000.0,271007000.0,4668142000.0,4016906000.0,4145351000.0,192840000.0,3824066000.0,628177000.0,LRSHO,2023,502779000.0,18983164000.0,665226000.0,0.021749899194869717,0.8211995795362969,0.9312242555874449,0.3302040659072521,20.830253059531216,0.17376879419241323,2.582924867545685,5.894272479509847,TR,yahoo
31305649000.0,8353778000.0,143506000.0,3327791000.0,7437666000.0,264595000.0,0.0,849135000.0,2088747000.0,6088472000.0,1240636000.0,1450194000.0,470748000.0,769888000.0,808670000.0,LRSHO,2024,264595000.0,23867983000.0,502779000.0,0.008451988968508527,0.7624177668381831,1.0,1.226906306442491,2.6354567624291554,0.03962978055494074,2.5103072879276374,5.1142003051283424,TR,yahoo
33410918000.0,10054611000.0,558379000.0,4266406000.0,6777483000.0,753538000.0,44621000.0,1573498000.0,1546709000.0,6257318000.0,847763000.0,1073751000.0,555409000.0,292354000.0,-398013000.0,LRSHO,2025,798159000.0,26633435000.0,264595000.0,0.023889167008221683,0.79714765694256,0.9440950988462199,1.0452258942332844,1.5263760580041015,0.025373831392480745,2.3566934323643833,4.9750989483338115,TR,yahoo
377884753.0,166322236.0,83126716.0,85732923.0,172314406.0,63327099.0,79243508.0,154676773.0,98868572.0,130102733.0,42342553.0,47685868.0,2513293.0,39829260.0,35373301.0,LUKSK,2021,142570607.0,205570347.0,,0.377285947284568,0.544002755781999,0.4441806087000808,0.017628409199380066,16.847439992074143,0.11205149893941341,1.9400042618399935,7.135073006015531,TR,yahoo
1199473729.0,353748768.0,71048097.0,229576544.0,677452950.0,178908967.0,122472092.0,306270380.0,397592776.0,455654260.0,146820690.0,147476451.0,30609611.0,116211079.0,46818759.0,LUKSK,2022,301381059.0,522020779.0,142570607.0,0.25126107534782033,0.435208180370243,0.5936304278498139,0.13789614205434697,4.796555238810451,0.12240425650873092,1.540875046886323,7.194902012309539,TR,yahoo
1627800142.0,350630871.0,48964100.0,261274651.0,1161612817.0,205967849.0,78425409.0,286243198.0,727267279.0,548190586.0,437791179.0,438325523.0,241086523.0,196704656.0,193936626.0,LUKSK,2023,284393258.0,466187325.0,301381059.0,0.1747101813436259,0.28639100892767955,0.7242360471147316,0.823137908246667,1.8159089672548805,0.26894651726845714,1.3420011074859306,9.49024074000826,TR,yahoo
2079471138.0,385750354.0,52900250.0,280655180.0,1468382125.0,184723820.0,1178592.0,186275159.0,863481886.0,593124011.0,185071037.0,223331961.0,69338815.0,115732222.0,-88632817.0,LUKSK,2024,185902412.0,611089013.0,284393258.0,0.08939889022879047,0.2938675136350943,0.9936601575669712,0.29487328684102065,2.669082778527438,0.08899908905588283,1.374463688858335,8.056336880735675,TR,yahoo
,,,,,,,,,,,,,,,LUKSK,2025,,,185902412.0,,,,,,,,,TR,yahoo
3814581909.0,1340439337.0,420731437.0,842810748.0,835832485.0,306813138.0,14112476.0,320925614.0,583362740.0,9114662.0,89359604.0,89359604.0,10469044.0,78890560.0,50601391.0,LXGYO,2022,320925614.0,2978749424.0,,0.084131268289932,0.7808849030013055,0.9560257100575338,0.03262140366271917,8.535603059840039,0.023425792428042474,1.5904393010896913,5.056380583120628,TR,yahoo
5469948650.0,2159294569.0,49691931.0,1689582665.0,1172170726.0,445026511.0,5332179.0,450358690.0,498934721.0,7549566.0,-74924471.0,-74924471.0,64128190.0,-139052661.0,-37634751.0,LXGYO,2023,450358690.0,4297777924.0,320925614.0,0.08233325736979268,0.7857071791706857,0.9881601507456201,0.16628936869950875,-1.1683546814591212,-0.013697472461647332,1.2780046894006218,4.305001738922889,TR,yahoo
4788584314.0,1075656125.0,14131670.0,863768259.0,1033166393.0,440337172.0,7516330.0,447853502.0,360473632.0,1928555588.0,-98692734.0,-98692734.0,203388868.0,-302081602.0,-224010711.0,LXGYO,2024,447853502.0,3755417921.0,450358690.0,0.0935252409967277,0.7842438755898242,0.9832169895592331,0.45287487703128393,-0.48524157182486505,-0.020610002357368956,1.2453063814191394,3.9360457610330033,TR,yahoo
,,,,,,,,,,,,,,,LYDHO,2021,,,,,,,,,,,,TR,yahoo
2359827411.0,2351671300.0,683926939.0,137650349.0,2217198240.0,0.0,,275091.0,-1113678074.0,13861324.0,1190798522.0,1191119555.0,1818179.0,1188980343.0,1208056326.0,LYDHO,2022,0.0,142629171.0,,0.0,0.0604405094775806,,inf,654.9402022573134,0.5046125477012692,17.084383127862612,27.57963030601706,TR,yahoo
2538369035.0,2530120110.0,157931969.0,52421740.0,2482462926.0,0.0,,0.0,-2361575004.0,0.0,-91957948.0,-91491019.0,3504825.0,-90519059.0,-483694779.0,LYDHO,2023,0.0,55906109.0,0.0,0.0,0.022024421283566437,,inf,-26.2375291205695,-0.03622717844885781,48.26471059526067,53.00116602545218,TR,yahoo
8090247714.0,1770445410.0,855836085.0,250461127.0,2611782860.0,598360.0,,598360.0,-783406311.0,71532332.0,-569380368.0,-527823289.0,2500558.0,-571880926.0,-619296846.0,LYDHO,2024,598360.0,5478464854.0,0.0,7.396065252298157e-05,0.6771689876095678,1.0,8.358038638946454,-227.7013242644242,-0.07037860744544318,7.068743286458181,4.194435411930182,TR,yahoo
8274343268.0,1311894216.0,21212938.0,45913372.0,6471161030.0,212279.0,,212279.0,2823589193.0,63462947.0,-188165518.0,-156373797.0,12384595.0,-200550113.0,385930858.0,LYDHO,2025,212279.0,1803182238.0,598360.0,2.565508743406414e-05,0.21792451432050014,1.0,30.555142301320316,-15.193514039013792,-0.022740840197880946,28.57324911792582,8.981511699050182,TR,yahoo
,,,,,,0.0,,,,,,,,,LYDYE,2021,0.0,,,,,,,,,,,TR,yahoo
50146799.0,29435513.0,329762.0,38111973.0,11119823.0,14823959.0,,14823959.0,-80638367.0,47184182.0,-22538290.0,-20180514.0,2264378.0,-24802668.0,-25154696.0,LYDYE,2022,14823959.0,39026976.0,0.0,0.29561127121992375,0.7782545801178655,1.0,0.30550246395041974,-9.95341325520739,-0.4494462348434244,0.7723429327576402,-5.8483553868616305,TR,yahoo
160441070.0,132422058.0,6835040.0,51259025.0,94514019.0,0.0,,0.0,-46909939.0,71406459.0,86248017.0,91083428.0,5142028.0,81105989.0,67000963.0,LYDYE,2023,0.0,65927051.0,14823959.0,0.0,0.4109113146652537,,0.6937455776827229,16.773151954831828,0.5375681987162015,2.5833901054497233,10.733127950772637,TR,yahoo
2509739515.0,1818218458.0,17671425.0,54373986.0,1911214222.0,0.0,,0.0,1195706721.0,71532332.0,1768412478.0,1800957412.0,49982455.0,1718430023.0,1257108259.0,LYDYE,2024,0.0,598525293.0,0.0,0.0,0.23848104132830694,,inf,35.3806646352205,0.7046199286542293,33.43912395901967,17.501429223188264,TR,yahoo
4613344143.0,33322918.0,78604.0,3427210.0,3548447588.0,0.0,,0.0,3250862716.0,53229195.0,2624430360.0,2640913907.0,16039731.0,2608390629.0,2055155995.0,LYDYE,2025,0.0,1064896555.0,0.0,0.0,0.23082963724174088,,inf,163.62059687908732,0.5688780803361801,9.72304527589497,12.911388857167738,TR,yahoo
,,,,,,,,,,,,33570.0,,,MAALT,2021,,,,,,,,,,,,TR,yahoo
713910383.0,164361764.0,160853646.0,85537497.0,340352594.0,,,,-680486965.0,9351244.0,-98875274.0,-77577182.0,87260.0,-98962534.0,-98962534.0,MAALT,2022,,373557789.0,,,0.523255856610787,,,-1133.1110932844374,-0.1384981593691151,1.9215171096250339,0.8928862135702303,TR,yahoo
3135774921.0,1713792238.0,1712138495.0,128785017.0,2620503586.0,,,,-695486192.0,37394241.0,-19133048.0,9527864.0,7967507.0,-27100555.0,-52300091.0,MAALT,2023,,515271335.0,,,0.16432025511438167,,,-2.401384523414915,-0.006101537413245994,13.307388374223688,11.141734672835245,TR,yahoo
3830700870.0,618269551.0,590671833.0,109022648.0,3273259510.0,,,,-1066719546.0,51930207.0,-16956194.0,18886967.0,,-156383760.0,-156383760.0,MAALT,2024,,557441360.0,,,0.14551941770384175,,,,-0.004426394692624486,5.671019392227567,9.350063025782013,TR,yahoo
5605425307.0,1325634873.0,1287265669.0,305073884.0,4902943697.0,,,,-1037074897.0,49895247.0,-7320505.0,23105983.0,,29644649.0,29644649.0,MAALT,2025,,702481610.0,,,0.12532173234433217,,,,-0.0013059678078054533,4.3452912311563185,11.160874772907178,TR,yahoo
,,,,,,,,,,,,,,,MACKO,2021,,,,,,,,,,,,TR,yahoo
333291016.0,240691144.0,142220077.0,42409652.0,287429899.0,1829.0,,3650160.0,203320457.0,341765184.0,154320814.0,176227882.0,1475182.0,152845632.0,113414197.0,MACKO,2022,1829.0,45861117.0,,5.487696674068166e-06,0.13760081969926247,1.0,806.5511208310552,104.61137269841959,0.463021223470362,5.675385971099221,18.8336728750864,TR,yahoo
551212120.0,347593740.0,164579510.0,105912007.0,441785630.0,168139.0,,4069419.0,367806798.0,543251030.0,248304892.0,278908122.0,1748811.0,261633422.0,219946194.0,MACKO,2023,168139.0,109426490.0,1829.0,0.0003050350199121166,0.19851974590108795,1.0,20.578120587404687,141.98497836530078,0.4504706681703588,3.281910614723787,15.567871530304533,TR,yahoo
704078971.0,517282573.0,131848997.0,92133109.0,588596555.0,932003.0,,7590992.0,566314209.0,912868709.0,451178394.0,503575365.0,0.0,451178394.0,334323095.0,MACKO,2024,932003.0,115482416.0,168139.0,0.0013237194098785262,0.16401912392864237,1.0,0.0,inf,0.6408065182790412,5.614513377595887,19.49121476657492,TR,yahoo
913191193.0,538188091.0,106570162.0,189646587.0,691439107.0,87924610.0,,98298391.0,594279402.0,1099748339.0,481972028.0,552081568.0,27735476.0,454236552.0,321560316.0,MACKO,2025,87924610.0,221752086.0,932003.0,0.09628280547817329,0.24283204623503196,1.0,0.624274886552338,17.377456510932063,0.5277887387597703,2.837847490500844,14.696016453240434,TR,yahoo
,,,,,,,,,,,,,,,MAGEN,2021,,,,,,,,,,,,TR,yahoo
13082946174.0,2768766202.0,472253197.0,1401679661.0,8424347507.0,732887617.0,1717703578.0,2450591195.0,5555953676.0,1240640923.0,-1377994541.0,-1108511796.0,149085286.0,-1527079827.0,-1243431429.0,MAGEN,2022,2450591195.0,4658598667.0,,0.18731187627066057,0.35608177279351083,0.29906563709823497,0.06083645705745711,-9.2429949190291,-0.10532754034702949,1.9753202383094293,6.510867937380891,TR,yahoo
19054981494.0,1507490282.0,372240548.0,1819655761.0,12665392346.0,1171519685.0,2740404796.0,3911924481.0,8008650549.0,1095189486.0,648454901.0,943678093.0,327591402.0,320863499.0,448790109.0,MAGEN,2023,3911924481.0,6389589148.0,2450591195.0,0.2052966822472003,0.33532381807937955,0.2994740033172946,0.10297543257479276,1.9794625165406508,0.034030728458287106,0.8284480583138164,6.82267075890375,TR,yahoo
22143103982.0,1847524692.0,150794647.0,2609866970.0,15187872734.0,1968190562.0,2510428519.0,4478619081.0,10111544651.0,1485165545.0,-125036550.0,266756655.0,483291095.0,-608327645.0,-368953479.0,MAGEN,2024,4478619081.0,6955231248.0,3911924481.0,0.2022579618756541,0.31410371615713256,0.4394637111135016,0.11519899549506683,-0.25871891970200694,-0.005646748987930576,0.7078999478659251,6.767714919485595,TR,yahoo
20948586010.0,1533162393.0,417849716.0,3509254821.0,12924292007.0,2372814487.0,2001481701.0,4445254008.0,8492729951.0,1375486112.0,-726112952.0,-293848342.0,610911427.0,-1337024379.0,-1615841810.0,MAGEN,2025,4374296188.0,8024294003.0,4478619081.0,0.20881104748129012,0.38304704666794837,0.5424448608462633,0.13801361663071848,-1.1885732037551164,-0.03466166889036727,0.43689115530319594,5.411073522403276,TR,yahoo
,,,,,,,,,,,,,,,MAKIM,2021,,,,,,,,,,,,TR,yahoo
521378966.0,331033133.0,48244825.0,81628259.0,428854129.0,8906573.0,0.0,9767989.0,167539779.0,552657379.0,74688835.0,79027092.0,1885943.0,72802892.0,95896298.0,MAKIM,2022,8906573.0,92524837.0,,0.017082724046830842,0.17746177547177844,1.0,0.21174732413914982,39.60291217709125,0.14325248978302665,4.055374168889232,13.265008235583611,TR,yahoo
1094773117.0,694816855.0,105364856.0,239091978.0,796544369.0,91478873.0,46538818.0,138535634.0,409649432.0,1142309158.0,257119209.0,266729964.0,33353185.0,223766024.0,193733566.0,MAKIM,2023,138017691.0,298228748.0,8906573.0,0.12606967494617427,0.2724114644112146,0.6628054152854941,0.45401874533126807,7.708985183873744,0.23486072594162904,2.9060651085499822,11.583328928676268,TR,yahoo
1593450851.0,764404117.0,220315169.0,316359611.0,1118694981.0,112135119.0,141550143.0,259587580.0,498481707.0,1379082508.0,133077594.0,160308088.0,53440402.0,79637192.0,72468153.0,MAKIM,2024,253685262.0,474755870.0,138017691.0,0.15920494933420448,0.2979419601816134,0.44202457058778605,0.27286187959885,2.4902057061621656,0.08351534276472014,2.416250654069745,9.149762837539274,TR,yahoo
1769592448.0,931561988.0,246092803.0,512790109.0,1123240928.0,223340055.0,110131283.0,337305320.0,509709892.0,1397052272.0,113517077.0,147282421.0,54285454.0,59231623.0,19825755.0,MAKIM,2025,333471338.0,646351520.0,253685262.0,0.18844527641202954,0.3652544520804827,0.6697428820704225,0.18490962717612303,2.091114076341703,0.06414871239323915,1.8166535813583722,7.997207496458207,TR,yahoo
,,,,,0.0,,,,,,,,,,MAKTK,2021,0.0,,,,,,,,,,,TR,yahoo
981995385.0,352145077.0,35797.0,195573744.0,633430551.0,,,50809704.0,-2010753608.0,439788011.0,81536474.0,126566491.0,22739310.0,58797164.0,72967777.0,MAKTK,2022,50809704.0,348564834.0,0.0,0.05174128593282544,0.35495567425706387,,0.8950774442614348,3.5857057228209652,0.08303142280042386,1.8005744012345544,0.08678475702826693,TR,yahoo
1644529203.0,656690116.0,504091.0,378220375.0,1052112259.0,,,107213638.0,-2749521678.0,847297878.0,156378612.0,224431642.0,11985851.0,144392761.0,153579675.0,MAKTK,2023,107213638.0,592416944.0,50809704.0,0.06519412230832851,0.3602349796642681,,0.15169722204710745,13.04693442292917,0.09509020071807141,1.7362631931185621,1.4141214948166319,TR,yahoo
2458471744.0,1513608805.0,2918.0,664706087.0,1609628133.0,,,128519871.0,-3321310543.0,1189278055.0,313072210.0,429384055.0,14843379.0,298228831.0,277602399.0,MAKTK,2024,128519871.0,848843611.0,107213638.0,0.05227632626393122,0.3452728765631077,,0.1259335515172771,21.091707622637674,0.12734423764034117,2.277109890525194,3.9578264232791174,TR,yahoo
2400082887.0,1301933330.0,379.0,350950606.0,1713709723.0,,,188066011.0,-3350468360.0,1067376764.0,171205087.0,282233091.0,44508353.0,126696734.0,-29157817.0,MAKTK,2025,188066011.0,686373164.0,128519871.0,0.07835813172064003,0.2859789416931083,,0.28117711831508646,3.84658329190478,0.07133298934271348,3.7097338136523974,4.399324026516649,TR,yahoo
157588525.0,90473992.0,5477906.0,34857597.0,116080728.0,16452821.0,1209231.0,17933052.0,6185044.0,96383712.0,13458243.0,15134039.0,7490301.0,5967942.0,4107910.0,MANAS,2021,17662052.0,41507797.0,,0.112077018298128,0.263393524369874,0.9315350787099936,0.42409007741569327,1.796755964813697,0.08540116102996713,2.5955315278904623,9.203440781262959,TR,yahoo
656825720.0,342456643.0,26656107.0,225040942.0,335301502.0,130690086.0,50206845.0,181201984.0,-14728509.0,269467871.0,-2358538.0,10105283.0,17639009.0,-19997547.0,-39396307.0,MANAS,2022,180896931.0,321524218.0,17662052.0,0.275410851755318,0.48951222251162757,0.7224560708550661,0.17767021903008035,-0.1337114800497012,-0.003590812491325705,1.5217526195744417,5.420441589006639,TR,yahoo
851473203.0,342038187.0,4059899.0,266558588.0,510763379.0,175912629.0,36709259.0,212772606.0,19354436.0,275384520.0,59413602.0,76425892.0,47555298.0,11858304.0,39401120.0,MANAS,2023,212621888.0,340709824.0,180896931.0,0.24971060422203328,0.4001415696930629,0.8273495765403043,0.24169262410802264,1.2493582103091858,0.06977741846797732,1.283163260903828,5.9485940844893515,TR,yahoo
,,,,,,,,,,,,,,,MARBL,2021,,,,,,,,,,,,TR,yahoo
1273651525.0,671877880.0,34228744.0,579931459.0,469264118.0,176204315.0,58127813.0,387250599.0,36656567.0,1162919504.0,135574339.0,195529273.0,33538987.0,102035352.0,53591033.0,MARBL,2022,234332128.0,804387407.0,,0.18398449136234496,0.6315600391559222,0.751942623078983,0.14312585852504187,4.0422908121822525,0.10644539447318606,1.1585470482297116,5.14526208223649,TR,yahoo
2391475966.0,1378843923.0,324802722.0,698997036.0,1450954801.0,164715614.0,49200738.0,423349363.0,165696709.0,1655627563.0,186471673.0,284258876.0,74061326.0,112410347.0,129040142.0,MARBL,2023,213916352.0,940521165.0,234332128.0,0.08944950944156801,0.39328062601152647,0.7700001073316732,0.330447639220104,2.5178008965164898,0.07797346728593467,1.9726033902667364,7.484576170280053,TR,yahoo
3477017727.0,1526379426.0,43784670.0,1039825349.0,2104199183.0,235301848.0,86308544.0,610679424.0,261094757.0,2391870143.0,138830367.0,286939866.0,71154252.0,67676115.0,113263394.0,MARBL,2024,321610392.0,1372818544.0,213916352.0,0.09249604610945948,0.3948264437479527,0.7316363334428572,0.26573556894107236,1.9511183534049377,0.03992800091927745,1.467919038007603,6.290480135025079,TR,yahoo
4279811228.0,2073078898.0,49678201.0,1344228771.0,2376441695.0,415652071.0,185016780.0,974932433.0,262280875.0,3235159803.0,163376492.0,391136796.0,114679516.0,48696976.0,1186118.0,MARBL,2025,600668851.0,1903369533.0,321610392.0,0.1403493796806311,0.44473212289072483,0.6919820635080676,0.24868718855033367,1.4246353463856614,0.03817376124702292,1.5422069090648856,6.134448326505336,TR,yahoo
,,,,,,,,,,,,,,,MARTI,2022,,,,,,,,,,,,TR,yahoo
6679302587.0,398680678.0,178530150.0,416593350.0,1596689019.0,266018137.0,2096831068.0,2391678278.0,-383934215.0,359947910.0,192860408.0,249515218.0,58287090.0,134573318.0,704174.0,MARTI,2023,2362849205.0,5082613568.0,,0.3537568741980397,0.760949740155858,0.11258362845884615,0.02466813788906178,3.3088014515735815,0.02887433313402605,0.9570020212756637,3.568908738427762,TR,yahoo
13133622124.0,216414551.0,6237686.0,606974247.0,3567089891.0,320171206.0,3435893819.0,3763808850.0,-719265748.0,623879870.0,-241125481.0,-113510488.0,137669634.0,-378795115.0,-334466851.0,MARTI,2024,3756065025.0,9566532233.0,2362849205.0,0.28598851021732047,0.7284001429825209,0.08524112438655132,0.04499805972929939,-1.7514790589186864,-0.01835940449050794,0.35654651259034387,3.144528236965832,TR,yahoo
18913363326.0,254853888.0,9988856.0,1168844922.0,4535245819.0,697314556.0,3802393558.0,4529606915.0,-518035325.0,1142638639.0,490986367.0,617506490.0,306792624.0,184193743.0,119410146.0,MARTI,2025,4499708114.0,14378117507.0,3756065025.0,0.237911577990695,0.7602094486935888,0.15496884205231806,0.07432196084718505,1.6003851741885424,0.025959759696734967,0.21803909415452805,3.3493438257098647,TR,yahoo
28634243643.0,1191970432.0,946970718.0,2202256283.0,7288297817.0,1177656629.0,4325463594.0,5534622041.0,-897693788.0,1608027194.0,522837259.0,731381709.0,883627143.0,-360789884.0,-379658463.0,MARTI,2026,5503120223.0,21345945826.0,4499708114.0,0.19218668010269957,0.7454691694368636,0.21399798319470587,0.17667545882628097,0.5916944303282906,0.01825916079776789,0.5412496452848127,3.397555571419008,TR,yahoo
,,,,,,,,,,,,,,,MAVI,2022,,,,,,,,,,,,TR,yahoo
15163443000.0,11396323000.0,5348967000.0,8974150000.0,5123718000.0,2539647000.0,0.0,3594832000.0,3915291000.0,21037941000.0,3367844000.0,4886630000.0,965617000.0,2402227000.0,1905717000.0,MAVI,2023,2539647000.0,10039725000.0,,0.16748485156042728,0.6621006192327165,1.0,0.3802170144118454,3.4877637821206546,0.22210285619169737,1.26990556208666,7.168023317834416,TR,yahoo
19751283000.0,14418631000.0,6898786000.0,8706179000.0,8963582000.0,1284094000.0,499855000.0,3313614000.0,6953212000.0,37367501000.0,5822651000.0,8110716000.0,2028836000.0,3793815000.0,2535235000.0,MAVI,2024,1783949000.0,10787701000.0,2539647000.0,0.09032066423229317,0.5461772280818415,0.7198042096494911,0.9384947159725376,2.869946609780189,0.29479862143638974,1.6561376695792724,9.148423673807873,TR,yahoo
25586797000.0,18497420000.0,8271750000.0,10757063000.0,13344537000.0,1198079000.0,2120000.0,3107084000.0,10691904000.0,50326369000.0,7935489000.0,11002198000.0,3140686000.0,4794803000.0,3558926000.0,MAVI,2025,1200199000.0,12242260000.0,1783949000.0,0.04690696533841262,0.47846004327935227,0.9982336262569791,2.104913027101873,2.526673790375733,0.310139991340065,1.7195604413583894,9.825421047852828,TR,yahoo
26981371000.0,17960054000.0,8505496000.0,10989956000.0,13887148000.0,1649586000.0,0.0,4461661000.0,10741250000.0,47729211000.0,5805453000.0,9242001000.0,2358873000.0,3446580000.0,2293527000.0,MAVI,2026,1649586000.0,13094223000.0,1200199000.0,0.06113796070629621,0.4853060654330723,1.0,1.6554743603464823,2.461112997605212,0.21516523382003086,1.6342243772404548,8.801940289361841,TR,yahoo
2677334096.0,1879303797.0,419687415.0,1839516882.0,757528134.0,75093554.0,27026851.0,103949389.0,525433782.0,997226234.0,503706770.0,503706770.0,33551750.0,470155020.0,301281815.0,MCARD,2022,102120405.0,1919805962.0,,0.03814257068349082,0.7170587954892276,0.7353432842339394,0.328550890490495,15.012831521455661,0.188137435201886,1.0216290023697645,5.6658679553740345,TR,yahoo
4125273365.0,3102830594.0,742308637.0,3030387453.0,1089104494.0,148185409.0,4120722.0,152306131.0,887809305.0,1276065858.0,426372712.0,426372712.0,23826083.0,402546629.0,362375523.0,MCARD,2023,152306131.0,3036168871.0,102120405.0,0.036920251707973785,0.7359921640005062,0.972944477199017,0.18729243713792496,17.89520803734294,0.10335623224813854,1.0239055705329967,5.13799030636866,TR,yahoo
5287189602.0,4067136681.0,1060914311.0,3605272116.0,1507175081.0,158987666.0,121102742.0,280090408.0,1201928367.0,2066448796.0,1107935310.0,1107935310.0,27680840.0,1080254470.0,731248881.0,MCARD,2024,280090408.0,3780014521.0,152306131.0,0.05297529104953025,0.7149383331307285,0.5676298132994259,0.12803451232064555,40.025350025505006,0.20955089440728553,1.1281081011750183,6.390982166684005,TR,yahoo
,,,,,,,,,,,,,,,MEDTR,2021,,,,,,,,,,,,TR,yahoo
1889909415.0,1206762127.0,161078308.0,240087456.0,1506422617.0,23029479.0,60797877.0,84638345.0,464120536.0,1595736869.0,235648993.0,285474298.0,39684180.0,195964813.0,114337104.0,MEDTR,2022,83827356.0,383486798.0,,0.04435522429523428,0.20291279304516296,0.27472510286498836,0.47340369413536076,5.938109165919518,0.12468798299520614,5.026343929438779,12.368516342861696,TR,yahoo
2732983625.0,1559862096.0,216567602.0,411078398.0,2128322568.0,59076662.0,65364346.0,124797329.0,506303482.0,2096766073.0,156354124.0,231985393.0,76098334.0,80255790.0,37345258.0,MEDTR,2023,124441008.0,604661057.0,83827356.0,0.045533023638222495,0.22124576652009761,0.4747362862891628,0.7307718996630712,2.0546326809204523,0.05721004786481295,3.794561094888766,10.69167549712504,TR,yahoo
3678190394.0,2032970281.0,395646733.0,601283836.0,2918879448.0,35563753.0,25795240.0,61358993.0,695503212.0,2741346868.0,191583368.0,307172422.0,96553394.0,95029974.0,96114182.0,MEDTR,2024,61358993.0,759310946.0,124441008.0,0.016681842544119266,0.20643600919588503,0.5796013145130984,1.0393260869788692,1.98422199430918,0.05208631078818483,3.3810492803601657,10.806162499336654,TR,yahoo
3590526540.0,1821357594.0,315953620.0,541529219.0,2905737069.0,22325615.0,11433826.0,38921220.0,645373956.0,2873632332.0,31263922.0,207686867.0,47361500.0,-16097578.0,-9271831.0,MEDTR,2025,33759441.0,684789471.0,61358993.0,0.00940236498015135,0.19072118347299558,0.6613147119349517,0.9958427196141602,0.6601125808937639,0.008707336278316439,3.3633597783760583,10.688181043705967,TR,yahoo
624758670.0,486438240.0,4048094.0,326053726.0,246743180.0,61994561.0,25386963.0,118207222.0,35961192.0,564709615.0,41684596.0,45696229.0,27913107.0,13771489.0,15967643.0,MEGAP,2021,87381524.0,378015490.0,,0.13986444397802433,0.6050584139952792,0.7094698989227974,0.3194394618249048,1.4933699784835848,0.06672111649126854,1.4918959705432104,6.255427688555796,TR,yahoo
2819440962.0,2192346268.0,71065556.0,1867086911.0,820165951.0,453136374.0,42580094.0,601286937.0,335498276.0,2950343226.0,228338493.0,263376925.0,140133208.0,88205285.0,81367898.0,MEGAP,2022,495716468.0,1999275011.0,87381524.0,0.17582083635770063,0.7091033428065802,0.914103934913052,0.4806506279308196,1.6294388479281798,0.08098715173593339,1.1742068647601376,5.369681073096562,TR,yahoo
3737833853.0,2904353810.0,15086577.0,2449684703.0,1249036513.0,655449107.0,11734694.0,727958046.0,582518232.0,4086631633.0,398791321.0,445416122.0,207610203.0,191181118.0,247019956.0,MEGAP,2023,667183801.0,2488797340.0,495716468.0,0.1784947719023187,0.6658394775900704,0.9824116023464424,0.3570559033037768,1.9208657148704777,0.1066904888455458,1.1856031131039806,5.7999241754556135,TR,yahoo
,,,,,,,,,,,,,,,MEGMT,2021,,,,,,,,,,,,TR,yahoo
3562881042.0,1971498833.0,126220224.0,2248524315.0,822930068.0,1197365306.0,113251368.0,1611023125.0,96921653.0,8840193329.0,302708640.0,423024413.0,155781530.0,146927110.0,81690973.0,MEGMT,2022,1310616674.0,2739950974.0,,0.3678530544663635,0.7690267908753828,0.9135892513450504,0.1188612453132883,1.9431612977481991,0.08496175887760667,0.876796759478227,3.7149262653991153,TR,yahoo
6857856100.0,4168103692.0,1508058873.0,3502028701.0,2768047202.0,1777639039.0,122068737.0,2373714835.0,397043647.0,11726940184.0,584779739.0,808791303.0,331376829.0,253402910.0,300121994.0,MEGMT,2023,1899707776.0,4089808898.0,1310616674.0,0.27701190405555465,0.5963684332775662,0.9357434135175114,0.20644444769437556,1.7646971297440956,0.08527150912367497,1.190196896675862,5.359568115266524,TR,yahoo
8850113471.0,5468040443.0,1646506453.0,4539586221.0,3652174182.0,3167373162.0,318698968.0,3963437051.0,810294539.0,17935638653.0,757320454.0,1099654297.0,447574337.0,309746117.0,422605671.0,MEGMT,2024,3486072130.0,5197939289.0,1899707776.0,0.3939014049280996,0.5873302422655458,0.9085793534627753,0.16620595152853615,1.6920551322852095,0.08557183548906838,1.2045239757106048,5.5494722089920625,TR,yahoo
14709177249.0,8798790979.0,1797646229.0,8623212112.0,3970169848.0,4927662451.0,808241469.0,7037723585.0,2269157580.0,23015510820.0,1794463297.0,2303848183.0,453408921.0,1341054376.0,1469561980.0,MEGMT,2025,5735903920.0,10739007401.0,3486072130.0,0.38995409620140065,0.7300889247037994,0.8590908285297777,0.09833227033809093,3.9577150203447364,0.12199617059628513,1.020361190785933,5.03921408879882,TR,yahoo
,,,,,,,,,,,,,,,MEKAG,2021,,,,,,,,,,,,TR,yahoo
1153304321.0,886225923.0,115421855.0,635744907.0,440913877.0,47683598.0,23360323.0,71043921.0,190015124.0,1363175264.0,131661310.0,152704113.0,7566061.0,124095249.0,77127730.0,MEKAG,2022,71043921.0,712390444.0,,0.06160032500216393,0.6176951139681024,0.6711847731489933,0.10649835895178139,17.401566019623687,0.11416007692214308,1.393996103220061,6.6288688544189185,TR,yahoo
2226423235.0,1686090319.0,296826125.0,925017689.0,1233362712.0,59049036.0,24238225.0,83287261.0,349709205.0,2188966687.0,168581922.0,214324552.0,27571487.0,141010435.0,158183112.0,MEKAG,2023,83287261.0,993060523.0,71043921.0,0.03740854824487133,0.4460340277575301,0.7089804045783185,0.3573028683211925,6.114357270610758,0.07571872200659997,1.8227654876770687,7.817412838335563,TR,yahoo
2600208481.0,1771209590.0,105277272.0,1037586456.0,1489165192.0,117070319.0,8474019.0,125544338.0,336337242.0,2684891536.0,-15954828.0,69635546.0,90050532.0,-106005360.0,-113732018.0,MEKAG,2024,125544338.0,1111043289.0,83287261.0,0.04828241232092189,0.4272900796680387,0.9325017827566227,0.8624224727599773,-0.17717638803066704,-0.006135980294112425,1.7070477161278597,6.888633758032972,TR,yahoo
2495890135.0,1730549531.0,409746119.0,993754277.0,1415207073.0,5333572.0,3494535.0,8828107.0,237627826.0,2875634546.0,-39103163.0,66509875.0,2948407.0,-42051570.0,-59843359.0,MEKAG,2025,8828107.0,1080683062.0,125544338.0,0.003537057531580812,0.4329850288061658,0.6041580601594431,0.04388410138700684,-13.262471225987458,-0.01566702093640031,1.741425995392219,6.766654961422916,TR,yahoo
631103907.0,64568584.0,1479517.0,171200678.0,373797565.0,30912511.0,38057985.0,69190770.0,63378324.0,602052677.0,60612607.0,74667707.0,2841326.0,57771281.0,66262506.0,MEPET,2021,68970496.0,257306342.0,,0.10928548410967134,0.40770836489212225,0.4481990531139576,0.0411962529601063,21.332507075921594,0.09604219895916442,0.37715145029974706,4.639772180436552,TR,yahoo
1781061964.0,117812568.0,4976222.0,398984837.0,1182728675.0,129266221.0,12904263.0,142170484.0,262843568.0,3418109622.0,91535415.0,179718249.0,24221822.0,67313593.0,22910306.0,MEPET,2022,142170484.0,598333289.0,68970496.0,0.07982343504810258,0.33594187125092073,0.9092338814855551,0.22943743085780885,3.7790474638943348,0.05139372848905553,0.2952808153959996,5.116394681361712,TR,yahoo
2547336304.0,207922571.0,50397268.0,367688487.0,2043465233.0,194744037.0,0.0,194744037.0,655529017.0,4714728430.0,239559994.0,345318512.0,17819238.0,221740756.0,276038703.0,MEPET,2023,194744037.0,503871071.0,142170484.0,0.07645006931130363,0.1978031209341254,1.0,0.10577898481258989,13.443896646983445,0.09404333209707201,0.5654856715706739,8.567769511923323,TR,yahoo
2231461746.0,225671188.0,65861527.0,342185212.0,1754780350.0,161499392.0,,161499392.0,401553113.0,4144799139.0,-223183568.0,-128612288.0,23813765.0,-246997333.0,-253975904.0,MEPET,2024,161499392.0,476681396.0,194744037.0,0.07237381160107058,0.21361844846969652,1.0,0.13369377825071407,-9.372040414440976,-0.10001675735650277,0.6595001189005211,6.687307240456901,TR,yahoo
,,,,,,,,,,,,,,,MERCN,2021,,,,,,,,,,,,TR,yahoo
2076352503.0,1424035263.0,195368377.0,839276153.0,1220157934.0,688916327.0,5109170.0,711366641.0,336153701.0,2839720211.0,302761897.0,344807078.0,149587262.0,153174635.0,101451661.0,MERCN,2022,694025497.0,856194569.0,,0.33425225051971824,0.4123551120356176,0.9926383540344196,0.2155356865801142,2.023981808023199,0.14581430492296327,1.696742196129097,8.101482883957551,TR,yahoo
3352927594.0,1739105675.0,173486053.0,1360916866.0,1891102843.0,848635877.0,10830737.0,1024145981.0,311729985.0,3481716173.0,513505915.0,570114038.0,374929519.0,138576396.0,87833586.0,MERCN,2023,859466614.0,1461824751.0,694025497.0,0.2563331864183405,0.4359845866090003,0.9873983039904328,0.4826925303903265,1.3696065232996497,0.15315150733314642,1.2778926607850563,6.680536510376635,TR,yahoo
3552334149.0,1322116384.0,173945273.0,1156723927.0,2337223590.0,841304794.0,2642916.0,913821989.0,305936126.0,3443895353.0,448229043.0,533128337.0,548751555.0,-100522512.0,-78400778.0,MERCN,2024,843947710.0,1215110559.0,859466614.0,0.23757554177091578,0.3420597579037039,0.9968683889194984,0.6442960438555053,0.8168159869724652,0.12617873887966838,1.142983518486516,6.703745568347747,TR,yahoo
3919744419.0,1280721149.0,137371975.0,1240288351.0,2438408137.0,833366150.0,118497650.0,984058645.0,337496012.0,2900312489.0,531583832.0,612925292.0,296884600.0,234699232.0,141906215.0,MERCN,2025,951863800.0,1481336282.0,843947710.0,0.24283823082598793,0.37791654854321255,0.8755098681134843,0.33064115955020246,1.7905402705293572,0.13561696253033176,1.0325995144333981,6.238095620592662,TR,yahoo
,,,,,,,,,,,,,,,MERIT,2021,,,,,,,,,,,,TR,yahoo
2665573015.0,40971308.0,2272635.0,14215327.0,2510792077.0,,,,129591003.0,112603766.0,41453030.0,41453030.0,501832.0,40951198.0,15554972.0,MERIT,2022,,154780938.0,,,0.05806666601477431,,,82.60340113822953,0.015551264124723291,2.882192439189053,20.61150502223958,TR,yahoo
6314197374.0,81497935.0,2686199.0,48763101.0,5980588016.0,,,,121655625.0,149405067.0,71576333.0,71576333.0,4132966.0,67443367.0,121655625.0,MERIT,2023,,333609358.0,,,0.05283480040926576,,,17.318393860486633,0.011335776942090883,1.6713033693242765,22.24626118081422,TR,yahoo
12834157609.0,73192620.0,1575599.0,24005942.0,12804586381.0,,,,4983274350.0,197001276.0,131116315.0,131116315.0,10980004.0,120136311.0,467899006.0,MERIT,2024,,29571228.0,,,0.002304103541572769,,,11.94137224358024,0.01021619953521953,3.0489376338574843,459.26828091727964,TR,yahoo
17344342538.0,166502888.0,6498656.0,52947952.0,17280543456.0,,,,7003023485.0,324834264.0,803907840.0,803921193.0,5825.0,803902015.0,754960257.0,MERIT,2025,,63799082.0,,,0.003678379959356866,,,138009.9296137339,0.04634985951405799,3.144652091548319,289.32244197158246,TR,yahoo
352205797.0,62755996.0,2016172.0,73214266.0,244861991.0,31181180.0,0.0,31181180.0,-56402959.0,114892184.0,6688679.0,12539473.0,5947464.0,741215.0,1904871.0,MERKO,2022,31181180.0,107343806.0,,0.08853113794717013,0.30477580696946904,1.0,0.19073890083697922,1.124627067940218,0.018990825980073234,0.8571552981218169,5.055920366760902,TR,yahoo
2240334049.0,1002883552.0,30464690.0,675323514.0,503662419.0,118679416.0,40958094.0,289847599.0,-735058126.0,1672634071.0,-356390242.0,-331827223.0,21291287.0,-377681529.0,-433478515.0,MERKO,2023,159637510.0,1736671630.0,31181180.0,0.07125611918064456,0.7751842323581987,0.7434306385761091,0.22315724942876403,-16.738783428169466,-0.1590790633026709,1.4850416596037554,2.375032758708904,TR,yahoo
3478757146.0,1403549317.0,49665675.0,537907407.0,1388073292.0,175439054.0,58313646.0,308547344.0,-789815875.0,1396221539.0,517333446.0,568831603.0,156182159.0,361151287.0,115831560.0,MERKO,2024,233752700.0,2090683854.0,159637510.0,0.06719431400055542,0.6009858596780587,0.7505327382314728,0.7940317528491622,3.3123722281237002,0.1487121475538609,2.6092767988227386,5.8386933365200235,TR,yahoo
,,,,,,,,,,,,,,,MERKO,2025,,,233752700.0,,,,,,,,,TR,yahoo
13167355644.0,1322060134.0,465752435.0,3082543240.0,5365567088.0,1017417139.0,2724016482.0,6390344660.0,7311152075.0,1447521408.0,3946557360.0,3947811661.0,810711614.0,3135845746.0,3609020620.0,METEN,2023,3741433621.0,7801788556.0,,0.28414464697054553,0.5925098984893796,0.2719324307370894,0.21668475138770876,4.8680163104213285,0.2997228499557037,0.4288861602473417,6.9192935473468005,TR,yahoo
19900816484.0,1417395891.0,288543616.0,2332590860.0,13079555028.0,634830703.0,1893917705.0,4178315730.0,8157342182.0,2168871279.0,1360617298.0,1362220272.0,376163745.0,984453553.0,849792937.0,METEN,2024,2528748408.0,6821261456.0,3741433621.0,0.12706757082218617,0.34276289425030404,0.25104541875009656,0.11998495203495471,3.617087813712616,0.06836992336942149,0.6076487374215296,6.757381529736437,TR,yahoo
22253388623.0,2128644123.0,284887341.0,2068607463.0,13578781318.0,482630996.0,844098701.0,6081273725.0,8028291157.0,2070260433.0,745221799.0,747624843.0,272678336.0,472543463.0,359014189.0,METEN,2025,1326729697.0,8674607305.0,2528748408.0,0.05961922112072217,0.3898106239889396,0.3637749249838341,0.1414498168963146,2.7329703192849175,0.0334880144154664,1.0290227416626119,6.312453959931305,TR,yahoo
,,,,,,,0.0,,,,,43440.0,,,METRO,2021,0.0,,,,,,inf,,,,,TR,yahoo
5388321930.0,81559149.0,164356.0,52931660.0,5128936605.0,,,,755868478.0,54633965.0,1159696984.0,1160092093.0,0.0,1159696984.0,1023689639.0,METRO,2022,,259385325.0,0.0,,0.048138423867335633,,,inf,0.21522414567386475,1.5408386776458551,25.950565914879824,TR,yahoo
4704857724.0,61741473.0,309776.0,16485744.0,4459524892.0,,,,-1869190822.0,16058249.0,-2897324505.0,-2895385228.0,0.0,-2897324505.0,-2945267701.0,METRO,2023,,245332832.0,,,0.052144580429824706,,,-inf,-0.6158155410779856,3.7451432583206437,16.96597665578634,TR,yahoo
4728132077.0,50545417.0,196999.0,24998975.0,4415664737.0,,,,-1421282038.0,51338108.0,-7691396.0,-5133244.0,0.0,-1341706688.0,-1421282038.0,METRO,2024,,312467340.0,,,0.0660868467528641,,,-inf,-0.0016267303608997724,2.021899577882693,17.1327369976502,TR,yahoo
4071448153.0,55289845.0,147110.0,7635182.0,3854376246.0,,,,-1981695187.0,191337210.0,55536120.0,56274461.0,,-570756544.0,-560413149.0,METRO,2025,,217071907.0,,,0.05331565056036709,,,,0.01364038492276485,7.2414573745589825,20.475735961408393,TR,yahoo
,,,,,,,,,,,,,,,MGROS,2021,,,,,,,,,,,,TR,yahoo
81620198000.0,33624651000.0,11359632000.0,42857914000.0,27434747000.0,2033340000.0,2317941000.0,12284305000.0,23085018000.0,140480068000.0,15848620000.0,20593996000.0,6716068000.0,9132552000.0,9139805000.0,MGROS,2022,4351281000.0,54185451000.0,,0.05331132619893914,0.6638730648509331,0.46729687188669267,1.5434691531068667,2.3598063628897146,0.19417522118728503,0.7845610731310908,5.266427777026886,TR,yahoo
133015623000.0,54684664000.0,17410183000.0,64819729000.0,52011551000.0,1664336000.0,1250921000.0,14827691000.0,46237570000.0,262132403000.0,25436789000.0,34370590000.0,9897686000.0,15539103000.0,12746783000.0,MGROS,2023,2915257000.0,81004072000.0,4351281000.0,0.021916651098946475,0.6089816381944849,0.5709054124559173,2.724181996983983,2.5699733250782053,0.19123158939006735,0.8436422805778777,5.842638803515082,TR,yahoo
196415076000.0,75516831000.0,28724325000.0,92951112000.0,75013264000.0,1301311000.0,280350000.0,27612507000.0,67783257000.0,384534078000.0,37709191000.0,50768948000.0,27313650000.0,10395541000.0,8298216000.0,MGROS,2024,1581661000.0,121401812000.0,2915257000.0,0.008052645612600532,0.618088053485263,0.8227496283969826,12.147719838342615,1.3805987482449251,0.1919872535649962,0.8124360147514965,5.7316927074622885,TR,yahoo
209583279000.0,76260429000.0,26930634000.0,96259374000.0,79034025000.0,95561000.0,677444000.0,31801730000.0,72089720000.0,412756429000.0,,53053851000.0,27673401000.0,9310371000.0,6467130000.0,MGROS,2025,773005000.0,130549254000.0,1581661000.0,0.003688295190762809,0.6228991865329104,0.12362274500164941,23.505160392174517,,,0.7922389875504489,,TR,yahoo
1149430916.0,51431986.0,20328552.0,11010996.0,947536788.0,1527.0,0.0,1527.0,335393247.0,37904107.0,457577320.0,457842921.0,44080398.0,413496922.0,328407028.0,MHRGY,2021,1527.0,201894128.0,,1.328483494522606e-06,0.17564703123053982,1.0,28867.320235756386,10.380516981720538,0.3980903189835552,4.670965823618499,12.034991948099918,TR,yahoo
2216138444.0,114579251.0,48494805.0,18987654.0,2192676036.0,13158.0,0.0,13158.0,1572676036.0,59016061.0,1050474252.0,1050732070.0,12240.0,1050462012.0,1237282789.0,MHRGY,2022,13158.0,23462408.0,1527.0,5.937354697141836e-06,0.010587067817681881,1.0,1.6670071501532175,85823.05980392157,0.47401111372083576,6.034407989528353,107.15936717049588,TR,yahoo
,,,,,,,,,,,,,,,MIATK,2021,,,,,,,,,,,,TR,yahoo
1470336285.0,644371060.0,291509011.0,275451568.0,1136657273.0,122087266.0,2073683.0,129112206.0,607737684.0,1100194037.0,442864188.0,503970593.0,20085354.0,422778834.0,424545649.0,MIATK,2022,124160949.0,333679012.0,,0.08444391277468882,0.22694060903217117,0.9832984282360793,0.16176868944518136,22.049110411496855,0.3011992511631446,2.3393261642278977,11.844241967049545,TR,yahoo
3140143136.0,1091597300.0,281120283.0,519236811.0,2540257327.0,288216358.0,63678107.0,356319130.0,1043664830.0,2022762660.0,668038563.0,835624472.0,82463250.0,585575313.0,727651637.0,MIATK,2023,351894465.0,599885809.0,124160949.0,0.11206319258689997,0.1910377275872051,0.819042032957239,0.34644391209465375,8.101045774936107,0.212741436955949,2.102311078249034,11.40512469647106,TR,yahoo
8187361166.0,3199428094.0,1116282776.0,1668929399.0,6203698321.0,769723198.0,144178377.0,916128469.0,4218902435.0,3381343384.0,3580497939.0,3906028803.0,475873684.0,3104624255.0,2872982657.0,MIATK,2024,913901575.0,1983662845.0,351894465.0,0.11162345919161325,0.2422835398098279,0.8422386163411525,0.7518963070859347,7.524051149254137,0.43732014093489424,1.9170541881022973,12.37870589057534,TR,yahoo
7172560147.0,2804219729.0,695627586.0,1517751456.0,5462068845.0,1049236896.0,41007337.0,1091222153.0,3441276984.0,2757037061.0,-110692063.0,288907915.0,588179662.0,-698871725.0,-729884911.0,MIATK,2025,1090244233.0,1710491302.0,913901575.0,0.15200210394276112,0.2384770942235223,0.9623870177353188,0.5869629441651882,-0.18819430550116506,-0.015432713108205601,1.847614586640199,9.239925071537002,TR,yahoo
,,,,,,,,,,,,,,,MNDRS,2021,,,,,,,,,,,,TR,yahoo
12451094731.0,4565610275.0,193804086.0,3462586524.0,6490533652.0,2363699125.0,1385465275.0,3776616667.0,1116284664.0,7994262391.0,1685975888.0,2032129240.0,234271906.0,1451703982.0,1919241296.0,MNDRS,2022,3749164400.0,5960561079.0,,0.30111122604067514,0.4787178322689769,0.630460250022645,0.06248643191000106,7.196662701843557,0.13540784360128244,1.318554855843943,6.176710628520462,TR,yahoo
17543929129.0,5503326613.0,632184536.0,3373059196.0,11361454165.0,2134860494.0,1464822859.0,3616152315.0,3212581845.0,9154983790.0,1711442968.0,2390095876.0,449460720.0,1261982248.0,1600903761.0,MNDRS,2023,3599683353.0,6182474964.0,3749164400.0,0.20518113853126246,0.35239967732088073,0.593068968752708,0.12232141285455747,3.807769826916132,0.09755186283618736,1.631553522548971,7.228625950728476,TR,yahoo
22685868048.0,6811366813.0,758781825.0,4074710448.0,14912876248.0,2646902870.0,1657989081.0,4349778298.0,4263241298.0,10282750474.0,1391782590.0,2389964792.0,849262506.0,542520084.0,-30785940.0,MNDRS,2024,4304891951.0,7772991800.0,3599683353.0,0.18976095346633748,0.34263585521847695,0.6148593042817581,0.21487871854930463,1.6388131822223646,0.061350202119451205,1.6716198365317565,7.080736854780211,TR,yahoo
21773610617.0,6931621328.0,1576063250.0,3180964225.0,14949443910.0,1773647940.0,1500983537.0,3304745434.0,4570621011.0,8829512660.0,821935117.0,1844009789.0,422399566.0,399535551.0,307379713.0,MNDRS,2025,3274631477.0,6824166707.0,4304891951.0,0.15039450895862413,0.3134145653211945,0.5416328379109391,0.11145808044859044,1.9458711209944757,0.03774914190659149,2.179094399591998,7.618200446846387,TR,yahoo
3716974054.0,2979099484.0,81598288.0,2389962348.0,1225179724.0,486506458.0,,518901774.0,600921237.0,3981585161.0,576680028.0,642065820.0,76029192.0,500650836.0,502814564.0,MNDTR,2021,486506458.0,2491794330.0,,0.13088777347704347,0.6703824922636923,1.0,0.15627581247852623,7.584981673881264,0.15514771414113293,1.2465047771539202,6.3756594035259715,TR,yahoo
4881561957.0,3552981782.0,102635101.0,2651326068.0,1995668981.0,841475022.0,,894450289.0,1509443769.0,8110333108.0,943511852.0,1023144554.0,244870755.0,698641097.0,864779884.0,MNDTR,2022,841475022.0,2885892976.0,486506458.0,0.17237823250268336,0.5911822898942671,1.0,0.3687864005452847,3.853101412620711,0.19328072865018847,1.3400772635559512,7.494657654059991,TR,yahoo
,,,,,,,,,,,,,,,MOBTL,2021,,,,,,,,,,,,TR,yahoo
7130613649.0,1623175306.0,278252480.0,1520788038.0,4725273252.0,732223156.0,216545945.0,971491403.0,1000815549.0,7692758140.0,495019549.0,532932660.0,93857202.0,401162347.0,247253714.0,MOBTL,2022,948769101.0,2405340397.0,,0.13305574354502514,0.3373258621769987,0.7717611747982084,0.09892523049188129,5.274177563912463,0.06942173189672417,1.0673251402836192,6.330981632125136,TR,yahoo
10577982646.0,2777432531.0,72748690.0,2164260597.0,7078201631.0,1402425228.0,487962702.0,1924047938.0,1942451926.0,11182533070.0,767838113.0,826561354.0,240377635.0,527460478.0,502443865.0,MOBTL,2023,1890387930.0,3499781015.0,948769101.0,0.17870968343050164,0.33085524264150884,0.7418716580569789,0.16933028527508734,3.1942993074210086,0.07258833169766575,1.2833170528770663,6.840288264597421,TR,yahoo
11773050191.0,2861140377.0,84691974.0,2403487605.0,8333584683.0,1150166118.0,35650534.0,1236573911.0,2702207483.0,12345040434.0,1003375226.0,1082260048.0,780853082.0,222522144.0,172168460.0,MOBTL,2024,1185816652.0,3439465508.0,1890387930.0,0.10072297601402454,0.2921473579233805,0.9699358801043384,0.5076730504655363,1.2849731263531083,0.08522644596954475,1.190411954298387,7.370055678246523,TR,yahoo
13049584774.0,4067490315.0,145007461.0,3289854616.0,8523913728.0,1935497432.0,19431861.0,1954929293.0,3366957722.0,15368465561.0,1602132685.0,1673176923.0,786727969.0,815404716.0,664750239.0,MOBTL,2025,1954929293.0,4525671046.0,1185816652.0,0.1498077775543481,0.346805750863196,0.9900600696559311,0.5009816029548356,2.0364506514703558,0.12277269451454809,1.2363738796292145,7.284701044870864,TR,yahoo
49005295855.0,2767840830.0,1536549970.0,4558959878.0,20236632162.0,3507331612.0,15231218036.0,18738549648.0,941015981.0,3287532514.0,1996273643.0,1996273643.0,889628081.0,1106645562.0,1703579788.0,MOGAN,2021,18738549648.0,28768663693.0,,0.3823780536586253,0.5870521377551227,0.18717198918190256,0.04747582378100173,2.243941806283878,0.040735875749157845,0.6071211206215401,4.085177494339546,TR,yahoo
62297467916.0,5092990444.0,2519824871.0,7621028373.0,23896489325.0,4998836841.0,18754383557.0,23753220398.0,1202409437.0,10844531819.0,4251866454.0,4251866454.0,4669745958.0,-417879504.0,-950266301.0,MOGAN,2022,23753220398.0,38400978591.0,18738549648.0,0.38128709227842317,0.6164131525021002,0.21044880471958646,0.21979531344280118,0.9105134395407297,0.0682510316427802,0.6682812600519366,4.158765982127841,TR,yahoo
,,,,,,,,,,,,,,,MOPAS,2021,,,,,,,,,,,,TR,yahoo
5004913768.0,2543584123.0,652812263.0,2026683018.0,1930099185.0,20225928.0,0.0,584728841.0,1063689060.0,8951907525.0,861008768.0,1131235198.0,267957166.0,593051602.0,413369586.0,MOPAS,2022,20225928.0,3074814583.0,,0.004041214082312237,0.6143591529307644,1.0,13.248201318624293,3.2132328493129383,0.17203268785669115,1.255047829586146,6.435510460854973,TR,yahoo
4836367070.0,2269503736.0,612954070.0,1830206535.0,1991562211.0,30759329.0,59566298.0,830209730.0,1107472985.0,11359651958.0,1647996594.0,1990468063.0,701622630.0,946373964.0,740107907.0,MOPAS,2023,90325627.0,2844804859.0,20225928.0,0.018676338187870425,0.5882111133884633,0.3405382284254722,12.693130006176757,2.3488361457212403,0.3407509335307752,1.24002602580588,7.617280866398969,TR,yahoo
7390053978.0,3540422038.0,908373594.0,2848242267.0,3021605971.0,283424264.0,24179962.0,1454056584.0,1565127069.0,17417973383.0,2010186618.0,2628435195.0,1435674903.0,574511715.0,298683820.0,MOPAS,2024,307604226.0,4368448007.0,90325627.0,0.041624083790961455,0.5911253178941259,0.9213926209193238,7.215718510066145,1.4001683903504163,0.2720124405023662,1.243019977274988,7.1090604481406565,TR,yahoo
9059392466.0,4663514886.0,915083462.0,2491380761.0,4851676303.0,67154763.0,23775320.0,1412466565.0,1799158843.0,18079449033.0,1857527295.0,2564371582.0,1391938762.0,465588533.0,234031774.0,MOPAS,2025,90930083.0,4207716163.0,307604226.0,0.010037106057747427,0.4644589776623107,0.7385318563934447,6.985289499880925,1.3344892359567755,0.20503883698286837,1.8718595563562674,8.05884349688639,TR,yahoo
,,,,,,,,,,,,,,,MPARK,2021,,,,,,,,,,,,TR,yahoo
22616068000.0,6964561000.0,1261961000.0,7968031000.0,9891660000.0,2319909000.0,401122000.0,4996850000.0,5475600000.0,18902871000.0,5999917000.0,7261641000.0,1219353000.0,4780564000.0,4741597000.0,MPARK,2022,2721031000.0,12724408000.0,,0.12031406166624543,0.5626268898731646,0.8525845534284615,0.4481216862284921,4.920574271765436,0.2652944357967088,0.874062989965777,6.347240543137421,TR,yahoo
41025377000.0,12213788000.0,4060471000.0,12830891000.0,18300053000.0,3850574000.0,1549118000.0,8743136000.0,13849529000.0,32412088000.0,11500507000.0,13727243000.0,2372468000.0,9128039000.0,6539772000.0,MPARK,2023,5399692000.0,22725324000.0,2721031000.0,0.13161833954627644,0.5539333374072346,0.7131099329369157,0.584299698438181,4.8474866678918325,0.2803266622022754,0.9519048988881599,6.981179994140493,TR,yahoo
61900801000.0,14644049000.0,3570245000.0,17249830000.0,29616838000.0,4439933000.0,0.0,10456893000.0,21236193000.0,51951068000.0,13999236000.0,17548234000.0,3863364000.0,10135872000.0,6819509000.0,MPARK,2024,4439933000.0,32283963000.0,5399692000.0,0.07172658395809774,0.521543541900209,1.0,0.7852665116810854,3.6235871121644245,0.22615597494449224,0.8489387431644254,6.575274753418882,TR,yahoo
82201799000.0,21427766000.0,8040928000.0,16634713000.0,34830773000.0,1576101000.0,11271015000.0,19999323000.0,26529290000.0,55092968000.0,14926086000.0,19516454000.0,5295744000.0,9630342000.0,5536663000.0,MPARK,2025,12847116000.0,47371026000.0,4439933000.0,0.15628752845177998,0.5762772418155958,0.12268130839637471,0.6126834024708323,2.818505954970633,0.18157858078020897,1.2881355993337547,6.676862487697802,TR,yahoo
,,,,,,,,,,,,,,,MRGYO,2022,,,,,,,,,,,,TR,yahoo
4036722059.0,133764272.0,55210993.0,134110905.0,3446672915.0,105903621.0,455619400.0,561523021.0,1557800256.0,34403116.0,1417483734.0,1418017269.0,7790282.0,1409693452.0,1409693452.0,MRGYO,2023,561523021.0,590049144.0,,0.1391037115741141,0.1461703667916563,0.18860067537640635,0.013873486408672104,181.95538158952397,0.35114722125583925,0.9974153257708611,13.000602156609542,TR,yahoo
8208851663.0,92559893.0,1180746.0,158905605.0,7303764184.0,121012991.0,740154296.0,861167287.0,2794007069.0,78219951.0,1306538717.0,1309679185.0,23267222.0,1283271495.0,1283271495.0,MRGYO,2024,861167287.0,905087479.0,561523021.0,0.10490715661017055,0.11025750204252412,0.14052204818597575,0.03270876573652739,56.15361889786413,0.15916217890609483,0.5824835001886812,13.849302424194061,TR,yahoo
12486044284.0,169655934.0,133096.0,229578611.0,8388286480.0,178816352.0,859725530.0,1042084210.0,2043087815.0,148325857.0,2586717862.0,2590558017.0,17721017.0,2568996845.0,1785811360.0,MRGYO,2025,1038541882.0,4097757804.0,861167287.0,0.08317621324880446,0.3281870311200956,0.1721802029357156,0.018656557844934,145.9689284198531,0.20716872399008704,0.738988415606365,7.293519275756893,TR,yahoo
19246444856.0,679005377.0,10620307.0,196017452.0,13585447982.0,58944353.0,1021101492.0,1084095843.0,3693621566.0,208117577.0,2344325949.0,2351811864.0,60490908.0,2283835041.0,1650533751.0,MRGYO,2026,1080045845.0,5660996874.0,1038541882.0,0.05611664144109711,0.29413208082609643,0.0545757879379648,0.0571049357353329,38.75501338151512,0.12180566159308981,3.464004710152033,7.378614263405876,TR,yahoo
,,,,,,,,,,,,,,,MRSHL,2021,,,,,,,,,,,,TR,yahoo
2765894335.0,2010558807.0,888274519.0,2318684727.0,346413281.0,548399619.0,,553126449.0,-488665812.0,3144525915.0,328252950.0,435933427.0,356083112.0,-27830162.0,-35897824.0,MRSHL,2022,548399619.0,2419481054.0,,0.1982720786041886,0.8747554175817783,1.0,0.6493132009269321,0.9218436340783271,0.1186787744731398,0.8671117653849109,2.8910981505719233,TR,yahoo
3116204100.0,2018502308.0,888128284.0,1937231989.0,1118113121.0,528625889.0,,530091720.0,-915780028.0,4496184870.0,289154155.0,446395892.0,613746167.0,-324592012.0,-210249215.0,MRSHL,2023,528625889.0,1998090979.0,548399619.0,0.16963776185263346,0.6411938739827728,1.0,1.1397059075039102,0.4711298750970448,0.09279050592353691,1.0419517742126236,3.674168328453872,TR,yahoo
3345544479.0,1858607509.0,484179469.0,2080640878.0,1168807711.0,528978622.0,,627186514.0,-1517356928.0,5316765071.0,303906472.0,523498649.0,595960145.0,-292053673.0,-318671127.0,MRSHL,2024,528978622.0,2176736768.0,528625889.0,0.1581143593577672,0.6506375215345029,1.0,1.127000005770588,0.5099442883047154,0.09083916651164631,0.8932860680823363,2.510315614437255,TR,yahoo
3165494443.0,1890053600.0,338738924.0,2076081537.0,879242817.0,477767430.0,91971609.0,658733914.0,-1808847743.0,4374595788.0,294007853.0,572038547.0,519813395.0,-225805542.0,-291490815.0,MRSHL,2025,569739039.0,2286251626.0,528978622.0,0.17998421708175463,0.7222415540977147,0.8385723941939671,0.9462183296969866,0.5656026870950488,0.09287896671249977,0.9103946864876916,2.02958889718851,TR,yahoo
,,,,,,,,,,,,240306.0,,,MSGYO,2021,,,,,,,,,,,,TR,yahoo
2259505035.0,433782104.0,155242651.0,28900328.0,2228608511.0,,,,1382794962.0,172061038.0,826076531.0,826283554.0,4327.0,826072204.0,826072204.0,MSGYO,2022,,30896524.0,,,0.013674023080900105,,,190912.0709498498,0.36560065952674453,15.009591033015266,84.61534934851848,TR,yahoo
4372480952.0,633535554.0,197487487.0,32209552.0,4337663939.0,,,,3104432122.0,167367577.0,121054652.0,121433050.0,0.0,1259826231.0,1259826231.0,MSGYO,2023,,34817013.0,,,0.007962759216612363,,,inf,0.027685575610027265,19.669182421413375,137.4666291049084,TR,yahoo
4815693900.0,1544856240.0,405420093.0,622082724.0,3682726368.0,,,,2438071397.0,221541889.0,143898065.0,144911682.0,,255663758.0,133789781.0,MSGYO,2024,,1132967532.0,,,0.23526568663344652,,,,0.029881065530348597,2.4833614250956115,9.771314497001546,TR,yahoo
5880836542.0,1714951897.0,4925723.0,224502796.0,4795346378.0,,,,3128400584.0,1105880255.0,407553411.0,408565348.0,,269586282.0,62594260.0,MSGYO,2025,,1085490164.0,,,0.1845809105979399,,,,0.06930194507011346,7.638888813660922,11.75105541112952,TR,yahoo
,,,,,203728.0,0.0,,,,,,,,,MTRKS,2021,203728.0,,,,,1.0,,,,,,TR,yahoo
304964234.0,107759303.0,75672002.0,70075309.0,212718474.0,0.0,,2928568.0,67882612.0,478832150.0,61733491.0,124746102.0,1195260.0,60538231.0,60631595.0,MTRKS,2022,0.0,92245760.0,203728.0,0.0,0.3024805853134896,,11.73388046807508,51.64858775496545,0.20242862643361648,1.5377642216319019,8.567877414564538,TR,yahoo
526324538.0,149977921.0,125582284.0,94421612.0,415018428.0,,,3402889.0,163867399.0,858847493.0,132943435.0,201678719.0,4302648.0,128640787.0,128473492.0,MTRKS,2023,3402889.0,111306110.0,0.0,0.006465381631133451,0.21147809376882976,,2.528820657976208,30.898050456370125,0.25258832792629554,1.5883855170784418,10.56986695263791,TR,yahoo
969677242.0,310642269.0,22349095.0,168393611.0,709798037.0,,,72943611.0,297564929.0,1282832713.0,175356831.0,373797594.0,942401.0,174414430.0,170950805.0,MTRKS,2024,72943611.0,259879205.0,3402889.0,0.07522462922771163,0.26800588251817503,,0.02468747093841892,186.07453833346952,0.18084041101997936,1.8447390441671805,9.295800211927226,TR,yahoo
1241451005.0,359666828.0,36781932.0,163023362.0,954835922.0,,,81601159.0,438814501.0,1277007496.0,276511163.0,453225713.0,8988218.0,267522945.0,241120644.0,MTRKS,2025,81601159.0,286615083.0,72943611.0,0.06573047077278736,0.2308710386842854,,0.11631863051722811,30.763735703784665,0.22273223984381083,2.2062287489813883,10.436154770220911,TR,yahoo
,,,,,,,,,,,,0.0,,,MTRYO,2021,,,,,,,,,,,,TR,yahoo
415556730.0,415324151.0,96677155.0,84354558.0,330908400.0,,,,-93974207.0,2598535661.0,82107676.0,82262605.0,0.0,82107676.0,82107676.0,MTRYO,2022,,84648330.0,,,0.20369861414589532,,,inf,0.1975847581628626,4.92355316472644,13.169928874173532,TR,yahoo
355345922.0,355124625.0,39614206.0,1902432.0,352702795.0,,,,-270274346.0,7038575977.0,-86932556.0,-86818058.0,0.0,-86932556.0,-86932556.0,MTRYO,2023,,2643127.0,,,0.007438180196704213,,,-inf,-0.24464205332853095,186.66876135388807,145.76082012549216,TR,yahoo
476803595.0,476663369.0,167951270.0,1021631.0,475136342.0,,,,132906717.0,4747230445.0,221791915.0,221941349.0,0.0,14225858.0,14225858.0,MTRYO,2024,,1667253.0,,,0.003496729088210839,,,inf,0.46516409969601846,466.57097229821727,313.0592530916184,TR,yahoo
455824906.0,455558567.0,19059803.0,1174599.0,453795149.0,,,,111706978.0,5310630497.0,107132683.0,107272049.0,,-19026060.0,-19026060.0,MTRYO,2025,,2029757.0,,,0.004452931319202641,,,,0.23503034079493673,387.8417800457858,246.91730968990947,TR,yahoo
,,,,,,,,,,,,,,,NATEN,2021,,,,,,,,,,,,TR,yahoo
13899489490.0,3156312957.0,496713317.0,1718064448.0,4762083276.0,796311872.0,1790086239.0,2586398111.0,3143829760.0,1868170595.0,-627720826.0,-319451572.0,206486072.0,-834206898.0,-94571635.0,NATEN,2022,2586398111.0,9137406214.0,,0.18607864071991898,0.6573914977650017,0.3078844933474358,0.07983537844456769,-3.0400153381773856,-0.0451614303137978,1.8371330369325005,4.909889328824414,TR,yahoo
20196805505.0,2096439759.0,391979357.0,2446350089.0,7038058348.0,1466983580.0,2787807579.0,4254791159.0,5012592919.0,2661844634.0,546726435.0,897523993.0,400080901.0,146645534.0,214610387.0,NATEN,2023,4254791159.0,13158747157.0,2586398111.0,0.21066654119863992,0.6515261610922761,0.34478392127353763,0.1169623833547292,1.3665397014290368,0.027069946030061548,0.8569663714227289,4.6889494596413845,TR,yahoo
23391421674.0,2324322416.0,164673015.0,2907242448.0,7916883314.0,2108660182.0,2579340856.0,4688001038.0,5809247297.0,1901790178.0,36638920.0,471652985.0,595015990.0,-558377070.0,-64860000.0,NATEN,2024,4688001038.0,15474538360.0,4254791159.0,0.20041539600864877,0.6615475782389164,0.44979942728417116,0.13307163509839967,0.06157636200667481,0.0015663400245879385,0.799493835678888,4.44385569566223,TR,yahoo
21619857686.0,1409033311.0,424183347.0,3644410833.0,6483741793.0,2445812474.0,2001481701.0,4518251995.0,4404951514.0,1606559809.0,-867476044.0,-363356500.0,779016137.0,-1646492181.0,-1114480267.0,NATEN,2025,4447294175.0,15136115893.0,4688001038.0,0.2057041373533119,0.7001024758271852,0.5499551812310685,0.1705508401942872,-1.1135533691775117,-0.04012404043536959,0.38662855961277953,3.4160887668166593,TR,yahoo
,,,,,,,,,,,,,,,NETAS,2021,,,,,,,,,,,,TR,yahoo
4179818366.0,3196676305.0,220130315.0,4012878974.0,13401817.0,1192728664.0,0.0,1354232401.0,-675821374.0,4011553628.0,116929801.0,212747332.0,200550060.0,-83620259.0,-30567570.0,NETAS,2022,1192728664.0,4166416549.0,,0.2853541851727439,0.9967936843598242,1.0,0.16814390904920853,0.58304545508488,0.02797485219720191,0.7966042150066597,1.6332833961951276,TR,yahoo
5731899385.0,3967423520.0,90112867.0,5231635187.0,217693183.0,1297908289.0,0.0,1582474703.0,-576150759.0,6958287619.0,260349310.0,371481646.0,319023664.0,-58674354.0,99670615.0,NETAS,2023,1297908289.0,5514206202.0,1192728664.0,0.22643598601827167,0.9620207598951076,1.0,0.25617837526720416,0.8160814992081591,0.045421123525182044,0.7583524802835225,1.8221433123919897,TR,yahoo
7684220911.0,5468448938.0,481554076.0,7182294744.0,3548927.0,1792933939.0,76365925.0,2267544773.0,-856692591.0,9175387066.0,470048.0,145937220.0,290380374.0,-289910326.0,-280541832.0,NETAS,2024,1869299864.0,7680671984.0,1297908289.0,0.24326472203891067,0.9995381539597697,0.9591473115305378,0.1833667760200414,0.0016187319877203547,6.117054746918117e-05,0.7613790763137749,1.4243419822532983,TR,yahoo
9367848157.0,6764322354.0,357021206.0,8615472059.0,-301318150.0,1928968028.0,556111565.0,2961817120.0,-1206634984.0,12030341104.0,-14255055.0,174908395.0,287260043.0,-301515098.0,-349942393.0,NETAS,2025,2485079593.0,9669166307.0,1869299864.0,0.26527752706399893,1.0321651402702172,0.7762198174390627,0.13194074877337914,-0.04962421801210968,-0.0015217000490500157,0.7851365900413746,1.4908456611148957,TR,yahoo
1725830911.0,547729310.0,108682471.0,362106596.0,1149381416.0,223039291.0,41375314.0,289329255.0,772062712.0,806378344.0,331532299.0,400620702.0,64378166.0,267154133.0,275076342.0,NETCD,2022,264414605.0,576449495.0,,0.15321002962381175,0.3340127305206205,0.8435210717653059,0.24347431943103143,5.149763026800111,0.19210010487522206,1.5126189802960672,8.798454096031492,TR,yahoo
1673932440.0,529911855.0,66731827.0,229431123.0,1414018581.0,96846926.0,3990991.0,130351249.0,1038659192.0,887847771.0,355837829.0,404537256.0,89241349.0,266596480.0,266596480.0,NETCD,2023,100837917.0,259913859.0,264414605.0,0.060240135497941605,0.15527141525496693,0.9604217231103653,0.488655621110263,3.9873649713654595,0.21257598006763045,2.3096772925615676,13.591220504834741,TR,yahoo
2172298545.0,775300898.0,165374642.0,159817071.0,1976578042.0,3176480.0,0.0,49499402.0,1602359810.0,1125558685.0,619259136.0,675046065.0,36828526.0,582430610.0,582430610.0,NETCD,2024,3176480.0,195720503.0,100837917.0,0.0014622667806463959,0.09009834465455575,1.0,0.7081428544934987,16.814659810169974,0.28507091597761947,4.851176993476498,20.032957781943118,TR,yahoo
,,,,,,,,,,,,,,,NIBAS,2021,,,,,,,,,,,,TR,yahoo
454374255.0,41121660.0,4753061.0,22789478.0,405594436.0,0.0,0.0,0.0,-106434546.0,145196787.0,-16277301.0,-12952597.0,450249.0,-16727550.0,-15974204.0,NIBAS,2022,0.0,48779819.0,,0.0,0.10735603627014476,,inf,-36.15177601727044,-0.03582355474783667,1.8044143003187698,11.240839203552,TR,yahoo
762175628.0,55092930.0,18155494.0,23478345.0,642860539.0,1347411.0,1786621.0,14508094.0,-102200413.0,81387398.0,112596348.0,115632219.0,1664098.0,110932250.0,51468476.0,NIBAS,2023,3134032.0,119315089.0,0.0,0.004111955151628123,0.15654540058318422,0.42992892223180873,1.0619534197481073,67.6620896125108,0.14773018693271572,2.346542313778931,9.735036471165328,TR,yahoo
974598420.0,50271175.0,1454824.0,35922076.0,813760691.0,1660434.0,419760.0,12843851.0,-158851824.0,88725575.0,20792901.0,27075377.0,4747818.0,16045083.0,-25079324.0,NIBAS,2024,2080194.0,160837729.0,3134032.0,0.002134411422501588,0.1650297452770342,0.798211128385141,1.8211017320691507,4.3794646298573365,0.021334839635795837,1.399450716601123,8.271088771969005,TR,yahoo
507689108.0,200466947.0,16310344.0,53942490.0,414865170.0,0.0,0.0,0.0,-558488075.0,104930487.0,-444941903.0,-438396004.0,6019734.0,-450961637.0,-399636251.0,NIBAS,2025,0.0,92823938.0,2080194.0,0.0,0.18283618170512336,,5.78766595807891,-73.91388107846626,-0.8764062415142457,3.7163087391775944,0.3604883905846492,TR,yahoo
,,,,,,0.0,,,,,,,,,NTGAZ,2021,0.0,,,,,,,,,,,TR,yahoo
3724039366.0,1701847235.0,594211611.0,806793819.0,2752650069.0,0.0,,118137211.0,1672222837.0,7003677528.0,1261406726.0,1503165736.0,39140658.0,1222266068.0,1107812870.0,NTGAZ,2022,0.0,971389297.0,0.0,0.0,0.2608429185439497,,inf,32.22752989998278,0.3387200300610356,2.1093954798877803,11.542124593260954,TR,yahoo
4257038214.0,1287136463.0,349209637.0,732509114.0,3390545428.0,0.0,0.0,118589819.0,1707770982.0,5835065203.0,204856855.0,675470254.0,30727297.0,174129558.0,139330591.0,NTGAZ,2023,0.0,866492786.0,0.0,0.0,0.20354357711668877,,inf,6.666933801564127,0.04812192061755356,1.757161021480478,9.844443090992323,TR,yahoo
6516612576.0,1892048513.0,466476357.0,1299290312.0,4676668638.0,96829414.0,205775121.0,453615566.0,2152591327.0,7501206278.0,817443178.0,1328209691.0,58378398.0,759064780.0,478545272.0,NTGAZ,2024,302604535.0,1839943938.0,0.0,0.04643586395092149,0.28234668189057616,0.3199866584947248,0.3858395446717281,14.002494176013531,0.12543989204000824,1.4562169020467537,8.43534841986618,TR,yahoo
6907415719.0,1631864320.0,334894102.0,1066722557.0,5041924649.0,134501276.0,152488296.0,343649176.0,2497539846.0,7950629142.0,1527948768.0,2011236293.0,58349733.0,1469599035.0,900596275.0,NTGAZ,2025,286989572.0,1865491070.0,302604535.0,0.04154803817737324,0.27007076827136023,0.4686625895940219,0.19793187315557753,26.18604558139109,0.22120411310949795,1.5297926431680398,9.289809121106675,TR,yahoo
,,,,,,,,,,,,,,,NTHOL,2021,,,,,,,,,,,,TR,yahoo
46891342000.0,2870453000.0,1827024000.0,5658151000.0,28217878000.0,,,407058000.0,7725652000.0,6371512000.0,2349026000.0,3075357000.0,606782000.0,1742244000.0,1529754000.0,NTHOL,2022,407058000.0,18673464000.0,,0.00868087759143255,0.398228397899126,,1.4906524377361456,3.8712849095721364,0.05009509004881967,0.5073129013347293,5.320429878960157,TR,yahoo
79655924000.0,4649818000.0,2951306000.0,8787636000.0,48271797000.0,,,1914826000.0,14201942000.0,13706683000.0,8024423000.0,10614269000.0,1036029000.0,6988394000.0,3220177000.0,NTHOL,2023,1914826000.0,31384127000.0,407058000.0,0.0240387143083043,0.39399614522078735,,0.8924037548818115,7.7453652359152105,0.10073855900535408,0.529131839325161,5.782426086111252,TR,yahoo
110676026000.0,7104436000.0,2747573000.0,11021773000.0,68780372000.0,,,1525962000.0,24342763000.0,25349701000.0,6578386000.0,12062706000.0,1666195000.0,4912191000.0,3438980000.0,NTHOL,2024,1525962000.0,41895654000.0,1914826000.0,0.013787647200126249,0.3785431724843463,,0.9684961700633692,3.948148926146099,0.059438220161609344,0.6445819560972631,5.8580523700972,TR,yahoo
118794861000.0,8271682000.0,3291033000.0,9713538000.0,76371093000.0,,,2341844000.0,25176923000.0,25015929000.0,3729535000.0,8865881000.0,1516114000.0,2213421000.0,1665869000.0,NTHOL,2025,2341844000.0,42423768000.0,1525962000.0,0.019713344333977544,0.35711787229583947,,0.7839658969451933,2.459930453778542,0.03139475031668247,0.8515622217157126,5.962469110792633,TR,yahoo
,,,,,,395155985.0,,,,,,,,,NUGYO,2021,395155985.0,,,,,,,,,,,TR,yahoo
3034318048.0,807534249.0,386066623.0,759161622.0,2273002389.0,584500331.0,0.0,584500331.0,-3053787128.0,2068203578.0,857587142.0,860987352.0,323084494.0,534502648.0,534502648.0,NUGYO,2022,584500331.0,761315659.0,395155985.0,0.19262988314137333,0.2509017337525984,1.0,0.6595874261683421,2.6543741898055933,0.28262928553757194,1.0637184831242694,5.107835496336902,TR,yahoo
5463400357.0,1237367606.0,153934683.0,1083719553.0,4377179585.0,299510841.0,,299510841.0,-3311142811.0,194829955.0,1199461299.0,1203538363.0,101583747.0,1097877552.0,1097877552.0,NUGYO,2023,299510841.0,1086220772.0,584500331.0,0.054821323979351196,0.19881771443095433,1.0,0.22982457737536377,11.807610315851019,0.21954482934116043,1.1417784265077295,7.165296442881174,TR,yahoo
7449849448.0,1029419629.0,21179966.0,549774847.0,6895373230.0,169898740.0,,169898740.0,-3168774302.0,1673112587.0,454132040.0,460661931.0,163951365.0,290180675.0,227540302.0,NUGYO,2024,169898740.0,554476218.0,299510841.0,0.02280566086414153,0.07442784204838605,1.0,0.6985429000010122,2.769919237939861,0.060958552675439245,1.8724385712029492,15.752986184744316,TR,yahoo
6725955300.0,989068885.0,29075626.0,297501960.0,6423308268.0,0.0,,0.0,-3644855298.0,758683250.0,-270426753.0,-262868213.0,85151844.0,-355578597.0,-476080996.0,NUGYO,2025,0.0,302647032.0,169898740.0,0.0,0.044996884234422434,,1.0023834667637912,-3.175817930613458,-0.040206445172182456,3.324579391006365,24.172641873210495,TR,yahoo
,,,,,,,,,,,,,,,NUHCM,2021,,,,,,,,,,,,TR,yahoo
23645595167.0,8441083331.0,2576486420.0,4575179127.0,16652239264.0,2478219752.0,499309681.0,3094684886.0,8195102741.0,14669844091.0,2384125302.0,3056305455.0,238026463.0,2146098839.0,2148956052.0,NUHCM,2022,2977529433.0,6993355903.0,,0.1259232179173678,0.2957572373885513,0.8323073903263075,0.07994092698528835,10.016219507492325,0.10082746004749782,1.8449732997743675,8.6301402338445,TR,yahoo
27286362684.0,8646609740.0,4173183522.0,3160322336.0,19246007363.0,1306295013.0,2226059295.0,3622736380.0,9115534622.0,19341713605.0,3647712615.0,4635972355.0,266934700.0,3380777915.0,2780615425.0,NUHCM,2023,3532354308.0,8040355321.0,2977529433.0,0.1294549350130598,0.29466570587345636,0.3698086032993721,0.08200905288640238,13.665187085081108,0.13368262590524468,2.7359898202485127,9.069748579933028,TR,yahoo
31741924179.0,16090235552.0,10003117517.0,4478827827.0,25487255451.0,1088749576.0,1298967577.0,2489990815.0,15061955637.0,20266445163.0,4010365405.0,5553032751.0,393099060.0,3617266345.0,2401228983.0,NUHCM,2024,2387717153.0,6254668728.0,3532354308.0,0.07522282327735126,0.1970475605930027,0.455979291614194,0.1328021334166797,10.201920617668229,0.12634285755282598,3.592510400824568,12.324290933798338,TR,yahoo
28609806696.0,13465507492.0,8897200088.0,3028828730.0,24450175219.0,940979162.0,419864676.0,1513226454.0,13117684207.0,17643654746.0,2467021189.0,3991473638.0,385716102.0,2081305087.0,746272879.0,NUHCM,2025,1360843838.0,4159631477.0,2387717153.0,0.047565642524605475,0.14539180642494753,0.6914674084742412,0.2057942249978453,6.395950742548985,0.08622991463080804,4.445780429453335,13.889097068854486,TR,yahoo
,,,,,,,,,,,,,,,OBAMS,2021,,,,,,,,,,,,TR,yahoo
4385837556.0,3008408232.0,34193871.0,3025384410.0,1274552743.0,1963700532.0,73098895.0,2036799427.0,330321013.0,11069054372.0,410114264.0,410341113.0,331933647.0,78180617.0,109581558.0,OBAMS,2022,2036799427.0,3111284813.0,,0.4644037543555569,0.7093935361886896,0.9641109016278214,0.16296825431108097,1.2355308589731488,0.09350876742777384,0.9943887533948124,4.5286529169008825,TR,yahoo
11607667085.0,7026881538.0,345016438.0,4905560704.0,6312700404.0,898599761.0,186296426.0,1084896187.0,3043172341.0,33832594871.0,2738340247.0,3062102498.0,357984084.0,2380356163.0,1846470350.0,OBAMS,2023,1084896187.0,5294966681.0,2036799427.0,0.093463757967521,0.4561611426504829,0.8282817948552712,0.229352331722884,7.649335178264518,0.23590788975492055,1.4324318792488435,8.140641758346579,TR,yahoo
15621164090.0,9875897774.0,3418953073.0,3016149889.0,12552397876.0,769048589.0,0.0,769048589.0,3458353482.0,22685730285.0,21622954.0,495198744.0,151526479.0,-129903525.0,401795819.0,OBAMS,2024,769048589.0,3068766214.0,1084896187.0,0.04923119586793867,0.19644926564496512,1.0,0.16346385389852627,0.14270082788632607,0.0013842088768430574,3.2743391865297315,11.156625145294838,TR,yahoo
12653752235.0,7973270416.0,3748684472.0,1597567308.0,10987041329.0,4362074.0,0.0,32002661.0,1897320474.0,22772241986.0,-1689286932.0,-1180919675.0,14284939.0,-1703571871.0,-2046571983.0,OBAMS,2025,4362074.0,1666710906.0,769048589.0,0.00034472573186114703,0.13171673311177332,1.0,0.03694011392237554,-118.25650302041892,-0.13350086998917757,4.990882309667294,13.068648259611905,TR,yahoo
,,,,,,1619646.0,,,,,,,,,OBASE,2021,1619646.0,,,,,,,,,,,TR,yahoo
662938728.0,371258925.0,147750263.0,176782961.0,449593817.0,39017203.0,3660605.0,46314377.0,170399909.0,343424948.0,-3187833.0,51294012.0,7578916.0,-10766749.0,-4206767.0,OBASE,2022,42677808.0,213344911.0,1619646.0,0.0643767005870262,0.32181693720569604,0.9142269677955344,0.34218291642675447,-0.4206185950602962,-0.0048086389667070404,2.100083191841096,8.192756253426149,TR,yahoo
905110958.0,394456714.0,86118927.0,254510784.0,604185546.0,18424987.0,1307044.0,21955247.0,201923829.0,592573318.0,-55931187.0,53048500.0,8769129.0,-64700316.0,-40696303.0,OBASE,2023,19732031.0,300925412.0,42677808.0,0.021800676287912095,0.3324735043148157,0.9337602905651222,0.28101751712578527,-6.3781918363842065,-0.0617948401857709,1.549862476554235,6.684458267131104,TR,yahoo
1218119799.0,491957168.0,139123164.0,476973661.0,714749569.0,144627185.0,0.0,152702776.0,195939563.0,968824089.0,9731349.0,135705640.0,23305258.0,-13573909.0,-64360425.0,OBASE,2024,144627185.0,503370230.0,19732031.0,0.11872985326954694,0.41323540624923377,1.0,0.2835893059991233,0.41756023469038617,0.007988827542240777,1.0314136989631384,5.399685273405937,TR,yahoo
1194640317.0,419692959.0,43824581.0,442837986.0,710412391.0,151557058.0,,160302017.0,202587226.0,855955349.0,101674906.0,268926779.0,53533529.0,48141377.0,6647663.0,OBASE,2025,151557058.0,484227926.0,144627185.0,0.12686417480082418,0.40533365491631906,1.0,0.36148802824733656,1.8992752373937463,0.08510922036795783,0.9477347749476939,5.788129762617518,TR,yahoo
,,,,,,,,,,,,,,,ODAS,2021,,,,,,,,,,,,TR,yahoo
24079050696.0,7279749670.0,2432579569.0,4866285092.0,12150040365.0,623068565.0,3286574186.0,3918496582.0,5935438144.0,15804775576.0,2376921054.0,2910722013.0,866197507.0,1510723547.0,1402004017.0,ODAS,2022,3909642751.0,11929010331.0,,0.16236698034152433,0.4954103250001314,0.1593671352301007,0.22155413222306458,2.744086694768102,0.09871323766077095,1.4959562648657083,6.443906309902729,TR,yahoo
32574419600.0,7781980367.0,1022303625.0,5266992559.0,16977427728.0,253479174.0,33734104.0,309010592.0,9399495921.0,10743366289.0,7177001703.0,8841918427.0,932179183.0,6244822520.0,5496402341.0,ODAS,2023,287213278.0,15596991872.0,3909642751.0,0.008817141840955472,0.4788110444798224,0.8825468507761678,0.44422738190621885,7.69916538996559,0.22032631098667374,1.4774997837622728,7.32069326670889,TR,yahoo
44710249425.0,10339871029.0,2427075063.0,8171734850.0,17170320815.0,494712188.0,15182246.0,660746122.0,5522517934.0,10215595076.0,-3180655209.0,-698596605.0,913779620.0,-4094434829.0,-3898603214.0,ODAS,2024,509894434.0,27539928610.0,287213278.0,0.011404419357027552,0.6159645487148834,0.9702247269480883,2.2927381237029105,-3.480768381549153,-0.07113928573213277,1.2653214058946125,4.147370425770641,TR,yahoo
41395090577.0,7548750555.0,1243666400.0,3894376055.0,15541633782.0,1490624015.0,12281701.0,1682752289.0,4259046506.0,8912508577.0,1530897021.0,4109368782.0,856930453.0,673966568.0,467121801.0,ODAS,2025,1502905716.0,25853456795.0,509894434.0,0.03630637582986826,0.6245536954897916,0.9918280296167294,0.8514809113065696,1.7864892251646938,0.03698257449521319,1.938372270266026,5.044256713306657,TR,yahoo
,,,,,,,,,,,,,,,ODINE,2021,,,,,,,,,,,,TR,yahoo
773433002.0,644763915.0,73572558.0,479586342.0,280889386.0,574085.0,,2531925.0,234236325.0,328072383.0,161669626.0,161669626.0,15882877.0,145786749.0,135585720.0,ODINE,2022,574085.0,492543616.0,,0.0007422556297901547,0.6368277727047391,1.0,27.66642047780381,10.17886280930086,0.209028610858268,1.3444167578066684,7.641750644565414,TR,yahoo
1346674577.0,994135320.0,229212596.0,622509908.0,690732984.0,468071.0,,2112329.0,373471362.0,771258659.0,276273280.0,344146036.0,21852885.0,254420395.0,250274375.0,ODINE,2023,468071.0,655941593.0,574085.0,0.00034757543358598654,0.4870824802093223,1.0,41.93783848099517,12.642416779294816,0.2051522206763988,1.5969791118569634,8.448689978239498,TR,yahoo
2692892154.0,1908831036.0,664723578.0,760075293.0,1894327799.0,2845370.0,,37807153.0,758454371.0,1199707339.0,420283623.0,546331373.0,5948972.0,414334651.0,402137009.0,ODINE,2024,2845370.0,798564355.0,468071.0,0.0010566223366106624,0.29654524181884484,1.0,3.5908120893053477,70.6481091186847,0.15607146479138206,2.511370983348093,10.506173809365274,TR,yahoo
3309970330.0,1839783208.0,500426833.0,983523066.0,2151179463.0,6820237.0,,109667898.0,770295032.0,1883544167.0,53554168.0,277350036.0,21324429.0,32229739.0,16260661.0,ODINE,2025,6820237.0,1158790867.0,2845370.0,0.0020605130318494427,0.35009101335358495,1.0,4.412434521701534,2.511399859757089,0.016179651978934808,1.870605043847543,7.763627469243858,TR,yahoo
,,,,,,,,,,,,,,,OFSYM,2021,,,,,,,,,,,,TR,yahoo
4351975643.0,3759389364.0,543555858.0,2744443721.0,1108706293.0,1827006228.0,415354594.0,2254780393.0,526422458.0,14663373281.0,843256200.0,875086868.0,486952641.0,356303559.0,315858286.0,OFSYM,2022,2242360822.0,3243269350.0,,0.5152512343690983,0.7452406943537666,0.8147690639593238,0.21716069787808664,1.731700639857501,0.19376399804910396,1.3698183479711443,6.835259908746295,TR,yahoo
5832540058.0,4482145216.0,115716740.0,2825578102.0,2498547052.0,1212410842.0,177546307.0,1618737915.0,908105364.0,16533526982.0,985486038.0,1037922716.0,700911912.0,284574126.0,193623962.0,OFSYM,2023,1389957149.0,3333993006.0,2242360822.0,0.23831077629608627,0.5716193927253093,0.8722649060600645,0.3859309221252095,1.4060055495247454,0.1689634410051402,1.586275464418219,7.543072532362108,TR,yahoo
7371009469.0,5132803792.0,124502117.0,3129859703.0,3731740192.0,1427330590.0,98564741.0,1736086204.0,1638435372.0,20775970551.0,1989320967.0,2077598768.0,1220958694.0,768362273.0,466739848.0,OFSYM,2024,1525895331.0,3639269277.0,1389957149.0,0.2070130743173517,0.4937273913845246,0.9354053066435394,0.8374625961873078,1.6293106202329888,0.26988446770641367,1.6399469238445925,8.647505668455183,TR,yahoo
10218494183.0,6871719131.0,207387993.0,4449811067.0,4121395797.0,3411043100.0,1091484173.0,4625686860.0,1600159939.0,18464667882.0,1595294036.0,1760729964.0,988421657.0,606872379.0,385868775.0,OFSYM,2025,4502527273.0,6097098386.0,1525895331.0,0.4406253203618426,0.5966728831869806,0.7575841062540078,0.3279204932793394,1.6139812646780158,0.15611830935462206,1.5442721112275934,7.0741715051014324,TR,yahoo
,,,,,,,,,,,,,,,ONCSM,2021,,,,,,,,,,,,TR,yahoo
349579544.0,199028145.0,19251026.0,96260492.0,224079404.0,17590971.0,2073893.0,23197676.0,32932131.0,292938612.0,-275565.0,39039514.0,2220608.0,-2496173.0,-20764097.0,ONCSM,2022,19664864.0,125500140.0,,0.05625290248676564,0.35900310002120717,0.8945381468186101,0.11292262178879041,-0.12409439216646972,-0.0007882755290738637,2.067599498660364,7.355052949228038,TR,yahoo
488445758.0,281845748.0,84525415.0,130772300.0,334529757.0,86253954.0,1459077.0,90045416.0,-107610664.0,347239530.0,-121389256.0,-65004726.0,14781661.0,-136170917.0,-115230143.0,ONCSM,2023,87713031.0,153916001.0,19664864.0,0.17957578618176884,0.31511380430496033,0.9833653337096514,0.27532037203746634,-8.212152612619109,-0.24852146632830416,2.1552404293569816,5.172816826816825,TR,yahoo
501243535.0,285494359.0,58460789.0,105698221.0,358820469.0,59932154.0,0.0,61011165.0,-218300031.0,490177858.0,-19726096.0,48611297.0,46792288.0,-66518384.0,-77445925.0,ONCSM,2024,59932154.0,142423066.0,87713031.0,0.1195669366588439,0.2841394572799827,1.0,0.6338478020803726,-0.421567246294945,-0.03935431506363469,2.7010327732952097,6.564195478546949,TR,yahoo
624159560.0,404108479.0,45378332.0,154828556.0,407002900.0,75572260.0,11255820.0,86828080.0,-167906329.0,709077088.0,107089748.0,166203380.0,33697584.0,73392164.0,50393702.0,ONCSM,2025,86828080.0,217156660.0,59932154.0,0.13911199245269912,0.3479185034032003,0.8703665910843589,0.4592195458069384,3.1779651621315046,0.17157431346561447,2.610038415652472,8.113913986473966,TR,yahoo
,,,,,,,,,,,,,,,ONRYT,2021,,,,,,,,,,,,TR,yahoo
1277235972.0,491478613.0,8475891.0,311099085.0,685629565.0,174662779.0,111176533.0,291041849.0,355321254.0,605251535.0,332941006.0,335617851.0,36471614.0,296469392.0,276699667.0,ONRYT,2022,285839312.0,591606407.0,,0.22379522520995832,0.46319272238599307,0.6110523348866723,0.12759481452992022,9.128770829829467,0.26067305752331255,1.579813752907695,8.051960798839646,TR,yahoo
1980138587.0,597194774.0,4964567.0,372157969.0,1232594128.0,256104059.0,112479161.0,374889306.0,634716393.0,850865812.0,153076026.0,192763097.0,104691469.0,48384557.0,134935686.0,ONRYT,2023,368583220.0,747544459.0,285839312.0,0.18614011282837548,0.37752128255455286,0.6948337447374843,0.3199506859277883,1.4621633210629608,0.0773057133500525,1.6046808714178038,7.291283808615438,TR,yahoo
3245752469.0,1300362755.0,456966825.0,114071857.0,2693380842.0,46501708.0,77106622.0,128595973.0,912754038.0,936766416.0,203234253.0,257908292.0,76250482.0,126983771.0,81958971.0,ONRYT,2024,123608330.0,552371627.0,368583220.0,0.03808310435887401,0.17018291822179002,0.3762020569325708,0.30984067889828665,2.665350403948922,0.06261545048215443,11.399505445063458,12.10498447092436,TR,yahoo
3433514009.0,1181914994.0,368050775.0,193656197.0,2598987324.0,63369393.0,211382003.0,294483693.0,812170009.0,1033087626.0,-20852069.0,34585286.0,21730031.0,-42582100.0,-97457340.0,ONRYT,2025,274751396.0,834526685.0,123608330.0,0.08002046745107659,0.24305323432859774,0.23064266068369677,0.10909752960318082,-0.9595968362861517,-0.00607309856471886,6.103161232687018,9.138503279046493,TR,yahoo
,,,,,,,,,,,,,,,ORCAY,2021,,,,,,,,,,,,TR,yahoo
817006624.0,644471537.0,31817321.0,388027467.0,381855025.0,366365815.0,3240413.0,386689901.0,16064859.0,669109513.0,75053811.0,83243451.0,45551294.0,29502517.0,-7322233.0,ORCAY,2022,369606228.0,435151599.0,,0.452390736063359,0.5326169779010261,0.9912327965425951,0.12324276635295225,1.6476768146257272,0.09186438493306512,1.6608915394125952,6.91189729910012,TR,yahoo
1024851277.0,748706954.0,21843190.0,416226538.0,510343612.0,389099542.0,29624386.0,431462009.0,-50952267.0,790543437.0,140569721.0,154954952.0,123252832.0,17316889.0,-45107959.0,ORCAY,2023,418723928.0,514507665.0,369606228.0,0.40857043104411334,0.502031540133408,0.9292507926606955,0.31269343450055714,1.14049891364768,0.13716109269189114,1.7987967744622761,7.1793314741956005,TR,yahoo
1283875474.0,889108867.0,49496842.0,674641377.0,537198014.0,481552480.0,31414112.0,521912112.0,-200834738.0,579373414.0,84679491.0,109235651.0,238833141.0,-154153650.0,-134143315.0,ORCAY,2024,512966592.0,746677460.0,418723928.0,0.399545440650734,0.5815809049406298,0.9387599261045054,0.5126877130830955,0.35455502802268135,0.06595615596283289,1.31789851217501,5.034520218187544,TR,yahoo
2292860309.0,789125582.0,37260121.0,853601362.0,712390143.0,509437007.0,14150661.0,541495267.0,-362230583.0,661593082.0,104685699.0,134891685.0,238546427.0,-133860728.0,-161395845.0,ORCAY,2025,523587668.0,1580470166.0,512966592.0,0.22835567694412037,0.6893006781949576,0.9729736549104514,0.4602680944073299,0.4388483211278616,0.04565725115877524,0.9244661701933883,3.330609738074414,TR,yahoo
,,,,,,,,,,,,,,,ORGE,2021,,,,,,,,,,,,TR,yahoo
1884890092.0,1565444904.0,128626886.0,609662834.0,1095776663.0,202089258.0,0.0,204212650.0,560116056.0,1404595578.0,224405092.0,229223945.0,62901058.0,161504034.0,138226110.0,ORGE,2022,202089258.0,789113429.0,,0.10721540680686012,0.4186522239939707,1.0,0.31125384210179047,3.5675885133760388,0.11905473584504364,2.567722381449941,9.803258353205676,TR,yahoo
3155945596.0,2685539950.0,299169328.0,885473831.0,1908321715.0,254416479.0,2198853.0,264478978.0,1126745930.0,2852846692.0,523505313.0,532172294.0,98312006.0,425193307.0,315154982.0,ORGE,2023,256615332.0,1247623881.0,202089258.0,0.08131170965850833,0.3953249012217763,0.9914313264805238,0.4286506311175129,5.324937759890689,0.16587906764410523,3.0328846048077054,10.876293065745072,TR,yahoo
5055851389.0,4582073712.0,186009827.0,960939996.0,3315999229.0,114584355.0,0.0,122347772.0,2320050896.0,4488280980.0,1345223678.0,1361288293.0,132417821.0,1212805857.0,904720034.0,ORGE,2024,114584355.0,1739852160.0,256615332.0,0.022663711051574977,0.3441264440219487,1.0,0.7134586888808448,10.158932293561907,0.2660726304034171,4.76832448547599,13.23361949562005,TR,yahoo
5958453962.0,5409519001.0,266783438.0,889615199.0,3964498892.0,57560684.0,0.0,62986259.0,2923068029.0,3495512127.0,949296218.0,962226278.0,21740491.0,927555727.0,593290550.0,ORGE,2025,57560684.0,1993955070.0,114584355.0,0.009660338800482957,0.33464302698593207,1.0,0.2525834160111928,43.66489321699312,0.1593192167052276,6.080740310058484,12.983789700696,TR,yahoo
,,,,,,,,,,,,,,,ORMA,2021,,,,,,,,,,,,TR,yahoo
5398429160.0,1497334319.0,54903472.0,2331699987.0,2848465564.0,983155986.0,145883844.0,1157639045.0,1954905036.0,3676479872.0,692910961.0,784095625.0,224245817.0,468665144.0,662430158.0,ORMA,2022,1129039830.0,2549963596.0,,0.20914228871718676,0.47235288644595275,0.870789461873989,0.19861639159355432,3.089961588893317,0.12835418238589982,0.6421642266793047,5.452086544252948,TR,yahoo
8459939445.0,2044476810.0,181486017.0,3000636420.0,5146837458.0,1239287816.0,160906836.0,1425156200.0,3323138785.0,4625095471.0,1235831374.0,1307205169.0,470899346.0,764932028.0,500670912.0,ORMA,2023,1400194652.0,3313101987.0,1129039830.0,0.1655088267596932,0.39162242336830344,0.885082523511881,0.37236511628422436,2.6244066476150936,0.1460804042433663,0.6813477288927927,6.401946404395314,TR,yahoo
11000036904.0,1499261551.0,217655275.0,3472280479.0,7263564612.0,2031281622.0,156536798.0,2220900608.0,4783616125.0,4463746023.0,372556239.0,597536379.0,574231178.0,-201674939.0,433882396.0,ORMA,2024,2187818420.0,3736472292.0,1400194652.0,0.1988919163720653,0.3396781596833814,0.9284507358704842,0.3200831025288974,0.648791381021112,0.033868635373807285,0.4317800823025046,5.759810902227027,TR,yahoo
10989199617.0,1538866808.0,83560590.0,3679370906.0,6909611026.0,2279225515.0,283009386.0,2603139390.0,4762186337.0,4464476663.0,747776448.0,980622186.0,617389584.0,130386864.0,-21429788.0,ORMA,2025,2562234901.0,4079588591.0,2187818420.0,0.2331593737760747,0.37123618945723624,0.8895458859413921,0.2599505909841133,1.2111905794640034,0.06804648874001794,0.4182418264737999,5.620613004888687,TR,yahoo
9842727535.0,8502765102.0,963137291.0,5286822126.0,3336153653.0,3413818391.0,776351862.0,4384670887.0,1871951538.0,2631799185.0,880544645.0,887477151.0,345218946.0,535325699.0,348535869.0,ORZAX,2022,4190170253.0,6506573882.0,,0.42571230770130225,0.6610539465674643,0.8147206879137758,0.08238780888505344,2.5506845878615247,0.08946144672488894,1.608294150882125,7.152928633138809,TR,yahoo
5226477000.0,4304396078.0,103188667.0,2743338303.0,2089904635.0,1211313105.0,220502245.0,1594315495.0,472793833.0,7617840663.0,1707208992.0,1732481595.0,397374346.0,1309834646.0,966407657.0,ORZAX,2023,1431815350.0,3136572365.0,4190170253.0,0.2739542047157196,0.6001312863330308,0.8459981274820109,0.1413644125264047,4.296223470852847,0.32664622689433054,1.569035825181638,8.398941504774557,TR,yahoo
5522995778.0,4599302766.0,253025170.0,2489993459.0,2815576780.0,1428603656.0,75703106.0,1615465496.0,1199118159.0,5714622082.0,1702393143.0,1729415544.0,689705209.0,1012687934.0,725253596.0,ORZAX,2024,1504306762.0,2707418998.0,1431815350.0,0.27237152126608055,0.4902084134817892,0.9496757523715764,0.4698068967780043,2.4682909753114535,0.30823727039249604,1.8471143967772166,9.626447003610604,TR,yahoo
8819958159.0,7658668890.0,298642426.0,4263303708.0,3863356936.0,2773622404.0,399468787.0,3273562453.0,2402572075.0,7331467605.0,2489431042.0,2517295612.0,930764776.0,1558666266.0,1052801030.0,ORZAX,2025,3173091191.0,4956601223.0,1504306762.0,0.3597626126788523,0.561975593721181,0.8741073726046595,0.3979840010846304,2.67460813536416,0.28224975641860073,1.7964164447465163,9.378519578922756,TR,yahoo
,,,,,,,,,,,,,,,OSMEN,2021,,,,,,,,,,,,TR,yahoo
3612805002.0,3279772751.0,911701435.0,2751635440.0,821635206.0,633218329.0,17858779.0,662815886.0,581103849.0,7201583214.0,520572825.0,552374161.0,95823592.0,424749233.0,326885616.0,OSMEN,2022,651077108.0,2791169796.0,,0.18021374185420264,0.7725769296861708,0.972570408665021,0.14717702530558024,5.43261647924866,0.1440910386007044,1.1919357860138624,6.010708977884182,TR,yahoo
4022923476.0,3474393081.0,1491183801.0,2110578453.0,1888920664.0,991303552.0,0.0,1003668766.0,1565731294.0,18699753968.0,1361199613.0,1458054617.0,304713656.0,1056485957.0,730595143.0,OSMEN,2023,991303552.0,2134002812.0,651077108.0,0.24641372323235314,0.5304607022060094,1.0,0.37106337577063286,4.467143451555712,0.3383608018200344,1.6461804942912492,9.94590678827652,TR,yahoo
4872759905.0,4127340409.0,1710703022.0,2197085021.0,2650840681.0,965868898.0,7440272.0,986589621.0,1696252389.0,9861599938.0,1016452010.0,1147699355.0,412789087.0,603662923.0,377883877.0,OSMEN,2024,973309170.0,2221919224.0,991303552.0,0.1997449472117999,0.4559878318076088,0.9923556951590212,0.4202243855774034,2.462400392866975,0.2085988289628237,1.8785528869162502,9.637937964363116,TR,yahoo
5470227720.0,4752081249.0,1692996404.0,2749423272.0,2708291007.0,1571452992.0,0.0,1576070562.0,1746116898.0,21276849352.0,628521768.0,763969301.0,405245744.0,223276024.0,208076115.0,OSMEN,2025,1571452992.0,2761936713.0,973309170.0,0.2872737795274088,0.5049034253001811,1.0,0.3184940031342701,1.550964513028914,0.11489864776598369,1.7283920222087943,8.493953699967676,TR,yahoo
,,,,,,,,,,,,,,,OSTIM,2021,,,,,,,,,,,,TR,yahoo
1753094241.0,363828296.0,60872387.0,208505947.0,1077953404.0,122633413.0,32827230.0,157709121.0,189338084.0,390769282.0,405761821.0,415870358.0,12549145.0,393212676.0,193536527.0,OSTIM,2022,155460643.0,675140837.0,,0.08867785847686212,0.38511382971339075,0.7888389667859537,0.08072232790134543,32.33382202532523,0.23145465401138124,1.7449300666709522,7.415138415855374,TR,yahoo
2335726896.0,339035736.0,89845551.0,124755579.0,1881838561.0,23311352.0,24954697.0,49626499.0,650430696.0,567659132.0,229718630.0,262217011.0,34884417.0,194834213.0,424267477.0,OSTIM,2023,48266049.0,453888335.0,155460643.0,0.02066425192202779,0.194324231902838,0.48297618062750486,0.3424629012284753,6.585135993529718,0.09834995281057893,2.7175997956772737,9.773881582028377,TR,yahoo
3348075702.0,421182805.0,79581221.0,162032426.0,2612766359.0,49782482.0,54988217.0,105462448.0,1013218865.0,700515342.0,435617591.0,471410792.0,18819380.0,416798211.0,158713268.0,OSTIM,2024,104770699.0,735309343.0,48266049.0,0.03129281065461405,0.21962148064954357,0.475156532075824,0.24594589529568414,23.14728705196452,0.13010983913529206,2.5993735661280537,9.349618244626559,TR,yahoo
3365588204.0,395203171.0,34479902.0,164762800.0,2704240275.0,42100458.0,40773064.0,82988220.0,1017142495.0,426976932.0,-39013148.0,501246.0,18161066.0,-57174214.0,4082295.0,OSTIM,2025,82873522.0,661347929.0,104770699.0,0.02462378549505993,0.19650292576316625,0.5080085530816465,0.19356914807410988,-2.1481750025026063,-0.01159177701943241,2.3986189297584164,8.899927318482124,TR,yahoo
,,,,,,,,,,,,,,,OTKAR,2021,,,,,,,,,,,,TR,yahoo
26632326000.0,18279448000.0,2754110000.0,16533972000.0,6527187000.0,10241909000.0,2063062000.0,12436111000.0,5251414000.0,17818972000.0,3469793000.0,4159252000.0,1298207000.0,2171586000.0,2018080000.0,OTKAR,2022,12304971000.0,20105139000.0,,0.4620314049925643,0.7549148730005784,0.8323391416363354,0.10550264604443196,2.672757888379896,0.13028501528555936,1.1055690671303906,5.539154526421821,TR,yahoo
46901008000.0,34793354000.0,9869414000.0,30186794000.0,11987984000.0,19874890000.0,3200051000.0,23291910000.0,10333962000.0,39327185000.0,7399080000.0,8714976000.0,5294009000.0,2105071000.0,2841321000.0,OTKAR,2023,23074941000.0,34913024000.0,12304971000.0,0.49199243223088085,0.7443981587773124,0.8613192120404555,0.29926637465915684,1.397632682528496,0.15775950913464376,1.1526018297935183,6.03328866315535,TR,yahoo
52232131000.0,34532230000.0,1925922000.0,24630071000.0,10717740000.0,12103732000.0,15514081000.0,27834531000.0,8163086000.0,44112223000.0,5336345000.0,7322514000.0,9247615000.0,-3911270000.0,-4063449000.0,OTKAR,2024,27617813000.0,41514391000.0,23074941000.0,0.5287514116550213,0.7948056149575823,0.43825816330931056,0.364849579882758,0.5770509477308473,0.10216594456006399,1.4020353412704332,5.960764940115144,TR,yahoo
65584740000.0,43116777000.0,6730623000.0,41368329000.0,8548807000.0,19936816000.0,14537375000.0,34551270000.0,6704127000.0,51962379000.0,5927093000.0,7953802000.0,7785755000.0,-1858662000.0,-1458959000.0,OTKAR,2025,34474191000.0,57035933000.0,27617813000.0,0.5256434804803678,0.8696524984317998,0.5783113518167837,0.2507812439102465,0.7612740190257721,0.09037305019429824,1.0422653764912766,4.522811118800694,TR,yahoo
53260006.0,1895640.0,3082.0,14084642.0,33502391.0,3707710.0,1114672.0,4822382.0,-14492551.0,2786300.0,-834308.0,-834308.0,322489.0,-1156797.0,851800.0,OTTO,2021,4822382.0,19757615.0,,0.0905441505207491,0.37096531682703904,0.768854478969107,0.06687338331969554,-2.5870897922099667,-0.015664812354696318,0.1345891503667612,2.536797556018753,TR,yahoo
201639738.0,48831837.0,913473.0,7453177.0,105524134.0,1147617.0,1837836.0,2985453.0,58394430.0,30637240.0,83671633.0,84784178.0,605369.0,83066264.0,68998063.0,OTTO,2022,2985453.0,96115604.0,4822382.0,0.014805876210769526,0.47666995084074154,0.38440297000153745,0.15506705764145887,138.21591954659058,0.4149560688280601,6.551815017944697,9.481558835065378,TR,yahoo
,,,,,,,,,,,,,,,OYAKC,2021,,,,,,,,,,,,TR,yahoo
35759726596.0,15462634840.0,3190095468.0,8510619637.0,18597447850.0,2769762427.0,120460066.0,2986918418.0,10988766198.0,26312734932.0,7321168529.0,8633358046.0,886435216.0,6434733313.0,8822949317.0,OYAKC,2022,2890222493.0,17162278746.0,,0.08082339458723081,0.4799331644755845,0.9583215249719531,0.3067013761559567,8.259112901714861,0.20473222884816264,1.8168635774504653,8.040708679790908,TR,yahoo
51075645669.0,21378149561.0,7651947182.0,9623439045.0,38500315834.0,2197446443.0,98720599.0,2437419496.0,20609604918.0,44323987453.0,16201830106.0,18113753442.0,2116717189.0,14085112917.0,11734975327.0,OYAKC,2023,2296167042.0,12575329835.0,2890222493.0,0.044956201961312496,0.24620990435432727,0.9570063513697973,0.816258468329645,7.654225226778748,0.31721243840943913,2.221466719021547,11.421507641827432,TR,yahoo
73870801000.0,29639337000.0,8314667000.0,12553788000.0,59714825000.0,80491000.0,22129000.0,291158000.0,36357847000.0,58156190000.0,15023453000.0,18458523000.0,446247000.0,14577206000.0,9381523000.0,OYAKC,2024,102620000.0,14155976000.0,2296167042.0,0.001389182174970595,0.19163154870894117,0.7843597739232119,0.3720605390864038,33.66622744802766,0.2033747136436222,2.360987536192263,12.167714668673906,TR,yahoo
80297285000.0,32616470000.0,13819664000.0,14527572000.0,62952207000.0,2632474000.0,1223638000.0,4178703000.0,38655976000.0,56502601000.0,12127903000.0,15624550000.0,406929000.0,11720974000.0,8762754000.0,OYAKC,2025,3856112000.0,17345078000.0,102620000.0,0.04802294373962955,0.21601076549474868,0.6826757106640056,0.20558552587040496,29.80348660331409,0.15103752262607634,2.2451425468756927,11.123038079412137,TR,yahoo
,,,,,,,,,,,,,,,OYAYO,2021,,,,,,,,,,,,TR,yahoo
114629140.0,114329449.0,7577556.0,5002486.0,108801492.0,,,,-113054626.0,461572007.0,52471677.0,52696567.0,,3696559.0,3696559.0,OYAYO,2022,,5827648.0,,,0.050839149626351554,,,,0.45775164151105036,22.85452652940958,28.97081090285385,TR,yahoo
124846613.0,124746020.0,378885.0,642240.0,122846036.0,,,,-201249786.0,593386306.0,41363416.0,41695513.0,,-23856402.0,-23856402.0,OYAYO,2023,,2000577.0,,,0.01602427932906758,,,,0.33131388193927214,194.23583084205282,71.21792235282555,TR,yahoo
150351434.0,150263381.0,47698101.0,970670.0,147675455.0,,,,-277969826.0,546454731.0,43006311.0,43049927.0,,-13120582.0,-13120582.0,OYAYO,2024,,2675979.0,,,0.01779816080769805,,,,0.28603858211289157,154.80377574252836,63.603755668882314,TR,yahoo
166090616.0,166047879.0,71836085.0,9704304.0,154239305.0,,,,-271405976.0,540269240.0,44953560.0,44998876.0,,6563850.0,6563850.0,OYAYO,2025,,11851311.0,,,0.07135448880507493,,,,0.27065683229207843,17.11074580928215,19.58198881210926,TR,yahoo
,,,,,466006903.0,8673208.0,,,,,,,,,OYYAT,2021,474680111.0,,,,,0.9817283096573641,,,,,,TR,yahoo
12369150035.0,11781387629.0,905452327.0,9151343890.0,3073615698.0,3627899517.0,7021381.0,3639468851.0,1338156950.0,49238638276.0,1510321546.0,1648252939.0,408304979.0,1102016567.0,1051112190.0,OYYAT,2022,3634920898.0,9295534337.0,474680111.0,0.2938699011423221,0.7515095467915877,0.9980683538384939,0.19870784443833583,3.6990034990486853,0.12210390703697209,1.287394263685571,6.165257535746787,TR,yahoo
26361620716.0,25122399348.0,598240180.0,18847803465.0,7317542310.0,6282013672.0,,9098234604.0,4744020774.0,36553468493.0,5588116108.0,5785491586.0,2262632049.0,3325484059.0,2899799265.0,OYYAT,2023,6282013672.0,19044078406.0,3634920898.0,0.23830149669770403,0.7224168275223432,1.0,0.4563168251295622,2.4697414281167553,0.2119792317855606,1.3329086009758007,7.226034440490046,TR,yahoo
20841518911.0,20082333831.0,645618948.0,10630903755.0,9871820783.0,,,8415079984.0,6516011424.0,34025500354.0,5235319292.0,5473963379.0,4539160463.0,696158829.0,301841618.0,OYYAT,2024,8415079984.0,10969698128.0,6282013672.0,0.40376519676589323,0.5263387075982391,,0.6176949768768624,1.1533673098086288,0.2511966289192501,1.8890523603465734,9.877076927350677,TR,yahoo
20659647119.0,20069766026.0,640855746.0,8288294431.0,12146088283.0,,,5720462404.0,8785856423.0,30699102234.0,6028665270.0,6185402602.0,3256712228.0,2771953042.0,2268228281.0,OYYAT,2025,5720462404.0,8513558836.0,8415079984.0,0.27689061536482285,0.41208636270318283,,0.4607834830256957,1.8511507458865353,0.2918087242862747,2.421459106343371,11.836270835157443,TR,yahoo
,,,,,,,,,,,,,,,OZATD,2021,,,,,,,,,,,,TR,yahoo
3720656013.0,935211983.0,99273169.0,1467722345.0,933426969.0,414339274.0,930703949.0,1676821492.0,790832687.0,2113127165.0,1029407377.0,1029407377.0,441027763.0,588379614.0,469090104.0,OZATD,2022,1345043223.0,2787229044.0,,0.36150700798472335,0.7491230133238335,0.3080490402946701,0.3278911453985297,2.334110147618983,0.27667362244809596,0.6371858997622606,5.2149200939920926,TR,yahoo
4072782287.0,502150361.0,84199007.0,1129494852.0,1950224732.0,450473349.0,819191283.0,1461373337.0,1725314056.0,2897392790.0,1252702439.0,1624027201.0,479738479.0,772963960.0,744292870.0,OZATD,2023,1269664632.0,2122557555.0,1345043223.0,0.3117438012959027,0.5211566456117815,0.35479711543229,0.3669537903308131,2.611219432744314,0.3075790333793504,0.4445795924707765,6.652224164653472,TR,yahoo
6579544749.0,1951254355.0,86826769.0,991966985.0,4469063611.0,690646759.0,778412726.0,1501088772.0,2541726947.0,2296618423.0,948328978.0,1198788469.0,487093869.0,461235109.0,294967171.0,OZATD,2024,1469059485.0,2110481138.0,1269664632.0,0.2232767677768704,0.32076400701139146,0.47012851831524033,0.3557086060450389,1.9469121628381654,0.1441329171207678,1.9670557432916984,8.657807766634235,TR,yahoo
7164919686.0,1741042153.0,25122807.0,1048536497.0,4340799907.0,525031033.0,1380156523.0,1963153667.0,2411877550.0,2457169440.0,189300253.0,483160006.0,190081672.0,-781419.0,-127228338.0,OZATD,2025,1905187556.0,2824119779.0,1469059485.0,0.2659049423432714,0.3941593071194127,0.27557970938164156,0.11266612651080044,0.9958890355299485,0.026420429159853112,1.6604497392139894,6.772872945105162,TR,yahoo
,,,,,,,,,,,,,,,OZGYO,2021,,,,,,,,,,,,TR,yahoo
3798480460.0,16855620.0,679070.0,58774325.0,3731891492.0,107882.0,,2477088.0,1008076152.0,230770969.0,1003994890.0,1007055534.0,3594302.0,1000400588.0,1000400589.0,OZGYO,2022,107882.0,66588968.0,,2.8401357104782896e-05,0.017530422678546567,1.0,33.316975955210324,279.3295861060089,0.26431487553314936,0.28678542884159025,64.66484596959565,TR,yahoo
5377200529.0,10139602.0,5898140.0,55362793.0,5313244661.0,542551.0,,1302575.0,1425332660.0,122818164.0,-4794637.0,-1560410.0,4645182.0,-9439819.0,-9439819.0,OZGYO,2023,542551.0,63955868.0,107882.0,0.00010089841304484481,0.01189389676934624,1.0,14.283352781916047,-1.0321741968344835,-0.0008916604419236082,0.18314831045464053,91.28353550962517,TR,yahoo
6395147146.0,52145286.0,42474901.0,31038477.0,6089007918.0,260889.0,,5649527.0,1004065936.0,112424377.0,-592469684.0,-589058681.0,9123658.0,-601593342.0,-721765057.0,OZGYO,2024,260889.0,306139228.0,542551.0,4.0794839281091344e-05,0.047870552625436026,1.0,22.711485611868962,-64.93773484275715,-0.09264363594363494,1.680020769060286,24.045072319113867,TR,yahoo
6489791744.0,53272277.0,37450655.0,44339980.0,6084014542.0,1992421.0,,4466229.0,1074365082.0,216543632.0,227211852.0,231111112.0,4015885.0,223195967.0,70299146.0,OZGYO,2025,1992421.0,405777202.0,260889.0,0.0003070084647696208,0.06252545813587204,1.0,3.564431880211777,56.578276519372444,0.03501065380257601,1.201450181078115,19.777143144809557,TR,yahoo
,,,,,,,,,,,,,,,OZKGY,2021,,,,,,,,,,,,TR,yahoo
34028534386.0,10647227941.0,1948514239.0,2697728645.0,29409856281.0,980811075.0,1892047714.0,2872858789.0,22777927417.0,6223899845.0,8543952176.0,8590139562.0,366939108.0,8177013068.0,8183771486.0,OZKGY,2022,2872858789.0,4618678105.0,,0.08442499334270329,0.13572956309573572,0.34140594684133635,0.12772612054758392,23.284386945203998,0.251081991339455,3.9467379199660018,15.3379117458595,TR,yahoo
55134492567.0,16869164776.0,933673730.0,4097945092.0,49187875236.0,1520826910.0,1792401669.0,3313228579.0,35231568428.0,3115600949.0,4819954241.0,5134859898.0,654629414.0,4165324827.0,4247574955.0,OZKGY,2023,3313228579.0,5946617331.0,2872858789.0,0.06009357164163125,0.10785657134276895,0.4590165977799867,0.21164570593888837,7.362874533162972,0.08742175753486335,4.116493607718646,16.12534468221251,TR,yahoo
71837585493.0,18349469093.0,2036840325.0,2962117737.0,64361257070.0,783696361.0,171367314.0,955063675.0,44578644804.0,7449152164.0,3642721761.0,4307075734.0,1008594803.0,2634126958.0,2260507424.0,OZKGY,2024,955063675.0,7476328423.0,3313228579.0,0.013294763019186709,0.10407265739364957,0.8205697499698122,0.4725987551835526,3.6116800821945145,0.05070774213806162,6.194712946010086,16.057974977602036,TR,yahoo
78015642640.0,24628498802.0,5059516480.0,7650120217.0,65369476623.0,3420313962.0,359954481.0,3780268443.0,44696194070.0,6400248210.0,348109274.0,784684982.0,257225086.0,90884188.0,-219344212.0,OZKGY,2025,3780268443.0,12646166017.0,955063675.0,0.04845526249708529,0.16209782537272963,0.9047807089820473,0.10864077939633125,1.3533255228457772,0.004462044562092964,3.2193610170034797,12.00289087897548,TR,yahoo
,,,,,,,,,,,,,,,OZSUB,2021,,,,,,,,,,,,TR,yahoo
1466322540.0,1231392805.0,109709754.0,774893708.0,558713523.0,126023179.0,12347949.0,158203431.0,133898882.0,1486372094.0,138175378.0,160891869.0,61589187.0,76586191.0,52929588.0,OZSUB,2022,138371128.0,907609017.0,,0.09436609219687778,0.6189695597259249,0.910762099156986,0.4451014304082279,2.243500600194641,0.09423259496508865,1.5891118901690708,6.869576477554606,TR,yahoo
2589992276.0,2104442852.0,6709197.0,1699163722.0,755674552.0,271302700.0,45907314.0,348104398.0,145987699.0,2188516714.0,21432504.0,68344307.0,106010349.0,-84577845.0,-10843663.0,OZSUB,2023,317210014.0,1834317724.0,138371128.0,0.12247527413089475,0.7082328935872085,0.8552778538700232,0.4653851497654835,0.2021736953247838,0.008275122747895021,1.2385168213943305,4.948426946834254,TR,yahoo
3116591662.0,2146185056.0,23803262.0,1770061263.0,793168895.0,807425328.0,332508960.0,1165305958.0,39776946.0,3369043020.0,-24973013.0,49180669.0,207868265.0,-232841278.0,-148422039.0,OZSUB,2024,1139934288.0,2323422767.0,317210014.0,0.36576311933930855,0.7455011817329311,0.7083086599812848,0.2853091004297802,-0.1201386512751237,-0.008012924280229304,1.2124919633360736,4.387898121148363,TR,yahoo
3532500354.0,2427069500.0,696558681.0,2342997109.0,1029837416.0,1440216649.0,25262570.0,1541086720.0,315203317.0,2963966084.0,817474041.0,909849469.0,409206395.0,408267646.0,294005722.0,OZSUB,2025,1465479219.0,2502662938.0,1139934288.0,0.41485607137748076,0.7084678520035047,0.9827615638130724,0.3141201148305861,1.997705927836245,0.231415133497252,1.0358824134596916,5.684195345637204,TR,yahoo
1437628474.0,1036497760.0,82865027.0,942515178.0,279090554.0,370856717.0,135773842.0,506630559.0,46122115.0,1656246689.0,75608463.0,76412546.0,26132363.0,49476100.0,29235130.0,OZYSR,2021,506630559.0,1158537920.0,,0.3524071539779477,0.8058673996463985,0.7320062132296288,0.051580708142794834,2.893288410236763,0.05259249129201652,1.0997146615712112,4.389802156357277,TR,yahoo
1942962957.0,1175346954.0,97340326.0,1140394329.0,516803988.0,775899321.0,172061030.0,947960351.0,111395721.0,3238960333.0,165953218.0,182459163.0,62858942.0,103094276.0,91508606.0,OZYSR,2022,947960351.0,1426158969.0,506630559.0,0.48789419663650335,0.7340124338767824,0.8184934319051493,0.08642834431022259,2.6400892652631667,0.08541244566815485,1.0306495955926487,4.509380484451799,TR,yahoo
,,,,,,,,,,,,,,,PAGYO,2021,,,,,,,,,,,,TR,yahoo
4946366429.0,244546683.0,165857723.0,42209769.0,4895611615.0,9886375.0,,9886375.0,3361272667.0,314661190.0,1810742636.0,1811504843.0,47342.0,1810695294.0,1811806191.0,PAGYO,2022,9886375.0,50754814.0,,0.001998714640718341,0.010261029935515923,1.0,0.004788610587803922,38248.12293523721,0.3660753124523521,5.793603916666779,109.47259253613444,TR,yahoo
11409243471.0,127267562.0,7973334.0,233314733.0,10685349335.0,10917953.0,,10917953.0,8408834352.0,650460884.0,3828455086.0,3829584242.0,15838453.0,3812616633.0,3811143710.0,PAGYO,2023,10917953.0,723894136.0,9886375.0,0.0009569392596232378,0.0634480399896797,1.0,1.5226113527915923,241.71900412243545,0.33555731330750915,0.5454758915717508,23.345628923291564,TR,yahoo
15593178555.0,249535525.0,120159893.0,209333963.0,14112504769.0,131089.0,,131089.0,10915773728.0,992405663.0,1598141360.0,1598527384.0,136274728.0,1461866632.0,1074232511.0,PAGYO,2024,131089.0,1480673786.0,10917953.0,8.406817092334642e-06,0.09495650811522437,1.0,24.667247712516616,11.72734947597914,0.10248977489503262,1.1920451006796255,16.245452571805664,TR,yahoo
16699595054.0,403702553.0,247085753.0,197247124.0,15174227888.0,190241.0,,190241.0,11808836774.0,1111859863.0,1960213520.0,1961277102.0,90389225.0,1869824295.0,1570249342.0,PAGYO,2025,190241.0,1525367166.0,131089.0,1.1391952881781536e-05,0.09134156613184663,1.0,562.594373385616,21.686362727415794,0.11738090137284356,2.046684102729934,16.870468434409332,TR,yahoo
11982107630.0,12686308.0,797101.0,128553704.0,11505263643.0,0.0,0.0,0.0,1397487530.0,,,,,,,PAHOL,2023,0.0,476843987.0,,0.0,0.03979633648141416,,,,,0.09868488892393175,,TR,yahoo
34464962575.0,692664779.0,23594616.0,1086659057.0,32297151516.0,70319996.0,15812440.0,86132436.0,1856035669.0,1372323545.0,1361025559.0,1364892455.0,279161610.0,1081863949.0,288459425.0,PAHOL,2024,86132436.0,2167811059.0,0.0,0.002499130408529103,0.06289898195254315,0.8164171276892714,6.482148258293774,4.875403745522172,0.03949012148317994,0.6374260395089129,19.25937559688183,TR,yahoo
45142029393.0,4085307251.0,1251557449.0,1493590026.0,39782765772.0,20299352.0,0.0,20299352.0,6422056094.0,7469166078.0,7947869706.0,7953098428.0,329518175.0,7618351531.0,4566020425.0,PAHOL,2025,20299352.0,5359263621.0,86132436.0,0.0004496774352627519,0.11872004190026601,1.0,6.192100709611306,24.119670200285615,0.17606363322319854,2.7352266551624655,13.067888687800814,TR,yahoo
,,,,,6397425.0,,,,,,,,,,PAMEL,2021,6397425.0,,,,,1.0,,,,,,TR,yahoo
886505284.0,16512683.0,9673865.0,143328536.0,566968419.0,7730132.0,26062736.0,33792868.0,282413996.0,49991582.0,198264667.0,213861414.0,14792350.0,183472317.0,142424559.0,PAMEL,2022,33792868.0,319536865.0,6397425.0,0.03811919523764508,0.3604455278125562,0.22875039786501697,0.7361155590480517,13.403189283649995,0.22364747348759176,0.11520862112203532,6.716093364519086,TR,yahoo
1289702152.0,96037598.0,86269532.0,15983985.0,1088421660.0,0.0,34446175.0,34446175.0,677585478.0,78456158.0,322988783.0,356407885.0,151859101.0,171129682.0,269839621.0,PAMEL,2023,34446175.0,201280492.0,33792868.0,0.026708627993357027,0.15606742354261033,0.0,4.4507980863682395,2.126897768214761,0.2504367248663783,6.0083638717128425,12.730727835422437,TR,yahoo
1305748319.0,13855323.0,2104865.0,6720516.0,964686298.0,,5738369.0,5738369.0,426933256.0,87234335.0,-212930988.0,-165821461.0,215651721.0,-428582709.0,-459974151.0,PAMEL,2024,5738369.0,341062021.0,34446175.0,0.004394697597156163,0.26120042893197093,,10.733067967624567,-0.9873836712854241,-0.16307199856330046,2.061645712918472,6.225806565074649,TR,yahoo
1089119003.0,17759662.0,3236893.0,10067037.0,675154359.0,,0.0,0.0,137401317.0,79465696.0,-56307574.0,-17338732.0,239989472.0,-296297046.0,-289531939.0,PAMEL,2025,0.0,413964644.0,5738369.0,0.0,0.38009128741645876,,83.64379216463772,-0.23462518389140002,-0.05170011159928315,1.7641399351169564,5.072679663510311,TR,yahoo
,,,,,,,,,,,,,,,PAPIL,2021,,,,,,,,,,,,TR,yahoo
289245280.0,246996596.0,93799224.0,12562827.0,270660113.0,,,1100316.0,12670227.0,73264438.0,-44706268.0,-32878226.0,689510.0,-45395778.0,-48659175.0,PAPIL,2022,1100316.0,18585167.0,,0.003804093190388448,0.06425400269280107,,0.6266472540615605,-64.83773694362664,-0.15456178921917066,19.660908806592655,22.962432297948027,TR,yahoo
495432477.0,393978571.0,77583374.0,20649307.0,461738387.0,1376523.0,,6444831.0,88006998.0,107022566.0,91659778.0,109743786.0,813190.0,90846588.0,78182660.0,PAPIL,2023,1376523.0,33694090.0,1100316.0,0.0027784270589915326,0.06800944944915269,1.0,0.6566353323732387,112.71631230093828,0.18500962745726499,19.079505719005486,24.404628051451166,TR,yahoo
639104280.0,482104860.0,37214332.0,33580598.0,584035885.0,1123679.0,,7887700.0,94546123.0,306387968.0,-15515647.0,20619897.0,5201174.0,-20716821.0,-25361349.0,PAPIL,2024,1123679.0,55068395.0,1376523.0,0.0017582091611090447,0.08616496043493872,1.0,4.160603023275719,-2.9831047759601965,-0.02427717586244298,14.356649038828909,19.308871627160705,TR,yahoo
713308925.0,494009530.0,21685674.0,194803923.0,495363523.0,136409819.0,,153286074.0,5278487.0,137595692.0,-67604222.0,-40429944.0,29610768.0,-97214990.0,-89267636.0,PAPIL,2025,136409819.0,217945402.0,1123679.0,0.1912352617766559,0.30554139218151516,1.0,0.43059717713280293,-2.2830958656661657,-0.09477551679309214,2.5359321434199247,7.775422673907173,TR,yahoo
3897695365.0,786197581.0,28565626.0,1373042604.0,1216026133.0,886952705.0,883295010.0,1770247715.0,295910429.0,1140655072.0,321806871.0,446451414.0,69496993.0,252309878.0,163339574.0,PARSN,2021,1770247715.0,2681669232.0,,0.4541780588848046,0.6880140649473256,0.5010331025903909,0.03925834357029519,4.630515035377142,0.08256337165026235,0.5725951829241273,3.5407673926424534,TR,yahoo
7301945789.0,1193776329.0,45856370.0,1883465374.0,3481298773.0,846458759.0,1117899335.0,1964358094.0,1024356723.0,2465518032.0,829491504.0,1070370659.0,85601687.0,743889817.0,728446294.0,PARSN,2022,1964358094.0,3820647016.0,1770247715.0,0.2690184439549254,0.523236836646419,0.4309085810705551,0.04584242159839687,9.690130335865927,0.11359869382344438,0.633819100408904,4.807843017527181,TR,yahoo
13033110213.0,1684739242.0,106006806.0,3093992998.0,6998461813.0,1767682326.0,1580111582.0,3347793908.0,1473055561.0,3861926409.0,482360853.0,770123719.0,136592811.0,345768042.0,365127808.0,PARSN,2023,3347793908.0,6034648400.0,1964358094.0,0.2568683800940094,0.4630244278898741,0.528014081684027,0.05142654462770397,3.5313780386289877,0.0370104177066549,0.5445194100597638,4.375542986408842,TR,yahoo
16212165767.0,1454293142.0,99419031.0,3831530849.0,9234430624.0,2186407696.0,1505788882.0,3777826970.0,1138903616.0,4172813608.0,-420918040.0,86191701.0,203465335.0,-624383375.0,-334151945.0,PARSN,2024,3692196578.0,6977735143.0,3347793908.0,0.22774234060174103,0.4304011717671453,0.5921699047736889,0.05780273010442816,-2.068745715332786,-0.02596309746948074,0.3795592934817579,3.7322150563976555,TR,yahoo
,,,,,,,,,,,,,,,PASEU,2021,,,,,,,,,,,,TR,yahoo
795039025.0,455055364.0,14454713.0,440847920.0,162199905.0,58857013.0,,61477763.0,112611802.0,1022299699.0,147416161.0,150731577.0,3507109.0,143909052.0,104799340.0,PASEU,2022,58857013.0,632839120.0,,0.07403034461107114,0.7959849769638666,1.0,0.05958693486534901,42.033527044639904,0.1854200314255014,1.0322275400550829,5.344127528296168,TR,yahoo
2264185008.0,1080515084.0,204738712.0,505369945.0,1587143779.0,46743205.0,0.0,52754026.0,339862397.0,1025118672.0,491315773.0,499112961.0,23238634.0,468077139.0,340367236.0,PASEU,2023,46743205.0,677041229.0,58857013.0,0.020644604939456433,0.29902204396187754,1.0,0.4401247353485577,21.142196783167204,0.21699453501548846,2.1380675576186077,9.325350035052145,TR,yahoo
3886214280.0,2186184596.0,192202884.0,1322952849.0,2366783155.0,154663201.0,30828893.0,189957172.0,589248494.0,1950561690.0,373683517.0,389726611.0,51006355.0,322677162.0,270007630.0,PASEU,2024,185492094.0,1519431125.0,46743205.0,0.04773079419593919,0.3909797596132553,0.8337994232789242,0.43926444618567656,7.3262148804791085,0.09615617927274972,1.65250378927148,7.483179894700584,TR,yahoo
5464466691.0,2441036711.0,55742493.0,1384973020.0,3509231734.0,319829942.0,421423936.0,743704393.0,1705171620.0,2452511274.0,1295711021.0,1313551803.0,167017185.0,1128693836.0,1099516599.0,PASEU,2025,741253878.0,1955234957.0,185492094.0,0.13564981175946197,0.35780892584088403,0.43147152614289597,0.3604378978622634,7.757950303137967,0.2371157322880276,1.7625157138440142,9.013005406128677,TR,yahoo
,,,,,,,,,,,,,,,PATEK,2021,,,,,,,,,,,,TR,yahoo
459455161.0,400714080.0,38080936.0,363573844.0,4916703.0,197393.0,,17301122.0,-5408440.0,403519959.0,30951495.0,30951495.0,5456630.0,25494865.0,-5310166.0,PATEK,2022,197393.0,454538458.0,,0.0004296240781589566,0.989298840415028,1.0,27.64348279827552,5.672272996336567,0.06736564876675746,1.1021532120996032,4.205960229243208,TR,yahoo
818681428.0,534404383.0,17686506.0,559099536.0,218307260.0,733278.0,0.0,28897139.0,25129005.0,1083792658.0,66018909.0,87378209.0,18819610.0,47199299.0,45453684.0,PATEK,2023,733278.0,600374168.0,197393.0,0.0008956817327484312,0.7333428455396694,1.0,40.44309965605461,3.507984968870237,0.0806405357958114,0.9558304891886013,4.075888615072781,TR,yahoo
3446055412.0,2019516884.0,8667863.0,1678497470.0,893714926.0,157743397.0,25101074.0,252108599.0,-170450231.0,1345059226.0,-18885897.0,60680413.0,140805550.0,-159691447.0,-155271267.0,PATEK,2024,182844471.0,2552340486.0,733278.0,0.05305906293998966,0.7406556717318392,0.8627189880956259,1.534015432338698,-0.13412750420704297,-0.005480439152032997,1.2031694536900315,4.068760132946703,TR,yahoo
9690133817.0,7021627215.0,88483509.0,2441080926.0,4244644666.0,279663418.0,12081339.0,361387687.0,990306862.0,2990786828.0,2063732432.0,2278978965.0,415515417.0,1648217015.0,1165805522.0,PATEK,2025,291744757.0,5445489151.0,182844471.0,0.03010740228253341,0.5619622240351978,0.9585893535012182,1.7510528789330213,4.966680771799137,0.2129725420694879,2.876441800930282,8.933717690970267,TR,yahoo
,,,,,16041487.0,1070208.0,,,,,,,,,PCILT,2021,17111695.0,,,,,0.9374575107842911,,,,,,TR,yahoo
1745615619.0,1259118503.0,180799845.0,1119869518.0,542067401.0,2035173.0,0.0,34481176.0,112199149.0,3847929492.0,151059173.0,173742043.0,39883685.0,111175488.0,74793409.0,PCILT,2022,2035173.0,1203548218.0,17111695.0,0.00116587694212193,0.6894692078256434,1.0,4.166079277300079,3.7874928808609334,0.08653633214311884,1.1243439371835817,5.037266563371231,TR,yahoo
3475120920.0,2593046425.0,760517812.0,2269314977.0,1147688859.0,0.0,,32558949.0,514806866.0,7375216765.0,566005933.0,600353819.0,29375284.0,536630649.0,447405254.0,PCILT,2023,0.0,2327432061.0,2035173.0,0.0,0.669741316799992,,28.867603884288954,19.26810079521274,0.16287373764248755,1.1426560223155835,5.956328884916969,TR,yahoo
3817686648.0,2673563677.0,342800272.0,2178586990.0,1568787836.0,,,21595238.0,718077808.0,7520212689.0,511963779.0,548957743.0,12876238.0,499087541.0,324105366.0,PCILT,2024,21595238.0,2248898812.0,0.0,0.005656629260369826,0.5890737033585896,,1.1925071629217516,39.76035383937451,0.13410314313465363,1.227200790820843,6.34734117484442,TR,yahoo
4539065261.0,3420871024.0,579190694.0,2620945739.0,1834369738.0,,,8934617.0,983181513.0,10882014582.0,664169083.0,703977731.0,3662320.0,660506763.0,467056471.0,PCILT,2025,8934617.0,2704695523.0,21595238.0,0.0019683825823715115,0.5958705961421074,,0.2399172875206908,181.35200719762335,0.14632287592482798,1.3052048247687893,6.807624837454366,TR,yahoo
,,,,,,,,,,,,,,,PEKGY,2021,,,,,,,,,,,,TR,yahoo
6255223746.0,1312906683.0,91693166.0,910095898.0,3744432358.0,288898626.0,1352535846.0,1641434472.0,1672635348.0,310474604.0,-391975004.0,-380211930.0,55725729.0,-447700733.0,-460433998.0,PEKGY,2022,1641434472.0,2510791388.0,,0.2624101932484255,0.4013911396223939,0.17600375216196873,0.03394940824661808,-7.034004059417509,-0.06266362642114193,1.4426025717566744,5.688957860563767,TR,yahoo
9652421148.0,1764093539.0,108913454.0,682449624.0,4784286566.0,234877488.0,3791256254.0,4115370039.0,4206258025.0,1294166990.0,2012986992.0,2026933421.0,218327032.0,1794659960.0,1555627141.0,PEKGY,2023,4026133742.0,4868134582.0,1641434472.0,0.41711128019255794,0.5043433670534244,0.05833822298295624,0.07704434203745077,9.22005385022593,0.208547364556,2.584943235311974,7.839080285414399,TR,yahoo
10052514651.0,1993782866.0,70551173.0,3213194976.0,3386188521.0,1764988153.0,2102535254.0,4359037761.0,3460708911.0,185072323.0,933776399.0,958554622.0,605335395.0,328441004.0,112416266.0,PEKGY,2024,3867523407.0,6666326130.0,4026133742.0,0.3847319343737806,0.6631501033760593,0.4563613370265505,0.15337260881078077,1.542576903172827,0.09288983218811923,0.6204985632344023,4.734113545484128,TR,yahoo
10064028197.0,1400291328.0,71642577.0,1711604728.0,5969557314.0,504622816.0,1597061174.0,2101683990.0,2901948018.0,1427968162.0,1282097645.0,1293546685.0,883169518.0,398928127.0,215795927.0,PEKGY,2025,2101683990.0,4094470883.0,3867523407.0,0.20883128990303246,0.40684215135849144,0.24010403961824917,0.295908471347088,1.4517005160044485,0.12739408315471357,0.818116066807219,6.374035746277444,TR,yahoo
,,,,,,,,,,,,,,,PENGD,2021,,,,,,,,,,,,TR,yahoo
3537407043.0,1052307067.0,12840455.0,827829872.0,2495671778.0,481416458.0,0.0,544992588.0,101661136.0,1648733553.0,126293936.0,154711346.0,88669478.0,37624458.0,86409521.0,PENGD,2022,481416458.0,1041735265.0,,0.13609303428980593,0.29449120565908254,1.0,0.18418455897492395,1.4243225385853744,0.035702404180462305,1.2711634390018727,6.515365676974293,TR,yahoo
5804184272.0,1838972884.0,6049164.0,1452300986.0,3643192382.0,981841067.0,17305059.0,1095606744.0,20360557.0,2057055651.0,273621339.0,321718629.0,172938979.0,100682360.0,-126416542.0,PENGD,2023,999146126.0,2160991890.0,481416458.0,0.1721423854201161,0.37231620994957965,0.9826801520321363,0.23361252117120906,1.5821843090677665,0.04714208339662446,1.2662477693862835,5.78543797099653,TR,yahoo
7121183636.0,1501482258.0,66332432.0,1632671060.0,4515996781.0,1118879277.0,28408860.0,1200974708.0,-394666017.0,3134934731.0,-208622596.0,-135104946.0,194402463.0,-403025059.0,-421309924.0,PENGD,2024,1147288137.0,2605186855.0,999146126.0,0.16110919134286456,0.3658362132145977,0.9752382517662169,0.18113991781727348,-1.0731479055386248,-0.02929605619848672,0.9196477445983516,4.571743083300547,TR,yahoo
6806059794.0,1169857988.0,16808345.0,1177395484.0,4264163314.0,601429661.0,384736325.0,1075710177.0,-640868546.0,3159124121.0,-30857432.0,83166453.0,172401026.0,-203258458.0,-246202529.0,PENGD,2025,986165986.0,2541896480.0,1147288137.0,0.1448952868250396,0.3734754846322174,0.6098665635786793,0.16161681110590256,-0.17898635939672425,-0.004533817353059829,0.9935981612784919,4.66673089948112,TR,yahoo
,,,,,,,,,,,,,,,PENTA,2021,,,,,,,,,,,,TR,yahoo
4365270450.0,4221046442.0,637658607.0,2840338241.0,1466638913.0,0.0,,24490341.0,125737943.0,9783134720.0,292861749.0,303688678.0,49591570.0,243270179.0,103680477.0,PENTA,2022,0.0,2898631537.0,,0.0,0.6640210658654608,,inf,5.9054744384983175,0.06708902743929646,1.486106964681042,6.400902618167223,TR,yahoo
8062514227.0,7815174941.0,517642604.0,5428899406.0,2544127933.0,127364048.0,,176153125.0,321480335.0,18198902432.0,602978716.0,633887066.0,63056504.0,539922212.0,195742392.0,PENTA,2023,127364048.0,5518386294.0,0.0,0.015797063349479657,0.6844498054366038,1.0,0.9901774478775989,9.562514217407296,0.07478792582848735,1.4395505159595878,6.30821517242803,TR,yahoo
9771878150.0,9307345898.0,605986534.0,6218864125.0,3402444337.0,0.0,,77805374.0,589782393.0,23939917137.0,588736544.0,658763123.0,201016819.0,387719725.0,339818960.0,PENTA,2024,0.0,6369433813.0,127364048.0,0.0,0.6518126521051636,,3.1565708244449016,2.9287924608935336,0.06024804392387967,1.496631171050067,6.485858204360372,TR,yahoo
13905262202.0,13296365507.0,511518189.0,9440579763.0,4245525826.0,338100389.0,,422089872.0,701977653.0,32335973275.0,658808974.0,802951967.0,318290070.0,340518904.0,112195260.0,PENTA,2025,338100389.0,9659736376.0,0.0,0.024314564090087483,0.6946820732809077,1.0,1.8828139828020132,2.0698382893314893,0.04737839275732918,1.408426795895713,6.013460092118943,TR,yahoo
,,,,,,,,,,,,,,,PETKM,2021,,,,,,,,,,,,TR,yahoo
103236841000.0,57130804000.0,21835172000.0,51439317000.0,44480407000.0,42241978000.0,4391335000.0,47328763000.0,11935583000.0,97857274000.0,-837086000.0,2569470000.0,3048026000.0,-3885112000.0,-1280543000.0,PETKM,2022,46633313000.0,58756434000.0,,0.4517119329523072,0.5691421146836525,0.9058326608705669,0.06536155816336703,-0.27463217177281296,-0.008108403859432312,1.110644684492992,4.728949130769151,TR,yahoo
138301481000.0,29358075000.0,5832413000.0,38625154000.0,73832462000.0,24119178000.0,18888541000.0,44024914000.0,27736351000.0,87264493000.0,18636971000.0,24785004000.0,5242324000.0,13394647000.0,10669599000.0,PETKM,2023,43007719000.0,64469019000.0,46633313000.0,0.3109707769506821,0.4661484355326607,0.5608104442832692,0.11696259811020471,3.555097128678044,0.13475612021826433,0.7600765811833398,5.57229353048722,TR,yahoo
161703710000.0,34188143000.0,10692405000.0,51881773000.0,76399958000.0,32353177000.0,24852906000.0,58078257000.0,28001318000.0,101285270000.0,-173405000.0,6613007000.0,6110827000.0,-6284232000.0,-8303347000.0,PETKM,2024,57206083000.0,85303752000.0,43007719000.0,0.353770998822476,0.5275311988822026,0.565554837935679,0.12195579606888879,-0.02837668289414837,-0.0010723625326840057,0.6589625030740565,4.029917505320743,TR,yahoo
151331860000.0,30835350000.0,4256439000.0,55006857000.0,63962607000.0,33095004000.0,17684939000.0,51417110000.0,17767420000.0,89075556000.0,2678224000.0,8654817000.0,10742648000.0,-8064424000.0,-10233898000.0,PETKM,2025,50779943000.0,87369253000.0,57206083000.0,0.3355535509839105,0.5773354863939424,0.6517337760698156,0.19896366961406656,0.2493076194994009,0.017697687717576457,0.5605728391280381,3.472578090764414,TR,yahoo
6843630407.0,1767917835.0,92623511.0,1418257677.0,4790684895.0,660168067.0,30143662.0,696074899.0,1432759164.0,4041828629.0,519861208.0,624988695.0,132099794.0,387761414.0,335940050.0,PETUN,2022,690311729.0,2052945512.0,,0.10086922991836546,0.2999790155090998,0.9563332611432421,0.19136252282916086,3.9353672875523182,0.07596278248285596,1.2465420520336095,7.22838592606508,TR,yahoo
9641865434.0,2260592077.0,78624941.0,1980851894.0,6741289175.0,780550325.0,11880370.0,827872821.0,2402164896.0,7145609277.0,983734122.0,1169955022.0,270118276.0,713615846.0,692112503.0,PETUN,2023,792430695.0,2900576259.0,690311729.0,0.0821864503735616,0.3008314396062541,0.9850076857509917,0.3643495614987543,3.6418643587078128,0.10202736480132461,1.141222159944079,7.378469558347449,TR,yahoo
14532829540.0,4029566271.0,173742471.0,3596368669.0,9493651567.0,1953614918.0,3606217.0,1978616619.0,3742366850.0,10585136248.0,952884791.0,1241139466.0,734538789.0,218346002.0,3046644.0,PETUN,2024,1957221135.0,5039177973.0,792430695.0,0.13467584750877082,0.34674444911985114,0.9981574810656232,0.5342776718025424,1.2972559179580645,0.06556774015530083,1.1204541697112644,6.703810391977251,TR,yahoo
16804947941.0,5780220815.0,156579741.0,4364056109.0,9862263672.0,2533357599.0,1099222225.0,3658137013.0,4221162684.0,10475403406.0,1437465751.0,1758475701.0,1023846263.0,413619488.0,187863797.0,PETUN,2025,3632579824.0,6942684269.0,1957221135.0,0.21616132562585247,0.4131333398576935,0.6973990171564637,0.3663265545623876,1.4039859331888775,0.0855382448102045,1.324506530307766,6.688050509013729,TR,yahoo
,,,,,,,,,,,,,,,PGSUS,2021,,,,,,,,,,,,TR,yahoo
95803046438.0,20717301827.0,10558266871.0,20759664303.0,18044743319.0,3216735373.0,6459025794.0,60999940527.0,5397932457.0,42732213696.0,8657684373.0,13122991824.0,2038735879.0,6618948494.0,7100145148.0,PGSUS,2022,9675761167.0,77758303119.0,,0.10099638296222423,0.8116474998456562,0.33245295305251515,0.21070547772027287,4.246594403021246,0.09036961448405419,0.9979593853069253,4.281729765594126,TR,yahoo
201955079557.0,48001577327.0,16078358927.0,37183794680.0,54669186221.0,7298492529.0,12312016907.0,119518239089.0,26305434254.0,70531531601.0,15236696449.0,23039874083.0,5122012516.0,10114683933.0,20907501797.0,PGSUS,2023,19610509436.0,147285893336.0,9675761167.0,0.09710332356589778,0.7293002664705439,0.37217251050101685,0.3497893320343298,2.9747479923963542,0.07544596789752733,1.2909273445622413,4.92274909630555,TR,yahoo
283577896044.0,69668331037.0,46258554416.0,55339898284.0,74919092796.0,14339329385.0,17261724196.0,166307501632.0,39590871931.0,111822522278.0,19914513008.0,31936701417.0,7992055077.0,11922457931.0,13285437677.0,PGSUS,2024,31601053581.0,208658803248.0,19610509436.0,0.11143694209543319,0.7358077133614972,0.45376111743380165,0.31211916239881166,2.4917887597285384,0.07022590013472016,1.2589168610225414,4.885515617805078,TR,yahoo
410168210677.0,90234819051.0,54845602666.0,88019782755.0,116853871107.0,23501521087.0,25185679374.0,233184791330.0,53341090783.0,154127554444.0,23889803016.0,42905456968.0,9053884526.0,14835918490.0,13750218852.0,PGSUS,2025,48687200461.0,293314339570.0,31601053581.0,0.1187005701408203,0.7151074411297557,0.48270430142775345,0.2255344728573566,2.638624664076039,0.058243916505788855,1.0251652097593273,4.51908878156883,TR,yahoo
,,,,,,,,,,,,,,,PINSU,2021,,,,,,,,,,,,TR,yahoo
2038328300.0,368614754.0,43485524.0,798316095.0,939884945.0,402423524.0,3992001.0,462640812.0,-31355569.0,1108137992.0,207973515.0,342651133.0,111569125.0,96404390.0,70377998.0,PINSU,2022,406415525.0,1098443355.0,,0.19938668613883248,0.5388942276864821,0.9901775381243125,0.2745198402546261,1.8640776738188096,0.10203141221166384,0.4617403511074144,3.40101892001747,TR,yahoo
2696872904.0,469056540.0,34947912.0,821546265.0,1618522478.0,331690595.0,19400831.0,399713390.0,310763976.0,1743376049.0,321080746.0,515405345.0,187615869.0,133464877.0,292412041.0,PINSU,2023,351091426.0,1078350426.0,406415525.0,0.130184639209086,0.39985214890942444,0.9447413705853358,0.4953508842455493,1.7113730715390605,0.11905668432641867,0.5709435487482862,5.1442728317086415,TR,yahoo
3904049314.0,622673746.0,55548039.0,947821476.0,2462628823.0,425635122.0,9456971.0,514636595.0,469975174.0,2561438982.0,387317558.0,650238771.0,286415743.0,100901815.0,45059515.0,PINSU,2024,435092093.0,1441420491.0,351091426.0,0.11144636197082627,0.3692116505370557,0.9782644383748891,0.7286231168119921,1.3522914416055685,0.09920918688477406,0.6569525609694035,5.556678675705451,TR,yahoo
4040223131.0,654118603.0,68017921.0,962428586.0,2452160154.0,497536648.0,25000000.0,774053812.0,517230853.0,2686213318.0,251578719.0,535707294.0,311630001.0,-60051282.0,4289837.0,PINSU,2025,522536648.0,1588062977.0,435092093.0,0.12933361130246943,0.3930631862421264,0.9521564657796021,0.6508367755850385,0.8072994198013689,0.06226852103035494,0.67965417124466,5.206522590612097,TR,yahoo
,,,,,,,164297.0,,,,,1552538.0,,,PKART,2021,164297.0,,,,,,9.449582159138632,,,,,TR,yahoo
416455567.0,323478782.0,61251925.0,222184606.0,183480815.0,,,,-231490909.0,1077211309.0,65066785.0,74457077.0,0.0,-39523380.0,-40998622.0,PKART,2022,,232974752.0,164297.0,,0.5594228303352228,,0.0,inf,0.15623944102540957,1.4559009637238325,4.910344463084161,TR,yahoo
889242468.0,649004008.0,82264977.0,583986349.0,297463519.0,,,,-337579633.0,1792398651.0,108326448.0,127315270.0,,-11803950.0,-1179403.0,PKART,2023,,591778949.0,,,0.6654866026933838,,,,0.12181879734515784,1.1113342103138784,3.838473673604849,TR,yahoo
683939700.0,334587679.0,78501094.0,196545208.0,458526792.0,,,,-362270415.0,2540149437.0,116559491.0,157537179.0,,120742446.0,79595427.0,PKART,2024,,225412908.0,,,0.32958009017461626,,,,0.17042363676212977,1.7023446280104677,6.128389031421893,TR,yahoo
827295989.0,534756911.0,72959879.0,304166035.0,482107005.0,,,,-293386148.0,2285190126.0,158869869.0,195794794.0,,110490310.0,68884267.0,PKART,2025,,345188984.0,,,0.41724967676592956,,,,0.19203510123630008,1.7581085639624425,6.679310619549014,TR,yahoo
,,,,,0.0,,0.0,,,,,,,,PKENT,2021,0.0,,,,,,,,,,,TR,yahoo
600476399.0,151490089.0,95175317.0,113921845.0,469412850.0,0.0,,0.0,388767190.0,307850317.0,301697149.0,301697149.0,207081.0,301490068.0,265571772.0,PKENT,2022,0.0,131063549.0,0.0,0.0,0.21826594553635403,,inf,1456.9040568666367,0.5024296533592821,1.3297720819040457,12.908018524483722,TR,yahoo
1028325277.0,179950977.0,112782356.0,160592617.0,841079414.0,0.0,,0.0,710387654.0,656481843.0,372226610.0,372226610.0,335687.0,371890923.0,321620464.0,PKENT,2023,0.0,187245863.0,0.0,0.0,0.1820881652800216,,inf,1108.8502384661901,0.3619736073063582,1.1205432750373574,12.774466033994944,TR,yahoo
2013910747.0,504091609.0,335544810.0,302236445.0,1657662184.0,0.0,,0.0,1367254161.0,1269321219.0,254120269.0,254120269.0,476390.0,253643879.0,211510088.0,PKENT,2024,0.0,356248563.0,0.0,0.0,0.17689391822883996,,inf,533.4290581246457,0.1261824881656486,1.667871685692968,11.854449338552403,TR,yahoo
2087650521.0,711476491.0,471044846.0,245020794.0,1791495611.0,,,,1492700311.0,1337988020.0,241756508.0,241756508.0,5993493.0,235763015.0,178499985.0,PKENT,2025,,296154910.0,0.0,,0.1418603866025141,,inf,40.33649626353113,0.11580315075159077,2.9037392271286167,14.176526077420146,TR,yahoo
,,,,,,,,,,,,,,,PLTUR,2021,,,,,,,,,,,,TR,yahoo
5878240814.0,1818748922.0,374050905.0,900408031.0,3871084800.0,453979719.0,330525680.0,784505399.0,2544226590.0,2734401529.0,909546433.0,926413534.0,199030185.0,710516248.0,557947819.0,PLTUR,2022,784505399.0,2007156014.0,,0.13345921404437378,0.34145522061968386,0.5786827210860278,0.2537014853609695,4.569891913631091,0.15473106015557667,2.019916370559338,8.750713460975504,TR,yahoo
8105376765.0,2141726127.0,186784793.0,997198502.0,5650128450.0,377612277.0,225472599.0,603084876.0,3698557592.0,3681989325.0,448346167.0,464882348.0,131057123.0,317289044.0,57131804.0,PLTUR,2023,603084876.0,2455248315.0,784505399.0,0.07440553270813932,0.30291600084552023,0.6261345492603598,0.18889887794867977,3.4209980864603597,0.05531466087252269,2.147743024788459,8.451901028457504,TR,yahoo
11867980273.0,4199080477.0,240605689.0,1692027317.0,8061803691.0,646310570.0,357432228.0,1003742798.0,5573486705.0,6154354205.0,1271693289.0,1287572542.0,175828836.0,1095864453.0,756134060.0,PLTUR,2024,1003742798.0,3806176582.0,603084876.0,0.08457570495660025,0.32070971592859504,0.6439005801962426,0.2188521380918163,7.232563883889899,0.10715330323670483,2.4816859839148804,9.11080084644614,TR,yahoo
15265858842.0,5868460600.0,399429423.0,3905690699.0,8597645719.0,1658218425.0,786035084.0,2969852220.0,6048434389.0,7708004248.0,1725181399.0,2113554117.0,571132780.0,1154048619.0,709255539.0,PLTUR,2025,2444253509.0,6668213123.0,1003742798.0,0.1601124138705697,0.43680563222909957,0.6784150739251327,0.3312838699046785,3.020631032594557,0.11300912820270659,1.5025410490140811,7.498305806870729,TR,yahoo
,,,,,,,,,,,,,,,PNLSN,2021,,,,,,,,,,,,TR,yahoo
2085085601.0,1511261745.0,453805666.0,881290503.0,1063256440.0,55389634.0,34347614.0,89737248.0,185319518.0,2232046651.0,127414629.0,150969780.0,8407177.0,119007452.0,80848414.0,PNLSN,2022,89737248.0,1021829161.0,,0.043037680542689624,0.49006580857396653,0.6172423963792605,0.09368659266216856,15.155459317675838,0.06110762500057186,1.714828129720581,7.024943330962585,TR,yahoo
3641365671.0,2430897183.0,451417811.0,1666862492.0,1826633638.0,131123286.0,85922534.0,217045820.0,514694050.0,3828401902.0,392672944.0,430950808.0,15992265.0,376680679.0,335519254.0,PNLSN,2023,217045820.0,1814732033.0,89737248.0,0.05960560943619661,0.49836577728312415,0.604127211480046,0.10425780734417846,24.553929290191228,0.10783672376747686,1.4583669586825163,6.86876362678292,TR,yahoo
4471262791.0,2245248489.0,220512340.0,1401666639.0,2813982139.0,82454023.0,5342763.0,87796786.0,670277494.0,3585350670.0,103401513.0,171688509.0,17628193.0,85773320.0,84021140.0,PNLSN,2024,87796786.0,1657280652.0,217045820.0,0.019635791968372365,0.37065158758636696,0.9391462575862402,0.11565439117129185,5.865689863958263,0.023125796409938636,1.6018419976106744,6.914612693500495,TR,yahoo
4968744753.0,2207703501.0,211172180.0,1652121760.0,3016192929.0,103381838.0,0.0,103381838.0,913290778.0,2907014564.0,377089693.0,454308699.0,6420425.0,370669268.0,257826101.0,PNLSN,2025,103381838.0,1952551824.0,87796786.0,0.02080642961938842,0.3929668198031504,1.0,0.0671667665104651,58.73282422892566,0.07589234540017838,1.336283774266129,6.714697604575896,TR,yahoo
,,,,,,,,,,,,,,,PNSUT,2021,,,,,,,,,,,,TR,yahoo
12610549593.0,4817818343.0,36527838.0,4387288351.0,7342086613.0,2182953734.0,37635227.0,2247628599.0,3906693940.0,11076977007.0,744994745.0,1018859224.0,430652953.0,314341792.0,430476676.0,PNSUT,2022,2220588961.0,5268462980.0,,0.17608978455884497,0.4177821863469357,0.9830516913931466,0.19393636578561735,1.729919044581589,0.0590771036191428,1.098131227664092,6.34416487626214,TR,yahoo
17326707247.0,6855808250.0,21690817.0,6721493916.0,9676472348.0,3911721979.0,9819527.0,3972305757.0,5566802313.0,15682898375.0,1252268959.0,1669651811.0,1157277411.0,94991548.0,411115134.0,PNSUT,2023,3921541506.0,7650234899.0,2220588961.0,0.2263292990466488,0.44152849066718003,0.9974960032974339,0.37683257209130855,1.0820819166580968,0.07227391454985319,1.0199828097263133,6.162022877441659,TR,yahoo
23443457459.0,7999182256.0,61186806.0,9757932219.0,11992524566.0,5979674192.0,112854409.0,6237941465.0,5095627013.0,17668268856.0,944099965.0,1623637053.0,3149836255.0,-2205736290.0,-2214517845.0,PNSUT,2024,6092528601.0,11450932893.0,3921541506.0,0.2598818289347958,0.4884489804042944,0.9814765893784271,0.6290821257179361,0.2997298553222729,0.040271362133811786,0.8197620229852101,4.836735457885386,TR,yahoo
20425620286.0,6140499543.0,60423884.0,6935084739.0,10948457724.0,4389589190.0,1002050890.0,5669868401.0,4588405464.0,15848775256.0,1107131874.0,1710137189.0,2290439797.0,-1183307923.0,-941748602.0,PNSUT,2025,5391640080.0,9477162562.0,6092528601.0,0.2639645702067371,0.46398407633651045,0.8141472956036042,0.3988864776584868,0.4833708685336819,0.05420309682143868,0.8854253082833167,5.304385794913708,TR,yahoo
,,,,,,,,,,,,,,,POLHO,2021,,,,,,,,,,,,TR,yahoo
14001005871.0,3221105332.0,782928732.0,2597375319.0,10280088118.0,775601429.0,326781766.0,1233247326.0,3869385423.0,7611957533.0,1970797446.0,2295946617.0,166997939.0,1803799507.0,2181587350.0,POLHO,2022,1102383195.0,3720917753.0,,0.078735999767227,0.26576074514096604,0.7035678995451305,0.1514881030094077,11.801327955310873,0.1407611327470459,1.240138576984761,8.290027276397222,TR,yahoo
20122919263.0,3007758465.0,606840090.0,2710912374.0,16257753075.0,1009980952.0,245615852.0,1436160208.0,5998932963.0,8090475825.0,1535566399.0,2095655150.0,176272166.0,1359294233.0,1079591919.0,POLHO,2023,1255596804.0,3865166188.0,1102383195.0,0.06239635450452088,0.19207780628066617,0.8043831815933804,0.1495111630079607,8.71133789210941,0.0763093256465748,1.1095004375084239,9.247957271999047,TR,yahoo
25464994084.0,3454938283.0,666406797.0,3735306544.0,20202122037.0,1768549309.0,3480924.0,2225497685.0,6883302865.0,7094997626.0,187479815.0,772669242.0,197205236.0,-9725421.0,-828896834.0,POLHO,2024,1772030233.0,5262872047.0,1255596804.0,0.06958690927453977,0.20667085292223702,0.998035629451927,0.13027049474059774,0.9506837587212948,0.007362256373654377,0.924941030221374,8.138984070888155,TR,yahoo
18064584587.0,2724440405.0,282576984.0,2936677265.0,13563712126.0,1600379827.0,348526180.0,2090334007.0,1782389031.0,6402284215.0,-404532391.0,273477783.0,273732024.0,-678264415.0,-1443414557.0,POLHO,2025,1948906007.0,4500872461.0,1772030233.0,0.10788545939786022,0.24915449560013733,0.8211682971122373,0.1471307253574439,-1.4778409376025363,-0.022393672495027522,0.9277289123563259,6.5083515342816085,TR,yahoo
84135516.0,68939981.0,12921755.0,20320080.0,58199177.0,44561.0,,5373898.0,46168268.0,123791876.0,29032718.0,32388751.0,780823.0,28251895.0,24900786.0,POLTK,2021,44561.0,25936339.0,,0.0005296336448450616,0.3082686151232495,1.0,17.522564574403628,37.18220134396656,0.345070897289083,3.3927022432982548,13.504746280057402,TR,yahoo
,,,,,,,,,,,,,,,PRDGS,2021,,,,,,,,,,,,TR,yahoo
1158247788.0,1566558.0,1185658.0,13651140.0,1144433501.0,,,,414341941.0,380746555.0,-43113591.0,-43113591.0,0.0,-43113591.0,-43113591.0,PRDGS,2022,,13814287.0,,,0.011926883990733769,,,-inf,-0.03722311533566253,0.11475656978098532,91.08402808907144,TR,yahoo
1731982247.0,54494326.0,35343341.0,2208386.0,1729659366.0,0.0,,0.0,675562141.0,99840067.0,82572551.0,82572551.0,5232214.0,77340337.0,77340337.0,PRDGS,2023,0.0,2322881.0,,0.0,0.0013411690587611432,,inf,15.781569905206476,0.04767517169591404,24.67608742312259,786.889044757571,TR,yahoo
2258868973.0,1283170.0,250945.0,25331558.0,2233310959.0,24498128.0,,24498128.0,848458491.0,49218288.0,-22126189.0,-22126189.0,8554270.0,-30680459.0,-30680459.0,PRDGS,2024,24498128.0,25558014.0,0.0,0.010845307228008041,0.011314518152886241,1.0,0.6983611155921792,-2.5865665918891967,-0.009795251191845026,0.050654997217304994,96.08995601026716,TR,yahoo
2273672725.0,2684277.0,1549634.0,797570.0,2272541196.0,0.0,,0.0,881622736.0,65158739.0,51376997.0,51376997.0,12146760.0,39230237.0,39230237.0,PRDGS,2025,0.0,1131529.0,24498128.0,0.0,0.0004976657315533395,,0.9916480149013834,4.229687340492444,0.022596478567512394,3.365569166342766,2113.471277815901,TR,yahoo
,,,,,0.0,,,,,,,,,,PRKAB,2021,0.0,,,,,,,,,,,TR,yahoo
6637517909.0,5589684668.0,462020957.0,5281441131.0,1275985836.0,115341043.0,,125050340.0,-930130862.0,13829947641.0,97546851.0,170434739.0,214722258.0,-117175407.0,-178553357.0,PRKAB,2022,115341043.0,5361532073.0,0.0,0.017377134733392703,0.807761598010929,1.0,3.7232584761696668,0.4542931501772862,0.014696284414951776,1.0583635279376173,3.4464597526707297,TR,yahoo
8404312850.0,7082671874.0,786086218.0,6649716898.0,1535742620.0,249846095.0,,275380450.0,-1521947160.0,18007801884.0,152484183.0,237449226.0,254019384.0,-101535201.0,-125408895.0,PRKAB,2023,249846095.0,6868570230.0,115341043.0,0.029728319192686883,0.8172673188861598,1.0,1.3911737712953078,0.6002856183605264,0.018143563396738616,1.0651087832220674,3.3542804652983236,TR,yahoo
7178435201.0,6129211409.0,413072059.0,5896875255.0,1156566389.0,0.0,,76391382.0,-2944199837.0,18748510079.0,-858177598.0,-689617095.0,142135180.0,-1000312778.0,-952087763.0,PRKAB,2024,0.0,6021868812.0,249846095.0,0.0,0.8388832166599647,,1.1377818812817546,-6.037756437217021,-0.11954939676553054,1.0393998760280712,1.5235391780593504,TR,yahoo
7224377617.0,6257565695.0,448633783.0,4320334791.0,907394499.0,,,51652148.0,-3212443507.0,16168262454.0,526752892.0,684796261.0,759583086.0,-232830194.0,-268243670.0,PRKAB,2025,51652148.0,6316983118.0,0.0,0.007149702124990679,0.8743982461735154,,29.411481048184093,0.6934763315674989,0.07291325563609447,1.4483983296932417,4.200264707675804,TR,yahoo
,,,,,,,,,,,,,,,PRKME,2021,,,,,,,,,,,,TR,yahoo
3121574025.0,354693767.0,262779765.0,208571838.0,2652869588.0,,,,-1288520719.0,387699031.0,-53495127.0,107566702.0,3789548.0,-57284675.0,-225541199.0,PRKME,2022,,468704437.0,,,0.15015003112091824,,,-14.116492784891497,-0.017137228389129743,1.7005832158414407,8.039259095717476,TR,yahoo
4449194748.0,611508842.0,109514765.0,252301661.0,3974472946.0,,,,-1751091723.0,573872450.0,593161219.0,843280548.0,3168487.0,589992732.0,487960698.0,PRKME,2023,,474721802.0,,,0.10669836428567141,,,187.20645500518071,0.13331878072243017,2.4237210313094213,12.183297156601853,TR,yahoo
5591447574.0,562945321.0,112725900.0,252001236.0,4985386024.0,,,,-141030044.0,835771789.0,177771905.0,543015383.0,6504417.0,171267488.0,95611759.0,PRKME,2024,,606061550.0,,,0.10839081328745014,,,27.330951413477948,0.03179353872986881,2.233899047225308,12.383401129601408,TR,yahoo
5476304861.0,232781338.0,2106064.0,210373618.0,4751246316.0,,,,-375585198.0,622387858.0,133476030.0,449161286.0,8060326.0,125415704.0,-229850443.0,PRKME,2025,,725058545.0,,,0.13239922966370443,,,16.559631707203902,0.024373374636346784,1.1065139260950487,10.097607922872454,TR,yahoo
,,,,,,,,,,,,,,,PSDTC,2021,,,,,,,,,,,,TR,yahoo
4429392968.0,4426199877.0,226124077.0,4323145068.0,101782656.0,45517.0,,361715.0,-116290407.0,55255962.0,32246648.0,33019000.0,928131.0,31318517.0,16380723.0,PSDTC,2022,45517.0,4327610312.0,,1.027612594521101e-05,0.9770210824067033,1.0,20.390864951556562,34.74363855964298,0.007280150628531905,1.023837925255577,3.390654858334858,TR,yahoo
4545284375.0,4541356684.0,241773824.0,4426690368.0,112314014.0,105070.0,,133967.0,-215491688.0,54618135.0,45152228.0,46253994.0,4077792.0,41074436.0,25101135.0,PSDTC,2023,105070.0,4432970361.0,45517.0,2.3116265415186482e-05,0.9752899918390695,1.0,54.1586192699237,11.0727148417575,0.009933862058960833,1.025903396548561,3.354294616672663,TR,yahoo
4337968191.0,4331217397.0,555020918.0,4146831090.0,182431631.0,164229709.0,,164781072.0,20876690.0,83263636.0,64165354.0,65703821.0,17491464.0,46673890.0,34961226.0,PSDTC,2024,164229709.0,4155536560.0,105070.0,0.03785867064233621,0.957945373740063,1.0,0.21287598530801566,3.6683809885782,0.014791568581144537,1.044464388107016,3.690018423735978,TR,yahoo
4867542698.0,4859853765.0,561142086.0,4636744031.0,221742283.0,230675387.0,,231084067.0,55020116.0,77017007.0,147924987.0,150151016.0,59179873.0,88745114.0,54579642.0,PSDTC,2025,230675387.0,4645800415.0,164229709.0,0.04739052152429624,0.9544447174359435,1.0,0.29971693756010687,2.499582704410332,0.030390074864834807,1.0481177594683575,3.8418722813779786,TR,yahoo
,,,,,,,,,,,,,,,PSGYO,2021,,,,,,,,,,,,TR,yahoo
20260000567.0,10191938673.0,290909064.0,3742536093.0,11180802621.0,427575902.0,973101780.0,1418954288.0,7547463603.0,4570134371.0,6170471162.0,6188382777.0,43483920.0,6126987242.0,6126987242.0,PSGYO,2022,1400677682.0,9079197946.0,,0.06913512550840986,0.44813414076544633,0.3052635931126373,0.031044915299792718,141.9023667139485,0.3045642146748317,2.723270643151016,9.892425314226934,TR,yahoo
43809821706.0,16567719333.0,151209041.0,4917930749.0,18666488982.0,1619974986.0,5880748230.0,7515497636.0,11635894335.0,2682228155.0,1828163440.0,1850439826.0,369661754.0,1458501686.0,1458501686.0,PSGYO,2023,7500723216.0,25143332724.0,1400677682.0,0.1712109961628247,0.5739199965873516,0.21597583850906357,0.08305698355481483,4.9455033424961785,0.04172953389923572,3.3688394933923864,6.920219531195348,TR,yahoo
66499959437.0,26145900029.0,225608436.0,11249490525.0,23185036691.0,6868633938.0,7347451411.0,14227893817.0,9169768614.0,661922546.0,6662112048.0,6694507562.0,2672503153.0,3989608895.0,3098491494.0,PSGYO,2024,14216085349.0,43314922746.0,7500723216.0,0.2137758499306737,0.651352619049869,0.4831593064741384,0.2461230106625476,2.4928359918009795,0.10018219716827766,2.3241852571807913,6.404261488256034,TR,yahoo
75548349225.0,33402135640.0,2033727177.0,12201552441.0,35420972744.0,4438828938.0,8386314290.0,12830466524.0,15284890345.0,307961683.0,6531100195.0,6562921525.0,2858852852.0,3672247343.0,2897763679.0,PSGYO,2025,12825143228.0,40127376481.0,14216085349.0,0.16976073414660373,0.5311482897063923,0.3461036542897313,0.21144400624101867,2.284517788465735,0.08644927734355799,2.7375316216124435,7.258234218022349,TR,yahoo
,,,,,,,,,,,,,,,QNBFK,2021,,,,,,,,,,,,TR,yahoo
16857635000.0,16601421000.0,1025690000.0,10046355000.0,1636294000.0,9612012000.0,4363017000.0,13979179000.0,401554000.0,1452352000.0,116237000.0,126460000.0,,508069000.0,401554000.0,QNBFK,2022,13975029000.0,15221341000.0,,0.829002941397177,0.9029345456821197,0.6877990736190959,,,0.006895213949050386,1.6524820195981527,6.03771114735087,TR,yahoo
24816293000.0,23716940000.0,587665000.0,17970790000.0,2450332000.0,17105166000.0,3834618000.0,20946555000.0,824382000.0,3167642000.0,582707000.0,597841000.0,,1131587000.0,824382000.0,QNBFK,2023,20939784000.0,22365961000.0,13975029000.0,0.8437917782482661,0.9012611593520434,0.816874042253731,,,0.02348082366693527,1.3197494378377355,5.1500718898979585,TR,yahoo
31209186000.0,30827045000.0,899282000.0,22557350000.0,4650723000.0,21511552000.0,3198039000.0,24720210000.0,1205184000.0,5323221000.0,1417640000.0,1443613000.0,,1643940000.0,1205184000.0,QNBFK,2024,24709591000.0,26558463000.0,20939784000.0,0.7917409637021613,0.8509822396521332,0.870574992520111,,,0.045423805670548406,1.366607558068656,5.6032500806196595,TR,yahoo
56441137000.0,55837782000.0,4289651000.0,39799634000.0,6454380000.0,38038809000.0,7776044000.0,45877576000.0,1828948000.0,6703238000.0,2147443000.0,2180825000.0,,2620318000.0,1828948000.0,QNBFK,2025,45814853000.0,49986757000.0,24709591000.0,0.8117280309218434,0.8856440471778589,0.830272422788304,,,0.03804747944748172,1.4029722484382645,5.610966054532792,TR,yahoo
,,,,,,,,,,,,,,,QNBTR,2021,,,,,,,,,,,,TR,yahoo
621143814000.0,,114127759000.0,,44264316000.0,,,128182249000.0,17223799000.0,46675971000.0,,,28428661000.0,24654128000.0,17223799000.0,QNBTR,2022,128182249000.0,576879498000.0,,0.20636484838276117,0.928737411526407,,0.22178313473030106,,,,,TR,yahoo
1023422179000.0,,186097986000.0,,81617695000.0,,,239122596000.0,33172965000.0,74774200000.0,,,91269609000.0,39243852000.0,33172965000.0,QNBTR,2023,239122596000.0,941804484000.0,128182249000.0,0.23365000378792847,0.9202502186538992,,0.4969692626842426,,,,,TR,yahoo
1555092527000.0,,274349617000.0,,119000577000.0,,,442808706000.0,36174298000.0,101311368000.0,,,244281622000.0,47116763000.0,36174298000.0,QNBTR,2024,442808706000.0,1436091950000.0,239122596000.0,0.2847474978574056,0.9234768510980055,,0.7164405601665723,,,,,TR,yahoo
1910723965000.0,,302847239000.0,,172874950000.0,,,571022968000.0,47814712000.0,161965625000.0,,,329585178000.0,64554175000.0,47814712000.0,QNBTR,2025,571022968000.0,1737849015000.0,442808706000.0,0.2988516282099387,0.909523848987784,,0.6501773153321307,,,,,TR,yahoo
,,,,,,,,,,,,,,,QUAGR,2021,,,,,,,,,,,,TR,yahoo
14832305669.0,9279781249.0,214187771.0,6117536571.0,7357785257.0,3615572098.0,107196695.0,4412780490.0,4563862466.0,7635758071.0,3455326200.0,3659275427.0,407533192.0,3047793008.0,2610907198.0,QUAGR,2022,3722768793.0,7474520412.0,,0.250990565868711,0.5039351654963523,0.9712051161486138,0.10947045456228525,8.478637489728689,0.23295947893129954,1.5169147158008873,8.250773438057664,TR,yahoo
20916127741.0,11919890663.0,1241979347.0,8921407832.0,11212112813.0,6370139441.0,114505027.0,7092677037.0,3091935940.0,11232573730.0,958773381.0,1485187576.0,1918248007.0,-959474626.0,605572136.0,QUAGR,2023,6484644468.0,9704014928.0,3722768793.0,0.31003083115087005,0.4639489224852119,0.9823421272260874,0.37585389323446927,0.49981721732605977,0.0458389522607764,1.336099737559896,6.193553786349036,TR,yahoo
20093383300.0,9609259159.0,455205402.0,8032173112.0,10777216631.0,4697725192.0,634595618.0,6118382715.0,161955933.0,10649253426.0,-1371548111.0,-626732802.0,2079122928.0,-3450671039.0,-3919802523.0,QUAGR,2024,5332320810.0,9316166669.0,6484644468.0,0.26537695172519804,0.4636435054220063,0.8809907279378414,0.351887795062031,-0.6596762954845352,-0.06825869444296123,1.1963461226506493,4.547128863515403,TR,yahoo
20307811674.0,10325790662.0,121903945.0,10177935729.0,9556200720.0,3932518845.0,81547803.0,4712052138.0,-1083961432.0,10600992914.0,-66866144.0,693517434.0,1206586610.0,-1273452754.0,-1245917365.0,QUAGR,2025,4014066648.0,10751610954.0,5332320810.0,0.19766121098804512,0.5294322759436084,0.9796844920249067,0.2581931501175307,-0.05541760818976766,-0.003292631676588198,1.0145270059604246,4.03488371899046,TR,yahoo
,,,,,,,,,,,,,,,RALYH,2021,,,,,,,,,,,,TR,yahoo
1604692626.0,631375040.0,890598.0,604713371.0,915698545.0,61854143.0,0.0,69339438.0,632644583.0,695941623.0,592978450.0,600875824.0,31734189.0,561244261.0,461929522.0,RALYH,2022,61854143.0,688994081.0,,0.03854578876839682,0.42936202848856364,1.0,0.5130487217323503,18.685791844247223,0.3695277465554952,1.044089762652197,8.522952217918448,TR,yahoo
3543247974.0,1764401380.0,148844202.0,1425996350.0,1871244770.0,339485196.0,173179.0,362363010.0,1446375957.0,3017224250.0,831766948.0,868657291.0,71464625.0,760302323.0,537199262.0,RALYH,2023,339658375.0,1672003204.0,61854143.0,0.09586074062339957,0.4718843321915352,0.999490137700859,0.35597707068251355,11.638862556124796,0.23474703269526231,1.2373112876481065,7.959899986088226,TR,yahoo
9548252831.0,3157157657.0,19614271.0,2601770843.0,4196249542.0,850409771.0,2079284061.0,2979737787.0,3599671224.0,6122728042.0,2237826271.0,2297604733.0,360614756.0,1877211515.0,1706476057.0,RALYH,2024,2929693832.0,5352003289.0,339658375.0,0.3068303577475723,0.5605217398123169,0.29027257446197197,0.22060318568791018,6.2055870808570015,0.2343702361687075,1.2134649235132504,7.258806973246403,TR,yahoo
15532198172.0,4172350748.0,25303969.0,5030182207.0,6222206581.0,1588926503.0,1701848125.0,3319790289.0,5737484455.0,6390386667.0,4500345781.0,4633811464.0,188827331.0,4311518450.0,2317482860.0,RALYH,2025,3290774628.0,9309991591.0,2929693832.0,0.211867926970717,0.5993994853724688,0.4828426989440129,0.06071161109946372,23.83312710700762,0.28974300554011756,0.8294631439381576,6.740743463122764,TR,yahoo
,,,,,,,,,,,,,,,RAYSG,2021,,,,,,,,,,,,TR,yahoo
5442491581.0,,2125138630.0,,901186556.0,0.0,,7640636.0,355272618.0,2060263497.0,,,,240000704.0,179719075.0,RAYSG,2022,0.0,4541305025.0,,0.0,0.8344165456964443,,,,,,,TR,yahoo
10864865542.0,,3849398229.0,,2018723627.0,0.0,,4616674.0,1248222867.0,5986997190.0,,,,1129740660.0,901936203.0,RAYSG,2023,0.0,8846141915.0,0.0,0.0,0.8141970906868311,,,,,,,TR,yahoo
25623099046.0,,13459386012.0,,4379069037.0,0.0,,2224764.0,3415114151.0,14716104434.0,,,,2942142204.0,2211988094.0,RAYSG,2024,0.0,21244030009.0,0.0,0.0,0.8290968227871869,,,,,,,TR,yahoo
41036601385.0,,23691855984.0,,8455252381.0,0.0,,23963195.0,7041727821.0,31742403330.0,,,,5291294071.0,3737213074.0,RAYSG,2025,0.0,32581349004.0,0.0,0.0,0.7939582690663407,,,,,,,TR,yahoo
,,,,,,,,,,,,,,,REEDR,2021,,,,,,,,,,,,TR,yahoo
3752214952.0,1725602316.0,38414771.0,1399439651.0,2138270752.0,810293407.0,44283185.0,1006117648.0,554028668.0,1821105046.0,645339465.0,689737258.0,221613548.0,423725917.0,412279392.0,REEDR,2022,854576592.0,1613944200.0,,0.22775256826491105,0.43013106142539564,0.948181139742709,0.2593255538176501,2.912003669559047,0.17198893806870583,1.233066616889791,6.84846378116371,TR,yahoo
9286694691.0,4650670540.0,1011046113.0,1757107850.0,6780065561.0,1046008714.0,260762909.0,1716642786.0,2046674893.0,3822010657.0,1713926171.0,1895443043.0,472987600.0,1240938571.0,1255218906.0,REEDR,2023,1306771623.0,2506629130.0,854576592.0,0.14071439478530823,0.26991617721957045,0.8004525776268713,0.4376782942400607,3.6236175557245054,0.1845571786333209,2.646775802634995,10.092760237648944,TR,yahoo
11747432634.0,5575348239.0,76830923.0,1868263074.0,8998829035.0,478135743.0,210010595.0,999874899.0,2808380284.0,3454761993.0,268083077.0,667841155.0,1175684993.0,-907601916.0,-1283047833.0,REEDR,2024,688146338.0,2748603599.0,1306771623.0,0.05857844513262692,0.23397483387517845,0.6948169547623169,1.178680041970909,0.22802287908424462,0.02282056729775157,2.9842415217590497,9.690472847600418,TR,yahoo
9883200842.0,4132637792.0,19269024.0,1205708147.0,8100971233.0,147091529.0,108021395.0,350337728.0,1791315508.0,1811481242.0,-857343678.0,-456071915.0,482126730.0,-1339470408.0,-1017064776.0,REEDR,2025,255112924.0,1782229609.0,688146338.0,0.025812783538290862,0.18032919066322867,0.5765741958255317,1.0222570812137968,-1.7782537757240715,-0.0867475721384313,3.42756064333038,9.973368163180746,TR,yahoo
,,,,,,,,,,,,,,,RGYAS,2021,,,,,,,,,,,,TR,yahoo
76425509000.0,7220810000.0,1788710000.0,16936253000.0,37411941000.0,16317242000.0,10674504000.0,26991746000.0,28120888000.0,4201418000.0,20423954000.0,20423954000.0,2309327000.0,18114627000.0,14569592000.0,RGYAS,2022,26991746000.0,39013568000.0,,0.3531771832883704,0.5104783535036711,0.6045271024705108,0.08555678465557581,8.844115190269719,0.26724001275542697,0.4263522752051472,6.4183422184588075,TR,yahoo
120908083000.0,3701254000.0,2306624000.0,7668468000.0,80409529000.0,4470755000.0,22762514000.0,27704135000.0,67000181000.0,7234684000.0,24225520000.0,24242830000.0,3856591000.0,20368929000.0,26399243000.0,RGYAS,2023,27233269000.0,40498554000.0,26991746000.0,0.2252394407741954,0.3349532388169615,0.16416519808914604,0.1422439809375802,6.2815891029149835,0.2003631138540175,0.48265885702333244,8.272461668602405,TR,yahoo
160957306000.0,6503876000.0,4695091000.0,7833204000.0,117233004000.0,4618384000.0,19321602000.0,23970321000.0,93830262000.0,10762993000.0,16763053000.0,16788268000.0,4096851000.0,12666202000.0,6133725000.0,RGYAS,2024,23939986000.0,43724302000.0,27233269000.0,0.14873500678496693,0.2716515521202871,0.19291506686762475,0.1601168813670344,4.0916921313467345,0.10414595905326596,0.830295751266021,8.611349337658499,TR,yahoo
198720840000.0,10887806000.0,6903850000.0,6296080000.0,132987199000.0,3967956000.0,29774287000.0,33780483000.0,109513740000.0,12640316000.0,24045180000.0,24074808000.0,2322231000.0,21722949000.0,16306362000.0,RGYAS,2025,33742243000.0,65733641000.0,23939986000.0,0.16979720395706863,0.33078383223420355,0.11759609460461772,0.0805180742928641,10.354344593625699,0.12099979045982294,1.729299182983698,8.13553957593778,TR,yahoo
,,,,,,,,,,,,,,,RNPOL,2021,,,,,,,,,,,,TR,yahoo
465084422.0,346849340.0,64538970.0,146122776.0,233900902.0,119889336.0,68404956.0,197439367.0,54424330.0,370355855.0,59474823.0,61448543.0,31191981.0,28282842.0,25605270.0,RNPOL,2022,188294292.0,231183520.0,,0.404860457785877,0.4970786142564027,0.6367125350778026,0.1656554782871485,1.906734394330389,0.1278796282710153,2.3736843050394825,8.38442066920424,TR,yahoo
1424147021.0,909287672.0,127595559.0,409624525.0,816304376.0,325870589.0,172564273.0,503153256.0,260879025.0,983478873.0,89477915.0,95256411.0,153818828.0,-64340913.0,-32155226.0,RNPOL,2023,498434862.0,607842645.0,188294292.0,0.34998834716517657,0.42681172381569726,0.6537877139901984,0.44797523770193687,0.5817097696258614,0.0628291276677115,2.2198076933992175,7.981069661580763,TR,yahoo
1949272565.0,1247243537.0,225561717.0,573349868.0,1115228574.0,303384037.0,251374986.0,555025539.0,400397514.0,1177019993.0,79736069.0,117105285.0,32197986.0,47538083.0,58932958.0,RNPOL,2024,554759023.0,834043991.0,498434862.0,0.28459797411656484,0.4278744830125899,0.5468753538416986,0.06114351110194682,2.4764303270397097,0.04090555134858731,2.175362037407847,7.866401755753608,TR,yahoo
2555479629.0,1873325081.0,202736240.0,1262106047.0,1096530088.0,660692318.0,191730014.0,852422332.0,369371500.0,1579778607.0,11021376.0,44408541.0,45604917.0,-34583541.0,-31026014.0,RNPOL,2025,852422332.0,1458949541.0,554759023.0,0.333566475086153,0.5709102606194166,0.7750762658339176,0.06481739803893294,0.24167078299912267,0.0043128404840045,1.4842850055689496,6.108373352697985,TR,yahoo
,,,,,,1036754.0,,,,,,,,,RODRG,2021,1036754.0,,,,,,,,,,,TR,yahoo
103545307.0,55397739.0,4053440.0,49784185.0,34206842.0,1989327.0,403804.0,20718813.0,-82681323.0,49792266.0,-39925395.0,-36429368.0,695138.0,-40620533.0,-44320845.0,RODRG,2022,2393131.0,69338465.0,1036754.0,0.023111921431649238,0.6696437241718739,0.8312654008493475,0.4053418700626989,-57.435207109955144,-0.3855838198441963,1.1127577763902332,-1.0706071553804088,TR,yahoo
129798341.0,68878694.0,6210634.0,53179195.0,46542844.0,1535039.0,443878.0,27222073.0,-117484263.0,57328458.0,21488953.0,32191501.0,3794498.0,17694455.0,15549367.0,RODRG,2023,1978917.0,83255497.0,2393131.0,0.01524608854592371,0.6414218884353845,0.7756965047043408,1.7357988750352238,5.663187330708832,0.16555645345266778,1.295218816305888,2.7922581102231065,TR,yahoo
159668566.0,99641979.0,3476785.0,65478001.0,71078155.0,851377.0,0.0,11133219.0,-158721197.0,109936131.0,1967189.0,23452338.0,1983480.0,-16291.0,-7275401.0,RODRG,2024,851377.0,88590411.0,1978917.0,0.00533215160208804,0.5548393977559741,1.0,1.4016070415299613,0.9917866577933733,0.012320452605555435,1.5217626909532562,2.338206332446228,TR,yahoo
145113723.0,84724810.0,7198806.0,62375200.0,69599733.0,475538.0,,7484574.0,-154589049.0,88605385.0,4926873.0,15255130.0,4286868.0,640005.0,4132148.0,RODRG,2025,475538.0,75513990.0,851377.0,0.003277002272211016,0.5203780072543518,1.0,6.461405591164468,1.1492943099717556,0.03395180619823254,1.3583092318742065,1.9833903824920958,TR,yahoo
,,,,,,,,,,,,,,,RTALB,2021,,,,,,,,,,,,TR,yahoo
1342509682.0,510718838.0,51677284.0,146035475.0,1063573843.0,110522619.0,2599098.0,115070832.0,475827938.0,191298667.0,205049023.0,227761592.0,32175447.0,172873576.0,155946507.0,RTALB,2022,113121717.0,278935839.0,,0.0842613789060182,0.2077719384373125,0.9770238812764838,0.28443209538624664,6.372841471324392,0.15273560090421753,3.4972244791890463,11.217426524806317,TR,yahoo
1804551825.0,359726700.0,47159522.0,128236295.0,1616784368.0,62885491.0,994095.0,67007964.0,774965369.0,138511692.0,-75327399.0,-57149179.0,29435510.0,-104762909.0,-103161536.0,RTALB,2023,63879586.0,187767457.0,113121717.0,0.03539914183401189,0.10405212773537274,0.9844379861823149,0.3326021842901349,-2.5590655300349816,-0.04174299566043219,2.8051863164012967,14.252116911852214,TR,yahoo
2514660147.0,202929503.0,8524067.0,281507158.0,2184589108.0,246635694.0,39070730.0,292879657.0,1082741481.0,207582040.0,34477746.0,60455258.0,102100470.0,-67622724.0,68371266.0,RTALB,2024,285706424.0,330071039.0,63879586.0,0.1136163168374259,0.13125870682516527,0.863248682150738,0.5841221735389239,0.33768449841611897,0.013710698060384857,0.7208680036477083,11.490283230638047,TR,yahoo
3433808543.0,185312711.0,4703678.0,134200250.0,2964934477.0,99001449.0,14859982.0,119122026.0,1804267030.0,239563251.0,1320477286.0,1352177043.0,71142012.0,1249335274.0,881178880.0,RTALB,2025,113861431.0,468874066.0,285706424.0,0.033158934044855974,0.13654636248017513,0.8694906442902514,0.3560947714375072,18.561146204299085,0.3845518087174262,1.3808671071775203,14.284470780795559,TR,yahoo
,,,,,,,,,,,,,,,RUBNS,2021,,,,,,,,,,,,TR,yahoo
2835562960.0,1045955830.0,543253.0,740170461.0,1883462840.0,117358464.0,2723803.0,154263793.0,923511701.0,1430000183.0,15237276.0,57663463.0,35862024.0,-20624748.0,4493371.0,RUBNS,2022,120082267.0,952100120.0,,0.042348651288631585,0.33577110909926683,0.9773171920546769,0.2986454611154202,0.42488611351105005,0.005373633460073128,1.4131283063996796,7.1324136443440445,TR,yahoo
3520865733.0,1180672098.0,2743586.0,484651368.0,2796147633.0,157095206.0,21837188.0,208377472.0,1427762157.0,3312661867.0,96581197.0,137555215.0,72585321.0,23995876.0,76182485.0,RUBNS,2023,178932394.0,724718100.0,120082267.0,0.05082056731755525,0.2058351993395938,0.8779584427848207,0.48549673622859585,1.330588549715169,0.027431093465102606,2.436126617927962,10.104293189534726,TR,yahoo
3911430946.0,1339428429.0,956120.0,525345651.0,3128275611.0,270283569.0,19505500.0,297410847.0,1454371852.0,2259055162.0,352978221.0,493289117.0,255936352.0,97041869.0,48312724.0,RUBNS,2024,289789069.0,783155335.0,178932394.0,0.07408773745484397,0.20022220660724915,0.9326906978675583,1.0920615854111209,1.3791640704482653,0.09024273363715418,2.54961362381203,10.628084777888088,TR,yahoo
5236357001.0,3264426176.0,14544511.0,1012413986.0,3954865876.0,560322816.0,66847345.0,627170161.0,1709715317.0,2139525826.0,-29851407.0,93208388.0,208169952.0,-238021359.0,-152831318.0,RUBNS,2025,627170161.0,1281491125.0,289789069.0,0.11977223112943365,0.24472951801324289,0.8934143408649826,0.45404407347532777,-0.1433992116210893,-0.005700796755129416,3.2243985376946385,10.337833890004857,TR,yahoo
,,,,,,,,,,,,,,,RUZYE,2021,,,,,,,,,,,,TR,yahoo
1250119152.0,663707450.0,394929428.0,82963646.0,1120172448.0,54608778.0,,54608778.0,-918525838.0,186494821.0,-43200823.0,-15724747.0,3554267.0,-46755090.0,-112870396.0,RUZYE,2022,54608778.0,129946704.0,,0.04368285848003711,0.10394745476229612,1.0,0.06508600137509028,-12.15463638494238,-0.034557364336739636,7.999979292134774,12.721197876476653,TR,yahoo
1114181280.0,538997987.0,511593045.0,17714982.0,1067870068.0,133058.0,,133058.0,-971675494.0,353548476.0,-9280228.0,36118556.0,3004590.0,-12284818.0,-53149656.0,RUZYE,2023,133058.0,46311212.0,54608778.0,0.00011942221825877383,0.041565239724724146,1.0,0.10977308104901706,-3.0886836473528834,-0.008329190380940524,30.426109775330282,27.631654662710577,TR,yahoo
1630486313.0,686674147.0,458641264.0,16622926.0,1510567560.0,0.0,,0.0,-1252407934.0,204157376.0,79391215.0,141920016.0,4347700.0,75043515.0,19440746.0,RUZYE,2024,0.0,119918753.0,133058.0,0.0,0.07354784400450223,,65.350448676517,18.26050900476114,0.04869173961597064,41.30886144833948,16.995404473369227,TR,yahoo
1644614422.0,491017555.0,284542348.0,36670854.0,1502014964.0,89397.0,,89397.0,-1243597602.0,278060892.0,50778986.0,136694884.0,3356220.0,47422766.0,-4864247.0,RUZYE,2025,89397.0,142599458.0,0.0,5.435742190031701e-05,0.08670692418383766,1.0,75.08574113225276,15.12981449368635,0.030875921626813997,13.389858741768053,13.864439912351095,TR,yahoo
,,,,,,,,,,,,,,,RYGYO,2021,,,,,,,,,,,,TR,yahoo
15953218669.0,1550399903.0,985741819.0,1440516732.0,11777861825.0,899455464.0,2540327673.0,3983224253.0,7974892567.0,1026663021.0,8932820944.0,8945482704.0,606624892.0,8326196052.0,8324073311.0,RYGYO,2022,3439783137.0,4175356844.0,,0.21561687383400086,0.26172504311706557,0.26148609612187884,0.176355563080371,14.725444111844984,0.5599384756982045,1.0762803850583806,11.649463783136563,TR,yahoo
49344930417.0,2644157148.0,1716218292.0,3635084573.0,43932325838.0,1706062636.0,1570226800.0,4209144818.0,38489243462.0,2549382697.0,13793863590.0,13829688801.0,1231522180.0,12562341410.0,12559608880.0,RYGYO,2023,3276289436.0,5412604579.0,3439783137.0,0.06639566432281914,0.10968917238832064,0.5207301336852951,0.36673879461963343,11.20066192392897,0.27953962997681775,0.7273990728138143,16.062087401377926,TR,yahoo
81872869973.0,3963050829.0,1191875029.0,2985090606.0,60011657826.0,1960507586.0,3700312685.0,5860965359.0,50391271547.0,4591599668.0,20284529024.0,20359706535.0,2760109533.0,17524419491.0,11153057547.0,RYGYO,2024,5660820271.0,21861212147.0,3276289436.0,0.06914158832915987,0.26701411779273626,0.34632924066562365,0.6176738617940746,7.349175379265646,0.24775641834333428,1.3276149209790518,9.88212884870435,TR,yahoo
102456309727.0,4629707775.0,1837855557.0,4582958773.0,86176056622.0,3060270380.0,3308213919.0,6440231526.0,76544096756.0,3665263210.0,21317992309.0,21496204005.0,1767973204.0,19550019105.0,26293227881.0,RYGYO,2025,6368484299.0,16280253105.0,5660820271.0,0.06215804879142287,0.15889946796229099,0.48053355183438756,0.2939443745416781,12.057870707977088,0.2080691015107109,1.0102006158718722,12.64468300672008,TR,yahoo
,,,,,,,,,,,,,,,RYSAS,2021,,,,,,,,,,,,TR,yahoo
6778596018.0,2268941680.0,1025385644.0,2340550092.0,1203176424.0,1049128978.0,2852654529.0,4594776215.0,-2633295965.0,3124236244.0,1096289996.0,1096594232.0,730163628.0,366126368.0,249164129.0,RYSAS,2022,3901783507.0,5575419594.0,,0.5756034873060937,0.8225035950209948,0.2688844668387697,0.18713586407089192,1.5014305752299126,0.16172817986038596,0.969405306793152,3.227685044870875,TR,yahoo
14279656971.0,4489476086.0,1911731430.0,4553752575.0,4820663865.0,2944196266.0,1730236601.0,5451215817.0,-1750629073.0,9672018788.0,3780548499.0,3827460201.0,1542184580.0,2238363919.0,1069593463.0,RYSAS,2023,4674432867.0,9458993106.0,3901783507.0,0.3273491006466839,0.6624103873930516,0.6298510107579217,0.35964218082821425,2.451424134327682,0.26475065239156437,0.9858849403999513,5.13505315414307,TR,yahoo
38365363803.0,5823944732.0,2866451599.0,5661099167.0,19945070207.0,4066131149.0,3328977191.0,7905360959.0,12905662340.0,14495964955.0,8181584178.0,8888097305.0,4024731637.0,4156852541.0,2387746482.0,RYSAS,2024,7395108340.0,18420293596.0,4674432867.0,0.192754808164278,0.48012821383853566,0.5498406462832159,0.666923716150166,2.0328272580425963,0.2132544401249816,1.0287657149603153,6.944456350458244,TR,yahoo
44926493094.0,7572213695.0,4551976109.0,6763537646.0,24228328446.0,4221403077.0,4617035228.0,9004821745.0,15771861442.0,12486843827.0,7833509260.0,8751392063.0,2434981651.0,5398527609.0,2885616182.0,RYSAS,2025,8838438305.0,20698164648.0,7395108340.0,0.1967310977624556,0.46071178101288907,0.4776186619543304,0.2999937973196984,3.2170711663403826,0.17436280289249145,1.11956406415188,6.9133332617366845,TR,yahoo
,,,,,,,,,,,,,,,SAFKR,2021,,,,,,,,,,,,TR,yahoo
677925930.0,332338863.0,76277829.0,155741370.0,430312835.0,49808053.0,47372236.0,97180289.0,45647544.0,583130302.0,84775450.0,87656978.0,10180376.0,74595074.0,57523690.0,SAFKR,2022,97180289.0,247613095.0,,0.1433494201940321,0.36525095743129343,0.5125324642736965,0.10475762219641063,8.327339776055423,0.12505119843992396,2.1339151119577284,7.84344766410102,TR,yahoo
1151210622.0,638978882.0,183254702.0,227553661.0,702428896.0,9613830.0,39067198.0,48681028.0,173245294.0,1057982415.0,112702585.0,119511416.0,21825772.0,90876813.0,114055712.0,SAFKR,2023,48681028.0,448781726.0,97180289.0,0.04228681274276846,0.3898345944900429,0.19748617469622867,0.2992674473109275,5.163738767178545,0.09789918790377526,2.8080360438586833,8.386373394233683,TR,yahoo
1559645946.0,925849701.0,77534631.0,425373254.0,1002752966.0,54173783.0,30990684.0,85164467.0,305921747.0,1722398267.0,186379681.0,201309942.0,51802359.0,134577322.0,79156948.0,SAFKR,2024,85164467.0,556892980.0,48681028.0,0.05460500007608778,0.3570637178445883,0.6361078147767895,0.7740620481847372,3.597899489480778,0.11950127622105844,2.176558333872115,8.688188711119738,TR,yahoo
1698681712.0,1060346689.0,176208584.0,476491972.0,1163808898.0,60242931.0,20294120.0,80537051.0,304136161.0,1774498421.0,296561909.0,305216000.0,38700482.0,257861427.0,162964414.0,SAFKR,2025,80537051.0,534872814.0,85164467.0,0.04741150177285243,0.3148752413247856,0.7480151092197305,0.46711077203287904,7.663002982753548,0.17458356495216099,2.2253191056910397,9.546274835448163,TR,yahoo
,,,,,,,,,,,,,,,SAHOL,2021,,,,,,,,,,,,TR,yahoo
2129225298000.0,,295225237000.0,,217890185000.0,,,231467976000.0,126347789000.0,355699436000.0,,,89557375000.0,98536011000.0,39421491000.0,SAHOL,2022,231467976000.0,1911335113000.0,,0.1087099501482628,0.897666918947156,,0.386910433778537,,,,,TR,yahoo
3165265998000.0,,540655197000.0,,318633288000.0,,,313861849000.0,197171041000.0,523497276000.0,,,260718855000.0,69233858000.0,22273810000.0,SAHOL,2023,313861849000.0,2846632710000.0,231467976000.0,0.09915812737328118,0.899334435652065,,0.9561877713180276,,,,,TR,yahoo
4023199831000.0,,722776387000.0,,370762598000.0,,,450753289000.0,233757624000.0,542558776000.0,,,653396435000.0,-20615386000.0,-20254961000.0,SAHOL,2024,450753289000.0,3652437233000.0,313861849000.0,0.11203850366238495,0.9078438522632758,,1.7090857936950758,,,,,TR,yahoo
4101380927000.0,,669802823000.0,,361227167000.0,,,569753806000.0,227824484000.0,532410558000.0,,,653182377000.0,29590769000.0,3793369000.0,SAHOL,2025,569753806000.0,3740153760000.0,450753289000.0,0.13891755390220548,0.9119254774356637,,1.2801133479625637,,,,,TR,yahoo
125549012.0,85600418.0,122896.0,91443647.0,29686539.0,5138778.0,2722173.0,14634634.0,-18230950.0,70899383.0,3366912.0,6059047.0,9829842.0,-6462930.0,-3561775.0,SAMAT,2021,7860951.0,95862473.0,,0.06261260741741241,0.7635462157201205,0.6537094557643216,1.250464733847088,0.3425194423267434,0.02681751091756899,0.9361002191874521,2.976680284909141,TR,yahoo
442380002.0,196203697.0,,,208598703.0,,,,-98836553.0,687397552.0,29597946.0,47554010.0,28079465.0,1518481.0,14991417.0,SAMAT,2022,,233781299.0,7860951.0,,0.5284626292849467,,3.572018830800497,1.0540779890215144,0.06690615729957884,,,TR,yahoo
470149361.0,85488899.0,164119.0,110684898.0,314530406.0,2785923.0,0.0,2785923.0,-92979298.0,292934093.0,-25305484.0,-21511230.0,13084114.0,-38389598.0,5857255.0,SAMAT,2023,2785923.0,155618955.0,,0.005925612648019743,0.3309989716225521,1.0,4.69650955895048,-1.9340617178969857,-0.05382435051315533,0.7723628114108214,4.014240211029117,TR,yahoo
,,,,,,,,,,,,,,,SANEL,2021,,,,,,,,,,,,TR,yahoo
88487720.0,35169362.0,777056.0,52768388.0,19782963.0,18297201.0,274430.0,531565.0,-131221110.0,64120256.0,-15407741.0,-12770243.0,2076653.0,-17484394.0,-16408850.0,SANEL,2022,18571631.0,68704757.0,,0.2098780599161104,0.776432673369819,0.9852231610675444,0.11181855810079362,-7.419506773640084,-0.17412292914768288,0.6664854344233521,-3.756816098268271,TR,yahoo
170446052.0,85361893.0,1328742.0,148076529.0,-7275087.0,0.0,0.0,2457074.0,-222333314.0,139853762.0,-28927820.0,-24213647.0,1200206.0,-30128026.0,-32877888.0,SANEL,2023,0.0,177721139.0,18571631.0,0.0,1.0426826372018285,,0.1292515450043133,-24.102379091589277,-0.1697183341037433,0.576471460915997,-4.599613955723057,TR,yahoo
412896702.0,219979122.0,7952391.0,247587080.0,44611274.0,759812.0,151669.0,2162655.0,-265137633.0,287614924.0,102726176.0,106579503.0,23324545.0,79401631.0,47149747.0,SANEL,2024,911481.0,368285428.0,0.0,0.0022075279254712963,0.8919553636928783,0.8336015780910409,51.17944312607723,4.404209213941794,0.24879388840456274,0.8884919277694135,2.5170779762165014,TR,yahoo
642037284.0,329022571.0,10149646.0,379701152.0,140767560.0,974624.0,0.0,974624.0,-150002782.0,343473680.0,188655407.0,197483680.0,17634574.0,171020833.0,110755513.0,SANEL,2025,974624.0,501269724.0,911481.0,0.0015180177604763527,0.780748620823086,1.0,18.69946158882989,10.698041642514301,0.2938387095289002,0.866530347003003,4.23999993524386,TR,yahoo
,,,,,,,,,,,,,,,SANFM,2021,,,,,,,,,,,,TR,yahoo
646138457.0,367328393.0,64508183.0,289418109.0,253276878.0,128596384.0,56463557.0,205459734.0,66893449.0,610786816.0,103633267.0,124505578.0,23953377.0,79679890.0,56718311.0,SANFM,2022,185059941.0,392861579.0,,0.2864091109190859,0.6080145435454246,0.6948904409301633,0.12943577562255895,4.326457476121217,0.1603886378798221,1.2691962996690025,6.133239159364872,TR,yahoo
1040855652.0,541698148.0,36605461.0,521382397.0,415996327.0,289205030.0,59457007.0,373483993.0,149437157.0,1019700364.0,145879959.0,184924351.0,82179537.0,63700422.0,63397896.0,SANFM,2023,348662037.0,624859325.0,185059941.0,0.3349763594308656,0.6003323552111528,0.8294709469617422,0.3079488587220967,1.7751372704862038,0.14015388081881694,1.0389651647560323,5.486948341289594,TR,yahoo
1214747133.0,876348025.0,265071118.0,402538533.0,595444530.0,214152128.0,180389268.0,401103191.0,251992975.0,1131416684.0,141625271.0,194366291.0,51924058.0,89701213.0,61787098.0,SANFM,2024,394541396.0,619302603.0,348662037.0,0.32479302505174135,0.5098201808227688,0.5427874747013872,0.13973040407094028,2.72754627537008,0.11658827352013186,2.1770537554972407,8.278006754490647,TR,yahoo
1567999403.0,1002100914.0,338012870.0,540167169.0,571899813.0,325724377.0,382492762.0,714192515.0,129823552.0,1150867542.0,110634223.0,167395098.0,58667113.0,51967110.0,1801854.0,SANFM,2025,708217139.0,996099590.0,394541396.0,0.45166926571846405,0.6352678375350121,0.45992162440451756,0.10640065098203932,1.8857962722658603,0.07055756704264511,1.8551681248143388,6.529487555929372,TR,yahoo
948601895.0,702812713.0,122459945.0,311996767.0,607738944.0,,,,225664138.0,1790925795.0,177171619.0,185391708.0,6417788.0,170753831.0,128021738.0,SANKO,2021,,340862951.0,,,0.35933193133669633,,,27.60633710555724,0.18677131042416903,2.2526281914966124,9.855382603416759,TR,yahoo
2633547356.0,1515997423.0,400356355.0,1038704142.0,1490241904.0,,,,-654460301.0,6923262700.0,-219498043.0,-195850453.0,33655510.0,-253153553.0,-309238895.0,SANKO,2022,,1143305452.0,,,0.434131343564114,,,-6.521905120439417,-0.0833469132422922,1.459508402537977,4.437299575287446,TR,yahoo
2524180014.0,1207372996.0,402330979.0,878903933.0,1520598411.0,,,,-232714950.0,6344595742.0,603167188.0,626799241.0,54978148.0,548189040.0,430609650.0,SANKO,2023,,1003581603.0,,,0.3975871758090863,,,10.97103503741159,0.23895569438574915,1.3737257857964325,6.99980552510532,TR,yahoo
15212023172.0,10774707328.0,11966563.0,9727734749.0,825588431.0,4447078311.0,1524725868.0,6003826713.0,546293297.0,12990583855.0,2380715916.0,2443403848.0,522987131.0,1857728785.0,1912337554.0,SARAE,2023,5971804179.0,14386434741.0,,0.39257133068216704,0.9457279007752487,0.7446791920335002,0.08757606835788377,4.552150091050711,0.15650225411055532,1.107627582989722,4.930518191134503,TR,yahoo
16746911697.0,8509236259.0,148190261.0,6242562478.0,6272550544.0,4175596113.0,945852277.0,5176980056.0,2257448409.0,14322125868.0,2577225386.0,2630443556.0,608488981.0,1968736405.0,1808597927.0,SARAE,2024,5121448390.0,10474361153.0,5971804179.0,0.30581449778095166,0.62545031242246,0.8153154723091918,0.10970434094332572,4.2354512020325314,0.1538925762928384,1.3630998951132964,6.240277559965082,TR,yahoo
17848592950.0,10359602574.0,42856768.0,7673143353.0,6638002668.0,5517086596.0,845625836.0,6405778716.0,2288690985.0,7045237718.0,1430752903.0,1489207947.0,670130244.0,760622659.0,363111157.0,SARAE,2025,6362712432.0,11210590282.0,5121448390.0,0.3564825781967312,0.6280937838296099,0.8670966439176014,0.1167051305509835,2.135037055572737,0.08016054301916276,1.3501119550893916,5.815797701467464,TR,yahoo
,,,,,,,,,,,,,,,SARKY,2021,,,,,,,,,,,,TR,yahoo
15747043942.0,12147272405.0,807128136.0,8897637191.0,5373199667.0,4667328186.0,917675438.0,5626320013.0,1575973210.0,53253039961.0,2006880345.0,2178837532.0,479888681.0,1526991664.0,922945401.0,SARKY,2022,5585003624.0,10373844275.0,,0.35466997136547396,0.6587804233740164,0.8356893746574228,0.08592450664450993,4.1819705787142745,0.1274448939363987,1.3652245134570131,6.330299583429821,TR,yahoo
23719214841.0,17512057384.0,2113522194.0,12115579412.0,9429623397.0,6555522019.0,1745711598.0,8485772808.0,3366713094.0,65406579707.0,3951041444.0,4247376014.0,1392665035.0,2558376409.0,2096688288.0,SARKY,2023,8301233617.0,14289591444.0,5585003624.0,0.34997927514239846,0.6024479115261284,0.7897045573533821,0.20058205989568834,2.837036433531197,0.1665755578540653,1.4454164170353259,7.01750110460127,TR,yahoo
26192793710.0,18410581627.0,1534522166.0,12540746387.0,11725123188.0,6944555894.0,1246617517.0,8431401756.0,4032471621.0,77529376196.0,3068307018.0,3489273884.0,2182245204.0,886061814.0,459107681.0,SARKY,2024,8191173411.0,14467670522.0,8301233617.0,0.31272622163525604,0.5523530892573887,0.8478096538249446,0.2646363505697005,1.406032196737503,0.11714317502636491,1.4680610753826258,6.860151978659896,TR,yahoo
31379750779.0,22668173923.0,1700220266.0,15615531090.0,11568401653.0,6427758796.0,3254089873.0,9928224928.0,3500581392.0,79114454022.0,2668995437.0,3082807989.0,1571004915.0,1097990522.0,346921814.0,SARKY,2025,9681848669.0,19811349126.0,8191173411.0,0.308538099527524,0.63134182503636,0.6638978789847061,0.17579622606273868,1.6989096670012647,0.08505470472971853,1.451642841498771,6.272731872406185,TR,yahoo
,,,,,,,,,,,,,,,SASA,2021,,,,,,,,,,,,TR,yahoo
99974177000.0,24239033000.0,1323309000.0,43448694000.0,40525810000.0,27249094000.0,15580873000.0,43090565000.0,27873664000.0,61835185000.0,14914829000.0,16043426000.0,3301613000.0,11613216000.0,22753905000.0,SASA,2022,42829967000.0,59448367000.0,,0.4284102983913536,0.5946372231701392,0.6362156197785537,0.07708651748435856,4.517437083025782,0.1491868145111112,0.5578771366522547,4.616754789933567,TR,yahoo
218127298000.0,41556619000.0,7596108000.0,50839418000.0,94032627000.0,33009576000.0,60840960000.0,94329618000.0,59659453000.0,66871472000.0,10516479000.0,12213870000.0,10340205000.0,176274000.0,26265621000.0,SASA,2023,93850536000.0,124094671000.0,42829967000.0,0.4302558041130643,0.5689094035355446,0.3517249597807305,0.1513047548559285,1.0170474376475127,0.04821257630945394,0.8174094164492599,4.982086963981339,TR,yahoo
304078627000.0,34548648000.0,2875467000.0,64865949000.0,158220683000.0,52679551000.0,78215751000.0,131153304000.0,41194296000.0,63590667000.0,30979764000.0,33335240000.0,8540441000.0,22439323000.0,23926150000.0,SASA,2024,130895302000.0,145857944000.0,93850536000.0,0.43046531514363884,0.4796718054110393,0.40245562823943065,0.07600088238341482,3.627419708186029,0.10188076783180161,0.5326160879878594,4.861229577560676,TR,yahoo
320573077000.0,29764003000.0,1075483000.0,67495440000.0,154302052000.0,44670682000.0,96919988000.0,141753119000.0,18359594000.0,53119377000.0,-7059447000.0,-514628000.0,11026234000.0,-18085681000.0,-21985556000.0,SASA,2025,141590670000.0,166271025000.0,130895302000.0,0.44167985448135433,0.5186680882749239,0.31549170577411634,0.08093065429437961,-0.6402409925274577,-0.022021334623805604,0.440977983105229,3.491024968372773,TR,yahoo
,,,,,,,,,,,,,,,SAYAS,2021,,,,,,,,,,,,TR,yahoo
711423315.0,648476135.0,148215766.0,227156565.0,447361394.0,7799898.0,19480641.0,28922964.0,15721566.0,1211832570.0,216820337.0,230808605.0,3041991.0,213778346.0,145315553.0,SAYAS,2022,27280539.0,264061921.0,,0.03834642248124803,0.37117411733968825,0.285914365548276,0.11150773084065531,71.27579831761501,0.3047697937760165,2.8547540987864473,11.033923370251706,TR,yahoo
1157319555.0,992601698.0,43343454.0,276835730.0,803336305.0,67755266.0,55513170.0,126272700.0,165827056.0,1317628970.0,282335821.0,302184786.0,32928123.0,249407698.0,174038635.0,SAYAS,2023,123268436.0,353983250.0,27280539.0,0.10651201344299414,0.30586474450438195,0.5496562477680823,0.4374406800179144,8.574306558560899,0.24395666674793204,3.5855259651635287,11.796544241231006,TR,yahoo
1809676245.0,1383344294.0,246840592.0,569999151.0,1079041024.0,136327595.0,130313482.0,281825184.0,242636607.0,2195309424.0,86630513.0,123126466.0,40398196.0,46232317.0,25581621.0,SAYAS,2024,266641077.0,730635221.0,123268436.0,0.14734186721890688,0.4037380846539211,0.511277544082227,0.2072183142656486,2.144415384290922,0.047870724522882824,2.4269234288736685,8.507821208196518,TR,yahoo
1961908483.0,1340963464.0,213675841.0,519303495.0,1231481752.0,150074459.0,95588504.0,319079657.0,393002408.0,2021511533.0,276798596.0,324437109.0,47764694.0,229033902.0,153872941.0,SAYAS,2025,245662963.0,730426731.0,266641077.0,0.12521632131604377,0.372304181020252,0.6108957458108978,0.18647010474483083,5.795045939161675,0.14108639541470397,2.582234621779312,9.36877696539683,TR,yahoo
,,,,,,,,,,,,,,,SDTTR,2021,,,,,,,,,,,,TR,yahoo
1164481905.0,1025593980.0,361284003.0,311875857.0,780281827.0,5496403.0,2366126.0,8414973.0,628669381.0,913600638.0,127418351.0,168241795.0,837742.0,126580609.0,113232273.0,SDTTR,2022,7862529.0,384200078.0,,0.0067519546385737955,0.329932201050389,0.6990629859680009,0.10654866900967869,152.09736529862417,0.10942063629576107,3.2884686550135878,11.898420753028473,TR,yahoo
3194493572.0,2866674839.0,362445586.0,1057708215.0,1986808123.0,2421293.0,0.0,16903674.0,1214994191.0,1646420445.0,489977883.0,539315440.0,1062134.0,488915749.0,465441880.0,SDTTR,2023,2421293.0,1207685449.0,7862529.0,0.0007579583259214647,0.37805223951159667,1.0,0.20656405760426425,461.3145638874191,0.1533820218937664,2.710269995397549,10.962803854644228,TR,yahoo
3768157628.0,3110799792.0,844977999.0,1230320433.0,2413919677.0,405777016.0,0.0,440240211.0,1402836528.0,2400134933.0,-10878977.0,56838358.0,27840985.0,-38719962.0,12984785.0,SDTTR,2024,405777016.0,1354237951.0,2421293.0,0.10768578601510669,0.35938994190080625,1.0,0.1364091148158088,-0.39075402684208194,-0.002887081187676897,2.528446824551763,9.589606157724495,TR,yahoo
4149454972.0,2744703505.0,358729983.0,1542521994.0,2432833228.0,422416880.0,47932091.0,500224265.0,1421781002.0,2159813703.0,-64477859.0,9050064.0,41150625.0,-105628484.0,30226428.0,SDTTR,2025,470348971.0,1716621744.0,405777016.0,0.11335198819455945,0.41369812555710267,0.8980924931161378,0.09393768843886605,-1.566874354885254,-0.01553887424615726,1.7793610176556096,7.651242401962302,TR,yahoo
,,,,,,,,,,,,,,,SEGMN,2021,,,,,,,,,,,,TR,yahoo
1270988881.0,855933876.0,40590005.0,219901459.0,982228074.0,13284697.0,0.0,15450515.0,-506917863.0,1480644113.0,98361061.0,124268698.0,1481068.0,96879993.0,5785740.0,SEGMN,2022,13284697.0,288760807.0,,0.010452252729030758,0.2271938105176862,1.0,0.11148677308936741,66.41225183448701,0.07738939535223203,3.892351964795286,9.32422836375747,TR,yahoo
2660819964.0,1084661641.0,155115600.0,293706478.0,2061378611.0,47286671.0,91718516.0,139788468.0,-868052558.0,2083486009.0,50700933.0,79047007.0,7275128.0,43425805.0,19465900.0,SEGMN,2023,139005187.0,599441353.0,13284697.0,0.05224148528675125,0.22528444656543475,0.3401791833854373,0.09554315505289898,6.9690777949198965,0.019054627402818148,3.693012317556033,7.8753206893763545,TR,yahoo
4785195429.0,2326363218.0,165439862.0,405331581.0,4155344786.0,59720197.0,49739085.0,110025646.0,228038021.0,2421230262.0,222879127.0,270551780.0,80821094.0,142058033.0,228038021.0,SEGMN,2024,109459282.0,629850643.0,139005187.0,0.022874568787021217,0.13162485259909748,0.5455928077437965,0.6505646004459494,2.757685103841826,0.04657680763658524,5.739407751699466,13.279100509825053,TR,yahoo
5530545913.0,1989542233.0,117677429.0,415034552.0,5016610827.0,45126473.0,897396.0,46151413.0,412068005.0,2890218945.0,204861245.0,276023462.0,40372882.0,164488363.0,285617910.0,SEGMN,2025,46023869.0,513935086.0,109459282.0,0.008321758778245947,0.09292664667911961,0.9805015089018265,0.5193216337633909,5.074228909395173,0.037041776385665096,4.793678558598659,15.858636539916663,TR,yahoo
,,,,,,,,,,,,,,,SEGYO,2021,,,,,,,,,,,,TR,yahoo
4789886653.0,647974058.0,256269743.0,273997574.0,3887208666.0,251746000.0,616194693.0,867940693.0,595278736.0,195271339.0,1366646187.0,1367934903.0,70206676.0,1296439511.0,1290305367.0,SEGYO,2022,867940693.0,902677987.0,,0.1812027623777677,0.18845497866523314,0.29004977186845643,0.08088879409183318,19.46604318654824,0.28531910794674914,2.364889763586009,10.606294338965826,TR,yahoo
7855358673.0,1035048056.0,299105727.0,793160857.0,6527359062.0,647169046.0,524838314.0,1172007360.0,1702387019.0,205395026.0,1005587546.0,1010212010.0,170402058.0,835185488.0,842930895.0,SEGYO,2023,1172007360.0,1327999611.0,867940693.0,0.1491984527744555,0.16905652132276608,0.5521885511026142,0.16706509535809244,5.901264091540491,0.12801293841060998,1.3049661324878012,10.179683446545294,TR,yahoo
9149566745.0,498111072.0,396850646.0,528881707.0,7752928433.0,407049300.0,272017125.0,699092526.0,1443441683.0,624622243.0,-87043093.0,-77575384.0,115709695.0,-202752788.0,-457737370.0,SEGYO,2024,679066425.0,1396638312.0,1172007360.0,0.07421842409872491,0.15264529468165544,0.5994248648061197,0.12501899809466535,-0.7522541045501848,-0.009513356798841518,0.9418194378955898,9.507000465463058,TR,yahoo
7334336840.0,2229464173.0,199544239.0,305763150.0,6495488631.0,261364003.0,136516426.0,400172813.0,169213341.0,426650344.0,-1412299617.0,-1403711456.0,55221673.0,-1467521290.0,-1274228342.0,SEGYO,2025,397880429.0,838848209.0,679066425.0,0.05424899860476002,0.11437274116251252,0.6568908243536653,0.1025522713491301,-25.575096520527367,-0.1925599611538976,7.291474374855178,11.88232152442557,TR,yahoo
,,,,,,,,,,,,,,,SEKFK,2021,,,,,,,,,,,,TR,yahoo
1517528000.0,732428000.0,46053000.0,777367000.0,280886000.0,639143000.0,198710000.0,1079950000.0,112946000.0,366474000.0,25113000.0,30729000.0,,100177000.0,102350000.0,SEKFK,2022,837853000.0,1236642000.0,,0.5521169955348435,0.8149055569320632,0.7628342919342653,,,0.0165486238145194,0.9421907541740259,3.648070472730189,TR,yahoo
2317372000.0,1153072000.0,77318000.0,1398710000.0,513545000.0,1159408000.0,105379000.0,1556423000.0,231083000.0,539775000.0,-44464000.0,-34877000.0,,107443000.0,191429000.0,SEKFK,2023,1264787000.0,1803827000.0,837853000.0,0.5457850530687347,0.7783933697308848,0.9166824137186735,,,-0.019187251766224843,0.8243824667014606,3.049723430402837,TR,yahoo
3218571000.0,724031000.0,119086000.0,1659286000.0,699155000.0,1392776000.0,636883000.0,2292376000.0,295275000.0,1094215000.0,55893000.0,68206000.0,,194910000.0,160907000.0,SEKFK,2024,2029659000.0,2519416000.0,1264787000.0,0.6306087390957043,0.7827747158599266,0.6862118217887833,,,0.017365781273739184,0.43635093648713963,2.0509457206641697,TR,yahoo
4920144000.0,2088617000.0,185798000.0,2531383000.0,944458000.0,2272487000.0,1105358000.0,3723399000.0,389419000.0,1548999000.0,106430000.0,117182000.0,,216263000.0,196848000.0,SEKFK,2025,3377845000.0,3975686000.0,2029659000.0,0.6865337681173559,0.8080426101349879,0.672762367722616,,,0.021631480704629783,0.8250892891356227,3.312484696876023,TR,yahoo
,,,,,,,,,,,,,,,SEKUR,2021,,,,,,,,,,,,TR,yahoo
752372022.0,366468921.0,39308186.0,336916636.0,198540299.0,95157394.0,17288029.0,244944814.0,-11319642.0,587272782.0,64197625.0,85906956.0,53616292.0,10581333.0,15731978.0,SEKUR,2022,112445423.0,553831723.0,,0.14945455135491467,0.7361141919229952,0.8462540445065514,0.4768205816612029,1.197352942646612,0.08532697006641217,1.0877139382336705,4.408427832588496,TR,yahoo
974686320.0,389319254.0,18418040.0,470236915.0,285727398.0,123970795.0,16818780.0,284806430.0,-33373903.0,657918575.0,13073973.0,43167342.0,68171936.0,-55097963.0,-22054261.0,SEKUR,2023,140789575.0,688958922.0,112445423.0,0.1444460357256271,0.7068519459676011,0.8805395925088914,0.5384084864920606,0.19177940025056645,0.013413518515372208,0.8279215042060235,3.1193680458734105,TR,yahoo
1269092297.0,592281833.0,10189727.0,677876884.0,429579133.0,282576787.0,87054705.0,445058763.0,-49974686.0,1161925531.0,108370205.0,156543708.0,150502280.0,-42132075.0,-16600783.0,SEKUR,2024,369631492.0,839513164.0,140789575.0,0.29125658777834346,0.661506784009737,0.7644824456678058,0.5897181355956845,0.7200568988057855,0.08539190195715135,0.8737306832253628,3.7903006661723326,TR,yahoo
1790047326.0,952221777.0,52971724.0,1064372366.0,561520237.0,502175298.0,130060950.0,697548947.0,-63785575.0,1618362873.0,95517747.0,153054384.0,170926724.0,-75408977.0,-13208018.0,SEKUR,2025,632236248.0,1228527089.0,369631492.0,0.35319526965400466,0.6863098372629283,0.7942842562231579,0.34121614495741726,0.5588227795204218,0.05336045902956199,0.8946321864579487,3.5613393444584944,TR,yahoo
,,,,,,,,,,,,,,,SELEC,2021,,,,,,,,,,,,TR,yahoo
40169194796.0,33833568512.0,1119311151.0,24470806485.0,15199234806.0,406624839.0,0.0,478930962.0,4979825379.0,85196585566.0,1037159357.0,1494040972.0,151131178.0,886028179.0,635697825.0,SELEC,2022,406624839.0,24969959990.0,,0.010122802835980452,0.62161962958955,1.0,0.3716722725834267,6.862643239636497,0.025819769658496593,1.382609458856174,5.995816375979494,TR,yahoo
64653517558.0,55030056904.0,6406159947.0,41460095920.0,21746228174.0,2835914371.0,573621105.0,3487906513.0,7164491698.0,141085577426.0,2737520291.0,3340323788.0,1140222390.0,1597297901.0,322272876.0,SELEC,2023,3409535476.0,42907289384.0,406624839.0,0.052735498465978144,0.66364972865565,0.8317597487875501,0.5975757284190509,2.4008652303345843,0.04234139756656239,1.3273017267057012,5.804808155234263,TR,yahoo
90834443759.0,78409149567.0,4071481735.0,58941897005.0,30753170536.0,10366106766.0,0.0,10513229263.0,11805588863.0,168353228186.0,7372969676.0,8189268782.0,3201142064.0,4171827612.0,2694712886.0,SELEC,2024,10366106766.0,60081273223.0,3409535476.0,0.11412088121003011,0.6614371238118257,1.0,0.4647539487110324,2.30323101211793,0.08116931607531835,1.3302786905611235,6.16251796665356,TR,yahoo
80926957988.0,68848930636.0,1113869534.0,49889483907.0,29972510801.0,562993208.0,,795863157.0,11113875299.0,172011114751.0,2391854192.0,3283068383.0,1159780182.0,1232074010.0,-379802186.0,SELEC,2025,562993208.0,50954447187.0,10366106766.0,0.006956806755092434,0.6296350246422906,1.0,0.21223708901173605,2.0623340777174963,0.029555716061323702,1.380028920811101,6.0508170703840545,TR,yahoo
,,,,,,,,,,,,,,,SELVA,2021,,,,,,,,,,,,TR,yahoo
1589796240.0,384493252.0,78315679.0,430020312.0,1068851453.0,274784902.0,75963814.0,350748716.0,122840324.0,1198801811.0,125960841.0,139666122.0,23921204.0,102039637.0,-77667416.0,SELVA,2022,350748716.0,520944787.0,,0.2206249500250422,0.3276802233473643,0.7834238286990621,0.06820040361886884,5.265656402579068,0.07923080821980054,0.8941281173713487,6.000809135386263,TR,yahoo
2654982000.0,541471000.0,25417000.0,762288000.0,1765742000.0,358665000.0,3341000.0,362006000.0,575785000.0,1992885000.0,509751000.0,555534000.0,31804000.0,477947000.0,250802000.0,SELVA,2023,362006000.0,889240000.0,350748716.0,0.1363497002992864,0.3349325908800888,0.9907708712010298,0.08924248212199834,16.027889573638536,0.19199791185024984,0.7103233948323993,6.786579679253073,TR,yahoo
3878415000.0,644145000.0,20191000.0,1129416000.0,2360228000.0,259389000.0,0.0,426560000.0,805704000.0,1819800000.0,336007000.0,417795000.0,188332000.0,147675000.0,42634000.0,SELVA,2024,259389000.0,1518187000.0,362006000.0,0.06688015593999096,0.3914452166671179,1.0,0.6061587235172475,1.7841205955440393,0.08663513316651261,0.570334579995325,5.320996435045949,TR,yahoo
4373806000.0,818092000.0,106923000.0,1373827000.0,2504858000.0,521212000.0,22411000.0,664579000.0,359888000.0,2008952000.0,-26334000.0,48032000.0,300241000.0,-326575000.0,-453966000.0,SELVA,2025,543623000.0,1868948000.0,259389000.0,0.12429060639635137,0.42730473185138984,0.9587747391114798,0.7477870816376343,-0.08770954000286436,-0.006020843174114261,0.5954840019886055,4.0515314475864725,TR,yahoo
,,,,,,,,,,,,,,,SERNT,2021,,,,,,,,,,,,TR,yahoo
7551720055.0,3688703006.0,51888965.0,3456527659.0,-34419335.0,2044161372.0,3310662562.0,5354823934.0,-2041141614.0,3921874880.0,3635294957.0,3635294957.0,2233415460.0,1401879497.0,1119689635.0,SERNT,2022,5354823934.0,7586139390.0,,0.7090866577415785,1.0045578139482556,0.3817420324542831,0.4170847608675083,1.6276841555489188,0.48138635046370243,1.0671701111360903,5.800697623467599,TR,yahoo
8253669981.0,3354438664.0,61288430.0,2048964104.0,2465579549.0,1192309628.0,2824531814.0,4016841442.0,-735596648.0,2673209488.0,2823391240.0,2823391240.0,1573822855.0,1249568385.0,1305544966.0,SERNT,2023,4016841442.0,5788090432.0,5354823934.0,0.4866733769640407,0.7012747596310757,0.29682765556370694,0.3358683418275732,1.7939701606379328,0.34207706953385153,1.6371388144142909,6.743076868955632,TR,yahoo
12257968715.0,5355279843.0,24428106.0,3910727085.0,4385473394.0,2534344088.0,2703215642.0,5237559730.0,-184961172.0,2701927660.0,3130301688.0,3423384340.0,1830638666.0,1299663022.0,838248355.0,SERNT,2024,5237559730.0,7872495321.0,4016841442.0,0.4272779488815982,0.6422349007439118,0.4838787944476578,0.39562552605537726,1.7099506014694874,0.2553687124498425,1.3693821447016163,6.274873101854484,TR,yahoo
12473334267.0,5486565002.0,62041920.0,3818873900.0,4438362188.0,2073547083.0,2848839760.0,4951949067.0,-1841364834.0,2860227261.0,260077024.0,591130748.0,1590779816.0,-1330702792.0,-1656403662.0,SERNT,2025,4922386843.0,8034972079.0,5237559730.0,0.3946328012729429,0.6441719517016131,0.42124829866810204,0.31314727977556267,0.16349027149084722,0.02085064173162353,1.4366970854942342,4.365936605406541,TR,yahoo
,,,,,,6391305.0,,,,,,,,,SEYKM,2021,6391305.0,,,,,,,,,,,TR,yahoo
384533165.0,309374766.0,37959528.0,60495484.0,281937198.0,19485029.0,23585024.0,43070053.0,15681715.0,212941078.0,74241671.0,82582128.0,3806342.0,70435329.0,51052532.0,SEYKM,2022,43070053.0,102595967.0,6391305.0,0.11200608145203808,0.26680654970293655,0.45240318139380975,0.15391174662046278,19.504729475175903,0.19306961728515667,5.114014229558028,11.811602748201977,TR,yahoo
408697353.0,271581697.0,13971877.0,38446266.0,334982652.0,14809906.0,17891129.0,32701035.0,-145115992.0,283055667.0,-66292239.0,-53082389.0,7232908.0,-73525147.0,-73781014.0,SEYKM,2023,32701035.0,73714701.0,43070053.0,0.08001283776359569,0.18036500715971115,0.45288798963090926,0.19091471934519405,-9.165364608536429,-0.16220373954807582,7.063929095220847,9.516048530147117,TR,yahoo
570484158.0,389982559.0,10159294.0,31262545.0,534423571.0,2255366.0,0.0,2255366.0,-235198468.0,300392085.0,-114100079.0,-94976655.0,22385030.0,-136485109.0,-115481707.0,SEYKM,2024,2255366.0,36060587.0,32701035.0,0.0039534244174401776,0.0632104967233814,1.0,1.2807399709140537,-5.097159977002488,-0.20000569235789367,12.47443415115436,20.24802144339109,TR,yahoo
581620273.0,427597542.0,10203384.0,55137696.0,495021011.0,125633.0,,125633.0,-274784612.0,242207227.0,1871077.0,21488396.0,8437786.0,-6566709.0,-39473161.0,SEYKM,2025,125633.0,86599262.0,2255366.0,0.00021600519416557545,0.14889312842092078,1.0,7.08760146476332,0.22174975757858756,0.003217007877577885,7.755085413797486,11.934393595583266,TR,yahoo
,,,,,,,,,,,,,,,SILVR,2021,,,,,,,,,,,,TR,yahoo
1577601851.0,942054428.0,50377792.0,1001006777.0,441393034.0,53836727.0,54986305.0,108823032.0,-51941272.0,3226542447.0,59582406.0,148539418.0,13115204.0,46467202.0,154219994.0,SILVR,2022,108823032.0,1136208817.0,,0.0689800356985002,0.7202126545932913,0.49471813099271117,0.1205186416787211,4.5430026097954705,0.03776770796904954,0.941106943175071,3.5592326013660514,TR,yahoo
1695785445.0,785831153.0,1195299.0,997459712.0,581829180.0,55979322.0,48862838.0,107125437.0,-111529627.0,2857259038.0,-27068184.0,115474326.0,36191175.0,-63259359.0,-36537442.0,SILVR,2023,104842160.0,1113956265.0,108823032.0,0.06182513260101723,0.6568969372183755,0.5339390375017073,0.3387652865797626,-0.747922221370265,-0.015962033451702377,0.7878324743806795,2.6580865272825243,TR,yahoo
2913085249.0,694141272.0,6382248.0,767455545.0,1852662352.0,85353947.0,31231463.0,137870571.0,-84865173.0,2579295415.0,251764556.0,397825523.0,77487751.0,174276805.0,61118552.0,SILVR,2024,116585410.0,1060422897.0,104842160.0,0.04002128329063535,0.36402055084519774,0.7321151677555536,0.6998925291913739,3.2490884397974074,0.08642539935500528,0.9044709840489848,5.405162585060767,TR,yahoo
2736986080.0,673217134.0,4226772.0,790916331.0,1600032227.0,116828389.0,11074953.0,148653338.0,-331377641.0,1827997665.0,-98357455.0,128991630.0,95680463.0,-194037918.0,-246512468.0,SILVR,2025,127903342.0,1136953853.0,116585410.0,0.04673145506096253,0.41540359350311346,0.913411543226134,0.782698281350792,-1.0279784599286481,-0.03593641038905101,0.8511862855946011,3.8093675468917203,TR,yahoo
,,,,,,,,,,,,,,,SISE,2021,,,,,,,,,,,,TR,yahoo
288985246000.0,123998304000.0,41596612000.0,58609480000.0,142797138000.0,29984372000.0,44919058000.0,77298660000.0,91174712000.0,170655164000.0,32620019000.0,44451012000.0,6914838000.0,25705181000.0,22738790000.0,SISE,2022,74903430000.0,146188108000.0,,0.259194651065335,0.5058670296268343,0.40030706203974903,0.0923167069919228,4.717394536213285,0.11287780068882824,2.1156697517193463,7.5470457913942175,TR,yahoo
420638287000.0,162943346000.0,54517346000.0,96332368000.0,204960096000.0,55547816000.0,64140744000.0,123119731000.0,150171215000.0,219447449000.0,47118650000.0,61948133000.0,13051353000.0,34067297000.0,24788520000.0,SISE,2023,119688560000.0,215678191000.0,74903430000.0,0.2845403371471984,0.5127402751143288,0.4641029685710982,0.1341407012693585,3.6102502169698423,0.11201702616290847,1.691470368505838,7.203242069572266,TR,yahoo
522295106000.0,175667948000.0,70235371000.0,104152986000.0,243546426000.0,42620177000.0,124877992000.0,171155371000.0,198837760000.0,242921447000.0,33681940000.0,53434657000.0,29457584000.0,4224356000.0,6573967000.0,SISE,2024,167498169000.0,278748680000.0,119688560000.0,0.320696416787792,0.5336995824732081,0.2544515994082299,0.20514585825447387,1.1434047001274783,0.06448833162147224,1.6866338138399604,6.740066913899581,TR,yahoo
506932507000.0,141493818000.0,38145479000.0,112306001000.0,242571375000.0,61825170000.0,96541501000.0,161923247000.0,207146874000.0,224527039000.0,40056146000.0,57446872000.0,,12091836000.0,9877537000.0,SISE,2025,158366671000.0,264361132000.0,167498169000.0,0.31240188548413605,0.5214917732628261,0.3903925593030872,,,0.07901672401529382,1.2598954351513239,6.454281859502776,TR,yahoo
,,,,,,,,,,,,,,,SKBNK,2021,,,,,,,,,,,,TR,yahoo
68981436000.0,,12208937000.0,,6129580000.0,,,8727278000.0,1913402000.0,6574932000.0,,,4266459000.0,2288768000.0,1845562000.0,SKBNK,2022,8727278000.0,62851856000.0,,0.12651632824808112,0.9111416004734955,,0.4888647983941843,,,,,TR,yahoo
90741896000.0,,20178690000.0,,11144945000.0,,,15189669000.0,3494306000.0,9539831000.0,,,6490286000.0,3184188000.0,2970587000.0,SKBNK,2023,15189669000.0,79596951000.0,8727278000.0,0.16739422107732904,0.8771797208204687,,0.5427353248723593,,,,,TR,yahoo
129773230000.0,,29729101000.0,,15988420000.0,,,24077721000.0,3663363000.0,12028498000.0,,,16553266000.0,3505799000.0,2898328000.0,SKBNK,2024,24077721000.0,113784810000.0,15189669000.0,0.1855368861513272,0.8767972408485171,,0.8431049784566786,,,,,TR,yahoo
222660546000.0,,51010387000.0,,19361143000.0,,,43685195000.0,3616276000.0,16188578000.0,,,26385774000.0,3664318000.0,2698563000.0,SKBNK,2025,43685195000.0,203299403000.0,24077721000.0,0.1961963885600101,0.9130463687985387,,0.7787673718173521,,,,,TR,yahoo
,,,,,,,,,,,,,,,SKTAS,2021,,,,,,,,,,,,TR,yahoo
3595186632.0,979935337.0,73413329.0,1475598554.0,1333666397.0,624194379.0,163935368.0,826112162.0,-1446593099.0,1567355054.0,-1102171911.0,-989378195.0,137869518.0,-1240041429.0,-1141049510.0,SKTAS,2022,788129747.0,2261520235.0,,0.21921803446447616,0.629041122613965,0.7919944417476733,0.17493251399886572,-7.994311773832415,-0.3065687609065409,0.6640934516665297,-0.40707685863112775,TR,yahoo
4853450982.0,1168023808.0,127040372.0,1567831028.0,2123418191.0,806673916.0,335060275.0,1227730550.0,-2009991744.0,1928925784.0,347163937.0,516028602.0,263481941.0,83681996.0,-15509178.0,SKTAS,2023,1141734191.0,2730032791.0,788129747.0,0.23524172701740495,0.5624931211059669,0.7065339046152819,0.2730575309605065,1.3176004992311787,0.07152929704812665,0.744993425401197,2.6568953466889322,TR,yahoo
4135147807.0,1023335111.0,55575927.0,1213191603.0,2184625353.0,593002758.0,69479355.0,714066231.0,-2398233845.0,2343005349.0,-20378962.0,209395905.0,175087339.0,-195466301.0,-607810891.0,SKTAS,2024,662482113.0,1950522454.0,1141734191.0,0.16020760174002652,0.47169352706042217,0.8951226702780427,0.19408686044109708,-0.11639312194926899,-0.004928230610161597,0.8435065891236637,2.201035263514985,TR,yahoo
4151443718.0,942759599.0,77329557.0,1232443708.0,2254331459.0,758459374.0,84152404.0,871239808.0,-2591307474.0,1788155539.0,-169177060.0,-24437630.0,136010438.0,-305187498.0,-240241452.0,SKTAS,2025,842611778.0,1897112259.0,662482113.0,0.20296837323039435,0.45697650934647693,0.9001290912408775,0.18073349285822063,-1.2438535048317394,-0.04075137987935984,0.7649514479893795,1.7312373802207366,TR,yahoo
,,,,,,729951.0,,,,,,,,,SKYLP,2021,729951.0,,,,,,,,,,,TR,yahoo
153407619.0,72092764.0,4491842.0,31541676.0,107447703.0,16241027.0,1597080.0,17838107.0,-14045620.0,76728390.0,14955627.0,16023530.0,5071280.0,9884347.0,19818977.0,SKYLP,2022,17838107.0,45959916.0,729951.0,0.11627914647446552,0.2995934380547292,0.9104680782551646,0.5462369839646127,2.949083268918301,0.0974894669344943,2.2856351704329216,7.795442622503991,TR,yahoo
250664404.0,138519798.0,8900041.0,29120623.0,209491714.0,5159.0,2041319.0,4343579.0,39661629.0,151226853.0,75902797.0,80721863.0,7970717.0,67932080.0,54706919.0,SKYLP,2023,2046478.0,41172690.0,17838107.0,0.008164214652512049,0.16425423531615602,0.0025209164232403184,0.8016980993065734,9.522706301076804,0.3028064447475358,4.756759427846032,14.006230864934073,TR,yahoo
361204538.0,149825511.0,3400592.0,72147448.0,262221264.0,0.0,,4266695.0,-2090860.0,218173358.0,-5555663.0,5397575.0,5503428.0,-11059091.0,-20520050.0,SKYLP,2024,0.0,98983274.0,2046478.0,0.0,0.2740366290746879,,5.3784384684321065,-1.0094913570232953,-0.015380933558481483,2.0766571119743555,7.320120590558506,TR,yahoo
369531982.0,148369025.0,2659934.0,103810987.0,228852812.0,71704893.0,,86128555.0,-11843677.0,224955779.0,22200067.0,34338795.0,28963632.0,-6763565.0,-29658129.0,SKYLP,2025,71704893.0,140679170.0,0.0,0.194042455031673,0.380695519880604,1.0,0.8078565015082025,0.7664807714723071,0.06007617224319166,1.429222756546954,6.048339520894088,TR,yahoo
,,,,,,,,,,,,,,,SKYMD,2021,,,,,,,,,,,,TR,yahoo
2534513554.0,2323483124.0,500381793.0,2046341194.0,434178513.0,525434723.0,,525798869.0,-188056628.0,55078025475.0,113159085.0,119052404.0,91208563.0,21950522.0,-13248316.0,SKYMD,2022,525434723.0,2100335041.0,,0.2073118615486402,0.8286935525301199,1.0,0.1735868586667425,1.2406629517888579,0.04464725975578665,1.1354329037662916,4.242515267688759,TR,yahoo
2902133085.0,2489136876.0,343725442.0,1758517446.0,1128339587.0,672390913.0,,672919550.0,-212215359.0,57330726082.0,258303979.0,266919545.0,192715198.0,65588781.0,90224710.0,SKYMD,2023,672390913.0,1773793498.0,525434723.0,0.23168851782687974,0.611203361819639,1.0,0.32177504339204177,1.34034046967069,0.0890048703607264,1.4154746554615643,5.9291480101703655,TR,yahoo
2634210097.0,2153460225.0,307370859.0,1376067353.0,1241107695.0,421734762.0,,428962017.0,-13140495.0,53977136589.0,195901848.0,212943212.0,151319140.0,44582708.0,-69703558.0,SKYMD,2024,421734762.0,1393102402.0,672390913.0,0.16009913654203112,0.5288501488877255,1.0,0.27660285003365814,1.2946270247108198,0.07436834602642554,1.5649380971833868,6.604881964385924,TR,yahoo
3044662716.0,2458692669.0,156640287.0,1881921109.0,1148914020.0,462637796.0,,464561712.0,-137087156.0,46557449523.0,209981235.0,228047370.0,256642824.0,-46661589.0,-113848520.0,SKYMD,2025,462637796.0,1895748696.0,421734762.0,0.1519504257626939,0.6226465368520643,1.0,0.5803952682122911,0.81818471183905,0.06896699391250403,1.3064802011315342,5.445731681524906,TR,yahoo
,,,,,,421139.0,,,,,,,,,SMART,2021,421139.0,,,,,,,,,,,TR,yahoo
247709030.0,64198017.0,3538428.0,52877900.0,186275626.0,21282840.0,1791744.0,27220412.0,-66885607.0,107208274.0,-41021427.0,29120156.0,4104113.0,-45125540.0,-45125540.0,SMART,2022,23074584.0,61433404.0,421139.0,0.09315196946998662,0.24800631612016727,0.922349889384788,0.3493497944285434,-9.995199206259672,-0.1656032765539472,1.214080305761008,4.74044134055999,TR,yahoo
434907510.0,131654428.0,1609942.0,96135157.0,333005292.0,34974965.0,0.0,40964240.0,-31637668.0,241993605.0,73390621.0,179897229.0,8453175.0,64937446.0,64937446.0,SMART,2023,34974965.0,101902218.0,23074584.0,0.08041931720148958,0.23430779109792793,1.0,0.29123998878957696,8.682018413199774,0.16874995099532772,1.36947223168315,8.113894458612549,TR,yahoo
585848285.0,109983182.0,1282000.0,126036524.0,453187824.0,66709532.0,,81479949.0,-25290127.0,265372232.0,58131246.0,181603808.0,42010093.0,16121153.0,16121153.0,SMART,2024,66709532.0,132660461.0,34974965.0,0.11386827222682747,0.22644166484160655,1.0,0.8262831452074745,1.3837447586702558,0.09922576798189313,0.8726294450964072,7.183267744020441,TR,yahoo
627636003.0,78988429.0,9076520.0,197175733.0,426986134.0,91663751.0,,97196920.0,-45686552.0,200120352.0,21340163.0,136750634.0,41736588.0,-20396425.0,-20396425.0,SMART,2025,91663751.0,200649869.0,66709532.0,0.14604603713276787,0.3196914581714969,1.0,0.5270660203463737,0.511305883461293,0.03400085861549915,0.40059913965173394,4.240318362556448,TR,yahoo
,,,,,,,,,,,,,,,SMRTG,2021,,,,,,,,,,,,TR,yahoo
4294263789.0,3641419864.0,395846957.0,2667816199.0,1442281054.0,327160145.0,0.0,609348633.0,216060332.0,3973288754.0,182332861.0,248295829.0,69662995.0,112669866.0,88716585.0,SMRTG,2022,327160145.0,2851982735.0,,0.07618538615118131,0.6641377603084178,1.0,0.2129324004303764,2.6173560439082473,0.04245963218818927,1.3649440562528048,5.717644399777982,TR,yahoo
15232958707.0,10286230998.0,847117786.0,9233794679.0,3065140922.0,2424139564.0,2468727850.0,5578287384.0,1325236071.0,11684945071.0,1985658335.0,2194203076.0,598716640.0,1386941695.0,1476970648.0,SMRTG,2023,4892867414.0,12167817785.0,327160145.0,0.3212026966075593,0.7987822995547492,0.4954435423824873,0.22939213758277402,3.3165243828867026,0.13035276817809074,1.1139765779494217,5.12731134231249,TR,yahoo
22856836888.0,13936850241.0,612635221.0,14752851853.0,4598732158.0,4614037783.0,3135780362.0,8357905910.0,2228506790.0,15285067108.0,1736940144.0,2041817585.0,2130993973.0,-394053829.0,577403387.0,SMRTG,2024,7749818145.0,18258104730.0,4892867414.0,0.33905908253948774,0.7988027748312643,0.595373684475018,0.33711096634575405,0.8150844939062623,0.07599214854229921,0.9446885510590913,4.108783817659423,TR,yahoo
25347746821.0,13362253830.0,1571970306.0,17137984651.0,4633827218.0,6985396091.0,3023149235.0,10830144672.0,1750252570.0,10581001663.0,2472427809.0,3113771980.0,2316786603.0,155641206.0,-434718338.0,SMRTG,2025,10008545326.0,20713919603.0,7749818145.0,0.3948495066120891,0.8171897782188283,0.6979431938878747,0.2609234355162726,1.0671797764189679,0.09754033865257218,0.7796864159999299,3.3883045272196037,TR,yahoo
,,,,,,,,,,,,,,,SMRVA,2021,,,,,,,,,,,,TR,yahoo
511673000.0,9024000.0,,26114000.0,320007000.0,1842000.0,51744000.0,58073000.0,263518000.0,354465000.0,269276000.0,269276000.0,29222000.0,240054000.0,188139000.0,SMRVA,2022,53586000.0,191666000.0,,0.10472704246657533,0.374586894364174,0.03437465009517411,0.5453290038442877,9.214838135651222,0.5262657986643814,0.3455617676342192,9.999429337147696,TR,yahoo
1540030000.0,1256265000.0,114527000.0,498511000.0,791231000.0,441543000.0,0.0,444706000.0,728356000.0,1057643000.0,823457000.0,828569000.0,75251000.0,748206000.0,497321000.0,SMRVA,2023,441543000.0,748799000.0,53586000.0,0.2867106484938605,0.48622364499392867,1.0,0.30396522926348485,10.942804746780773,0.5347019213911417,2.5200346632270905,12.722283817439704,TR,yahoo
3620823000.0,2938714000.0,474916000.0,1455053000.0,1709420000.0,1397545000.0,0.0,1414776000.0,1196562000.0,1616762000.0,1179086000.0,1192255000.0,400799000.0,778287000.0,542748000.0,SMRVA,2024,1397545000.0,1911403000.0,441543000.0,0.38597440416170575,0.5278918632587122,1.0,0.4358671254447857,2.9418386772422087,0.3256403309413357,2.019661139491139,10.142680843709782,TR,yahoo
5126493000.0,4517696000.0,962537000.0,2228871000.0,2353721000.0,1858712000.0,0.0,1879088000.0,1830488000.0,1859994000.0,1896214000.0,1913486000.0,926476000.0,969738000.0,679727000.0,SMRVA,2025,1858712000.0,2772772000.0,1397545000.0,0.3625698893961232,0.5408711179357897,1.0,0.5690435367970035,2.046695219304116,0.36988522172955274,2.0268988200752758,10.719814073432046,TR,yahoo
,,,,,,,,,,,,,,,SNGYO,2021,,,,,,,,,,,,TR,yahoo
36973926451.0,7310369655.0,477282959.0,2541796742.0,22367140114.0,1218320289.0,5338143104.0,7666687933.0,10221560272.0,2371257663.0,9490443042.0,9523288534.0,2755222603.0,6735220439.0,5959761961.0,SNGYO,2022,6556463393.0,14606786337.0,,0.17732667374910824,0.3950564016066231,0.1858197348132437,0.4202299986821569,3.444528595136529,0.2566793400905713,2.876063822966376,8.33002222703683,TR,yahoo
58331339254.0,11831291179.0,525402370.0,2490719974.0,36659213279.0,1060886334.0,2450589862.0,5199573515.0,19301025518.0,2456346351.0,4039802603.0,4067464955.0,2970691403.0,1069111200.0,1687802096.0,SNGYO,2023,3511476196.0,21672125975.0,6556463393.0,0.06019879263717068,0.3715348601997658,0.3021197567018905,0.5901289686413512,1.3598863210498207,0.06925612637503391,4.750149074365596,7.620653850228275,TR,yahoo
80528905947.0,16454902095.0,134286628.0,4437052483.0,51323306776.0,1751002138.0,4880732495.0,7316211593.0,25064322194.0,17377634802.0,17184303649.0,17227313809.0,2152084692.0,15032218957.0,6849759810.0,SNGYO,2024,6631734633.0,29205599171.0,3511476196.0,0.08235222563888633,0.3626722457923572,0.26403380637199875,0.4243399310693752,7.984956964230848,0.21339298537483956,3.708520951249699,8.522831015363188,TR,yahoo
88530819234.0,16858941982.0,84260882.0,6991691696.0,51995603262.0,2676916837.0,5096765372.0,8739622685.0,25646063725.0,5298750655.0,6891543674.0,6962420543.0,1959751253.0,4931792421.0,671703327.0,SNGYO,2025,7773682209.0,36535215972.0,6631734633.0,0.08780763892462141,0.41268358621455925,0.344356350700932,0.272085323804891,3.51654000141619,0.07784344179380781,2.411282235405936,6.942952040453884,TR,yahoo
,,,,,,,,,,,,,,,SNICA,2021,,,,,,,,,,,,TR,yahoo
4015616701.0,3213502583.0,901263023.0,1574203584.0,2155487636.0,813836683.0,167634781.0,1017795790.0,897050133.0,2546091185.0,369214778.0,476302214.0,160964358.0,208250420.0,196617382.0,SNICA,2022,981471464.0,1860129065.0,,0.2444136323458328,0.4632237595128978,0.829200555340853,0.16400309525453508,2.2937672823197293,0.09194472617569682,2.0413513319761316,8.4908392972637,TR,yahoo
5133322792.0,3645588747.0,77536631.0,1335447631.0,3442952479.0,267005561.0,238964864.0,609840154.0,1810692494.0,3198155396.0,622836915.0,787021750.0,160006094.0,462830821.0,526514159.0,SNICA,2023,505970425.0,1690370313.0,981471464.0,0.0985658696134455,0.3292935943234173,0.5277098182171418,0.2151426488433391,3.892582460015554,0.12133211571472904,2.7298627534126045,10.306091754715938,TR,yahoo
6126712249.0,4230359817.0,23105381.0,2498448812.0,3498942753.0,649359740.0,100879864.0,799552315.0,1602311605.0,3290353306.0,-534907050.0,-310241049.0,349292546.0,-884199596.0,-753303259.0,SNICA,2024,750239604.0,2627769496.0,505970425.0,0.12245386652889628,0.4289036907892816,0.8655364719988843,0.5561053294217889,-1.5314012741628904,-0.08730735641898432,1.6931945120034742,6.768374074274826,TR,yahoo
8341922763.0,3738328411.0,47204970.0,2642993301.0,4754682933.0,889292067.0,158954824.0,1048246891.0,731734601.0,3345988720.0,-654069581.0,-467733984.0,113644584.0,-767714165.0,-859894286.0,SNICA,2025,1048246891.0,3587239830.0,750239604.0,0.12566010508385717,0.4300255387056501,0.8483612731268286,0.12637802320556207,-5.755395972059698,-0.0784075326016058,1.4144297715720922,5.26213662262294,TR,yahoo
,,,,,,,40138705.0,,,,,,,,SNPAM,2021,40138705.0,,,,,,,,,,,TR,yahoo
6154644456.0,498346887.0,143241327.0,129052753.0,5395316670.0,75528428.0,117150474.0,192678902.0,3948916438.0,653341072.0,-20177192.0,15386533.0,3173292.0,-23350484.0,-93484469.0,SNPAM,2022,192678902.0,759327786.0,40138705.0,0.031306260398545435,0.12337476054522556,0.3919911688099614,0.027259897057527956,-6.358441643567626,-0.003278368416607687,3.861575018085821,13.173907808875608,TR,yahoo
6433007646.0,349161199.0,54513522.0,159728680.0,5743538357.0,79120384.0,9420003.0,88540387.0,4103724791.0,758636786.0,393296740.0,442906654.0,8624437.0,384672303.0,160879172.0,SNPAM,2023,88540387.0,689469289.0,192678902.0,0.013763451230320517,0.10717681789616826,0.8936078402277595,0.061336027344838354,45.60259875514193,0.061137303364554405,2.1859643427842763,14.680518789000114,TR,yahoo
8610179023.0,431221684.0,76047168.0,173003903.0,7624021057.0,0.0,0.0,0.0,5483495538.0,1029105306.0,525299355.0,611629582.0,24513298.0,500786057.0,114190688.0,SNPAM,2024,0.0,986157966.0,88540387.0,0.0,0.11453396768705026,,0.5537201458132321,21.429158777411345,0.06100910951988228,2.4925546564114223,14.050470502104364,TR,yahoo
8383751268.0,388814519.0,52949424.0,125291323.0,7275975460.0,,,,5098781583.0,853897146.0,-149828455.0,-38785645.0,10423820.0,-160252275.0,-338207891.0,SNPAM,2025,,1107775808.0,0.0,,0.13213366816216,,inf,-14.37366099951841,-0.017871290572739354,3.1032836886876836,12.215249422781664,TR,yahoo
,,,,,,,,,,,,,,,SODSN,2021,,,,,,,,,,,,TR,yahoo
165934014.0,114917534.0,66566657.0,33134605.0,105637291.0,0.0,,1441472.0,-127563564.0,250994381.0,49275454.0,57740858.0,2974340.0,46301114.0,25247104.0,SODSN,2022,0.0,60296723.0,,0.0,0.3633777159154361,,inf,16.566853150614925,0.296958126981729,3.46820292561206,7.812142630593202,TR,yahoo
236768615.0,156621623.0,82527401.0,40481588.0,171904261.0,0.0,,1649019.0,-158424028.0,300423841.0,83769659.0,94775687.0,2177072.0,81592587.0,61984990.0,SODSN,2023,0.0,64864354.0,0.0,0.0,0.27395672352942557,,inf,38.47812980002499,0.35380389837563564,3.868959463744357,9.446808112004925,TR,yahoo
292723833.0,208152886.0,117496396.0,45364337.0,219592224.0,903807.0,,903807.0,-207624545.0,301843839.0,16862209.0,29508314.0,520468.0,16341741.0,-259647.0,SODSN,2024,903807.0,73131609.0,0.0,0.0030875757219262705,0.24983141362459543,1.0,1.151723764033693,32.398166650014986,0.057604496453829916,4.588469704737446,8.125792296779393,TR,yahoo
251939026.0,180251124.0,89603503.0,47441366.0,181919399.0,215637.0,,215637.0,-245297370.0,270081931.0,-30873606.0,-18396673.0,524435.0,-31398041.0,-37672825.0,SODSN,2025,215637.0,70019627.0,903807.0,0.0008559094770811728,0.27792290901370714,1.0,0.936956203258046,-58.87022414598568,-0.1225439602993464,3.7994505470183975,5.438577917391567,TR,yahoo
3385937949.0,1272849817.0,103079857.0,866043365.0,1649282859.0,800291203.0,595031385.0,1416693463.0,965599162.0,2045896834.0,380255067.0,402329637.0,193406136.0,186848931.0,67413780.0,SOHOE,2023,1395322588.0,1736655090.0,,0.4120933723584903,0.5129022197565382,0.5735528184540506,0.13861033832844394,1.9660961894197606,0.1123042042493142,1.4697298870247681,6.7196992450514985,TR,yahoo
4181149069.0,2291838972.0,71993261.0,1273145609.0,2342454388.0,1208523286.0,335582691.0,1566205255.0,1049830826.0,2653335646.0,258345468.0,283560504.0,222820857.0,35524611.0,84231664.0,SOHOE,2024,1544105977.0,1838694681.0,1395322588.0,0.36930182385707233,0.4397582221194898,0.7826686147203483,0.15160828172737037,1.1594312645516842,0.061788150514755065,1.8001389281781672,7.419710173189611,TR,yahoo
5056881289.0,2619023592.0,64899297.0,1865596420.0,2431743435.0,1554269357.0,205228593.0,2151921533.0,1099195037.0,3010469819.0,531274616.0,601971737.0,381216621.0,150057995.0,49364211.0,SOHOE,2025,1759497950.0,2625137854.0,1544105977.0,0.34794131984615784,0.5191219061658301,0.8833595725417015,0.23078833263537285,1.3936292038011637,0.10505973655257779,1.4038532471026075,6.614639065962746,TR,yahoo
,,,,,,,,,,,,,,,SOKE,2021,,,,,,,,,,,,TR,yahoo
2512602706.0,1357594725.0,565033059.0,761295526.0,1623500395.0,239883609.0,0.0,243057057.0,180131844.0,4732992940.0,419686019.0,473341998.0,111367773.0,308318246.0,308047101.0,SOKE,2022,239883609.0,889102311.0,,0.09547216057165227,0.3538571015930443,1.0,0.4642575349948149,3.7684691692631764,0.16703238359085013,1.7832690179240591,8.080311804977331,TR,yahoo
4681924837.0,1977296390.0,630651779.0,1016607906.0,3434884909.0,43524416.0,3155296.0,48178518.0,-108511798.0,7572040406.0,41814540.0,195497004.0,73018915.0,-31204375.0,-141174479.0,SOKE,2023,46679712.0,1247039928.0,239883609.0,0.009970196794084073,0.26635197518443204,0.9324054098705664,0.5096180121391042,0.5726535377853806,0.008931057514967108,1.9449941106399382,7.472665072526725,TR,yahoo
6553420407.0,2495730682.0,827969617.0,1352770591.0,4482207228.0,298561931.0,351668082.0,665929742.0,-467067564.0,7153280073.0,-243660497.0,9605356.0,123917847.0,-367578344.0,-329967039.0,SOKE,2024,650230013.0,2071213179.0,46679712.0,0.09921994510003668,0.31605071098256493,0.4591635652474873,0.3556209435877796,-1.9663067338476272,-0.037180660154159405,1.8449031185362308,6.184162409737702,TR,yahoo
6615457948.0,2897348248.0,855774067.0,1774030518.0,3959364285.0,45692018.0,470265056.0,521669811.0,-801038400.0,7536859158.0,-256857087.0,-37813937.0,97454024.0,-354311111.0,-339288909.0,SOKE,2025,515957074.0,2656093663.0,650230013.0,0.0779926466248622,0.4014980797819138,0.08855778959627172,0.1671327441134666,-2.635674510474806,-0.03882680367995591,1.633200905284539,5.273450378385272,TR,yahoo
,,,,,,,,,,,,,,,SOKM,2021,,,,,,,,,,,,TR,yahoo
68569339895.0,29255357001.0,2064578215.0,33683108198.0,23821838496.0,7762.0,8165505.0,10376356473.0,17113139712.0,112384820331.0,9670653355.0,13650930246.0,2423577853.0,7247075502.0,6954039535.0,SOKM,2022,8173267.0,44747501399.0,,0.00011919710781109598,0.6525876064655384,0.0009496814431732134,296.52498236017493,3.990238375478339,0.14103465732364698,0.8685468344853369,5.146743139105643,TR,yahoo
76983520651.0,36698856591.0,6082019017.0,35473527226.0,28963648117.0,2269488.0,0.0,9101092704.0,22566813428.0,193155221661.0,11549249970.0,18280209769.0,3380583514.0,8168666456.0,6135447873.0,SOKM,2023,2269488.0,48019872534.0,8173267.0,2.9480179404740174e-05,0.6237682055578505,1.0,647.4505078401246,3.416348071914546,0.15002236676545108,1.0345420785814021,5.951512598328089,TR,yahoo
98877955009.0,42885097268.0,7568658544.0,49163907835.0,37729189570.0,0.0,0.0,12404227828.0,29093976549.0,264629946477.0,2838592408.0,13076394699.0,4218477328.0,-1379884920.0,80162843.0,SOKM,2024,0.0,61148765439.0,2269488.0,0.0,0.6184266799756747,,3717.5586105764824,0.672895025216549,0.028708041218506467,0.8722882121561116,4.6334375083113875,TR,yahoo
105668888891.0,47408817166.0,9324129002.0,55040595984.0,35461872521.0,,,14430285687.0,27219902593.0,278811712930.0,6401434769.0,17935658492.0,6323352775.0,78081994.0,-1928206743.0,SOKM,2025,14430285687.0,70207016370.0,0.0,0.1365613459027206,0.6644057404864002,,0.8764002199480502,1.0123481951392472,0.06058012756813629,0.8613427292789759,4.5534353601330215,TR,yahoo
,,,,,,,,,,,,,,,SONME,2021,,,,,,,,,,,,TR,yahoo
3648834490.0,17125069.0,8826035.0,16160551.0,3175611748.0,,,,2698947523.0,29328393.0,-9703298.0,-8735717.0,5763.0,-9709061.0,-18153113.0,SONME,2022,,473222742.0,,,0.12969147910022086,,,-1683.7234079472496,-0.0026592869659045567,1.0596834848019725,12.69133758145177,TR,yahoo
3861341923.0,17538563.0,1281779.0,27265443.0,3328981987.0,,,,2839216541.0,45798337.0,152221914.0,153537011.0,0.0,152221914.0,174226140.0,SONME,2023,,532359936.0,,,0.1378691518689421,,,inf,0.03942202401017466,0.6432524496301051,12.461362175970542,TR,yahoo
5236339874.0,75398162.0,67437568.0,28612118.0,4630119557.0,,,,3985999332.0,60706114.0,384113828.0,386083392.0,63766.0,384050062.0,270893576.0,SONME,2024,,606220317.0,,,0.1157717664603984,,,6023.803092557162,0.07335540420270283,2.63518282708047,14.302702540667617,TR,yahoo
4972783169.0,106553554.0,96756642.0,8137687.0,4356064693.0,,,,3705803620.0,60609913.0,-186851312.0,-176817500.0,41369.0,-186892681.0,-225047001.0,SONME,2025,,616718476.0,,,0.12401877480694956,,,-4516.698784113708,-0.037574795773284195,13.09383784360347,12.973193842303889,TR,yahoo
,,,,,,,,,,,,,,,SRVGY,2021,,,,,,,,,,,,TR,yahoo
17028887066.0,387804133.0,11797276.0,1460251231.0,12675022344.0,520642218.0,356580878.0,877424168.0,8559436102.0,1578186763.0,5598113667.0,5598604365.0,285477457.0,5312636210.0,4708719670.0,SRVGY,2022,877223096.0,4353864722.0,,0.051513824279889084,0.25567523615168947,0.5935117535938657,0.3254331290429225,19.609652285083932,0.3287421923290122,0.26557357033311757,9.74139687854911,TR,yahoo
27601119185.0,880228374.0,165044804.0,2075892706.0,21283242666.0,499070653.0,0.0,506144830.0,7234614203.0,1423395375.0,8186045314.0,8189466801.0,173438381.0,8012606933.0,7234614203.0,SRVGY,2023,499070653.0,6317876519.0,877223096.0,0.018081536826637924,0.22889928762140518,1.0,0.25203686513292445,47.19858007669018,0.29658381818258867,0.42402402178872534,9.350526758391437,TR,yahoo
43629120720.0,754087728.0,38740687.0,2757953625.0,24836618038.0,434714105.0,277547912.0,716862647.0,22331370768.0,1670465726.0,7878708261.0,7886854690.0,202881230.0,7675827031.0,2599653190.0,SRVGY,2024,712262017.0,18792502682.0,499070653.0,0.01632538096678837,0.43073301436912387,0.610328916360003,0.33497194457737195,38.834091556917315,0.1805837048966317,0.2734229180521482,7.218546047593767,TR,yahoo
49515648124.0,4487209111.0,17224624.0,1236508902.0,27870845396.0,282896414.0,401707680.0,754797791.0,21152219131.0,4030144309.0,6781441641.0,6788785377.0,148290445.0,6633151196.0,3338733847.0,SRVGY,2025,684604094.0,21644802728.0,712262017.0,0.013826015006116332,0.4371305546439746,0.41322629601452543,0.21231876674829003,45.730806465649216,0.13695552614029236,3.6289339314437057,7.345648244364854,TR,yahoo
8191244000.0,6514464000.0,1215542000.0,5337473000.0,2390210000.0,3289674000.0,36990000.0,3923952000.0,3838431000.0,10579683000.0,3696900000.0,4182964000.0,1078205000.0,2618695000.0,2095966000.0,SSAAT,2023,3326664000.0,5801034000.0,,0.4061243933155941,0.7081993894944406,0.9888807526098218,0.32410997924647633,3.4287542721467625,0.45132338873069827,1.2205146517837187,9.185767383692474,TR,yahoo
8837209000.0,7302051000.0,1184817000.0,4887412000.0,3371134000.0,2383597000.0,0.0,3114821000.0,3959244000.0,11541843000.0,3400727000.0,3962604000.0,1566818000.0,1833909000.0,1232543000.0,SSAAT,2024,2383597000.0,5466075000.0,3326664000.0,0.26972282764841254,0.6185295606339061,1.0,0.5487728144125111,2.1704671506199187,0.38481912105960153,1.4940526806416157,9.736528018292464,TR,yahoo
9416873000.0,7977301000.0,1699060000.0,5165917000.0,3718060000.0,2987995000.0,10196000.0,3616570000.0,4642053000.0,13009622000.0,3702567000.0,4398910000.0,1491168000.0,2211399000.0,1529904000.0,SSAAT,2025,2998191000.0,5698813000.0,2383597000.0,0.3183849883076898,0.6051704212215668,0.9965992827008019,0.5541533780223227,2.4829978915856565,0.39318434049179596,1.5442178029573452,10.142737779500507,TR,yahoo
,,,,,0.0,,0.0,,,,,,,,SUMAS,2021,0.0,,,,,,,,,,,TR,yahoo
175318809.0,135624209.0,69993715.0,40723585.0,129958467.0,1473333.0,,1473333.0,118765407.0,226886166.0,59166155.0,61214600.0,1379162.0,57786993.0,53647451.0,SUMAS,2022,1473333.0,45360342.0,0.0,0.008403736076030496,0.2587306077353058,1.0,1.8721660344267046,42.90007627820372,0.3374775093298746,3.330360256838881,14.285479376712296,TR,yahoo
485055011.0,310511801.0,171711151.0,94249164.0,364585264.0,0.0,,0.0,239860552.0,617528712.0,-66729691.0,-52969394.0,1087865.0,-67817556.0,-110800703.0,SUMAS,2023,0.0,120469747.0,1473333.0,0.0,0.24836306041171896,,1.476740153108632,-61.340047708125546,-0.13757138775337793,3.294584140820602,10.040065455333659,TR,yahoo
665465322.0,374800537.0,141606378.0,144977149.0,499629915.0,3873955.0,,3873955.0,348634453.0,606712744.0,18268251.0,38978549.0,6253795.0,12014456.0,18475100.0,SUMAS,2024,3873955.0,165835407.0,0.0,0.005821422802854932,0.24920217705949824,1.0,3.2286358514747846,2.9211464398817037,0.027451845191716843,2.585238705445918,10.571367564490949,TR,yahoo
617709017.0,337356854.0,153027970.0,121405695.0,471013063.0,,,,317229290.0,589353804.0,15243873.0,44069256.0,4437315.0,10806558.0,15019123.0,SUMAS,2025,,146695954.0,3873955.0,,0.23748391226738397,,1.1454224429555842,3.43538220748358,0.024678080747524526,2.77875641665739,10.754764207913441,TR,yahoo
,,,,,,,,,,,,,,,SUNTK,2021,,,,,,,,,,,,TR,yahoo
4770883786.0,3001595887.0,1058763382.0,1536086293.0,2798702617.0,519020402.0,221358820.0,765640439.0,1146716098.0,7574904395.0,732428364.0,904492814.0,38245108.0,694183256.0,599493843.0,SUNTK,2022,740379222.0,1972181169.0,,0.15518701674784413,0.4133785808799829,0.7010196755629644,0.05165610657831238,19.150903273694507,0.1535204789832204,1.9540542095052729,8.570352876450293,TR,yahoo
8168656150.0,4475342818.0,878379789.0,2744857132.0,4662072467.0,683332962.0,240202762.0,1020955593.0,1675099383.0,11164588239.0,783880675.0,1080320471.0,153036662.0,630844013.0,341560625.0,SUNTK,2023,923535724.0,3506583683.0,740379222.0,0.11305846482471905,0.42927301854907923,0.7399096150177727,0.1839476980093188,5.1221757241411865,0.09596201145031671,1.6304465415797822,7.349070554427587,TR,yahoo
12159383694.0,6332535787.0,1108119604.0,4011427366.0,6947133765.0,1378157319.0,285895376.0,1870470516.0,3004586260.0,16030798207.0,1750264366.0,2209812549.0,161509242.0,1588755124.0,1169838503.0,SUNTK,2024,1664052695.0,5212249929.0,923535724.0,0.1368533748812549,0.4286607002599946,0.8281933157170843,0.12483379567946659,10.836930099640986,0.14394350980664103,1.5786240679996397,7.674577217856205,TR,yahoo
12694641487.0,6238911891.0,837170364.0,4214531062.0,7063528467.0,1978870929.0,418932809.0,2596840095.0,3052176809.0,13043619118.0,1358796877.0,1843744806.0,264425279.0,1094371598.0,693213148.0,SUNTK,2025,2397803738.0,5631113020.0,1664052695.0,0.18888313942977286,0.4435818865595034,0.8252847794167547,0.1301992245967695,5.138679940657262,0.10703704223482652,1.480333588534363,7.116291552943596,TR,yahoo
3305331325.0,322234426.0,1365267.0,48139733.0,2804644993.0,,,,2650365206.0,,,,,,,SURGY,2022,,500686332.0,,,0.15147840950558866,,,,,6.693731059954155,,TR,yahoo
8334949253.0,2351708087.0,661941496.0,67963716.0,6990434074.0,0.0,,0.0,5139092778.0,0.0,1312528055.0,1313180995.0,0.0,1312528055.0,1312528055.0,SURGY,2023,0.0,1344515179.0,,0.0,0.16131054169478817,,,inf,0.15747283098665316,34.602405892579505,13.574839804496879,TR,yahoo
13037262415.0,3099750337.0,71407782.0,169954463.0,8078633872.0,52476520.0,,52476520.0,5659840395.0,0.0,1037717522.0,1039903767.0,1428512.0,1036289010.0,430319782.0,SURGY,2024,52476520.0,4958628543.0,0.0,0.004025118029351256,0.3803427732876542,1.0,0.05444385412752217,726.4324849913756,0.07959627481349581,18.23871101872741,8.385006386639608,TR,yahoo
12860323749.0,2328068891.0,39660709.0,110379890.0,9060344542.0,0.0,,0.0,6636490620.0,0.0,-334385620.0,-332195631.0,26570501.0,-360956121.0,976650225.0,SURGY,2025,0.0,3799979207.0,52476520.0,0.0,0.29548083556570504,,1.0126624631358938,-12.584844373088787,-0.02600133764330788,21.091422459290364,8.392338164665482,TR,yahoo
,,,,,,,,,,,,,,,SUWEN,2021,,,,,,,,,,,,TR,yahoo
1343814870.0,848206945.0,205606105.0,510395915.0,687919624.0,77016191.0,4045262.0,311924051.0,336571063.0,1757058244.0,363108634.0,597925545.0,76054988.0,287053646.0,224228568.0,SUWEN,2022,81061453.0,655895246.0,,0.06032189017226755,0.4880845275956799,0.9500963546755077,0.9382386471656263,4.774290859134709,0.27020733443736933,1.661860763521197,8.632624345219519,TR,yahoo
2114643626.0,1160967651.0,265608435.0,595715318.0,1196926183.0,75462636.0,14442554.0,502318724.0,491334619.0,3614571774.0,653030644.0,1087959651.0,170629605.0,482401039.0,276576953.0,SUWEN,2023,89905190.0,917717443.0,81061453.0,0.04251552786228198,0.43398208176378555,0.8393579503029803,1.996057265977902,3.8271825337695646,0.30881356838137985,1.9488631833368435,9.205651651610857,TR,yahoo
3449787583.0,2130326185.0,299511302.0,1327683107.0,1645631668.0,687149690.0,45196354.0,1323855339.0,699820755.0,5704421028.0,877398245.0,1455683915.0,434867866.0,442530379.0,304086170.0,SUWEN,2024,732346044.0,1804155915.0,89905190.0,0.2122872862111522,0.5229759431828762,0.9382855217553411,1.0577493788230665,2.017620324698813,0.25433399126476014,1.6045441670291585,8.104464648073101,TR,yahoo
3988587398.0,2097751924.0,174938124.0,1636323715.0,1647434310.0,912315253.0,146264537.0,1918136558.0,328228519.0,5954274367.0,789773914.0,1402341225.0,593705226.0,196068688.0,111088166.0,SUWEN,2025,1058579790.0,2341153088.0,732346044.0,0.26540217986217485,0.5869629656790085,0.8618294639840045,0.6630148660862971,1.3302458516678106,0.19800842634061794,1.2819907850568553,6.346665077282362,TR,yahoo
4040602028.0,8545298.0,2211297.0,17900685.0,3562113801.0,88761.0,,88761.0,1798053601.0,18223506.0,229781263.0,229781263.0,278403.0,229502860.0,223205157.0,SVGYO,2023,88761.0,478488227.0,,2.1967271061321163e-05,0.11842003337231409,1.0,3.136546456213878,825.3548381303362,0.05686807594702321,0.4773726815482201,12.88439625315419,TR,yahoo
4007196297.0,228031049.0,206589292.0,92488201.0,3134576399.0,441862.0,,441862.0,1323632778.0,78067889.0,-425206210.0,-425206210.0,352599.0,-425558809.0,-91604815.0,SVGYO,2024,441862.0,872619898.0,88761.0,0.00011026712126151677,0.2177632023300904,1.0,1.3290000621910472,-1205.9200678391032,-0.10611065155912924,2.465515022829777,7.60740220446123,TR,yahoo
,,,,,,586127214.0,,,,,,,,,TABGD,2021,586127214.0,,,,,,,,,,,TR,yahoo
11264005913.0,1378063671.0,279811406.0,4582751630.0,3235886518.0,1450426928.0,773872101.0,4690714906.0,1025755237.0,16612128527.0,2537281988.0,4560462462.0,562169095.0,1975112893.0,1853475399.0,TABGD,2022,2224299029.0,8028119395.0,586127214.0,0.1974696254760391,0.7127232937382071,0.6520827051981778,0.4000596681020958,4.5133786445517785,0.22525574006239427,0.30070660211624867,3.6174469733261407,TR,yahoo
21857951942.0,8277264000.0,5695848444.0,4516638061.0,13975716657.0,133956304.0,0.0,3074814801.0,5029497836.0,28858468239.0,4646574115.0,8174195022.0,735755295.0,3910818820.0,3548525027.0,TABGD,2023,133956304.0,7882235285.0,2224299029.0,0.006128492932707172,0.36061179500785273,1.0,0.6239827254532493,6.315379782621884,0.21258048912037453,1.8326161822599936,8.419020356911956,TR,yahoo
31880099000.0,11570641000.0,5524071000.0,6233746000.0,20737145000.0,28260000.0,,4801869000.0,8606560000.0,41897406000.0,4392033000.0,9570943000.0,625811000.0,3766222000.0,2502226000.0,TABGD,2024,28260000.0,11142954000.0,133956304.0,0.0008864464316751337,0.3495269572406284,1.0,7.715759570012149,7.018146053680744,0.13776723215320003,1.8561296851042697,8.10812510387265,TR,yahoo
36653371000.0,12727607000.0,3519957000.0,8228237000.0,22278142000.0,0.0,,6418727000.0,9548571000.0,47636608000.0,5078126000.0,10742899000.0,1029450000.0,4048676000.0,2627826000.0,TABGD,2025,0.0,14375229000.0,28260000.0,0.0,0.3921939130782814,,72.8556263269639,4.9328534654427125,0.13854458297983016,1.546820661582791,7.462799567870581,TR,yahoo
,,,,,,,,,,,,,,,TARKM,2021,,,,,,,,,,,,TR,yahoo
1751317202.0,1248731983.0,85298573.0,659990986.0,918428567.0,533773203.0,168073400.0,705349188.0,613514719.0,1393030068.0,337439641.0,347017135.0,98820938.0,238618703.0,420540820.0,TARKM,2022,701846603.0,832888635.0,,0.4007535597768884,0.47557840124498474,0.760526873989871,0.14080133404877362,3.414657337091862,0.1926776260831817,1.892043996794829,9.049939989598371,TR,yahoo
2391464006.0,1778047648.0,522155294.0,327768573.0,1895817993.0,254511212.0,161363385.0,418887229.0,713225516.0,1436875371.0,152165213.0,185177628.0,120363949.0,31801264.0,-250005871.0,TARKM,2023,415874597.0,495646013.0,701846603.0,0.17389958450413742,0.20725631318575655,0.6119902822532822,0.21537383204326804,1.264209211015501,0.06362847720819931,5.424704485014797,12.644275437908735,TR,yahoo
3237656551.0,1741005795.0,261913122.0,383599323.0,2703799193.0,207023142.0,130892328.0,343702551.0,1066110475.0,1839371418.0,-106883572.0,-59122450.0,87958515.0,-194842087.0,132552991.0,TARKM,2024,337915470.0,533857358.0,415874597.0,0.104370387864528,0.16489005229264048,0.6126477192654127,0.2333766889501875,-1.2151588962137434,-0.03301263439044742,4.538604972981144,12.169820946348125,TR,yahoo
3883451265.0,1409556670.0,11348906.0,1123246424.0,2708808976.0,811834591.0,34333622.0,858412826.0,969004517.0,2039743599.0,54007609.0,104902882.0,117745402.0,-63737793.0,-97105958.0,TARKM,2025,846168213.0,1174642289.0,337915470.0,0.21789077685258398,0.30247380714844635,0.9594245902026102,0.19888020363844502,0.4586812570396592,0.013907116457659473,1.254895310487986,7.06191154735896,TR,yahoo
,,,,,,,,,,,,,,,TATEN,2021,,,,,,,,,,,,TR,yahoo
5143342528.0,402788187.0,226153575.0,403502186.0,1524825753.0,310381069.0,1948932913.0,2292464161.0,607510946.0,1240175432.0,854082326.0,1002763871.0,84632103.0,769450223.0,581871961.0,TATEN,2022,2259313982.0,3618516775.0,,0.43926959359608103,0.7035340841682322,0.13737845712141483,0.0374592038442933,10.091706287861003,0.16605589096009746,0.9982304953361517,5.192508028768997,TR,yahoo
8818888986.0,1282795502.0,669795711.0,703339518.0,2737232322.0,542649069.0,3090229337.0,3684691316.0,1099862221.0,1352064479.0,694728408.0,918495842.0,181527200.0,513201208.0,591864456.0,TATEN,2023,3632878406.0,6081656664.0,2259313982.0,0.4119428662462131,0.6896171018429463,0.14937165749995102,0.0616161822447268,3.8271311847480707,0.07877731640605551,1.8238638227633328,5.089576765070821,TR,yahoo
11625628201.0,384299385.0,176116861.0,926021211.0,4734318045.0,783173510.0,4051319553.0,4894307425.0,2564002459.0,1964164878.0,1472183556.0,1815918471.0,290556040.0,1181627516.0,1490823427.0,TATEN,2024,4834493063.0,6891310156.0,3632878406.0,0.4158478990910919,0.5927688411201066,0.16199702839453634,0.06862957201387901,5.066780081391528,0.1266326026040784,0.41500062896507456,5.235626197966653,TR,yahoo
15287185403.0,478118638.0,282695458.0,1806645644.0,5358367758.0,1359007976.0,5462637629.0,6915750572.0,2119592643.0,2668898896.0,453135793.0,1027061545.0,499904692.0,-46768899.0,-80289793.0,TATEN,2025,6821645605.0,9928817645.0,4834493063.0,0.4462329346552768,0.6494863104788107,0.1992199616766811,0.08577535086681932,0.9064443687998032,0.02964154493155263,0.2646443919912388,3.897763339055124,TR,yahoo
,,,,,,,,,,,,,,,TATGD,2021,,,,,,,,,,,,TR,yahoo
8206506284.0,6776211589.0,473973523.0,5119653436.0,2603372739.0,3825848954.0,246794154.0,4135362832.0,-389816829.0,5248584498.0,558876393.0,698172599.0,624303029.0,-65426636.0,-149356740.0,TATGD,2022,4072643108.0,5603133545.0,,0.49627002856749414,0.6827672277451704,0.9394019688307046,0.15329185800092945,0.8952005148768868,0.06810162250038436,1.3235684160477617,5.364845053779264,TR,yahoo
9539944897.0,7111233872.0,133825470.0,4641068748.0,3402959483.0,3067739132.0,1248891357.0,4458622104.0,-687761924.0,8304211377.0,1042965258.0,1322930540.0,1131857517.0,-88892259.0,-124518654.0,TATGD,2023,4316630489.0,6136985414.0,4072643108.0,0.4524796039815113,0.643293591342428,0.7106791141417989,0.26983445084083363,0.9214633841584496,0.10932613020940807,1.532240580375906,6.030446043138835,TR,yahoo
10077426187.0,6781428508.0,153966211.0,5035286320.0,4040596759.0,3496622415.0,678446472.0,4312560739.0,-530593611.0,8289075529.0,843840247.0,1199475618.0,1278998146.0,-435157899.0,-530593611.0,TATGD,2024,4175068887.0,6036829428.0,4316630489.0,0.41429912852012635,0.5990447675803949,0.8375005322397211,0.3012349093786384,0.6597665912488352,0.08373569117167676,1.3467811117442077,5.480518327611041,TR,yahoo
10789085117.0,7408928017.0,729312394.0,5270671526.0,4295088691.0,3510251445.0,857900082.0,4509749354.0,-398434427.0,8190096288.0,1089013376.0,1394305573.0,895506297.0,193507079.0,132159184.0,TATGD,2025,4368151527.0,6493996426.0,4175068887.0,0.4048676490759397,0.601904272287891,0.8036011166972505,0.2096413889854721,1.2160867876063635,0.10093658212818046,1.4056895749340612,5.802474204131335,TR,yahoo
,,,,,,,,,,,,,,,TAVHL,2021,,,,,,,,,,,,TR,yahoo
4277733000.0,752332000.0,258015000.0,731227000.0,1204660000.0,381857000.0,1395293000.0,1835636000.0,725838000.0,1051358000.0,283481000.0,379049000.0,126163000.0,157318000.0,122201000.0,TAVHL,2022,1777150000.0,3073073000.0,,0.41544201099040073,0.7183882210507294,0.21487043862363897,0.07099175646400135,2.2469424474687507,0.06626897938697904,1.0288624462718143,4.692448696104985,TR,yahoo
4753098000.0,1031672000.0,538911000.0,888221000.0,1411217000.0,526056000.0,1634183000.0,2229077000.0,986349000.0,1309687000.0,450768000.0,588441000.0,160246000.0,290522000.0,249149000.0,TAVHL,2023,2160239000.0,3341881000.0,1777150000.0,0.45449073425374353,0.7030953285625502,0.24351749968406275,0.0813970882734726,2.8129750508593037,0.0948366728394828,1.1615037248612676,5.2051887173632805,TR,yahoo
4863099000.0,851096000.0,352571000.0,808578000.0,1607672000.0,459466000.0,1562599000.0,2145397000.0,1157653000.0,1660000000.0,409848000.0,615518000.0,170005000.0,239843000.0,182994000.0,TAVHL,2024,2022065000.0,3255427000.0,2160239000.0,0.4157976220512887,0.6694140917139462,0.22722612774564616,0.08129729450561221,2.4107996823622835,0.08427712452491713,1.0525836715814678,5.168269931128813,TR,yahoo
5013375000.0,934823000.0,477315000.0,1205252000.0,1582443000.0,738209000.0,1187157000.0,2093048000.0,1214462000.0,1823179000.0,307812000.0,505398000.0,179456000.0,128356000.0,50659000.0,TAVHL,2025,1925366000.0,3430932000.0,2022065000.0,0.3840458772782806,0.684355748373102,0.3834122966750218,0.09092293190178626,1.7152505349500713,0.061398159922208095,0.7756245166985826,4.582745819242635,TR,yahoo
,,,,,,,,,,,,,,,TBORG,2021,,,,,,,,,,,,TR,yahoo
16877752000.0,9793949000.0,3577322000.0,7263937000.0,9275286000.0,1408275000.0,,1625154000.0,766751000.0,15141710000.0,1294690000.0,3090862000.0,229918000.0,1064772000.0,1026436000.0,TBORG,2022,1408275000.0,7602466000.0,,0.08343972585922581,0.4504430447846372,1.0,0.16326214695283237,5.631094564148958,0.07670986041269003,1.348297624277303,6.17798773844491,TR,yahoo
27843858000.0,16611425000.0,7263631000.0,12584949000.0,14816522000.0,3244859000.0,,3700789000.0,2596201000.0,24751075000.0,3118069000.0,6476874000.0,240413000.0,2877656000.0,1489175000.0,TBORG,2023,3244859000.0,13027336000.0,1408275000.0,0.1165376938784848,0.46787108309487857,1.0,0.10333379610387322,12.969635585430073,0.11198408640067048,1.3199437677498733,6.449343920980738,TR,yahoo
38242924000.0,22960104000.0,9472239000.0,14378668000.0,22964920000.0,1121620000.0,,1825541000.0,6844274000.0,39462074000.0,8034650000.0,12234699000.0,294185000.0,7740465000.0,5176796000.0,TBORG,2024,1121620000.0,15278004000.0,3244859000.0,0.029328824333620516,0.39949884585184964,1.0,0.13474701240976997,27.31155565375529,0.2100950753660991,1.5968171738856478,8.295585393219305,TR,yahoo
47331309000.0,26619873000.0,7717587000.0,19990027000.0,23586866000.0,4809454000.0,,5994002000.0,7169002000.0,40911464000.0,7150328000.0,11706309000.0,999982000.0,6150346000.0,3376019000.0,TBORG,2025,4809454000.0,23744443000.0,1121620000.0,0.10161252882315171,0.5016646169663298,1.0,0.3372009858585477,7.150456708220748,0.15106972849620534,1.331657681102682,6.720873818783926,TR,yahoo
151297963000.0,48565855000.0,30601235000.0,28263842000.0,65365521000.0,13068233000.0,42573604000.0,60415291000.0,44636363000.0,108599644000.0,10134559000.0,44004548000.0,2817322000.0,7317237000.0,7135436000.0,TCELL,2021,55641837000.0,85932442000.0,,0.36776329235840405,0.5679682680195767,0.234863435583552,0.050633159361722725,3.597231342388268,0.06698410738021635,1.7183033714949298,6.340860422181191,TR,yahoo
234989180000.0,77312584000.0,42776160000.0,48476004000.0,109371518000.0,26113163000.0,57590029000.0,88737385000.0,77386263000.0,134975159000.0,10858945000.0,61673064000.0,6164873000.0,4694072000.0,9933888000.0,TCELL,2022,83703192000.0,125617662000.0,55641837000.0,0.3562001961111571,0.5345678554221093,0.31197332355019386,0.08848357267197526,1.7614223358696928,0.04621040424073994,1.5948629759169093,6.35332246051713,TR,yahoo
356735869000.0,148054985000.0,72158656000.0,83346570000.0,176499900000.0,36622767000.0,81272060000.0,121399748000.0,125781534000.0,202428953000.0,22156028000.0,85402485000.0,11031337000.0,11124691000.0,23724634000.0,TCELL,2023,117894827000.0,180235969000.0,83703192000.0,0.3304821220542866,0.5052364639004103,0.31063930396199657,0.1094389424531002,2.0084626188103942,0.062107654220775875,1.7763776601724581,7.034962103853203,TR,yahoo
450630372000.0,148814938000.0,90229753000.0,118894734000.0,244724846000.0,66572103000.0,63688978000.0,136573395000.0,186452065000.0,218160030000.0,35877312000.0,97954524000.0,14996147000.0,20881165000.0,30790359000.0,TCELL,2024,130261081000.0,205905526000.0,117894827000.0,0.2890641401330135,0.45692775896605564,0.5110667168499853,0.12086068891819413,2.3924353368902027,0.07961583201941834,1.2516528949044958,6.817386701657991,TR,yahoo
,,,,,,,,,,,,,,,TCELL,2025,,,130261081000.0,,,,,,,,,TR,yahoo
,,,,,,,,,,,,,,,TCKRC,2021,,,,,,,,,,,,TR,yahoo
1207576056.0,663249850.0,240386121.0,437317978.0,685598526.0,277203150.0,31729713.0,310633056.0,215270747.0,862005772.0,160190182.0,170260095.0,55526542.0,104663640.0,68507386.0,TCKRC,2022,308932863.0,521977530.0,,0.2558289073926454,0.43225230196184017,0.8972925292185571,0.17973659862790317,2.884929913337661,0.13265432119498732,1.5166306517588444,7.3290692772869654,TR,yahoo
2460520212.0,1096379705.0,89394656.0,629518890.0,1419779780.0,292354602.0,38428101.0,331439222.0,359427312.0,1454295116.0,552505955.0,572613758.0,98990847.0,453515108.0,211036757.0,TCKRC,2023,330782703.0,1040740432.0,308932863.0,0.1344360844453815,0.42297577029617184,0.8838267519689504,0.3094839402422795,5.58138425666769,0.22454843179317074,1.7416152595516237,7.912289656923854,TR,yahoo
4975042086.0,3014199059.0,923618252.0,653808001.0,3988702506.0,501701112.0,29851050.0,531552162.0,1034575189.0,2160791663.0,642188930.0,667326587.0,144244842.0,497944088.0,564113425.0,TCKRC,2024,531552162.0,986339580.0,330782703.0,0.10684375183394178,0.19825753490118314,0.9438417296852233,0.33454484529046613,4.452075520315659,0.12908211004026468,4.610220514875589,12.153869155891972,TR,yahoo
7510738774.0,4280308846.0,724227445.0,567994065.0,5159109206.0,286992053.0,844106182.0,1131947535.0,2193169590.0,2988208362.0,1613425357.0,1637105983.0,97153205.0,1516272152.0,1222117546.0,TCKRC,2025,1131098235.0,2351629568.0,531552162.0,0.1505974670448577,0.3131022977580661,0.2537286719397984,0.11686546393071953,16.607021425592702,0.21481579982320925,7.5358337520657015,11.19142884180524,TR,yahoo
,,,,,,2091885.0,,,,,,,,,TDGYO,2021,2091885.0,,,,,,,,,,,TR,yahoo
361103081.0,357200299.0,136609526.0,91827864.0,268395114.0,1335705.0,574385.0,4306286.0,24655038.0,150282694.0,-30913836.0,-30013943.0,3269169.0,-34183005.0,-34183005.0,TDGYO,2022,1910090.0,92707967.0,2091885.0,0.005289597626003086,0.25673546385498713,0.6992890387363946,1.6337778222002886,-9.456175560211173,-0.0856094495632398,3.8898900991533463,10.75800408315908,TR,yahoo
340223112.0,330632922.0,26920096.0,44366901.0,295594038.0,361227.0,142066.0,2265655.0,-146871646.0,129438254.0,-115826081.0,-114044485.0,2232894.0,-118058975.0,-118058975.0,TDGYO,2023,503293.0,44629074.0,1910090.0,0.0014793027935150979,0.1311759031820272,0.7177270496509985,1.8504265589009288,-51.87262852602945,-0.3404415423723477,7.452242878086076,12.029063604120049,TR,yahoo
397208292.0,386444114.0,41337215.0,2395296.0,378560697.0,218039.0,0.0,2895054.0,-200592640.0,80023285.0,6481287.0,9474973.0,579645.0,5901642.0,-8348923.0,TDGYO,2024,218039.0,18647595.0,503293.0,0.0005489286210570851,0.04694664078160785,1.0,1.6071517692269301,11.181476593432187,0.016317098939112783,161.33459664275313,29.37181608338979,TR,yahoo
414461261.0,409187223.0,4287273.0,1297626.0,391674599.0,633.0,,1604972.0,-187482080.0,26789686.0,19907216.0,22464473.0,353283.0,19553933.0,13110560.0,TDGYO,2025,633.0,22786662.0,218039.0,1.5272838732206627e-06,0.05497899114870473,1.0,3.231168142240433,56.34920446214508,0.04803154811614589,315.33525299277295,26.602296225968942,TR,yahoo
,,,,,,,,,,,,,,,TEHOL,2021,,,,,,,,,,,,TR,yahoo
953172390.0,35703073.0,2441527.0,6678393.0,936470248.0,0.0,,9341241.0,-743882838.0,18457286.0,547565240.0,547565240.0,322082.0,547243158.0,547243158.0,TEHOL,2022,0.0,16702142.0,,0.0,0.01752268758015536,,inf,1700.0802280164678,0.57446611520084,5.346057502156581,63.6382863126769,TR,yahoo
2214292305.0,61806094.0,373628.0,65773227.0,1960035366.0,10137592.0,,230343122.0,-413649273.0,52817457.0,679982559.0,681356354.0,19622932.0,660359627.0,660359627.0,TEHOL,2023,10137592.0,254256939.0,0.0,0.004578253727888017,0.11482537261493125,1.0,3.8713201320392456,34.65244434419892,0.3070879835803792,0.9396846835567305,12.787202091826915,TR,yahoo
4461636863.0,211193794.0,3105423.0,359406066.0,3445385884.0,42931796.0,,427153148.0,271105976.0,40408959.0,1275380294.0,1276849325.0,130237560.0,1145142734.0,812541143.0,TEHOL,2024,42931796.0,1016250979.0,10137592.0,0.009622431703492047,0.22777536814519547,1.0,4.908199054415325,9.792722575576509,0.2858547957088636,0.5876188912181577,8.710920713196238,TR,yahoo
11414711365.0,5649613362.0,1337997304.0,2150021322.0,8092140120.0,453073428.0,,730502668.0,1117001499.0,3985391116.0,3677444469.0,5705887703.0,714832187.0,2962612282.0,2788423493.0,TEHOL,2025,453073428.0,3322571245.0,42931796.0,0.039692061718636366,0.29107799038946613,1.0,2.8823574930735005,5.1444864065697145,0.32216710098126955,2.627701085654629,10.302460052004061,TR,yahoo
,,,,,,,,,,,,,,,TEKTU,2021,,,,,,,,,,,,TR,yahoo
5121018569.0,640939411.0,413483651.0,357238003.0,3548841537.0,312378493.0,490517716.0,802896209.0,602955576.0,87118565.0,213408998.0,237278661.0,97402657.0,116006341.0,188904146.0,TEKTU,2022,802896209.0,1572177032.0,,0.1567844752331731,0.3070047512651384,0.38906460075215027,0.12131413239740431,2.1909977055348704,0.04167315449544897,1.79415237353681,6.647442997265117,TR,yahoo
6818545209.0,162459653.0,18091312.0,513989029.0,5128556861.0,455759398.0,0.0,455759398.0,948375571.0,124843440.0,232451640.0,273869834.0,65193725.0,167257915.0,46700795.0,TEKTU,2023,455759398.0,1689988348.0,802896209.0,0.06684114925254579,0.24785174787274775,1.0,0.10359263429555436,3.565552359525399,0.03409109023625453,0.3160761102548747,6.780721278786402,TR,yahoo
8099987805.0,132683942.0,44693335.0,619761302.0,6084395640.0,528736594.0,0.0,528736594.0,727303157.0,120889684.0,-578732830.0,-525318122.0,40638519.0,-619371349.0,-514044596.0,TEKTU,2024,528736594.0,2015592165.0,455759398.0,0.06527622099302655,0.2488389135296976,1.0,0.08255700242606981,-14.240992148360524,-0.07144860510070854,0.21408878155480576,5.837707034193683,TR,yahoo
6702995584.0,125236262.0,17916095.0,154896503.0,5395887904.0,0.0,0.0,0.0,50681818.0,123157276.0,-874819737.0,-828715306.0,44969178.0,-919788915.0,-676621339.0,TEKTU,2025,0.0,1307107680.0,528736594.0,0.0,0.19500351202976415,,0.17010049431153992,-19.453763130827074,-0.13051175792032269,0.8085157480927765,6.703100985297018,TR,yahoo
,,,,,,,,,,,,,,,TERA,2021,,,,,,,,,,,,TR,yahoo
1847982273.0,1756255233.0,291623108.0,1298586529.0,544154936.0,404454903.0,,409610063.0,-164799022.0,2591549942.0,79095972.0,97941266.0,74702876.0,4393096.0,-5654218.0,TERA,2022,404454903.0,1303827337.0,,0.21886297769697274,0.7055410411937431,1.0,0.18470013701379212,1.0588075886127866,0.04280126122183857,1.3524360477945478,5.3097648096813606,TR,yahoo
3706537204.0,3564524151.0,1609490003.0,2824605971.0,876328999.0,1317998306.0,,1324091314.0,450193734.0,6342578707.0,887785225.0,916048036.0,412789944.0,474995281.0,374630888.0,TERA,2023,1317998306.0,2830208205.0,404454903.0,0.3555875021509699,0.763572048311214,1.0,0.4793046822324449,2.1506948943504303,0.23951876809490133,1.2619544770480131,6.890180758820602,TR,yahoo
10386052212.0,10153604626.0,769694223.0,8614183191.0,1765172221.0,5108960198.0,,5115998547.0,993597680.0,8169743946.0,2214863076.0,2266812127.0,1635757112.0,579105964.0,531737141.0,TERA,2024,5108960198.0,8620879991.0,1317998306.0,0.4919058843260127,0.8300439681055591,1.0,0.5090299279144063,1.3540293114128303,0.21325360500700707,1.1787077661185996,6.182254066154018,TR,yahoo
130702392236.0,130035701159.0,11298105440.0,92694358124.0,30304859721.0,17010237539.0,,17096837064.0,37964789462.0,414030822891.0,68347023510.0,68447357540.0,16266482842.0,52080540668.0,37334827156.0,TERA,2025,17010237539.0,100397532515.0,5108960198.0,0.13014480644153648,0.7681384464158799,1.0,1.4708022447658813,4.201708763588908,0.5229209836235488,1.402843752206012,9.902069367993075,TR,yahoo
,,,,,,,,,,,,,,,TEZOL,2021,,,,,,,,,,,,TR,yahoo
4192576194.0,2322227589.0,480798238.0,739567063.0,3067684389.0,314433761.0,328353764.0,653962854.0,2274238101.0,4247537627.0,624871702.0,700757745.0,106380884.0,518490818.0,681425270.0,TEZOL,2022,642787525.0,1124891805.0,,0.15331564538287792,0.26830563189521367,0.4891721584049099,0.16549929776561859,5.873909658430739,0.14904242000282655,3.139982437265463,11.359722346561865,TR,yahoo
6004465696.0,2835236116.0,611928924.0,1056859895.0,4504375410.0,129086826.0,347070312.0,503122955.0,2840802478.0,5266550776.0,447268219.0,565783674.0,44443239.0,402824980.0,37850548.0,TEZOL,2023,476157138.0,1500090286.0,642787525.0,0.07930050101163906,0.24982910419478563,0.2711013144572454,0.07943777823801104,10.06380788312931,0.07448926210003282,2.6826981792132436,10.388707512561528,TR,yahoo
7668619000.0,3596665000.0,675688000.0,1221027000.0,5976334000.0,554952000.0,230508000.0,829735000.0,3777541000.0,6593663000.0,619290000.0,841819000.0,264626000.0,354664000.0,190720000.0,TEZOL,2024,785460000.0,1692285000.0,476157138.0,0.10242522154249677,0.22067663030331797,0.7065312046444122,0.4195028618896266,2.3402462343080424,0.08075639173102746,2.945606444411139,11.138845776434449,TR,yahoo
7599137000.0,3869111000.0,1415684000.0,1185593000.0,6041145000.0,99169000.0,146772000.0,279069000.0,3874832000.0,5587470000.0,432481000.0,671744000.0,43599000.0,388882000.0,183154000.0,TEZOL,2025,245941000.0,1557992000.0,785460000.0,0.0323643329499126,0.2050222281819633,0.40322272414928784,0.08454325718125152,9.91951650267208,0.05691185722799839,3.263439477122419,11.682694132120002,TR,yahoo
,,,,,137477.0,592421.0,,,,,,,,,TGSAS,2021,729898.0,,,,,0.1883509750677492,,,,,,TR,yahoo
6835196685.0,6805162783.0,48188951.0,6671585887.0,147008437.0,0.0,365140.0,365140.0,85904606.0,102475901.0,31790983.0,32384471.0,988555.0,30802428.0,7493899.0,TGSAS,2022,365140.0,6688188248.0,729898.0,5.342055493462366e-05,0.9784924349985987,0.0,1.8055172514561137,32.15904324999621,0.0046510706955611185,1.0200217606821615,3.4735049909430633,TR,yahoo
8486329514.0,8442286579.0,27664100.0,8294266648.0,180766856.0,0.0,,491583.0,104599310.0,176683660.0,56676237.0,57073590.0,2089009.0,54587228.0,34087832.0,TGSAS,2023,0.0,8305562658.0,365140.0,0.0,0.9786990529059958,,11.442235854740648,27.130681102857864,0.006678533623576663,1.0178460540614152,3.4723346420305004,TR,yahoo
27182715838.0,27116810973.0,131525619.0,26873936663.0,296297614.0,,2742419.0,4842182.0,167955126.0,207676851.0,145487253.0,147757858.0,4828629.0,140658624.0,116901846.0,TGSAS,2024,2742419.0,26886418224.0,0.0,0.00010088833714570357,0.9890997788533774,,3.5214378255109815,30.13013693949152,0.005352197104478299,1.0090375412075145,3.376293656852143,TR,yahoo
15999195106.0,15956202944.0,63251891.0,15669145977.0,323997614.0,,794876.0,2421642.0,192999284.0,236340581.0,106246023.0,109186002.0,6743138.0,99502885.0,90396062.0,TGSAS,2025,794876.0,15675197492.0,2742419.0,4.968224930902346e-05,0.9797491303872846,,3.812595782935831,15.756169160411666,0.006640710504252538,1.0183198859351592,3.4733533504623524,TR,yahoo
,,,,,,,,,,,,,,,THYAO,2021,,,,,,,,,,,,TR,yahoo
30954854794.872345,7227887516.853211,4076444025.937895,8241487790.784771,9706486613.7351,2162989278.147538,1117448156.312196,14070184261.775846,3570901192.030304,16648244055.899158,3115008453.356732,4771063838.894001,364831895.906007,2750176557.450724,2537558584.972286,THYAO,2022,3280437434.459734,21248368181.137245,,0.10597489331473578,0.686430878837688,0.6593600156571094,0.11121440454056164,8.538202082416783,0.10063069182520383,0.8770124642949884,4.567154244219771,TR,yahoo
35632000000.0,8556000000.0,683000000.0,9048000000.0,15558000000.0,1963000000.0,472000000.0,14247000000.0,14118000000.0,20942000000.0,4215000000.0,6250000000.0,574000000.0,3641000000.0,6021000000.0,THYAO,2023,2435000000.0,20074000000.0,3280437434.459734,0.06833744948361024,0.5633700044903458,0.8061601642710472,0.20085951655746145,7.343205574912892,0.118292546026044,0.9456233421750663,6.059797694757506,TR,yahoo
39674000000.0,9693000000.0,2721000000.0,9606000000.0,19310000000.0,1862000000.0,33000000.0,13861000000.0,17537000000.0,22669000000.0,4300000000.0,6503000000.0,653000000.0,3647000000.0,3425000000.0,THYAO,2024,1895000000.0,20364000000.0,2435000000.0,0.047764278872813426,0.5132832585572416,0.9825857519788919,0.30161662817551965,6.584992343032159,0.10838332409134446,1.0090568394753279,6.429385002353745,TR,yahoo
46603000000.0,10186000000.0,2008000000.0,10299000000.0,21312000000.0,1777000000.0,1141000000.0,17804000000.0,20195000000.0,24096000000.0,3959000000.0,6354000000.0,557000000.0,3402000000.0,2910000000.0,THYAO,2025,2918000000.0,25291000000.0,1895000000.0,0.06261399480720126,0.5426903847391799,0.6089787525702536,0.23145647205485145,7.1077199281867145,0.08495161255713152,0.9890280609767939,6.102465751498936,TR,yahoo
,,,,,,,,,,,,,,,TKFEN,2021,,,,,,,,,,,,TR,yahoo
61650713000.0,37041500000.0,6840561000.0,30138030000.0,24979913000.0,4338383000.0,3254142000.0,7779763000.0,13817867000.0,54992324000.0,2478197000.0,4144024000.0,791022000.0,1687175000.0,1388942000.0,TKFEN,2022,7592525000.0,36670800000.0,,0.12315388793638121,0.5948155052156493,0.5714018722361797,0.1041843128603462,3.1329052794991794,0.04019737776593111,1.2290617535386354,5.700618306899786,TR,yahoo
76156764000.0,39573902000.0,9518890000.0,39617631000.0,31319933000.0,9696572000.0,2868925000.0,13255067000.0,16222571000.0,62279333000.0,-997611000.0,1165474000.0,1496185000.0,-2493796000.0,-1608609000.0,TKFEN,2023,12565497000.0,44836831000.0,7592525000.0,0.16499515394325315,0.5887439098646576,0.77168232979563,0.14844561634073025,-0.6667698179035346,-0.013099440517194244,0.9988962237545198,4.586093488074438,TR,yahoo
86223537000.0,38257983000.0,12356731000.0,35517957000.0,39877398000.0,8989214000.0,7920675000.0,17217201000.0,20407884000.0,76165900000.0,2264647000.0,5169400000.0,1811457000.0,453190000.0,528923000.0,TKFEN,2024,16909889000.0,46346139000.0,12565497000.0,0.1961168561201566,0.5375114569934657,0.5315950920789604,0.12291319950822696,1.2501798276194245,0.026264835319850077,1.0771448087512465,5.310006806636579,TR,yahoo
72194888000.0,27012127000.0,8254958000.0,36089961000.0,32385652000.0,13045387000.0,1045600000.0,14275549000.0,14253751000.0,53909396000.0,-2223098000.0,559671000.0,1704446000.0,-3927544000.0,-5721464000.0,TKFEN,2025,14090987000.0,39809236000.0,16909889000.0,0.19517984431252253,0.5514135017426719,0.9257965393055859,0.10996115077522325,-1.304293594516928,-0.03079301127248788,0.7484665056856116,3.7160452387340905,TR,yahoo
,,,,,,,,,,,,,,,TKNSA,2021,,,,,,,,,,,,TR,yahoo
6297548000.0,5438562000.0,1604179000.0,5204062000.0,761219000.0,202260000.0,,619959000.0,340633000.0,32712046000.0,1401781000.0,2074782000.0,742832000.0,658949000.0,522865000.0,TKNSA,2022,202260000.0,5536329000.0,,0.03211726214710869,0.8791245418057949,1.0,3.6726589538218133,1.8870767549055507,0.2225915546812823,1.0450609543083844,5.3107908117915885,TR,yahoo
14690228000.0,12426790000.0,2738844000.0,11544511000.0,2567274000.0,542369000.0,,1270126000.0,-95323000.0,68322440000.0,3541932000.0,4691921000.0,2021658000.0,1520274000.0,1079236000.0,TKNSA,2023,542369000.0,12122954000.0,202260000.0,0.03692039361131767,0.825239335972185,1.0,5.429973852750833,1.7519936606488338,0.24110803453833393,1.0764241118571414,5.465436840958689,TR,yahoo
18176035000.0,14603831000.0,2556599000.0,15343926000.0,2274530000.0,390860000.0,,1220891000.0,-1581551000.0,90886100000.0,3910403000.0,5726238000.0,6115795000.0,-2205392000.0,-1858498000.0,TKNSA,2024,390860000.0,15901505000.0,542369000.0,0.021504139929308014,0.8748610464273424,1.0,13.106740146309212,0.6393940607884993,0.2151405958450234,0.9517662559112967,4.295161841646159,TR,yahoo
22280325000.0,16918803000.0,2474005000.0,20384146000.0,721924000.0,5184951000.0,,6137948000.0,-4215247000.0,83519253000.0,2739478000.0,4853142000.0,5365610000.0,-2626132000.0,-2250985000.0,TKNSA,2025,5184951000.0,21558401000.0,390860000.0,0.23271433428372343,0.9675981387165582,1.0,1.924602537639816,0.5105622659865328,0.12295502870806418,0.8299981269757389,2.4743533613619535,TR,yahoo
188134639.0,146735121.0,3961659.0,30967107.0,139544112.0,,,,96707527.0,93308590.0,79410907.0,86185753.0,213840.0,79197067.0,61642899.0,TLMAN,2021,,48590527.0,,,0.2582752823099206,,,371.3566545080434,0.42209615104425297,4.738418768017303,14.814339198617468,TR,yahoo
833786626.0,363731347.0,62005551.0,106260425.0,652102876.0,0.0,,0.0,338326942.0,413251744.0,272249705.0,310913811.0,206398.0,272043307.0,212732934.0,TLMAN,2022,0.0,181683750.0,,0.0,0.21790197196086952,,inf,1319.0520499229644,0.32652203394780765,3.4230179956460742,12.561433306311336,TR,yahoo
1491209816.0,751770905.0,8913268.0,142890961.0,1164908557.0,36194131.0,144776526.0,180970657.0,689333222.0,637850883.0,207760867.0,279196883.0,5390035.0,202370832.0,230053773.0,TLMAN,2023,180970657.0,326301259.0,0.0,0.12135827906862437,0.21881646398711743,0.19999999778969693,0.05956805472613165,38.545365104308225,0.13932369863101812,5.261150878535977,12.120310734467093,TR,yahoo
1551617555.0,489966669.0,1094565.0,115770594.0,1276641436.0,0.0,113109343.0,113109343.0,806552677.0,591561573.0,186665782.0,282944292.0,12331505.0,174334277.0,117219455.0,TLMAN,2024,113109343.0,274976119.0,180970657.0,0.07289769481887565,0.17721900484684835,0.0,0.08386496871599565,15.137307408949678,0.12030398947116837,4.2322203944120735,12.209952577248137,TR,yahoo
,,,,,,,,,,,,,,,TMPOL,2021,,,,,,,,,,,,TR,yahoo
1103701054.0,672493683.0,118563909.0,412309783.0,443366197.0,244800113.0,55782988.0,434861700.0,139488223.0,650315978.0,92212113.0,107519786.0,52897635.0,39314478.0,32599684.0,TMPOL,2022,300583101.0,660334857.0,,0.2723410473430607,0.5982914074484521,0.8144174179638928,0.1759833963520125,1.743218066365349,0.08354808819454113,1.6310398412254021,6.474885942461956,TR,yahoo
1889371769.0,1170651297.0,142916104.0,776896827.0,671696042.0,545702757.0,232800361.0,885520732.0,226960556.0,1095172802.0,-35064594.0,-9768795.0,353746.0,-35418340.0,27465093.0,TMPOL,2023,778503118.0,1217675727.0,300583101.0,0.41204337376759015,0.6444870972346999,0.700964125104506,0.0006556399178701772,-99.12364804124994,-0.018558864155442983,1.5068298084322076,5.4632306695510895,TR,yahoo
2295901198.0,1072801892.0,119032918.0,919533895.0,886138639.0,507044713.0,329368910.0,959075615.0,342639394.0,1084780403.0,166725798.0,249892607.0,128124506.0,38601292.0,46618744.0,TMPOL,2024,836413623.0,1409762559.0,778503118.0,0.364307324604654,0.6140345064622419,0.6062128820682778,0.15867629921361995,1.3012795382016926,0.07261889063224401,1.1666800950279272,5.322449092567529,TR,yahoo
2198172383.0,1047027439.0,28846794.0,1011178238.0,834886202.0,328935006.0,308401134.0,700848548.0,288792664.0,1260512358.0,129005049.0,219313172.0,226380709.0,-97375660.0,-54079797.0,TMPOL,2025,637336140.0,1363286181.0,836413623.0,0.289939108019446,0.6201907509816986,0.5161091382641505,0.3072172965635279,0.569858843405248,0.058687412323840484,1.0354529000455013,4.822685610587951,TR,yahoo
,,,,,,,,,,,,,,,TMSN,2021,,,,,,,,,,,,TR,yahoo
7339809938.0,3903638799.0,645245300.0,2620542490.0,4192092250.0,838364094.0,44227060.0,897061970.0,2800160238.0,6946528473.0,885484206.0,1105729037.0,166226789.0,719257417.0,387206712.0,TMSN,2022,882591154.0,3147717688.0,,0.12024714011061903,0.42885547644816957,0.9498895272181711,0.18833951399426785,5.326964512320575,0.12064129909081578,1.489630034199522,7.8495620710475045,TR,yahoo
12281596543.0,7181319648.0,428265784.0,4245846548.0,7013344702.0,1939898820.0,103501155.0,2064508452.0,5013859288.0,11528224121.0,2018738342.0,2397577474.0,232688949.0,1786049393.0,971022339.0,TMSN,2023,2043399975.0,5268251841.0,882591154.0,0.16637901822012327,0.4289549670969028,0.9493485581548957,0.15904966128829298,8.675694959626123,0.1643710029825558,1.6913752220703195,8.651181948735939,TR,yahoo
16299420337.0,9601671184.0,211296164.0,6511594981.0,8576339325.0,4860422311.0,55241044.0,4942098617.0,5962826898.0,9138246261.0,1091551153.0,1593214200.0,1644252111.0,-552700958.0,-596915131.0,TMSN,2024,4915663355.0,7723081012.0,2043399975.0,0.3015851639730616,0.4738255012951876,0.9887622402083717,0.4725498340880884,0.6638587511596025,0.06696870995603185,1.474549816445348,7.302300914983473,TR,yahoo
24462719720.0,7307905699.0,168988009.0,2330742103.0,14819366913.0,353648795.0,4958556361.0,6254494651.0,10487971775.0,3454240450.0,7921346074.0,8495462805.0,2804424739.0,5116921335.0,4525144877.0,TMSN,2025,5312205156.0,9643352807.0,4915663355.0,0.21715513306792691,0.3942060783664982,0.06657287973913484,0.5483888917781571,2.824588573849405,0.3238129760168793,3.1354415787116365,9.771965648630637,TR,yahoo
,,,,,,,,,,,,,,,TNZTP,2021,,,,,,,,,,,,TR,yahoo
2227548054.0,506877339.0,191671206.0,228597300.0,1786467282.0,16998445.0,0.0,51072049.0,1237989485.0,1074787034.0,329890449.0,406407134.0,32169615.0,297720834.0,266132456.0,TNZTP,2022,16998445.0,441080772.0,,0.007631011582208498,0.19801178753829926,1.0,1.8925034025171126,10.254721699342687,0.14809577212380085,2.2173373832499332,11.12922520041506,TR,yahoo
6420517250.0,1055494576.0,654785985.0,789132272.0,4484680796.0,165389962.0,234456583.0,1070942020.0,2916755422.0,1895911637.0,1479439104.0,1679392570.0,102871680.0,1376567424.0,1187830242.0,TNZTP,2023,399846545.0,1935836454.0,16998445.0,0.062276375785767106,0.30150786589663003,0.4136335903565204,0.49357282667593055,14.381403161686482,0.23042366314022442,1.3375382219826386,8.984066681302156,TR,yahoo
9149425108.0,1014124779.0,375558257.0,782711379.0,7168822813.0,171240032.0,145093344.0,660672231.0,5467897752.0,2864076339.0,2752336962.0,3486290823.0,451562976.0,2300773986.0,1649012698.0,TNZTP,2024,316333376.0,1980602295.0,399846545.0,0.03457412594408877,0.21647286814427466,0.5413277415279758,1.2610322148364168,6.095134252104849,0.3008207542562903,1.295656107996866,11.186175510136785,TR,yahoo
9572150647.0,1356875456.0,691635842.0,871945499.0,8007932167.0,202693368.0,40011350.0,390100568.0,5868073630.0,3429826069.0,1075485640.0,1273570018.0,352406996.0,723078644.0,695677703.0,TNZTP,2025,242704718.0,1564218480.0,316333376.0,0.0253552965211706,0.16341348331059127,0.8351439134364088,1.2607620116850213,3.0518282900376925,0.11235569514747107,1.5561470958404477,11.71127914300649,TR,yahoo
,,,,,,,,,,,,,,,TOASO,2021,,,,,,,,,,,,TR,yahoo
73799094000.0,55198234000.0,19661745000.0,43006761000.0,25849068000.0,8340954000.0,3090125000.0,11467792000.0,14034177000.0,126962149000.0,16275393000.0,23568983000.0,5497042000.0,10778351000.0,9374039000.0,TOASO,2022,11431079000.0,47950026000.0,,0.15489457092793035,0.6497373260435961,0.7296733755404893,0.4808856626745384,2.9607547113520325,0.22053648788696512,1.2834780559270669,7.001688180637286,TR,yahoo
113578876000.0,87354835000.0,35186783000.0,51349926000.0,53246292000.0,9709466000.0,7326448000.0,17081146000.0,33203546000.0,187615672000.0,31083010000.0,36757360000.0,4623398000.0,26459612000.0,21777284000.0,TOASO,2023,17035914000.0,60332584000.0,11431079000.0,0.14999192279381246,0.5311954663118871,0.5699410081548897,0.32482517559898233,6.722979505549814,0.273668934705781,1.7011676900956,9.048297602552434,TR,yahoo
119975884000.0,82090610000.0,24732007000.0,34707387000.0,61652399000.0,14293060000.0,22177447000.0,36520213000.0,29259925000.0,169009089000.0,6612671000.0,14727465000.0,212081000.0,6400590000.0,6834463000.0,TOASO,2024,36470507000.0,58323485000.0,17035914000.0,0.3039819819122983,0.48612673693656633,0.3919073568129996,0.007927310256838146,31.179931252681758,0.055116668279768626,2.3652201187026844,8.116172511914778,TR,yahoo
173524206000.0,120393022000.0,19702619000.0,70790631000.0,60031247000.0,16221998000.0,37411989000.0,53669002000.0,29783137000.0,331789523000.0,9476785000.0,16957735000.0,638594000.0,8838191000.0,8353933000.0,TOASO,2025,53633987000.0,113492959000.0,36470507000.0,0.309086485605357,0.6540468423177801,0.3024574324485703,0.01417452052946438,14.840078359646348,0.05461361972749785,1.7006914657958057,6.6071238269783565,TR,yahoo
,,,,,,,,,,,,,,,TRALT,2021,,,,,,,,,,,,TR,yahoo
26074737000.0,18155175000.0,234083000.0,1758919000.0,23273367000.0,0.0,,58353000.0,19711768000.0,11206789000.0,-1514966000.0,-513982000.0,0.0,-1514966000.0,-3304880000.0,TRALT,2022,0.0,2801370000.0,,0.0,0.10743617471577949,,,-inf,-0.05810091200536366,10.3217800251177,18.172318747079842,TR,yahoo
33335034000.0,16525052000.0,375515000.0,2648704000.0,29770272000.0,553456000.0,,574189000.0,17506964000.0,11705057000.0,259972000.0,1318511000.0,67808000.0,192164000.0,586308000.0,TRALT,2023,553456000.0,3564762000.0,0.0,0.016602832923464244,0.10693740405364519,1.0,0.24503483565089185,3.833942897593204,0.0077987621071572925,6.238919864205287,16.514055587795802,TR,yahoo
42424122000.0,19779629000.0,140533000.0,2298184000.0,38707191000.0,0.0,,8179000.0,22804477000.0,11434649000.0,1247397000.0,2888598000.0,7100000.0,1240297000.0,790577000.0,TRALT,2024,0.0,3716931000.0,553456000.0,0.0,0.0876136222689535,,0.025656962793790292,175.68971830985916,0.029403012748266188,8.60663419465108,18.837530653762137,TR,yahoo
47854309000.0,21578932000.0,4867991000.0,3948410000.0,42770233000.0,,,18605000.0,26908801000.0,16935167000.0,5833568000.0,6850159000.0,181000.0,5833387000.0,4104324000.0,TRALT,2025,18605000.0,5084076000.0,0.0,0.000388784215858179,0.10624071491660239,,0.0194571351787154,32229.657458563535,0.12190266920372834,5.4652206837689095,17.152362907688858,TR,yahoo
,,,,,221491238.0,586306214.0,807797452.0,,,,,,,,TRCAS,2021,807797452.0,,,,,0.2741915531568178,,,,,,TR,yahoo
6827280275.0,285810428.0,51950564.0,156780154.0,6095079869.0,140219393.0,552448318.0,692667711.0,2052948675.0,0.0,719618660.0,734255127.0,31609829.0,688008831.0,768945169.0,TRCAS,2022,692667711.0,732200406.0,807797452.0,0.10145587746505691,0.10724627911954296,0.20243385215338844,0.042133372742623285,22.76566127580127,0.10540341556433319,1.823001321965789,13.803114371207878,TR,yahoo
10538766943.0,581114450.0,259516366.0,349639102.0,9927771241.0,320849705.0,256926941.0,577776646.0,4157137528.0,0.0,1213285826.0,1234856583.0,72114316.0,1141171510.0,1193110761.0,TRCAS,2023,577776646.0,610995702.0,692667711.0,0.05482393235612516,0.05797601420589646,0.5553178848976876,0.11352613060565549,16.82447942791276,0.11512597560627165,1.6620407919935682,22.51461398259422,TR,yahoo
14039772058.0,707398198.0,353736757.0,50712555.0,13982693090.0,0.0,0.0,0.0,6616822444.0,0.0,1212572072.0,1250863272.0,26182689.0,1186389383.0,1175461991.0,TRCAS,2024,0.0,57078968.0,577776646.0,0.0,0.004065519565716585,,0.09063256253524654,46.31197628326105,0.08636693437690568,13.949172902055517,262.8932003467622,TR,yahoo
14216494271.0,1177911846.0,844980380.0,46848079.0,14155129320.0,,,,6552713712.0,0.0,645233624.0,684123414.0,0.0,645233624.0,615786406.0,TRCAS,2025,,61364951.0,0.0,,0.004316461557275579,,,inf,0.04538626835141782,25.143226171557643,247.78432076463025,TR,yahoo
,,,,,,,,,,,,,,,TRENJ,2021,,,,,,,,,,,,TR,yahoo
29950768000.0,19058346000.0,863855000.0,1905794000.0,7084796000.0,0.0,,36900000.0,4254952000.0,11609073000.0,-1509636000.0,-383779000.0,273827000.0,-1783463000.0,-943003000.0,TRENJ,2022,0.0,22865972000.0,,0.0,0.7634519422006141,,inf,-5.5131013377059235,-0.05040391618672349,10.000213034567219,7.456605934942659,TR,yahoo
39108970000.0,17453969000.0,1545052000.0,3018034000.0,9813463000.0,553456000.0,,560841000.0,5065525000.0,12425427000.0,-208157000.0,1028490000.0,207437000.0,-415594000.0,258997000.0,TRENJ,2023,553456000.0,29295507000.0,0.0,0.014151638358156709,0.7490738569693858,1.0,0.7496061114162643,-1.0034709333436176,-0.005322487398670944,5.78322477480373,6.409642525842777,TR,yahoo
46112635000.0,19579552000.0,1326677000.0,2851643000.0,11609340000.0,26178000.0,,29877000.0,4963054000.0,12110748000.0,-78432000.0,1712515000.0,311375000.0,-389807000.0,-1294521000.0,TRENJ,2024,26178000.0,34503295000.0,553456000.0,0.0005676969012939729,0.7482395009523962,1.0,1.074384870452734,-0.25188920112404656,-0.0017008787287909268,6.866060022239811,6.32245277072234,TR,yahoo
50873966000.0,21123641000.0,6356968000.0,4343304000.0,12378650000.0,98210000.0,,103374000.0,5668755000.0,17727547000.0,5819259000.0,6984719000.0,32375000.0,5786884000.0,705701000.0,TRENJ,2025,98210000.0,38495316000.0,26178000.0,0.0019304569256503414,0.7566800669717788,1.0,0.5205486059748529,179.74545173745173,0.1143857941014467,4.863495854768628,6.883325738853388,TR,yahoo
,,,,,,,,,,,,,,,TRGYO,2021,,,,,,,,,,,,TR,yahoo
68447501000.0,6059808000.0,1524858000.0,3661242000.0,59230173000.0,2967705000.0,4279553000.0,7257729000.0,50023795000.0,5286387000.0,17471150000.0,17494997000.0,1101247000.0,16369903000.0,16366358000.0,TRGYO,2022,7247258000.0,9217328000.0,,0.1058805346304754,0.13466273954983396,0.4094934939531613,0.15195360783347303,15.864878633040544,0.2552489096716621,1.6551235892082523,14.32492848734146,TR,yahoo
116357387000.0,11446737000.0,3076939000.0,3439548000.0,104298319000.0,2397698000.0,2864134000.0,5261832000.0,89949909000.0,7176676000.0,19802352000.0,19909934000.0,1552963000.0,18249389000.0,18248001000.0,TRGYO,2023,5261832000.0,12059068000.0,7247258000.0,0.04522129738097333,0.10363818156212119,0.45567741425419894,0.248293520951564,12.751335350552461,0.17018560239755126,3.327977106294199,16.446616265275164,TR,yahoo
151089936000.0,29620815000.0,12677748000.0,5400677000.0,127277811000.0,1141841000.0,1479307000.0,2621148000.0,108883684000.0,16375380000.0,13353600000.0,13481530000.0,1196995000.0,12156605000.0,11271669000.0,TRGYO,2024,2621148000.0,23812125000.0,5261832000.0,0.017348263354880235,0.15760232369149987,0.43562629809533837,0.3036909899555752,11.155936323877711,0.0883817966538817,5.484648498697478,12.85718485092784,TR,yahoo
156880281000.0,27706943000.0,15298306000.0,4037222000.0,130570779000.0,637129000.0,123625000.0,760754000.0,112193451000.0,14856180000.0,15779693000.0,15905009000.0,752015000.0,15027678000.0,7729931000.0,TRGYO,2025,760754000.0,26309502000.0,2621148000.0,0.004849264644037704,0.1677043273526518,0.8374967466487195,0.44472903117831325,20.98321576032393,0.10058429841797645,6.862873282668132,12.458102455937484,TR,yahoo
115908892.0,93555195.0,280098.0,61261674.0,51136220.0,20897958.0,0.0,24140502.0,27652908.0,381155102.0,5515355.0,7099069.0,2122425.0,3392930.0,12890422.0,TRHOL,2021,20897958.0,64772672.0,,0.18029641763808768,0.5588240115348527,1.0,0.10156135829156131,2.598610080450428,0.04758353655904156,1.5271406883200742,7.004149824376072,TR,yahoo
274742825.0,245380730.0,2425238.0,178190403.0,78548047.0,31073189.0,0.0,37194380.0,-14948698.0,537600340.0,10774633.0,18932504.0,9734913.0,1039720.0,-452627.0,TRHOL,2022,31073189.0,196194778.0,20897958.0,0.11309918284490232,0.714103372854232,1.0,0.3746275986558465,1.1068032143687365,0.03921715881024373,1.377070402607485,5.360833780106131,TR,yahoo
180375241.0,139405599.0,2732881.0,128914119.0,43592386.0,2245959.0,,6579329.0,-109924338.0,719215234.0,-39831226.0,-29130960.0,30481826.0,-70313052.0,-64886377.0,TRHOL,2023,2245959.0,136782855.0,31073189.0,0.012451592510969951,0.7583238932443062,1.0,1.8296882021112906,-1.3067204700925725,-0.22082424272408874,1.0813834829061664,0.49554418136749157,TR,yahoo
240699478.0,180800649.0,3388344.0,187163423.0,45737985.0,0.0,,1991703.0,-175235142.0,476934390.0,-7069845.0,3349336.0,22198275.0,-29268120.0,543898.0,TRHOL,2024,0.0,194961493.0,2245959.0,0.0,0.8099788774780807,,19.767302074525848,-0.31848623372762075,-0.029372082809419303,0.9660041802077962,0.7521790780610587,TR,yahoo
619530226.0,380909202.0,44804274.0,259275871.0,324075212.0,180955596.0,12421322.0,197227255.0,66521318.0,672604887.0,78944490.0,86672495.0,32088852.0,46855638.0,37136703.0,TRILC,2021,193376918.0,295455014.0,,0.31213475934586604,0.47690169357451173,0.9357662634792845,0.16593941165201526,2.4601843032589636,0.12742637354387937,1.4691270750759526,6.895990438927923,TR,yahoo
1901224416.0,902193864.0,10020202.0,678585181.0,1074061364.0,472851686.0,20669688.0,511662761.0,276999829.0,1636908463.0,146290915.0,160063928.0,155956762.0,-9665847.0,-81653864.0,TRILC,2022,493521374.0,827163052.0,193376918.0,0.2595808100541456,0.4350686037055396,0.9581179476939939,0.45408982324271085,0.9380222641452379,0.07694563238767074,1.3295219071399085,6.376995638855721,TR,yahoo
2819195808.0,1228019089.0,8075693.0,969470496.0,1775064192.0,563598932.0,23959428.0,619791667.0,548690141.0,2774251609.0,369713643.0,409539869.0,251149548.0,118564095.0,152631648.0,TRILC,2023,587558360.0,1044131616.0,493521374.0,0.20841346256712368,0.3703650569559871,0.9592220456194342,0.4646272427487758,1.4720856395887283,0.13114152693859285,1.2666905223694398,7.152411978413731,TR,yahoo
3994656378.0,2080763094.0,6911247.0,1066892062.0,1923985348.0,731718124.0,914806477.0,1649473433.0,621048963.0,2567667496.0,766460970.0,774992744.0,668082208.0,98378762.0,72358822.0,TRILC,2024,1646524601.0,2070671030.0,587558360.0,0.41218178616513784,0.5183602377926485,0.4444015738092212,0.5980818256641276,1.1472554736856575,0.19187156477868145,1.9503032856945186,7.686799970024951,TR,yahoo
,,,,,,,,,,,,,,,TRMET,2021,,,,,,,,,,,,TR,yahoo
29777918000.0,19054502000.0,863598000.0,1904963000.0,13650881000.0,0.0,,58354000.0,8328318000.0,11591154000.0,-1443433000.0,-311064000.0,272463000.0,-1715896000.0,-1833447000.0,TRMET,2022,0.0,16127037000.0,,0.0,0.5415770504841877,,inf,-5.297721158469224,-0.0484732680102081,10.00255752998877,8.50280206739679,TR,yahoo
39104315000.0,17701240000.0,1540839000.0,3022678000.0,19022184000.0,553456000.0,,574189000.0,10154791000.0,12411893000.0,-208091000.0,1029689000.0,214651000.0,-422742000.0,524567000.0,TRMET,2023,553456000.0,20082131000.0,0.0,0.014153322977272457,0.5135528138007276,1.0,0.7756750310774478,-0.9694387633880113,-0.005321433197333849,5.856144782871348,7.517815400545988,TR,yahoo
46468197000.0,20267992000.0,1295477000.0,2847066000.0,22552422000.0,26178000.0,,34357000.0,10283656000.0,12090795000.0,-1274915000.0,517694000.0,286861000.0,-1561776000.0,-2490430000.0,TRMET,2024,26178000.0,23915775000.0,553456000.0,0.0005633530390688496,0.5146697428350835,1.0,0.9898004602904592,-4.444365040908314,-0.027436291535047078,7.11890486557038,7.236570336579125,TR,yahoo
51629500000.0,22047357000.0,6298712000.0,4353759000.0,24531176000.0,98210000.0,,116815000.0,12235285000.0,17705459000.0,6031238000.0,7204467000.0,24293000.0,6006945000.0,1951629000.0,TRMET,2025,98210000.0,27098324000.0,26178000.0,0.0019022070715385584,0.5248612518037169,1.0,0.3906003794578255,248.27061293376693,0.11681767206732585,5.063981952147558,8.006239612582991,TR,yahoo
,,,,,,0.0,,,,,,,,,TSGYO,2021,0.0,,,,,,,,,,,TR,yahoo
3005322580.0,51770417.0,44165341.0,12260275.0,2991795558.0,0.0,,625852.0,-779961005.0,93598236.0,982737199.0,983072613.0,45195.0,982692004.0,982692004.0,TSGYO,2022,0.0,13527022.0,0.0,0.0,0.004501021650727423,,inf,21744.37878083859,0.3269989070524336,4.222614664026704,236.91798947292432,TR,yahoo
4867496487.0,118040075.0,96428829.0,29070452.0,4836778411.0,0.0,,312612.0,-608728561.0,152052382.0,517440637.0,518523727.0,71083.0,517369554.0,517369554.0,TSGYO,2023,0.0,30718076.0,0.0,0.0,0.006310857353886365,,inf,7279.386590323988,0.10630529233702968,4.0604829604988595,169.00651130678727,TR,yahoo
6924894499.0,317482496.0,113660572.0,296116998.0,6188211626.0,209741644.0,,209907335.0,-940373680.0,211315405.0,347095944.0,349112899.0,52800126.0,294295818.0,-29362588.0,TSGYO,2024,209741644.0,736682873.0,0.0,0.0302880634542935,0.10638181897303732,1.0,0.5034777547562276,6.573771130773438,0.05012292159109759,1.07215221734755,11.984478023561737,TR,yahoo
7005226752.0,174917274.0,40333538.0,236314517.0,6203838937.0,163074345.0,,164438358.0,-924755484.0,218761116.0,246058654.0,248891773.0,105668788.0,140389866.0,15618196.0,TSGYO,2025,163074345.0,801387815.0,209741644.0,0.023278953097905373,0.11439855458942894,1.0,0.5668683270984926,2.3285840469751578,0.03512500918399965,0.740188441322037,11.126632143466399,TR,yahoo
,,,,,,,,,,,,,,,TSKB,2021,,,,,,,,,,,,TR,yahoo
117621660000.0,,10469187000.0,,12773973000.0,,,99412088000.0,3945723000.0,8629280000.0,,,3503653000.0,5226241000.0,3980412000.0,TSKB,2022,99412088000.0,104847687000.0,,0.8451852150360741,0.8913977833674512,,0.035243732130442726,,,,,TR,yahoo
180913852000.0,,15622800000.0,,21421350000.0,,,152292260000.0,6854098000.0,14029407000.0,,,8064017000.0,9489527000.0,6965044000.0,TSKB,2023,152292260000.0,159492502000.0,99412088000.0,0.8417943585657554,0.8815936438078826,,0.0640753094976333,,,,,TR,yahoo
237528982000.0,,12730999000.0,,32575464000.0,,,195174625000.0,10228073000.0,16246960000.0,,,14476771000.0,13899170000.0,10221982000.0,TSKB,2024,195174625000.0,204953518000.0,152292260000.0,0.8216876246284759,0.8628568870808363,,0.08332748601352327,,,,,TR,yahoo
334293518000.0,,24589876000.0,,45688539000.0,,,279107060000.0,11409231000.0,21076378000.0,,,19282262000.0,15069431000.0,11323717000.0,TSKB,2025,279107060000.0,288604979000.0,195174625000.0,0.8349161589187619,0.8633280738635202,,0.08131143415331334,,,,,TR,yahoo
1869367293.0,1187135972.0,21491360.0,948721090.0,-530710859.0,203316848.0,1001241057.0,1362686658.0,-1140733708.0,656637515.0,86542095.0,190792478.0,306031252.0,-219489157.0,-231023506.0,TSPOR,2022,1204557905.0,2400078152.0,,0.6443666311647617,1.283898654366796,0.16878960086190295,0.25406105487307395,0.28278842253666303,0.04629485886698885,1.2513013408398037,2.1762387473403995,TR,yahoo
5729952043.0,2883280086.0,23485536.0,3494300243.0,-991810383.0,378121046.0,1826757718.0,2325854338.0,-4823276083.0,2156309488.0,-202223417.0,-183716199.0,439482649.0,-641706066.0,-663018458.0,TSPOR,2023,2204878764.0,6721762426.0,1204557905.0,0.3847988163694305,1.173092265966108,0.1714928966498042,0.257803673548746,-0.46013970622080236,-0.035292340229452074,0.8251380492491927,-0.5857831680971576,TR,yahoo
8029124435.0,3996552007.0,17860958.0,5137756375.0,608241772.0,175002979.0,1147439344.0,1356409872.0,-7538346906.0,2396201541.0,-278572479.0,-206795338.0,894079062.0,-1172651541.0,-1007387796.0,TSPOR,2024,1322442323.0,7420882663.0,2204878764.0,0.16470567042594353,0.9242455666338169,0.13233316565595127,0.5069450951290729,-0.3115747710016276,-0.03469524993107172,0.7778788473597096,-0.89021711922786,TR,yahoo
,,,,,,,,,,,,,,,TTKOM,2021,,,,,,,,,,,,TR,yahoo
187304063000.0,43941055000.0,8444446000.0,43747980000.0,80789393000.0,19263769000.0,47305702000.0,69073389000.0,29433618000.0,91400927000.0,14148320000.0,46817291000.0,6604827000.0,7543493000.0,6909568000.0,TTKOM,2022,66569471000.0,106514670000.0,,0.3554085796846809,0.5686725012473435,0.2893784299412564,0.09921705702002649,2.1421181811423677,0.07553664225639355,1.0044133466276615,5.073061637623593,TR,yahoo
281135612000.0,69645096000.0,19622532000.0,81682276000.0,141910201000.0,46922538000.0,45476606000.0,95115950000.0,65913799000.0,144645378000.0,15468940000.0,66690296000.0,10516410000.0,4952530000.0,23709235000.0,TTKOM,2023,92399144000.0,139225411000.0,66569471000.0,0.32866396164709294,0.49522509798580766,0.5078243798449041,0.13230800306085574,1.4709335219908695,0.05502305414086067,0.8526341259149047,5.173453133501367,TR,yahoo
353745545000.0,77843165000.0,9859133000.0,84550445000.0,191222659000.0,32761359000.0,54109760000.0,92315174000.0,89918017000.0,211588662000.0,48081554000.0,95229120000.0,15810387000.0,32271167000.0,11068445000.0,TTKOM,2024,86871119000.0,162522886000.0,92399144000.0,0.2455751605295835,0.45943443895526653,0.3771260158396256,0.17638605238170482,3.0411370702058083,0.13592129902300254,0.920671263173127,6.103081409162529,TR,yahoo
426658604000.0,115153435000.0,66941659000.0,75943922000.0,212437099000.0,16661042000.0,102848991000.0,124969548000.0,112772614000.0,242228623000.0,56073673000.0,103275544000.0,12162482000.0,43911191000.0,22980532000.0,TTKOM,2025,119510033000.0,214221505000.0,86871119000.0,0.28010693298944933,0.5020911402972668,0.13941124089556564,0.11786427086132362,4.610380759453539,0.13142515461846868,1.5162956029581933,6.638958020098565,TR,yahoo
,,,,,,,,,,,,,,,TTRAK,2021,,,,,,,,,,,,TR,yahoo
26006098032.0,19452117704.0,7277810456.0,15189923819.0,9244446971.0,5405554143.0,836102681.0,6409985436.0,6531793531.0,41397462345.0,5343703560.0,6284518066.0,790186401.0,4553517159.0,4309826295.0,TTRAK,2022,6241656824.0,16761651061.0,,0.24000743273057581,0.644527719628493,0.8660447530878221,0.12659882196048144,6.762586085052101,0.2054788670497464,1.2805934997296513,7.103844340941901,TR,yahoo
46859088092.0,36103955828.0,17803233513.0,22717624209.0,22230965306.0,7112759371.0,1086062066.0,8357879871.0,17862201524.0,84366889719.0,18971949669.0,20675255374.0,1448530036.0,17523419633.0,13487523973.0,TTRAK,2023,8198821437.0,24628122786.0,6241656824.0,0.1749675841088282,0.5255783624650738,0.8675343676715812,0.2006207841345678,13.097380929282988,0.40487236182982783,1.5892487478376705,10.035228446771566,TR,yahoo
47034027165.0,30078628832.0,8631146386.0,21050334372.0,22209113369.0,10028480989.0,2593114784.0,12817082176.0,15707134983.0,87657886187.0,14661469626.0,17091350115.0,4221345209.0,10440124417.0,7513902623.0,TTRAK,2024,12621595773.0,24824913796.0,8198821437.0,0.2683503100579119,0.5278075319579112,0.7945493715186818,0.4055005398232363,3.47317475830724,0.3117204821642451,1.4288907862674591,8.632016353418397,TR,yahoo
39605522478.0,22733430133.0,6708905719.0,18636249854.0,16714729077.0,12579257297.0,2853798167.0,15522624443.0,9759935505.0,53837290099.0,6688790687.0,9563739923.0,5683418857.0,1005371830.0,454804634.0,TTRAK,2025,15433055464.0,22890793401.0,12621595773.0,0.38966928090830577,0.5779697367637388,0.8150853423901101,0.405167671413031,1.1768956072561378,0.16888530357642617,1.2198500401689238,6.633600935658521,TR,yahoo
,,,,,,,,,,,,,,,TUCLK,2021,,,,,,,,,,,,TR,yahoo
2771738800.0,994911390.0,77719817.0,836196774.0,1173139505.0,292107454.0,606080748.0,1007395970.0,474066346.0,1267577622.0,245997727.0,273253572.0,37184566.0,208813161.0,204063618.0,TUCLK,2022,898188202.0,1598599295.0,,0.32405225268701365,0.5767496183262291,0.32521853810767376,0.041399526198630694,6.615586880858042,0.08875213169437178,1.189805343592488,5.550175230515672,TR,yahoo
4892438570.0,1679768200.0,297686970.0,1558351836.0,2170323002.0,927985007.0,738414704.0,1883658312.0,1131772811.0,2065120681.0,423823755.0,529187940.0,100981189.0,322842566.0,447321645.0,TUCLK,2023,1666399711.0,2722115568.0,898188202.0,0.34060718129773065,0.5563923857300471,0.5568802015952822,0.07875042106228627,4.197056493363333,0.08662832428777946,1.0779133191844874,5.586239334237733,TR,yahoo
5888813070.0,1666914757.0,4351590.0,1587484629.0,3020275334.0,799771975.0,1111811300.0,2070419810.0,1508128748.0,2112815895.0,366510867.0,505281255.0,227176256.0,139334611.0,228867643.0,TUCLK,2024,1911583275.0,2868537736.0,1666399711.0,0.32461266001775124,0.4871164531632858,0.4183819692605335,0.12698565470484324,1.6133326319102643,0.062238495710987135,1.0500352107661257,5.697156109434025,TR,yahoo
7390776950.0,3149324935.0,47519006.0,2242432220.0,3356200783.0,896310279.0,443013126.0,2895085095.0,1381120369.0,1984058740.0,-238877933.0,-122138512.0,364111746.0,-602989679.0,-127008379.0,TUCLK,2025,1339323405.0,4034576167.0,1911583275.0,0.18121550874296105,0.5458933741736043,0.6692261746893015,0.22400627384357893,-0.6560566519048797,-0.03232108540361241,1.4044236908975558,5.320405039361524,TR,yahoo
,,,,,,,,,,,,,,,TUKAS,2021,,,,,,,,,,,,TR,yahoo
8079961813.0,5436123890.0,144050455.0,2776047585.0,4690656626.0,1696947161.0,235240382.0,1982824000.0,1541547922.0,7476194939.0,2100478930.0,2270409524.0,204756852.0,1895722078.0,1863071176.0,TUKAS,2022,1932187543.0,3389305187.0,,0.23913325182939202,0.419470446202714,0.8782517862449546,0.10597152059167375,10.25840605324407,0.2599614922214732,1.958224318406271,9.231737536878587,TR,yahoo
14116825335.0,6167590370.0,279396086.0,2919213863.0,10742232590.0,1411817377.0,254449215.0,1729008726.0,1732485130.0,9382821354.0,1795328955.0,2098786677.0,476478121.0,1318850834.0,1675972311.0,TUKAS,2023,1666266592.0,3374592745.0,1932187543.0,0.11803408715901634,0.23904756663903287,0.8472938146742848,0.2648237843942952,3.767914781128009,0.1271765366784571,2.1127572899581013,9.356640691332672,TR,yahoo
20881177025.0,8409088216.0,30730581.0,4320463093.0,14776466619.0,2521666764.0,1727753569.0,4267155460.0,3002722675.0,8949231553.0,1302654155.0,1809889994.0,747610469.0,555043686.0,1022545968.0,TUKAS,2024,4249420333.0,6104710406.0,1666266592.0,0.20350482771696152,0.29235470772031347,0.5934142933372178,0.25275525174956753,1.7424236404051747,0.06238413444991135,1.9463395555037553,7.964014930021198,TR,yahoo
26864775608.0,10914061765.0,38335149.0,5620136117.0,17445570074.0,3596493726.0,3373400634.0,7349682579.0,4719161586.0,8695076082.0,1184856407.0,1778227961.0,697989266.0,486867141.0,512290950.0,TUKAS,2025,6969894360.0,9419205534.0,4249420333.0,0.259443609792313,0.35061545539933997,0.5160040511718745,0.12442636383762232,1.697528120726143,0.0441044594709797,1.941956838373849,7.356481151439446,TR,yahoo
,,,,,,,,,,,,,,,TUPRS,2021,,,,,,,,,,,,TR,yahoo
347700482000.0,197509966000.0,72935914000.0,130003677000.0,177884478000.0,19671428000.0,34606875000.0,54818220000.0,150078306000.0,916751060000.0,77566594000.0,83848211000.0,9058398000.0,68508196000.0,61313713000.0,TUPRS,2022,54278303000.0,169816004000.0,,0.1561064934042858,0.4883973787531304,0.3624178891517666,0.16688801048183102,8.56294832706622,0.22308451674795204,1.5192644589583417,8.52976222985169,TR,yahoo
529573034000.0,290417521000.0,127555550000.0,224178678000.0,289859976000.0,43142474000.0,7107615000.0,51003495000.0,239012938000.0,991202993000.0,95672582000.0,104427051000.0,12192128000.0,83480454000.0,77354421000.0,TUPRS,2023,50250089000.0,239713058000.0,54278303000.0,0.09488793003761592,0.45265344458607765,0.8585551758923253,0.23327878228529528,7.847078213089627,0.1806598445494111,1.2954734303500532,8.025552814589917,TR,yahoo
594416601000.0,242923855000.0,79234986000.0,194726000000.0,369397234000.0,11686459000.0,12393423000.0,24854604000.0,266626085000.0,1060729904000.0,61429501000.0,74016220000.0,19877175000.0,41552326000.0,23973075000.0,TUPRS,2024,24079882000.0,225019367000.0,50250089000.0,0.04051011018112531,0.37855498420038236,0.48532044301545996,0.5348360757466191,3.0904543024851368,0.10334418806045426,1.2475162792847385,7.662367196876209,TR,yahoo
591973843000.0,236931136000.0,91704478000.0,169748201000.0,364099258000.0,21714037000.0,27928252000.0,50249485000.0,264835871000.0,830356131000.0,60334857000.0,74960719000.0,16566135000.0,43768722000.0,29523183000.0,TUPRS,2025,49642289000.0,227874585000.0,24079882000.0,0.0838589231382644,0.38494029372172783,0.4374100678556543,0.44942070411898205,3.642059961481661,0.10192149148725141,1.3957799529197956,7.81555177170028,TR,yahoo
543863899.0,194877665.0,57346524.0,114918946.0,369698397.0,40893685.0,25296034.0,66972235.0,162851487.0,591124451.0,86895349.0,120714207.0,12246732.0,74648617.0,52341691.0,TUREX,2021,66189719.0,174165502.0,,0.12170272585053489,0.32023729157283154,0.6178253302450188,0.18502468638671815,7.095390754039527,0.1597740706080585,1.6957836090839191,8.493105470107851,TR,yahoo
2307058000.0,593816000.0,89966000.0,554988000.0,1475800000.0,164018000.0,39038000.0,211759000.0,393494000.0,2429651000.0,195236000.0,291246000.0,47644000.0,147592000.0,22864000.0,TUREX,2022,203056000.0,831258000.0,66189719.0,0.08801512575756656,0.3603108374388507,0.8077476164210858,0.3539072054846673,4.097808748215935,0.08462552740329891,1.0699618730495073,6.349268123692512,TR,yahoo
7521694000.0,1063538000.0,210646000.0,885457000.0,5288003000.0,365665000.0,169801000.0,544446000.0,1239959000.0,4785680000.0,860575000.0,1125866000.0,116928000.0,743647000.0,674549000.0,TUREX,2023,535466000.0,2233691000.0,203056000.0,0.07118954852457439,0.2969664812208526,0.6828911639581224,0.3166540739476955,7.359871031746032,0.1144123916766622,1.2011176149717038,7.197330469972664,TR,yahoo
,,,,,0.0,0.0,,,,,,,,,TURGG,2021,0.0,,,,,,,,,,,TR,yahoo
1112183699.0,24270127.0,23391393.0,295162.0,909980762.0,61018.0,82062.0,235757.0,846669516.0,0.0,550818390.0,550981140.0,83365.0,550735025.0,416084548.0,TURGG,2022,143080.0,202202937.0,0.0,0.00012864781252292027,0.181807139577578,0.42646072127481127,1.1652921442549622,6607.30990223715,0.4952584635930723,82.22646207845183,13.926631981538435,TR,yahoo
2005068986.0,14800888.0,13614543.0,606897.0,1533391671.0,,,277688.0,1442137787.0,0.0,514219515.0,514644097.0,111436.0,514108079.0,219726742.0,TURGG,2023,277688.0,471677315.0,143080.0,0.00013849299048506654,0.2352424371896399,,0.5296790630466195,4614.4828870383,0.25645976202835746,24.387808804459407,10.778070421505328,TR,yahoo
2744533327.0,5092061.0,3474504.0,403852.0,2094555230.0,,,0.0,1968597900.0,0.0,303250260.0,304090154.0,85354.0,303164906.0,80950173.0,TURGG,2024,0.0,649978097.0,277688.0,0.0,0.2368264544670257,,0.6147474863876005,3552.8535276612697,0.1104924677054213,12.608730425997642,9.725673134635606,TR,yahoo
2919502517.0,27659918.0,24981187.0,890968.0,2220721867.0,,,887346.0,2087000320.0,0.0,380725605.0,381134302.0,633295.0,380092310.0,179513089.0,TURGG,2025,887346.0,698780650.0,0.0,0.00030393739852357184,0.23934921992053895,,1.4273913445262614,601.1820794416504,0.1304076988401514,31.04479397688806,9.85378812042591,TR,yahoo
,,,,,,,,,,,,,,,TURSG,2021,,,,,,,,,,,,TR,yahoo
27529148215.0,,9034205139.0,,5750746909.0,0.0,,29092275.0,1001253902.0,12072199306.0,,,,1286656920.0,962400801.0,TURSG,2022,0.0,21778401306.0,,0.0,0.7911033474742037,,,,,,,TR,yahoo
77327803422.0,,31546849088.0,,15425582306.0,0.0,,56421421.0,6160990183.0,33583617155.0,,,,7684572617.0,6186049487.0,TURSG,2023,0.0,61902221116.0,0.0,0.0,0.8005169987589306,,,,,,,TR,yahoo
96531141651.0,,25228353912.0,,28723094440.0,0.0,,29868049.0,12734263122.0,65735732746.0,,,,16681685143.0,12780600278.0,TURSG,2024,0.0,67808047211.0,0.0,0.0,0.7024473765798206,,,,,,,TR,yahoo
156975591995.0,,11162984992.0,,51604704370.0,0.0,,146557460.0,19450487579.0,97202504714.0,,,,27055672079.0,19527051640.0,TURSG,2025,0.0,105370887625.0,0.0,0.0,0.6712565073706254,,,,,,,TR,yahoo
2350360807.0,1660181461.0,200074762.0,1538783009.0,702293596.0,94814835.0,22038949.0,137999644.0,-90526107.0,3290596506.0,29892970.0,101818606.0,38712916.0,-8819946.0,-54297247.0,UCAYM,2022,116853784.0,1648067211.0,,0.04971738111526466,0.7011975378808297,0.8113972158573829,0.3312936447141498,0.7721704559790846,0.012718460038548455,1.0788925087487757,3.996175127157802,TR,yahoo
2793681586.0,2192168790.0,105917642.0,1762464122.0,809842994.0,64576209.0,1091751.0,130841988.0,73848760.0,3924234497.0,238025676.0,347371202.0,29738228.0,208287448.0,88190954.0,UCAYM,2023,65667960.0,1983838592.0,116853784.0,0.023505885684711673,0.7101162143680322,0.9833746776967033,0.3258595644363337,8.004030233408661,0.0852014335466218,1.2438090300030515,5.346373932149681,TR,yahoo
2069440529.0,1485914765.0,203566041.0,923653362.0,950938949.0,22308141.0,7525775.0,64218895.0,253087380.0,3711066155.0,247559628.0,341256183.0,75368303.0,172191325.0,127227872.0,UCAYM,2024,29833916.0,1118501580.0,65667960.0,0.014416416215843813,0.540485007578587,0.7477443122116453,1.5783627747794189,3.28466501361985,0.11962635530271863,1.6087363789620461,7.127612790466664,TR,yahoo
,,,,,,,,,,,,,,,UFUK,2021,,,,,,,,,,,,TR,yahoo
3083728166.0,131539320.0,188720.0,7194395.0,2367302632.0,,,,964348010.0,103172189.0,34927615.0,34981849.0,43305814.0,-8378199.0,-29295375.0,UFUK,2022,,716425534.0,,,0.2323244772023138,,,0.8065340833912047,0.011326424742977815,18.283583261691913,8.079644928545237,TR,yahoo
1739413395.0,510675334.0,21263.0,13727084.0,1724039239.0,,,,793109623.0,0.0,-1079826130.0,-1079677049.0,85459123.0,-1165285253.0,-602961348.0,UFUK,2023,,15374156.0,,,0.00883870162446346,,,-12.635586372680187,-0.6207990194303408,37.20202586361386,120.18458526859459,TR,yahoo
1971806564.0,140595403.0,91700087.0,1851115.0,1941589706.0,,,,496956196.0,0.0,-315070784.0,-314907612.0,925034.0,-315995818.0,-315045394.0,UFUK,2024,,30216858.0,,,0.015324453499486372,,,-340.60454426539997,-0.1597878766367673,75.95173881687523,70.92737531912655,TR,yahoo
2787357860.0,122240926.0,3852.0,1193100.0,2451220937.0,,,,1045816692.0,0.0,816209311.0,816232657.0,0.0,816209311.0,509631231.0,UFUK,2025,,336136923.0,,,0.12059338623997136,,,inf,0.29282544689112866,102.45656357388316,14.382768213941528,TR,yahoo
,,,,,,0.0,,,,,,,,,ULAS,2021,0.0,,,,,,,,,,,TR,yahoo
237238469.0,42645574.0,6616206.0,7427945.0,192172812.0,24609.0,,24609.0,1160118.0,0.0,46385173.0,46716746.0,70379.0,46314794.0,32933313.0,ULAS,2022,24609.0,45065657.0,0.0,0.00010373106901140893,0.18995931473491343,1.0,5.719777317241659,659.0768979383055,0.19552129633748394,5.741234486792781,10.03116456022733,TR,yahoo
695289138.0,355132931.0,33246612.0,324417664.0,309489342.0,0.0,,0.0,32635431.0,0.0,63843357.0,64261238.0,2114834.0,61728523.0,31407414.0,ULAS,2023,0.0,385799796.0,24609.0,0.0,0.5548767770337295,,171.87484253728312,30.1883537904157,0.09182274468380952,1.094678158461803,5.15217471864054,TR,yahoo
592686223.0,137202456.0,23876.0,97898584.0,420375718.0,19517.0,,19517.0,81897804.0,65538842.0,40509678.0,40817698.0,15124.0,40494554.0,15316184.0,ULAS,2024,19517.0,172310505.0,0.0,3.292973455871944e-05,0.29072804177531897,1.0,1.5498283547676384,2678.5029092832583,0.06834928234868047,1.4014753880403419,7.156424141927129,TR,yahoo
662864907.0,214194109.0,111768.0,188690359.0,442187584.0,246802.0,,246802.0,103678772.0,0.0,-163019.0,507169.0,10386514.0,-10549533.0,21936293.0,ULAS,2025,246802.0,220677323.0,19517.0,0.0003723262423364343,0.3329144757394737,1.0,78.00054821473496,-0.01569525636801722,-0.0002459309555815722,1.135161913598352,6.114603706538952,TR,yahoo
,,,,,,,,,,,,,,,ULKER,2021,,,,,,,,,,,,TR,yahoo
66149172000.0,41773214000.0,15249460000.0,27825778000.0,12035858000.0,18773580000.0,20343619000.0,39134587000.0,19158714000.0,51981208000.0,5632869000.0,6800636000.0,4259874000.0,1372995000.0,984793000.0,ULKER,2022,39117199000.0,54113314000.0,,0.5913482787055898,0.8180497557853029,0.4799316024646857,0.10890028194503394,1.3223088288526843,0.08515403639519478,1.501241546597547,6.383130355503636,TR,yahoo
88922371000.0,53401735000.0,16830554000.0,22302898000.0,25946933000.0,7882258000.0,36240798000.0,44126832000.0,32660093000.0,80615534000.0,12629660000.0,14339261000.0,5732487000.0,6897173000.0,4878383000.0,ULKER,2023,44123056000.0,62975438000.0,39117199000.0,0.4961974754361869,0.7082069145457222,0.17864261260598088,0.13773352808686135,2.203172898604044,0.14203017596100762,2.3943854740312225,8.128648223570261,TR,yahoo
127538130000.0,85224468000.0,34435342000.0,37231541000.0,40946740000.0,19991218000.0,42847532000.0,62840577000.0,23193591000.0,110077710000.0,20588482000.0,22971542000.0,6235908000.0,14352574000.0,9686710000.0,ULKER,2024,62838750000.0,86591390000.0,44123056000.0,0.49270559322141544,0.6789451123362088,0.3181351952417895,0.11660064902045503,3.3016013064977865,0.16143001312627056,2.2890395001378,7.8927223511738775,TR,yahoo
126866763000.0,84906085000.0,23318683000.0,35289768000.0,43301842000.0,17537603000.0,39807777000.0,57345380000.0,23920039000.0,111904601000.0,12336541000.0,14788638000.0,5657214000.0,6679327000.0,4874523000.0,ULKER,2025,57345380000.0,83564921000.0,62838750000.0,0.4520126362804732,0.6586825345263991,0.3058241657828407,0.09414244626141571,2.180674268288242,0.09724013372990371,2.405968919943027,7.62775026513485,TR,yahoo
,,,,,,,,,,,,,,,ULUSE,2021,,,,,,,,,,,,TR,yahoo
3431252155.0,2197999999.0,162850199.0,2314342768.0,1073069900.0,820831284.0,0.0,841778475.0,349316182.0,4256386018.0,-27343446.0,85058463.0,203705913.0,-231049359.0,-92395530.0,ULUSE,2022,820831284.0,2358182255.0,,0.23922208188747934,0.6872657993274178,1.0,0.24817025979726182,-0.13423000637198,-0.00796894100602758,0.949729672454465,3.7836952873370926,TR,yahoo
4760609836.0,3342262438.0,443289115.0,3150057002.0,811986306.0,782865832.0,744727269.0,1542606492.0,-153861016.0,6248244025.0,-420591482.0,-257705444.0,236967855.0,-657559337.0,-658199428.0,ULUSE,2023,1527593101.0,3948623530.0,820831284.0,0.3208818100253154,0.8294364936484159,0.5124832204907949,0.2018100787179486,-1.7748883366480235,-0.08834823614812193,1.0610164945834208,3.031711884987258,TR,yahoo
5910637046.0,4213395550.0,335603328.0,3664333060.0,380621956.0,0.0,1801286034.0,1819087643.0,-873775157.0,6483782866.0,-657883116.0,-461932472.0,192326618.0,-850209734.0,-946431996.0,ULUSE,2024,1801286034.0,5530015090.0,1527593101.0,0.30475328124216544,0.9356039030923774,0.0,0.11555037608777587,-3.42065556417157,-0.11130494240806409,1.1498396791475063,2.701756034518511,TR,yahoo
6710558078.0,4805916030.0,453366325.0,5547941740.0,143837352.0,880122547.0,926098255.0,1846302397.0,-1114791932.0,7249406959.0,-41278175.0,145693576.0,170415397.0,-211693572.0,-241016775.0,ULUSE,2025,1806220802.0,6566720726.0,1801286034.0,0.26916104160122584,0.9785655156652978,0.48727295468275755,0.09447821154454494,-0.24222092443912213,-0.0061512283360346766,0.866252072430739,1.9647175793259273,TR,yahoo
,,,,,,,,,,,,,,,ULUUN,2021,,,,,,,,,,,,TR,yahoo
17918426905.0,12182724073.0,2504061911.0,9867772603.0,5978652986.0,3933082632.0,1379538599.0,5327436911.0,3455477465.0,37720069992.0,3883773012.0,4116996723.0,953012364.0,2930760648.0,2602451084.0,ULUUN,2022,5312621231.0,11939773919.0,,0.29648926544536974,0.6663405209788978,0.7403280717717705,0.17938646904451225,4.07525983786712,0.21674743171323052,1.2345971642370648,6.70850004148565,TR,yahoo
29637249767.0,18939401769.0,2578244609.0,15782584594.0,9593426845.0,5670667249.0,1932427974.0,7609095244.0,3340804270.0,57261611515.0,1181495440.0,1678572811.0,1952019754.0,-770524314.0,-937266659.0,ULUUN,2023,7603095223.0,20043822922.0,5312621231.0,0.2565384873014017,0.6763050917200174,0.7458366734439622,0.3022704564554697,0.605268178039145,0.03986521857758719,1.200019024526573,5.086665112559955,TR,yahoo
41459369215.0,25761211572.0,5802753461.0,22810573461.0,13544787941.0,7849089283.0,1335501022.0,9221815043.0,4659266222.0,64035790074.0,3501321624.0,4361102419.0,3912081990.0,-410760366.0,-210842012.0,ULUUN,2024,9184590305.0,27914581274.0,7603095223.0,0.22153232137639506,0.6732997101147526,0.8545932940228192,0.4660656745654522,0.8950021070493975,0.0844518787983205,1.129353964557042,5.160235352463435,TR,yahoo
44896385126.0,28609867954.0,5928683357.0,22740570252.0,13712020381.0,2867208609.0,5060710213.0,7961944321.0,4503312451.0,66937959039.0,1060108795.0,1837443173.0,1116973531.0,-56864736.0,-130938459.0,ULUUN,2025,7927918822.0,31184364745.0,9184590305.0,0.1765825644926779,0.6945852022937318,0.3616596831243386,0.13054468198794375,0.949090345991377,0.023612341885094867,1.2580980879968833,5.054949234675009,TR,yahoo
,,,,,,,,,,,,,,,UNLU,2021,,,,,,,,,,,,TR,yahoo
3031928701.0,2374761745.0,435755458.0,1205912046.0,1668741602.0,937385406.0,43455142.0,989842416.0,-269398432.0,19937166244.0,256338391.0,297483025.0,137274539.0,119063852.0,-23463037.0,UNLU,2022,980840548.0,1363187099.0,,0.32350383030989355,0.44961053950588925,0.9556960179831391,0.13995601964041152,1.8673411170588596,0.08454631235736305,1.9692661275563708,7.342811398377561,TR,yahoo
3903160525.0,3056071615.0,1253428524.0,1508750608.0,2261685803.0,1119255228.0,10464685.0,1131088606.0,-464860685.0,36037595918.0,632952140.0,720790355.0,405077960.0,227874180.0,52199360.0,UNLU,2023,1129719913.0,1641474722.0,980840548.0,0.2894372152423836,0.4205501442962047,0.9907369208247283,0.383858190736759,1.5625440100468562,0.16216400425908695,2.0255644629374028,7.998776321098134,TR,yahoo
5336203369.0,3540882517.0,1054120986.0,1843754306.0,3046808862.0,1251434328.0,169310080.0,1434462054.0,153717789.0,72668042988.0,1068259523.0,1142591267.0,756684564.0,311574959.0,153717789.0,UNLU,2024,1420744408.0,2289394507.0,1129719913.0,0.26624630092879054,0.42903059510436736,0.8808300218908903,0.5933700446382367,1.4117633341863705,0.20019093147872116,1.920474168102092,8.17291540086238,TR,yahoo
5597668713.0,3211984423.0,972107257.0,2323015889.0,2814970064.0,1846140036.0,75000000.0,1949832045.0,-55822499.0,49926433787.0,519465737.0,591363326.0,691143866.0,-171678129.0,-205944767.0,UNLU,2025,1921140036.0,2782698649.0,1420744408.0,0.34320359680063833,0.49711742364057265,0.9609606803280425,0.41362523305728044,0.7516029043365625,0.09280037166072283,1.3826786283337384,5.945082158724416,TR,yahoo
,,,,,,,,,,,,,,,USAK,2021,,,,,,,,,,,,TR,yahoo
4729654992.0,2536111624.0,29777020.0,2077886679.0,2231822913.0,691057691.0,65628843.0,795408157.0,827203823.0,3251764567.0,597866166.0,605039356.0,315068430.0,282797736.0,184727831.0,USAK,2022,756686534.0,2497832079.0,,0.15998768097882435,0.5281214133430391,0.9132681235212784,0.41637906298462024,1.8975756028618926,0.12640798684285934,1.2205245115775634,6.243360956977089,TR,yahoo
6754963247.0,3370852612.0,111349388.0,3009519192.0,3468172515.0,1247968260.0,150655288.0,1529169811.0,1439537109.0,3795463015.0,836432166.0,884950192.0,779292330.0,57139836.0,245230392.0,USAK,2023,1398623548.0,3286790732.0,756686534.0,0.20705124467126504,0.4865741843169498,0.892283174971969,0.7231370896542765,1.0733227234509033,0.1238248285616468,1.1200635041505993,6.23568398188515,TR,yahoo
9504710681.0,4510969461.0,40350177.0,4643749212.0,4456596925.0,1880622789.0,135893191.0,2093811070.0,1267435490.0,4291255543.0,1441174246.0,1474862450.0,1509601630.0,-68427384.0,-76187014.0,USAK,2024,2016515980.0,5048113756.0,1398623548.0,0.21215963827610587,0.5311170350604384,0.9326099111795781,0.8840643948061849,0.954671893140444,0.1516273660892088,0.971406778243562,5.538973762867952,TR,yahoo
10778085130.0,4895351589.0,26382712.0,5411945478.0,4984594148.0,2229033662.0,74004049.0,2378010317.0,1243979031.0,4764497417.0,1908261238.0,1911982564.0,1969223955.0,-60962717.0,-23456459.0,USAK,2025,2303037711.0,5793490982.0,2016515980.0,0.2136778178333056,0.5375250716729123,0.967866766294562,0.9117719541734016,0.9690422631487844,0.1770501174358418,0.9045456220688113,5.405013947195748,TR,yahoo
,,,,,,,,,,,,,,,VAKBN,2021,,,,,,,,,,,,TR,yahoo
1709168720000.0,,309819288000.0,,105779737000.0,,,225400841000.0,27311639000.0,95079446000.0,,,85637033000.0,41624601000.0,26563341000.0,VAKBN,2022,225400841000.0,1603388983000.0,,0.13187746672546172,0.9381104183792925,,0.37993218046599925,,,,,TR,yahoo
2859246233000.0,,520007206000.0,,175268101000.0,,,366523774000.0,35229085000.0,118277212000.0,,,263683851000.0,36318080000.0,31655931000.0,VAKBN,2023,366523774000.0,2683978132000.0,225400841000.0,0.1281889505596841,0.9387012916281422,,0.8909372724768339,,,,,TR,yahoo
4093575481000.0,,969569825000.0,,226101812000.0,,,554122969000.0,56354163000.0,156685967000.0,,,637991017000.0,73857410000.0,49192844000.0,VAKBN,2024,554122969000.0,3867473669000.0,366523774000.0,0.13536405315400118,0.9447666683930873,,1.3859626873192554,,,,,TR,yahoo
5493133789000.0,,982262213000.0,,328490550000.0,,,905064601000.0,93221986000.0,250820966000.0,,,879240237000.0,109089812000.0,77158893000.0,VAKBN,2025,905064601000.0,5164643239000.0,554122969000.0,0.16476289050384896,0.940199790753722,,1.2051092746081986,,,,,TR,yahoo
,,,,,,,,,,,,,,,VAKFA,2021,,,,,,,,,,,,TR,yahoo
23001644.0,22995041.0,174993.0,19995813.0,1154300.0,19899331.0,1778646.0,21678867.0,546720.0,2429221.0,680050.0,682915.0,,722465.0,546720.0,VAKFA,2022,21677977.0,21847344.0,,0.9424533742022961,0.9498166304982374,0.9179514767452701,,,0.029565278029692138,1.149992800992888,4.437012130407087,TR,yahoo
38235991.0,38198831.0,510523.0,33218728.0,2673463.0,32987604.0,2241641.0,35235742.0,1504736.0,8670672.0,2012780.0,2017229.0,,2148509.0,1504736.0,VAKFA,2023,35229245.0,35562528.0,21677977.0,0.9213634609339666,0.930079934373873,0.9363698824655482,,,0.05264097901895625,1.149918533906536,4.665393240193267,TR,yahoo
32888810.0,32223073.0,306833.0,28410150.0,4391095.0,28141846.0,376.0,28160216.0,1707179.0,12809590.0,2121570.0,2130924.0,,2440675.0,1707179.0,VAKFA,2024,28142222.0,28497715.0,35229245.0,0.855677721389129,0.8664866560997494,0.9999866392923771,,,0.06450735067641547,1.1342098862554404,4.775023693901188,TR,yahoo
41889207.0,41348071.0,97569.0,34768137.0,7008963.0,34499576.0,11.0,34509869.0,1969095.0,9574437.0,2636190.0,2649056.0,,2748129.0,1924858.0,VAKFA,2025,34499587.0,34880244.0,28142222.0,0.8235913131513805,0.8326785465287037,0.9999996811556034,,,0.06293243985258541,1.1892518428583043,5.067581591218039,TR,yahoo
,,,,,,,,,,,,189122000.0,,,VAKFN,2021,,,,,,,,,,,,TR,yahoo
13219851000.0,12171496000.0,2742139000.0,7506334000.0,1324939000.0,6612885000.0,4237718000.0,10850783000.0,518566000.0,1107484000.0,263265000.0,266014000.0,,691810000.0,518566000.0,VAKFN,2022,10850603000.0,11894912000.0,,0.8207810360343698,0.8997765557266871,0.609448617740415,,,0.019914369685407194,1.6214967252989276,5.943621487150585,TR,yahoo
26232572000.0,14617517000.0,2737177000.0,10028486000.0,2862941000.0,7876493000.0,12997693000.0,20880852000.0,1443089000.0,3870513000.0,1105235000.0,1111549000.0,,2056391000.0,1443089000.0,VAKFN,2023,20874186000.0,23369631000.0,10850603000.0,0.7957353933880368,0.8908631223808325,0.37733174361864935,,,0.04213216302236777,1.4575995818311958,4.988679961384042,TR,yahoo
31002740000.0,17019123000.0,3723413000.0,15972164000.0,5730644000.0,15031394000.0,8584593000.0,23623708000.0,1652235000.0,6752005000.0,1694071000.0,1705564000.0,,2440098000.0,1652235000.0,VAKFN,2024,23615987000.0,25272096000.0,20874186000.0,0.7617387043854833,0.8151568538780766,0.6364923049796734,,,0.05464262191019245,1.0655489763315729,4.250560333871657,TR,yahoo
36275191000.0,17116857000.0,184176000.0,11742394000.0,7455930000.0,9567985000.0,16645357000.0,26219475000.0,1842795000.0,5771173000.0,1482667000.0,1495507000.0,,2067016000.0,1529246000.0,VAKFN,2025,26213342000.0,28819261000.0,23615987000.0,0.7226245066497375,0.7944620057272751,0.36500439356416287,,,0.040872755156547626,1.4576973826631945,4.933840463926458,TR,yahoo
,,,,,,,,,,,,,,,VAKKO,2021,,,,,,,,,,,,TR,yahoo
7499177120.0,4726963094.0,1298441469.0,2527243265.0,3964829121.0,558367768.0,42641969.0,1189795122.0,995497704.0,7935844341.0,2258891179.0,2980478807.0,246207232.0,2012683947.0,1680095580.0,VAKKO,2022,601009737.0,3534347999.0,,0.08014342472284479,0.4712981094384393,0.9290494539858012,0.40965597866844544,9.17475559369434,0.30121853942822996,1.8704028850186687,8.809067734607373,TR,yahoo
12722053513.0,7852859932.0,1167311196.0,3634103628.0,7544985019.0,527207143.0,5279269.0,1810319876.0,3243179805.0,14239328628.0,3942938650.0,5157487761.0,475685756.0,3467252894.0,2807238574.0,VAKKO,2023,532486412.0,5177068494.0,601009737.0,0.04185538218777967,0.406936544380184,0.990085626823469,0.8393248736127819,8.288956733024396,0.30992941870358565,2.1608794728624066,9.869398314280835,TR,yahoo
16688924409.0,10565732387.0,1919652950.0,4310933748.0,10366014942.0,564456782.0,70900012.0,2147303315.0,4655437893.0,19444634045.0,2546726090.0,4224178753.0,847284460.0,1699441630.0,1055629620.0,VAKKO,2024,635356794.0,6322909467.0,532486412.0,0.038070565749423906,0.3788686024361272,0.8884091385036799,1.4510243423893328,3.005750972937707,0.15259977381326037,2.450915046398435,9.364874422652727,TR,yahoo
15837124973.0,9414069139.0,938379986.0,3947489553.0,9766214886.0,50534249.0,4166667.0,1965388224.0,3939449410.0,19852574625.0,1027608247.0,2897836214.0,633383858.0,394224389.0,56985702.0,VAKKO,2025,54700916.0,6070910087.0,635356794.0,0.003453967566288523,0.3833341024554659,0.9238282042662685,1.8357417034004302,1.6224099083371335,0.0648860351075036,2.384824332681394,8.450424791416438,TR,yahoo
59517888.0,11972062.0,598223.0,647245.0,51033903.0,,,,6255967.0,12626544.0,18688837.0,18901736.0,3471.0,18685366.0,15237635.0,VANGD,2021,,8483985.0,,,0.14254512861746707,,,5384.280322673581,0.3140036991904014,18.49695555778724,13.267063624512593,TR,yahoo
199111038.0,21498361.0,187981.0,1453131.0,172555458.0,,,,-150472119.0,46096156.0,44066840.0,44837610.0,109184.0,43957656.0,26616130.0,VANGD,2022,,26555580.0,,,0.1333707074541995,,,403.6016266119578,0.2213179160866009,14.79450992374397,9.756822608575764,TR,yahoo
227295467.0,20239618.0,308552.0,6732653.0,197852291.0,,,,-268595238.0,144527252.0,-49596484.0,-456501.0,1032194.0,-50628678.0,-51345441.0,VANGD,2023,,29443176.0,,,0.12953701360001166,,,-48.04957595180751,-0.2182026973727549,3.006187605391218,5.376950575617233,TR,yahoo
223514113.0,20944254.0,4659138.0,10582961.0,188733515.0,,,,15650890.0,142385153.0,-172714.0,10758180.0,541489.0,-714203.0,-9106172.0,VANGD,2024,,34780598.0,,,0.15560806220768708,,,-0.31896123466958703,-0.0007727207811705385,1.9790542552315935,9.474898665486393,TR,yahoo
,,,,,,,,,,,,,,,VBTYZ,2021,,,,,,,,,,,,TR,yahoo
1541822115.0,1323399398.0,389986443.0,1039157358.0,433799760.0,4303937.0,1019190.0,10674364.0,76007668.0,1178474218.0,41488563.0,65442122.0,4641734.0,36846829.0,10650866.0,VBTYZ,2022,5323127.0,1108022355.0,,0.0034524910158004836,0.7186447413228341,0.8085354717255477,0.8719938487283884,8.938160394369863,0.02690878707496033,1.2735312778298202,5.211986134068189,TR,yahoo
1102027712.0,788786904.0,236786804.0,351753536.0,724543574.0,1118843.0,0.0,7346617.0,161685846.0,3081880755.0,179987518.0,223100232.0,4383905.0,175603613.0,145111039.0,VBTYZ,2023,1118843.0,377484138.0,5323127.0,0.0010152584983271274,0.34253597608260505,1.0,1.3610448356636247,41.05643667004645,0.16332394915310441,2.242442003482802,9.442717280292673,TR,yahoo
2505087763.0,773945978.0,241794744.0,745655112.0,1006443182.0,306522878.0,668635501.0,983138517.0,495134276.0,3019485046.0,72015766.0,81233730.0,35962982.0,36052784.0,46088105.0,VBTYZ,2024,975158379.0,1498644581.0,1118843.0,0.3892711438708984,0.5982403503521485,0.3143313789851566,0.07367370904408953,2.002497067679204,0.028747801599476337,1.0379409535919604,4.8667608854959115,TR,yahoo
2491694711.0,1348893386.0,275447686.0,982923123.0,910736868.0,199202505.0,476702247.0,693391326.0,670169633.0,2427624044.0,319942772.0,325996656.0,68397815.0,251544957.0,175035357.0,VBTYZ,2025,675904752.0,1580957843.0,975158379.0,0.27126306807013967,0.6344909896146583,0.29471978767801293,0.082853058391018,4.677675332172527,0.1284036806706534,1.372328470494228,6.558063500637647,TR,yahoo
,,,,,,24404907.0,24404907.0,,,,,,,,VERTU,2021,24404907.0,,,,,,,,,,,TR,yahoo
6223190999.0,6213420766.0,130372.0,11965388.0,6129762581.0,,49188312.0,49188312.0,5537941903.0,0.0,2021498391.0,2021714602.0,14676495.0,2006821896.0,2006821896.0,VERTU,2022,49188312.0,93428418.0,24404907.0,0.00790403380000775,0.015012944004934598,,0.3988545466396843,137.73713621678746,0.32483309468162447,519.2828486631607,83.76064744304988,TR,yahoo
4317135422.0,4305925835.0,1069992.0,432760181.0,3884286673.0,,,,3057514832.0,158751420.0,-4829372834.0,-4826431106.0,121144557.0,-4950517391.0,-4950517391.0,VERTU,2023,,432848749.0,49188312.0,,0.1002629537156085,,2.462872826373875,-39.86454656811366,-1.1186521528580393,9.949912270232645,13.349318406822102,TR,yahoo
4863638101.0,4852777374.0,2657807.0,1025398.0,4862394850.0,,,,3760281645.0,0.0,-173298975.0,-169487212.0,65190010.0,-238488985.0,-238488985.0,VERTU,2024,,1243251.0,,,0.0002556216096227181,,,-2.6583670565474677,-0.035631552225147765,4732.579324320898,4118.658908253247,TR,yahoo
4629839423.0,4622735568.0,308512.0,33834634.0,4595788077.0,,,,3513612335.0,0.0,-243286562.0,-239529690.0,3382748.0,-246669310.0,-246669310.0,VERTU,2025,,34051346.0,,,0.007354757452459491,,,-71.91980070640793,-0.05254751618196673,136.62732595245453,153.5876434466816,TR,yahoo
,,,,,,,,,,,,,,,VERUS,2021,,,,,,,,,,,,TR,yahoo
4057121777.0,2526967307.0,33291328.0,491209567.0,2397037612.0,299792882.0,57699136.0,357492018.0,1728561397.0,700578771.0,205674211.0,261332471.0,48319253.0,157354958.0,4503956.0,VERUS,2022,357492018.0,1660084165.0,,0.08811468761589504,0.4091778004818809,0.8386002117675254,0.13516176744399366,4.256568515245879,0.05069461118125072,5.144377220568263,9.787368884413667,TR,yahoo
5871311252.0,3307118787.0,423410470.0,576558736.0,3623512176.0,393801538.0,60536269.0,454337807.0,3047182104.0,887309048.0,453004797.0,502636744.0,103012908.0,349991889.0,401690793.0,VERUS,2023,454337807.0,2247799076.0,357492018.0,0.07738268122733821,0.3828444753689921,0.8667593405890609,0.253779560266833,4.397553722102477,0.07715564335746784,5.735961629761864,10.20388546774115,TR,yahoo
7666905011.0,4437658311.0,23753344.0,472013225.0,4995481869.0,176356777.0,145929281.0,322286058.0,4414700214.0,1462334745.0,842345995.0,931685149.0,220262393.0,622083602.0,583715703.0,VERUS,2024,322286058.0,2671423142.0,454337807.0,0.04203600508126864,0.348435664478327,0.5472057280243876,0.5672305550383776,3.8242842254056506,0.10986780112593729,9.40155503270062,11.22203671631201,TR,yahoo
8077474527.0,5344083924.0,36554276.0,1315707238.0,4681676356.0,903340608.0,73948096.0,977288704.0,4107081720.0,761518197.0,352541826.0,482509584.0,403096966.0,-50555140.0,-293214222.0,VERUS,2025,977288704.0,3395798171.0,322286058.0,0.12098938854381855,0.4204034515551992,0.9243334178556104,0.6203520994508203,0.8745831790755776,0.043645055743795104,4.061757638518061,9.920064635214391,TR,yahoo
,,,,,,,,,,,,,,,VESBE,2021,,,,,,,,,,,,TR,yahoo
45790459000.0,28346799000.0,953628000.0,30365082000.0,13554439000.0,10097664000.0,3158000.0,10244779000.0,5062318000.0,59583113000.0,1942447000.0,3927339000.0,1476332000.0,466115000.0,211788000.0,VESBE,2022,10100822000.0,32236020000.0,,0.22058791767079688,0.7039898857532745,0.9996873521778723,0.14615958978388097,1.3157250537142051,0.04242034350430949,0.9335327663531421,4.047827604196083,TR,yahoo
73509046000.0,38253662000.0,1053269000.0,36400106000.0,31171059000.0,4669548000.0,1739808000.0,6625744000.0,13405564000.0,88171978000.0,10655068000.0,13478445000.0,2713248000.0,7941820000.0,6821109000.0,VESBE,2023,6409356000.0,42337987000.0,10100822000.0,0.08719139138331355,0.5759561483086041,0.7285518233033085,0.32867580228390025,3.9270527426906794,0.14494907198224283,1.0509217198433434,5.757039639931084,TR,yahoo
71571620000.0,31412895000.0,1092117000.0,32100393000.0,33844638000.0,10258290000.0,1082808000.0,11492470000.0,12052905000.0,98597464000.0,5860973000.0,9852075000.0,5687431000.0,173542000.0,347948000.0,VESBE,2024,11341098000.0,37726982000.0,6409356000.0,0.15845803126993632,0.5271220911305347,0.9045235302613557,0.6408209052005093,1.030513249303596,0.08188962328923112,0.9785828790320418,5.228228159504815,TR,yahoo
90018158000.0,35007837000.0,254476000.0,42579715000.0,36675096000.0,15195825000.0,4593979000.0,20410389000.0,9383171000.0,74360043000.0,721188000.0,4563565000.0,6612611000.0,-5891423000.0,-6321583000.0,VESBE,2025,19789804000.0,53343062000.0,11341098000.0,0.2198423566943016,0.5925811323533192,0.7678613188892623,0.4248261743267188,0.10906251706020512,0.00801158361849617,0.8221717078190871,3.8137634089201824,TR,yahoo
,,,,,,,,,,,,,,,VESTL,2021,,,,,,,,,,,,TR,yahoo
112100710000.0,49223234000.0,2557917000.0,77458315000.0,27374845000.0,33291437000.0,1143322000.0,35320241000.0,7533724000.0,111124940000.0,6050061000.0,9827513000.0,5709940000.0,340121000.0,-111335000.0,VESTL,2022,34434759000.0,84725865000.0,,0.3071769929021859,0.7558013236490652,0.9667974444078439,0.16581907833302972,1.0595664753044691,0.053969872269319256,0.6354803096349307,2.5187364003129376,TR,yahoo
180734547000.0,69453104000.0,3313003000.0,112814094000.0,52040254000.0,38486497000.0,2696240000.0,42475976000.0,13976380000.0,162015698000.0,12406562000.0,18623252000.0,8053500000.0,4353062000.0,2092951000.0,VESTL,2023,41182737000.0,128694293000.0,34434759000.0,0.2278631157329318,0.7120624979351623,0.9345298492424143,0.2130062598211398,1.5405180356366797,0.06864521590329933,0.6156420845785456,2.8141398970127924,TR,yahoo
228399157000.0,73219284000.0,3560283000.0,125525527000.0,58554146000.0,55272848000.0,23721491000.0,80611568000.0,3967638000.0,186831127000.0,6200688000.0,12828332000.0,19375409000.0,-13174721000.0,-14425241000.0,VESTL,2024,78994339000.0,169845011000.0,41182737000.0,0.3458609043815341,0.7436323900267285,0.699706443521225,0.32244766880498904,0.32002875397365804,0.027148471480566806,0.5833019446315489,2.3487353766193535,TR,yahoo
196443102000.0,48526174000.0,2017780000.0,105833729000.0,26878386000.0,41511290000.0,45256374000.0,88777598000.0,-25628342000.0,138249521000.0,-9054627000.0,-565095000.0,22018405000.0,-31073032000.0,-29681104000.0,VESTL,2025,86767664000.0,169564716000.0,78994339000.0,0.44169361569132626,0.8631747018533641,0.4784188957766571,0.2656628732943098,-0.4112299233300505,-0.046092873243266136,0.4585133157313204,0.7676674180662986,TR,yahoo
,,,,,0.0,,,,,,,,,,VKFYO,2021,0.0,,,,,,,,,,,TR,yahoo
63066457.0,62651475.0,17942095.0,300262.0,61823666.0,0.0,,12338.0,-224316272.0,275932833.0,-24695952.0,-24347673.0,12611.0,-24708563.0,-24708563.0,VKFYO,2022,0.0,1242791.0,0.0,0.0,0.019706053885348275,,inf,-1958.2865752121163,-0.3915861644170054,208.6560237392677,47.742016113816604,TR,yahoo
66123233.0,65034766.0,3899678.0,639001.0,63285540.0,0.0,,926796.0,-350701033.0,227050277.0,-24528241.0,-23774029.0,149591.0,-24677832.0,-24677832.0,VKFYO,2023,0.0,2837693.0,0.0,0.0,0.0429152186191501,,inf,-163.96869464072037,-0.37094739454134074,101.77568736199161,13.272476761392038,TR,yahoo
76858702.0,74628627.0,18677712.0,2015180.0,73677835.0,,,1522819.0,-8940122.0,193597339.0,-7066870.0,-5952003.0,783329.0,-7850199.0,-8314047.0,VKFYO,2024,1522819.0,3180867.0,0.0,0.019813228175516156,0.04138590578852086,,1.028788056886603,-9.02158607685915,-0.09194625743224236,37.03323127462559,32.77153898529248,TR,yahoo
81095189.0,80082566.0,12425945.0,25285174.0,55333460.0,,,629926.0,-18754827.0,152709268.0,-18544314.0,-17202008.0,210513.0,-18754827.0,-18754827.0,VKFYO,2025,629926.0,25761729.0,1522819.0,0.007767735765434864,0.31767271668853253,,0.19557634554951933,-88.09106325975118,-0.22867341735895086,3.167174803701173,7.647368361625204,TR,yahoo
,,,,,,194755035.0,,,,,,,,,VKGYO,2021,194755035.0,,,,,,,,,,,TR,yahoo
12387757758.0,1925847137.0,1424696083.0,973853693.0,8682160486.0,189550123.0,168154789.0,357704912.0,845927616.0,6733685660.0,1786529023.0,1789498292.0,39919780.0,1746609243.0,1746609243.0,VKGYO,2022,357704912.0,3705597272.0,194755035.0,0.028875678632720645,0.29913381778933557,0.5299064022917304,0.1445164675440263,44.752977671720636,0.14421730372038163,1.977552840681172,7.406024846056751,TR,yahoo
21567651385.0,9412698221.0,1296045485.0,5554577329.0,15599518203.0,149613845.0,14638730.0,164252575.0,1565437651.0,2047542526.0,2061987056.0,2067406248.0,133705857.0,1928281199.0,1928281199.0,VKGYO,2023,164252575.0,5968133182.0,357704912.0,0.007615691299342652,0.27671687915684473,0.9108767092388049,0.5123247020307614,15.421815485614815,0.09560554458118158,1.6945840634636702,8.04706384703771,TR,yahoo
28912081062.0,4664580482.0,1837705651.0,1219280821.0,23776467098.0,14792242.0,0.0,14792242.0,4673860748.0,7957626419.0,6887234822.0,6893801267.0,11375573.0,6875859249.0,3975464077.0,VKGYO,2024,14792242.0,5135613964.0,164252575.0,0.0005116284078022277,0.17762865125436747,1.0,0.12706955934948957,605.4406948995008,0.2382130434412795,3.825681829534822,11.020724793723017,TR,yahoo
31121489888.0,5216113188.0,3239689305.0,1293369675.0,24556895466.0,0.0,,0.0,5454371350.0,2674199996.0,1828356607.0,1833101192.0,1455692.0,1826900915.0,780510602.0,VKGYO,2025,0.0,6564594422.0,14792242.0,0.0,0.21093445222656945,,0.19681830516293608,1256.0051212756546,0.058749006348342854,4.032963884049624,8.97085526255927,TR,yahoo
,,,,,,,,,,,,,,,VKING,2021,,,,,,,,,,,,TR,yahoo
1914008831.0,554078358.0,134543720.0,1356581088.0,319683933.0,840541588.0,11892657.0,857409643.0,-182182619.0,1472059539.0,206076840.0,259500510.0,175931934.0,30144906.0,27861372.0,VKING,2022,852434245.0,1594324898.0,,0.4453658892235278,0.8329767721954675,0.9860485931087858,0.20638768917595515,1.1713441403992069,0.10766765370269078,0.4084373303603065,1.1232999354471167,TR,yahoo
2355298554.0,393697774.0,28106959.0,1684340224.0,363069907.0,1248218619.0,53462731.0,1317615223.0,-315239057.0,1337189856.0,201884624.0,288321941.0,323391390.0,-121506766.0,-58972819.0,VKING,2023,1301681350.0,1992228647.0,852434245.0,0.5526608708646963,0.8458497304371886,0.9589279426950382,0.30025444386609157,0.6242733425896094,0.08571508849998641,0.23374005345846327,-0.013675587052219051,TR,yahoo
3357070681.0,548547307.0,171651161.0,2809704079.0,48150984.0,2415482099.0,138125917.0,2565225736.0,-1086528585.0,1059795883.0,422399889.0,530769652.0,1055957649.0,-633557760.0,-635256215.0,VKING,2024,2553608016.0,3308919697.0,1301681350.0,0.7606655500143757,0.9856568453346782,0.9459095068097562,0.5477968311860304,0.4000159375709963,0.1258239486557894,0.19523312476210417,-1.3627864362092152,TR,yahoo
4365517683.0,394855512.0,25128458.0,3342704155.0,60132250.0,2525050293.0,330291091.0,2858418532.0,-2023028162.0,760210249.0,388478984.0,501506367.0,1337660376.0,-949181392.0,-982794142.0,VKING,2025,2855341384.0,4305385433.0,2553608016.0,0.6540670755083963,0.9862256313302397,0.8843251833735899,0.494610053479147,0.2904167537366002,0.08898806790149932,0.11812457629831737,-2.07774372142998,TR,yahoo
,,,,,,,,,,,,,,,VRGYO,2021,,,,,,,,,,,,TR,yahoo
2708649814.0,376015340.0,2951823.0,127568471.0,2130888564.0,,,,1805856966.0,0.0,166988367.0,168372880.0,5590305.0,161398062.0,135232202.0,VRGYO,2022,,577761250.0,,,0.21330230545630804,,,29.871065532202625,0.061650039121668464,2.947557002544931,10.312027609928553,TR,yahoo
5433981637.0,1870016909.0,454643234.0,130479908.0,5210103699.0,0.0,,0.0,3439211846.0,0.0,438282414.0,440044013.0,461.0,438281953.0,831973359.0,VRGYO,2023,0.0,223877938.0,,0.0,0.04119961254112718,,inf,950721.0715835141,0.08065585113790844,14.331838040535713,32.39096504359733,TR,yahoo
7174656323.0,6747323408.0,5190391.0,376305555.0,5320498280.0,189429495.0,,189429495.0,3018825572.0,332573287.0,-3609013.0,-1965753.0,1053497.0,-4662510.0,-555737593.0,VRGYO,2024,189429495.0,1854158043.0,0.0,0.026402588008674434,0.25843161811891574,1.0,0.011122840189169063,-3.425745873030488,-0.0005030224219145501,17.930437960183713,13.456485068509165,TR,yahoo
7721454950.0,7150251975.0,7807349.0,1336470948.0,4889083948.0,319127453.0,,320204482.0,2587522214.0,175636855.0,152560435.0,154230511.0,217051979.0,-64491544.0,-431303358.0,VRGYO,2025,319127453.0,2832371002.0,189429495.0,0.04132996372659015,0.3668183030712366,1.0,0.8535995028820254,0.7028751163793812,0.01975799068801146,5.350099069269106,11.22695556912792,TR,yahoo
,,,,,,274782759.0,,,,,,,,,VSNMD,2021,274782759.0,,,,,,,,,,,TR,yahoo
2178628217.0,343209011.0,21782305.0,425449573.0,1574464725.0,230607312.0,95637171.0,348443471.0,684203847.0,1396148976.0,374896008.0,380724521.0,67924863.0,306971145.0,276472092.0,VSNMD,2022,326244483.0,604163492.0,274782759.0,0.14974766252189783,0.27731371846084923,0.7068542887819501,0.22602923213254283,5.519275143771729,0.17207892795781227,0.8066972745557321,7.9188753340078675,TR,yahoo
2571259674.0,431785268.0,93015549.0,299030629.0,2099299999.0,124829453.0,12091571.0,146824523.0,825928171.0,1338335409.0,258323167.0,265308412.0,51694045.0,206629122.0,189906008.0,VSNMD,2023,136921024.0,471959675.0,326244483.0,0.053250562510085864,0.18355192973014361,0.9116894495326007,0.22322061646961117,4.9971552235852315,0.1004656082044555,1.443949970757009,9.981437110020167,TR,yahoo
3560660851.0,510583852.0,32057126.0,452565806.0,2878524686.0,231663033.0,,257117739.0,1210620959.0,1458933762.0,2236137.0,325989936.0,41805457.0,-39569320.0,-33503391.0,VSNMD,2024,231663033.0,682136165.0,136921024.0,0.06506180810085807,0.19157571966126016,1.0,0.22684354467344744,0.053489117461387875,0.0006280117915111146,1.128198032707756,8.900368211379977,TR,yahoo
4052612631.0,1026723767.0,509384090.0,188711778.0,3643889792.0,11750682.0,,21254136.0,1295363079.0,1424929074.0,79826197.0,384393724.0,18518947.0,61307250.0,64575044.0,VSNMD,2025,11750682.0,408722839.0,231663033.0,0.0028995324917349594,0.10085415908580087,1.0,0.15216025933460653,4.310514901306213,0.019697465380574146,5.440697861476352,15.141952399778678,TR,yahoo
,,,,,,,,,,,,,,,YAPRK,2021,,,,,,,,,,,,TR,yahoo
397256283.0,124230228.0,40222726.0,89533178.0,237975833.0,55787756.0,13117710.0,69375898.0,76781489.0,179078754.0,118984696.0,123763236.0,3321997.0,115662699.0,71864607.0,YAPRK,2022,68905466.0,159280450.0,,0.17345343283091635,0.40095136770939377,0.8096274394254876,0.04821093583490169,35.81721958207668,0.2995162092879976,1.3875328763600907,8.034573236612356,TR,yahoo
691135885.0,185323041.0,55903573.0,91312841.0,527725306.0,63484096.0,11365573.0,76954468.0,291428180.0,318021631.0,240134762.0,252316392.0,7424209.0,232710553.0,196827523.0,YAPRK,2023,74849669.0,163410579.0,68905466.0,0.10829949742806366,0.236437699946661,0.8481546658543005,0.10328965292265907,32.34482784630659,0.34744941944376107,2.029539755531207,11.242715084179942,TR,yahoo
896103908.0,256628513.0,112861774.0,108906196.0,676397775.0,81301327.0,23896065.0,107104365.0,359613779.0,348889776.0,98037714.0,114296795.0,13729635.0,84308079.0,45318731.0,YAPRK,2024,105197392.0,219706133.0,74849669.0,0.11739418951401337,0.2451793045857356,0.7728454617962393,0.15251162583542532,7.140591428686924,0.10940440402587777,2.3564179305280297,9.607455120461706,TR,yahoo
948025134.0,299038045.0,169276111.0,126617295.0,691895985.0,74313637.0,19307803.0,94980886.0,375582600.0,294338821.0,116877596.0,132589288.0,7393560.0,109484036.0,23599792.0,YAPRK,2025,93621440.0,256129149.0,105197392.0,0.09875417501325445,0.27017126425679766,0.7937672930474046,0.07437484594014716,15.808026985646968,0.1232853347535826,2.3617472241845,9.399518166382432,TR,yahoo
,,,,,,,,,,,,,,,YATAS,2021,,,,,,,,,,,,TR,yahoo
9075810781.0,5012238584.0,563133788.0,4202053730.0,4233929625.0,2000611233.0,259757108.0,2357991486.0,3027577642.0,12756701265.0,766710711.0,1330570172.0,177031184.0,589679527.0,349938139.0,YATAS,2022,2260368341.0,4841881156.0,,0.249054150151745,0.5334929597845259,0.8850819562067119,0.07831961755475675,4.330935904490138,0.0844784812619817,1.1928068763651911,6.408953761173952,TR,yahoo
15768551170.0,8128887684.0,759528318.0,7005470825.0,6749812518.0,3453210792.0,1047708434.0,5225371268.0,4964835606.0,19538512206.0,2270213910.0,3065631398.0,834218545.0,1435995365.0,1011153276.0,YATAS,2023,4500919226.0,9018738652.0,2260368341.0,0.2854364473613209,0.5719446609120525,0.767223453389741,0.24676321979606167,2.7213659101764516,0.14397098918758813,1.16036279174712,6.497121726676861,TR,yahoo
22055280076.0,9518762631.0,1167575043.0,8217487082.0,10534887306.0,4898838656.0,1280197612.0,6621913376.0,6733999878.0,21170416075.0,3119721851.0,4230587837.0,2430981207.0,688740644.0,235410956.0,YATAS,2024,6179036268.0,11520392770.0,4500919226.0,0.2801613149643868,0.5223417127464276,0.7928159738064836,0.4552418235011795,1.2833179631404694,0.14145011263741794,1.1583544380435207,6.543122559708885,TR,yahoo
23959641355.0,9602064002.0,1532238431.0,7465499903.0,10764223099.0,2610255288.0,1691170460.0,7180238155.0,6847264081.0,22658162029.0,2177993643.0,3550184762.0,1607426617.0,570567026.0,113264203.0,YATAS,2025,4301425748.0,13195418256.0,6179036268.0,0.1795279688985144,0.5507352159612491,0.6068349056620749,0.3067472816648773,1.3549568110703993,0.09090259786152796,1.286191698715504,6.234039058295547,TR,yahoo
,,,,,,12185333.0,,,,,,,,,YAYLA,2021,12185333.0,,,,,,,,,,,TR,yahoo
463891252.0,26348620.0,17502614.0,47907860.0,393682375.0,26080072.0,8200356.0,34280428.0,-21329059.0,28134666.0,87976997.0,88890596.0,8207965.0,79769032.0,80118051.0,YAYLA,2022,34280428.0,70208877.0,12185333.0,0.07389755217888869,0.15134770638011513,0.7607860671984609,0.35329088874709275,10.718490758671608,0.1896500453946909,0.5499853259986983,9.957350725440573,TR,yahoo
780952743.0,14023583.0,4513380.0,33428734.0,713505859.0,18000816.0,637422.0,18638238.0,40881818.0,22998550.0,77783092.0,79432885.0,5975180.0,71807912.0,71676452.0,YAYLA,2023,18638238.0,67446884.0,34280428.0,0.02386602539918347,0.08636487240048019,0.9658003079475646,0.2258250425284719,13.017698546319943,0.09960025455727223,0.4195068529965867,15.034687836364313,TR,yahoo
921638351.0,21086340.0,1512335.0,40597948.0,830838241.0,3664985.0,0.0,3664985.0,-27884725.0,68861912.0,-72955787.0,-70084195.0,4136779.0,-77092566.0,-81395887.0,YAYLA,2024,3664985.0,90800110.0,18638238.0,0.003976597757703336,0.09852032513781536,1.0,0.3709579552695142,-17.635891837586684,-0.07915880119446114,0.5193942314522891,12.088239953765813,TR,yahoo
907892779.0,12939248.0,2071454.0,19436896.0,824200367.0,404070.0,,404070.0,-35190183.0,80376086.0,19294589.0,21523366.0,979916.0,18314673.0,-7305458.0,YAYLA,2025,404070.0,83692412.0,3664985.0,0.0004450635684591121,0.0921831453403376,1.0,0.4816430350535935,19.69004384049245,0.021252056901754475,0.6657054706677444,13.559874943994044,TR,yahoo
,,,,,,,,,,,,,,,YEOTK,2021,,,,,,,,,,,,TR,yahoo
2275776949.0,2007774103.0,103299319.0,1389340713.0,723317755.0,437481074.0,41766050.0,484894393.0,358914852.0,2951601608.0,355666739.0,368124160.0,67985144.0,287681595.0,205108176.0,YEOTK,2022,479247124.0,1552459194.0,,0.21058615793194765,0.6821666748501722,0.9128507028870558,0.14185822010274599,5.23153615736991,0.15628365475636075,1.4451272349635664,7.086231065870216,TR,yahoo
8540519816.0,6352440525.0,804869246.0,4971927378.0,1778312082.0,778377694.0,1218781111.0,2131865491.0,1128432038.0,9214700869.0,1192838115.0,1240058045.0,205304651.0,987533464.0,613293919.0,YEOTK,2023,1997158805.0,6762207734.0,479247124.0,0.23384511107374029,0.7917794091797,0.389742514241375,0.1658085603783902,5.810088126060037,0.13966809289117396,1.2776615670431057,5.955806539554132,TR,yahoo
11220910430.0,7383100695.0,1041563535.0,5397995284.0,2861731310.0,1677455645.0,2169592979.0,4006635671.0,2001463703.0,9927919583.0,1918539493.0,2070321118.0,466640345.0,1451899148.0,1172970028.0,YEOTK,2024,3847048624.0,8359179120.0,1997158805.0,0.3428463891588162,0.7449644279889328,0.43603702706929964,0.15969328627332677,4.111387953392671,0.17097895085862475,1.367748637514371,6.5004629605105135,TR,yahoo
26573570667.0,15975475268.0,1687931311.0,14706304456.0,4128563110.0,3487737983.0,2537941206.0,7101044075.0,3467577627.0,16733157490.0,2440182701.0,2619019234.0,695609740.0,1744572961.0,1477665556.0,YEOTK,2025,6025679189.0,22445007557.0,3847048624.0,0.22675459254269137,0.8446364938405889,0.5788124248909462,0.14091540923148915,3.5079766148760365,0.09182743002732054,1.0863011381137424,4.798924941443238,TR,yahoo
,,,,,,,,,,,,,,,YESIL,2021,,,,,,,,,,,,TR,yahoo
760825215.0,977753.0,23731.0,959895.0,670349329.0,,,,-198217505.0,24741547.0,-676941698.0,-676941698.0,104.0,-676941802.0,-657016660.0,YESIL,2022,,90475886.0,,,0.11891809605705563,,,-6509054.788461538,-0.8897466654019872,1.0186041181587568,4.201336370393367,TR,yahoo
770652651.0,1000716.0,30542.0,5774248.0,764878403.0,,,,-489147722.0,24142083.0,-565777594.0,-565777594.0,1796192.0,-567573786.0,-202963727.0,YESIL,2023,,5774248.0,,,0.007492672597060852,,,-314.9872586004169,-0.7341538282724989,0.17330672323045357,135.2935813798152,TR,yahoo
1414063732.0,84076996.0,275230.0,2726469.0,1411337263.0,,,,-859539682.0,0.0,-278582219.0,-278582219.0,3181.0,-278585400.0,-219282840.0,YESIL,2024,,2726469.0,,,0.001928108994170851,,,-87576.93146809179,-0.19700824842313402,30.837319624760084,543.8469284509047,TR,yahoo
1344025999.0,458411230.0,28445.0,4312619.0,1339713380.0,,,,-931163565.0,62525226.0,-19822182.0,-19822182.0,2306.0,-19824488.0,-71623883.0,YESIL,2025,,4312619.0,,,0.003208731827515786,,,-8595.915871639201,-0.014748362021827228,106.29532309717135,329.2907827022847,TR,yahoo
,,,,,,,,,,,,,,,YGGYO,2021,,,,,,,,,,,,TR,yahoo
9817361374.0,1626842077.0,1463025815.0,103138946.0,9695045535.0,12656.0,,12656.0,8220654852.0,1056295953.0,5445821277.0,5457276552.0,7214015.0,5438607262.0,5438607262.0,YGGYO,2022,12656.0,122315839.0,,1.2891447628196476e-06,0.012459135845191309,1.0,570.0075063211125,754.8946428583805,0.5547133358483214,15.773305236219885,93.95111590502279,TR,yahoo
25555508043.0,3512921213.0,3205705475.0,261516048.0,25167801287.0,46413807.0,81236669.0,127650476.0,20420579049.0,2082548974.0,10862488079.0,11321965994.0,4006048.0,10858482031.0,10851530851.0,YGGYO,2023,127650476.0,387706756.0,12656.0,0.0049950279127777,0.015171162136461542,0.3636007358092421,0.06275966972203063,2711.5221981863424,0.4250546716082752,13.432908763595265,77.70620595568333,TR,yahoo
25308693108.0,4258662379.0,3962553735.0,514992810.0,21003504624.0,134625498.0,324112960.0,458738458.0,16340153239.0,2924021372.0,453052661.0,483237475.0,2884998.0,450167663.0,-249452046.0,YGGYO,2024,458738458.0,4305188484.0,127650476.0,0.018125726841857124,0.17010710373816745,0.29346895960486485,0.009839878731408666,157.03742636909973,0.01790106897526018,8.269362787802805,11.56800100225584,TR,yahoo
27129857159.0,5091431765.0,3361631386.0,680569455.0,25699504230.0,228727986.0,418999350.0,647727336.0,20827192062.0,3122616216.0,4684430490.0,4800509108.0,13248796.0,4671181694.0,5362720197.0,YGGYO,2025,647727336.0,1430352929.0,458738458.0,0.02387507358420147,0.052722464427922645,0.3531238737158995,0.02394795405668004,353.5740523138857,0.17266697950328122,7.481134699176295,26.845131963341593,TR,yahoo
,,,,,,,,,,,,,,,YIGIT,2021,,,,,,,,,,,,TR,yahoo
3123799354.0,1662080078.0,19529922.0,1214484590.0,1293531044.0,273371013.0,224738442.0,498109455.0,772896037.0,8024942683.0,459516178.0,461290766.0,140799750.0,318716428.0,282507048.0,YIGIT,2022,498109455.0,1830268310.0,,0.15945628977807902,0.5859109701320464,0.5488171530492229,0.28266829426074636,3.2636150135209756,0.14710169441951937,1.368547688200803,6.7271531576347,TR,yahoo
5605840173.0,2975870194.0,56204353.0,2275599560.0,3005123658.0,656463762.0,274554132.0,955957569.0,2000808283.0,9364437084.0,704102725.0,838063368.0,169150344.0,534952381.0,586306501.0,YIGIT,2023,931017894.0,2600716515.0,498109455.0,0.16607999251997227,0.46392983651694275,0.7051032705500287,0.23671836399794488,4.16258523837232,0.12560164101560445,1.3077301676047082,7.290321528060199,TR,yahoo
10320883961.0,6157589798.0,72278438.0,3318158199.0,6771323260.0,295149381.0,201366712.0,535752819.0,2910815162.0,13054927729.0,585317310.0,761406271.0,262491135.0,322826175.0,289425288.0,YIGIT,2024,496516093.0,3549560701.0,931017894.0,0.048107903826475354,0.3439202217962036,0.5944407143314889,0.36775465577759303,2.229855533978319,0.056711935936085076,1.8557252031731715,8.358316187812843,TR,yahoo
10285278963.0,5856899862.0,48432967.0,3005353130.0,6959162874.0,328722416.0,183741803.0,515551415.0,3097560393.0,11834942581.0,625782447.0,832521869.0,270919563.0,354862884.0,186745231.0,YIGIT,2025,512464219.0,3326116089.0,496516093.0,0.04982501892690764,0.3233860842243837,0.6414543763493467,0.5370165498333331,2.3098459191003493,0.06084253516615094,1.9488225205668261,8.656281018249897,TR,yahoo
,,,,,,,,,,,,,,,YKBNK,2021,,,,,,,,,,,,TR,yahoo
1184267014000.0,,194576967000.0,,126260402000.0,,,225126381000.0,54384643000.0,115319501000.0,,,54040436000.0,69193768000.0,52744689000.0,YKBNK,2022,225126381000.0,1058006612000.0,,0.19009765394005984,0.8933851905800021,,0.24004488394454312,,,,,TR,yahoo
1863373400000.0,,334868273000.0,,178878319000.0,,,361704986000.0,69648790000.0,156629388000.0,,,153527562000.0,85028901000.0,68008836000.0,YKBNK,2023,361704986000.0,1684495081000.0,225126381000.0,0.1941129920605285,0.9040029663405091,,0.5232425212198992,,,,,TR,yahoo
2553880784000.0,,478927233000.0,,192808874000.0,,,711641518000.0,30656777000.0,150011388000.0,,,390000295000.0,33693912000.0,29016823000.0,YKBNK,2024,711641518000.0,2361071910000.0,361704986000.0,0.27865103275705605,0.9245035730688986,,0.7266997070314211,,,,,TR,yahoo
3522932086000.0,,647696997000.0,,255609879000.0,,,942491040000.0,48730105000.0,238634809000.0,,,457076539000.0,65262406000.0,47090151000.0,YKBNK,2025,942491040000.0,3267322207000.0,711641518000.0,0.2675302892569017,0.927443994729338,,0.5526480169795437,,,,,TR,yahoo
,,,,,,,,,,,,,,,YKSLN,2021,,,,,,,,,,,,TR,yahoo
2255227637.0,2025966020.0,160276384.0,1386495670.0,830884755.0,999136772.0,34661141.0,1046502775.0,229272594.0,2875473772.0,201798081.0,214760282.0,138390749.0,63407332.0,52102374.0,YKSLN,2022,1033797913.0,1424342882.0,,0.4584006935881657,0.6315738857717803,0.9664720342688484,0.13386634588804786,1.4581760880562906,0.08948013836352255,1.4612133768870696,6.655329957124514,TR,yahoo
2327319838.0,1903367969.0,205522079.0,1240556206.0,938428112.0,917893206.0,107456440.0,1076240707.0,60134671.0,2040613490.0,69756104.0,101945925.0,254432918.0,-184676814.0,-213024861.0,YKSLN,2023,1025349646.0,1388891726.0,1033797913.0,0.4405710075849059,0.5967773330173453,0.895200197884498,0.24712451216809567,0.27416304677997677,0.02997271920302344,1.5342859596318847,6.113363528899987,TR,yahoo
2013492503.0,1548002327.0,15176882.0,1189414979.0,735368514.0,785649779.0,75944550.0,874965643.0,-593104547.0,2034461915.0,11379803.0,39687176.0,453544529.0,-442164726.0,-485582909.0,YKSLN,2024,861594329.0,1278123989.0,1025349646.0,0.42791037350090394,0.6347796115931205,0.9118557917063542,0.4807185957919074,0.025090817488397043,0.005651773216460792,1.301482118798842,4.100100165198863,TR,yahoo
1558555316.0,1057976708.0,22763189.0,769735614.0,768570322.0,316686048.0,0.0,342417432.0,-810353384.0,1131220229.0,-12665959.0,63365502.0,209093794.0,-221759753.0,-187741602.0,YKSLN,2025,316686048.0,789984994.0,861594329.0,0.20319204891153186,0.5068700391253871,1.0,0.3549134791370628,-0.06057548986843674,-0.00812673048558002,1.3744676597489485,3.7351390840395533,TR,yahoo
,,,,,,,,,,,,,,,YUNSA,2021,,,,,,,,,,,,TR,yahoo
1837179819.0,1272949825.0,218485329.0,646632070.0,896576906.0,89065526.0,102023872.0,198121614.0,-104613173.0,2405442036.0,663571134.0,746695446.0,28146855.0,635424279.0,542839130.0,YUNSA,2022,191089398.0,940602913.0,,0.10401235416575191,0.5119819536837619,0.466093498290261,0.14729679037452406,23.575320724109318,0.36119008446390954,1.968584430091752,8.72880581042079,TR,yahoo
5112161597.0,2069670147.0,680703551.0,1078698292.0,3667348304.0,353156171.0,64616062.0,430942687.0,-85303804.0,3159798213.0,935461804.0,1042499551.0,40280394.0,895181410.0,785771182.0,YUNSA,2023,417772233.0,1444813293.0,191089398.0,0.08172124943099682,0.2826227742581276,0.8453318413816171,0.13231378674278788,23.223750095393804,0.18298752616681024,1.9186737963241347,8.3621073766748,TR,yahoo
5906253988.0,1947769138.0,299250704.0,866840387.0,4446757534.0,332473786.0,55099931.0,436034480.0,-937228301.0,2538379929.0,285539069.0,460084020.0,80088268.0,205450801.0,47967287.0,YUNSA,2024,387573717.0,1459496454.0,417772233.0,0.06562090248530639,0.24711034387707068,0.8578336750322004,0.19889158938466134,3.5653045836875883,0.04834520655226519,2.2469755299945433,7.45725729727644,TR,yahoo
5982678695.0,2501121612.0,550448057.0,1055265705.0,4407653924.0,272354326.0,39438182.0,391096498.0,-606730461.0,3024786029.0,221963607.0,374133072.0,,493130700.0,378465127.0,YUNSA,2025,311792508.0,1575024771.0,387573717.0,0.052115870481324586,0.26326414158198413,0.8735114507626335,,,0.037101040907562895,2.370134460116848,7.692476674578796,TR,yahoo
604138239.0,134814987.0,49785.0,244738890.0,342743772.0,12452679.0,5667844.0,18120523.0,-181068184.0,13961255.0,46809252.0,47298353.0,19164875.0,27644377.0,27021450.0,YYAPI,2021,18120523.0,261394467.0,,0.029994001091528326,0.43267326933761596,0.6872141052440925,1.0576336566003088,2.442450159471429,0.07748102831146896,0.5508523267389176,2.9767787148628186,TR,yahoo
2324120258.0,453074574.0,13255639.0,410610972.0,1080786403.0,90511.0,0.0,14773940.0,-3131765688.0,4041939.0,849605831.0,853682356.0,27199115.0,822406716.0,473898266.0,YYAPI,2022,90511.0,1243333855.0,18120523.0,3.894419821368813e-05,0.5349696732431304,1.0,2.98710276418132,31.23652482810562,0.3655601847948782,1.1034156534911104,2.346280022603078,TR,yahoo
4245381132.0,564403158.0,14886628.0,413525894.0,2576999969.0,5758706.0,,5758706.0,-3506154347.0,12480729.0,466585476.0,467417604.0,45285869.0,421299607.0,1015981180.0,YYAPI,2023,5758706.0,1668381163.0,90511.0,0.0013564638417486613,0.3929873693611168,1.0,15.484420906251213,10.303114112704781,0.1099042610056995,1.3648556624606438,3.151182438369802,TR,yahoo
,,,,,,,,,,,,,,,YYLGD,2021,,,,,,,,,,,,TR,yahoo
11029337301.0,9253804022.0,1056059187.0,5491967396.0,4610864626.0,4766231457.0,853828178.0,5625996894.0,1394269211.0,23095108877.0,930740633.0,982737711.0,726922246.0,203818387.0,484404949.0,YYLGD,2022,5620059635.0,6418472675.0,,0.5095555137741997,0.5819454514658877,0.8480748900451837,0.12934422287495886,1.2803854031453041,0.08438772045856394,1.6849706771274504,7.220945097959621,TR,yahoo
26205198958.0,18879760818.0,1636310107.0,13482238106.0,8185689636.0,9608520643.0,4089784573.0,14677508045.0,817286014.0,23641513052.0,1798760838.0,1961754209.0,1673159918.0,125600920.0,664856596.0,YYLGD,2023,13698305216.0,18019509322.0,5620059635.0,0.5227323493309385,0.6876310823237979,0.7014386445249432,0.1732196209052745,1.0750680904131007,0.06864137306810521,1.4003432271084086,5.641096959922228,TR,yahoo
30026021375.0,16811869109.0,1485116227.0,14900608177.0,12119070326.0,11556972485.0,2398633301.0,14914367589.0,2462219332.0,15531037408.0,3011901658.0,3277101300.0,2357646385.0,654255273.0,1392947146.0,YYLGD,2024,13955605786.0,17906951049.0,13698305216.0,0.4647837158212241,0.5963810797760081,0.8281240285960023,0.17051088251708693,1.2775035633683463,0.10030971537600193,1.128267310253158,5.319596681463652,TR,yahoo
31631859714.0,13692758983.0,500831824.0,13560071842.0,13499616720.0,8821990719.0,1585422147.0,11687177594.0,3365602293.0,22507723531.0,1412394316.0,1708318366.0,1101614492.0,310779824.0,903382961.0,YYLGD,2025,10407412866.0,18132242994.0,13955605786.0,0.32901678750787344,0.5732272195799736,0.8476641440660609,0.0904333332199429,1.2821130497618762,0.04465100467598767,1.0097851355469243,4.706167714126211,TR,yahoo
545046046.0,26381239.0,1315285.0,54743206.0,336132454.0,28995736.0,118947874.0,147943610.0,92994674.0,15281667.0,267414742.0,280237000.0,1566484.0,265848258.0,271518419.0,ZEDUR,2021,147943610.0,208913592.0,,0.27143323226676525,0.38329530786101695,0.19599181066353594,0.010588385669377677,170.71016492986843,0.4906277991786404,0.4819089148706417,8.451280141965476,TR,yahoo
1440115767.0,55229734.0,15137321.0,97869688.0,967722181.0,73154251.0,236356330.0,309510581.0,72412441.0,144121860.0,230457117.0,268395685.0,75107745.0,155349372.0,191360866.0,ZEDUR,2022,309510581.0,472393586.0,147943610.0,0.21492062519721028,0.3280247302507313,0.23635460462658625,0.32837274847483033,3.068353563271005,0.16002679942882675,0.5643190974512967,6.44604573806817,TR,yahoo
2238805809.0,51278678.0,11009310.0,157601864.0,1706673356.0,134786623.0,259265320.0,407083357.0,373156708.0,140162266.0,375311091.0,439171231.0,22812074.0,352499017.0,281454596.0,ZEDUR,2023,394051943.0,532132453.0,309510581.0,0.17600988054252453,0.23768584611529386,0.34205293336163045,0.06484732549512544,16.452300259941293,0.16763896604665277,0.3253684740683016,7.975954497046464,TR,yahoo
2181712863.0,34259620.0,11673089.0,152897304.0,1750311383.0,128403269.0,179350648.0,317497428.0,411949316.0,139910561.0,152810822.0,203544338.0,54137370.0,98673452.0,77209832.0,ZEDUR,2024,307753917.0,431401480.0,394051943.0,0.14106068778309255,0.19773522323501103,0.4172270827669108,0.15428018797107224,2.8226495302597816,0.07004167440708718,0.22406948391974263,8.239640822485075,TR,yahoo
4799472659.0,4238851406.0,81354499.0,2205036354.0,709674260.0,0.0,0.0,0.0,233727811.0,0.0,182733937.0,182733937.0,0.0,182733937.0,134446780.0,ZERGY,2023,0.0,4089798399.0,,0.0,0.85213495097858,,,inf,0.03807375309396465,1.9223498960960894,6.626665034770418,TR,yahoo
5832914623.0,5066051078.0,3461439.0,2794434280.0,850243195.0,303284967.0,62676770.0,365961737.0,-66967559.0,2433120321.0,-267694924.0,-266521741.0,0.0,-267694924.0,-300695370.0,ZERGY,2024,365961737.0,4982671428.0,0.0,0.06274080123802285,0.8542335607575376,0.8287340897608648,0.0,-inf,-0.0458938526109128,1.812907576412926,5.638116082199207,TR,yahoo
,,,,,,,,,,,,,,,ZOREN,2021,,,,,,,,,,,,TR,yahoo
117744528000.0,22590703000.0,3798939000.0,37540403000.0,34594820000.0,19120106000.0,37000471000.0,56632634000.0,24190782000.0,38806100000.0,16848964000.0,20517940000.0,6680800000.0,10168164000.0,9493495000.0,ZOREN,2022,56120577000.0,83149708000.0,,0.4766300222461293,0.7061874501717821,0.34069688912856333,0.11904367982531612,2.5219979643156507,0.14309763932299258,0.6017703912235572,4.4853399365736815,TR,yahoo
142229157000.0,28626187000.0,2791942000.0,45564675000.0,55444006000.0,24224999000.0,36518999000.0,61352794000.0,51553113000.0,39389311000.0,17699030000.0,23893398000.0,10940997000.0,6758033000.0,15768107000.0,ZOREN,2023,60743998000.0,86785151000.0,56120577000.0,0.4270854111861185,0.6101783405775231,0.3988048168973007,0.18724231872661154,1.617679814737176,0.12444023696210194,0.6282539489198595,5.157433499627791,TR,yahoo
155479702000.0,17552683000.0,2018247000.0,26358536000.0,76764364000.0,14549507000.0,44854712000.0,59855704000.0,65282115000.0,38819421000.0,3943811000.0,10262965000.0,15686329000.0,-11742518000.0,-3094083000.0,ZOREN,2024,59404219000.0,78715338000.0,60743998000.0,0.3820705740740357,0.5062740472708135,0.24492379909918519,0.2611163010434021,0.2514170778899257,0.025365439663628888,0.6659202544481226,5.441688815100183,TR,yahoo
130669930000.0,22812573000.0,5011587000.0,23592211000.0,57550928000.0,11311673000.0,45074698000.0,56677811000.0,51844653000.0,36197416000.0,-592425000.0,5695329000.0,9936286000.0,-10528711000.0,-14707184000.0,ZOREN,2025,56386371000.0,73119002000.0,59404219000.0,0.4315175725585833,0.5595702239987425,0.2006100552206135,0.17162510355979704,-0.05962237801931224,-0.0045337515677861,0.9669535848081385,5.300272131189873,TR,yahoo
,,,,,,,,,,,,,,,ZRGYO,2021,,,,,,,,,,,,TR,yahoo
34192392165.0,249685373.0,68046327.0,740173634.0,32109998706.0,480083162.0,1335709559.0,1821528994.0,264793038.0,1339390170.0,9176674312.0,9182680511.0,63722535.0,9112951777.0,9111999405.0,ZRGYO,2022,1815792721.0,2082393459.0,,0.053105167729641356,0.06090224541620631,0.2643931526146921,0.03509350723958542,144.00987518779658,0.2683835125579024,0.3373335140981258,21.17542406896263,TR,yahoo
58153786710.0,3347211837.0,2014954386.0,3340580818.0,52465335957.0,2742086508.0,2304881609.0,5053234299.0,-11824169921.0,5069877679.0,6868017760.0,6885325929.0,876416319.0,5991601441.0,5989158494.0,ZRGYO,2023,5046968117.0,5688450753.0,1815792721.0,0.08678657749611574,0.09781737484038724,0.543313618083631,0.25541217002555844,7.836478635902717,0.11810095521808885,1.0019849898449606,13.065833353461892,TR,yahoo
83297304270.0,2705705672.0,1417211310.0,4258621814.0,72095474585.0,3678232905.0,2969761840.0,6652893276.0,4225999897.0,4539192191.0,10215480399.0,10228930779.0,3098980485.0,7116499914.0,4001953796.0,ZRGYO,2024,6647994745.0,11201829685.0,5046968117.0,0.07981044288601682,0.13448009852384146,0.553284568668834,0.5299684182956066,3.2964003640700565,0.12263878751571032,0.6353477228490052,10.875073589616964,TR,yahoo
96073349881.0,2647791854.0,637421787.0,3780819066.0,79327814054.0,2776111641.0,5553037421.0,8329149062.0,7501142001.0,3466335335.0,12341902435.0,12344083589.0,2258578208.0,10083324227.0,7555651440.0,ZRGYO,2025,8329149062.0,16745535827.0,6647994745.0,0.08669572854820605,0.17429948937703993,0.33330075141354215,0.3016033279916012,5.464456529016506,0.1284633298441986,0.7003222867264286,9.264554997681076,TR,yahoo
