ticker,year,cash,current_assets,current_liabilities,depreciation,ebit,equity,export_sales,interest_expense,lt_debt,lt_liabilities,net_fx_position,net_income,pretax_income,retained_earnings,revenue,st_debt,total_assets,total_liabilities,total_debt,total_debt_lag,total_assets_lag,debt_to_assets,leverage,st_debt_share,implied_rate,icr,roa,cash_ratio,current_ratio,altman_z,export_share,fx_exposure,country
A1CAP,2020,16639770.0,452463975.0,325928352.0,1242248.0,106055903.0,138792643.0,0.0,-14052233.0,0.0,2806817.0,7533719.0,73169578.0,95705741.0,10418879.0,3258373175.0,134072577.0,467527812.0,328735169.0,134072577.0,,,0.2867692008021119,0.7031350019450822,1.0,0.10481064296988936,7.547263342416825,0.2268440513652266,0.051053459749337796,1.3882314079874831,7.0658064327343,0.0,0.01611394831843715,TR
A1CAP,2021,138616535.0,851508753.0,588233083.0,3263754.0,201333408.0,296625805.0,0.0,-59348374.0,6343936.0,8695590.0,70437819.0,107847238.0,149691172.0,79742037.0,6383982336.0,232609609.0,893554478.0,596928673.0,238953545.0,134072577.0,467527812.0,0.267419111965997,0.6680383655354475,0.9734511743694784,0.31819956029781743,3.392399731119845,0.22531744057803266,0.23564899528100836,1.447570321372081,7.509655556445962,0.0,0.07882879078358779,TR
A1CAP,2022,601884013.0,4019261420.0,2578328327.0,12651941.0,1638742798.0,1487849161.0,0.0,-749488363.0,11312605.0,132279622.0,304216291.0,652970166.0,919349838.0,297420870.0,29904761919.0,1352243042.0,4198457110.0,2710607949.0,1363555647.0,238953545.0,893554478.0,0.32477541422353606,0.6456200165874745,0.9917035985844148,0.9353935275274228,2.1864819774393216,0.390320242666478,0.233439630902368,1.5588633060850672,8.931663074333187,0.0,0.07245906842192322,TR
A1CAP,2023,1057144887.0,6297396379.0,2843103868.0,21452328.0,2302099126.0,3696944220.0,0.0,-2104407870.0,19046268.0,34025698.0,871131129.0,-179999056.0,377985040.0,1305745765.0,27798928095.0,1066848965.0,6574073786.0,2877129566.0,1085895233.0,1363555647.0,4198457110.0,0.1651784370465233,0.43764789682267796,0.9824603079365393,1.7182690922138435,1.0939415114428364,0.350178473947539,0.37182774041373856,2.214972322987955,11.04678865786645,0.0,0.13251009303472397,TR
A1CAP,2024,1441993157.0,10860801363.0,5776483475.0,41658282.0,4442296357.0,5321869696.0,0.0,-3601351353.0,11955519.0,209814582.0,789968878.0,484152706.0,1194048315.0,1473516084.0,54353110882.0,2358867212.0,11308167754.0,5986298057.0,2370822731.0,1085895233.0,6574073786.0,0.20965578001452773,0.5293782500602263,0.9949572277827127,2.083682493339801,1.2335081811163677,0.39283962297328334,0.24963165968374904,1.8801752675316015,10.197609091488326,0.0,0.06985825601327562,TR
A1CAP,2025,1987191745.0,20648453604.0,8957406449.0,74902733.0,10630835004.0,10813347327.0,0.0,-4102416937.0,46125362.0,1666044467.0,1586844676.0,4503610095.0,6873484003.0,2296440496.0,38936272764.0,2446369016.0,21436798243.0,10623450916.0,2492494378.0,2370822731.0,11308167754.0,0.11627176548223112,0.4955707841990347,0.9814942964737953,1.6870859312908522,2.5913589884342856,0.49591524272853604,0.2218490091204747,2.305182166463506,11.578196185604758,0.0,0.07402433227257575,TR
A1YEN,2018,357252.0,3752330.0,16426003.0,9659992.0,12175560.0,48900210.0,0.0,-74007498.0,129308596.0,159681378.0,-8104846.0,29205062.0,31009845.0,9626707.0,18311677.0,14762264.0,225007593.0,176107381.0,144070860.0,,,0.6402933255679065,0.7826730585042968,0.10246530075547547,0.5136881809409619,0.16451792492701212,0.05411177390800318,0.02174917416001933,0.2284384095144753,3.6751675171532363,0.0,-0.036020322211970865,TR
A1YEN,2019,24708.0,12815563.0,25372918.0,26785710.0,20262920.0,210096465.0,0.0,-33721717.0,173537363.0,333004502.0,-96411407.0,38361486.0,39554928.0,65617479.0,39205379.0,23470537.0,568473886.0,358377420.0,197007900.0,144070860.0,225007593.0,0.3465557606985662,0.630420198404681,0.1191350042307948,0.1977356608192196,0.6008863664919554,0.03564441656692037,0.0009737941848075968,0.5050882598524932,4.336471956282841,0.0,-0.16959689683969054,TR
A1YEN,2020,443286.0,9039390.0,22103023.0,21480186.0,51398470.0,351119057.0,0.0,-79971940.0,210830144.0,279771821.0,-123656299.0,29673453.0,34182766.0,103946281.0,65144130.0,19254833.0,652993901.0,301874844.0,230084977.0,197007900.0,568473886.0,0.3523539448801069,0.46229351229422894,0.08368574624496236,0.3744943749085284,0.6427063042362109,0.07871202153846762,0.02005544671423452,0.4089662305468352,5.387931708276753,0.0,-0.18936822964292893,TR
A1YEN,2021,21823513.0,38555951.0,85770437.0,32652074.0,22785436.0,843936780.0,0.0,-175195719.0,319614711.0,471009887.0,-16510043.0,68285171.0,65903781.0,133619734.0,89020796.0,77608100.0,1400717104.0,556780324.0,397222811.0,230084977.0,652993901.0,0.2835853220223118,0.39749662684207504,0.1953767453702451,0.5585638257690497,0.13005703638226457,0.01626697920296117,0.25444096781272085,0.4495249452908815,5.040709423796613,0.0,-0.011786850430292168,TR
A1YEN,2022,79133154.0,108241565.0,136075039.0,46747210.0,89774311.0,1372544425.0,0.0,-172780149.0,363668608.0,575881791.0,-143822839.0,116169473.0,110990685.0,201904905.0,179002231.0,102665310.0,2084501255.0,711956830.0,466333918.0,397222811.0,1400717104.0,0.2237148655494573,0.34154780588030875,0.2201540699426457,0.4001593484195987,0.5195869520867238,0.0430675255218304,0.5815405571921239,0.7954549621698069,5.791824825265757,0.0,-0.06899628323802569,TR
A1YEN,2023,25868522.0,73066010.0,185485721.0,70366959.0,45402259.0,2167031548.0,0.0,-335852668.0,462821080.0,785462799.0,-451699975.0,4633837.0,-4560074.0,318074378.0,261478496.0,168055255.0,3137980068.0,970948520.0,630876335.0,466333918.0,2084501255.0,0.20104536081457353,0.30941831973420936,0.26638383099280466,0.6121938198840364,0.13518504786747743,0.014468625681531894,0.13946368410752222,0.3939171684272128,5.786120758796956,0.0,-0.1439460943701571,TR
A1YEN,2024,11332518.0,144907164.0,229321783.0,143575723.0,193805159.0,3323912540.0,0.0,-58246095.0,503305692.0,897351473.0,-427500907.0,309702410.0,308478721.0,422400298.0,507292062.0,210818882.0,4450585795.0,1126673256.0,714124574.0,630876335.0,3137980068.0,0.16045630999907506,0.2531516766322668,0.29521303379765784,0.08661123514526933,3.3273502541243323,0.04354598875899212,0.04941753832430302,0.6318944589751424,6.825319105931033,0.0,-0.09605497493841707,TR
A1YEN,2025,54611851.0,260954187.0,250621441.0,135301846.0,126015646.0,3583239418.0,0.0,-35451026.0,356334916.0,831120477.0,-358790483.0,84362830.0,130550781.0,613639644.0,525221546.0,224256181.0,4664981336.0,1081741918.0,580591097.0,714124574.0,4450585795.0,0.12445732473129878,0.23188558326099162,0.386254942865581,0.05476264294015794,3.5546403085766825,0.0270131082899578,0.21790574175176017,1.041228499679722,7.352979428789571,0.0,-0.07691145090574913,TR
AAGYO,2023,244498.0,1046210208.0,217082716.0,1440924.0,34096404.0,11338760225.0,0.0,-332967420.0,882452456.0,2392003602.0,-1051775306.0,-298094124.0,-298871016.0,10964905518.0,73179612.0,169492073.0,13947846543.0,2609086318.0,1051944529.0,,,0.07541985250245953,0.18706015369156906,0.1611226336821416,0.31652564448101234,0.1024016223569261,0.002444564033227907,0.0011262895752603354,4.819408137495387,10.782356893438564,0.0,-0.07540771994855751,TR
AAGYO,2024,19300124.0,1344529811.0,818555572.0,1733057.0,309613037.0,12177472993.0,0.0,654725545.0,0.0,2306642080.0,-745360721.0,465499486.0,1506365918.0,10731174471.0,686466938.0,745392923.0,15302670645.0,3125197652.0,745392923.0,1051944529.0,13947846543.0,0.048709989275208636,0.20422563645915806,1.0,0.7285504948127014,0.4728898075910571,0.020232614566605932,0.023578269649846082,1.6425638734763874,9.98892435583767,0.0,-0.04870788493664271,TR
AAGYO,2025,94235209.0,1716214385.0,555916281.0,2535394.0,808157246.0,14503842242.0,0.0,530705980.0,0.0,3308953598.0,-447561835.0,147929634.0,1443247116.0,13171489919.0,1532942051.0,447071399.0,18368712121.0,3864869879.0,447071399.0,745392923.0,15302670645.0,0.024338744929694137,0.2104050547224535,1.0,0.8900995530162286,1.5227965699576251,0.0439964021797737,0.16951331022449403,3.087181368231955,10.238025706988529,0.0,-0.024365444460764652,TR
ACSEL,2010,159210.0,1593687.0,1144216.0,0.0,-285873.0,566920.0,0.0,0.0,62774.0,1109762.0,-41464.0,-285873.0,-285873.0,-647372.0,5725257.0,737861.0,2820899.0,2253978.0,800635.0,,,0.28382263952023806,0.7990282530498256,0.9215947341797448,0.0,-inf,-0.10134109728848853,0.13914330860606738,1.3928200619463458,3.1301863888326293,0.0,-0.014698860186061253,TR
ACSEL,2011,76593.0,1272727.0,995610.0,62429.0,-187799.0,3350463.0,0.0,-186001.0,0.0,1255755.0,194972.0,-236992.0,-292337.0,-753379.0,4990779.0,668136.0,5601828.0,2251365.0,668136.0,800635.0,2820899.0,0.11927106651614437,0.4018982732065319,1.0,0.25327433616268297,-1.00966661469562,-0.03352459232950387,0.07693072588664236,1.2783389078052652,4.473401914071987,0.0,0.034805067203063,TR
ACSEL,2012,11749.0,2469857.0,3014690.0,29385.0,-184388.0,3079794.0,2232988.0,-76151.0,0.0,882902.0,61628.0,-172225.0,-259761.0,-990371.0,5212909.0,0.0,6977386.0,3897592.0,0.0,668136.0,5601828.0,0.0,0.5586034655385269,,0.22795059688446664,-2.4213470604456933,-0.026426515603407925,0.0038972498001452888,0.8192739551993737,2.92713542737356,0.4283573720546436,0.008832534132410046,TR
ACSEL,2013,242479.0,4664009.0,5367388.0,77861.0,785500.0,4293877.0,5536712.0,-261542.0,0.0,620644.0,703044.0,574069.0,524109.0,-1162596.0,9465677.0,4471857.0,10281909.0,5988032.0,4471857.0,0.0,6977386.0,0.4349247790463814,0.5823852360490644,1.0,0.11697243449421571,3.0033417194943834,0.07639631901040944,0.04517635020982273,0.8689532040538154,3.69893334824308,0.5849250930493403,0.06837679656569612,TR
ACSEL,2014,51396.0,6932454.0,7110709.0,287921.0,1033253.0,5435831.0,8102643.0,-974780.0,0.0,772124.0,1502605.0,45416.0,59218.0,-588527.0,11339466.0,6228151.0,13318664.0,7882833.0,6228151.0,4471857.0,10281909.0,0.46762580691276545,0.5918636433804472,1.0,0.1822017329332838,1.059985842959437,0.07757932777641961,0.007227971219185035,0.9749314730781418,4.2635389592878274,0.7145524313049663,0.11281949901281389,TR
ACSEL,2015,1765063.0,10192833.0,875141.0,281881.0,658083.0,15008806.0,9416956.0,-299978.0,42913.0,872566.0,2131241.0,355697.0,434840.0,0.0,12507462.0,41379.0,16756513.0,1747707.0,84292.0,6228151.0,13318664.0,0.005030402208383093,0.1043001607792743,0.4909006785934608,0.09504339286707222,2.193770876530946,0.03927326646062937,2.016889849749926,11.64707515703184,16.17879412212858,0.7529070246225813,0.12718881309016977,TR
ACSEL,2016,1025911.0,10953846.0,1011089.0,350850.0,776372.0,22026332.0,11402236.0,-30594.0,0.0,1095288.0,2612417.0,688231.0,853554.0,320704.0,14445519.0,42913.0,24132709.0,2106377.0,42913.0,84292.0,16756513.0,0.0017782089859866125,0.08728307294469095,1.0,0.4810188278762627,25.376609792769823,0.032170942764859094,1.0146594414537198,10.833710978954375,17.19207739736912,0.78932684938492,0.10825212370480247,TR
ACSEL,2017,2162429.0,13304099.0,2905410.0,287110.0,1295297.0,23186050.0,17511135.0,-182033.0,351947.0,2226282.0,5005315.0,1839175.0,2140932.0,431801.0,21164595.0,1097395.0,28317742.0,5131692.0,1449342.0,42913.0,24132709.0,0.051181411286252976,0.18121826238829353,0.757167735427525,0.2439703669949171,7.115726269412689,0.04574153546564553,0.7442767113763634,4.579077995876657,10.760138947571933,0.8273786954108973,0.17675544187103617,TR
ACSEL,2018,2444241.0,15418210.0,4142944.0,399444.0,5290290.0,31714259.0,25758469.0,-238325.0,0.0,2314475.0,3109116.0,8216511.0,9840012.0,1534767.0,31972324.0,701932.0,38171678.0,6457419.0,701932.0,1449342.0,28317742.0,0.01838881696529034,0.16916780551276786,1.0,0.2215663834546413,22.19779712577363,0.13859202102668894,0.5899768377269884,3.7215588721450255,11.406980518983927,0.8056489418786072,0.08145085998053321,TR
ACSEL,2019,2233195.0,18628141.0,4326296.0,510300.0,5217861.0,41881755.0,32527765.0,-148582.0,0.0,3240030.0,7723956.0,9305763.0,11067864.0,8800860.0,42939006.0,47788.0,49448081.0,7566326.0,47788.0,701932.0,38171678.0,0.0009664277972688161,0.15301556394069166,1.0,0.3963666435469242,35.11771950841959,0.10552201206756638,0.5161909864697192,4.305794379302757,12.248721432709527,0.7575341869814126,0.15620335195616591,TR
ACSEL,2020,5701063.0,26579131.0,5472428.0,563462.0,9409999.0,51976691.0,39845224.0,-71400.0,0.0,3910644.0,8906107.0,10451022.0,12918760.0,16994549.0,47660506.0,0.0,61359763.0,9383072.0,0.0,47788.0,49448081.0,0.0,0.15291897395366408,,2.9881978739432493,131.7927030812325,0.15335781202414359,1.0417794441516637,4.856917441398955,13.256381210086014,0.8360218416480932,0.14514572033141654,TR
ACSEL,2021,9478887.0,76378100.0,32815289.0,658231.0,30056135.0,89557432.0,92491698.0,-269011.0,0.0,6272798.0,21759705.0,35058646.0,43536010.0,26059510.0,111028520.0,0.0,128645519.0,39088087.0,0.0,0.0,61359763.0,0.0,0.30384336200625844,,inf,111.72827505194955,0.233635304467931,0.288855813520338,2.3275156894092874,10.107521335762076,0.8330445006382144,0.16914467887528986,TR
ACSEL,2022,4177820.0,193764640.0,80874767.0,3904332.0,74662942.0,327022704.0,531794775.0,-14299637.0,31636400.0,60866358.0,38201734.0,65050253.0,92772130.0,170922424.0,644000394.0,42181187.0,468763829.0,141741125.0,73817587.0,0.0,128645519.0,0.15747287318962488,0.302372146123928,0.5714246254080345,0.3874317105488696,5.2213172963761245,0.15927624398682005,0.05165789225704972,2.395860256388745,9.511361387547316,0.8257677789557377,0.08149462828967548,TR
ACSEL,2023,395909.0,277157268.0,257935294.0,6879316.0,67388916.0,519650232.0,510414039.0,-38437755.0,26090094.0,35081874.0,28486794.0,51666541.0,14213614.0,337895612.0,644837341.0,105043995.0,812667400.0,293017168.0,131134089.0,73817587.0,468763829.0,0.16136255619457604,0.3605622275484411,0.8010426259185741,0.3750909067950242,1.7531959397732777,0.08292311959357543,0.001534915962295567,1.0745224653125602,7.1799872376143465,0.7915392092654883,0.035053447449719284,TR
ACSEL,2024,7827537.0,386502230.0,263640271.0,25615342.0,13063637.0,631727641.0,784954521.0,-33972566.0,140190912.0,165461957.0,91622635.0,-47323751.0,-21421845.0,506994060.0,890026298.0,176356778.0,1060829870.0,429102228.0,316547690.0,131134089.0,812667400.0,0.2983962829025544,0.4044967436672951,0.5571254618853797,0.15177104628151505,0.3845348920655567,0.012314544838372622,0.02969021754646884,1.4660212134283537,7.196356470046727,0.88194531191257,0.08636883028189996,TR
ACSEL,2025,30315920.0,333487223.0,281080765.0,45138794.0,-17844755.0,677125437.0,646314177.0,-46458741.0,87080147.0,150260902.0,-11797914.0,-79102613.0,-48786163.0,541300726.0,807559101.0,141321793.0,1108467104.0,431341667.0,228401940.0,316547690.0,1060829870.0,0.20605206882170135,0.38913348483095805,0.6187416490420353,0.1705065512201559,-0.38409897935030135,-0.01609858780256595,0.10785483666945335,1.1864462621624072,6.692230694745712,0.8003304974207702,-0.010643449821312875,TR
ADEL,2010,32365348.0,75550839.0,12277661.0,1475577.0,28733473.0,75289087.0,6157158.0,-2482437.0,0.0,3465092.0,3124046.0,21735688.0,27219169.0,26853310.0,111384371.0,3763580.0,91031840.0,15742753.0,3763580.0,,,0.04134355627657312,0.17293677684643088,1.0,0.6595945881315131,11.574703809200395,0.31564201053169966,2.6361167652372877,6.153520528054977,15.913994488119162,0.05527847349427506,0.03431816823652032,TR
ADEL,2011,9840553.0,93484162.0,15735944.0,1708557.0,35366213.0,91515672.0,7611179.0,-4188750.0,0.0,4088511.0,2308966.0,25964758.0,32551379.0,37985711.0,136123044.0,4305365.0,111340127.0,19824455.0,4305365.0,3763580.0,91031840.0,0.03866858351975833,0.17805310209498862,1.0,1.0382398194559512,8.44314246493584,0.3176412130372368,0.6253551105672466,5.940804186898479,15.924687510728589,0.055913964133802355,0.0207379501192773,TR
ADEL,2012,1277594.0,108064260.0,21933376.0,2404650.0,38513023.0,104506566.0,8513454.0,-6596689.0,0.0,5324221.0,186696.0,24414458.0,30838488.0,52139450.0,159613655.0,7113553.0,131764163.0,27257597.0,7113553.0,4305365.0,111340127.0,0.05398700859200995,0.20686654382648795,1.0,1.1553965095467014,5.8382353632254,0.2922875395186171,0.05824885325451039,4.926932360982641,14.818004862013156,0.05333788014565546,0.001416895123448703,TR
ADEL,2013,38699751.0,162536159.0,40402979.0,3615455.0,40011410.0,142794802.0,10014415.0,-5540038.0,18815801.0,23872084.0,-6075832.0,49662101.0,55981052.0,63339658.0,186099908.0,25555716.0,207069865.0,64275063.0,44371517.0,7113553.0,131764163.0,0.21428283154576838,0.3104027860355248,0.5759486654468,0.21520949665602085,7.2222266345465505,0.19322661943107947,0.9578439995724077,4.022875615186692,11.747565910096638,0.053812036274622985,-0.02934194215078085,TR
ADEL,2014,15858762.0,192474779.0,108047468.0,5121662.0,48817723.0,148320294.0,13269057.0,-14393344.0,19970556.0,25693098.0,-28251307.0,28089319.0,36519575.0,63971524.0,221347791.0,79347560.0,282060860.0,133740566.0,99318116.0,44371517.0,207069865.0,0.35211590860213643,0.47415499619479284,0.7989233303620057,0.200339352248189,3.391687366049196,0.17307514059199847,0.14677587817236032,1.7813909253292266,8.280459165028866,0.05994664297327458,-0.10016032355570355,TR
ADEL,2015,63113002.0,263405572.0,168014498.0,7898581.0,43013678.0,205746617.0,13073993.0,-28096595.0,0.0,5994980.0,9260813.0,71501290.0,79114613.0,76680968.0,251614689.0,139647645.0,379756095.0,174009478.0,139647645.0,99318116.0,282060860.0,0.36772983195964243,0.4582137858774854,1.0,0.23515163747663415,1.5309213803309618,0.11326659023076377,0.3756402140962859,1.5677550159986788,7.558731598981105,0.051960372631504034,0.02438621294544331,TR
ADEL,2016,11046000.0,196786000.0,85549000.0,11383000.0,52473000.0,195491000.0,14049993.0,-25598000.0,23787000.0,30391000.0,4304000.0,18857000.0,28567000.0,68886000.0,272288000.0,62401000.0,311431000.0,115940000.0,86188000.0,139647645.0,379756095.0,0.2767483005866468,0.37228150055710574,0.7240103030584304,0.2266958344861813,2.049886709899211,0.1684899704910558,0.129118984441665,2.300272358531368,9.21688678298898,0.0515997509989423,0.013820075715005892,TR
ADEL,2017,20327000.0,241316000.0,129331000.0,12001000.0,57036000.0,205399000.0,19159000.0,-24571000.0,14809000.0,21514000.0,18759000.0,26870000.0,33742000.0,69150000.0,322397000.0,86917000.0,356244000.0,150845000.0,101726000.0,86188000.0,311431000.0,0.2855514759546827,0.4234316928846521,0.8544226648054578,0.2615132454207776,2.3212730454600954,0.16010374911577457,0.15717036132095166,1.8658790235906317,8.450560264182478,0.0594267316383217,0.052657728972277426,TR
ADESE,2010,23262677.0,127737896.0,201345782.0,10489166.0,23822353.0,298392683.0,0.0,-12097631.0,17142193.0,33175561.0,-19601810.0,16375868.0,15922249.0,21769724.0,540801028.0,49955626.0,532914026.0,234521343.0,67097819.0,,,0.12590739917961927,0.4400735044643017,0.744519371039467,0.1802984237088243,1.9691750393114156,0.044702056687845555,0.11553595396401202,0.6344205214092838,4.113445640140659,0.0,-0.03678231204971137,TR
ADESE,2011,35240668.0,204157602.0,196528089.0,10104772.0,26923243.0,373583731.0,0.0,-22325339.0,17445604.0,33743390.0,-12262261.0,7224377.0,7935800.0,38184543.0,610574226.0,68010535.0,603855210.0,230271479.0,85456139.0,67097819.0,532914026.0,0.14151759823352356,0.3813355837403473,0.7958531217985404,0.2926877714965612,1.2059500193927626,0.04458559362268316,0.17931618924967005,1.0388214887694756,5.542123694630477,0.0,-0.020306624496955156,TR
ADESE,2012,25545102.0,204833766.0,192276174.0,11684532.0,4412289.0,345377441.0,0.0,-11743238.0,22979234.0,81410893.0,-1611199.0,9773141.0,15640240.0,43018942.0,618071496.0,53331917.0,619064508.0,273687067.0,76311151.0,85456139.0,603855210.0,0.12326849627761248,0.4420978160809051,0.698874493453781,0.14518680507041937,0.37573018617182075,0.007127349319790112,0.1328563049106646,1.0653101824254108,4.982542186467013,0.0,-0.0026026350714326526,TR
ADESE,2013,15780050.0,226317354.0,204313566.0,9091290.0,4067314.0,369692971.0,0.0,-8613300.0,21885234.0,87399976.0,-4041973.0,17357799.0,20811153.0,52823095.0,588506134.0,70443648.0,661406513.0,291713542.0,92328882.0,76311151.0,619064508.0,0.139594757815758,0.441050301541255,0.7629643777122742,0.10215012232593669,0.4722132051594627,0.006149491908616872,0.0772344700791919,1.1076961673705015,5.100603880926677,0.0,-0.0061111781038660565,TR
ADESE,2014,15327997.0,286090897.0,278268194.0,8103632.0,6869836.0,399737799.0,0.0,-17385793.0,22629062.0,96068757.0,-7586164.0,18476378.0,25636293.0,70225548.0,609265238.0,121281526.0,774074750.0,374336951.0,143910588.0,92328882.0,661406513.0,0.18591303746828067,0.4835927680110997,0.8427561007533372,0.14718787677605272,0.395140791104553,0.008874900001582534,0.0550835392995004,1.0281120989343109,4.792935682773232,0.0,-0.009800299002131254,TR
ADESE,2015,13558230.0,309756162.0,262060044.0,8457563.0,10652115.0,443900688.0,0.0,-20467422.0,69506864.0,156853562.0,-23148424.0,51208342.0,62393821.0,88907108.0,642891227.0,85296835.0,862814294.0,418913606.0,154803699.0,143910588.0,774074750.0,0.1794171701564323,0.48552001156346164,0.5509999796581088,0.13703677989797655,0.5204424377432585,0.0123457794731435,0.0517371125832521,1.182004540913532,5.1441488856076205,0.0,-0.02682897601601394,TR
ADESE,2016,16415860.0,317549733.0,336117745.0,12612128.0,19764924.0,475323253.0,0.0,-34318313.0,63011346.0,160726880.0,-136995509.0,31656821.0,42916435.0,119427849.0,649314128.0,132408007.0,972167878.0,496844625.0,195419353.0,154803699.0,862814294.0,0.2010139991479949,0.5110687528805596,0.6775583122517042,0.19597974949975594,0.5759293587653915,0.02033077254173584,0.04883961124992077,0.9447574182672206,4.666328571618666,0.0,-0.14091754325583672,TR
ADESE,2017,14734806.0,326175132.0,388411147.0,13317952.0,21856282.0,562908754.0,0.0,-43517251.0,59715394.0,177430710.0,-9898924.0,43922974.0,54187770.0,150605549.0,693500599.0,116324688.0,1128750611.0,565841857.0,176040082.0,195419353.0,972167878.0,0.15596012111483146,0.5012992697285902,0.6607852409430257,0.23430418990434312,0.502244087063312,0.019363251534045018,0.03793610485643451,0.8397676908072877,4.497950275432787,0.0,-0.00876980610555789,TR
ADESE,2022,643592000.0,1155756000.0,208317000.0,9150000.0,99584000.0,6584269000.0,0.0,-546221000.0,14570000.0,713775000.0,10780000.0,715842000.0,875488000.0,2135370000.0,265729000.0,52602000.0,7506361000.0,922092000.0,67172000.0,176040082.0,1128750611.0,0.008948676995417619,0.1228414141019863,0.7830941463705116,4.49172586746739,0.1823144844302947,0.013266614808427146,3.0894838155311377,5.548063768199427,12.59213626137473,0.0,0.0014361153160632695,TR
ADESE,2023,80755000.0,1473584000.0,306435000.0,25444000.0,199561000.0,11814175000.0,0.0,-239140000.0,44516000.0,2279670000.0,-50918000.0,1956785000.0,3340751000.0,4234448000.0,484913000.0,32855000.0,14400280000.0,2586105000.0,77371000.0,67172000.0,7506361000.0,0.005372881638412586,0.1795871330279689,0.4246423078414393,3.308911534975751,0.8344944384042821,0.013858133314074449,0.2635306019221042,4.8087979506257446,9.630174908337281,0.0,-0.0035359034685436674,TR
ADESE,2024,26458575.0,5517620829.0,1708549348.0,55414576.0,26047573.0,17443457820.0,0.0,591796942.0,163822221.0,2710295827.0,-318476743.0,847824954.0,488546455.0,4792169731.0,684251429.0,82026296.0,21862302995.0,4418845175.0,245848517.0,77371000.0,14400280000.0,0.011245316518402777,0.20212166925006064,0.33364568149906715,3.6618886600217277,0.0440143757958114,0.001191437745875043,0.01548598817527394,3.2294184744847065,9.260431769356066,0.0,-0.014567392240096433,TR
ADESE,2025,97185276.0,7545217762.0,1995793033.0,63762776.0,232456555.0,19932754236.0,0.0,1308179530.0,113247839.0,3985050780.0,-172112727.0,622271650.0,1862349521.0,6114106858.0,1396108227.0,61482743.0,25913598049.0,5980843813.0,174730582.0,245848517.0,21862302995.0,0.006742814396889313,0.23079943594443456,0.3518716775063452,6.220848982321872,0.17769468919911932,0.008970446888944102,0.04869506727053496,3.780561229166291,8.983687958569606,0.0,-0.006641791953188137,TR
AEFES,2010,939324000.0,2140817000.0,1757195000.0,301031000.0,693624000.0,2815005000.0,1807138000.0,-261464000.0,768383000.0,1016631000.0,-937494000.0,518441000.0,658552000.0,1601674000.0,4168793000.0,996113000.0,5588831000.0,2773826000.0,1764496000.0,,,0.3157182602229339,0.4963159558769982,0.5645311749077357,0.1481805569409055,2.6528470458648226,0.12410895945860592,0.5345587712234555,1.2183149849618284,6.534150331540913,0.43349190041338104,-0.16774420267852078,TR
AEFES,2011,917629000.0,2328000000.0,1628590000.0,335607000.0,605120000.0,3206880000.0,2135934000.0,-374040000.0,1303833000.0,1585239000.0,-1106974000.0,359472000.0,464981000.0,1820229000.0,4761266000.0,795644000.0,6420709000.0,3213829000.0,2099477000.0,1764496000.0,5588831000.0,0.3269852285783392,0.5005411396155783,0.3789724774312841,0.19360383729389413,1.6177948882472464,0.09424504365483626,0.5634499782020029,1.4294573833807158,6.569828054272199,0.44860631605123513,-0.17240681675497208,TR
AEFES,2012,1394649000.0,2965619000.0,1714006000.0,349723000.0,540350000.0,6772394000.0,2698867000.0,-156502000.0,1302407000.0,1895156000.0,-1115427000.0,630794000.0,756011000.0,1910299000.0,4319725000.0,749656000.0,10381556000.0,3609162000.0,2052063000.0,2099477000.0,6420709000.0,0.19766430003363658,0.3476513539974162,0.3653182187876298,0.07539467282020648,3.4526715313542318,0.05204903773576909,0.8136780151294686,1.730226731995104,6.960787462283314,0.6247775031975416,-0.10744314243452523,TR
AEFES,2013,1746369000.0,4959127000.0,3147302000.0,711713000.0,743854000.0,13461926000.0,2475301000.0,-956405000.0,3535490000.0,5757756000.0,-3935269000.0,2852990000.0,2902443000.0,2203115000.0,9195773000.0,303369000.0,22366984000.0,8905058000.0,3838859000.0,2052063000.0,10381556000.0,0.1716306051812797,0.3981340532992736,0.0790258251214749,0.3247046896903405,0.7777604675843393,0.03325678598419885,0.554878114651851,1.5756756104117113,5.913282591109181,0.26917813217007425,-0.17594097621744623,TR
AEFES,2014,1559518000.0,4497418000.0,2533723000.0,726504000.0,916176000.0,11823939000.0,5556109000.0,-1439428000.0,3631155000.0,5756143000.0,-3723614000.0,-331554000.0,-263080000.0,4812035000.0,10021383000.0,875643000.0,20113805000.0,8289866000.0,4506798000.0,3838859000.0,22366984000.0,0.22406491461958591,0.41214807441953427,0.19429382013571497,0.34495259031134395,0.6364861597801349,0.04554961132416269,0.615504536210154,1.7750235522983373,6.474092846539021,0.554425372226568,-0.18512727949783744,TR
AEFES,2015,1891459000.0,4942542000.0,2625163000.0,737194000.0,928877000.0,12573505000.0,5451139000.0,-1792913000.0,4638623000.0,6845422000.0,-3722750000.0,-137154000.0,-98954000.0,3994139000.0,10205146000.0,744593000.0,22044090000.0,9470585000.0,5383216000.0,4506798000.0,20113805000.0,0.24420223288872436,0.42962013854960673,0.13831750388615283,0.36257036643224166,0.5180825840406088,0.04213723496864692,0.7205110692174163,1.8827562326606004,6.207474966502498,0.5341559052658336,-0.1688774633019553,TR
AEFES,2016,2745264000.0,6008675000.0,2686457000.0,790670000.0,939940000.0,14817022000.0,5479865000.0,-1634678000.0,5682403000.0,8125080000.0,-3969214000.0,-40055000.0,52964000.0,3630736000.0,10420257000.0,500870000.0,25628559000.0,10811537000.0,6183273000.0,5383216000.0,22044090000.0,0.24126494977731677,0.421855048502727,0.08100402489102454,0.2826575981700238,0.5750000917611909,0.03667549158733427,1.0218901698407978,2.2366540763540974,6.247671924961448,0.5258857818957824,-0.15487464589796093,TR
AEFES,2017,5409622000.0,9097981000.0,5818654000.0,931979000.0,1251949000.0,15665595000.0,7382921000.0,-1779421000.0,5464012000.0,8045383000.0,-5001591000.0,305889000.0,483401000.0,3260176000.0,12732359000.0,3045478000.0,29529632000.0,13864037000.0,8509490000.0,6183273000.0,25628559000.0,0.2881678308757793,0.46949575937824084,0.3578919535718357,0.24221734196624556,0.703570993036499,0.042396363083698436,0.9297033300141235,1.5635885893885424,5.8097626682908645,0.5798549192651574,-0.16937532441989117,TR
AFYON,2018,18748857.0,86267207.0,306179373.0,29285712.0,23786196.0,232714083.0,0.0,-63393619.0,117901128.0,122467440.0,4156148.0,3922964.0,-8319325.0,106092076.0,175199174.0,285958264.0,661360896.0,428646813.0,403859392.0,,,0.610649033595116,0.6481284508844019,0.7080639194346136,0.15696953012795106,0.37521435714215967,0.035965531291405534,0.0612348794639409,0.2817538169039232,2.4033939552506176,0.0,0.006284236073128823,TR
AFYON,2019,5704011.0,66528431.0,297312242.0,30417021.0,-16069295.0,171694514.0,53893269.0,-76732576.0,174492013.0,179312386.0,-5633289.0,-61002977.0,-80911271.0,110015040.0,163332069.0,265834884.0,648319142.0,476624628.0,440326897.0,403859392.0,661360896.0,0.6791823169706749,0.7351697599575118,0.6037216572759124,0.18179062370438476,-0.2094194648176545,-0.024786087528478374,0.019185254403348787,0.22376620132581018,1.6796974640794915,0.32996134396607685,-0.008689067829498083,TR
AFYON,2020,32350004.0,136470420.0,181777640.0,30427135.0,13733791.0,490682393.0,116102817.0,-36806539.0,27268669.0,33134604.0,-4247228.0,17064066.0,2396124.0,49012063.0,270305864.0,93985933.0,705594637.0,214912244.0,121254602.0,440326897.0,648319142.0,0.1718473974172227,0.3045831596931483,0.775112296356389,0.1310817363661049,0.37313454003376956,0.019464137452053793,0.17796470456982497,0.7507547132859685,5.583352944695128,0.4295238559826434,-0.00601935980984504,TR
AFYON,2021,18768321.0,196472859.0,208373709.0,31325281.0,47678889.0,566676635.0,114090187.0,-22511455.0,16646752.0,25433138.0,-39522015.0,76886460.0,67123718.0,66076129.0,413481737.0,99543702.0,800483482.0,233806847.0,116190454.0,121254602.0,705594637.0,0.1451503455258056,0.2920820382399846,0.8567287464080311,0.18961401327303273,2.117983444428625,0.059562614435059634,0.09007048485181017,0.9428869886843546,6.366710755145702,0.275925577336926,-0.04937268024726087,TR
AGHOL,2010,509836000.0,3836404000.0,3799609000.0,42886000.0,131045000.0,2301092000.0,0.0,-85495000.0,105272000.0,551870000.0,314065000.0,277259000.0,292179000.0,1374727000.0,1047914000.0,0.0,6652571000.0,4351479000.0,105272000.0,,,0.01582425801994447,0.6541048566035598,0.0,0.8121342807204195,1.5327796947189893,0.01969839931058233,0.13418117495773907,1.0096838911582744,4.647569322692977,0.0,0.04720956754914754,TR
AGHOL,2011,727369000.0,5164700000.0,5832574000.0,44131000.0,125657000.0,2536802000.0,0.0,-142583000.0,174074000.0,808980000.0,-306475000.0,172323000.0,190333000.0,1554186000.0,1127689000.0,145594000.0,9178356000.0,6641554000.0,319668000.0,105272000.0,6652571000.0,0.03482845947574925,0.7236104156343467,0.45545378330017394,0.6710735633265873,0.8812901958859051,0.013690578138394284,0.12470806199801322,0.8854924086689685,3.81773265319778,0.0,-0.03339105608891178,TR
AGHOL,2012,861027000.0,6223008000.0,7495033000.0,54666000.0,69607000.0,3475600000.0,0.0,-58171000.0,291075000.0,857073000.0,-319211000.0,1026475000.0,942288000.0,1653739000.0,1423523000.0,508770000.0,11827706000.0,8352106000.0,799845000.0,319668000.0,9178356000.0,0.06762469408691761,0.7061475826335216,0.6360857416124374,0.10392197321513909,1.196592803974489,0.0058850803359501835,0.1148796809833926,0.8302842695956109,3.4767960786366903,0.0,-0.026988411785007167,TR
AGHOL,2013,1187152000.0,1764078000.0,721635000.0,69714000.0,49159000.0,4938582000.0,0.0,-148878000.0,699938000.0,752981000.0,177785000.0,1453980000.0,1451649000.0,2519664000.0,1630694000.0,479444000.0,6413198000.0,1474616000.0,1179382000.0,799845000.0,11827706000.0,0.18389920286259678,0.2299345817796363,0.4065213815371101,0.15044055078068358,0.3301965367616438,0.007665286492012253,1.6450865049505636,2.44455715146854,9.16514468540872,0.0,0.027721738826713287,TR
AGHOL,2014,1153597000.0,1961499000.0,1031574000.0,87342000.0,84761000.0,4467876000.0,0.0,-289519000.0,989286000.0,1066175000.0,-337791000.0,-26772000.0,4205000.0,3687730000.0,1989732000.0,810079000.0,6565625000.0,2097749000.0,1799365000.0,1179382000.0,6413198000.0,0.2740584483579248,0.3195048453117563,0.45020271040061355,0.19438978872660215,0.29276489625896746,0.012909814374107568,1.1182881693412203,1.901462231502539,8.333269241282514,0.0,-0.05144841504045693,TR
AGHOL,2015,373184000.0,1487136000.0,1773994000.0,105268000.0,137081000.0,4317210000.0,0.0,-575061000.0,2203834000.0,2749467000.0,-2695765000.0,-280005000.0,-325733000.0,3590502000.0,2592183000.0,1501208000.0,8840671000.0,4523461000.0,3705042000.0,1799365000.0,6565625000.0,0.41909058712851094,0.5116648951193863,0.40517975234828646,0.2089456684434854,0.23837645049829495,0.015505723490897919,0.21036373291003238,0.8382982129590066,5.467465643363951,0.0,-0.30492764632910785,TR
AGHOL,2016,413363000.0,1597757000.0,2464946000.0,935588000.0,1079260000.0,4470532000.0,0.0,-2576081000.0,2147252000.0,2412588000.0,-7091437000.0,-411004000.0,-358146000.0,3368005000.0,14149931000.0,1533424000.0,9348066000.0,4877534000.0,3680676000.0,3705042000.0,8840671000.0,0.39373662958733924,0.5217693157065857,0.41661477402520625,0.69758444608906,0.4189542176662923,0.11545275782177833,0.1676965742860087,0.6481914816795176,5.554218735820232,0.0,-0.7585993723193654,TR
AGHOL,2017,5800315000.0,11980096000.0,9552062000.0,1087837000.0,1543553000.0,17265790000.0,7642541000.0,-2818643000.0,8434084000.0,11088259000.0,-8713009000.0,105637000.0,156853000.0,2244351000.0,17163686000.0,5678436000.0,37906111000.0,20640321000.0,14112520000.0,3680676000.0,9348066000.0,0.37230197526725967,0.5445117015565115,0.40236867689115763,0.3168225652097577,0.5476227390272553,0.04072042631859544,0.6072317160420441,1.2541895142640407,5.01518661590137,0.4452738764855055,-0.22985763430070683,TR
AGHOL,2018,5282990000.0,13495464000.0,13899619000.0,1663225000.0,1718697000.0,21653763000.0,12839839000.0,-5712373000.0,9213710000.0,12518674000.0,-10645571000.0,-1103479000.0,-816308000.0,1383311000.0,23981255000.0,7109077000.0,48072056000.0,26418293000.0,16322787000.0,14112520000.0,37906111000.0,0.3395483438444988,0.5495561288246128,0.4355308318364995,0.3753780436648791,0.30087268460935584,0.03575251701321033,0.38008164108670894,0.9709233037250877,4.389547102031095,0.5354114703338086,-0.22145029536494132,TR
AGHOL,2019,8927687000.0,20476461000.0,21832636000.0,2461245000.0,2967335000.0,23971582000.0,17509793000.0,-4060590000.0,16574416000.0,20625320000.0,-11991860000.0,1260856000.0,1768842000.0,1854123000.0,44781682000.0,7381354000.0,66429538000.0,42457956000.0,23955770000.0,16322787000.0,48072056000.0,0.3606192474197246,0.6391427259361642,0.3081242640082118,0.20162539586510014,0.7307644948147929,0.04466890918314079,0.4089147549567537,0.9378831305573913,4.100066901768861,0.3910034687844016,-0.18051999699290397,TR
AGHOL,2020,12878419000.0,26494816000.0,27983618000.0,3138099000.0,4448444000.0,24194688000.0,19040697000.0,-5992660000.0,16691024000.0,21094687000.0,-8809355000.0,542575000.0,1601452000.0,2885997000.0,62081493000.0,9105867000.0,73272993000.0,49078305000.0,25796891000.0,23955770000.0,66429538000.0,0.3520654738369975,0.6698007409087274,0.35298311722912656,0.2408980697534952,0.7423154325458143,0.06071055402363597,0.4602127930705744,0.94679737266282,4.170716874289865,0.3067048822424422,-0.12022649327290343,TR
AGHOL,2021,16162782000.0,38050962000.0,43556171000.0,3424166000.0,5741394000.0,39322902000.0,28886932000.0,-6830431000.0,21793953000.0,29412777000.0,-10901110000.0,3541929000.0,4924684000.0,2955192000.0,81368494000.0,13069006000.0,112291850000.0,72968948000.0,34862959000.0,25796891000.0,73272993000.0,0.31046740257641137,0.6498151735856164,0.3748679508242545,0.22520434851058815,0.8405610129141192,0.051129213740801316,0.3710790372275837,0.8736066813586529,3.9236161251638997,0.3550137231248252,-0.09707837211694348,TR
AGROT,2022,2014362.0,920765562.0,392052797.0,27872631.0,314718501.0,3071130695.0,458166681.0,44808248.0,12637130.0,737186692.0,-201157.0,337721497.0,398087427.0,166717357.0,877073473.0,31399531.0,4200370184.0,1129239489.0,44036661.0,,,0.010483995236358911,0.26884284944729053,0.7130316033724718,1.017521469214026,7.0236734317306935,0.07492637248945866,0.005137986555417943,2.3485754190397983,7.564251853247277,0.5223811859602325,-4.789030280384449e-05,TR
AGROT,2023,493807559.0,3088717943.0,732093794.0,31901059.0,216100463.0,7186355317.0,611765153.0,-258955991.0,786210.0,1284520052.0,0.0,384408537.0,423735449.0,720533694.0,841128293.0,499616014.0,9202969163.0,2016613846.0,500402224.0,44036661.0,4200370184.0,0.05437399768890218,0.21912643737932733,0.9984288439133716,0.9512766194133985,0.8345065204535083,0.023481602423359116,0.6745140623333845,4.2190194320920575,9.084620959751142,0.7273149150863244,0.0,TR
AGROT,2024,106422754.0,2849715708.0,662718134.0,115064229.0,-494410997.0,8407966627.0,1459860667.0,-1058476987.0,0.0,1818415519.0,0.0,-415865913.0,-451317238.0,1360468776.0,2777096638.0,52762610.0,10889100281.0,2481133653.0,52762610.0,500402224.0,9202969163.0,0.004845451748852344,0.22785478955770488,1.0,3.826985816672504,-0.46709659545956667,-0.04540421010381179,0.16058524512926636,4.300041845542738,8.227910435675815,0.5256787419725363,0.0,TR
AGROT,2025,312634024.0,1972547006.0,258661783.0,178566307.0,-739271673.0,8674993441.0,1640270808.0,-583018789.0,266034054.0,2365780705.0,0.0,-754217231.0,-757384383.0,898754726.0,2659930728.0,28083960.0,11299435930.0,2624442488.0,294118014.0,52762610.0,10889100281.0,0.02602944216172037,0.23226314165224,0.09548534487248374,3.361495273371049,-1.2680066010702786,-0.06542553783921495,1.2086595104001119,7.62597003361722,7.535387726850125,0.6166592200065746,0.0,TR
AGYO,2010,18443781.0,82407551.0,716222.0,169322.0,16544803.0,209755246.0,0.0,-636418.0,0.0,846185.0,4106222.0,23061657.0,23061657.0,63651545.0,10174522.0,0.0,211317653.0,1562407.0,0.0,,,0.0,0.007393641647155716,,inf,25.996755277192033,0.07829352051340453,25.751486271016528,115.05867035639788,148.25797057840686,0.0,0.019431514318399134,TR
AGYO,2011,13161570.0,59540463.0,976695.0,256468.0,11705907.0,198497123.0,0.0,-24999959.0,0.0,918828.0,5262875.0,-8738123.0,-8738123.0,83759999.0,9850607.0,0.0,200392646.0,1895523.0,0.0,0.0,211317653.0,0.0,0.00945904471963507,,inf,0.4682370479087586,0.058414853207736976,13.475619307972295,60.96116290141754,116.87715539132354,0.0,0.026262815053602315,TR
AGYO,2012,20085866.0,85663170.0,1104670.0,249859.0,2811626.0,246687871.0,0.0,-740847.0,0.0,1021997.0,3252330.0,48193805.0,48193805.0,74697787.0,7076073.0,0.0,248814538.0,2126667.0,0.0,0.0,200392646.0,0.0,0.008547197511425157,,inf,3.795150685634146,0.011300087296346004,18.18268442159197,77.54638941946463,128.33130701683828,0.0,0.013071302127852352,TR
AGYO,2013,21843156.0,54732088.0,832999.0,240755.0,746227.0,238290644.0,0.0,-146319.0,0.0,1196908.0,4263306.0,-7305137.0,-7305137.0,121198693.0,6998442.0,0.0,240320551.0,2029907.0,0.0,0.0,248814538.0,0.0,0.008446664222237074,,inf,5.100000683438241,0.0031051318619854528,26.22230758980503,65.70486639239662,129.64565776876702,0.0,0.017740080830623596,TR
AGYO,2014,22453718.0,63246957.0,883269.0,274168.0,-171489.0,250613381.0,0.0,-1009929.0,0.0,1320593.0,16502052.0,12347445.0,12347445.0,113677297.0,6709093.0,0.0,252817243.0,2203862.0,0.0,0.0,240320551.0,0.0,0.008717213959967121,,inf,-0.1698030257572562,-0.0006783121197156635,25.42115482372867,71.60554372450522,125.7307913545509,0.0,0.06527265230876678,TR
AGYO,2015,23064985.0,56554082.0,1938466.0,388447.0,24288397.0,288540287.0,0.0,-3624515.0,0.0,1554347.0,21875645.0,37939105.0,37939105.0,125796557.0,6121239.0,0.0,292033100.0,3492813.0,0.0,0.0,252817243.0,0.0,0.011960332578738506,,inf,6.7011440151303,0.08317001394704915,11.898575987404474,29.174657693248168,93.18022712173864,0.0,0.07490810117072345,TR
AGYO,2016,29062093.0,38882231.0,3779380.0,464872.0,10762539.0,309024129.0,0.0,-2262348.0,6622651.0,9427162.0,14359894.0,20496640.0,20496640.0,162655732.0,6551705.0,1525257.0,322230671.0,13206542.0,8147908.0,0.0,292033100.0,0.025285948028206166,0.04098474536584384,0.1871961489992278,0.5553199667939304,4.757242917535233,0.033400107341116515,7.689645656165826,10.287991945768884,30.40394788551349,0.0,0.044564019791896226,TR
AGYO,2017,25542452.0,27793218.0,9639689.0,693135.0,-17595314.0,362999472.0,0.0,-2912010.0,8824561.0,12343938.0,-11523400.0,-16017591.0,-16017591.0,182869782.0,7136574.0,4444615.0,384983099.0,21983627.0,13269176.0,8147908.0,322230671.0,0.03446690526017091,0.057102836610497545,0.33495787530438964,0.27193337804530254,-6.042326090913149,-0.04570412063725426,2.649717433830075,2.8832069167376666,22.138601078239528,0.0,-0.029932223076629138,TR
AHGAZ,2020,243633827.0,749890492.0,1729502574.0,72819435.0,272331211.0,-500248744.0,0.0,-233238663.0,398369283.0,970853558.0,-232994758.0,39850871.0,47800776.0,-676698188.0,2689962540.0,188857383.0,2200107388.0,2700356132.0,587226666.0,,,0.2669081833018234,1.2273746939483483,0.32160900370283935,0.3971867704659039,1.1676074948174437,0.12378087200896214,0.14086930581231966,0.4335873812929058,-0.03628533689133612,0.0,-0.10590153883888508,TR
AHGAZ,2021,269886357.0,1625478320.0,2383892937.0,96776969.0,395344724.0,-344122738.0,0.0,-529496600.0,813828260.0,1509093744.0,-6397703.0,154769296.0,-51731047.0,-643154371.0,3700025016.0,120459617.0,3548863943.0,3892986681.0,934287877.0,587226666.0,2200107388.0,0.26326393234737766,1.0969670135364782,0.1289320133177753,0.6960125388693048,0.746642611114028,0.11140036089008216,0.11321244876862521,0.681858775942168,1.9130776286328683,0.0,-0.0018027467670659022,TR
AHGAZ,2022,6101656156.0,10768102668.0,9789004069.0,537323056.0,1504201972.0,14530862709.0,0.0,486879210.0,84874310.0,5226447557.0,-891517276.0,2711779448.0,3361631753.0,-990330563.0,23481276300.0,799638605.0,29546314335.0,15015451626.0,884512915.0,934287877.0,3548863943.0,0.029936489031128423,0.5082004968793343,0.9040440127434431,0.5353848669315953,3.0894766938189866,0.05090996985089782,0.6233173582308376,1.100020246400819,4.716343997923948,0.0,-0.030173552812437443,TR
AHGAZ,2023,12245397973.0,16711218439.0,12950197280.0,834246676.0,4734527012.0,35728343635.0,0.0,403541448.0,242540239.0,13294683696.0,-2205022341.0,5950970058.0,8245642055.0,2170430041.0,28902244013.0,1745153232.0,61973224611.0,26244880976.0,1987693471.0,884512915.0,29546314335.0,0.032073423377217525,0.423487419619305,0.8779790533406647,0.2809975285668765,11.732442938550392,0.07639633150797256,0.9455761721801353,1.2904219200435223,5.705079994202105,0.0,-0.03558024219073179,TR
AHGAZ,2024,12769514777.0,59254280570.0,54060228024.0,2720483048.0,5828080657.0,52463602649.0,0.0,-2574364542.0,4409434724.0,25163559095.0,-8017570259.0,3690463273.0,4226582176.0,7864619149.0,34267586367.0,3755456635.0,131687389768.0,79223787119.0,8164891359.0,1987693471.0,61973224611.0,0.062002074559944435,0.6016049620132372,0.4599518193050338,0.5071348006653396,2.2638909765561865,0.04425693809610479,0.23620904394504186,1.0960789981073351,4.6961727570892435,0.0,-0.0608833562053659,TR
AHGAZ,2025,21541909900.0,132678083541.0,131665354603.0,3998797994.0,10215341893.0,88444536029.0,0.0,-5918867261.0,5133493849.0,32312740185.0,-9624735651.0,5867286545.0,4905029215.0,9138583027.0,46445998212.0,4803900609.0,252422630818.0,163978094788.0,9937394458.0,8164891359.0,131687389768.0,0.039368080531436145,0.6496172480914769,0.4834165162008506,0.6539358974700913,1.7258947434604412,0.040469199849063435,0.16361107266944744,1.0076916888353327,4.232631793421745,0.0,-0.03812944829792048,TR
AHSGY,2022,14908440.0,264290811.0,151092446.0,447106.0,407074025.0,2056949441.0,0.0,-1831267.0,4243482.0,451062105.0,1270767.0,294534914.0,409090551.0,1119401638.0,40870202.0,61232185.0,2659103992.0,602154551.0,65475667.0,,,0.02462320661282359,0.22645016998643203,0.9351899385767235,0.027968665061480016,222.29091934709683,0.15308691432328156,0.09867098187026505,1.7491993676507163,9.517146226898106,0.0,0.00047789293078538616,TR
AHSGY,2023,2230765.0,319791633.0,326165284.0,227106.0,994549564.0,4276307122.0,0.0,96307886.0,136981.0,327975.0,0.0,1695307678.0,1135108639.0,1774169945.0,37413218.0,232724408.0,4602800381.0,326493259.0,232861389.0,65475667.0,2659103992.0,0.05059124222749994,0.07093361257805979,0.9994117487635531,0.6456314028921704,10.326771828425349,0.21607488521670912,0.006839369820854386,0.9804588308055495,19.702094229939554,0.0,0.0,TR
AHSGY,2024,1230477947.0,1647742213.0,37140096.0,172540.0,-506546765.0,6058660307.0,0.0,-64968356.0,115405.0,980226323.0,1616273.0,-271903183.0,-302473945.0,3531167520.0,115084542.0,184557.0,7076026726.0,1017366419.0,299962.0,232861389.0,4602800381.0,4.239130399236991e-05,0.14377650882264348,0.6152679339382988,0.557282377386808,-7.796822887129851,-0.0715863272730098,33.13071530563626,44.36558841958836,12.14193427003001,0.0,0.00022841533286769555,TR
AHSGY,2025,1445478385.0,1852398050.0,49247661.0,125602.0,3629722676.0,10814438926.0,0.0,-383734433.0,35113.0,2955933587.0,1765906.0,3679841147.0,5494372175.0,3838059842.0,616870289.0,77920.0,13819620174.0,3005181248.0,113033.0,299962.0,7076026726.0,8.17916835461646e-06,0.21745758639979826,0.6893562057098369,1858.300623494231,9.458944425766452,0.2626499592824482,29.35120888279344,37.61392952245996,10.554853221850445,0.0,0.00012778252786732486,TR
AKCNS,2018,275421213.0,995968009.0,864750419.0,84190355.0,266230989.0,1107566050.0,320661429.0,-119889486.0,103614022.0,188210624.0,-29236791.0,179757429.0,221750037.0,170869425.0,1715570101.0,461546990.0,2160527093.0,1052961043.0,565161012.0,,,0.26158478356096226,0.4873630358126687,0.8166645968140491,0.21213332741360438,2.220636670341551,0.12322501757213558,0.318497923734455,1.1517404179482682,5.838762373937029,0.18691246065263525,-0.013532249188045705,TR
AKCNS,2019,152041813.0,762909724.0,649159854.0,97426579.0,148558944.0,1041073988.0,702468756.0,-154978074.0,220795794.0,319512646.0,10473067.0,74968766.0,87313818.0,170642103.0,1826105824.0,255658674.0,2009746488.0,968672500.0,476454468.0,565161012.0,2160527093.0,0.23707192466555513,0.4819874077570723,0.5365857414941904,0.29757252455579863,0.9585803989279155,0.07391924548047774,0.23421320967885978,1.1752262856353406,5.5233053898716795,0.38468129654242866,0.005211138351296375,TR
AKCNS,2020,318373248.0,1036792286.0,837726837.0,101026158.0,183661393.0,1207052257.0,887094499.0,-98037895.0,281479612.0,387077017.0,22716689.0,114838196.0,145852441.0,170591530.0,1967108077.0,326003729.0,2431856111.0,1224803854.0,607483341.0,476454468.0,2009746488.0,0.24980233750351194,0.5036498041392549,0.5366463687108747,0.18089210319261037,1.8733714447867327,0.07552313320234924,0.38004422675550503,1.2376257273944777,5.55796673252413,0.45096378250497116,0.009341296508969317,TR
AKCNS,2021,264962767.0,1795274126.0,1796321732.0,108831401.0,244308046.0,1542590001.0,1149362007.0,-180100446.0,90092478.0,164285222.0,-170745207.0,303618933.0,233182925.0,171163576.0,2871403785.0,700300246.0,3503196955.0,1960606954.0,790392724.0,607483341.0,2431856111.0,0.22562040734589528,0.5596622111701967,0.8860155524407383,0.25767727269870666,1.3565099444562174,0.06973859852535753,0.14750295689235696,0.9994168049178843,4.702094488165093,0.40027878106317955,-0.048739825134953056,TR
AKENR,2014,82229586.0,304508812.0,613681536.0,100908823.0,-75285310.0,508091387.0,0.0,-310546171.0,1980847630.0,2122337791.0,-2162760200.0,-321251586.0,-341623876.0,-28809269.0,1124671014.0,495010005.0,3244110714.0,2736019327.0,2475857635.0,,,0.7631853081694795,0.8433803800815659,0.19993476119235748,0.12542973659307355,-0.24242871762859378,-0.023206763466827846,0.13399390592061092,0.49620005513739296,2.634903866243781,0.0,-0.6666727466071307,TR
AKENR,2015,476767228.0,932409518.0,369775228.0,155223307.0,140444576.0,1635114311.0,0.0,-785977531.0,2915437903.0,3325967763.0,-2111662315.0,-351005560.0,-468502727.0,-333839998.0,1802888608.0,190425177.0,5330857302.0,3695742991.0,3105863080.0,2475857635.0,3244110714.0,0.5826198121706916,0.6932736671854737,0.061311516990633086,0.28162553131252466,0.17868777472723962,0.026345589094517466,1.289343341301381,2.5215575500909435,4.379802904427938,0.0,-0.39612058537146716,TR
AKENR,2016,433746318.0,630295752.0,565888847.0,170065690.0,63533848.0,1100178674.0,0.0,-785930267.0,2911202076.0,3378484021.0,-2559874916.0,-548673970.0,-645995018.0,-618995310.0,1420842034.0,362916443.0,5044551542.0,3944372868.0,3274118519.0,3105863080.0,5330857302.0,0.6490405523147691,0.7819075363111831,0.11084401523462382,0.2463738350352568,0.08083903962945353,0.012594548290572308,0.7664867761565903,1.1138154698426137,3.3112400793848393,0.0,-0.507453416758052,TR
AKENR,2017,45241003.0,172776667.0,609525198.0,178308441.0,-50089913.0,1868433136.0,0.0,-503598750.0,2833787191.0,3401255268.0,-2953148905.0,-507197153.0,-528380181.0,-1060697942.0,1855097831.0,382791156.0,5879213602.0,4010780466.0,3216578347.0,3274118519.0,5044551542.0,0.5471103050084418,0.6821967592120834,0.11900569944363926,0.15517555676894557,-0.09946393433264082,-0.008519832139278004,0.07422335146839984,0.28346107358140754,2.606417393581755,0.0,-0.5023033869692016,TR
AKENR,2018,19319811.0,325456992.0,1467969393.0,258745997.0,-45495731.0,460564993.0,0.0,-1557042128.0,3394757187.0,3776034316.0,-4022843535.0,-1556396550.0,-1556414351.0,-1408141204.0,2216107988.0,1117130226.0,5704568702.0,5244003709.0,4511887413.0,3216578347.0,5879213602.0,0.7909252475858779,0.9192638362233191,0.24759709712197997,0.4029369285838694,-0.0292193320796263,-0.00797531476552283,0.013160908593957313,0.22170557066921082,1.17007286922089,0.0,-0.7051967896520567,TR
AKENR,2019,88187054.0,243750006.0,468919599.0,256364940.0,89264608.0,961167509.0,0.0,-938990032.0,4916307367.0,5443986073.0,-2890145124.0,-740673273.0,-830527078.0,-2811757372.0,1823208667.0,182260401.0,6874073181.0,5912905672.0,5098567768.0,4511887413.0,5704568702.0,0.7417098470950945,0.8601749670549514,0.035747372457009575,0.19541010583065743,0.09506448945988386,0.0129856935836424,0.18806433808282771,0.5198119390185694,1.95960005850529,0.0,-0.4204414250328884,TR
AKENR,2020,214333131.0,364797365.0,609820894.0,292399545.0,116131432.0,-128612093.0,0.0,-1301464487.0,5823203679.0,6253327976.0,-3537242742.0,-1084796458.0,-1161890348.0,-3357696513.0,2187508497.0,259159753.0,6734536777.0,6863148870.0,6082363432.0,5098567768.0,6874073181.0,0.9031598806873662,1.0190973926282858,0.04260839653818305,0.232800732554369,0.08923134911479148,0.017244160340265078,0.35146898558054324,0.5982041097463611,1.4821644061697434,0.0,-0.52523920488199,TR
AKENR,2021,681299003.0,1528245711.0,1594068911.0,264652329.0,529931171.0,1578204104.0,0.0,-3774929098.0,8730986133.0,9939562759.0,-5716551231.0,-2530261924.0,-2878336600.0,-4270074525.0,3917844338.0,513496184.0,13111835774.0,11533631670.0,9244482317.0,6082363432.0,6734536777.0,0.705048665674357,0.8796351532155791,0.05554623465023174,0.4925904729283643,0.14038175479395454,0.04041624530188384,0.42739620495616076,0.9587074313125475,2.570671770329843,0.0,-0.4359840475073357,TR
AKFGY,2010,1304927.0,8365971.0,63017344.0,55030.0,135755870.0,450748404.0,0.0,-33184649.0,164563313.0,173236249.0,-196359067.0,120334075.0,128348977.0,137819739.0,18471000.0,47628674.0,687001997.0,236253593.0,212191987.0,,,0.30886662327999026,0.3438906932318568,0.2244602855809065,0.15638973680943002,4.090923788285361,0.19760622326109484,0.020707426196826067,0.13275664236182344,6.7133479897365795,0.0,-0.2858202273901105,TR
AKFGY,2011,7792345.0,26803940.0,129499933.0,67584.0,302802177.0,785826078.0,0.0,-57818366.0,166756262.0,213193853.0,-270812760.0,222229640.0,255624627.0,255940250.0,27621015.0,118982086.0,1128519864.0,342693786.0,285738348.0,212191987.0,687001997.0,0.2531974465980689,0.30366659633737736,0.41640223243678864,0.23223476031039564,5.237127887702672,0.26831798593843803,0.060172579394307486,0.20698033874658453,7.603217161663541,0.0,-0.23997163775222657,TR
AKFGY,2012,28002325.0,43167053.0,80690897.0,61394.0,32397517.0,809271752.0,0.0,-60597398.0,243855268.0,289064988.0,-284772950.0,22914470.0,21978743.0,455739024.0,32047644.0,74074958.0,1179027637.0,369755885.0,317930226.0,285738348.0,1128519864.0,0.2696546001321596,0.31361087170172924,0.23299124129204374,0.20076379858064303,0.5346354475484244,0.02747816589137342,0.3470320202289981,0.5349680646132859,6.784086304720294,0.0,-0.2415320396768613,TR
AKFGY,2013,30326239.0,43602611.0,105200282.0,51907.0,233167883.0,932791533.0,0.0,-96697163.0,408511424.0,480534217.0,-461333578.0,121349899.0,142616052.0,479940859.0,41262185.0,92287187.0,1518526032.0,585734499.0,500798611.0,317930226.0,1179027637.0,0.3297925754624139,0.38572568836936477,0.18428003786935424,0.23621291599870692,2.4113208264445154,0.15354882174321527,0.2882714610974142,0.4144723775550336,6.718235194206203,0.0,-0.30380353598047505,TR
AKFGY,2018,993485.0,183109299.0,258829504.0,45198.0,490626116.0,743995844.0,0.0,-454675786.0,1253430591.0,1434111666.0,-1099896120.0,102663405.0,160015751.0,320194513.0,98124335.0,135536556.0,2436937014.0,1692941170.0,1388967147.0,500798611.0,1518526032.0,0.5699643195620155,0.6947004211738729,0.09758082204661389,0.4811980363970591,1.0790680548798788,0.2013290098108379,0.0038383761690475595,0.7074514155851414,5.288880879573648,0.0,-0.45134368007100245,TR
AKFGY,2019,25589571.0,71088090.0,189083484.0,29195.0,342414920.0,959543722.0,53319467.0,-230975579.0,1349314418.0,1514308541.0,-1143003967.0,171314242.0,203294904.0,425591512.0,481931135.0,155376391.0,2662935747.0,1703392025.0,1504690809.0,1388967147.0,2436937014.0,0.5650496113904171,0.6396669641462438,0.10326134118095753,0.15964262709147922,1.4824723959237267,0.1285854983116872,0.1353347762515313,0.3759613927993838,4.93591294334848,0.11063710793451849,-0.42922701694461873,TR
AKFGY,2020,9887439.0,38211623.0,527514361.0,49346.0,313284472.0,717955002.0,39651619.0,-528083247.0,1451107683.0,1658495276.0,-1537629328.0,-240295731.0,-210895991.0,590947065.0,65088643.0,466026364.0,2903964639.0,2186009637.0,1917134047.0,1504690809.0,2662935747.0,0.6601781651377746,0.7527673056489996,0.2430849135089196,0.3086559185365857,0.5932482686768512,0.10788164146099301,0.01874344990581214,0.07243712365965331,3.877891620826319,0.609194126231822,-0.5294931306496532,TR
AKFGY,2021,61790068.0,194279562.0,196541836.0,3374278.0,2684587200.0,4353151599.0,68507949.0,-727339116.0,1813638955.0,2313541840.0,-1770140302.0,2112140155.0,2362266124.0,381217086.0,191493644.0,170447739.0,6863235275.0,2510083676.0,1984086694.0,1917134047.0,2903964639.0,0.2890891269933916,0.3657289274554266,0.08590740491100739,0.3728777038202464,3.6909704716059846,0.3911547677490919,0.31438633757344164,0.9884896058465639,7.878452600047914,0.35775573313545594,-0.25791630784506364,TR
AKFGY,2022,192028931.0,584080243.0,508292705.0,7149884.0,872358151.0,13032916226.0,0.0,-297650797.0,4090674168.0,6970480850.0,-3722648634.0,1364204093.0,1547254595.0,5090538590.0,946350358.0,447640650.0,20511689781.0,7478773555.0,4538314818.0,1984086694.0,6863235275.0,0.22125504365826779,0.36461030928459126,0.09863587431717039,0.09127030786202847,2.9308107345669225,0.04252980423914495,0.3777920263482829,1.1491021556172047,6.198883839678277,0.0,-0.18148912516453392,TR
AKFGY,2023,3140765388.0,7645988069.0,3059263374.0,8156856.0,2111811554.0,22787221187.0,408972069.0,-1593250027.0,6296842396.0,7909915597.0,-6601899481.0,1055642831.0,857199251.0,9273966828.0,1580810406.0,912868539.0,33756400158.0,10969178971.0,7209710935.0,4538314818.0,20511689781.0,0.21358056253789715,0.32495108837606285,0.12661652418939873,0.271237067486534,1.32547404249942,0.06256033060739498,1.0266410583321028,2.499290559283504,7.638641952074051,0.25871038515924344,-0.1955747487913163,TR
AKFGY,2024,2236250149.0,5579986858.0,1864527351.0,1057575.0,3236011469.0,30582636653.0,312144632.0,-444445079.0,3944354544.0,7749523790.0,-2286917565.0,1898264452.0,3436765886.0,13202834977.0,1592022705.0,789374452.0,40196687794.0,9614051141.0,4733728996.0,7209710935.0,33756400158.0,0.1177641556005663,0.2391752074267933,0.1667553112286363,0.07442496995298867,7.281015409780249,0.08050443075270064,1.1993656986585015,2.9927085033144145,8.808196590404489,0.1960679524353894,-0.05689318425239403,TR
AKFGY,2025,1369362666.0,5719191160.0,2581667694.0,994862.0,4079374157.0,38765015581.0,392486116.0,635986062.0,5266759954.0,11342432142.0,-5443796155.0,3087877190.0,4908618483.0,17054139116.0,1938239566.0,1130364085.0,52689115417.0,13924099836.0,6397124039.0,4733728996.0,40196687794.0,0.12141262931387126,0.264268999883559,0.17669879122379795,0.11427445138305162,6.4142508786615515,0.07742347019331057,0.5304178648485656,2.215308799537544,8.139323722300222,0.2024961841068928,-0.10331917914954356,TR
AKFIS,2021,1111753000.0,7323301000.0,7006483000.0,73301000.0,26471073000.0,15753274000.0,0.0,-25621009000.0,31266289000.0,33046692000.0,0.0,2277685000.0,4733501000.0,4768663000.0,2434418000.0,6091262000.0,55806449000.0,40053175000.0,37357551000.0,,,0.6694127949262638,0.7177158862051947,0.16305303310701497,0.685832136051959,1.0331783966821915,0.47433716845162466,0.15867490151621005,1.0452178361097857,7.166329012454198,0.0,0.0,TR
AKFYE,2022,1488240000.0,2361723000.0,3940110000.0,857922000.0,-2489391000.0,15261103000.0,0.0,-581755000.0,9962753000.0,14504694000.0,-10699609000.0,-1575721000.0,-2059179000.0,13384900000.0,4937829000.0,2588715000.0,33705907000.0,18444804000.0,12551468000.0,,,0.3723818498638829,0.5472276417305726,0.20624798629132465,0.04634955847395699,-4.2791054653591285,-0.07385622348035316,0.37771534297265813,0.5994053465512384,4.609829400517797,0.0,-0.31744017450709755,TR
AKFYE,2023,1647612000.0,2461093000.0,4536941000.0,1086897000.0,5772389000.0,29500146000.0,0.0,-1022545000.0,10740538000.0,15888971000.0,-12167758000.0,6569784000.0,4943681000.0,17048956000.0,6299589000.0,3467423000.0,49926058000.0,20425912000.0,14207961000.0,12551468000.0,33705907000.0,0.2845800683883354,0.4091232678534324,0.24404789680940142,0.07642502386728806,5.645119774679843,0.11561876164947771,0.36315482171798136,0.5424564701194042,6.383905354123992,0.0,-0.24371557634291896,TR
AKFYE,2024,1516788159.0,3204038708.0,3790348643.0,1519006784.0,489928678.0,47538655307.0,0.0,-2054967676.0,8456283194.0,13617760395.0,-8344622875.0,221986845.0,-1385216500.0,30913151504.0,6672075462.0,2126250330.0,64946764345.0,17408109038.0,10582533524.0,14207961000.0,49926058000.0,0.16294165892214627,0.2680365867886409,0.20092072708089254,0.16578674330280577,0.23841186590031793,0.007543542514257952,0.40017114568107026,0.8453150382134913,7.66053184639075,0.0,-0.12848404318763296,TR
AKFYE,2025,2502438167.0,3559543010.0,5516303730.0,2098061465.0,3230605917.0,65762533818.0,0.0,-2615250783.0,11506997462.0,17703762630.0,-12180540589.0,2298511113.0,776262664.0,36315066245.0,6825179717.0,3496180709.0,88982600178.0,23220066360.0,15003178171.0,10582533524.0,64946764345.0,0.16860799910305807,0.26095063881647407,0.23302934012727056,0.2044305676680533,1.2352948856759791,0.03630604084998106,0.4536440140869473,0.6452768346749463,7.653921649425646,0.0,-0.13688676847646794,TR
AKHAN,2022,160876007.0,3690162652.0,2462080599.0,44334343.0,663000159.0,1969308373.0,2731679309.0,-463276157.0,143480174.0,549775478.0,833271704.0,107749577.0,333666601.0,73253200.0,7237417736.0,1881680579.0,4981164450.0,3011856077.0,2025160753.0,,,0.4065637208584832,0.6046489946743276,0.9291512173601757,0.22876018919175647,1.4311121972979066,0.13310143956399592,0.06534148681620801,1.498798476986821,6.496264387628905,0.3774383915152801,0.16728451998809235,TR
AKHAN,2023,901361112.0,5014066647.0,2220321494.0,72359652.0,752310989.0,3544382333.0,2070345823.0,-475918042.0,258314032.0,790358893.0,-211231796.0,214608106.0,505348366.0,181002777.0,6865554595.0,1409986547.0,6555062720.0,3010680387.0,1668300579.0,2025160753.0,4981164450.0,0.25450566230432653,0.4592908589286542,0.8451633744832501,0.2577084199456295,1.5807574468883028,0.11476793146534531,0.4059597290012993,2.2582615448031147,8.143240228561872,0.30155551082614324,-0.03222422195221955,TR
AKHAN,2024,66691929.0,4885293855.0,2490449952.0,117695562.0,578368509.0,3754482330.0,1361288396.0,-355710941.0,436976514.0,879948151.0,-86718506.0,37045893.0,311565540.0,412870677.0,5836580229.0,1993127113.0,7124880433.0,3370398103.0,2430103627.0,1668300579.0,6555062720.0,0.34107289937731367,0.47304626859272936,0.8201819423892411,0.17358509464695782,1.625950855978872,0.08117588981861304,0.02677906815450833,1.9616109334286274,7.359041602810474,0.2332339045450308,-0.01217122263530903,TR
AKHAN,2025,252714084.0,5543204819.0,3977061423.0,157800859.0,646599859.0,4208622491.0,660712365.0,-391062235.0,785126663.0,1918211267.0,-1659683744.0,76181283.0,306988373.0,527878533.0,8030572101.0,2672252168.0,10103895182.0,5895272690.0,3457378831.0,2430103627.0,7124880433.0,0.3421827689938124,0.583465345177212,0.7729127465118097,0.13284531641147185,1.653444902446282,0.06399510756523998,0.0635429170237384,1.393794118175479,5.616784473005483,0.08227463207978986,-0.1642617737124502,TR
AKMGY,2018,41333713.0,73794035.0,5081825.0,7492160.0,79936921.0,259105076.0,0.0,-3103879.0,0.0,1351538.0,10032434.0,88649656.0,88649656.0,26098217.0,116629010.0,0.0,265538439.0,6433363.0,0.0,,,0.0,0.024227614744696153,,inf,25.75387797011417,0.30103709768362386,8.133635652546083,14.521168084300424,49.57985326508842,0.0,0.03778147539686335,TR
AKMGY,2019,51120730.0,65682589.0,7226140.0,8805728.0,73415074.0,249324658.0,0.0,-2145669.0,0.0,1950826.0,31878686.0,81558129.0,81558129.0,15327521.0,117658596.0,0.0,258501624.0,9176966.0,0.0,0.0,265538439.0,0.0,0.03550061256094855,,inf,34.215470326504224,0.284002370522825,7.074417323771751,9.089581574671955,35.36219814021985,0.0,0.12332102795609516,TR
AKMGY,2020,66499988.0,84613579.0,23365482.0,8980561.0,47210756.0,240134913.0,0.0,-6190626.0,0.0,2246727.0,32112536.0,56870007.0,56870007.0,24518963.0,87417743.0,0.0,265747122.0,25612209.0,0.0,0.0,258501624.0,0.0,0.09637812371115725,,inf,7.626168339033888,0.17765293428088377,2.8460781592265034,3.6213068063393683,16.101114459239874,0.0,0.12083869717317203,TR
AKMGY,2021,51381324.0,88406802.0,4758807.0,216569.0,83890359.0,2144993088.0,0.0,-6341050.0,0.0,3039007.0,56452205.0,649124655.0,649124655.0,1362082599.0,120661663.0,0.0,2152790902.0,7797814.0,0.0,0.0,265747122.0,0.0,0.003622188291838108,,inf,13.229726780265098,0.038968187259646826,10.79710187868514,18.577513649954707,294.65939485718286,0.0,0.026222799876919955,TR
AKMGY,2022,176240537.0,279566681.0,20071970.0,203713.0,299985269.0,5410164476.0,0.0,-88291630.0,0.0,11931456.0,73384314.0,-159353321.0,-159353321.0,3925801208.0,436753429.0,0.0,5442167902.0,32003426.0,0.0,0.0,2152790902.0,0.0,0.0058806392188375375,,inf,3.397663730978803,0.05512238402085228,8.780430470950286,13.928213374173039,183.7868928638608,0.0,0.01348438991987572,TR
AKMGY,2023,359486758.0,510662801.0,38946458.0,231574.0,485607595.0,8200707783.0,0.0,-168825176.0,0.0,11244998.0,106400849.0,716908965.0,716908965.0,5077825609.0,720281212.0,0.0,8250899239.0,50191456.0,0.0,0.0,5442167902.0,0.0,0.006083149793268248,,inf,2.876393240069834,0.05885511153798251,9.230281172167183,13.111918958073158,177.58479071008347,0.0,0.012895666995552314,TR
AKMGY,2024,667367097.0,871390368.0,35533605.0,426209.0,697502146.0,9583438632.0,0.0,-208060375.0,0.0,1715732417.0,123671297.0,686405470.0,1031608978.0,5701207543.0,1025539109.0,0.0,11334704654.0,1751266022.0,0.0,0.0,8250899239.0,0.0,0.15450477762400108,,inf,3.3524026187110354,0.06153686110858236,18.781294411304454,24.522993600002025,11.532926263735666,0.0,0.01091085306367966,TR
AKMGY,2025,747085355.0,1066050880.0,246919019.0,1594036.0,817411973.0,11292800247.0,0.0,-189139245.0,4429945.0,2325273781.0,139488090.0,781507249.0,1329498416.0,6797972285.0,1297250566.0,1791995.0,13864993047.0,2572192800.0,6221940.0,0.0,11334704654.0,0.0004487517576755118,0.18551706382258526,0.2880122598417857,60.797514922998296,4.321747044089132,0.058955094332114745,3.0256290423703653,4.317410964604553,10.241964159768173,0.0,0.010060451492990929,TR
AKSA,2018,837838000.0,2448122000.0,2057250000.0,89829000.0,531719000.0,1447482000.0,1609881000.0,-1154681000.0,645058000.0,683895000.0,-996302000.0,224296000.0,256575000.0,457561000.0,3537548000.0,1255800000.0,4188627000.0,2741145000.0,1900858000.0,,,0.4538141018524686,0.6544256626336028,0.6606490332260484,0.6074525293314914,0.4604899535023093,0.12694350678635266,0.40726114959290316,1.1899973265281323,5.625801969244536,0.4550838603462059,-0.23785884968988644,TR
AKSA,2019,635091000.0,2179759000.0,2071596000.0,111298000.0,496086000.0,1535220000.0,1562514000.0,-417768000.0,518760000.0,581105000.0,-1147826000.0,277682000.0,347552000.0,457609000.0,3645900000.0,1075429000.0,4187921000.0,2652701000.0,1594189000.0,1900858000.0,4188627000.0,0.38066357985262855,0.633417153761974,0.6745931630440305,0.23906287955498168,1.187467685413914,0.11845638922033153,0.3065708757885225,1.0522124004873536,5.17934606116927,0.4285674319098165,-0.274080146210972,TR
AKSA,2020,906204000.0,2653990000.0,1818201000.0,125301000.0,826278000.0,1866160000.0,1415500000.0,-682566000.0,1184396000.0,1241651000.0,-416249000.0,439953000.0,492675000.0,479272000.0,4109857000.0,715701000.0,4926012000.0,3059852000.0,1900097000.0,1594189000.0,4187921000.0,0.38572723736767184,0.621162108415489,0.37666550707674396,0.3906755199774718,1.210546672409701,0.16773771562066842,0.4984069418067639,1.459679100385491,6.447781541398826,0.3444158762701476,-0.08450020016191596,TR
AKSA,2021,2835689000.0,6028316000.0,5908199000.0,139113000.0,1246618000.0,2834279000.0,2692902000.0,-1226833000.0,610612000.0,700572000.0,-2491234000.0,1167208000.0,1131838000.0,608107000.0,8348157000.0,2364284000.0,9443050000.0,6608771000.0,2974896000.0,1900097000.0,4926012000.0,0.3150355023006338,0.69985555514373,0.7947450936099951,0.5033168252754414,1.0161268893158237,0.13201433858763853,0.4799582749328518,1.0203305609712876,4.880825343548781,0.3225744316979185,-0.2638166694023647,TR
AKSA,2022,2599318000.0,10614003000.0,7158954000.0,1033583000.0,4130743000.0,16018937000.0,13437269000.0,-955861000.0,1738680000.0,2194866000.0,-3798721000.0,4563874000.0,4151523000.0,3764117000.0,34464528000.0,2259913000.0,25372757000.0,9353820000.0,3998593000.0,2974896000.0,9443050000.0,0.15759395007803054,0.36865603529013424,0.565177051027699,0.2741413946447754,4.321489212343636,0.1628022922380883,0.3630862832754618,1.482619248566201,7.519130322260162,0.3898869295410052,-0.14971652469615343,TR
AKSA,2023,4890151000.0,14110637000.0,9948059000.0,1649754000.0,3781739000.0,24161099000.0,14938925000.0,-2512983000.0,1731923000.0,1987972000.0,-1731664000.0,2385110000.0,3342688000.0,10254906000.0,34553569000.0,3463716000.0,36097130000.0,11936031000.0,5195639000.0,3998593000.0,25372757000.0,0.1439349610342983,0.33066426610647437,0.6666583263386852,0.5466433738021838,1.5048804548220183,0.10476564203303698,0.49156835519371167,1.4184311733575363,7.7620645327010145,0.4323410122989032,-0.04797234572388442,TR
AKSA,2024,4139333770.0,16498492433.0,12993396133.0,2284558057.0,3598256297.0,31253010817.0,18098788589.0,-2719570858.0,1169007242.0,2394257609.0,-3591425026.0,1487754932.0,2539332121.0,13583389378.0,37122843270.0,7258689067.0,46640664559.0,15387653742.0,8427696309.0,5195639000.0,36097130000.0,0.18069417296443202,0.3299192643907285,0.8612898235604897,0.3992518419778403,1.3230970932105788,0.07714847828654413,0.3185721213784224,1.2697598275402322,7.343451452745585,0.4875377798345024,-0.07700201229887883,TR
AKSA,2025,5837979836.0,24378248009.0,28758372083.0,4329571541.0,5518866155.0,39611340174.0,21223532716.0,-6797832667.0,9081217704.0,12263586218.0,-12019746107.0,4618137497.0,4599198402.0,14932987057.0,38205820988.0,21751854919.0,80633298476.0,41021958301.0,30833072623.0,8427696309.0,46640664559.0,0.38238634913561514,0.5087471190727728,0.7054715300340892,0.34629136677245964,0.8118567233629141,0.06844400836017711,0.2030010537157984,0.8476922107635838,4.9712281343722005,0.5555052127440492,-0.14906677928570172,TR
AKSEN,2010,78323598.0,953473791.0,642881718.0,71267833.0,130848721.0,823899877.0,40746608.0,-190716115.0,828975151.0,917818612.0,-1243052289.0,59100002.0,84077389.0,73311669.0,911279485.0,446554346.0,2384600207.0,1560700330.0,1275529497.0,,,0.5349028710371155,0.6544914008723811,0.3500933118757974,0.14951917258562622,0.6860915817208211,0.05487239354248701,0.1218320506043695,1.483124755773503,5.127700633649926,0.04471362372433963,-0.5212833100286651,TR
AKSEN,2011,110146953.0,958314683.0,941487111.0,92628220.0,152515899.0,698589563.0,23919526.0,-381493574.0,939015413.0,1028793921.0,-1631730048.0,-125951416.0,-112786834.0,125336356.0,1307427464.0,671248902.0,2668870595.0,1970281032.0,1610264315.0,1275529497.0,2384600207.0,0.603350465180572,0.7382452471435769,0.4168563482076543,0.2643942005930117,0.3997862857842004,0.0571462322998092,0.11699252354395746,1.017873396038451,4.20077306977825,0.018295107498216053,-0.6113934677301205,TR
AKSEN,2012,40569510.0,1136725393.0,923150269.0,105132534.0,202820802.0,1116026723.0,9146458.0,-199237145.0,792832480.0,896846591.0,-1420157247.0,230994527.0,226226854.0,-1365460.0,1840637761.0,691272051.0,2936023583.0,1819996860.0,1484104531.0,1610264315.0,2668870595.0,0.5054811342773877,0.6198849595548361,0.4657839367515549,0.12877401170681255,1.0179868919523014,0.06908009975613333,0.04394681057066344,1.2313546680015104,4.83375881181162,0.004969178723699997,-0.4837008991422669,TR
AKSEN,2013,22348803.0,520100658.0,630266054.0,111783801.0,196337626.0,984092923.0,223760416.0,-488910648.0,1138111127.0,1261982366.0,-1453130751.0,-133292870.0,-150606127.0,224135137.0,1785968095.0,409226231.0,2876341343.0,1892248420.0,1547337358.0,1484104531.0,2936023583.0,0.5379533141174893,0.6578664332051775,0.26447124079582907,0.32255980216812263,0.4015818162340371,0.06825950142454981,0.03545931572573636,0.8252081080666928,4.25755227844895,0.12528802537203218,-0.5052010793282263,TR
AKSGY,2018,96124337.0,682535082.0,971116458.0,4725136.0,290650258.0,3630805417.0,0.0,-873344506.0,992687899.0,1009795092.0,-1357984342.0,1029882607.0,1030149418.0,971344594.0,396097827.0,921745396.0,5611716967.0,1980911550.0,1914433295.0,,,0.34114929641995967,0.3529956271224753,0.4814716701842568,0.45618957227757573,0.332801381360038,0.05179346351734849,0.09898332605542146,0.7028354595139608,5.749527202609858,0.0,-0.24199088264531143,TR
AKSGY,2019,246302394.0,799648318.0,953960198.0,4105660.0,296299590.0,4020450560.0,0.0,-498540615.0,1289652762.0,1324473833.0,-1765718403.0,549043489.0,549337322.0,1884229243.0,437161617.0,884412451.0,6298884591.0,2278434031.0,2174065213.0,1914433295.0,5611716967.0,0.3451508249740529,0.3617202376204006,0.4068012521940849,0.24387467136138186,0.5943339039688873,0.04704000934123481,0.2581893820270267,0.8382407564555434,6.233382457954054,0.0,-0.2803223931936936,TR
AKSGY,2020,139316960.0,711816606.0,812171283.0,3814129.0,166328881.0,3607213978.0,0.0,-820944655.0,1675979854.0,1685492270.0,-1862540329.0,-458444388.0,-458159062.0,2313038012.0,301444451.0,759845725.0,6104877531.0,2497663553.0,2435825579.0,2174065213.0,6298884591.0,0.3989966328777448,0.4091259063457206,0.31194586818976827,0.3561666390989854,0.20260669216489388,0.0272452445041522,0.17153642700267696,0.8764365607346892,6.076859526659968,0.0,-0.3050905312255968,TR
AKSGY,2021,264214120.0,574831168.0,1245928174.0,3726047.0,336222393.0,4138127237.0,0.0,-1765775997.0,2335504936.0,2345360612.0,-2628165489.0,237917449.0,239076447.0,1844534148.0,415948894.0,778708355.0,7729416023.0,3591288786.0,3114213291.0,2435825579.0,6104877531.0,0.4029040850865325,0.46462614708712774,0.2500497821553996,0.6363112181230544,0.1904105580612896,0.043499067976095665,0.21206207991248138,0.4613678219945286,4.960591885275258,0.0,-0.3400212229720217,TR
AKSUE,2010,5805027.0,6514787.0,511003.0,433137.0,1316430.0,35543240.0,0.0,-1876.0,0.0,4134814.0,0.0,2377654.0,2957024.0,10243341.0,2806933.0,0.0,40189057.0,4645817.0,0.0,,,0.0,0.11559905473771132,,inf,701.7217484008529,0.032755931546241554,11.360064422322374,12.749019085993623,13.31413292914795,0.0,0.0,TR
AKSUE,2011,1444367.0,1704117.0,115687.0,432804.0,-3916198.0,29208184.0,0.0,-5616.0,0.0,3810696.0,0.0,-5076799.0,-5466771.0,11199075.0,2036487.0,0.0,33134567.0,3926383.0,0.0,0.0,40189057.0,0.0,0.11849809294323961,,inf,-697.3287037037037,-0.1181907100219538,12.485127974621177,14.730410504205313,11.682978572897344,0.0,0.0,TR
AKSUE,2012,3427212.0,3678984.0,102085.0,438850.0,1235369.0,36264343.0,0.0,-950.0,0.0,4801392.0,0.0,7056159.0,7939137.0,6122276.0,2776995.0,0.0,41167820.0,4903477.0,0.0,0.0,33134567.0,0.0,0.11910946462552548,,inf,1300.3884210526317,0.03000812284935175,33.57214086300632,36.038438556105206,12.271856990429907,0.0,0.0,TR
AKSUE,2013,4358226.0,4670125.0,619003.0,377975.0,750736.0,34062873.0,0.0,-329.0,2308525.0,6526256.0,-2807088.0,-2201469.0,-2738874.0,13191012.0,2282315.0,498563.0,41208132.0,7145259.0,2807088.0,0.0,41167820.0,0.06811975849815274,0.17339439215541244,0.17760861077386958,0.0002344066163939285,2281.872340425532,0.018218151698795763,7.040718704109673,7.5445918678907855,10.066439726706516,0.0,-0.06811975849815274,TR
AKSUE,2014,3311870.0,3776442.0,854360.0,436466.0,26128.0,32860232.0,0.0,-314007.0,4213745.0,8380524.0,-5009981.0,-1118380.0,-1190870.0,10989543.0,1546446.0,796236.0,42095116.0,9234884.0,5009981.0,2807088.0,41208132.0,0.11901573094607935,0.21938136481201287,0.158929944045696,0.08033880729465226,0.08320833611989542,0.0006206895830860758,3.876433821808137,4.420199915726392,8.296797544877972,0.0,-0.11901573094607935,TR
AKSUE,2015,2084458.0,2971118.0,730135.0,782231.0,107803.0,34162280.0,0.0,-209767.0,10864509.0,14815880.0,-14698561.0,1382143.0,1375929.0,9871163.0,3252561.0,287853.0,49708295.0,15546015.0,11152362.0,5009981.0,42095116.0,0.22435615625118505,0.3127448849331887,0.025810944802544967,0.025957498860159075,0.5139178231084965,0.002168712485511724,2.854893957966677,4.069272120909147,6.515061854828237,0.0,-0.29569634202903156,TR
AKSUE,2016,4952.0,903271.0,3850435.0,590125.0,991448.0,33095894.0,0.0,-2242422.0,16099363.0,20139696.0,-19433673.0,-1143964.0,-1065620.0,11253306.0,3355912.0,3361648.0,57086025.0,23990131.0,19461011.0,11152362.0,49708295.0,0.3409067455651361,0.4202452526691077,0.17273758285219612,0.1464995052978971,0.44213265834887455,0.017367613176780133,0.0012860884549408054,0.23458933860719633,5.119220371449204,0.0,-0.3404278542778202,TR
AKSUE,2017,333800.0,2156639.0,9327887.0,1311585.0,49069.0,23973013.0,0.0,-8570177.0,27492079.0,30829590.0,-30503413.0,-9042959.0,-9797651.0,10109342.0,6344784.0,6989104.0,64130490.0,40157477.0,34481183.0,19461011.0,57086025.0,0.5376722211229011,0.6261838479637377,0.2026932776639363,0.31775411285644034,0.005725552692785692,0.0007651430700124075,0.03578516763764398,0.23120337971504157,3.662305149441235,0.0,-0.47564603046070597,TR
AKSUE,2018,462928.0,2628015.0,6955207.0,2509293.0,4491357.0,20940493.0,0.0,-21422320.0,31728459.0,34645320.0,-34992204.0,-7304436.0,-7667630.0,1066382.0,9471473.0,5938711.0,62541020.0,41600527.0,37667170.0,34481183.0,64130490.0,0.6022794319632139,0.665171866400644,0.15766278698399694,0.5938408600955867,0.20965782417590625,0.07181457865573666,0.06655847913656632,0.37784856726766003,3.8628351941018453,0.0,-0.5595080476781479,TR
AKSUE,2019,1255594.0,8270431.0,11885172.0,3067046.0,6964395.0,22892296.0,0.0,-10643984.0,32665392.0,39486535.0,-35529354.0,1934473.0,715347.0,-6238054.0,11585661.0,9162255.0,74264003.0,51371707.0,41827647.0,37667170.0,62541020.0,0.5632290922965734,0.6917443838840737,0.2190478226040303,0.2677906409923555,0.6543034074459337,0.09377887965452118,0.1056437382647891,0.6958612799208964,3.7549584143860724,0.0,-0.4784195917906553,TR
AKSUE,2020,149939.0,3241303.0,16836004.0,3037421.0,7875943.0,14758474.0,0.0,-20453561.0,35579096.0,41325148.0,-48367227.0,-8140158.0,-7543505.0,-4303581.0,14525813.0,14374132.0,72919626.0,58161152.0,49953228.0,41827647.0,74264003.0,0.6850450384921064,0.7976062850349781,0.28775181455740956,0.4457042058054034,0.385064634955253,0.10800854902903644,0.008905854382073086,0.19252210916557158,2.8268499240397977,0.0,-0.663295050361339,TR
AKSUE,2021,9433142.0,13632476.0,28101321.0,2463456.0,8522010.0,13241298.0,0.0,-33840190.0,38381289.0,42723418.0,-62720855.0,-18838587.0,-18540399.0,-12443739.0,17301455.0,25378437.0,84066037.0,70824739.0,63759726.0,49953228.0,72919626.0,0.7584480995577322,0.8424893277650284,0.39803240371516024,0.5951861913639145,0.25183103286358616,0.10137280528639646,0.3356832228634376,0.4851186889043401,2.515915339850283,0.0,-0.746090302793743,TR
AKYHO,2010,445703.0,21649242.0,19985407.0,466695.0,7246295.0,4528097.0,0.0,-1492324.0,3447868.0,3678813.0,1847441.0,4782600.0,5941535.0,-10333135.0,98217548.0,9339858.0,28192317.0,23664220.0,12787726.0,,,0.4535890398791983,0.8393854254689318,0.7303767690987436,0.11669971658760908,4.855711628305918,0.25703084283565625,0.022301422232732113,1.0832524951831104,4.370450842421596,0.0,0.06552994562312846,TR
AKYHO,2011,1965042.0,30521705.0,25412440.0,446817.0,10645792.0,21518452.0,2828500.0,-1566777.0,2160496.0,2655752.0,6798137.0,7678408.0,9801602.0,-5552977.0,117726622.0,9333817.0,49586644.0,28068192.0,11494313.0,12787726.0,28192317.0,0.23180259990976604,0.5660433886189192,0.8120378312301049,0.1290482236685313,6.794707862063332,0.21469071389465277,0.07732598680016559,1.2010536965360272,5.808554385192382,0.02402600152750497,0.13709613015956473,TR
AKYHO,2012,2578813.0,51826114.0,30419192.0,718795.0,11693492.0,44686842.0,4894222.0,-2149470.0,795436.0,1326685.0,9801385.0,9158550.0,11430628.0,2117567.0,175465935.0,6079390.0,76432719.0,31745877.0,6874826.0,11494313.0,49586644.0,0.08994611326073589,0.4153440753560004,0.8842972898514087,0.2340305661577279,5.44017455465766,0.15299065835928197,0.08477585466438425,1.7037307894305673,7.68373438739717,0.027892718891561488,0.1282354615698023,TR
AKYHO,2013,3244611.0,69697714.0,38611218.0,683381.0,11898641.0,54502718.0,928703.0,-1172186.0,30226.0,182716.0,2802991.0,9814928.0,12255525.0,149216.0,210018763.0,1480053.0,93296652.0,38793934.0,1510279.0,6874826.0,76432719.0,0.01618792279920184,0.4158127131936096,0.979986479319384,0.2795876736188754,10.150813096215106,0.1275355625837463,0.08403285801551248,1.805115653176235,7.7732238736980825,0.00442200014291104,0.030043854092427668,TR
AKYHO,2014,8833159.0,103842100.0,67609400.0,934537.0,15959258.0,62077758.0,1324272.0,-2166122.0,0.0,566355.0,6813033.0,12414758.0,16118215.0,1165859.0,309108899.0,22872240.0,130253513.0,68175755.0,22872240.0,1510279.0,93296652.0,0.17559787427767878,0.5234081863112591,1.0,0.17767827844202644,7.367663501871085,0.12252458787810198,0.13064986525542308,1.535912166059749,6.883426222578869,0.004284160062308656,0.0523059443318047,TR
AKYHO,2015,2698044.0,110378933.0,59444073.0,1558577.0,8023670.0,63749053.0,0.0,-3692824.0,6713351.0,7595633.0,6246110.0,7322229.0,8996013.0,3592989.0,352914688.0,25652106.0,130788759.0,67039706.0,32365457.0,22872240.0,130253513.0,0.24746359891678457,0.5125800299091453,0.7925766659188529,0.13370666050758778,2.172773465510406,0.06134831511016937,0.045387939685761436,1.8568534662825005,7.3050297754800315,0.0,0.04775723883120567,TR
AKYHO,2016,3315449.0,103723524.0,69395500.0,3699533.0,12622296.0,67087387.0,0.0,-3757033.0,877527.0,1729895.0,4769131.0,9106062.0,11479833.0,4080582.0,467492000.0,16278368.0,138212782.0,71125395.0,17155895.0,32365457.0,130788759.0,0.12412668894834922,0.5146079398068986,0.9488498268379469,0.15173386219342316,3.359644698356389,0.09132509900567662,0.04777613822221902,1.4946721905599065,6.579653554432201,0.0,0.03450571597639935,TR
AKYHO,2017,17778536.0,120760984.0,63536800.0,4758458.0,10720968.0,101332280.0,0.0,-3708189.0,3930104.0,4770346.0,1175060.0,6665596.0,8653429.0,6456027.0,300950071.0,18246862.0,169639426.0,68307146.0,22176966.0,17155895.0,138212782.0,0.13073002263047034,0.4026607941953305,0.8227844151449752,0.1885542472997324,2.891160078410243,0.06319856328681518,0.2798147845028393,1.9006463026151774,7.569289064228052,0.0,0.006926809573147223,TR
AKYHO,2022,11204343.0,94771424.0,66334833.0,6679117.0,-29146457.0,644536108.0,44060071.0,-194486344.0,42010118.0,43462577.0,-65069789.0,-180387544.0,-203280316.0,-260866655.0,91391672.0,18889117.0,754333518.0,109797410.0,60899235.0,22176966.0,169639426.0,0.08073250564480419,0.1455555233593637,0.3101700210191474,4.682119347272512,-0.14986377141214605,-0.038638687403520625,0.1689058748365282,1.4286826349589212,8.274000243354218,0.4821015967406746,-0.08626129881186057,TR
AKYHO,2023,11732079.0,119251491.0,155217403.0,33120741.0,-75714790.0,641912688.0,74609237.0,-33882314.0,39650967.0,76658525.0,-48194297.0,-73548813.0,-104053815.0,-463652743.0,147480734.0,54634162.0,873788616.0,231875928.0,94285129.0,60899235.0,754333518.0,0.10790381938324543,0.2653684469608608,0.579456830355506,0.4366717512854581,-2.2346404675902596,-0.08665115179298696,0.07558481699374908,0.7682868589162003,3.574619167266203,0.5058914135862654,-0.05515555606643426,TR
AKYHO,2024,49995240.0,271721173.0,96276711.0,34109431.0,-29172280.0,767120499.0,91591397.0,1185470.0,4560738.0,15755690.0,30009487.0,-118795671.0,-148214620.0,-757505580.0,152663363.0,9014494.0,879152900.0,112032401.0,13575232.0,94285129.0,873788616.0,0.015441263971261427,0.12743221457837425,0.6640397747898525,0.021981569299587268,-24.60819759251605,-0.03318225987766178,0.519286954038137,2.822293887874919,8.716891094067712,0.5999566313759248,0.03413454815425167,TR
AKYHO,2025,26145847.0,179374077.0,59208230.0,46719470.0,-19917909.0,756280062.0,53724027.0,5117859.0,1190793.0,65517208.0,17976276.0,-60963892.0,-1951444.0,-980266945.0,141636791.0,4691771.0,881005499.0,124725438.0,5882564.0,13575232.0,879152900.0,0.0066771024774273284,0.14157169068929953,0.7975724531003827,0.5260471432632966,-3.891844030873066,-0.022608155139335857,0.4415914307858891,3.0295463485397214,6.732270777630552,0.3793084171188261,0.020404272187181886,TR
ALARK,2014,357981587.0,1035452823.0,413417016.0,48244882.0,-30815706.0,1310872632.0,644879194.0,-17445418.0,194084643.0,551561786.0,319725473.0,45530541.0,58233544.0,908722105.0,964050568.0,115506155.0,2275851434.0,964978802.0,309590798.0,,,0.13603295600709234,0.42400781860526315,0.37309298514744615,0.056349924198974416,-1.7664068582363575,-0.013540297727536111,0.8659091743819273,2.504620716917951,7.680039752839326,0.6689267299928607,0.1404860915890523,TR
ALARK,2015,272961815.0,942851646.0,302099770.0,36193697.0,-78998781.0,1234803145.0,164094784.0,-41828080.0,217185893.0,637892037.0,358417759.0,-94388213.0,-88444802.0,928642733.0,505446501.0,133967237.0,2174794952.0,939991807.0,351153130.0,309590798.0,2275851434.0,0.1614649370401886,0.4322208887488718,0.3815066008382155,0.12660904846029852,-1.888654248533521,-0.03632470312998961,0.9035485694014266,3.1209942529913213,7.709988117298002,0.32465312090467907,0.16480531126412143,TR
ALARK,2016,430282157.0,1172028484.0,476506344.0,43568096.0,80009209.0,1514299985.0,144569416.0,-54363263.0,188218229.0,437989513.0,483670880.0,148960760.0,192587215.0,857064093.0,590905263.0,224055234.0,2428795842.0,914495857.0,412273463.0,351153130.0,2174794952.0,0.16974397595333168,0.3765223248434728,0.5434626627908864,0.14241909699889116,1.4717514105067608,0.03294192439580107,0.9029935538486765,2.4596282898596624,8.238979652088341,0.24465751966064314,0.19914019599182103,TR
ALARK,2017,348032790.0,1216013848.0,640499254.0,48261177.0,82578590.0,1744482739.0,122923148.0,-44730001.0,121854152.0,309266334.0,519330801.0,296293484.0,310817578.0,899194901.0,675351497.0,238505814.0,2694248327.0,949765588.0,360359966.0,412273463.0,2428795842.0,0.13375157827461834,0.3525159794967927,0.6618543581503168,0.11578582888367363,1.8461566768129516,0.03064995500691277,0.5433773541912665,1.8985406156304439,7.873840767719891,0.1820135863265881,0.1927553580698577,TR
ALBTN,2023,183096107.0,1210481640.0,1176699709.0,256416930.0,1081520659.0,2339135427.0,0.0,-64669932.0,56278575.0,387068402.0,0.0,777323574.0,1099977194.0,191203824.0,4239453554.0,286243992.0,3902903538.0,1563768111.0,342522567.0,,,0.08776096146499227,0.40066788629916683,0.8356938186791062,0.18880487953367464,16.723701812458994,0.27710668441326974,0.15560138716750546,1.0287090501863971,6.8992697730938195,0.0,0.0,TR
ALBTN,2024,151649280.0,1303742806.0,1070050270.0,239607146.0,675812681.0,2205439686.0,0.0,-135495780.0,27714832.0,333402645.0,-623060.0,326847069.0,497881654.0,788913123.0,3459980391.0,237644647.0,3608892601.0,1403452915.0,265359479.0,342522567.0,3902903538.0,0.07352933665204409,0.38888741510653785,0.8955574072407642,0.44579628857799825,4.987702797828833,0.1872631734213251,0.14172164079730573,1.2183939788174625,7.295853497644309,0.0,-0.00017264575837678135,TR
ALBTN,2025,175906565.0,1916994196.0,1321564961.0,241645162.0,230446596.0,2431528266.0,0.0,-39973141.0,11256219.0,388732401.0,-2971541.0,16504195.0,124475503.0,1359778658.0,2159687323.0,458045862.0,4141825628.0,1710297362.0,469302081.0,265359479.0,3608892601.0,0.11330802480610852,0.41293321245536513,0.9760149817021587,0.10882055949681102,5.765035977533014,0.05563889373857532,0.13310474338461217,1.4505485939559501,7.13001527526042,0.0,-0.0007174471517853093,TR
ALCAR,2018,101862210.0,507031289.0,151317847.0,5147560.0,71754534.0,381882612.0,102295467.0,-10675619.0,2615622.0,24651892.0,30243897.0,49330486.0,61082192.0,278543259.0,636317643.0,54038213.0,557852351.0,175969739.0,56653835.0,,,0.10155704264478398,0.3154414222411335,0.9538315102587495,0.18843594612791878,6.721346462439321,0.12862638988860334,0.6731671909130454,3.350769912818017,12.2037713240176,0.16076163866479495,0.05421487772846188,TR
ALCAR,2019,122107009.0,518179824.0,154749214.0,9928001.0,22593853.0,395940500.0,103760453.0,-6273782.0,1713211.0,27483954.0,27994164.0,16394930.0,18078800.0,327873745.0,584526542.0,54692358.0,578173668.0,182233168.0,56405569.0,56653835.0,557852351.0,0.09755817693171043,0.31518759515696243,0.9696269175123471,0.11098204621704887,3.6013130516807883,0.03907796956259862,0.7890638397685173,3.3485134470537603,11.766160998906635,0.17751196146709794,0.04841826176006341,TR
ALCAR,2020,164362115.0,662449724.0,222864763.0,11781158.0,85557326.0,453379771.0,138185326.0,-7571999.0,18159678.0,48233137.0,22476223.0,61871469.0,78036118.0,339820155.0,790625348.0,87504435.0,724477671.0,271097900.0,105664113.0,56405569.0,578173668.0,0.14584868137364582,0.37419773010505936,0.8281376951510491,0.09344127669726655,11.2991729132558,0.11809518695297373,0.7374970936971315,2.9724291767021063,11.309076998614696,0.17477978204159475,0.031024038282609818,TR
ALCAR,2021,208157156.0,1091209414.0,602026013.0,14544969.0,196868798.0,497746620.0,208869655.0,-119265461.0,38033254.0,78748880.0,-52401319.0,71950613.0,77629319.0,374421624.0,1264868843.0,289704100.0,1178521513.0,680774893.0,327737354.0,105664113.0,724477671.0,0.27809195707062156,0.5776516469920393,0.8839520319066224,0.55036943841263,1.6506773742315892,0.16704726712952248,0.3457610659757322,1.812561900045339,8.898918688827353,0.16513147284473034,-0.044463608361810195,TR
ALCAR,2022,911309540.0,3540125071.0,1711242574.0,81286366.0,178989955.0,2007167294.0,532803387.0,-403835519.0,66053014.0,240353274.0,-552109470.0,482853004.0,489798364.0,841806168.0,4160312244.0,797300136.0,3958763142.0,1951595848.0,863353150.0,327737354.0,1178521513.0,0.21808658892479907,0.49298121104917575,0.9234924735028766,0.6780937596997247,0.44322489374690194,0.04521360550749515,0.5325425827092588,2.0687453227189287,8.35756312147226,0.12806812463857942,-0.1394651435804441,TR
ALCAR,2023,538479198.0,4301696122.0,3054891429.0,149592624.0,47808388.0,2152842685.0,956244998.0,-939238379.0,221531003.0,367773039.0,-2347391521.0,-593997807.0,-802081146.0,1707764949.0,7890246110.0,1434768561.0,5575507153.0,3422664468.0,1656299564.0,863353150.0,3958763142.0,0.29706706825921636,0.6138750025920736,0.8662494346946529,0.7455300278338279,0.05090122919689592,0.0085747155708115,0.17626786761985444,1.4081338803612191,6.433557192124958,0.12119330432393825,-0.421018475375275,TR
ALCAR,2024,502376012.0,5656604997.0,2482973148.0,199326926.0,-321791500.0,3363779494.0,1432774519.0,-68327775.0,1057695623.0,1247913622.0,-1981409660.0,540489370.0,832036621.0,1457835749.0,8543684308.0,1069422218.0,7094666263.0,3730886770.0,2127117841.0,1656299564.0,5575507153.0,0.2998192955309701,0.5258720610238238,0.5027564516581947,0.03611960705667896,-4.709526982255752,-0.04535681990824605,0.2023284111649201,2.278157942044728,7.496222733653123,0.16769984322318665,-0.2792815879632589,TR
ALCAR,2025,1062119411.0,5349991720.0,3266907011.0,249447416.0,27000743.0,2231973924.0,1649700747.0,-1017590321.0,1329269136.0,1512874542.0,-1692685576.0,-808113973.0,-823509111.0,1332103386.0,8836452804.0,1280991614.0,7011755477.0,4779781553.0,2610260750.0,2127117841.0,7094666263.0,0.37226922110478494,0.6816811522704502,0.49075235644561566,0.4296005908977605,0.026534001397994823,0.003850782174102903,0.3251146749582215,1.6376320789009442,6.334401414188285,0.18669264506830494,-0.2414068176724583,TR
ALCTL,2010,17606117.0,196070169.0,148450951.0,2398426.0,387019.0,54145670.0,73022228.0,-1012110.0,0.0,6160462.0,-10901291.0,452533.0,2029961.0,-19249036.0,263459079.0,29180061.0,208757083.0,154611413.0,29180061.0,,,0.13977998054322305,0.740628345530197,1.0,0.03468498575105789,0.38238827795397734,0.0018539203290170519,0.11859888320957944,1.320774085172415,4.825966239989745,0.27716724842873985,-0.05221998144130036,TR
ALCTL,2011,52774055.0,226654915.0,145048435.0,2752603.0,-7074702.0,43408458.0,83923138.0,-5865352.0,45429822.0,51906523.0,-10845328.0,-12401347.0,-12401347.0,-18796503.0,292074241.0,18763322.0,240363416.0,196954958.0,64193144.0,29180061.0,208757083.0,0.26706703153195327,0.8194048881382182,0.29229479708923434,0.1256324445540881,-1.2061854088211585,-0.02943335603118571,0.3638374657403232,1.562615377408243,5.255897111444803,0.2873349519377849,-0.045120543635475706,TR
ALCTL,2012,27651234.0,216779377.0,121593748.0,3400159.0,18164766.0,60109158.0,82114420.0,-4265658.0,41318087.0,49755898.0,18617578.0,17924612.0,17924612.0,-30791938.0,364363326.0,4536031.0,231458804.0,171349646.0,45854118.0,64193144.0,240363416.0,0.198109197868317,0.7403029957763024,0.0989230890887488,0.07752410959574806,4.2583737374163615,0.0784794774969977,0.2274067084435953,1.7828168023902018,6.409777622200206,0.22536411911005555,0.08043581699316134,TR
ALCTL,2013,42560675.0,222825129.0,154590483.0,4403649.0,-9434065.0,54718508.0,55662380.0,-5467188.0,37367746.0,45103510.0,56713044.0,-18789699.0,-15570614.0,-12867326.0,355926768.0,829577.0,254412501.0,199693993.0,38197323.0,45854118.0,231458804.0,0.15013933218635353,0.784922093902925,0.021718197372103797,0.1300914757666082,-1.725579036243129,-0.03708176666994834,0.2753123877619297,1.4413896940861488,4.883066386163717,0.15638717007089503,0.22291767809004007,TR
ALCTL,2018,103544999.0,551309088.0,194634862.0,4081998.0,58799707.0,299490883.0,63944918.0,-5344135.0,0.0,157521207.0,268368151.0,37508210.0,52798421.0,51518168.0,552527375.0,154853.0,651646952.0,352156069.0,154853.0,38197323.0,254412501.0,0.0002376332760012664,0.5404092935893914,1.0,0.2786874465740875,11.002661235167151,0.09023245918596731,0.5319961590436969,2.832530012018094,8.597632641708238,0.11573167392837323,0.4118305935082468,TR
ALCTL,2019,237025628.0,713523508.0,342617765.0,9813349.0,11915092.0,298649422.0,728596315.0,-11160621.0,27861498.0,170839886.0,439766675.0,-28956989.0,1362252.0,89026378.0,728596315.0,7981033.0,812107073.0,513457651.0,35842531.0,154853.0,651646952.0,0.04413522821269653,0.6322536375692913,0.22266934776453148,0.620079559114629,1.0676011666375913,0.014671823945559947,0.6918077584214,2.0825642476536497,7.312779439496556,1.0,0.5415131694093742,TR
ALCTL,2020,286469137.0,1089104901.0,599022955.0,14069066.0,38416328.0,428611534.0,52470810.0,0.0,23727367.0,185016194.0,373752350.0,20468005.0,40385603.0,60069389.0,1142757320.0,7425077.0,1212650683.0,784039149.0,31152444.0,35842531.0,812107073.0,0.02568954476068192,0.6465498762268046,0.23834653229775488,0.0,inf,0.03167963250963674,0.47822731100513505,1.8181355020025902,6.849543281424275,0.04591596928033679,0.30821105800671866,TR
ALCTL,2021,320452234.0,1274661544.0,355350682.0,8646826.0,64649005.0,792906357.0,74842016.0,0.0,25090012.0,257143251.0,686437986.0,51779401.0,74177782.0,80537394.0,1309047909.0,12002963.0,1405400290.0,612493933.0,37092975.0,31152444.0,1212650683.0,0.026393174431463936,0.43581457706971155,0.32359127301059026,0.0,inf,0.04600042099037848,0.9017915266024451,3.587052476798117,9.396296649487693,0.05717286241813171,0.48842880628692625,TR
ALFAS,2022,1352655870.0,2797217384.0,1749913391.0,13350769.0,716289722.0,1665679928.0,44545383.0,-228120880.0,376378.0,4646916.0,-560137148.0,816015003.0,730674818.0,151339753.0,4179599529.0,27450160.0,3420240235.0,1754560307.0,27826538.0,,,0.008135843124481576,0.5129932947531681,0.98647413487082,8.197961241172006,3.1399568597140255,0.20942672817834973,0.772984467092406,1.598489044307222,7.807130088621809,0.010657811278550366,-0.16377128783762174,TR
ALFAS,2023,1486534711.0,5408006605.0,3142435618.0,39546836.0,1211950171.0,3947548010.0,62520080.0,-787480091.0,150783692.0,237113846.0,-1318808410.0,1500276413.0,1783076906.0,907562970.0,11164841259.0,265398552.0,7327097474.0,3379549464.0,416182244.0,27826538.0,3420240235.0,0.0568004241074738,0.46123986694489005,0.6376979215864865,3.547137457294707,1.5390232525891248,0.16540658498137512,0.47305176356997364,1.72096019215882,8.02018243638284,0.0055997285182718065,-0.17999056443288147,TR
ALFAS,2024,1170596679.0,5013711300.0,3697459009.0,131626730.0,385620476.0,4973848345.0,95455122.0,-852613675.0,562392213.0,808521044.0,-1762302103.0,258576030.0,461497037.0,2350027295.0,10076474009.0,1163136551.0,9479828398.0,4505980053.0,1725528764.0,416182244.0,7327097474.0,0.18202109696036714,0.4753229556297291,0.6740754343055391,0.7961986204629902,0.4522804258329542,0.04067800173274824,0.3165949037300064,1.3559883389636247,6.401367792674238,0.009473067852379948,-0.18590021137637897,TR
ALFAS,2025,1073031517.0,5844566677.0,4872742450.0,237690356.0,666852612.0,5823317333.0,307688504.0,-1129577553.0,1666260353.0,2394558654.0,-2867752230.0,-15607300.0,155394595.0,2780655520.0,9063502558.0,2263033727.0,13090618437.0,7267301104.0,3929294080.0,1725528764.0,9479828398.0,0.3001610732839054,0.5551533824757526,0.5759390060720525,0.399509439698373,0.590355757538677,0.05094126111835735,0.22021100602187582,1.1994409179167678,5.6131730294519855,0.0339480793469204,-0.21906927039401264,TR
ALGYO,2010,39813703.0,91867310.0,16929186.0,1654022.0,2066317.0,198421870.0,0.0,-6356030.0,0.0,521713.0,115804873.0,5989846.0,5989846.0,124618916.0,8180695.0,0.0,215872769.0,17450899.0,0.0,,,0.0,0.08083881575633099,,inf,0.3250955391966369,0.009571920578829468,2.3517789337301864,5.426563923392418,19.412304073401042,0.0,0.5364496575295238,TR
ALGYO,2011,22344119.0,158511968.0,5971033.0,9077000.0,13435585.0,292283000.0,0.0,-2500381.0,0.0,951086.0,135904834.0,39961181.0,39961181.0,184557350.0,19704608.0,0.0,299205119.0,6922119.0,0.0,0.0,215872769.0,0.0,0.02313502864902522,,inf,5.373415091540049,0.04490426181511955,3.742086000864507,26.546824979865292,53.24275389365378,0.0,0.4542196151396728,TR
ALGYO,2012,22430420.0,157032720.0,3119286.0,21948.0,14251938.0,304754439.0,0.0,0.0,0.0,1015125.0,136751597.0,14268178.0,14268178.0,220699909.0,15310975.0,0.0,308888850.0,4134411.0,0.0,0.0,299205119.0,0.0,0.013384785498084506,,,inf,0.046139373434813204,7.190882785355367,50.34252069223534,86.55531614708943,0.0,0.4427210532202765,TR
ALGYO,2013,39137063.0,201823015.0,1671142.0,15833.0,84335586.0,386557149.0,0.0,0.0,0.0,532419.0,176919551.0,84385039.0,84385039.0,232486346.0,32208298.0,0.0,388760710.0,2203561.0,0.0,0.0,308888850.0,0.0,0.005668167958639648,,,inf,0.21693443763902992,23.419352155591806,120.76951868841786,194.22977114562812,0.0,0.45508598592692145,TR
ALGYO,2018,79114990.0,545419019.0,7356291.0,21457.0,269435207.0,1143408257.0,0.0,0.0,0.0,1525735.0,537211360.0,269599472.0,269599472.0,828425786.0,29206918.0,0.0,1152290283.0,8882026.0,0.0,0.0,388760710.0,0.0,0.007708149700677464,,,inf,0.2338258084573295,10.754739039007566,74.14320871754529,145.39770653102,0.0,0.466211828673383,TR
ALGYO,2019,121601288.0,633254010.0,10879637.0,19536.0,389488165.0,1513116444.0,0.0,-505292.0,5761160.0,7395154.0,622080462.0,389574941.0,389574941.0,1044522113.0,36215057.0,2276511.0,1531391235.0,18274791.0,8037671.0,0.0,1152290283.0,0.005248607159489195,0.011933456704158294,0.28323017948856083,0.125730948679039,770.817992368769,0.25433615923758374,11.176961878415613,58.20543553061559,96.78667404435181,0.0,0.406219160579171,TR
ALGYO,2020,9710342.0,669658557.0,11214125.0,20351.0,331158227.0,1810094669.0,0.0,-1362273.0,4004635.0,5936167.0,757377088.0,330185303.0,330185303.0,1385692663.0,26828787.0,2276511.0,1827244961.0,17150292.0,6281146.0,8037671.0,1531391235.0,0.0034374953189431727,0.009385874563098603,0.36243561286427667,0.19027731131698938,243.09241025844307,0.1812336244280933,0.8659027788614805,59.71563158070737,120.12423346710467,0.0,0.414491271923119,TR
ALGYO,2021,124106632.0,667136878.0,30034305.0,23296.0,1258056054.0,3060032678.0,0.0,-998011.0,2088541.0,5117891.0,760115839.0,1261477309.0,1261477309.0,1660631817.0,122022298.0,2276511.0,3095184874.0,35152196.0,4365052.0,6281146.0,1827244961.0,0.0014102718182254855,0.0113570586026326,0.5215312440722356,0.18748683802424115,1260.563314432406,0.40645586781192056,4.132162605394066,22.212495944221118,100.48424670892803,0.0,0.24558010908656308,TR
ALGYO,2022,348028531.0,821034125.0,83099106.0,398770.0,2042402421.0,9682435248.0,0.0,-871840228.0,186928083.0,194528468.0,1427130751.0,1243493208.0,1243493208.0,6953708869.0,246599486.0,23360809.0,9960062822.0,277627574.0,210288892.0,4365052.0,3095184874.0,0.021113209400196693,0.02787407860387891,0.11108912495482642,8.123216482805459,2.342633839786526,0.2050591906397114,4.188114021346992,9.880179998567012,44.00942955510453,0.0,0.1432853162178579,TR
ALGYO,2023,222839327.0,2586690281.0,346875722.0,900245.0,2581579460.0,15535347350.0,0.0,-810938327.0,698179439.0,708831058.0,1801160155.0,1861594885.0,1861594885.0,11392815238.0,410995366.0,228657667.0,16591054130.0,1055706780.0,926837106.0,210288892.0,9960062822.0,0.055863665969487136,0.06363108526606923,0.24670750180345066,1.4262945855187457,3.1834473400096184,0.15560068936982005,0.6424183442852769,7.457109612877433,22.871204741535234,0.0,0.10856212877656377,TR
ALGYO,2024,428614397.0,2394777489.0,707196945.0,1168973.0,1582568687.0,17439679346.0,0.0,-775131957.0,1501835224.0,5239246839.0,145991623.0,583715539.0,1024608571.0,13825549654.0,407951454.0,615516285.0,23386123129.0,5946443784.0,2117351509.0,926837106.0,16591054130.0,0.09053879932644222,0.254272320007847,0.29070103966379257,0.5092535680480494,2.041676481930934,0.06767127147455805,0.6060750121028874,3.386295014325889,9.184828681366337,0.0,0.006242660324445263,TR
ALGYO,2025,106441695.0,830263658.0,2495130686.0,1364399.0,-2367582576.0,18314293444.0,0.0,38755771.0,2948213428.0,7381929877.0,-3994571447.0,-2393257080.0,-2353125418.0,17809689936.0,551635348.0,1990569139.0,28191354007.0,9877060563.0,4938782567.0,2117351509.0,23386123129.0,0.17518784538598908,0.35035779269585615,0.4030485472878685,0.010984987128240618,-61.089807141238396,-0.08398257761624794,0.04265976752129127,0.33275357585819054,6.304648530559599,0.0,-0.14169491277389995,TR
ALKA,2010,27259819.0,69631422.0,24256913.0,5221420.0,2826942.0,98052729.0,3533798.0,-1673142.0,1959356.0,6618780.0,6838779.0,3022117.0,3703703.0,7721858.0,103746187.0,4802788.0,128928422.0,30875693.0,6762144.0,,,0.05244882311520108,0.23947933683699316,0.7102463360732927,0.24742773889464642,1.689600763115145,0.021926445357409244,1.1237958844969267,2.8705805227565437,9.235805384333055,0.034061955452878476,0.053043222696078605,TR
ALKA,2011,24386884.0,74968274.0,20553699.0,5483782.0,11426408.0,105923379.0,5850583.0,-2918460.0,6479139.0,10563430.0,19729465.0,12175202.0,15168267.0,6096143.0,122802988.0,9921559.0,137040508.0,31117129.0,16400698.0,6762144.0,128928422.0,0.1196777379138145,0.22706519009693105,0.6049473626061525,0.25199498403520604,3.9152183000623615,0.0833797843189548,1.1864961143977053,3.647434653976396,10.134327884823847,0.04764202480154636,0.14396812510356427,TR
ALKA,2012,19657757.0,85555250.0,27627970.0,5639306.0,8850144.0,103748305.0,7418691.0,-1276343.0,7571219.0,12246345.0,4461805.0,6883696.0,8740877.0,8069360.0,122392346.0,15001014.0,143622620.0,39874315.0,22572233.0,16400698.0,137040508.0,0.1571634955552266,0.27763255537324133,0.6645782010136082,0.06549894848811859,6.933985613585063,0.061620822680995516,0.7115165175002,3.096689695261722,9.225073872218413,0.06061401094476937,0.031066171888522853,TR
ALKA,2013,21044382.0,99294880.0,41475147.0,6414025.0,8027501.0,102720837.0,3913308.0,-4109173.0,4734877.0,9304550.0,7639388.0,4197652.0,5348194.0,9343207.0,116486824.0,21386897.0,153500534.0,50779697.0,26121774.0,22572233.0,143622620.0,0.17017383144738768,0.33081120747110887,0.8187383062115153,0.16877530740076493,1.953556348199504,0.05229624152317281,0.5073974059694111,2.3940814483430284,8.394859429968825,0.03359442609577887,0.049767826866322175,TR
ALKA,2014,9916787.0,70255802.0,21035820.0,6336915.0,-8758451.0,88585448.0,3165682.0,-3866409.0,2522333.0,5799840.0,8369980.0,-6912976.0,-8976444.0,5704133.0,126098205.0,10502231.0,115421108.0,26835660.0,13024564.0,26121774.0,153500534.0,0.11284386561251863,0.23250218668841752,0.8063403120442266,0.19753617822438463,-2.2652675906765167,-0.07588257600160969,0.4714238380058396,3.3398176063495506,9.164700764471213,0.02510489344396298,0.07251689179764242,TR
ALKA,2015,48446014.0,110024150.0,39752772.0,6357757.0,6876697.0,98120143.0,7614112.0,-6153718.0,5233680.0,9421629.0,19962055.0,10120725.0,11109130.0,-1208843.0,150437558.0,27916526.0,147294544.0,49174401.0,33150206.0,13024564.0,115421108.0,0.22506065126214045,0.33385079762356984,0.8421222480487753,0.26654027729862,1.1174865341570739,0.046686705517076044,1.218682661928582,2.7677101360378087,8.76174657431965,0.05061310553844539,0.13552474150026902,TR
ALKA,2016,67768102.0,136183507.0,38093159.0,6338236.0,37911321.0,123354637.0,16640424.0,-7610420.0,2111520.0,7806024.0,50220876.0,26454866.0,33081942.0,8911882.0,176747377.0,22107242.0,169253820.0,45899183.0,24218762.0,33150206.0,147294544.0,0.1430913760173921,0.27118550706861444,0.9128147012634255,0.2653148649980944,4.981501809361376,0.22399093267141623,1.7790097691819153,3.5750121695079162,11.55058000896778,0.09414806761177565,0.296719305951263,TR
ALKA,2017,65441709.0,145452452.0,42751008.0,5810793.0,36705917.0,128190670.0,17758450.0,-6832043.0,0.0,5445883.0,46231564.0,27282393.0,34310657.0,9629078.0,235732825.0,21500421.0,176387561.0,48196891.0,21500421.0,24218762.0,169253820.0,0.12189306818523331,0.2732442737274427,1.0,0.2988698638818633,5.3726121161708145,0.2080981039246866,1.530764116719774,3.4023163149743745,11.438651698280985,0.07533295373692654,0.26210217850906165,TR
ALKIM,2018,90355669.0,310983354.0,103394634.0,20807630.0,144098891.0,348518341.0,0.0,-46306711.0,12361785.0,26239922.0,20772317.0,96437725.0,118262974.0,159851359.0,589163482.0,38085629.0,478152897.0,129634556.0,50447414.0,,,0.10550477538986865,0.2711152788435369,0.7549570132574089,0.917920411143374,3.111836014438598,0.30136571775283,0.8738912795029575,3.0077320453593366,12.035925280567017,0.0,0.043442834144326016,TR
ALKIM,2019,149830480.0,381632198.0,111710091.0,22786549.0,166124061.0,422153231.0,0.0,-19917201.0,1441121.0,18896540.0,106973219.0,140411112.0,162550553.0,184045958.0,691440119.0,50557331.0,552759862.0,130606631.0,51998452.0,50447414.0,478152897.0,0.09407060022748179,0.23628096028434134,0.9722853095703695,0.38883366948159725,8.340733268695736,0.30053567999479674,1.3412439168096282,3.416273271140742,12.952266100437416,0.0,0.19352566341005417,TR
ALKIM,2020,193269264.0,510730102.0,144239275.0,21947614.0,243488794.0,541463249.0,0.0,-32056083.0,45039500.0,68813216.0,171734868.0,216005424.0,234896265.0,123629328.0,754148916.0,2268380.0,754515740.0,213052491.0,47307880.0,51998452.0,552759862.0,0.06269965951936271,0.282369842940586,0.04794930569706358,0.6455999804725443,7.595712614045827,0.3227087005501038,1.3399212107797962,3.5408532246158337,11.807677089136092,0.0,0.22760939089222976,TR
ALKIM,2021,335931691.0,845558580.0,331733041.0,23953184.0,329480037.0,737094409.0,0.0,-39770912.0,49474267.0,81396062.0,217216076.0,285172297.0,354164221.0,225375912.0,1096488544.0,26604531.0,1150223512.0,413129103.0,76078798.0,47307880.0,754515740.0,0.06614262115692171,0.3591728900426094,0.3496970470011895,0.6446548791920632,8.2844476133713,0.2864487063276098,1.0126567133238922,2.5489127566283036,10.617556128322631,0.0,0.18884684040435437,TR
ALKIM,2022,389608507.0,2303956948.0,662361098.0,151583493.0,1258309691.0,2718765404.0,0.0,-636098319.0,53756888.0,292938097.0,501569740.0,295124268.0,711150747.0,490268167.0,5365803733.0,56549156.0,3674064599.0,955299195.0,110306044.0,76078798.0,1150223512.0,0.030022891821233327,0.26001154015093025,0.5126569129793106,6.825644319295021,1.9781685525881731,0.3424843676789146,0.5882116389027424,3.478400158096241,11.905842996710584,0.0,0.1365163095217532,TR
ALKIM,2023,774057002.0,2852836174.0,1079391134.0,200684129.0,886147315.0,3965500064.0,0.0,-670460357.0,0.0,73968702.0,594694227.0,417513512.0,319214534.0,393632930.0,5813154309.0,133600193.0,5118859900.0,1153359836.0,133600193.0,110306044.0,3674064599.0,0.026099599444009008,0.22531576533282344,1.0,5.497689319031231,1.3216997929081138,0.17311419579973267,0.7171237354261981,2.643005009155467,10.546875863399464,0.0,0.11617708603433355,TR
ALKIM,2024,635521229.0,2981392430.0,1182326073.0,267786576.0,474215931.0,4969263808.0,0.0,-698279368.0,121819075.0,219159904.0,267843856.0,-215459828.0,-66472270.0,2102311029.0,6136653622.0,46508654.0,6370749786.0,1401485977.0,168327729.0,133600193.0,5118859900.0,0.02642196517745957,0.21998760335554637,0.27629823247956964,4.625470631364793,0.6791206395775967,0.07443643949760986,0.5375177317941122,2.5216329894807283,10.401500095219316,0.0,0.04204275242273657,TR
ALKIM,2025,298158283.0,2771599257.0,1593271447.0,292841111.0,217385248.0,4981801784.0,0.0,-433634101.0,84006696.0,337742675.0,-203913882.0,-472989480.0,-169443157.0,2116571623.0,5611275592.0,183825518.0,6912815906.0,1931014122.0,267832214.0,168327729.0,6370749786.0,0.038744300100272334,0.27933828243913894,0.6863458105155342,1.9884178176353073,0.5013103155371998,0.031446700007057876,0.1871358980049556,1.7395650077196168,8.286542952506723,0.0,-0.0294979476920559,TR
ALKLC,2021,9514825.0,851650585.0,769799849.0,23925875.0,160644626.0,271463773.0,244363.0,-53013191.0,37061570.0,74090387.0,0.0,116480109.0,115269204.0,61924362.0,1289215746.0,177333154.0,1115354009.0,843890236.0,214394724.0,,,0.1922212340387078,0.756612007658996,0.8271339457028802,0.2472691025736249,3.030276483451072,0.1440301686314197,0.012360128431254083,1.1063272954733978,5.218051543460832,0.00018954391517337238,0.0,TR
ALTNY,2021,556412118.0,805978574.0,484814958.0,35404011.0,54711838.0,914278015.0,23971215.0,-17222525.0,33680982.0,140742147.0,-8346220.0,27723103.0,63908251.0,238913800.0,262651645.0,164870035.0,1539835120.0,625557105.0,198551017.0,,,0.12894303709607557,0.4062494074040862,0.8303661068631041,0.08674105658194639,3.176760550499999,0.03553097165364042,1.1476793543981372,1.6624457655450473,6.897414101514538,0.09126619024221226,-0.005420203690379525,TR
ALTNY,2022,40793441.0,476102073.0,355102655.0,46686479.0,191371965.0,1009930230.0,9407967.0,-86782166.0,7256365.0,191904997.0,132609190.0,33138402.0,154422717.0,266037315.0,588722121.0,52181382.0,1556937882.0,547007652.0,59437747.0,198551017.0,1539835120.0,0.03817605550431331,0.3513355660004424,0.8779165536001895,0.6727592679191253,2.205199222614471,0.1229156071109072,0.11487788228449038,1.340744898119672,7.081450666859972,0.0159803184973238,0.08517307693075965,TR
ALTNY,2023,129956647.0,1254459462.0,1007592464.0,87085348.0,553799575.0,2238326801.0,4129321.0,-229769260.0,210221027.0,393650736.0,-4936810.0,582102982.0,369973142.0,263223654.0,1710613755.0,198973428.0,3639570001.0,1401243200.0,409194455.0,59437747.0,1556937882.0,0.11242934052307571,0.38500240402437585,0.4862564132253454,0.9805952686110972,2.4102422360589055,0.15216071537237622,0.12897739080351042,1.2450067927463182,6.630503543237247,0.002413941188026984,-0.0013564267203662996,TR
ALTNY,2024,831533059.0,4484871186.0,2626608722.0,190744321.0,721630760.0,4951948686.0,133365970.0,-194068829.0,277764815.0,765505002.0,140327770.0,640082618.0,961469214.0,954548581.0,2312610216.0,709346169.0,8344062410.0,3392113724.0,987110984.0,409194455.0,3639570001.0,0.11830100681138123,0.4065302435819149,0.7186083231751376,0.2779747519124288,3.718426929860024,0.08648434354172095,0.3165804834329641,1.7074759359608949,7.197890968767645,0.05766902224910002,0.016817679818864156,TR
ALTNY,2025,367229848.0,5689266127.0,4345624273.0,322252626.0,341760738.0,6001537584.0,281963905.0,-374416531.0,403822628.0,1030475983.0,-2134267457.0,165973723.0,332554886.0,1549526502.0,3697439737.0,1884920800.0,11377637839.0,5376100256.0,2288743428.0,987110984.0,8344062410.0,0.2011615644993286,0.47251462316474246,0.8235614254268434,0.22859167954989082,0.9127821816179371,0.03003793430904617,0.08450566016064777,1.3091942076880054,5.842692523932755,0.07625922937388499,-0.18758440787104402,TR
ALVES,2022,26413124.0,943158531.0,878642135.0,15978679.0,170868253.0,401024984.0,246041769.0,-131077320.0,47503334.0,106285143.0,6546800.0,47600027.0,41521164.0,-21922460.0,1550439998.0,388052014.0,1385952262.0,984927278.0,435555348.0,,,0.3142643220419954,0.7106502186292474,0.8909361709869305,0.30094296993915,1.303568405274078,0.12328581415454265,0.03006129907485031,1.07342738690764,4.759804875867074,0.15869157743439485,0.004723683621362711,TR
ALVES,2023,44209174.0,1588653410.0,1429001596.0,63050481.0,701804305.0,959950795.0,93730784.0,-215167272.0,61537613.0,180296867.0,-50721580.0,420936386.0,495569092.0,33277062.0,4625807762.0,1086275850.0,2569249258.0,1609298463.0,1147813463.0,435555348.0,1385952262.0,0.44675052816537586,0.6263691457685729,0.9463870960015042,0.2717841484626793,3.2616684613633993,0.2731553985331539,0.030937106105233488,1.1117226281950212,6.161790755214047,0.020262576575269278,-0.01974179026891442,TR
ALVES,2024,137825169.0,3065578513.0,2409295653.0,163747905.0,1166600303.0,2614819425.0,230424128.0,-1039415080.0,83150408.0,127127956.0,-282657026.0,136122679.0,126065496.0,554980375.0,7062074703.0,1382520099.0,5151243033.0,2536423609.0,1465670507.0,1147813463.0,2569249258.0,0.28452753978226053,0.49239059247469213,0.9432680076436852,0.7954248749419343,1.1223623030368195,0.22646966868511173,0.057205585718956176,1.2723961499630863,7.041315242802175,0.03262839005400422,-0.05487161529542223,TR
ALVES,2025,259605086.0,6643992086.0,5744224274.0,225910824.0,2010298771.0,2989179238.0,413523615.0,-1811188645.0,84876445.0,129166171.0,192256947.0,113226786.0,359300190.0,745452096.0,10635774808.0,3676446381.0,8862569683.0,5873390445.0,3761322826.0,1465670507.0,5151243033.0,0.4244054445309347,0.6627186758560801,0.9774344163140438,0.693013566160598,1.1099334001180203,0.22683023580126135,0.04519410691797791,1.1566386981219738,6.248888947654245,0.038880441008299314,0.02169313798105118,TR
ANELE,2010,83493170.0,373869317.0,234095402.0,1592943.0,25368631.0,206661876.0,272513121.0,-37636893.0,74093119.0,109484073.0,-2857956.0,21936969.0,10072493.0,45466356.0,319333713.0,62885821.0,550241351.0,343579475.0,136978940.0,,,0.2489433768491892,0.6244159483390044,0.4590911639409679,0.27476408417235526,0.6740362707410519,0.04610455203683883,0.35666300699062853,1.5970809926458958,6.12715763348615,0.8533803663880613,-0.005194004403351358,TR
ANELE,2011,87175966.0,396961412.0,224132289.0,2175309.0,41236945.0,248457915.0,218851691.0,-61460646.0,80242098.0,164562088.0,-115720682.0,22925167.0,23395401.0,65780075.0,357044134.0,50150235.0,637152292.0,388694377.0,130392333.0,136978940.0,550241351.0,0.20464861327062447,0.6100494055822999,0.3846103052700192,0.4597400858393639,0.6709487726503883,0.06472070416722286,0.3889487159076843,1.771103189866588,6.472076122388218,0.612954170533999,-0.18162169932208294,TR
ANELE,2012,13991235.0,336283516.0,164517248.0,1396963.0,10055768.0,218201367.0,163567537.0,-24600871.0,17474041.0,72696885.0,-44874331.0,521835.0,3643491.0,90679453.0,279302347.0,25479174.0,455415500.0,237214133.0,42953215.0,130392333.0,637152292.0,0.09431654170751765,0.5208740875090988,0.5931843285770343,0.28383620212732547,0.4087565842689066,0.022080425457631548,0.08504418333085659,2.044062370894996,7.487528221053537,0.5856289385208783,-0.09853492250483349,TR
ANELE,2013,43788838.0,522868147.0,332296146.0,3511339.0,17101981.0,244596445.0,229397654.0,-98260688.0,20276368.0,110762431.0,-38490266.0,671077.0,4857883.0,90809233.0,449739131.0,84975645.0,687655022.0,443058577.0,105252013.0,42953215.0,455415500.0,0.15305932427262925,0.6443035574893249,0.8073541073271444,1.326008391552827,0.17404703089398274,0.024870000876689592,0.1317765448895697,1.5735004853170942,6.2452902749951384,0.5100682555461246,-0.05597322024647411,TR
ANELE,2018,52401730.0,950668162.0,627001367.0,8815230.0,22879204.0,516632139.0,1301992240.0,-65836231.0,117411566.0,148788335.0,-165656791.0,34693729.0,53268462.0,234865153.0,1376310720.0,96297611.0,1292421841.0,775789702.0,213709177.0,105252013.0,687655022.0,0.165355590737034,0.6002604392693793,0.45060119715869756,0.41281656241626136,0.34751691663515794,0.01770258229487782,0.08357514474127135,1.516213858589562,6.303474238755845,0.9460016703204928,-0.12817548090322006,TR
ANELE,2019,105056111.0,1056120784.0,768425086.0,8818172.0,28634234.0,507529697.0,954426661.0,-61426765.0,108712938.0,163186710.0,-204214279.0,3192320.0,294177.0,256199568.0,1027910364.0,212939041.0,1439141493.0,931611796.0,321651979.0,213709177.0,1292421841.0,0.22350267889885655,0.6473385699261469,0.6620168844041218,0.22947785550582606,0.46615240115607587,0.019896746872546743,0.13671613917091718,1.374396545924322,5.847481076329086,0.928511565236052,-0.14190007028030288,TR
ANELE,2020,54408574.0,1275969640.0,1034189723.0,6938633.0,-86349274.0,442451012.0,460630219.0,-83932805.0,90841004.0,141345563.0,-194337752.0,-142915857.0,-138441613.0,168857068.0,739213003.0,328750810.0,1617986298.0,1175535286.0,419591814.0,321651979.0,1439141493.0,0.25932964606601383,0.7265421761933858,0.7835014865185144,0.22646477661634867,-1.028790518796554,-0.05336835924181603,0.05260985754351767,1.2337868107010768,4.607065965611577,0.623135979928102,-0.12011087624179621,TR
ANELE,2021,105381046.0,1820920922.0,2064151191.0,7604295.0,-24708468.0,644965992.0,776585954.0,-211386758.0,102689356.0,546084642.0,-260492159.0,-122659068.0,-107385034.0,20624726.0,981163411.0,553531938.0,3255201825.0,2610235833.0,656221294.0,419591814.0,1617986298.0,0.20159158457095053,0.801866051116508,0.8435141362541643,0.3929804469346547,-0.11688749207270589,-0.007590456545655199,0.05105296862917635,0.8821645090434657,2.988926491820324,0.791495020394722,-0.08002335124028753,TR
ANELE,2022,206994356.0,4673490956.0,5894591346.0,13427944.0,-491751825.0,2019218831.0,3532100216.0,-221209879.0,102010057.0,1127138946.0,-221215414.0,238218495.0,149291663.0,-1578214579.0,4294733058.0,1567661448.0,9040949123.0,7021730292.0,1669671505.0,656221294.0,3255201825.0,0.18467878563240533,0.7766585340179444,0.9389041157529966,0.19021502546902205,-2.223010234547436,-0.054391615118040304,0.035115980710090096,0.7928439278782872,1.7313434543957802,0.822426020034142,-0.024468162688498298,TR
ANELE,2023,49990572.0,7051501193.0,7372952481.0,13196546.0,64301286.0,3101100576.0,1915105477.0,322606637.0,1327127992.0,2567621222.0,-508982516.0,336221183.0,398247828.0,-1954327742.0,3045809858.0,936794796.0,13041674279.0,9940573703.0,2263922788.0,1669671505.0,9040949123.0,0.17359142235636263,0.7622160690676455,0.4137927322281099,0.16402639060875818,0.19931792661785813,0.004930447166859503,0.006780265046984236,0.956401280378739,2.9604846036933083,0.6287672462448245,-0.0390273905873861,TR
ANELE,2024,52167532.0,8693199655.0,8519526040.0,14262769.0,-944112681.0,3237794899.0,1376406520.0,839813946.0,1067136214.0,1405385876.0,-1337629811.0,-202581312.0,86065709.0,-2137437074.0,5651488576.0,1265338193.0,13162706816.0,9924911916.0,2332474407.0,2263922788.0,13041674279.0,0.1772032485115256,0.7540175478143841,0.5424874927684469,0.3654227040750772,-1.1241926685032686,-0.0717263321441133,0.006123290398440991,1.0203853611321316,2.6677168399333886,0.2435476072348695,-0.10162270038363513,TR
ANELE,2025,87186715.0,9551445318.0,10102480911.0,22883852.0,-1152263595.0,2745685715.0,6378870095.0,66571263.0,688877916.0,794361764.0,-1289828447.0,-527565596.0,-806251780.0,-2580802799.0,8797322718.0,1454841522.0,13642528390.0,10896842675.0,2143719438.0,2332474407.0,13162706816.0,0.15713505420090243,0.7987406999268117,0.6786529506665788,0.02974458448637628,-17.308723660538032,-0.08446114694139918,0.008630228135850026,0.9454554185398153,2.065320197812429,0.7250922012839589,-0.09454467750607334,TR
ARCLK,2010,1317166000.0,4748439000.0,2341989000.0,192538000.0,637650000.0,3407734000.0,3841715000.0,-279965000.0,1218072000.0,1572036000.0,-224215000.0,549247000.0,656638000.0,954525000.0,6936420000.0,839220000.0,7321759000.0,3914025000.0,2057292000.0,,,0.28098329923178295,0.5345744103295397,0.407924592133737,0.13608423111546636,2.2776061293375958,0.08708972802846966,0.5624134016000929,2.0275240404630424,7.33050471745583,0.5538469412175157,-0.03062310573183302,TR
ARCLK,2011,1173889000.0,6033849000.0,3530620000.0,217834000.0,645894000.0,3651641000.0,4913727000.0,-474421000.0,1528237000.0,2015492000.0,-733899000.0,541087000.0,615409000.0,1201658000.0,8437239000.0,1628943000.0,9197753000.0,5546112000.0,3157180000.0,2057292000.0,7321759000.0,0.3432555755737298,0.6029855335319398,0.515948726395074,0.1819631978079468,1.3614363613752343,0.07022302077474792,0.33248806158691674,1.709005500450346,6.6244900963246085,0.5823856595741806,-0.07979111854819324,TR
ARCLK,2012,1740789000.0,6736678000.0,3941024000.0,260788000.0,722804000.0,3927235000.0,6788210000.0,-363772000.0,1859103000.0,2359894000.0,-506179000.0,546638000.0,623060000.0,1387994000.0,10556861000.0,2144406000.0,10228153000.0,6300918000.0,4003509000.0,3157180000.0,9197753000.0,0.3914205233339783,0.6160367370335582,0.535631617163843,0.10160251338942385,1.9869698602421297,0.07066808640817164,0.4417098195798858,1.7093724879625194,6.614766339138662,0.6430140550301837,-0.04948879822192726,TR
ARCLK,2013,1266575000.0,7659118000.0,4091143000.0,302181000.0,1122526000.0,4138756000.0,7286525000.0,-840991000.0,2581159000.0,3181017000.0,-382190000.0,622695000.0,744780000.0,1521038000.0,11097711000.0,1673379000.0,11410916000.0,7272160000.0,4254538000.0,4003509000.0,10228153000.0,0.37284806933991976,0.6372985306350516,0.3933162660669619,0.20367793983250518,1.3347657703827984,0.0983729965236796,0.3095895205814121,1.8721218006801523,6.994379870740975,0.656579090949476,-0.033493367228362735,TR
ARCLK,2014,1621221000.0,8471757000.0,4430803000.0,346293000.0,968789000.0,4398698000.0,8762311000.0,-746336000.0,2964986000.0,3565504000.0,-375611000.0,637978000.0,731622000.0,1792299000.0,12514033000.0,1802623000.0,12395005000.0,7996307000.0,4767609000.0,4254538000.0,11410916000.0,0.38463953826561587,0.6451233379897789,0.3780979102942376,0.16544532027686978,1.2980601230544955,0.07815962962499813,0.36589778421654046,1.9120139171161525,6.962876050387844,0.7001988088092783,-0.030303416577887626,TR
ARCLK,2015,2167627000.0,9406252000.0,5236297000.0,369823000.0,1282757000.0,4675837000.0,9791584000.0,-1319670000.0,3268907000.0,3826374000.0,-483589000.0,892993000.0,785121000.0,1839690000.0,14166100000.0,2184742000.0,13738508000.0,9062671000.0,5453649000.0,4767609000.0,12395005000.0,0.39696079079329427,0.6596546728363808,0.40060187225103777,0.25822066129237714,0.9720286132139095,0.0933694546744086,0.41396181309043395,1.7963557070960643,6.846835044681966,0.6911982832254466,-0.035199528216601106,TR
ARCLK,2016,2441871000.0,10973872000.0,6606088000.0,438682000.0,1498071000.0,6004577000.0,11204569000.0,-1417622000.0,3407081000.0,4298703000.0,-1048469000.0,1304150000.0,1201681000.0,2574550000.0,16096172000.0,2250574000.0,16909368000.0,10904791000.0,5657655000.0,5453649000.0,13738508000.0,0.3345870170901716,0.6448964266435032,0.39779272507779284,0.25516753029167416,1.056749260381117,0.08859414497336625,0.36963949011881164,1.66117557017103,6.6143596758794265,0.6961014705856772,-0.06200521509733539,TR
ARCLK,2017,2581964000.0,13501158000.0,8403020000.0,548187000.0,1711831000.0,6915077000.0,12715601000.0,-1832501000.0,4113916000.0,5118398000.0,-1056755000.0,845303000.0,820897000.0,3410341000.0,20840613000.0,3262187000.0,20436495000.0,13521418000.0,7376103000.0,5657655000.0,16909368000.0,0.3609279869175218,0.6616309694984389,0.44226429592970706,0.28119303734195467,0.9341501041472828,0.08376343399394075,0.30726619715292836,1.6067030662785522,6.530363937316707,0.6101356519599496,-0.05170920943146073,TR
ARCLK,2022,40417510000.0,153998056000.0,130880266000.0,8062820000.0,9401432000.0,58039410000.0,179145384000.0,-18246899000.0,26709350000.0,43502603000.0,-21828805000.0,7008172000.0,7239161000.0,7148120000.0,257172030000.0,58048427000.0,232422279000.0,174382869000.0,84757777000.0,7376103000.0,20436495000.0,0.36467148228935486,0.7502846532194962,0.6848743449229444,0.39609531260378916,0.5152345064221597,0.04044978837850566,0.30881286564622357,1.1766331220628785,4.6240401493285015,0.6965974643510027,-0.09391872884956953,TR
ARCLK,2023,70444978000.0,247352536000.0,198955558000.0,12582692000.0,14665504000.0,85996829000.0,232380655000.0,-27745680000.0,64192475000.0,87743998000.0,-42525000000.0,20556667000.0,18770771000.0,23192418000.0,371203268000.0,82943290000.0,372696385000.0,286699556000.0,147135765000.0,84757777000.0,232422279000.0,0.39478720728670336,0.7692576787402968,0.563719432865286,0.23929670279476778,0.5285689159537629,0.03934973503968921,0.35407393846217655,1.2432552198416091,4.88410549458521,0.6260199600397914,-0.11410091890212458,TR
ARCLK,2024,66514016733.0,300353613683.0,289582849137.0,21662676487.0,9322709257.0,98252484946.0,379162446337.0,-41216300587.0,99185350647.0,132757586354.0,-60297155994.0,-2889170666.0,-2107905770.0,55888275652.0,560936749045.0,81502451490.0,520592920438.0,422340435491.0,180687802137.0,147135765000.0,372696385000.0,0.347080790082544,0.8112681116286878,0.4510678115847782,0.2514541644882742,0.22618985993955187,0.017907867915599687,0.22968907492699125,1.0371940692554773,4.100310922660856,0.6759450989483708,-0.1158240030296015,TR
ARCLK,2025,115202116109.0,389482290338.0,401150908947.0,27380444885.0,12357698789.0,89384747712.0,416984475108.0,-38458925158.0,103568049014.0,149518859959.0,-92082084393.0,-11539521174.0,-5577714773.0,78991813688.0,616975868761.0,174222308584.0,640054516618.0,550669768906.0,277790357598.0,180687802137.0,520592920438.0,0.4340104637739663,0.8603482275473935,0.6271719079469386,0.1677677522533646,0.3213220010239788,0.01930725972265168,0.28717899807680725,0.9709121471527273,3.8329179701650604,0.6758521624928068,-0.14386600203925567,TR
ARDYZ,2022,40610060.0,930374802.0,415392400.0,81051862.0,495928248.0,1293800916.0,3177.0,-197104402.0,11862582.0,99421560.0,3325646.0,279286641.0,327708075.0,468162739.0,989046072.0,96152869.0,1808614876.0,514813960.0,108015451.0,,,0.05972274829392701,0.2846454305067874,0.890176989586425,1.82477969748976,2.5160688597913707,0.274203344548848,0.09776312710584016,2.239749215440629,10.44318723585366,3.2121860547665165e-06,0.001838780629381487,TR
ARDYZ,2023,21417638.0,1473524984.0,578657581.0,208510297.0,1050451425.0,2535737501.0,18208733.0,-480951174.0,102911382.0,252208322.0,-12707319.0,639586323.0,639170492.0,1069064270.0,1646787768.0,385249334.0,3366603404.0,830865903.0,488160716.0,108015451.0,1808614876.0,0.14500095717244157,0.24679648990220054,0.7891854493264878,1.613453206021904,2.184112404308218,0.31202113790769515,0.03701262837166563,2.5464541248272354,11.330207176393795,0.011057121842794742,-0.0037745221147527834,TR
ARDYZ,2024,63948318.0,1385743242.0,1178502109.0,487136002.0,1012189258.0,3807489006.0,7671509.0,-550765152.0,126982181.0,327499857.0,-31923632.0,501861058.0,476786885.0,2139503798.0,2725254754.0,730665714.0,5313490972.0,1506001966.0,857647895.0,488160716.0,3366603404.0,0.1614094950983197,0.28342985316735003,0.8519413599213695,0.8184895645611232,1.8377874023518468,0.19049420867257286,0.05426237043755685,1.175851304310224,8.753255281905062,0.002814969495508676,-0.0060080335448436705,TR
ARDYZ,2025,215419496.0,3857272533.0,3710068899.0,873154073.0,1500756368.0,6009258344.0,2875393.0,-805829491.0,5363709.0,307807222.0,11536099.0,602557392.0,719329973.0,3845111134.0,4974830789.0,1903890706.0,10027134464.0,4017876121.0,1909254415.0,857647895.0,5313490972.0,0.19040877748819626,0.4007003332233363,0.9971906787498511,0.582477731929755,1.8623745901104034,0.14966951658902178,0.05806347587185334,1.03967679253603,7.17260962709892,0.0005779881008933749,0.0011504881121737792,TR
ARENA,2010,5501746.0,185147237.0,123711587.0,1584231.0,25387053.0,68875019.0,8702286.0,-7267699.0,0.0,3097777.0,-8214690.0,14411343.0,18246873.0,-815848.0,709384465.0,40428691.0,195684383.0,126809364.0,40428691.0,,,0.20660152016321098,0.6480300678874308,1.0,0.17976587468538124,3.4931348973038094,0.1297346911940336,0.044472358114684925,1.4966038468167093,6.738050742746909,0.012267376055380632,-0.041979282526597946,TR
ARENA,2011,17491658.0,225026556.0,144414377.0,2429467.0,26069931.0,88404810.0,10319060.0,-10146553.0,0.0,3871614.0,-10500848.0,10122475.0,16067867.0,19797194.0,844952466.0,44346537.0,236690801.0,148285991.0,44346537.0,40428691.0,195684383.0,0.18736062750491092,0.6264966376956914,1.0,0.23937542226368297,2.5693386709752564,0.11014340603798962,0.12112130636411636,1.5582005107427774,7.123027427913949,0.012212592323507108,-0.044365256087835876,TR
ARENA,2012,39611598.0,324689555.0,236309898.0,2634853.0,26323106.0,96584573.0,19181748.0,-7667025.0,0.0,966396.0,335193.0,15708981.0,18656081.0,26421634.0,905029562.0,73755633.0,333860867.0,237276294.0,73755633.0,44346537.0,236690801.0,0.22091727509951023,0.7107041209474844,1.0,0.12983715709880692,3.4332881397934663,0.07884453855443921,0.16762564046301606,1.3739989638521193,6.201802003703963,0.021194609331446346,0.0010039900842886147,TR
ARENA,2013,61639938.0,372617998.0,252667445.0,2756841.0,31966574.0,129926956.0,26089149.0,-8553599.0,0.0,3350433.0,-4578859.0,15273058.0,23412975.0,37205804.0,1007367019.0,90273406.0,385944834.0,256017878.0,90273406.0,73755633.0,333860867.0,0.23390235610719431,0.6633535558607839,1.0,0.104293715943797,3.7372074608594583,0.08282679591456846,0.24395678675580862,1.474736873996569,6.692561763516733,0.025898355324257445,-0.011864024587513976,TR
ARENA,2014,46989272.0,486378047.0,337620285.0,3633906.0,38901085.0,157482068.0,65958429.0,-11765544.0,0.0,2841768.0,-1489645.0,19801490.0,27135541.0,47161958.0,1233234306.0,92494905.0,497944121.0,340462053.0,92494905.0,90273406.0,385944834.0,0.18575358378415316,0.6837354607506251,1.0,0.1287481832668465,3.306356680150106,0.07812339449229083,0.1391778695998672,1.4406067070288742,6.529196291404358,0.053484101665916516,-0.0029915906969810373,TR
ARENA,2015,34901198.0,530535872.0,335810105.0,3720807.0,41031096.0,202098635.0,48452269.0,-16790105.0,0.0,3872909.0,-1371444.0,12668775.0,24240991.0,61597157.0,1414725230.0,111180800.0,541781649.0,339683014.0,111180800.0,92494905.0,497944121.0,0.20521329986944611,0.6269740118126444,1.0,0.16487096485071698,2.4437664922286073,0.07573363932819363,0.10393135132130703,1.5798686939453475,7.112060390980019,0.034248536728223894,-0.002531359270900665,TR
ARENA,2016,20416218.0,704682514.0,451985930.0,3096485.0,39276299.0,255254127.0,32182511.0,-12894892.0,0.0,6199616.0,9245842.0,14204403.0,26381407.0,70728615.0,1535530386.0,142827988.0,713439673.0,458185546.0,142827988.0,111180800.0,541781649.0,0.20019630727768625,0.642220447418264,1.0,0.10153106986203958,3.0458804152838193,0.05505202540089189,0.04517002996088838,1.559080642178397,6.851607963400692,0.02095856343412015,0.012959528814989239,TR
ARENA,2017,73955510.0,835098318.0,577986984.0,2839213.0,23774168.0,271104076.0,64895813.0,-17618213.0,0.0,3281078.0,10415561.0,1867467.0,6155955.0,81264414.0,1823737233.0,133001301.0,852372138.0,581268062.0,133001301.0,142827988.0,713439673.0,0.15603665942445435,0.6819416497633103,1.0,0.1277472241173054,1.349408592119984,0.027891770437010695,0.127953590733455,1.4448393149282406,6.216731693873984,0.035583971103802105,0.012219499600771793,TR
ARFYE,2022,33964000.0,256685836.0,78622485.0,10876686.0,14151323.0,444618986.0,41132520.0,-11019082.0,94004515.0,194298918.0,1766912.0,5006773.0,11020945.0,100098655.0,91490241.0,45796063.0,717540389.0,272921403.0,139800578.0,,,0.1948330437466148,0.3803568512433939,0.32758135663788174,0.07882000316193256,1.2842560750523502,0.01972198808170504,0.4319883809319942,3.264789150330214,7.1757914447202396,0.44958368838486285,0.0024624565070998396,TR
ARFYE,2023,19661273.0,585087816.0,131401553.0,17949802.0,84482014.0,988138579.0,152865971.0,-24351656.0,114432378.0,384027589.0,-10373036.0,101193704.0,112296944.0,105105428.0,272826274.0,67043940.0,1503567721.0,515429142.0,181476318.0,139800578.0,717540389.0,0.12069713619503807,0.34280407513483724,0.3694363029781109,0.15159294865697406,3.4692512903434576,0.05618770130540732,0.14962740204447963,4.452670479472948,7.847855808320506,0.5603051669429756,-0.0068989483181383085,TR
ARFYE,2024,1915599.0,912358949.0,264390414.0,49029033.0,2013066.0,1580636606.0,47224379.0,-89906935.0,131329730.0,526384444.0,-273372350.0,10429808.0,-13365434.0,270029738.0,188022072.0,184972799.0,2371411464.0,790774858.0,316302529.0,181476318.0,1503567721.0,0.1333815467293364,0.33346168305442586,0.5847970915212,0.36123244505807617,0.022390553075799992,0.0008488893768795579,0.0072453421098693845,3.450801922795885,7.51816998131425,0.25116401759470025,-0.11527832860303656,TR
ARFYE,2025,638409401.0,907847126.0,477851993.0,45950154.0,18795166.0,1574802900.0,0.0,-184735218.0,156808603.0,410561840.0,606596055.0,-143034715.0,-146985823.0,252317976.0,297550473.0,285511015.0,2463216733.0,888413833.0,442319618.0,316302529.0,2371411464.0,0.17956991444325335,0.36067221414089023,0.6454857604801061,0.48702827548745425,0.10174110926699423,0.007630333842815772,1.3359981968307915,1.8998500357829418,6.641598688320576,0.0,0.24626174663129002,TR
ARMGD,2021,208600199.0,3350017935.0,3123173645.0,30383279.0,596054915.0,1291564318.0,2136536583.0,-197875585.0,170792383.0,173102969.0,-1157651861.0,465252767.0,427952847.0,30497944.0,6263841590.0,2209434303.0,4587840932.0,3296276614.0,2380226686.0,,,0.518811946900342,0.7184810159847974,0.9282453288988963,0.08313308398895919,3.0122711450227677,0.1299205713176631,0.06679109864222743,1.0726326217446036,4.880510814046167,0.34109045580126174,-0.25233042691725127,TR
ARMGD,2022,662931910.0,3582097510.0,3347619214.0,57144018.0,469792948.0,1410974754.0,2993193072.0,-659636705.0,688433919.0,692416329.0,-1279184003.0,18937718.0,127345.0,495750711.0,7790529073.0,2584251359.0,5451010297.0,4040035543.0,3272685278.0,2380226686.0,4587840932.0,0.6003814154967098,0.7411535335428481,0.7896424921675588,0.23337943672246442,0.7121995250400749,0.08618456440241062,0.19803085943215046,1.070043299733552,4.774538729481033,0.38420921659526935,-0.23466915916559677,TR
ARMGD,2023,601010077.0,3839469006.0,3491400184.0,70378547.0,983456228.0,1760297447.0,5903393413.0,-686463808.0,983812992.0,988089027.0,-2254285109.0,280983284.0,406926101.0,323893862.0,8733460500.0,2019252889.0,6239786658.0,4479489211.0,3003065881.0,3272685278.0,5451010297.0,0.4812770124359595,0.7178914050301494,0.6723971331350223,0.2187670577140549,1.4326410460957615,0.15761055335747987,0.1721401286951413,1.0996931900259075,5.256910259505527,0.6759512352520516,-0.3612759910805271,TR
ARMGD,2024,694573326.0,9352236916.0,6005464862.0,98602410.0,1223515230.0,5502971639.0,6447098877.0,-176331865.0,1514705280.0,1709252447.0,-4919657044.0,1058829177.0,1332921477.0,791206145.0,9996607570.0,4470074771.0,13217688947.0,7714717309.0,5984780051.0,3003065881.0,6239786658.0,0.452785662833922,0.5836661265017133,0.746907109853284,0.03923784771881646,6.938707476382672,0.09256650197368274,0.11565687951901299,1.5572877588839018,6.4771814209573115,0.644928675238574,-0.3722025131418006,TR
ARMGD,2025,306649683.0,11717344988.0,8061591541.0,196988056.0,1672924106.0,7074726636.0,7634780554.0,-1558980306.0,1704725506.0,2230838090.0,-6993242995.0,812205687.0,1315083703.0,2172886894.0,14313606611.0,6969061888.0,17367156267.0,10292429631.0,8673787394.0,5984780051.0,13217688947.0,0.4994362497032054,0.592637589756536,0.8034623828595078,0.2127056838056524,1.0730886718462498,0.09632688738908783,0.03803835526030157,1.453477880689862,6.407798692513042,0.5333932083988304,-0.4026705862195833,TR
ARSAN,2010,2446922.0,55595788.0,81442766.0,11412639.0,-18158541.0,96388253.0,21716386.0,-4919173.0,217432.0,4687293.0,-41819632.0,-23329007.0,-20874399.0,-3105748.0,93777679.0,62951755.0,182518312.0,86130059.0,63169187.0,,,0.3460978041480024,0.4718981786331664,0.9965579420865429,0.07787298259830382,-3.691380847959606,-0.09948887210835042,0.0300446819303755,0.6826362945482476,2.7720368725147857,0.23157308041287736,-0.22912567808538575,TR
ARSAN,2011,1660573.0,57276038.0,100873205.0,9647388.0,316902.0,101130228.0,25238586.0,-21246725.0,4618264.0,5957184.0,-41932419.0,4741975.0,2540232.0,-25770827.0,94218339.0,77088356.0,207960617.0,106830389.0,81706620.0,63169187.0,182518312.0,0.3928946796690837,0.5137049050013157,0.9434774807720598,0.2933094964571966,0.01491533401030041,0.0015238558366077555,0.016461983140121303,0.5678023019096102,2.4749827330701275,0.26787339139994815,-0.20163634636648534,TR
ARSAN,2012,3793140.0,66376776.0,101601127.0,6127031.0,-2841204.0,108427611.0,17426159.0,-3099145.0,0.0,797016.0,-47595973.0,6338871.0,6338871.0,-16344113.0,102600123.0,76599090.0,210825754.0,102398143.0,76599090.0,81706620.0,207960617.0,0.36332890335589646,0.4857003523393067,1.0,0.03915392565435574,-0.9167702705100923,-0.01347655087717604,0.037333640993962594,0.6533074775833934,2.9225033171931356,0.16984540067266782,-0.2257597665226422,TR
ARSAN,2013,4671465.0,59670794.0,61748780.0,5906420.0,-4336479.0,114881524.0,20203475.0,-15241280.0,18822249.0,20652431.0,-34212664.0,8097566.0,8576675.0,-29874935.0,111286048.0,46514470.0,197282735.0,82401211.0,65336719.0,76599090.0,210825754.0,0.3311831570056042,0.41768080212391623,0.7119192807952294,0.214762998955394,-0.2845219692834198,-0.021981036505804727,0.07565274973853735,0.9663477399877374,4.003403542171412,0.1815454440434438,-0.17341945305046588,TR
ARSAN,2014,15249194.0,93694467.0,83134230.0,6585066.0,12083401.0,159963292.0,18180515.0,-12198944.0,27680231.0,29511037.0,-69308729.0,45860680.0,43791118.0,-21412666.0,106596307.0,68161816.0,272608559.0,112645267.0,95842047.0,65336719.0,197282735.0,0.3515738733647024,0.4132125103232727,0.7111890671533758,0.15137160188954418,0.9905284424619049,0.04432509765770047,0.18342858290742572,1.1270263404135696,5.036985345110471,0.17055482982163725,-0.2542426740167025,TR
ARSAN,2015,14833962.0,103152864.0,93391157.0,5834372.0,8629077.0,176093798.0,19149421.0,-22755088.0,21191846.0,23619639.0,-70748719.0,16499394.0,15501919.0,23381655.0,122206237.0,76053478.0,293104594.0,117010796.0,97245324.0,95842047.0,272608559.0,0.331776867339036,0.39921174350477767,0.7820785089882574,0.23569732067044405,0.37921527704045793,0.029440265272676007,0.15883690144239246,1.104524960537752,5.506557365718586,0.15669757510003357,-0.24137703894194165,TR
ARSAN,2016,0.0,96493356.0,92731394.0,6367994.0,10290588.0,184338301.0,15471500.0,-19862109.0,16069160.0,18956757.0,-72264731.0,11251517.0,11563893.0,39373674.0,140593167.0,79245595.0,296026452.0,111688151.0,95314755.0,97245324.0,293104594.0,0.3219805336855505,0.37729111788969455,0.831409523111086,0.20629518956522655,0.5181014765350447,0.03476239346340576,0.0,1.040568375365952,5.733569657292318,0.11004446610125797,-0.24411578935520262,TR
ARSAN,2017,21809890.0,117403645.0,101512630.0,5298469.0,5223236.0,311497281.0,21060434.0,-11115917.0,14592857.0,30372410.0,-75888097.0,28705801.0,28903862.0,102265160.0,169161719.0,80431792.0,443382321.0,131885040.0,95024649.0,95314755.0,296026452.0,0.2143176317578075,0.2974521846124758,0.8464308244906014,0.11680100669013338,0.4698879993436439,0.011780433618145998,0.2148490291306609,1.1565422450388685,6.796168731578218,0.12449881760778277,-0.17115724602830973,TR
ARTMS,2022,8918395.0,847047385.0,621511243.0,71761039.0,-52925693.0,550619857.0,158776894.0,75608139.0,16756535.0,19318625.0,36208575.0,5180690.0,-6694862.0,315680343.0,604825856.0,217015393.0,1191449725.0,640829868.0,233771928.0,,,0.1962079667272574,0.5378572461376833,0.928321012948997,0.32342693858434535,-0.6999999431278159,-0.04442125579407054,0.014349531244119425,1.3628834466635706,5.959211590961297,0.26251671026445006,0.030390350713287547,TR
ARTMS,2023,18158893.0,1052303499.0,714941454.0,49746883.0,59429231.0,800712576.0,60856161.0,-47330604.0,80990874.0,112481485.0,-21087564.0,6389164.0,55031156.0,463256688.0,1187956672.0,415315176.0,1628135515.0,827422939.0,496306050.0,233771928.0,1191449725.0,0.30483092189043,0.5082027456418454,0.8368126401038231,0.12965903759940559,1.255619535301092,0.03650140326310614,0.0253991328917962,1.471873666175748,6.798250182903992,0.051227593088512914,-0.012951971015754177,TR
ARTMS,2024,187701525.0,1838568041.0,307435810.0,47329258.0,464552626.0,2140383510.0,80878044.0,-209338774.0,93067700.0,201784618.0,32039454.0,296629483.0,423890112.0,614730393.0,1483412523.0,63913382.0,2649603938.0,509220428.0,156981082.0,496306050.0,1628135515.0,0.05924699905092004,0.1921873758930079,0.40714066424895706,0.6408783021919372,2.21914276616524,0.17532908195730498,0.6105389121716173,5.9803314421960145,13.388818077901675,0.054521613338166484,0.01209216726337761,TR
ARTMS,2025,200792090.0,2471488675.0,659614931.0,156999368.0,49123540.0,2586591840.0,1322649.0,208412572.0,120161693.0,305976579.0,-361263743.0,286850530.0,373884125.0,846833068.0,750264346.0,335256081.0,3552183350.0,965591510.0,455417774.0,156981082.0,2649603938.0,0.1282078454649589,0.27183042508208366,0.7361506294657705,0.6806432440494304,0.23570334327048179,0.013829111608216958,0.30440804257658627,3.746865874083739,10.278891659791348,0.0017629106421645153,-0.10170188512369442,TR
ARZUM,2017,3042622.0,184594052.0,94808624.0,1923106.0,27141777.0,78705965.0,20817129.0,-10302332.0,25000000.0,28195773.0,10313212.0,13780709.0,17210483.0,11993144.0,287868393.0,18132144.0,201710362.0,123004397.0,43132144.0,,,0.2138320687759214,0.6098070311330858,0.4203858727727516,0.2388550868234141,2.6345275030934743,0.13455816910387577,0.032092249329554665,1.9470175202627136,7.939908543873503,0.07231474349460797,0.05112881607936433,TR
ARZUM,2018,4627660.0,240645347.0,174399985.0,2650304.0,36882941.0,83811729.0,29626486.0,-18154749.0,0.0,3125171.0,8327713.0,15100179.0,20433934.0,13651742.0,359096138.0,51177252.0,261336885.0,177525156.0,51177252.0,43132144.0,201710362.0,0.19582866000717808,0.6792962118607941,1.0,0.38500403501682906,2.0315863909768184,0.14113178474596114,0.026534749988653957,1.3798472918446638,6.5272904144569885,0.0825029368597665,0.031865815650171235,TR
ARZUM,2019,8202150.0,288860755.0,213046796.0,6007518.0,41821568.0,98721381.0,45867191.0,-23398585.0,1887616.0,6389714.0,11328564.0,15392650.0,20669498.0,27978352.0,447996272.0,65830099.0,318157891.0,219436510.0,67717715.0,51177252.0,261336885.0,0.21284311002677597,0.6897094688121377,0.9721252260209903,0.3936009335029295,1.787354577210545,0.13144909864894724,0.03849928820332975,1.3558558984383882,6.455582619600905,0.10238297474046838,0.03560673590208077,TR
ARZUM,2020,29735846.0,477689063.0,389831204.0,8179327.0,59349168.0,131776680.0,72423856.0,-13003587.0,4215657.0,9568358.0,27376008.0,36467200.0,48196081.0,38483735.0,607485695.0,113026175.0,531176242.0,399399562.0,117241832.0,67717715.0,318157891.0,0.22072115190724212,0.7519153350988917,0.9640430644243089,0.14061006539986823,4.564061285551441,0.11173159359789288,0.07627877320975054,1.225374105762965,5.668497384695428,0.11921903115759788,0.051538464704149925,TR
ARZUM,2021,94541789.0,666823194.0,537392474.0,10332944.0,94123341.0,175634244.0,105784135.0,-39841057.0,23927715.0,30924179.0,28836336.0,50130119.0,62177117.0,60784842.0,815345959.0,252297323.0,743950897.0,568316653.0,276225038.0,117241832.0,531176242.0,0.37129471731788233,0.7639168865737653,0.9133760097446344,0.20251289263566205,2.3624709806268442,0.12651821696775237,0.17592689435393916,1.240849521089497,5.832349683502104,0.12974141078682896,0.03876107430783836,TR
ASELS,2018,3115691000.0,11616680000.0,4684478000.0,171391000.0,2225096000.0,10177021000.0,888955000.0,-855647000.0,20234000.0,4612132000.0,6986000.0,2319347000.0,2241766000.0,2661896000.0,9008516000.0,765803000.0,19473631000.0,9296610000.0,786037000.0,,,0.040364172454536086,0.4773947909354963,0.9742582092191588,1.0885581721980009,2.600483610647849,0.11426199869967753,0.6651095383519786,2.4798237925335544,7.948116787192443,0.09867940513176643,0.00035874152077750677,TR
ASELS,2019,3513842000.0,13976498000.0,7743870000.0,241216000.0,3177262000.0,13568899000.0,1573783000.0,-862642000.0,9098000.0,4320274000.0,2598544000.0,3352673000.0,3308531000.0,4701953000.0,13012551000.0,2223519000.0,25633043000.0,12064144000.0,2232617000.0,786037000.0,19473631000.0,0.08709917897769687,0.4706481395907618,0.9959249616033561,0.5715408258117691,3.683175639488919,0.12395180704842573,0.45375787558417174,1.8048466722710996,7.4569667460735705,0.12094346450592201,0.10137477629948188,TR
ASELS,2020,4081654000.0,19594261000.0,12319765000.0,285498000.0,5276389000.0,18098103000.0,1539914000.0,-1469171000.0,883448000.0,3676361000.0,5734226000.0,4461266000.0,4885151000.0,6531856000.0,16104455000.0,3007025000.0,34094229000.0,15996126000.0,3890473000.0,2232617000.0,25633043000.0,0.11410942890070927,0.4691740059586037,0.7729201564951099,0.47987895000726755,3.5914056294331975,0.15475900628226555,0.3313094040348984,1.59047360075456,7.5021856760160635,0.09562037336873555,0.16818758388699742,TR
ASELS,2021,2492096000.0,23175142000.0,16749927000.0,432191000.0,9418168000.0,25835210000.0,2242898000.0,-2743575000.0,332762000.0,3828161000.0,7760605000.0,7127341000.0,7196423000.0,10350992000.0,20138953000.0,5070188000.0,46413298000.0,20578088000.0,5402950000.0,3890473000.0,34094229000.0,0.11640952556312632,0.4433662093997285,0.9384110532209256,0.5904336862746913,3.4328086529436956,0.2029196029120792,0.14878249917148892,1.3835965971672592,7.567035418181536,0.11137113235231245,0.1672064975861013,TR
ASELS,2022,9370629000.0,72918181000.0,51665811000.0,2445831000.0,17957213000.0,80806003000.0,10226632000.0,-20362858000.0,1762548000.0,12330813000.0,20547746000.0,1189309000.0,-912225000.0,42468554000.0,66860171000.0,16088326000.0,144802627000.0,63996624000.0,17850874000.0,5402950000.0,46413298000.0,0.12327728004547873,0.4419576172468197,0.9012626496607393,1.751355648000088,0.881861131674149,0.12401165208142252,0.18137001662472693,1.4113430059193304,7.328060510680609,0.15295551667075455,0.14190174878526202,TR
ASELS,2023,9543479000.0,105228911000.0,72447236000.0,4912003000.0,36056785000.0,127602504000.0,9344425000.0,-27401135000.0,1630905000.0,17352761000.0,24814793000.0,10646874000.0,10409179000.0,57482723000.0,106252343000.0,27155210000.0,217402501000.0,89799997000.0,28786115000.0,17850874000.0,144802627000.0,0.13240930931148764,0.41305871177627346,0.9433440393050608,1.1750816503183772,1.3158865499549564,0.16585266882463326,0.13173006351822725,1.4524903475958697,7.707676842290353,0.08794559005630587,0.11414216895324493,TR
ASELS,2024,21776902295.0,138901523050.0,91312311890.0,4318836892.0,35754070773.0,185028282075.0,22443237183.0,-27284613267.0,12731565663.0,41462722412.0,33356585360.0,19925371403.0,10819367486.0,88283761836.0,157339901315.0,29890015909.0,317803316376.0,132775034302.0,42621581572.0,28786115000.0,217402501000.0,0.1341130799326634,0.4177899583178389,0.7012882865106084,0.7641925052011465,1.3104114917488525,0.1125037686224098,0.23848812766052505,1.521169710578883,7.357179525663875,0.142641739288166,0.10495984038295907,TR
ASELS,2025,34251789455.0,206058555025.0,148645729176.0,6533942999.0,57873407492.0,296499690430.0,32420095296.0,-31702592931.0,5921324571.0,63085220788.0,26658059076.0,35230657924.0,31077181224.0,125646134936.0,212489200293.0,44781410447.0,508230640395.0,211730949964.0,50702735018.0,42621581572.0,317803316376.0,0.09976323934069288,0.4166040634611117,0.8832148883310167,0.6794069132116641,1.8255102230268738,0.1138723305761739,0.23042565464121129,1.386239323304216,7.032604159836642,0.15257290841744492,0.05245267986062625,TR
ASGYO,2022,44116575.0,1337034632.0,293585333.0,5349214.0,54394655.0,8082342817.0,0.0,-189941168.0,0.0,1791038240.0,14004485.0,-263103888.0,-189161812.0,5382399372.0,249527275.0,277620214.0,10166966390.0,2084623573.0,277620214.0,,,0.027306101284357644,0.2050388968582004,1.0,0.6841762898432172,0.286376332065095,0.005350136207148414,0.15026832079516725,4.554160176659779,9.756040373149204,0.0,0.001377449719296259,TR
ASGYO,2023,1650182018.0,3055353884.0,76716782.0,11794231.0,-79402518.0,21499299495.0,0.0,-311755649.0,0.0,5137225.0,99717.0,5705267656.0,5427378648.0,10711894335.0,33114571.0,5015869.0,21581153502.0,81854007.0,5015869.0,277620214.0,10166966390.0,0.0002324189482983457,0.0037928467073094266,1.0,2.2060569598256143,-0.2546947208645448,-0.0036792527328366157,21.51005262447009,39.82640830789801,281.5357228208558,0.0,4.620559322316061e-06,TR
ASGYO,2024,1852374095.0,16847519537.0,29524870.0,18056938.0,-195863588.0,19423094492.0,0.0,-715654034.0,0.0,6800054612.0,110993.0,-1413317706.0,-1754065064.0,14168509510.0,64361270.0,0.0,26252673974.0,6829579482.0,0.0,5015869.0,21581153502.0,0.0,0.2601479563096638,,285.35595088308725,-0.2736847396852653,-0.007460710028775677,62.739449657187315,570.621294420602,12.147912320788734,0.0,4.227874086652077e-06,TR
ASGYO,2025,1351087750.0,19210330174.0,39288881.0,20593209.0,-95818869.0,23558528551.0,0.0,-471348469.0,0.0,7120915695.0,4789129.0,765584316.0,-104720655.0,14941916298.0,265829957.0,0.0,30718733127.0,7160204576.0,0.0,0.0,26252673974.0,0.0,0.23308918848956672,,inf,-0.20328668766716626,-0.003119232443729287,34.38855257801819,488.9508096196479,12.363435578085445,0.0,0.00015590255562299314,TR
ASTOR,2022,235805647.0,8528322665.0,4829626863.0,131218299.0,3674888130.0,6685027406.0,2941642849.0,-2285951955.0,262787655.0,295910464.0,1154304486.0,2040490155.0,2283049769.0,2015270101.0,13783507804.0,1855437283.0,11810564733.0,5125537327.0,2118224938.0,,,0.17935001296605654,0.43397902156860396,0.8759396840790098,1.0791828167023496,1.6075963984991102,0.3111526174300509,0.04882481684175608,1.7658346921862398,9.321065191803893,0.213417577791506,0.09773491040396637,TR
ASTOR,2023,2429146788.0,18818855765.0,9242020130.0,454086934.0,7972594884.0,17670249461.0,8303653475.0,-2274122043.0,122942307.0,164306749.0,2857177870.0,6639007854.0,7557088502.0,4502238615.0,24420785951.0,1533335391.0,27076576340.0,9406326879.0,1656277698.0,2118224938.0,11810564733.0,0.06117013012288392,0.347397202692281,0.9257719239059633,1.2049916305847295,3.505790249270276,0.294446195260741,0.26283721024528867,2.0362275238844347,10.06345731221305,0.34002400625684925,0.10552212488471502,TR
ASTOR,2024,6110484491.0,27639968384.0,12618263254.0,1129741740.0,8637960937.0,27257462081.0,13092977781.0,-5887222701.0,49907711.0,114401763.0,4344216134.0,6577182561.0,6735961188.0,11654428081.0,34848864779.0,2497918702.0,39990127098.0,12732665017.0,2547826413.0,1656277698.0,27076576340.0,0.06371138573169033,0.31839521254326775,0.9804116517729184,2.800702620849058,1.467238692284014,0.21600233767279037,0.4842571729562681,2.1904732709739676,10.363562229024776,0.3757074402288667,0.10863221623062219,TR
ASTOR,2025,1403812199.0,39410605444.0,19055682546.0,1163958351.0,10759062398.0,36621514847.0,15472331755.0,-10526092715.0,0.0,96036553.0,6796985851.0,8438880741.0,8574827205.0,18273650063.0,38834019873.0,5080317081.0,55773233946.0,19151719099.0,5080317081.0,2547826413.0,39990127098.0,0.09108880230826844,0.3433854869800596,1.0,2.759804590272696,1.0221325889204844,0.19290727176439137,0.07366895389924911,2.0681812550594114,10.01636609324676,0.3984221001482619,0.12186823983670886,TR
ASUZU,2010,13737183.0,244549815.0,160874027.0,9035146.0,1393122.0,161792840.0,43188220.0,-13746993.0,0.0,7361552.0,-43191012.0,-4556771.0,-7028958.0,40352286.0,339927545.0,76812537.0,330028419.0,168235579.0,76812537.0,,,0.2327452200411868,0.5097608851678922,1.0,0.17896808954506996,0.10134012580060235,0.004221218294537235,0.08539093137763003,1.5201323641882851,6.3499832071667255,0.12705125146595578,-0.13087058420868902,TR
ASUZU,2011,16455647.0,268174140.0,168577045.0,9235414.0,22147324.0,175145963.0,50385842.0,-18404603.0,0.0,8496101.0,-18114044.0,13355916.0,14947635.0,35713916.0,474007706.0,92709308.0,352219109.0,177073146.0,92709308.0,76812537.0,330028419.0,0.2632148728761903,0.5027357729191235,1.0,0.21713547301234246,1.2033578773744806,0.06287939363335338,0.09761499259878473,1.5908105400708619,6.8966486265960425,0.10629751660619627,-0.05142833973837575,TR
ASUZU,2012,17375341.0,341823749.0,187451634.0,10535499.0,13710769.0,166065669.0,91948939.0,-17742174.0,60000000.0,72301211.0,-30556960.0,1339275.0,-354559.0,37762889.0,537302213.0,75697094.0,425818514.0,259752845.0,135697094.0,92709308.0,352219109.0,0.318673541752109,0.6100083403137329,0.5578387257136104,0.15535618830859216,0.7727784092298948,0.032198621124303675,0.09269239552214306,1.823530377974726,6.804968240903919,0.1711307654710888,-0.07176052471969314,TR
ASUZU,2013,189832793.0,555910495.0,238584165.0,12699482.0,25530020.0,365334419.0,104015426.0,-16204657.0,29365000.0,44090255.0,-63463664.0,198748091.0,210895895.0,39048753.0,645057510.0,85185677.0,648008839.0,282674420.0,114550677.0,135697094.0,425818514.0,0.17677332484657668,0.43622000656074383,0.743650576591529,0.12950890179956887,1.5754742602697485,0.039397641611490425,0.7956638404732351,2.3300393594855717,8.28063629899708,0.16124984887006433,-0.09793641719137106,TR
ASUZU,2022,2432548278.0,8371412196.0,7014873750.0,310657396.0,-46978806.0,6239522208.0,4134640640.0,-124141903.0,680049525.0,1422154066.0,-1305861794.0,784307983.0,735514010.0,2115827522.0,11686265335.0,2644395995.0,14676550024.0,8437027816.0,3324445520.0,114550677.0,648008839.0,0.22651410001421735,0.5748645153120625,0.7954397144098785,0.07219659219646413,-0.3784282733284667,-0.0032009434044906575,0.34677007237656987,1.1933803079492342,5.081315108466899,0.353803419781757,-0.0889760735230401,TR
ASUZU,2023,5291337828.0,16069930521.0,13348403204.0,549525420.0,1178130188.0,11917205852.0,6949497692.0,-586583309.0,1094621559.0,2264886167.0,-2745157448.0,2330587214.0,2461593083.0,3468526358.0,21909106161.0,6468903792.0,27530495223.0,15613289371.0,7563525351.0,3324445520.0,14676550024.0,0.27473262975237545,0.5671270801535048,0.8552762755194208,0.10774887551588859,2.0084618329977064,0.04279364313852757,0.3964023072373474,1.203884110736516,5.398221603108059,0.317196769276269,-0.09971333336955716,TR
ASUZU,2024,4053294086.0,14506013898.0,12617353475.0,1012515998.0,-125640455.0,14168219394.0,8600899413.0,-1127831418.0,725717949.0,2190214527.0,-845683097.0,580437023.0,778350024.0,6663633516.0,24740895445.0,6087070088.0,28975787396.0,14807568002.0,6812788037.0,7563525351.0,27530495223.0,0.23512003121407773,0.5110324630572121,0.893477098500841,0.1569013400808872,-0.11140003106386241,-0.004336049726032439,0.32124756542893,1.1496875257352652,5.402821013291684,0.3476389701464178,-0.029185853880082768,TR
ASUZU,2025,7354059458.0,32144735624.0,26772853132.0,1081530253.0,1068411291.0,18578941053.0,11248662031.0,-1389482635.0,4430771781.0,6331125453.0,-6528368022.0,1065651978.0,1414883286.0,7795619910.0,31426016340.0,10323416432.0,51682919639.0,33103978585.0,14754188213.0,6812788037.0,28975787396.0,0.28547513019884563,0.6405206752294175,0.6996939637047587,0.12885279965938665,0.7689274152029975,0.02067242521248307,0.2746834422816943,1.20064662012355,5.151775130099396,0.3579410737046667,-0.12631577448797388,TR
ATAGY,2010,5590711.0,11383758.0,122451.0,0.0,1267939.0,11210278.0,0.0,0.0,0.0,51029.0,0.0,1267939.0,1267939.0,1880162.0,85225171.0,0.0,11383758.0,173480.0,0.0,,,0.0,0.015239255788817718,,,inf,0.11138140849445324,45.656719830789456,92.96582306391944,78.87734939888928,0.0,0.0,TR
ATAGY,2011,4574641.0,9956316.0,103753.0,0.0,-1422074.0,9788204.0,0.0,0.0,0.0,64359.0,0.0,-1422074.0,-1422074.0,3084150.0,66829075.0,0.0,9956316.0,168112.0,0.0,0.0,11383758.0,0.0,0.016884960260401538,,,-inf,-0.14283134444507387,44.091650361917246,95.96171676963557,70.9271750627734,0.0,0.0,TR
ATAGY,2012,21587078.0,21596543.0,164313.0,0.0,1055266.0,27351191.0,0.0,0.0,0.0,59605.0,-4380.0,1055266.0,1055266.0,12076.0,52265750.0,0.0,27575109.0,223918.0,0.0,0.0,9956316.0,0.0,0.008120294284240182,,,inf,0.03826878798557061,131.37778508091264,131.43538855720485,136.86288792422866,0.0,-0.00015883890069119945,TR
ATAGY,2013,8549122.0,8562441.0,242654.0,1222.0,134417.0,28171273.0,0.0,-244994.0,0.0,1020340.0,0.0,820082.0,820082.0,1067342.0,185860.0,0.0,29434267.0,1262994.0,0.0,0.0,27575109.0,0.0,0.04290896729312131,,inf,0.5486542527572104,0.004566684130438852,35.23173737090672,35.28662622499526,28.673538005733267,0.0,0.0,TR
ATAGY,2014,615838.0,692251.0,1229971.0,2338.0,899376.0,28205414.0,0.0,-135419.0,3275076.0,3924013.0,0.0,763957.0,763957.0,1076517.0,790571.0,1042984.0,33359398.0,5153984.0,4318060.0,0.0,29434267.0,0.1294405852287862,0.1544987112777035,0.24153995081124394,0.06272214837218566,6.641431409181872,0.02696019874219553,0.5006931057724126,0.5628189607722458,9.176806217410777,0.0,0.0,TR
ATAGY,2015,13560855.0,13640232.0,27052922.0,16210.0,9018714.0,35288711.0,0.0,-1935417.0,3200184.0,3369229.0,0.0,7083297.0,7083297.0,1840474.0,6521983.0,26541362.0,65710862.0,30422151.0,29741546.0,4318060.0,33359398.0,0.4526123245803715,0.46296989681858075,0.8924002134926006,0.11364881907324471,4.659829897122946,0.13724845064427857,0.5012713598922882,0.5042054976538209,4.1425777719146275,0.0,0.0,TR
ATAGY,2016,4907261.0,8630743.0,27339349.0,21109.0,9011554.0,39642865.0,0.0,-4657400.0,2437780.0,2615647.0,-3882354.0,4354154.0,4354154.0,8919620.0,2468010.0,27031109.0,69597861.0,29954996.0,29468889.0,29741546.0,65710862.0,0.423416590346074,0.4304011009763648,0.9172761484153679,0.1573168648397871,1.934889423283377,0.12948032986243643,0.17949443492601086,0.315689411624249,4.164098223369514,0.0,-0.05578266263096793,TR
ATAGY,2017,26370946.0,28781354.0,9424383.0,21707.0,7871512.0,42028855.0,0.0,-5485522.0,45038383.0,45264167.0,-2618916.0,2385990.0,2385990.0,13273774.0,3353816.0,9167315.0,96717405.0,54688550.0,54205698.0,29468889.0,69597861.0,0.5604544290657922,0.5654468293478304,0.16912087360262384,0.1311156038332164,1.4349613400511383,0.08138671627924673,2.798161534818778,3.0539244850299485,6.3641839833052805,0.0,-0.02707802178935632,TR
ATAGY,2018,12737019.0,14924975.0,56505839.0,21625.0,15264005.0,43756166.0,0.0,-13536694.0,0.0,267314.0,0.0,1727311.0,1727311.0,15659764.0,20442266.0,54864828.0,100529319.0,56773153.0,54864828.0,54205698.0,96717405.0,0.545759471423456,0.5647422420120045,1.0,0.24821910183141502,1.127602130919115,0.15183635134343246,0.22541066950620803,0.2641315528471314,2.8740734450038703,0.0,0.0,TR
ATAGY,2019,4370554.0,4744612.0,53661684.0,20187.0,2129764.0,36231099.0,0.0,-9654831.0,0.0,370919.0,0.0,-7525067.0,-7525067.0,17387075.0,15125938.0,51950758.0,90263702.0,54032603.0,51950758.0,54864828.0,100529319.0,0.5755442868939721,0.598608319875912,1.0,0.18077569690999964,0.22059050023765306,0.02359491083137716,0.08144645628340698,0.08841712831822422,1.1854903466460707,0.0,0.0,TR
ATAGY,2020,3458553.0,3704827.0,51269962.0,15310.0,6678923.0,35174751.0,0.0,-7735271.0,0.0,510779.0,0.0,-1056348.0,-1056348.0,9862008.0,10959811.0,50029673.0,86955492.0,51780741.0,50029673.0,51950758.0,90263702.0,0.5753480527716409,0.5954855732401583,1.0,0.15170108469143456,0.8634374930109107,0.076808524066542,0.06745768604236531,0.07226116141845394,1.2607949610750309,0.0,0.0,TR
ATAGY,2021,3141935.0,6632721.0,75815830.0,116609.0,29519978.0,50634153.0,0.0,-14021715.0,379157.0,1087480.0,0.0,15498263.0,15498263.0,8805660.0,4615353.0,73937299.0,127537463.0,76903310.0,74316456.0,50029673.0,86955492.0,0.5827029505832337,0.6029860418346255,0.9948980747951706,0.22552716538526102,2.105304379671103,0.23146122955260603,0.04144167517522396,0.08748464535704482,2.163342606041244,0.0,0.0,TR
ATAKP,2019,5019587.0,236321685.0,249422302.0,13084118.0,91932986.0,69642330.0,156295668.0,-76910512.0,112609141.0,131543752.0,-261477861.0,11982207.0,5140929.0,-107801209.0,361466378.0,148386473.0,450608384.0,380966054.0,260995614.0,,,0.5792071858121486,0.8454482151845626,0.568540101980411,0.2946812431874813,1.1953240670144023,0.20401969706804213,0.020124852347806494,0.9474761603314847,3.8423316452707406,0.43239337740009665,-0.580277398922076,TR
ATAKP,2020,10028558.0,313110506.0,357047423.0,12281092.0,73026519.0,35090345.0,118193249.0,-136375987.0,149384067.0,152609453.0,-394718523.0,-34482151.0,-59344348.0,-95819002.0,310558419.0,254185746.0,544747221.0,509656876.0,403569813.0,260995614.0,450608384.0,0.7408386815799837,0.935584168863525,0.6298433079284848,0.41042155206788994,0.5354793069251994,0.13405578988717778,0.028087467809563213,0.8769437498502825,3.1206257751939344,0.3805829813939129,-0.7245902462345926,TR
ATAKP,2021,5670253.0,378200604.0,476887584.0,12865774.0,88515489.0,141443817.0,112797282.0,-247597240.0,248260829.0,250857850.0,-450819512.0,-48215033.0,-148480104.0,-130301153.0,368275322.0,343395229.0,869189251.0,727745434.0,591656058.0,403569813.0,544747221.0,0.680698774541104,0.8372692519640926,0.580396709129952,0.4975699430948575,0.3574978824481242,0.10183684266477427,0.011890125032066257,0.7930602865097868,2.904893520217597,0.3062852036553239,-0.518666690230388,TR
ATATP,2018,11933080.0,48555792.0,32494590.0,3274617.0,13645689.0,28425603.0,1091411.0,-1219204.0,3052103.0,8170792.0,4670762.0,11963874.0,13368960.0,11420288.0,142147706.0,772942.0,69090985.0,40665382.0,3825045.0,,,0.05536243259522208,0.588577250707889,0.20207396252854543,0.31874239388033343,11.192293496412413,0.19750317642743115,0.36723282244829064,1.494273108231247,7.375008150543366,0.0076780064252320755,0.06760305993611178,TR
ATATP,2019,8111139.0,82002987.0,68787447.0,4836251.0,27951732.0,48576450.0,2057179.0,-1024909.0,2640082.0,10400208.0,-5728724.0,24675061.0,28700305.0,18793204.0,175485875.0,1189694.0,127764105.0,79187655.0,3829776.0,3825045.0,69090985.0,0.029975367494649612,0.6197957947578469,0.31064323344237366,0.2677813106276424,27.272403696328162,0.21877609521077926,0.11791597673337113,1.192121390985771,6.522351804472828,0.011722761162401247,-0.044838290065899185,TR
ATATP,2020,17782017.0,108410070.0,101836814.0,12343234.0,43452129.0,46749150.0,416003.0,-2839298.0,1482650.0,17876005.0,31362349.0,36372146.0,44157235.0,33834439.0,211573794.0,1326559.0,166461969.0,119712819.0,2809209.0,3829776.0,127764105.0,0.01687598084340814,0.7191601764604862,0.4722179802214787,0.8553409896241669,15.30382827022736,0.26103337153244893,0.17461285660409603,1.0645469525391869,6.3358375571047105,0.001966231224269675,0.18840549098635256,TR
ATATP,2021,154233266.0,374495864.0,138345673.0,19781507.0,44084267.0,301865713.0,122333834.0,-4460746.0,257556.0,20881784.0,45302283.0,67253245.0,72289721.0,24113129.0,249526678.0,1401409.0,461093170.0,159227457.0,1658965.0,2809209.0,166461969.0,0.0035978954101618986,0.3453259934429304,0.8447489850599621,1.996675151862931,9.882711770632087,0.09560815442137215,1.1148398258903263,2.7069575497312446,9.41329835130972,0.4902635460886471,0.09824973768316715,TR
ATATP,2022,323773999.0,754642591.0,251476686.0,85015842.0,116394891.0,801341989.0,291151420.0,-199934255.0,496230.0,25407192.0,92036146.0,-17546950.0,-11135823.0,17369378.0,899115616.0,4982032.0,1078225867.0,276883878.0,5478262.0,1658965.0,461093170.0,0.005080811143255572,0.25679580361987364,0.9094183520247845,56.02575201825583,0.5821658274616324,0.1079503790090393,1.2874911155780062,3.000845139974526,10.12809028522652,0.3238197789237374,0.08535887406974998,TR
ATATP,2023,442121821.0,1107412957.0,510698204.0,145950765.0,262723589.0,1279902002.0,607113961.0,-207157823.0,8952697.0,24693040.0,203010155.0,177889730.0,190669788.0,-70906967.0,1806656340.0,9031835.0,1815293246.0,535391244.0,17984532.0,5478262.0,1078225867.0,0.009907232365695696,0.29493374978380765,0.5022001684558709,17.65841041778741,1.2682291462389041,0.14472790530065135,0.8657203364670536,2.1684293156433343,8.761727272394527,0.3360428585992176,0.11183325638837308,TR
ATATP,2024,507359752.0,1373966838.0,578939480.0,203374796.0,542131524.0,2177296950.0,761250052.0,-139357803.0,51651209.0,70055127.0,67833592.0,598377451.0,619165335.0,58571616.0,2578860036.0,32398361.0,2826291557.0,648994607.0,84049570.0,17984532.0,1815293246.0,0.029738464098592644,0.22962762118175906,0.385467302212254,2.731592678690895,3.8902129075614087,0.19181726763372275,0.876360603357021,2.3732477840343518,9.974500769425813,0.29518858773768675,0.024000918034090848,TR
ATATP,2025,589305385.0,1546765919.0,696181230.0,309275879.0,4441798045.0,7861499500.0,734647558.0,-167191174.0,22241850.0,46862881.0,158202198.0,4405437212.0,4525424983.0,572760440.0,6665669650.0,37383727.0,8604543611.0,743044111.0,59625577.0,84049570.0,2826291557.0,0.006929545562855304,0.08635485443412672,0.6269746790039449,2.327349962620884,26.56718018500187,0.516215414298282,0.8464827254822713,2.2217862998116167,18.693575728649243,0.11021361642186993,0.018385890658716077,TR
ATEKS,2018,8403351.0,171546644.0,127838675.0,7901027.0,28430275.0,453098616.0,245230261.0,-16499595.0,22053744.0,76173388.0,6169956.0,15048000.0,16202421.0,159544121.0,366921961.0,15226217.0,657110679.0,204012063.0,37279961.0,,,0.056733153472308735,0.3104683419701356,0.4084289948693884,0.4425861657956134,1.7230892637061697,0.043265580530916926,0.0657340276719858,1.341899421282331,7.1005892844340615,0.6683444630341981,0.009389523252596538,TR
ATEKS,2019,21852014.0,216728559.0,182023426.0,9610651.0,22781819.0,472413438.0,293032526.0,-19459224.0,17064134.0,77779107.0,-20776157.0,12049489.0,13541394.0,207127048.0,425472940.0,73810984.0,732215971.0,259802533.0,90875118.0,37279961.0,657110679.0,0.12410971844262053,0.3548168071848845,0.8122243538654882,0.3036824471076952,1.1707465313108067,0.031113523744758634,0.12005055876708969,1.190663002903813,6.601462370975286,0.6887218867550072,-0.028374356505261204,TR
ATEKS,2020,34183804.0,208464514.0,145653079.0,11173120.0,65176417.0,528712127.0,214277082.0,-42473416.0,35881407.0,102831254.0,-44374134.0,39800597.0,40962732.0,218744580.0,304482730.0,75964197.0,777196460.0,248484333.0,111845604.0,90875118.0,732215971.0,0.14390904971440555,0.3197188172987818,0.6791880439038087,0.41903378777429573,1.5345226058577441,0.08386092880556867,0.23469331534007598,1.431240008321417,7.495385096007028,0.703741332061756,-0.057095131390588166,TR
ATEKS,2021,24823185.0,333503663.0,312691926.0,10352536.0,167263611.0,806181133.0,260095974.0,-74256778.0,2107729.0,94071163.0,-80570681.0,133236150.0,138504576.0,257928181.0,426244937.0,102575765.0,1212944222.0,406763089.0,104683494.0,111845604.0,777196460.0,0.08630528271727898,0.33535185016941366,0.979865698789152,0.6858826706053152,2.252502943233007,0.13789884808074876,0.07938543638635556,1.066556681735364,7.063503939054706,0.6102030814268652,-0.06642570988725977,TR
ATLAS,2014,3318663.0,12300978.0,3791645.0,1460.0,-167522.0,8509774.0,0.0,0.0,0.0,4553.0,0.0,-167522.0,-167522.0,-1324326.0,148346322.0,0.0,12305972.0,3796198.0,0.0,,,0.0,0.30848420587987685,,,-inf,-0.013613065266197582,0.8752567816871042,3.2442325164935006,9.697538738245518,0.0,0.0,TR
ATLAS,2015,5806403.0,19536545.0,1716600.0,2167.0,-695827.0,17805459.0,0.0,0.0,0.0,24813.0,0.0,-695827.0,-695827.0,-1491848.0,327251611.0,0.0,19546872.0,1741413.0,0.0,0.0,12305972.0,0.0,0.08908908801367298,,,-inf,-0.03559786957217503,3.3825020389141325,11.380953629267156,19.47836632591929,0.0,0.0,TR
ATLAS,2016,9380722.0,17712193.0,21545.0,3854.0,451544.0,17663662.0,0.0,0.0,0.0,33933.0,0.0,451544.0,451544.0,-2175560.0,339295087.0,0.0,17719140.0,55478.0,0.0,0.0,19546872.0,0.0,0.003130964595347178,,,inf,0.025483403822081658,435.4013460199582,822.102251102344,343.88034503123873,0.0,0.0,TR
ATLAS,2017,17889713.0,43364219.0,5642037.0,7619.0,9336022.0,37698973.0,0.0,0.0,0.0,42673.0,0.0,9336022.0,9336022.0,-1724016.0,496427381.0,0.0,43383683.0,5684710.0,0.0,0.0,17719140.0,0.0,0.13103336570110932,,,inf,0.21519662127348663,3.1707897342750497,7.685915388360622,17.23372950523036,0.0,0.0,TR
ATLAS,2018,16860315.0,38276207.0,2279787.0,8535.0,-298643.0,35957249.0,0.0,0.0,0.0,51406.0,0.0,-298643.0,-298643.0,5783221.0,334798894.0,0.0,38288442.0,2331193.0,0.0,0.0,43383683.0,0.0,0.060885031571668545,,,-inf,-0.007799821157517979,7.395565901551329,16.789378569138258,26.052910533920986,0.0,0.0,TR
ATLAS,2019,31312313.0,47482074.0,613109.0,7339.0,10840856.0,46821554.0,0.0,0.0,0.0,52307.0,0.0,10840856.0,10840856.0,5472191.0,199602577.0,0.0,47486970.0,665416.0,0.0,0.0,38288442.0,0.0,0.014012601772654688,,,inf,0.22829117124128998,51.07136414569025,77.44475125956396,85.51696288479809,0.0,0.0,TR
ATLAS,2020,44178541.0,82471465.0,688020.0,4028.0,6758259.0,81658942.0,0.0,0.0,0.0,128370.0,0.0,6758259.0,6758259.0,13715544.0,370055939.0,0.0,82475332.0,816390.0,0.0,0.0,47486970.0,0.0,0.00989859610386291,,,inf,0.08194279230061177,64.2111290369466,119.8678308770094,115.87340591366713,0.0,0.0,TR
ATLAS,2021,43966377.0,95464582.0,2481874.0,1534.0,12426561.0,92810324.0,0.0,0.0,0.0,174994.0,0.0,12426561.0,12426561.0,18848782.0,528011830.0,0.0,95467192.0,2656868.0,0.0,0.0,82475332.0,0.0,0.02783016808538791,,,inf,0.1301657746464356,17.714991574914762,38.46471738694228,47.8364804051096,0.0,0.0,TR
ATSYH,2010,953324.0,8400498.0,856626.0,5005.0,1348354.0,7467770.0,0.0,0.0,0.0,86084.0,0.0,1348354.0,1348354.0,-2598887.0,57009626.0,0.0,8410480.0,942710.0,0.0,,,0.0,0.11208753840446681,,,inf,0.16031831714717829,1.1128824014213905,9.806494316072591,17.52172224149468,0.0,0.0,TR
ATSYH,2011,846631.0,5450713.0,30115.0,4562.0,-2142245.0,5331918.0,0.0,0.0,0.0,94101.0,5331918.0,-2142245.0,-2142245.0,-1244140.0,62520251.0,0.0,5456134.0,124216.0,0.0,0.0,8410480.0,0.0,0.0227663030270151,,,-inf,-0.392630569557126,28.113265814378217,180.996612983563,51.45622776653153,0.0,0.9772336969729849,TR
ATSYH,2012,744716.0,7127095.0,2670116.0,167351.0,1372866.0,7367117.0,6607669.0,-66567.0,0.0,145956.0,3972129.0,1306299.0,1306299.0,-3854371.0,30393306.0,61446.0,10183189.0,2816072.0,61446.0,0.0,5456134.0,0.00603406261044551,0.2765412681626551,1.0,2.1666829411190314,20.62382261480914,0.134816902642188,0.27890773284756165,2.669208004446249,8.540131712457036,0.21740540499279676,0.39006729620750435,TR
ATSYH,2013,6984.0,13559380.0,6265554.0,47360.0,-914519.0,10418957.0,6616041.0,-732457.0,0.0,179825.0,4801422.0,-262638.0,-45364.0,-2747535.0,10875413.0,2166251.0,16864336.0,6445379.0,2166251.0,61446.0,10183189.0,0.1284516034310512,0.38218990655783897,1.0,0.6575912253775985,-1.248563396895654,-0.05422798739304056,0.0011146659976117037,2.1641150966059826,6.888994796719905,0.6083484829495671,0.28470863009370784,TR
ATSYH,2014,3687.0,2320679.0,1809312.0,220640.0,-4540659.0,5247013.0,0.0,-393576.0,0.0,16382.0,0.0,-4279419.0,-4504439.0,-2993199.0,2851951.0,971758.0,7072707.0,1825694.0,971758.0,2166251.0,16864336.0,0.13739548379425304,0.2581322823071845,1.0,0.25084440484396314,-11.536930605524727,-0.6419973286041681,0.00203779116039688,1.2826306352912047,1.048111791444422,0.0,0.0,TR
ATSYH,2015,19588.0,500038.0,1448295.0,57837.0,-976135.0,4014756.0,0.0,-142697.0,0.0,129130.0,0.0,-1022582.0,-1118832.0,-7272511.0,0.0,599730.0,5592181.0,1577425.0,599730.0,971758.0,7072707.0,0.10724438282666458,0.2820768855657569,1.0,0.18160749557107658,-6.840613327540172,-0.17455354181132549,0.013524868897565758,0.34525977097207405,-0.6025387371181146,,0.0,TR
ATSYH,2016,4854.0,11054113.0,17404785.0,384499.0,-843267.0,2465043.0,0.0,-240502.0,60129.0,85949.0,2398741.0,-943553.0,-883845.0,-9232273.0,811240.0,729132.0,19955777.0,17490734.0,789261.0,599730.0,5592181.0,0.03955050209270228,0.8764747170706507,0.9238160760508881,0.3462974202136659,-3.5062785340662446,-0.04225678609256858,0.00027888882281510514,0.6351191927966936,-0.4818165073214856,0.0,0.12020283650193124,TR
ATSYH,2017,6697.0,5811733.0,11650563.0,157914.0,1768112.0,2227180.0,0.0,-2950195.0,0.0,16362.0,-54328226.0,21228.0,65167.0,-9987430.0,16724981.0,348161.0,13894105.0,11666925.0,348161.0,789261.0,19955777.0,0.025058181149487498,0.839703241050791,1.0,5.187511759048093,0.5993203839068265,0.1272562716346249,0.0005748220064558254,0.4988370948253745,-0.7945264432142756,0.0,-3.910163770894203,TR
ATSYH,2018,4354.0,2435635.0,7335245.0,206731.0,388051.0,2409954.0,0.0,-273583.0,485673.0,910643.0,0.0,123596.0,114468.0,-9884810.0,5725533.0,10043.0,10655842.0,8245888.0,495716.0,348161.0,13894105.0,0.04652058467083127,0.7738372997647676,0.020259584116711988,0.6483954415157659,1.4184031902567045,0.03641673741033322,0.000593572539158542,0.3320454872332144,-2.2388402681049104,0.0,0.0,TR
ATSYH,2019,50606.0,11351715.0,16063012.0,452219.0,845547.0,2928945.0,0.0,-1451.0,0.0,633439.0,0.0,735710.0,1077374.0,-10134983.0,10837742.0,10043.0,19625396.0,16696451.0,10043.0,495716.0,10655842.0,0.0005117348969671746,0.8507574063728447,1.0,0.005737910744050031,582.7339765678843,0.04308432808183845,0.0031504676706958818,0.7066990300449256,0.46538410562381444,0.0,0.0,TR
ATSYH,2020,35242.0,13306492.0,16348963.0,154290.0,1354186.0,4397668.0,0.0,-31727.0,10043.0,437378.0,0.0,1249846.0,1322459.0,-9715116.0,21487147.0,0.0,21184009.0,16786341.0,10043.0,10043.0,19625396.0,0.0004740840130874189,0.7924062437851117,0.0,3.15911580205118,42.68244712705267,0.06392491619504127,0.0021556107258913,0.8139043436577599,1.5174428938462645,0.0,0.0,TR
ATSYH,2021,37019.0,20836791.0,22393372.0,202790.0,1824365.0,5891950.0,0.0,-18285.0,10043.0,465686.0,0.0,1358289.0,1814174.0,-8268811.0,40703892.0,0.0,28751008.0,22859058.0,10043.0,10043.0,21184009.0,0.00034930949203589663,0.7950697937268842,0.0,1.8206711142089018,99.77385835384194,0.0634539491624085,0.00165312307588156,0.9304892090391746,2.654312197402551,0.0,0.0,TR
AVGYO,2018,8796.0,39564632.0,9273449.0,303713.0,10451431.0,159084782.0,0.0,-1790283.0,303335.0,384157.0,0.0,8661148.0,8661148.0,68345198.0,7056037.0,6741048.0,168742388.0,9657606.0,7044383.0,,,0.041746374953517906,0.05723283944517841,0.956939450907198,0.2541433366130149,5.837865298391372,0.06193719979831031,0.0009485144092559306,4.266441967815858,23.46031088478435,0.0,0.0,TR
AVGYO,2019,10150.0,43162907.0,944054.0,298174.0,34074477.0,192628413.0,0.0,-571364.0,0.0,36184.0,0.0,33503113.0,33503113.0,76788972.0,8751165.0,301877.0,193608651.0,980238.0,301877.0,7044383.0,168742388.0,0.0015592123515183213,0.005062986570780869,1.0,0.15555234908647395,59.63707373933254,0.1759966655622222,0.010751503621614865,45.72080304728331,213.49364433977095,0.0,0.0,TR
AVGYO,2020,142988.0,30213426.0,580709.0,294576.0,48198876.0,240708965.0,0.0,-6951.0,0.0,361075.0,0.0,48191925.0,48191925.0,109313988.0,7620488.0,0.0,241650749.0,941784.0,0.0,301877.0,193608651.0,0.0,0.0038972939413483877,,0.04605186880749444,6934.092360811394,0.19945676228795797,0.24623003948621427,52.02851342066336,275.23719028073555,0.0,0.0,TR
AVGYO,2021,266097.0,32949446.0,15966900.0,292879.0,26240377.0,267010633.0,0.0,-6682.0,0.0,208280.0,0.0,26233695.0,26233695.0,126010084.0,9844079.0,0.0,283185813.0,16175180.0,0.0,0.0,241650749.0,0.0,0.057118609963698996,,inf,3927.024393894044,0.09266134034758301,0.01666553933449824,2.063609467085032,23.049497694810924,0.0,0.0,TR
AVGYO,2022,3661729.0,80001500.0,25545181.0,2084360.0,159332712.0,967430982.0,0.0,-20679185.0,0.0,732081.0,1993490.0,138653527.0,138653527.0,-76641007.0,26408025.0,0.0,993708244.0,26277262.0,0.0,0.0,283185813.0,0.0,0.026443638923861035,,inf,7.70498024946341,0.16034154185803454,0.14334323957227002,3.13176485224356,43.09265070661652,0.0,0.002006111967005076,TR
AVGYO,2023,8937267.0,95402512.0,23278483.0,1819360.0,110953974.0,1478708296.0,0.0,-28586728.0,0.0,1349950.0,0.0,82367246.0,82367246.0,89532915.0,30038574.0,0.0,1503336729.0,24628433.0,0.0,0.0,993708244.0,0.0,0.01638251266326907,,inf,3.8813107257325847,0.07380513750489229,0.38392823965376094,4.098313107430583,67.29757821664188,0.0,0.0,TR
AVGYO,2024,57515427.0,202471745.0,24599378.0,2787325.0,160666123.0,2046854280.0,0.0,-43236041.0,0.0,8909269.0,0.0,59941583.0,117243110.0,276635887.0,299045861.0,0.0,2080362927.0,33508647.0,0.0,0.0,1503336729.0,0.0,0.016107116006110218,,inf,3.7160230049740215,0.07722985298132069,2.3380846052286364,8.230766851096805,68.90194547993259,0.0,0.0,TR
AVGYO,2025,11161217.0,132881811.0,94985885.0,4171890.0,113651325.0,2306948639.0,0.0,-44126555.0,0.0,332450760.0,0.0,51706508.0,69500234.0,378830269.0,61064209.0,0.0,2734385284.0,427436645.0,0.0,0.0,2080362927.0,0.0,0.15631909939725963,,inf,2.5755766567319838,0.04156375682133023,0.11750395335054256,1.3989637618262967,9.738903737157209,0.0,0.0,TR
AVHOL,2010,142187.0,11675674.0,16141709.0,803700.0,1483683.0,1686615.0,3799342.0,-2053511.0,1444437.0,1936259.0,-7295904.0,286346.0,569115.0,-2985171.0,14126962.0,6034875.0,19764583.0,18077968.0,7479312.0,,,0.37841992416434994,0.9146647819485997,0.8068756858919643,0.2745588096873081,0.7225103736965617,0.07506776135879012,0.008808670754750938,0.7233232862765646,1.8777308187148871,0.2689426077595452,-0.3691402950418939,TR
AVHOL,2011,262711.0,15557279.0,16709916.0,866042.0,2847693.0,3508735.0,6415025.0,-3671215.0,3696483.0,4378420.0,-8014158.0,320641.0,377527.0,-2981480.0,23602288.0,7438920.0,24597071.0,21088336.0,11135403.0,7479312.0,19764583.0,0.4527125607760371,0.8573515114868758,0.6680422792062398,0.39444224636262226,0.7756813480005939,0.11577366264462952,0.01572186239595699,0.9310207783210879,3.500140667497848,0.271796742756465,-0.32581757397049427,TR
AVHOL,2012,183410.0,17577268.0,11722787.0,1252312.0,1481663.0,14272950.0,7627401.0,-2260118.0,2772415.0,3094296.0,-2281698.0,523785.0,593052.0,-1818226.0,19161909.0,4050709.0,29090033.0,14817083.0,6823124.0,11135403.0,24597071.0,0.23455195117860472,0.5093525675959185,0.5936736603350606,0.25170416259640893,0.6555688685281034,0.05093369952519476,0.015645596904558617,1.499410336466917,5.720179075383939,0.3980501629561021,-0.07843573089105811,TR
AVHOL,2013,767946.0,12768742.0,17276583.0,1288585.0,2949604.0,14555135.0,10895004.0,-3507499.0,3080432.0,3409892.0,7716852.0,294566.0,176854.0,-1316548.0,32454840.0,8060340.0,35241610.0,20686475.0,11140772.0,6823124.0,29090033.0,0.31612551185941845,0.5869900665718735,0.723499233266779,0.3905053781206482,0.8409422212237266,0.08369663020503319,0.044450109144846525,0.7390779762410195,3.590335947952485,0.33569735669625855,0.2189699051774309,TR
AVOD,2010,269895.0,17470330.0,10308087.0,345856.0,1902757.0,12751512.0,10089733.0,-1341386.0,3636314.0,4169467.0,-7790116.0,1218548.0,1421405.0,449124.0,12844157.0,7030683.0,27229066.0,14477554.0,10666997.0,,,0.3917503817428038,0.5316948440317417,0.65910611955736,0.12575104314738253,1.4185007149321671,0.06987962789469165,0.026182840715255895,1.6948178648472796,6.423700031805868,0.7855504257694763,-0.2860956009288016,TR
AVOD,2011,2306107.0,29501241.0,9504518.0,576523.0,4099090.0,29932519.0,20495319.0,-3497022.0,4988287.0,5475770.0,-3551057.0,1872012.0,2290664.0,-558896.0,24460217.0,6409226.0,44912807.0,14980288.0,11397513.0,10666997.0,27229066.0,0.253769776625184,0.33354156644005795,0.5623354849430748,0.3169816143662379,1.1721659171718108,0.0912677312731756,0.24263271425231664,3.1039176315937325,8.84152219201477,0.8379042181023987,-0.07906557699677956,TR
AVOD,2012,1432843.0,39712190.0,22612913.0,949595.0,3301002.0,34277764.0,19388275.0,-1696778.0,1342520.0,2149232.0,-14983854.0,1273215.0,1651214.0,1774150.0,30658932.0,18942629.0,59039909.0,24762145.0,20285149.0,11397513.0,44912807.0,0.34358367659408146,0.4194136715217498,0.9338175923676971,0.10711082294789497,1.9454530881470646,0.05591136666555499,0.06336392838905806,1.7561731210835154,7.077104949080336,0.6323858574069051,-0.2537919562172767,TR
AVOD,2013,58193.0,50405460.0,28704596.0,824055.0,6640456.0,33861031.0,29787858.0,-7243019.0,4782699.0,5215277.0,-43234896.0,-276417.0,-602001.0,2867538.0,35253749.0,21862298.0,67780904.0,33919873.0,26644997.0,20285149.0,59039909.0,0.39310477476074973,0.5004340603070151,0.8205029259339005,0.30867234037584285,0.9168077565446121,0.09796942218415972,0.0020273060105078645,1.7560065990826,7.194712720548213,0.8449557520818566,-0.6378624870509252,TR
AVOD,2014,5691341.0,42986453.0,35796339.0,680736.0,5001853.0,34662346.0,76201543.0,-5773723.0,11350163.0,12479354.0,-20823636.0,603822.0,1031240.0,2464535.0,82616956.0,20701209.0,82938039.0,48275693.0,32051372.0,26644997.0,67780904.0,0.3864496000441969,0.5820693807337306,0.6458759082138512,0.19673186257909753,0.866313295598005,0.06030831040024952,0.15899226454414794,1.2008617138193936,5.074756073943514,0.9223475021277715,-0.2510746124585849,TR
AVOD,2015,6637837.0,47998026.0,42499826.0,1294471.0,9465251.0,61122111.0,87271092.0,-7961852.0,8779920.0,10546488.0,-24629787.0,2707622.0,3139083.0,3001242.0,91469913.0,26243796.0,114168425.0,53046314.0,35023716.0,32051372.0,82938039.0,0.30677234971052636,0.4646320907028366,0.7493150070083939,0.23740116449791315,1.1888252883876766,0.08290603115528658,0.15618503943992618,1.129369941420466,5.418600329497834,0.9540961518133291,-0.21573203799561919,TR
AVOD,2016,4280696.0,65601913.0,47726450.0,1718426.0,8924537.0,96074600.0,98546941.0,-9487941.0,6998233.0,9682627.0,-23590366.0,981801.0,1031479.0,4394942.0,102344261.0,29968139.0,153483677.0,57409077.0,36966372.0,35023716.0,114168425.0,0.24084888193029153,0.3740402766086976,0.8106865071855036,0.26359020425145196,0.9406189393462713,0.05814648941463658,0.08969231945807828,1.3745399668318092,6.255287315518875,0.9628966005235995,-0.15369951033946105,TR
AVOD,2017,6009988.0,82907486.0,63256852.0,2143173.0,7868592.0,83401552.0,107892531.0,-8505496.0,12208000.0,14858004.0,-34657533.0,-247969.0,28917.0,4415023.0,113118374.0,46033861.0,161516408.0,78114856.0,58241861.0,36966372.0,153483677.0,0.3605940828005536,0.4836341828503269,0.7903913132171377,0.17867143905506574,0.9251185351212909,0.048716982363797984,0.0950092805756442,1.3106483073169686,5.5856639263422245,0.9538019968356335,-0.21457592717143636,TR
AVOD,2022,81517638.0,794559583.0,362471942.0,16900568.0,31599939.0,1052353974.0,1021135228.0,-93345078.0,2427023.0,74892134.0,21428781.0,-66944128.0,-34458158.0,31122049.0,1098392657.0,203292077.0,1489718050.0,437364076.0,205719100.0,58241861.0,161516408.0,0.13809264108735206,0.29358849213111166,0.9882022476279548,0.7072642685218895,0.338528176065159,0.021212026665045777,0.22489364983731625,2.192058173153717,7.889790335073639,0.9296631960277207,0.014384454158959812,TR
AVOD,2023,90486503.0,1397423126.0,931055581.0,32115788.0,177800648.0,1524531838.0,1473042073.0,-204111713.0,29485898.0,43570986.0,-130982786.0,114860607.0,53206867.0,-109171293.0,1586490303.0,632225089.0,2499158405.0,974626567.0,661710987.0,205719100.0,1489718050.0,0.2647735276307946,0.3899819095300604,0.9554399147372779,0.4706124817641932,0.871094781317131,0.07114420904424423,0.09718700456401647,1.500901938098151,6.452274899031396,0.928491066232505,-0.052410757852702015,TR
AVOD,2024,36977788.0,1666103555.0,1186192219.0,56733696.0,11259937.0,1637087726.0,1747037773.0,-453419644.0,81472708.0,105116151.0,-215060310.0,-358392836.0,-401392387.0,-110620578.0,1839240036.0,773513942.0,2928396096.0,1291308370.0,854986650.0,661710987.0,2499158405.0,0.29196414076902255,0.440960965548289,0.9047087951607198,0.5979038048702386,0.024833368269328887,0.00384508674061557,0.031173520958663447,1.4045814230720393,5.558920922862785,0.9498693693072697,-0.07343962461012651,TR
AVOD,2025,90948475.0,1894682871.0,1519537302.0,68745411.0,99103570.0,1682855304.0,1812815706.0,-548043241.0,104057687.0,132772108.0,-319942430.0,-118751749.0,-161997082.0,-538555081.0,2015686483.0,914866683.0,3335164714.0,1652309410.0,1018924370.0,854986650.0,2928396096.0,0.305509459764571,0.4954206318698777,0.8978749649495575,0.5849191718825583,0.1808316617848773,0.029714745296984455,0.05985274259492973,1.2468814477316463,4.730557645502958,0.8993540023654562,-0.09593002368278235,TR
AVPGY,2019,22875572.0,434253214.0,378214494.0,0.0,0.0,895942689.0,0.0,0.0,70291065.0,564366282.0,16009384.0,0.0,0.0,547627057.0,0.0,191821682.0,1838523465.0,942580776.0,262112747.0,,,0.14256698486032104,0.5126835713244486,0.7318288949907499,0.0,,0.0,0.06048306546390578,1.1481665057500414,5.419029078816006,,0.008707739827514249,TR
AVPGY,2020,108775582.0,301706126.0,284675331.0,3716007.0,188999551.0,1001728485.0,0.0,-90040676.0,63449436.0,742261608.0,91968455.0,105685785.0,133716132.0,546088741.0,994531405.0,11729120.0,2028665424.0,1026936939.0,75178556.0,262112747.0,1838523465.0,0.037058134431929866,0.5062130634509202,0.15601683011841835,0.5339045222876677,2.099046335458432,0.09316447589831846,0.3821039976238756,1.0598253278223113,5.832909390040829,0.0,0.045334461716541784,TR
AVPGY,2021,8723594.0,1128010059.0,1213933370.0,3789723.0,918142726.0,1945216541.0,0.0,-64343927.0,0.0,406773814.0,783412.0,944777797.0,1120692747.0,651774526.0,170548167.0,72451698.0,3565923725.0,1620707184.0,72451698.0,75178556.0,2028665424.0,0.0203177924115581,0.45449855605085887,1.0,0.8716902566597223,14.269298888145263,0.2574768269896182,0.007186221431576594,0.9292190880295185,6.6782732814708385,0.0,0.00021969398686451152,TR
AVPGY,2022,69361752.0,4049209725.0,1291366865.0,15240728.0,6174632367.0,16493533947.0,0.0,172674805.0,0.0,2270839526.0,16139639.0,10103162589.0,11121645086.0,2486885638.0,5893908897.0,74337193.0,20055740338.0,3562206391.0,74337193.0,72451698.0,3565923725.0,0.003706529489671936,0.17761530269967737,1.0,2.3526958181052,35.75873369018717,0.30787356950871586,0.05371188767492497,3.135599832043081,11.486857331691795,0.0,0.0008047391284489216,TR
AVPGY,2023,2457583167.0,7355362232.0,669977009.0,18448117.0,3744518234.0,29607798385.0,0.0,-239245586.0,0.0,8576172.0,33263278.0,4708456661.0,3023158101.0,16880032919.0,4451047681.0,0.0,30286351566.0,678553181.0,0.0,74337193.0,20055740338.0,0.0,0.022404586419770545,,6.436766747434222,15.65135765555984,0.12363715140266889,3.6681604502640477,10.978529312488691,53.16124911131458,0.0,0.0010982926724439782,TR
AVPGY,2024,1383301858.0,11689121666.0,1179665718.0,7504587.0,14356076703.0,40755552777.0,0.0,-1568627572.0,0.0,9667496950.0,67164868.0,9660639424.0,13430709267.0,21019408883.0,9755376698.0,0.0,51602715445.0,10847162668.0,0.0,0.0,30286351566.0,0.0,0.2102052687432949,,inf,9.15199819208584,0.2782039003025183,1.172621902029368,9.908842384449118,11.728563721883887,0.0,0.0013015762333590118,TR
AVPGY,2025,912949975.0,8227020585.0,2573487049.0,6667465.0,2950662693.0,47366661210.0,0.0,-1467095878.0,0.0,10097709843.0,30023251.0,1894720423.0,1788075268.0,32941183168.0,8051818726.0,0.0,60037858102.0,12671196892.0,0.0,0.0,51602715445.0,0.0,0.21105344681804852,,inf,2.011226898832579,0.049146701536004776,0.35475211556038416,3.1968377646185697,9.911714547480397,0.0,0.0005000719870617746,TR
AVTUR,2018,21302.0,15054716.0,3036612.0,3450733.0,2420006.0,85134479.0,0.0,-715334.0,0.0,13075084.0,0.0,2563434.0,3504379.0,16794681.0,4936369.0,0.0,101246175.0,16111696.0,0.0,,,0.0,0.15913387345250327,,inf,3.383043445439473,0.023902196799039568,0.007015054936224977,4.9577344751321535,10.278292384165702,0.0,0.0,TR
AVTUR,2019,48276.0,11392938.0,4507740.0,1262729.0,619196.0,92561570.0,0.0,-270267.0,0.0,7313693.0,0.0,7475377.0,8390548.0,18858115.0,5262993.0,0.0,104383003.0,11821433.0,0.0,0.0,101246175.0,0.0,0.11325055478620404,,inf,2.291052921740353,0.005931961930621981,0.010709579523220061,2.5274168430299886,12.533004519224107,0.0,0.0,TR
AVTUR,2020,184851.0,12187151.0,2023313.0,1239335.0,705153.0,95080945.0,0.0,-14090.0,0.0,9222936.0,0.0,2533122.0,3023254.0,26329562.0,3137167.0,0.0,106327194.0,11246249.0,0.0,0.0,104383003.0,0.0,0.10577020399880016,,inf,50.04634492547906,0.00663191582014287,0.09136055568268478,6.023364155718863,13.606085994617331,0.0,0.0,TR
AVTUR,2021,10053584.0,12515233.0,2007505.0,1203783.0,222494.0,127138298.0,0.0,-27052.0,0.0,11913940.0,0.0,32103380.0,35811473.0,28862684.0,3511837.0,0.0,141059743.0,13921445.0,0.0,0.0,106327194.0,0.0,0.09869183584149874,,inf,8.224678397161023,0.0015773033132493372,5.0079994819440055,6.2342225797694155,14.005479521022165,0.0,0.0,TR
AYCES,2010,394061.0,1813409.0,10097906.0,3541765.0,-1554807.0,72474567.0,0.0,-1436806.0,0.0,4692902.0,-6394540.0,-2511214.0,-2941959.0,-13493067.0,14244796.0,500000.0,87265375.0,14790808.0,500000.0,,,0.0057296493597833046,0.16949228717575557,1.0,2.873612,-1.0821273018069246,-0.017816997864273203,0.039024031318968505,0.17958267783439458,7.148406703998233,0.0,-0.07327694403421747,TR
AYCES,2011,2814006.0,5220095.0,5831560.0,3425607.0,972673.0,91654657.0,0.0,-2215364.0,6284061.0,14058654.0,-7167470.0,-677021.0,-952731.0,-14521119.0,18730648.0,1232050.0,111544871.0,19890214.0,7516111.0,500000.0,87265375.0,0.06738195071291087,0.17831580978743522,0.16392120872083982,0.5527278751504314,0.43905787039962735,0.008720015463552779,0.48254772307924465,0.8951455528194857,7.68667420558781,0.0,-0.06425638342438891,TR
AYCES,2012,1364506.0,4375955.0,7062531.0,2893345.0,304532.0,91710488.0,0.0,-633573.0,4031496.0,11957946.0,-5281650.0,1398091.0,243444.0,-14835437.0,20527443.0,2145009.0,110730965.0,19020477.0,6176505.0,7516111.0,111544871.0,0.05577938384263155,0.1717719790484983,0.34728523655368204,0.09254228702535731,0.48065810885249216,0.0027501972912454976,0.19320354133666812,0.6196015281207261,7.735310168059195,0.0,-0.04769804001979031,TR
AYCES,2013,1116904.0,4647044.0,10425248.0,3235133.0,982405.0,97832379.0,0.0,-1686968.0,2517021.0,11778819.0,-5132236.0,-932682.0,-710873.0,-12079400.0,23026072.0,4515214.0,120036446.0,22204067.0,7032235.0,6176505.0,110730965.0,0.058584165345915026,0.18497771085291878,0.6420738214806531,0.2554320851193982,0.5823495170032864,0.00818422264851127,0.10713452572063513,0.44574901239759473,7.287520908909939,0.0,-0.04275564773052344,TR
AYCES,2018,1375908.0,4543276.0,20423064.0,5198077.0,3740027.0,146327631.0,0.0,-3969540.0,4467832.0,25115607.0,40815.0,492607.0,81227.0,-19977307.0,37203528.0,6726857.0,191866302.0,45538671.0,11194689.0,7032235.0,120036446.0,0.05834630095700703,0.2373458524259252,0.6008971754373882,0.43556883212987557,0.9421814618318496,0.019492881037546657,0.0673703025168016,0.22245809933318528,5.872544223859295,0.0,0.00021272625559854696,TR
AYCES,2019,2201826.0,4812184.0,9013843.0,5428506.0,7551724.0,224580666.0,0.0,-5453066.0,15555973.0,48442000.0,42177.0,2768444.0,2602242.0,-17420247.0,47452117.0,2566865.0,282036509.0,57455843.0,18122838.0,11194689.0,191866302.0,0.0642570639675589,0.20371774988889824,0.14163703278702816,0.3720004078106588,1.384858353080634,0.026775696617348216,0.24427161644594875,0.5338659659370593,7.235037737460048,0.0,0.00014954446908148334,TR
AYCES,2020,1190493.0,2469267.0,11660904.0,8645306.0,-7829092.0,213869856.0,0.0,-3834779.0,15136152.0,47829417.0,7116.0,-10267647.0,-11323474.0,-10462227.0,22003994.0,5035616.0,273360177.0,59490321.0,20171768.0,18122838.0,282036509.0,0.07379190422458645,0.21762614310862113,0.24963681914247676,0.2002777623564008,-2.0416018758838517,-0.02864020679939785,0.10209268509542656,0.21175605253246232,6.486979225831467,0.0,2.6031589817122486e-05,TR
AYCES,2021,11813351.0,22275462.0,19945200.0,8820520.0,17585863.0,546160303.0,0.0,-4584450.0,13008584.0,88766239.0,1373575.0,16119659.0,14587163.0,-16540413.0,63099863.0,3502726.0,654871742.0,108711439.0,16511310.0,20171768.0,273360177.0,0.025213043930669404,0.166004168492584,0.2121410112220048,0.24994903644672348,3.835980979179618,0.026853904164947158,0.5922904257666005,1.1168332230311053,8.646603974872281,0.0,0.002097471782497526,TR
AYCES,2022,48935028.0,71777986.0,56738177.0,38786884.0,-3498016.0,2517990762.0,0.0,16841832.0,22925608.0,367844808.0,11346313.0,17299455.0,20612539.0,1063090442.0,195530821.0,7552660.0,2942573747.0,424582985.0,30478268.0,16511310.0,654871742.0,0.010357690450773943,0.1442896666337994,0.24780476370901391,0.7168326559561782,-0.20769806990118414,-0.0011887606907273886,0.8624709249999344,1.2650738849082162,10.680338694221273,0.0,0.0038559145753161647,TR
AYCES,2023,58684240.0,76674958.0,59545647.0,71056118.0,-17378357.0,3454013808.0,0.0,7742713.0,33505804.0,711918520.0,34840646.0,-42201349.0,6427901.0,1574204745.0,322558379.0,3082809.0,4225477975.0,771464167.0,36588613.0,30478268.0,2942573747.0,0.008659047146021392,0.18257441443651118,0.08425596783348961,0.23089527601559404,-2.24447903467428,-0.004112755314977118,0.9855336696568264,1.2876668885636593,9.164550228304492,0.0,0.008245373944944063,TR
AYCES,2024,36830815.0,50430740.0,50622514.0,101577039.0,-57131806.0,4861536725.0,0.0,16435765.0,46667541.0,1236342549.0,3244402.0,-181863423.0,-30729845.0,2025382603.0,407254201.0,715897.0,6148501788.0,1286965063.0,47383438.0,36588613.0,4225477975.0,0.007706501459018523,0.20931360311413802,0.015108591318342076,0.391457986419791,-3.476066127740327,-0.009291988189952853,0.7275579991937975,0.9962116855753154,8.227628660415235,0.0,0.0005276735881141131,TR
AYCES,2025,22903179.0,47741016.0,84844570.0,141549783.0,-117629144.0,5645882997.0,0.0,9358338.0,122861856.0,1506898318.0,843420.0,-80263277.0,-102038590.0,2313165515.0,447516695.0,7190236.0,7237625885.0,1591742888.0,130052092.0,47383438.0,6148501788.0,0.01796888842645671,0.219926107440686,0.05528735362442305,0.10548437508541834,-12.569448122091764,-0.01625244878210502,0.2699427788955734,0.5626879363051754,7.873389814592292,0.0,0.00011653268812194208,TR
AYDEM,2018,161151205.0,500166516.0,1266238556.0,236276161.0,301081692.0,1754925712.0,0.0,-1981319530.0,5373452990.0,6233678104.0,0.0,-1515664442.0,-1666351756.0,-691585471.0,813002888.0,548535226.0,9254842372.0,7499916660.0,5921988216.0,,,0.639879965315956,0.8103775686866987,0.09262686888129397,0.3345699886141077,0.1519601898841627,0.03253234143791639,0.1272676497144982,0.3950018056471185,2.9276942984772765,0.0,0.0,TR
AYDEM,2019,136532816.0,305681186.0,850125302.0,296033748.0,671711233.0,4420426174.0,0.0,-1319633373.0,3796365518.0,4971865312.0,0.0,-575399140.0,-533827704.0,-1956908153.0,1197000764.0,579835817.0,10242416788.0,5821990614.0,4376201335.0,5921988216.0,9254842372.0,0.42726257147894536,0.5684196156537035,0.1324975184214188,0.2562845374839421,0.5090135235614415,0.06558132195781916,0.1606031671787602,0.35957191872875227,3.5163781083501706,0.0,0.0,TR
AYDEM,2020,145525078.0,325317539.0,907466592.0,355963169.0,662660392.0,5892851994.0,0.0,-1443473935.0,4197862741.0,5670379604.0,-4752934424.0,-567280969.0,-714506247.0,-773286902.0,1340375223.0,747461347.0,12470698190.0,6577846196.0,4945324088.0,4376201335.0,10242416788.0,0.39655551057803284,0.5274641480197669,0.15114506829061836,0.3097076646786505,0.4590733340813667,0.05313739310372966,0.16036411619216942,0.3584898241631357,4.039363149534962,0.0,-0.3811281735461517,TR
AYDEM,2021,1525592118.0,1740478458.0,876633203.0,454696539.0,450168938.0,9803259940.0,0.0,-1144109805.0,9317717945.0,11851463744.0,-8416192668.0,-120291640.0,-14332808.0,-1102866722.0,1240753398.0,768554727.0,22531356887.0,12728096947.0,10086272672.0,4945324088.0,12470698190.0,0.44765491588389483,0.5649059224810281,0.07619809140531632,0.15222731467152528,0.39346655017959575,0.019979663908290212,1.740285575288665,1.985412430243074,4.2849175353291535,0.0,-0.37353243793568075,TR
AYDEM,2022,2131820839.0,5039732506.0,2633310268.0,2147502981.0,4716291228.0,29322249203.0,0.0,9043828921.0,20112908460.0,27832875445.0,-10836360367.0,4973023571.0,10098794554.0,30294604930.0,7565576718.0,1666430184.0,59788434916.0,30466185713.0,21779338644.0,10086272672.0,22531356887.0,0.364273436402859,0.5095665366688991,0.0765142693834317,0.5676231239573939,0.5214927514881061,0.07888300194889149,0.8095593082615057,1.9138392339265355,6.7065331762259035,0.0,-0.18124509166738664,TR
AYDEM,2023,2011698240.0,6841211140.0,3012778554.0,3074825826.0,4414260025.0,41322323495.0,0.0,-5361986307.0,26914314261.0,35949291690.0,-25098431996.0,-1848193431.0,-4288635506.0,50822195039.0,9180783497.0,2182533816.0,80284393739.0,38962070244.0,29096848077.0,21779338644.0,59788434916.0,0.36242221834036886,0.48530067214138123,0.07500928658060436,0.21078569965963076,0.8232508947733126,0.054982790794316866,0.6677219065201829,2.270731491671392,7.109579187732499,0.0,-0.3126190636450912,TR
AYDEM,2024,2283542970.0,8923776836.0,8931213886.0,3938279349.0,2532662687.0,35818787173.0,0.0,316441824.0,23562065005.0,29101497576.0,-28512245798.0,-15406391456.0,-20796307134.0,63703463340.0,8617398021.0,8337902975.0,73851498634.0,38032711462.0,31899967980.0,29096848077.0,80284393739.0,0.4319474698555919,0.5149890275143364,0.2613765311685432,0.010375683337448073,8.003564936473126,0.03429399177871259,0.2556811424681628,0.9991672968428561,7.280712353515986,0.0,-0.3860753854069176,TR
AYDEM,2025,1547444060.0,4076283348.0,3296569507.0,3311164166.0,2567565347.0,43328234905.0,0.0,-5205289217.0,24765886194.0,34091746027.0,-26765871166.0,-3302033480.0,-2046562194.0,56893651770.0,15214940540.0,2617943261.0,80716550439.0,37388315534.0,27383829455.0,31899967980.0,73851498634.0,0.3392591643977007,0.4632050717065208,0.0956017954063759,0.1756057959244999,0.4932608429546173,0.031809651589860606,0.46941041489164026,1.2365227972121748,7.041779241064916,0.0,-0.3316032588165149,TR
AYEN,2010,14256658.0,84410348.0,58386755.0,8805728.0,50397192.0,260564102.0,0.0,-7342590.0,150007323.0,174374570.0,17361532.0,41604004.0,52283909.0,53823664.0,123277622.0,26562521.0,493325427.0,232761325.0,176569844.0,,,0.35791758205887086,0.4718210581916752,0.1504363395144643,0.04158462075777787,6.863680526898547,0.10215810749199433,0.24417623483271164,1.445710555416207,5.813649730875975,0.0,0.0351928586077117,TR
AYEN,2011,2622706.0,88521817.0,246718198.0,8498689.0,34463923.0,296442880.0,0.0,-4924865.0,349028375.0,366825290.0,-339053235.0,25137271.0,31399942.0,36745652.0,142015331.0,44490006.0,909986368.0,613543488.0,393518381.0,176569844.0,493325427.0,0.43244425942873027,0.6742337133560224,0.11305699593229421,0.01727755383826775,6.997942684723338,0.03787301020315944,0.010630371092447749,0.3587972744515587,3.0030485966368152,0.0,-0.37259155403084016,TR
AYEN,2012,46395890.0,138090340.0,193082267.0,19618454.0,44024867.0,288581758.0,0.0,-3674529.0,475379228.0,478363986.0,-389415186.0,24492530.0,31822869.0,19086960.0,193962272.0,78700416.0,960028011.0,671446253.0,554079644.0,393518381.0,909986368.0,0.5771494556943714,0.699402772946799,0.1420380929929994,0.007755459389016772,11.981091182026322,0.045857898410841265,0.24029078755326608,0.715189137488219,3.698492982579095,0.0,-0.4056289832568229,TR
AYEN,2013,95281050.0,206919140.0,331113199.0,25101439.0,52658983.0,242398110.0,0.0,-144372861.0,592328564.0,594765388.0,-576648189.0,-54467553.0,-64649937.0,37712818.0,368923309.0,142216760.0,1168276697.0,925878587.0,734545324.0,554079644.0,960028011.0,0.6287425965836927,0.7925165240199942,0.19361196015182855,0.22407273580004078,0.3647429484686876,0.04507406775742613,0.2877597458747031,0.6249196366225196,3.235663335033681,0.0,-0.4935887110311848,TR
AYEN,2014,188692607.0,253278411.0,309161410.0,29103462.0,45872922.0,273963111.0,0.0,-18846914.0,775021665.0,847858466.0,-722486053.0,29953521.0,39290579.0,-15687799.0,229960881.0,154161798.0,1430982987.0,1157019876.0,929183463.0,734545324.0,1168276697.0,0.6493322921665176,0.808549008975744,0.1659110435545924,0.022656233572762002,2.4339752385987437,0.03205693038753087,0.610336869016091,0.8192432910692184,3.4221236533892463,0.0,-0.5048879403623545,TR
AYEN,2015,152593651.0,199639208.0,457961019.0,33391171.0,50070201.0,264507556.0,0.0,-96025503.0,949510411.0,975769483.0,-939984408.0,-29522057.0,-17850592.0,5056522.0,283822999.0,168061619.0,1698238058.0,1433730502.0,1117572030.0,929183463.0,1430982987.0,0.6580773671484873,0.8442458907607404,0.15038101749915841,0.09383192406558745,0.5214260736546207,0.02948361730802761,0.3332022697765899,0.435930569889836,2.653697586240571,0.0,-0.5535056781774231,TR
AYEN,2016,146651810.0,206472811.0,568859045.0,36961175.0,87059959.0,283841578.0,0.0,-156327049.0,1029336383.0,1118842733.0,-1150286883.0,-27818987.0,-22095170.0,-29882861.0,352638597.0,275030007.0,1971543356.0,1687701778.0,1304366390.0,1117572030.0,1698238058.0,0.6615966045232636,0.8560307704437822,0.21085333776501247,0.1290925051678234,0.5569091181398812,0.044158277693995586,0.25779990893877763,0.36295952892864697,2.468139815213682,0.0,-0.5834448831669518,TR
AYEN,2017,254490339.0,473762919.0,653803459.0,30739912.0,71640687.0,426539784.0,0.0,-131631554.0,1140495605.0,1232811866.0,-1131588477.0,35735401.0,30953055.0,-62118845.0,476400786.0,319138530.0,2313155109.0,1886615325.0,1459634135.0,1304366390.0,1971543356.0,0.6310143791572258,0.8156026016844165,0.21864282449108385,0.09524712662635981,0.5442516237406116,0.03097098275911596,0.38924593545168135,0.7246258986219282,3.0973841240235522,0.0,-0.48919697282608815,TR
AYEN,2022,3293506383.0,5313911846.0,3636665350.0,496559278.0,3525581090.0,9269903986.0,4942222215.0,-785023757.0,4850966793.0,5647110477.0,-3262075881.0,2782557191.0,3537045912.0,665607440.0,11635021906.0,1573067553.0,18553679813.0,9283775827.0,6424034346.0,1459634135.0,2313155109.0,0.3462404445235103,0.5003738299124436,0.24487222020839425,0.1991518945505999,4.491050186141055,0.19002058489387816,0.9056391133157193,1.461204519684496,6.285342717014926,0.4247711998248472,-0.17581826968439773,TR
AYEN,2023,514258884.0,2774313874.0,2342180511.0,737573319.0,996717949.0,15186087530.0,4597617414.0,-2094510035.0,5800979872.0,6269701775.0,-3855482756.0,1998718724.0,1774561871.0,4143791324.0,7632131434.0,1910390604.0,23797969816.0,8611882286.0,7711370476.0,6424034346.0,18553679813.0,0.324034803624948,0.3618746621071015,0.24773684651070577,0.2963494942486763,0.4758716512905129,0.041882478072977486,0.2195641546775726,1.1845004520234435,6.069769922022283,0.6024028089346449,-0.16200889343963523,TR
AYEN,2024,680257811.0,2774596848.0,2691320068.0,997873162.0,1586738431.0,17442331120.0,6146105539.0,-1771486551.0,5934285118.0,6515262641.0,-5695898744.0,1032349445.0,1684832733.0,6287001710.0,8489498510.0,1661652891.0,26648913829.0,9206582709.0,7595938009.0,7711370476.0,23797969816.0,0.2850374337108597,0.34547684637642423,0.21875545706550012,0.2314563076501558,0.8957101199014409,0.05954233036219556,0.2527599073362983,1.030942726207175,6.428999649698503,0.723965677331864,-0.21373849533040193,TR
AYEN,2025,403681257.0,1933263367.0,3146430195.0,1055809790.0,1330795312.0,21314702833.0,6208549721.0,-2559186177.0,6098435396.0,7125063060.0,-2005329527.0,333470114.0,942888972.0,8027592947.0,9266596351.0,2280302107.0,31586196088.0,10271493255.0,8378737503.0,7595938009.0,26648913829.0,0.26526579774457837,0.32518930821499814,0.27215342480696403,0.3204054035498333,0.520007228844922,0.04213218040856734,0.12829817665794427,0.6144307190009025,6.28858434071551,0.669992463881305,-0.06348752858410356,TR
AYES,2010,255379.0,23016559.0,13915224.0,716624.0,1512308.0,17310259.0,0.0,-120561.0,0.0,757263.0,0.0,1572323.0,1429702.0,-503809.0,75885836.0,3560584.0,31982746.0,14672487.0,3560584.0,,,0.11132827681525533,0.45876257779741614,1.0,0.03385989489364666,12.543923822795099,0.04728512054593436,0.01835248933110958,1.6540559462068307,6.621948584281101,0.0,0.0,TR
AYES,2011,158729.0,41333580.0,19646377.0,704005.0,4417356.0,32666632.0,2891970.0,-356196.0,0.0,137087.0,-15242.0,3351010.0,4143512.0,1239450.0,117266138.0,4235369.0,52450096.0,19783464.0,4235369.0,3560584.0,31982746.0,0.08075045277324183,0.377186421164987,1.0,0.09137971970841795,12.401475592089747,0.08422016996880234,0.008079301338867721,2.103877982184705,8.339212039981376,0.024661594978083103,-0.00029060004008381606,TR
AYES,2012,1425727.0,41176507.0,21660522.0,617315.0,1011806.0,30506706.0,146081.0,-1247230.0,0.0,129992.0,67953.0,-262667.0,-229132.0,2427168.0,117214502.0,8761399.0,52297220.0,21790514.0,8761399.0,4235369.0,52450096.0,0.16753087449007806,0.4166667750216933,1.0,0.19192925502709596,0.811242513409716,0.01934722342793747,0.06582145157905243,1.9009932909280765,7.4493368811575245,0.001246270704626634,0.001299361610425946,TR
AYES,2013,849103.0,38772488.0,21777301.0,749240.0,67293.0,29010124.0,1542761.0,-654856.0,679711.0,814277.0,81360.0,-494783.0,-557790.0,2065006.0,136760330.0,7584412.0,51601702.0,22591578.0,8264123.0,8761399.0,52297220.0,0.16015213994298094,0.4378068382318087,0.9177515871920106,0.07692639321132122,0.10275999609074361,0.0013040848923936655,0.038990277077953786,1.7804083251638942,6.8980978174483445,0.011280763946679567,0.0015766921796494231,TR
AYES,2022,23573578.0,827319888.0,695700804.0,7101962.0,322578237.0,430139377.0,678705564.0,-303767936.0,1586162.0,10864555.0,-73391791.0,84282281.0,106177905.0,81399443.0,5389746299.0,293128340.0,1136704736.0,706565359.0,294714502.0,8264123.0,51601702.0,0.259270937004348,0.6215909344113087,0.9946179709880717,2.005210341158555,1.0619232603930917,0.2837836658753923,0.03388464964315321,1.1891892078365343,6.789271354133716,0.1259253267868889,-0.06456539563498397,TR
AYES,2023,104901621.0,2073982767.0,1843841722.0,7000889.0,429683194.0,738019105.0,380420394.0,-407103509.0,537576.0,7782625.0,70149911.0,117066698.0,170399096.0,235266476.0,7794114487.0,1237594931.0,2589643452.0,1851624347.0,1238132507.0,294714502.0,1136704736.0,0.4781092571040162,0.7150113061201446,0.999565817069691,0.5311730480729274,1.0554642357553345,0.16592368871017846,0.05689296415649716,1.124816052405175,5.662668882360448,0.04880867411359081,0.027088636833701073,TR
AYES,2024,468043233.0,2031284073.0,1608476104.0,52185211.0,-9123037.0,2019678043.0,464962512.0,-707219508.0,131865431.0,383232994.0,22820078.0,73170333.0,-21345871.0,210354526.0,9763987526.0,893834329.0,4011387140.0,1991709098.0,1025699760.0,1238132507.0,2589643452.0,0.25569702554313917,0.49651380644352366,0.8714385669740237,0.6247985050033744,-0.012899866161497344,-0.0022742848500032836,0.2909855059929445,1.2628624497115937,5.161850597722758,0.047620146048105466,0.0056888246393490705,TR
AYES,2025,181629618.0,4179576992.0,3079482411.0,55106955.0,371200336.0,3578517106.0,1466259152.0,-444747444.0,15964338.0,123560688.0,-701245786.0,1213143253.0,1169844718.0,350028172.0,14202323489.0,1865307580.0,6781560204.0,3203043099.0,1881271918.0,1025699760.0,4011387140.0,0.27740989704557373,0.4723165470256732,0.9915140720236914,0.3059867747359594,0.834631746641359,0.054736716158776136,0.05898056678330545,1.3572335977859236,6.023333416748407,0.10324079388387743,-0.10340478664281132,TR
AYGAZ,2010,262429000.0,1087750000.0,571055000.0,88971000.0,231046000.0,2013908000.0,357806000.0,-99034000.0,108602000.0,218685000.0,-97662000.0,240157000.0,283342000.0,783489000.0,4657688000.0,2605000.0,2803648000.0,789740000.0,111207000.0,,,0.039665107745337505,0.28168300728194123,0.02342478441105326,0.8905374661666982,2.332996748591393,0.08240906133722921,0.45955118158496117,1.9048077680783813,8.60136887341145,0.07682051696034599,-0.034833902116100164,TR
AYGAZ,2011,254302000.0,783430000.0,439126000.0,84833000.0,370901000.0,2154631000.0,513922000.0,-117397000.0,0.0,118366000.0,-64223000.0,378156000.0,418675000.0,886954000.0,5455670000.0,1764000.0,2712123000.0,557492000.0,1764000.0,111207000.0,2803648000.0,0.0006504129790573657,0.2055555739912976,1.0,2.078356392348479,3.159373748903294,0.13675670314362587,0.5791094127881291,1.7840665321570575,10.126032574471665,0.09419961251322019,-0.02367997321655397,TR
AYGAZ,2012,125365000.0,692473000.0,443158000.0,78927000.0,205875000.0,2380535000.0,700264000.0,-19747000.0,0.0,132562000.0,-46629000.0,304965000.0,344876000.0,1193454000.0,5586059000.0,5810000.0,2956255000.0,575720000.0,5810000.0,1764000.0,2712123000.0,0.0019653243715444034,0.1947463936636048,1.0,5.214417744916821,10.42563427356054,0.06964047418101618,0.2828900753230225,1.5625871585303661,9.928924608630176,0.12535922015861273,-0.015772996578441306,TR
AYGAZ,2013,173054000.0,867167000.0,667192000.0,82140000.0,170184000.0,2243576000.0,611454000.0,-16856000.0,142497000.0,277538000.0,-147570000.0,205335000.0,236959000.0,1228355000.0,6004984000.0,95310000.0,3188306000.0,944730000.0,237807000.0,5810000.0,2956255000.0,0.07458725730842648,0.2963109563511156,0.4007871929758165,0.13838114745686877,10.096345514950166,0.05337756162676983,0.2593766112303505,1.2997263156632572,7.769700702691483,0.10182441785023907,-0.046284766895022,TR
AYGAZ,2022,3009913000.0,12303960000.0,12465945000.0,1056304000.0,-27563000.0,30860805000.0,18073943000.0,-636452000.0,1334523000.0,2444214000.0,-3764251000.0,6525671000.0,6494211000.0,16031188000.0,71287651000.0,4595552000.0,45770964000.0,14910159000.0,5930075000.0,237807000.0,3188306000.0,0.12955975757906257,0.32575584381399525,0.7749568091465959,0.2063761920218318,-0.04330727219020444,-0.0006021940022936812,0.24145084869217698,0.9870057985976995,6.5378185812949114,0.2535353984380829,-0.08224102511802024,TR
AYGAZ,2023,4871616000.0,14644654000.0,13045370000.0,1177423000.0,305275000.0,52731993000.0,22233562000.0,-2062093000.0,134550000.0,909253000.0,-2393763000.0,7999529000.0,7891573000.0,32614688000.0,93607612000.0,3071059000.0,66686616000.0,13954623000.0,3205609000.0,5930075000.0,45770964000.0,0.048069750607828116,0.20925672701700743,0.9580266963313367,0.4514370243103855,0.1480413347021691,0.004577755152548151,0.3734363992742253,1.1225939931178648,9.000225958496191,0.23751873939482615,-0.03589570356966382,TR
AYGAZ,2024,5031541695.0,14145986859.0,10376026005.0,1478554510.0,1145764691.0,68420860106.0,22200409661.0,-1674025187.0,867479747.0,2160065054.0,-2694947393.0,2160870042.0,3461698948.0,51307422423.0,107034746323.0,1751127314.0,80956951165.0,12536091059.0,2618607061.0,3205609000.0,66686616000.0,0.032345672895499285,0.15484885335479023,0.6687247354061878,0.5748499607387763,0.6844369486777621,0.014152764827627881,0.4849199194928194,1.3633337900447946,11.447458442027672,0.20741311044925137,-0.03328864728993281,TR
AYGAZ,2025,10066539337.0,20317142231.0,12401848795.0,1682901620.0,2483130489.0,81934400048.0,26193917595.0,-2085188109.0,1026970449.0,2503613397.0,-3988209752.0,5883863246.0,6900465063.0,59464286754.0,105579640434.0,2648833144.0,96839862239.0,14905462192.0,3675803593.0,2618607061.0,80956951165.0,0.03795754669629895,0.153918663733881,0.7206133507906389,0.6625522939704912,1.1908424368441475,0.025641615256242867,0.8116966674403,1.6382349572904948,11.732079198864188,0.2480962947716644,-0.041183554579591726,TR
AZTEK,2022,362279444.0,1983675179.0,948000568.0,25895508.0,479504768.0,1184924969.0,167090525.0,-228356814.0,25887912.0,42731595.0,50437029.0,168654219.0,284082595.0,246959016.0,4863985195.0,466761558.0,2175657132.0,990732163.0,492649470.0,,,0.22643709008832924,0.45537145923781525,0.9474516596962949,0.46352798065529227,2.099804948233338,0.22039537432040557,0.3821510832681273,2.0924831123096963,9.479656023028543,0.03435259736640708,0.023182434519742147,TR
AZTEK,2023,960100370.0,4057943408.0,2382213955.0,59755229.0,1356733256.0,1910944519.0,153971382.0,-801332259.0,78753239.0,93523186.0,177090406.0,410627284.0,745906479.0,389101488.0,8645362945.0,1605180064.0,4386681660.0,2475737141.0,1683933303.0,492649470.0,2175657132.0,0.3838740609684451,0.5643758387062899,0.9532325663613294,0.736321419925159,1.693097015329318,0.30928463954231866,0.40302860621937714,1.703433648133423,8.933964738907752,0.01780970712039898,0.04037001536145206,TR
AZTEK,2024,492727856.0,5150065677.0,2871436877.0,89452087.0,1273286465.0,2493255935.0,254143836.0,-1181526217.0,126816945.0,133090290.0,-236282387.0,296403733.0,481244220.0,557520194.0,10492837956.0,1581299364.0,5497783102.0,3004527167.0,1708116309.0,1683933303.0,4386681660.0,0.3106918329278244,0.5464979449456644,0.9257562589082451,0.6966444198340339,1.0776624730621613,0.2315999815519823,0.17159626943106923,1.7935500230743884,8.727145870862033,0.024220695779893924,-0.04297775714615669,TR
AZTEK,2025,482993395.0,6392092879.0,4536660553.0,129372453.0,548334542.0,2205622263.0,218019434.0,-1227782150.0,116746881.0,131964858.0,320041886.0,-483290549.0,-423682417.0,804990041.0,10609137013.0,2843406203.0,6874247673.0,4668625411.0,2960153084.0,1708116309.0,5497783102.0,0.4306148432251868,0.679147105702486,0.9605605258623172,0.5260116958293114,0.44660572887462163,0.079766480360272,0.10646452150373173,1.4089863687890514,6.434454510597174,0.020550157259053962,0.0465566417190683,TR
BAGFS,2010,99135460.0,160496904.0,59826487.0,10387465.0,53095127.0,185951413.0,173144482.0,-18066786.0,0.0,4512932.0,73500169.0,46981302.0,57562423.0,68162911.0,279804619.0,325186.0,250290832.0,64339419.0,325186.0,,,0.0012992325663770217,0.25705863249517663,1.0,55.5583143185746,2.938825256467863,0.21213372689575782,1.6570496609637133,2.6827064741407933,11.23654369114943,0.6188049454608896,0.2936590541997959,TR
BAGFS,2011,103068902.0,265893052.0,101243423.0,10175947.0,72132573.0,237284732.0,114730881.0,-24539602.0,0.0,10726693.0,61340185.0,73828982.0,92280488.0,87787145.0,325139670.0,3000000.0,349254848.0,111970116.0,3000000.0,325186.0,250290832.0,0.008589716126145227,0.3205971703505172,1.0,14.759837194069746,2.9394353258052024,0.20653277517281593,1.018030593453957,2.6262748149082236,10.775046038498513,0.35286644967069075,0.17563159209174384,TR
BAGFS,2012,22811169.0,170881752.0,62716504.0,10474409.0,41978805.0,231323321.0,77594981.0,-16053603.0,28947399.0,33712479.0,8904427.0,23902850.0,25972292.0,121041688.0,363872449.0,366789.0,327752304.0,96428983.0,29314188.0,3000000.0,349254848.0,0.08944006691101705,0.2942129828628146,0.012512337029427525,0.9935947021166058,2.6149148574310703,0.12808088452064703,0.36371875894102773,2.7246696021194037,9.998432065830787,0.21324774990040535,0.02716815989186761,TR
BAGFS,2013,67567861.0,169148334.0,85307682.0,10354439.0,-6073241.0,222951265.0,64747587.0,-261637.0,184221607.0,189310954.0,-186645255.0,2075935.0,2391251.0,132893338.0,330373888.0,3404902.0,497569901.0,274618636.0,187626509.0,29314188.0,327752304.0,0.3770857293074084,0.5519197110759319,0.01814723312898179,0.0024120601032271965,-23.212469948822225,-0.012205804627237691,0.7920489622493787,1.9828030727643027,5.996485570099073,0.19598276180955318,-0.3751136365461141,TR
BAGFS,2014,64942181.0,196691552.0,115403559.0,12181857.0,16934423.0,294404375.0,132876122.0,-334394.0,310311572.0,329720480.0,-316471106.0,33637029.0,38567209.0,134969273.0,330333074.0,3604744.0,739528414.0,445124039.0,313916316.0,187626509.0,497569901.0,0.42448175087968965,0.6019025511033306,0.011483136798789394,0.001333461404816229,50.6421257558449,0.022898948410114774,0.5627398458309245,1.7043802955851648,5.4143894879138115,0.40224891922266315,-0.42793637135354207,TR
BAGFS,2015,34252846.0,295399868.0,273905153.0,15266088.0,32739964.0,522854106.0,163201932.0,-8193467.0,355581778.0,376268908.0,-525277734.0,233941994.0,40841068.0,162225073.0,460686123.0,57035093.0,1173028167.0,650174061.0,412616871.0,313916316.0,739528414.0,0.3517535917788409,0.5542697773940155,0.13822772893840302,0.022554969674083176,3.9958620691338598,0.027910637545671142,0.12505367505809575,1.0784750296391832,4.85299498568774,0.35425840686761906,-0.4477963520205905,TR
BAGFS,2016,76046119.0,281316971.0,236302513.0,39193019.0,4671994.0,484938540.0,33812118.0,-97325197.0,371395282.0,430047594.0,-498938238.0,-37585667.0,-51201462.0,396167067.0,498836412.0,67483444.0,1151288647.0,666350107.0,438878726.0,412616871.0,1173028167.0,0.38120650902240677,0.5787863093554853,0.15376330635812135,0.22859823901121124,0.048003951124804815,0.004058056172250259,0.3218168018382437,1.1904950456451557,5.41969236927118,0.06778197658915083,-0.43337371501067184,TR
BAGFS,2017,116020163.0,333955829.0,302149454.0,42300766.0,44916102.0,473707112.0,123903877.0,-158908506.0,412547175.0,461324247.0,-488801868.0,-10210831.0,-50729134.0,358581400.0,519579071.0,85597433.0,1237180813.0,763473701.0,498144608.0,438878726.0,1151288647.0,0.40264495113860127,0.6171076151340217,0.1718324992890418,0.33917726535505893,0.28265385617557814,0.03630520416097013,0.3839826995020815,1.10526702788614,5.2589767052067575,0.23846972273446326,-0.3950933144644557,TR
BAHKM,2022,35563909.0,292384924.0,151172929.0,4232676.0,102101279.0,398824605.0,0.0,-63577162.0,5864810.0,41245182.0,1892.0,53746722.0,51985742.0,41972172.0,408641437.0,52033397.0,591242716.0,192418111.0,57898207.0,,,0.09792629225389053,0.32544690326468223,0.898704807905364,1.0980851617736624,1.6059426968445052,0.17268928011622217,0.23525315832175217,1.934109009689162,8.385017078992245,0.0,3.2000394234032307e-06,TR
BAHKM,2023,50878899.0,411146494.0,237555639.0,10771930.0,118803597.0,618300795.0,0.0,-1186843.0,3930289.0,68024198.0,0.0,83507039.0,109293530.0,116213903.0,579637958.0,103888502.0,923880632.0,305579837.0,107818791.0,57898207.0,591242716.0,0.11670207953877747,0.33075683850898174,0.9635472725714389,0.014323732801387098,100.10051624351325,0.1285919337250486,0.21417676807916144,1.7307376736276927,7.881326212607825,0.0,0.0,TR
BAHKM,2024,78015518.0,1047688306.0,138815851.0,19529867.0,114097011.0,1519122466.0,0.0,-153032826.0,0.0,84751793.0,19961227.0,12491876.0,36467942.0,261419392.0,832672967.0,4728815.0,1742690111.0,223567644.0,4728815.0,107818791.0,923880632.0,0.002713514565872234,0.12828881198603415,1.0,2.7194328060607527,0.7455721362683324,0.06547177279529533,0.5620072739387666,7.547324735991425,14.734921815294943,0.0,0.011454260785668737,TR
BAHKM,2025,81510129.0,1084708059.0,132935351.0,30669918.0,-123489033.0,1427505482.0,0.0,-261640721.0,0.0,118143657.0,25259678.0,-323095663.0,-279824115.0,191419548.0,1153877037.0,14947483.0,1678584490.0,251079008.0,14947483.0,4728815.0,1742690111.0,0.00890481419853939,0.14957781958297495,1.0,26.594506852864296,-0.47197940950483774,-0.07356736210519853,0.6131561573866082,8.159665964247539,12.816722794969658,0.0,0.01504820171429083,TR
BAKAB,2014,11041063.0,122487862.0,79096786.0,9444609.0,11526060.0,126917548.0,192462312.0,-9293925.0,18765102.0,29434086.0,-27052656.0,7586461.0,10067389.0,69014050.0,245618410.0,17532755.0,235448420.0,108530872.0,36297857.0,,,0.15416479329103164,0.46095391933400953,0.4830245212547947,0.2560461076255824,1.2401714022869779,0.0489536519293695,0.1395892748410789,1.5485820372018655,6.9713669069456685,0.7835825987148113,-0.11489843932696596,TR
BAKAB,2015,10761758.0,152669795.0,111304021.0,10217042.0,9655646.0,113119545.0,208002790.0,-12871923.0,36969213.0,48540316.0,-16227899.0,2617181.0,3779089.0,60780387.0,282644398.0,34575518.0,272963882.0,159844337.0,71544731.0,36297857.0,235448420.0,0.2621032880826336,0.5855878654304895,0.48327133971612807,0.23871687871585576,0.7501323617302559,0.0353733465733756,0.09668795343880703,1.3716467170579578,5.950799573882401,0.7359169029063862,-0.05945071883173174,TR
BAKAB,2016,14558498.0,179534149.0,129611592.0,10488252.0,25105338.0,119894501.0,229392243.0,-16778018.0,60619058.0,74442233.0,-32281099.0,10810632.0,13776547.0,62289139.0,305554113.0,39786362.0,323948326.0,204053825.0,100405420.0,71544731.0,272963882.0,0.30994270363971566,0.6298962168429294,0.3962571144067721,0.1951497908251328,1.496323224829059,0.07749797108073342,0.11232404274457179,1.3851704637653088,6.025502936987925,0.7507417941384412,-0.09964891437654783,TR
BAKAB,2017,15754827.0,200015287.0,180819838.0,11346941.0,50264011.0,142010443.0,266206306.0,-21126373.0,35744430.0,52128833.0,-24691523.0,31336472.0,39668296.0,67407231.0,350865870.0,74745989.0,374959114.0,232948671.0,110490419.0,100405420.0,323948326.0,0.2946732453608262,0.6212641920206798,0.6764929455105062,0.200348884076371,2.3792068330896172,0.13405197826448886,0.0871299696662708,1.1061578707973403,5.712817958469898,0.7587124561303156,-0.06585124105024422,TR
BAKAB,2022,296339311.0,2075003219.0,1320819151.0,157820873.0,19887065.0,1567014444.0,2564371110.0,-72221077.0,717331385.0,847937798.0,-517876513.0,120207439.0,48631345.0,774999990.0,3821514712.0,369536193.0,3735771393.0,2168756949.0,1086867578.0,110490419.0,374959114.0,0.2909352483496572,0.5805379186381066,0.34000111925318655,0.12063405795251059,0.275363727959914,0.005323415944900673,0.22436024702976162,1.5709972235252667,6.045084428533574,0.6710352578121908,-0.13862639292393125,TR
BAKAB,2023,319333112.0,2415661678.0,1583836305.0,220763810.0,583878643.0,2667109574.0,3714294040.0,-621957507.0,695596873.0,958781367.0,-659459180.0,54564692.0,142861692.0,1292485240.0,4936393288.0,536486673.0,5209727246.0,2542617672.0,1232083546.0,1086867578.0,3735771393.0,0.2364967469162588,0.48805197507263126,0.4354304338709187,0.536412777796864,0.9387757787767967,0.1120747047646878,0.2016200228469949,1.525196556218605,6.960748500672765,0.7524307370381467,-0.12658228518706602,TR
BAKAB,2024,232443985.0,2332205057.0,1809630458.0,313009321.0,-52433163.0,3050008772.0,4345474818.0,-257762996.0,482697865.0,933733782.0,-731548944.0,-383622871.0,-247932146.0,1702188575.0,5737186907.0,444355305.0,5793373013.0,2743364240.0,927053170.0,1232083546.0,5209727246.0,0.16001958926513887,0.4735348878527322,0.4793201936842522,0.23876486754162538,-0.20341617615276322,-0.009050541520862364,0.12844831604840284,1.2887742061865761,5.906113796460748,0.7574225641312194,-0.12627340624510897,TR
BAKAB,2025,253382918.0,2877735284.0,2423471939.0,353287102.0,91051010.0,3033965405.0,4735245295.0,-365115278.0,365817524.0,873201674.0,-626862461.0,-193030693.0,-186122629.0,1450947531.0,6353885964.0,776423507.0,6330639018.0,3296673613.0,1142241031.0,927053170.0,5793373013.0,0.18043060546530124,0.5207489486648218,0.6797370134044852,0.3528887074864035,0.24937606144216184,0.014382593880509267,0.10455368346643769,1.1874432039792642,5.53087316933422,0.7452518540353206,-0.0990204084007369,TR
BALAT,2010,325471.0,11729645.0,8085815.0,-89797.0,111900.0,3101545.0,560498.0,-1026597.0,1215857.0,4888483.0,0.0,266909.0,68741.0,-1668935.0,10515345.0,2174892.0,16075843.0,12974298.0,3390749.0,,,0.21092200265951838,0.8070679714898933,0.6414193442215864,0.3027640795588231,0.10900090298335179,0.006960754717497552,0.040252095799866806,1.450644740202441,4.696262712563301,0.05330286357699153,0.0,TR
BALAT,2011,15753.0,15824831.0,11501811.0,-690.0,1011299.0,5294086.0,917249.0,-1521024.0,1455790.0,5614104.0,0.0,-385838.0,-386297.0,-1402026.0,13159283.0,4069652.0,22410001.0,17115915.0,5525442.0,3390749.0,16075843.0,0.24656143478083736,0.7637623487834739,0.736529674911075,0.3411824623317289,0.6648803700664815,0.045127128731498045,0.0013696104030921738,1.3758555935234895,4.939535989486363,0.06970356971576643,0.0,TR
BALAT,2012,86691.0,17916173.0,14175900.0,157683.0,411819.0,4929454.0,1308400.0,-1584809.0,1059645.0,6144865.0,0.0,-364632.0,-390891.0,-1787864.0,12792616.0,5183490.0,25250219.0,20320765.0,6243135.0,5525442.0,22410001.0,0.2472507268154783,0.8047757922416435,0.8302703689732802,0.2693289086692469,0.2598540265735492,0.01630952190949314,0.006115378917740673,1.2638473042275975,4.3552059321633925,0.1022777514778838,0.0,TR
BALAT,2013,30718.0,18169002.0,15729749.0,422761.0,70655.0,7566322.0,1094161.0,-1371517.0,1654335.0,3593545.0,616681.0,-1145006.0,-1300862.0,-5179172.0,12272877.0,6390673.0,26889616.0,19323294.0,8045008.0,6243135.0,25250219.0,0.29918642200022494,0.7186154685139423,0.7943650273560946,0.1919797415241435,0.051515949127863524,0.002627594235633562,0.0019528601505338706,1.155072595246116,3.64597736878426,0.0891527715954458,0.02293379719517006,TR
BALSU,2021,762114447.0,5277147867.0,4856973732.0,34717251.0,2181844552.0,756855466.0,9089696722.0,-1680632124.0,358610143.0,868030718.0,-305360680.0,488544925.0,706511276.0,267705422.0,13001703325.0,3537512052.0,6481859916.0,5725004450.0,3896122195.0,,,0.6010809004654213,0.8832348313897131,0.9079571622624634,0.4313602191832692,1.2982285182119964,0.3366077916331199,0.15691137919458692,1.0865094518077578,6.2106959047459736,0.6991158385011066,-0.0471100400127808,TR
BANVT,2010,6811318.0,386551736.0,225655031.0,36583712.0,91700775.0,215075491.0,54584597.0,-51829260.0,131731485.0,141497102.0,-219469216.0,58877859.0,74478631.0,36181380.0,1002379302.0,117659595.0,582227624.0,367152133.0,249391080.0,,,0.428339483940391,0.6305989579773014,0.4717875033862478,0.20782323088700685,1.7692858242622025,0.157499869844719,0.030184649417366635,1.7130206859868327,6.938903586251543,0.05445503203337293,-0.37694744624483845,TR
BANVT,2011,17824971.0,455307173.0,370700175.0,42939817.0,2857657.0,151381134.0,86182341.0,-104562786.0,163139199.0,175212287.0,-319476336.0,-59676547.0,-71543675.0,70172345.0,1116294969.0,262739654.0,697293596.0,545912462.0,425878853.0,249391080.0,582227624.0,0.6107597365629613,0.7829018725133968,0.6169351968269718,0.3096918162355083,0.027329579760814713,0.00409821202488141,0.04808460368274711,1.2282356570239008,4.692741159418889,0.07720391419232492,-0.45816616964886053,TR
BANVT,2012,22053020.0,549885357.0,524539636.0,58298384.0,29008362.0,153747675.0,117020896.0,-54242447.0,131534178.0,144780042.0,-307117574.0,9668795.0,14468157.0,12447414.0,1261068037.0,375888684.0,823067353.0,669319678.0,507422862.0,425878853.0,697293596.0,0.6165022341737809,0.8132015874039897,0.740779953269035,0.11623775276144221,0.5347908069117899,0.03524421409045974,0.042042618872751875,1.048319934778008,3.9793456292321596,0.0927950693908516,-0.3731378396683898,TR
BANVT,2013,13453305.0,609557508.0,686573907.0,66166891.0,19097052.0,115409401.0,145873292.0,-109325788.0,137547290.0,171770069.0,-292556674.0,-55979311.0,-67379700.0,22116209.0,1655406636.0,515535323.0,973753377.0,858343976.0,653082613.0,507422862.0,823067353.0,0.6706858517010309,0.8814798451784984,0.7893876099867935,0.18841063718376685,0.17468021360157038,0.01961179540022278,0.01959483875346285,0.8878250422645322,3.0781666256945948,0.08811931088573938,-0.3004422689668372,TR
BANVT,2018,170526565.0,986961171.0,689999088.0,143683171.0,153073117.0,731500997.0,572691399.0,-55510048.0,49039931.0,123504744.0,-92446680.0,81066013.0,94177292.0,161582628.0,2932275490.0,216236209.0,1545004829.0,813503832.0,265276140.0,653082613.0,973753377.0,0.1716992303329558,0.526538051357767,0.815136291563953,0.12088968024460045,2.757574934901876,0.09907614146363293,0.24714027593033572,1.4303803992853974,6.461776660092211,0.19530613714607012,-0.05983585181402692,TR
BANVT,2019,294656978.0,1181283004.0,659008003.0,184931968.0,209124551.0,1094146603.0,595926997.0,-73842176.0,157646633.0,294775927.0,-68136595.0,110570814.0,140922940.0,242648641.0,3439333548.0,143235460.0,2047930533.0,953783930.0,300882093.0,265276140.0,1545004829.0,0.14692006791814358,0.46573060688870543,0.4760517934844331,0.2608534918187792,2.8320475144177766,0.10211506085299428,0.4471220025532831,1.792516932453702,7.199964734079804,0.1732681604395527,-0.03327095030913336,TR
BANVT,2020,530144576.0,1905767722.0,1130947153.0,208947004.0,-117814337.0,1003698864.0,642574964.0,-78831311.0,382142141.0,534143157.0,121796754.0,-199747810.0,-247940027.0,374949427.0,3677878355.0,365916042.0,2668789174.0,1665090310.0,748058183.0,300882093.0,2047930533.0,0.28029871759364383,0.6239122693623457,0.48915452075203086,0.15030657665394098,-1.494511958579504,-0.04414523940211397,0.4687615814706419,1.685107670101717,5.948826731136157,0.17471349021819402,0.04563745806022218,TR
BANVT,2021,769346310.0,3014522850.0,2164440081.0,252279924.0,70906559.0,1244097043.0,735226046.0,-224448872.0,317745232.0,403502442.0,30288274.0,95150799.0,118292743.0,188583939.0,5321483536.0,807239507.0,3812039566.0,2567942523.0,1124984739.0,748058183.0,2668789174.0,0.2951136050721673,0.6736400497790636,0.7175559623302588,0.23966228361743863,0.3159140804236254,0.01860068810209196,0.35544819039044584,1.392749504346293,5.507843215825511,0.13816185675031656,0.007945424877051237,TR
BANVT,2022,884603863.0,7051339733.0,7046987682.0,810453849.0,-2288735190.0,4001496106.0,3807240262.0,1211394131.0,232030176.0,1151117474.0,-1701424887.0,-982668170.0,-937648588.0,2692648086.0,20273876437.0,2868333474.0,12199601262.0,8198105156.0,3100363650.0,1124984739.0,3812039566.0,0.2541364740876561,0.6719977956604136,0.9251603353045376,0.5733937273213567,-1.8893398369948022,-0.18760737673690045,0.1255293613269012,1.0006175760759617,3.2236581483322504,0.18779044421183083,-0.1394656145278857,TR
BANVT,2023,1817196016.0,9321093884.0,8151548090.0,1826383489.0,471115449.0,6354846066.0,4823036458.0,1151693641.0,116303662.0,1275966512.0,-768871075.0,1374436221.0,2033587116.0,2188180423.0,30788565934.0,1846666465.0,15782360668.0,9427514602.0,1962970127.0,3100363650.0,12199601262.0,0.12437747231186264,0.5973450233661838,0.9407511808762233,0.4549151573737937,0.40906316769356893,0.029850759269189956,0.22292649150034027,1.1434752983221375,5.09649142541549,0.15665024698905808,-0.048717114706353634,TR
BANVT,2024,6935773504.0,16554961885.0,10165881135.0,2192254971.0,6243996364.0,13094647152.0,4372004585.0,-976835079.0,195927224.0,1359675664.0,-1504206032.0,4710917699.0,6736102598.0,5593643957.0,41275299717.0,2513042766.0,24620203951.0,11525556799.0,2708969990.0,1962970127.0,15782360668.0,0.11003036349298681,0.46813409108789555,0.927674642124773,0.41817106150207106,6.392068116955902,0.2536126985961214,0.6822599449959041,1.6284827321070188,8.590244363786002,0.10592302454436954,-0.06109640825858811,TR
BANVT,2025,8262010189.0,19402791039.0,14776845729.0,2280089609.0,-3856291990.0,13037039785.0,3196178090.0,-2085506766.0,105459687.0,1843266166.0,-1182247318.0,-3668424796.0,-3422550613.0,12275050884.0,39440091598.0,5236199693.0,29657151680.0,16620111895.0,5341659380.0,2708969990.0,24620203951.0,0.18011370200470986,0.5604082305115013,0.9802571299482596,0.5180978207173386,-1.849091095204819,-0.13002907465994387,0.5591186604043351,1.3130536377544664,5.5723817537779015,0.0810388100153925,-0.03986381870910673,TR
BARMA,2019,10363173.0,113136433.0,88900467.0,7528202.0,35515996.0,77691743.0,47640979.0,-17250530.0,56108541.0,62655207.0,-20616886.0,24974008.0,17561868.0,5110555.0,304058160.0,57053994.0,229247417.0,151555674.0,113162535.0,,,0.49362621608076834,0.6611009013026306,0.5041774117202306,0.1524402930704937,2.0588350618792584,0.1549243017207038,0.11657051250360698,1.2726191078388824,5.595546660219887,0.15668377063125027,-0.08993290423856772,TR
BARMA,2020,5364461.0,165407506.0,130917130.0,10883670.0,53097226.0,124267436.0,83338077.0,-18310681.0,80377024.0,82616264.0,-31355275.0,46846911.0,37072187.0,29930205.0,412130921.0,73622633.0,337800830.0,213533394.0,153999657.0,113162535.0,229247417.0,0.4558889242516071,0.6321280915739609,0.47807011024706375,0.1370753912664409,2.8997952615743783,0.15718500750871453,0.04097600520268051,1.263451971487612,5.875978842150026,0.20221262893302783,-0.09282178199502944,TR
BARMA,2021,16494019.0,422586032.0,267489527.0,14882155.0,171188403.0,315619665.0,127365545.0,-27404847.0,50124896.0,58125723.0,-3420304.0,122158682.0,160950779.0,76777116.0,771092293.0,167211099.0,641234915.0,325615250.0,217335995.0,153999657.0,337800830.0,0.33893350146100515,0.5077940118092291,0.7693668000093588,0.14760148589233765,6.246646916145892,0.2669667527383471,0.061662298277569576,1.5798227195638952,8.038792034451538,0.165175486976369,-0.005333932884799325,TR
BASCM,2010,9746415.0,96003231.0,42237072.0,15296489.0,7736525.0,267384002.0,4577147.0,-4559203.0,0.0,10164923.0,-13707226.0,2624237.0,3739289.0,82950934.0,197874477.0,0.0,319785997.0,52401995.0,0.0,,,0.0,0.16386582117915563,,inf,1.6969029455367528,0.02419281980004897,0.2307549869934166,2.2729613217507123,10.718829330317464,0.023131568403336827,-0.04286374678250843,TR
BASCM,2011,22810540.0,109696844.0,39773850.0,16033281.0,26697122.0,282715185.0,6356620.0,-1185098.0,0.0,13841402.0,13364401.0,16646742.0,27898960.0,84259613.0,195875382.0,0.0,336330437.0,53615252.0,0.0,0.0,319785997.0,0.0,0.1594124292711575,,inf,22.52735385596803,0.07937765680124871,0.5735059593174913,2.7580142229127933,11.50064390683054,0.032452368108208715,0.039735924940982964,TR
BASCM,2012,36837369.0,144635892.0,59401679.0,16485163.0,38833909.0,309578578.0,7240672.0,-1223554.0,0.0,11005809.0,166967.0,31679918.0,39585842.0,95599637.0,236428673.0,0.0,379986066.0,70407488.0,0.0,0.0,336330437.0,0.0,0.18528965743707035,,inf,31.738614723992566,0.10219824481669283,0.6201401983940555,2.4348788524984286,10.845215239442144,0.030625185634738983,0.00043940295431780385,TR
BASCM,2013,64586219.0,159592288.0,63567192.0,16211706.0,39858899.0,334398155.0,1804795.0,-4580022.0,0.0,7830051.0,51799768.0,35050853.0,43144618.0,116251882.0,268520707.0,0.0,405795398.0,71397243.0,0.0,0.0,379986066.0,0.0,0.17594394453926263,,inf,8.7027745718252,0.09822412771669727,1.0160307065317593,2.5106077990671665,11.314118458968055,0.006721250737657264,0.12764996413291016,TR
BASCM,2018,35852587.0,269841654.0,180070461.0,28576022.0,27926974.0,464372372.0,0.0,-13901241.0,0.0,17694732.0,18007.0,25934716.0,31563996.0,212389502.0,512312836.0,68782556.0,662137565.0,197765193.0,68782556.0,0.0,405795398.0,0.10387955560261862,0.29867689654490454,1.0,0.40420832863495215,2.0089554594442323,0.04217699686016153,0.19910309998040157,1.498533698983533,7.9340134677743706,0.0,2.7195255112885796e-05,TR
BASCM,2019,50225228.0,255341229.0,186392233.0,37959587.0,17439154.0,464342022.0,0.0,-33667231.0,27422057.0,43659132.0,447809.0,1905361.0,1372634.0,215717533.0,480620117.0,89135025.0,694393387.0,230051365.0,116557082.0,68782556.0,662137565.0,0.1678545392022865,0.3312983235538791,0.7647328113447452,0.3633030836069724,0.5179859905912666,0.025114228226369904,0.26945987604537147,1.3699134609326773,7.202223114485244,0.0,0.0006448923742414615,TR
BASCM,2020,72012688.0,357663543.0,321042720.0,42141459.0,-24376214.0,422733388.0,0.0,-26555496.0,35256281.0,50177296.0,26364739.0,-41499408.0,-44920053.0,209202647.0,561142866.0,145979863.0,793953404.0,371220016.0,181236144.0,116557082.0,694393387.0,0.22827050439851757,0.46755894505869516,0.805467716196831,0.17834855652492243,-0.9179348034019021,-0.030702323180668675,0.22430873997080514,1.114068380058579,5.400957514760245,0.0,0.03320690970927558,TR
BASCM,2021,106633867.0,671671702.0,693435464.0,63931426.0,-17751584.0,394452131.0,0.0,-87520888.0,25802125.0,42420648.0,23777839.0,-43273060.0,-52925870.0,167703239.0,905446296.0,449936625.0,1130308243.0,735856112.0,475738750.0,181236144.0,793953404.0,0.42089293159299734,0.6510225122723448,0.9457640879579391,0.26643602000413735,-0.20282682689416953,-0.015705082317089676,0.15377619480967303,0.9686145818466533,4.064682858409269,0.0,0.02103659700551259,TR
BASGZ,2022,3992308089.0,11475616704.0,13535112172.0,1322272237.0,1744708490.0,11754991666.0,0.0,-2474209568.0,758447265.0,5724848152.0,983364488.0,-1816579524.0,157423508.0,3306373070.0,34705943951.0,552075834.0,31014951990.0,19259960324.0,1310523099.0,,,0.042254558363415996,0.6209895256394365,0.4212637186031011,1.8879557101190783,0.7051579270264952,0.05625378657889066,0.29495936481848023,0.847840531956546,4.180804342995566,0.0,0.03170614251852014,TR
BASGZ,2023,3461822798.0,10498834812.0,17930909485.0,1999187052.0,1750029700.0,20448677428.0,0.0,-1584623822.0,396738089.0,4466188385.0,1280706870.0,5629426189.0,3666695824.0,-211713500.0,41988279899.0,900643392.0,42845775298.0,22397097870.0,1297381481.0,1310523099.0,31014951990.0,0.03028026618672391,0.5227376028143778,0.6942009001899727,1.2152467802330407,1.1043817944067231,0.04084486014847979,0.19306454036232618,0.5855160230875484,3.3291200866429818,0.0,0.029891088703435882,TR
BASGZ,2024,5714119117.0,11931353986.0,25074809176.0,2817530554.0,3173551295.0,26739388304.0,0.0,-1684745709.0,1953878544.0,7566645148.0,59972818.0,3113822586.0,4808232357.0,3904710514.0,48031746701.0,1144720047.0,59380842629.0,32641454324.0,3098598591.0,1297381481.0,42845775298.0,0.05218178883650142,0.5496967183159976,0.3694315392529009,0.7664937881456347,1.883697508797157,0.053444025960152394,0.22788285553411863,0.4758303005320546,3.23165473148264,0.0,0.0010099691305274759,TR
BASGZ,2025,4517065292.0,12581352003.0,31036878827.0,3717974733.0,3604068569.0,33669752008.0,0.0,-1179994118.0,597129015.0,7545722363.0,74535270.0,4005683473.0,5614571249.0,6132824196.0,56233433159.0,2243473351.0,72252353198.0,38582601190.0,2840602366.0,3098598591.0,59380842629.0,0.03931501522470316,0.5339978489595824,0.7897878907138811,0.39735786902756587,3.0543106224195604,0.049881677336147484,0.14553864508020234,0.4053678230059354,3.10258510495129,0.0,0.0010315964352848675,TR
BAYRK,2017,2589927.0,17773697.0,12884107.0,1501901.0,3416006.0,13981580.0,37066.0,-463930.0,2058155.0,2616904.0,65027.0,2527073.0,3007275.0,1118782.0,31463053.0,7255661.0,29482591.0,15501011.0,9313816.0,,,0.31590900541950334,0.5257682745726113,0.7790212948162171,0.04981094752140261,7.363192723040114,0.11586518973179799,0.20101719117980005,1.3795055412066974,6.187353745542127,0.0011780802072831266,0.0022056066917592147,TR
BAYRK,2018,3505777.0,23858589.0,15493107.0,1567750.0,4895114.0,18169243.0,0.0,-1293641.0,40608.0,954318.0,2124115.0,3270289.0,4144892.0,3645855.0,29134551.0,7167775.0,34616668.0,16447425.0,7208383.0,9313816.0,29482591.0,0.20823445514744515,0.47513021761655394,0.994366559046599,0.15659428869002243,3.7839818002057757,0.1414091616212167,0.2262797901027857,1.539948636512999,7.288828854532937,0.0,0.0613610472273068,TR
BAYRK,2019,3671848.0,22930264.0,16337814.0,1756329.0,7683803.0,22684198.0,1163107.0,-1838597.0,3197619.0,4133939.0,-1223366.0,4496336.0,5741548.0,1919087.0,38771282.0,9882552.0,43155951.0,20471753.0,13080171.0,7208383.0,34616668.0,0.30309078347039553,0.47436686078358,0.755536911558725,0.18124475504759974,4.179166505764994,0.17804735666698668,0.2247453667914202,1.4035086946148365,6.7570202906059675,0.029999188574677513,-0.02834756207782329,TR
BAYRK,2020,7644267.0,56912048.0,26375816.0,2091511.0,7234518.0,53998643.0,0.0,-2132948.0,5539649.0,7403934.0,808697.0,4188162.0,5455296.0,6145743.0,37847765.0,18814104.0,87778393.0,33779750.0,24353753.0,13080171.0,43155951.0,0.27744587440783974,0.38482989771753967,0.7725340730851626,0.11395802374338314,3.3917929551025154,0.0824179818375121,0.2898210618393759,2.1577360108972554,7.992657879269466,0.0,0.009212939225260139,TR
BAYRK,2021,13019769.0,74924446.0,46707613.0,3767837.0,10981269.0,58980339.0,0.0,-5118329.0,3767267.0,6994692.0,15133965.0,4758427.0,6505164.0,10279627.0,67618396.0,29503551.0,112682644.0,53702305.0,33270818.0,24353753.0,87778393.0,0.29526124715355456,0.4765800933815504,0.8867696309721029,0.1776439776011521,2.145479315612576,0.09745306473284386,0.2787504683658315,1.6041163567917718,6.998167844866053,0.0,0.1343060871024645,TR
BAYRK,2022,38839955.0,196231814.0,106585480.0,20678952.0,5636236.0,171709536.0,1033398.0,-29105644.0,9680623.0,67174427.0,8145183.0,-34309717.0,-20646321.0,-5710966.0,278864440.0,63718791.0,345469443.0,173759907.0,73399414.0,33270818.0,112682644.0,0.21246282554720766,0.5029675142643513,0.8681103503087912,0.5457125845568612,0.19364752760667311,0.01631471643644037,0.3644019335466707,1.8410745441123875,6.04561700048087,0.0037057360199816082,0.02357714456383918,TR
BAYRK,2023,10818158.0,264628448.0,251165110.0,33846503.0,-2781915.0,237488460.0,75041661.0,32935481.0,10400009.0,25153194.0,11691842.0,37982767.0,30153566.0,-83401765.0,423471297.0,118394044.0,513806764.0,276318304.0,128794053.0,73399414.0,345469443.0,0.25066632443164955,0.5377864274281917,0.919250860130941,0.3257818512998741,-0.08446559502197645,-0.005414321482151605,0.043071898003667786,1.053603535936978,3.7587888022128064,0.17720601498051472,0.022755329083211526,TR
BAYRK,2024,2273952.0,362929948.0,482710978.0,61680897.0,-79227222.0,158662820.0,5767044.0,-39207788.0,13935016.0,46333853.0,-91737232.0,-141823400.0,-124101639.0,-59449984.0,330329416.0,144662309.0,687707650.0,529044831.0,158597325.0,128794053.0,513806764.0,0.23061736335199995,0.7692874014125043,0.9121358698830513,0.27285291766825376,-2.020701142334273,-0.11520479959761971,0.0047107940437186415,0.7518576633655927,1.3663236578261946,0.01745846334193864,-0.13339568347102143,TR
BAYRK,2025,6165253.0,339421666.0,462856961.0,65250003.0,-134399567.0,249665308.0,974010.0,-140614535.0,34467226.0,38545043.0,-30735112.0,-230351146.0,-280264866.0,0.0,271599089.0,231623164.0,751067313.0,501402004.0,266090390.0,158597325.0,687707650.0,0.3542830121805607,0.6675859744145196,0.8704679789450495,0.6622020370897708,-0.9558013828371299,-0.17894476922869362,0.0133199962828257,0.7333187023193544,1.4922091402139621,0.0035862049596197283,-0.04092191401225312,TR
BEGYO,2019,2392303.0,96239707.0,341970812.0,0.0,0.0,-102770284.0,0.0,0.0,181978715.0,295114723.0,-714220060.0,0.0,0.0,-107770284.0,0.0,103810873.0,534315251.0,637085535.0,285789588.0,,,0.534870729340271,1.1923401658621195,0.3632423200806042,0.0,,0.0,0.006995635054374173,0.281426670414199,-0.5938522187634725,,-1.336701617001009,TR
BEGYO,2020,858817.0,63329592.0,614246752.0,313991.0,12268408.0,-279912607.0,0.0,-265522067.0,143307945.0,257427414.0,-762470670.0,-177144831.0,-224805159.0,-107770284.0,24000122.0,188168290.0,591761559.0,871674166.0,331476235.0,285789588.0,534315251.0,0.5601516860273109,1.4730158671898457,0.56766751317783,0.8603167617786608,0.04620485272133709,0.02073201243543432,0.0013981628672901799,0.10310122405010291,-3.648778999509158,0.0,-1.2884761749115239,TR
BEGYO,2021,3544203.0,68657467.0,885938750.0,273808.0,23369913.0,-392109999.0,0.0,-554460499.0,337469498.0,521361934.0,-1091088743.0,-112167221.0,-163528751.0,-284915115.0,35568985.0,153420628.0,1015190685.0,1407300684.0,490890126.0,331476235.0,591761559.0,0.4835447500190568,1.3862427076938753,0.31253557542528365,1.348451311470898,0.042148923218423895,0.02302022008801233,0.004000505678298866,0.07749685517198565,-3.083927006624566,0.0,-1.0747623664415322,TR
BERA,2010,20649393.0,416917985.0,240908213.0,20291485.0,69556622.0,548103004.0,54211408.0,-18749500.0,13256779.0,35841987.0,18643357.0,52912996.0,67169134.0,-537858169.0,743897396.0,95496381.0,824853204.0,276750200.0,108753160.0,,,0.13184547198534008,0.335514487496614,0.8781021259520183,0.1724041857726249,3.7097854342782473,0.084326061489118,0.08571477386700802,1.7306092632051528,5.170253717789651,0.0728748457670364,0.022602030166812566,TR
BERA,2011,15299039.0,476740829.0,332560061.0,22922452.0,56554249.0,548409311.0,60837764.0,-28578838.0,28328144.0,60402190.0,3452934.0,31415686.0,45919718.0,-403730697.0,743915843.0,87246436.0,941371562.0,392962251.0,115574580.0,108753160.0,824853204.0,0.12277254238959048,0.4174358636510415,0.7548929531043937,0.2547953989105404,1.9788855306153454,0.060076436640859564,0.04600383748426123,1.433548056150976,4.725669420304715,0.08178043870481194,0.0036679820587144528,TR
BERA,2012,16247186.0,663579060.0,386387003.0,26993577.0,58970380.0,718203459.0,204469356.0,-38057801.0,36493406.0,76659947.0,-57427947.0,17885479.0,46498177.0,-1145474567.0,1011482378.0,174157316.0,1181250409.0,463046950.0,210650722.0,115574580.0,941371562.0,0.17832859179987806,0.3919972822629516,0.8267586948978034,0.23332219031864057,1.5494952007342726,0.049921997529653345,0.042048997181201773,1.7173948783158217,3.5921682301395688,0.20214821379715622,-0.04861623459552174,TR
BERA,2013,80735484.0,750464631.0,498376734.0,42727934.0,57270540.0,745250100.0,199210139.0,-62517829.0,68342628.0,106827381.0,-107415776.0,23619551.0,28003975.0,17579287.0,1048663342.0,258219294.0,1350454215.0,605204115.0,326561922.0,210650722.0,1181250409.0,0.24181635954240774,0.4481485623709205,0.79072076872453,0.23274891124863398,0.9160673189723206,0.04240835369601923,0.1619968961071124,1.505817948154859,6.094942064063921,0.18996576977704632,-0.0795404796452133,TR
BERA,2018,96370805.0,1444858604.0,1115067881.0,65757573.0,218964269.0,1815387329.0,457332161.0,-454117856.0,170345255.0,424026213.0,-409247527.0,68971569.0,102445664.0,146140794.0,2185403921.0,698295717.0,3354481423.0,1539094094.0,868640972.0,326561922.0,1350454215.0,0.2589494060226906,0.458817295408823,0.803894519725694,0.7599008641623989,0.4821749819060187,0.06527514729957114,0.08642595365008096,1.2957584274638434,5.714102644616923,0.20926665162691452,-0.12200023651763117,TR
BERA,2019,195384504.0,1791192689.0,1121687964.0,83953152.0,231471710.0,1886750123.0,537143756.0,-335957905.0,399858628.0,652329763.0,-195391586.0,69886227.0,96703063.0,190478278.0,2252637641.0,590792352.0,3660767850.0,1774017727.0,990650980.0,868640972.0,3354481423.0,0.2706128934125118,0.4846026297461064,0.5963678065507996,0.36138262701413554,0.6889902173904793,0.063230371191115,0.17418792950514356,1.596872522918504,6.160992094039502,0.23845102568806803,-0.053374481531244876,TR
BERA,2020,362039933.0,2191742707.0,1064220805.0,93684889.0,443003283.0,2631051423.0,528318142.0,-401317639.0,431864306.0,795803255.0,149349137.0,412701251.0,491963834.0,343070763.0,2823482889.0,651672870.0,4491075483.0,1860024060.0,1083537176.0,990650980.0,3660767850.0,0.2412645211823976,0.4141600529852417,0.60143102095096,0.38696358171664347,1.103871945683404,0.09864080100120642,0.3401924969884422,2.059481168478002,7.294090157281553,0.187115758362933,0.033254648594825235,TR
BERA,2021,923291956.0,3323623324.0,1721596946.0,123865868.0,628323997.0,4133172928.0,896791806.0,-625434801.0,171349528.0,644639105.0,496694369.0,923293203.0,1111693623.0,1119882603.0,4217184173.0,689954462.0,6499408979.0,2366236051.0,861303990.0,1083537176.0,4491075483.0,0.1325203557404877,0.3640694190264773,0.8010580120498455,0.6431731412661799,1.004619499898919,0.0966740205194279,0.5362997176227565,1.930546712296503,7.9123913883834405,0.21265180016125418,0.07642146702951773,TR
BERA,2022,1573502755.0,9861493161.0,3944554412.0,148730076.0,3080627887.0,14784700262.0,2682809943.0,-4706275930.0,384023791.0,2792648326.0,-559046178.0,-635742432.0,69550964.0,-5524589345.0,15047030768.0,1221379410.0,21521903000.0,6737202738.0,1605403201.0,861303990.0,6499408979.0,0.07459392419898928,0.31303935985586406,0.7607929330396296,3.815836713146388,0.6545786802177577,0.1431391957765073,0.39890507029466726,2.5000271592146563,7.482793798245595,0.1782949728995995,-0.025975685235641106,TR
BERA,2023,2699602607.0,12427890255.0,5206472261.0,372162627.0,2220699032.0,24968945739.0,3189420982.0,-153746721.0,435937596.0,4469137324.0,314622850.0,4796148267.0,4708474167.0,-7656922388.0,18557079447.0,1280797769.0,34644555324.0,9675609585.0,1716735365.0,1605403201.0,21521903000.0,0.0495528185870734,0.2792822564617311,0.7460659313673543,0.0925588851551835,14.443878981978418,0.06409951033378142,0.5185089772247228,2.387007868666334,7.0372679294917155,0.17187084805608313,0.009081451531347703,TR
BERA,2024,1840562323.0,15031330899.0,6023055502.0,418151274.0,2804567518.0,33850544450.0,3328063693.0,-2926700986.0,137525894.0,4087482515.0,265832854.0,1515894720.0,1759310438.0,-4658306224.0,21810672944.0,2570397123.0,43961082466.0,10110538017.0,2707923017.0,1716735365.0,34644555324.0,0.06159818787661424,0.22998837721567947,0.9492135141447413,1.3229048361817688,0.9582692360496577,0.0637965982791503,0.3055861468300977,2.4956321411962312,8.192958492400454,0.15258876704744373,0.006047004283973175,TR
BERA,2025,1124289912.0,14767560511.0,5121575853.0,414448272.0,2366444386.0,37199742700.0,3021958253.0,-3000133167.0,93265903.0,4378443142.0,646699204.0,505495994.0,830023139.0,-4257602552.0,21050550736.0,1287893207.0,46699761695.0,9500018995.0,1381159110.0,2707923017.0,43961082466.0,0.02957529246124347,0.20342756901085296,0.9324727308209986,1.4673870926633017,0.7887797821875818,0.0506735859051154,0.21952030864512903,2.883401698004686,8.759844526427083,0.14355720621750484,0.013848019358720627,TR
BESLR,2018,19448273.0,1795523526.0,735713313.0,44703930.0,250602890.0,781981445.0,386994158.0,-364915670.0,0.0,1459677628.0,-509141603.0,-33491157.0,-42011952.0,433864245.0,2422035082.0,317984874.0,2977372386.0,2195390941.0,317984874.0,,,0.10680050486637381,0.7373585351039794,1.0,1.1475881396798768,0.686741925881122,0.08416914564613014,0.026434580775351553,2.4405206406805906,6.999731481515996,0.15978057497021836,-0.17100366934080916,TR
BESLR,2019,13208215.0,1533120810.0,620562397.0,49689074.0,302993362.0,966379869.0,353104091.0,-214802162.0,2878423.0,1116372739.0,-316466691.0,158923018.0,205516975.0,-496423379.0,2492865759.0,71353171.0,2703315005.0,1736935136.0,74231594.0,317984874.0,2977372386.0,0.02745946878654639,0.6425204361265328,0.9612237479367612,1.095324544098439,1.410569424343131,0.11208215152122089,0.02128426579479001,2.4705344980804567,6.203191159948911,0.1416458506540865,-0.11706615411621259,TR
BESLR,2020,57508936.0,2348202185.0,1093409010.0,52403016.0,351217423.0,1447635037.0,397051783.0,-115248187.0,29692619.0,999152164.0,-653859354.0,445175432.0,569864161.0,-356511215.0,3055708233.0,368478207.0,3540196211.0,2092561174.0,398170826.0,74231594.0,2703315005.0,0.11247140052938721,0.5910862136674944,0.9254274370166939,0.48792377905261364,3.047487619046016,0.09920846248823918,0.052595996076527665,2.1475972518280235,6.639914660560037,0.129937727271228,-0.18469579509981573,TR
BESLR,2021,175898669.0,9372043065.0,7690722505.0,58910302.0,344823081.0,4805512088.0,783152783.0,-615779992.0,323934674.0,2279242356.0,-1818290826.0,-24510262.0,894753.0,-670426255.0,4865330171.0,3657391899.0,14775476949.0,9969964861.0,3981326573.0,398170826.0,3540196211.0,0.2694550292178186,0.6747643338629935,0.9186364976445754,0.28121034716933735,0.5599777282143328,0.02333752623960728,0.02287154020778182,1.218616724099318,4.511477802486941,0.16096600959746046,-0.12306139641218562,TR
BEYAZ,2010,1168597.0,46855155.0,136611653.0,308112.0,17828763.0,8359711.0,0.0,-34467465.0,69027502.0,69196654.0,-128246760.0,53668.0,319637.0,-26372475.0,60004220.0,112067156.0,214168018.0,205808307.0,181094658.0,,,0.8455728343155325,0.9609665762513617,0.6188319260085519,0.19032844690537476,0.5172635411394485,0.08324661714897133,0.008554153136555635,0.342980660661503,0.7013777733015066,0.0,-0.5988137780683949,TR
BEYAZ,2011,1287374.0,46423750.0,131922183.0,5602699.0,25277876.0,4650397.0,0.0,-45641903.0,77341089.0,77476843.0,-130977093.0,-3709314.0,-4210310.0,-26318807.0,65335495.0,113214543.0,214049423.0,209399026.0,190555632.0,181094658.0,214168018.0,0.8902412785293983,0.9782741904424568,0.5941285587402633,0.24561747550365157,0.5538304570692418,0.11809364232670695,0.009758586241708871,0.3519025302969706,1.0457878146979398,0.0,-0.6119011729361213,TR
BEYAZ,2012,1255679.0,47064980.0,104616912.0,6665373.0,16886652.0,52936454.0,0.0,-34541575.0,64290825.0,64467258.0,-87313119.0,714022.0,326618.0,-31054086.0,119024444.0,73854020.0,222020624.0,169084170.0,138144845.0,190555632.0,214049423.0,0.622216272124341,0.7615696548983666,0.5346129274675432,0.210170519466572,0.48887903924473625,0.07605893405650459,0.012002638732062747,0.44987926999795214,1.9333946504809814,0.0,-0.39326580309043724,TR
BEYAZ,2013,1680612.0,80294899.0,152472494.0,8287290.0,16085365.0,22745264.0,0.0,-62390430.0,98639492.0,98752140.0,-99882792.0,2544655.0,4028744.0,-30340064.0,138413431.0,26204206.0,273969898.0,251224634.0,124843698.0,138144845.0,222020624.0,0.45568399634911716,0.9169789667914539,0.2098961054485906,0.4744726084892603,0.257817825586392,0.05871216187407567,0.011022394635979392,0.5266189126545014,1.650352778058409,0.0,-0.36457579000157164,TR
BEYAZ,2014,2361959.0,42280458.0,147731811.0,11122086.0,18247194.0,24354472.0,0.0,-34695831.0,29802945.0,34618051.0,-45868834.0,-8521476.0,-4102475.0,-17519599.0,345199277.0,102135163.0,206704334.0,182349862.0,131938108.0,124843698.0,273969898.0,0.6382938637367903,0.8821772551706633,0.7741142005765309,0.27023589825519023,0.5259189209216519,0.0882767847528538,0.01598815437252035,0.28619738507097836,0.3605297128559843,0.0,-0.22190552618021062,TR
BEYAZ,2015,2641868.0,43696569.0,99008015.0,4302193.0,70603028.0,66623307.0,0.0,-19796265.0,7672372.0,10481023.0,-17298299.0,42503703.0,58339885.0,-26041075.0,407312940.0,31553742.0,176112345.0,109489038.0,39226114.0,131938108.0,206704334.0,0.2227334716370962,0.6216999608971194,0.8044065236745093,0.23131311869603216,3.5664822631945974,0.40089766563496726,0.026683375078270177,0.44134375383649493,4.040612566271544,0.0,-0.0982230916293801,TR
BEYAZ,2016,1655546.0,98463072.0,97499731.0,2571807.0,39261367.0,92580701.0,0.0,-10929363.0,1349570.0,6383579.0,-3546979.0,26447043.0,29588490.0,16462628.0,519126404.0,30655398.0,196464011.0,103883310.0,32004968.0,39226114.0,176112345.0,0.16290499128616487,0.5287650876678884,0.9578324840068579,0.3068706158359352,3.5922831916187614,0.19983999512256725,0.016980005821759653,1.0098804477727226,5.834020465523574,0.0,-0.018054090323952512,TR
BEYAZ,2017,6002480.0,229059440.0,153457215.0,2480317.0,31803408.0,106082302.0,0.0,-15072135.0,15063146.0,20098851.0,-1819887.0,13989914.0,18133331.0,33847171.0,707347068.0,81636546.0,279638368.0,173556066.0,96699692.0,32004968.0,196464011.0,0.345802661814991,0.6206446820630851,0.8442275700319707,0.23421273169130008,2.1100798261162073,0.11373048779915637,0.03911500674634295,1.4926599573698767,6.824188264310288,0.0,-0.006508001791799901,TR
BEYAZ,2018,12637646.0,135527264.0,59121734.0,2527343.0,9300356.0,106818177.0,0.0,-9130829.0,3725615.0,5634523.0,0.0,439883.0,1052161.0,3608308.0,610176472.0,13110930.0,171574434.0,64756257.0,16836545.0,96699692.0,279638368.0,0.09812968405304487,0.3774236958869991,0.7787185553805724,0.16084431264002522,1.01856644122894,0.05420595471700638,0.213756348891932,2.292342508086789,8.336142271290848,0.0,0.0,TR
BEYAZ,2019,47559306.0,282354758.0,168376229.0,2917322.0,22213447.0,120334097.0,0.0,-5255916.0,0.0,2712029.0,0.0,14467769.0,18617663.0,4048191.0,775579491.0,27997108.0,291422355.0,171088258.0,27997108.0,16836545.0,171574434.0,0.09607055711288862,0.5870800748967937,1.0,0.23446298252787923,4.226370246404242,0.07622423818515914,0.28245855298255906,1.676927673680113,7.111713500493881,0.0,0.0,TR
BEYAZ,2020,65707067.0,381585760.0,243860440.0,961435.0,47555060.0,154949699.0,0.0,-6624103.0,5879837.0,7124122.0,0.0,37747525.0,47796312.0,14479701.0,1300046710.0,7143284.0,405934261.0,250984562.0,13023121.0,27997108.0,291422355.0,0.032081847360994245,0.6182886888672844,0.5485078423213606,0.322967626533728,7.179094286426404,0.11714965837781305,0.2694453721152968,1.5647710633180192,7.02744182860953,0.0,0.0,TR
BEYAZ,2021,59974036.0,360388049.0,232191790.0,1323331.0,33150116.0,198379033.0,0.0,-3230132.0,1405115.0,5794198.0,0.0,38052614.0,51141729.0,41899252.0,1470676139.0,17477013.0,436365021.0,237985988.0,18882128.0,13023121.0,405934261.0,0.04327140602775308,0.5453828252654559,0.9255849234789638,0.20248279522908597,10.262774400550814,0.07596877477491487,0.25829524807918486,1.5521136600049468,6.87599562585298,0.0,0.0,TR
BEYAZ,2022,362055268.0,2181821894.0,1797678873.0,7745844.0,148352017.0,622064616.0,0.0,-175754880.0,1616882.0,25821880.0,0.0,22946470.0,33985426.0,-248208630.0,5681816523.0,193937032.0,2445565369.0,1823500753.0,195553914.0,18882128.0,436365021.0,0.07996266077318663,0.7456356620496453,0.9917317840030551,1.639228912833599,0.8440847673760182,0.06066164449354369,0.2014015258441545,1.2136883437690598,4.715400034923909,0.0,0.0,TR
BEYAZ,2023,721856102.0,2515624470.0,1832753980.0,21279915.0,407268979.0,983540217.0,0.0,-349920250.0,13703762.0,81111927.0,2182356.0,145949470.0,222775229.0,-392820362.0,15056442173.0,317814461.0,2897406124.0,1913865907.0,331518223.0,195553914.0,2445565369.0,0.11441896952379052,0.6605445785273008,0.9586636237489726,1.3277888373750253,1.1638908551305618,0.1405633044075115,0.39386415737042896,1.3725925560396273,5.838286317631813,0.0,0.0007532102531029233,TR
BEYAZ,2024,944806777.0,2532246812.0,2051241500.0,54292025.0,1317944.0,1211111188.0,0.0,-365283926.0,6440617.0,66950429.0,141879.0,-49547048.0,-43014274.0,363006536.0,19835377862.0,60301619.0,3329303117.0,2118191929.0,66742236.0,331518223.0,2897406124.0,0.020046908813800265,0.6362268182143417,0.9035001314609837,1.8343971526432656,0.003607998891251514,0.000395861822634998,0.46060240932137925,1.2344947252676002,5.156229534805255,0.0,4.261522457223591e-05,TR
BEYAZ,2025,1498410562.0,4509136820.0,4170264665.0,47413414.0,480396364.0,1571157139.0,0.0,-485181729.0,0.0,147836846.0,7421267.0,155833606.0,300256003.0,349477753.0,23798759014.0,565207097.0,5889258650.0,4318101511.0,565207097.0,66742236.0,3329303117.0,0.09597253756209197,0.7332164823496078,1.0,1.5355083189873389,0.9901369637107666,0.08157161920541561,0.35930826515060044,1.0812591483327354,4.751128202449878,0.0,0.0012601360274777538,TR
BFREN,2014,30798614.0,63033546.0,21611302.0,3087408.0,10789086.0,51005877.0,22918834.0,-433047.0,0.0,2211722.0,15924576.0,9231681.0,11306208.0,3879813.0,82440871.0,0.0,74828901.0,23823024.0,0.0,,,0.0,0.31836661612870676,,inf,24.914353407366868,0.1441834084934643,1.4251160804656748,2.916693589308039,10.267375024213495,0.2780032976604529,0.21281317495228214,TR
BFREN,2015,29372649.0,57591586.0,17664597.0,2881235.0,13689277.0,51543666.0,14619121.0,-332947.0,0.0,2370451.0,12729246.0,12441825.0,14786782.0,955810.0,88872256.0,0.0,71578714.0,20035048.0,0.0,0.0,74828901.0,0.0,0.2799023184462353,,inf,41.115483845777256,0.1912478757302066,1.6627975718891295,3.2602830395734475,10.939229121177567,0.1644958917212589,0.17783563420823684,TR
BFREN,2016,29369202.0,63950952.0,17077757.0,3767858.0,18489928.0,58342652.0,18612142.0,-1219732.0,0.0,2592494.0,18028851.0,18505860.0,21604894.0,18505860.0,112484499.0,10890664.0,78012903.0,19670251.0,10890664.0,0.0,71578714.0,0.1396008042413189,0.25214099518896255,1.0,0.22399589226148195,15.159008700271864,0.23701115186035315,1.7197341547839098,3.7446927017406324,12.671877633446984,0.16546406096363553,0.2311008859649794,TR
BFREN,2017,32248019.0,78970143.0,26615943.0,3934659.0,20381633.0,64702861.0,29966384.0,-3648402.0,0.0,3146780.0,19981827.0,21494560.0,24710801.0,2329035.0,161084307.0,0.0,94465584.0,29762723.0,0.0,10890664.0,78012903.0,0.0,0.3150641931139705,,0.6700054285027983,5.58645483693957,0.21575723281401615,1.2116053524761456,2.967024050209305,10.698564971544412,0.18602919525860456,0.21152494013057707,TR
BFREN,2022,122259183.0,417869515.0,348764142.0,42114418.0,105688093.0,287754903.0,227460125.0,-50755315.0,78080295.0,153863638.0,-227192256.0,116943509.0,82815428.0,-395864287.0,1296637492.0,18510353.0,790382683.0,502627780.0,96590648.0,0.0,94465584.0,0.12220744466892627,0.6359296462470699,0.19163711377109718,1.0509364219194388,2.08230592204974,0.13371762220149755,0.350549750610543,1.1981435723400715,3.69049202728764,0.17542306651117567,-0.2874458928397347,TR
BFREN,2023,167823159.0,593765723.0,471572555.0,78957366.0,-52595475.0,177110706.0,239464729.0,-26472818.0,77432475.0,387475865.0,-464719219.0,-90824658.0,-31404692.0,-553375017.0,1747705769.0,38807472.0,1036159126.0,859048420.0,116239947.0,96590648.0,790382683.0,0.11218349004822643,0.8290699743351968,0.3338565871851266,0.24876891407459534,-1.9867728097552741,-0.050760036446371073,0.3558798263821778,1.2591184892004583,2.1579380901991168,0.13701661529504283,-0.4485017863945349,TR
BFREN,2024,228831566.0,878156076.0,579918472.0,114542923.0,240071742.0,355110984.0,150470803.0,-101162229.0,62797261.0,392932948.0,-568301369.0,123578962.0,178912081.0,-843207957.0,2702935906.0,101970074.0,1327962403.0,972851420.0,164767335.0,116239947.0,1036159126.0,0.12407530109871642,0.7325895807006518,0.6188731158393743,0.7199972063357418,2.373136143530408,0.1807820322756532,0.39459264887840995,1.5142750548563315,4.251408933866358,0.05566939366412042,-0.42794989354830404,TR
BFREN,2025,185596600.0,1054623919.0,668232198.0,119597490.0,202388861.0,677649361.0,110953582.0,-82901203.0,38304927.0,122277224.0,-384575227.0,127769479.0,173907391.0,-847424099.0,3454083080.0,38373690.0,1468158783.0,790509422.0,76678617.0,164767335.0,1327962403.0,0.05222774122790505,0.5384359179357238,0.5004483844563863,0.6867060914734242,2.4413259841355983,0.13785216104925893,0.2777426777031777,1.5782297263682585,4.921249344804353,0.032122441594543236,-0.26194389289022835,TR
BIGCH,2020,8674216.0,51255420.0,115380468.0,43887324.0,-3157011.0,-14503104.0,15473594.0,-28754362.0,39301425.0,118913963.0,0.0,-27671827.0,-29098444.0,12630942.0,157907614.0,63930656.0,219791327.0,234294431.0,103232081.0,,,0.4696822318198206,1.0659857884201227,0.6192905866152209,0.27854095085034664,-0.10979242036390861,-0.014363674140790823,0.0751792409093019,0.44422960738900796,1.3619174474082234,0.09799143694236302,0.0,TR
BIGCH,2021,66429809.0,132321511.0,210025305.0,56242255.0,28122664.0,11798503.0,19193142.0,-19725474.0,19697158.0,110539712.0,0.0,19318756.0,21619022.0,-15040885.0,277672431.0,64537700.0,332363520.0,320565017.0,84234858.0,103232081.0,219791327.0,0.2534419481416011,0.9645012093986729,0.7661638130855518,0.21044216228441218,1.4257028246824386,0.0846141718561652,0.3162943103451272,0.6300265151382591,2.1760509599379887,0.0691215254279241,0.0,TR
BIGCH,2022,155768367.0,392071558.0,461355844.0,237180700.0,178950803.0,440234235.0,76062178.0,136215522.0,279065365.0,382198256.0,0.0,262631378.0,342521541.0,157050105.0,1696380649.0,151055539.0,1283788335.0,843554100.0,430120904.0,84234858.0,332363520.0,0.3350403585027122,0.6570819168566444,0.3511932054341632,0.5296548889443567,1.3137328284804428,0.13939276290433034,0.33763171969270644,0.8498246269098956,4.7794661522237725,0.044837918921580434,0.0,TR
BIGCH,2023,388126794.0,803026262.0,635645987.0,404413480.0,241130166.0,1187483698.0,0.0,-40308956.0,355199930.0,441019691.0,0.0,246320828.0,314196333.0,429750212.0,3143242866.0,226761868.0,2264149376.0,1076665678.0,581961798.0,430120904.0,1283788335.0,0.25703330538558955,0.4755276703086219,0.38965077910491985,0.07965545882830433,5.982049398649769,0.10649923037586721,0.6106021306479199,1.2633231050351932,6.227474123021686,0.0,0.0,TR
BIGCH,2024,135714972.0,828593151.0,1005271036.0,607428304.0,315410177.0,1609743038.0,0.0,-11259674.0,435507634.0,615322027.0,-125079980.0,205362676.0,346460781.0,755987857.0,4538943747.0,297660179.0,3230336101.0,1620593063.0,733167813.0,581961798.0,2264149376.0,0.22696332210541084,0.501679395682177,0.40599188033367745,0.017123291736148127,28.012372027822476,0.09764004956089861,0.13500336440609437,0.8242485074443148,5.353252972084144,0.0,-0.03872042291861815,TR
BIGCH,2025,330061038.0,1130581192.0,1694088225.0,909556290.0,279064461.0,1510143131.0,0.0,-150779606.0,372669467.0,628462173.0,-45938631.0,12564929.0,141982408.0,790323200.0,5429254340.0,784452410.0,3832693528.0,2322550398.0,1157121877.0,733167813.0,3230336101.0,0.30190827117967256,0.6059838547049098,0.6779341274177638,0.1595306865372577,1.8508103874472255,0.07281157727881862,0.19483107970955882,0.6673685439257451,4.129750753792998,0.0,-0.011985991226377023,TR
BIGEN,2021,44564788.0,81156067.0,468506694.0,9745801.0,75165433.0,176393300.0,0.0,-20707804.0,514209372.0,570104430.0,-462792436.0,99187443.0,105602521.0,17723817.0,92476590.0,86453536.0,1215004424.0,1038611124.0,600662908.0,,,0.49437096370605477,0.8548208578374691,0.14393020585849126,0.0344749171693485,3.629811881549584,0.06186432865202473,0.09512092051346442,0.1732228547411107,1.8002439520521831,0.0,-0.38089773737317684,TR
BIGEN,2022,40554847.0,117985419.0,805366173.0,54099038.0,264280269.0,241123035.0,0.0,-76428403.0,584358413.0,664495375.0,-732987172.0,233945270.0,242938458.0,92319627.0,376504554.0,167519500.0,1710984583.0,1469861548.0,751877913.0,600662908.0,1215004424.0,0.4394416644489426,0.8590735197758355,0.22280146431166678,0.11301456017200681,3.4578802987679853,0.15446092947057255,0.05035578642312805,0.14649909936060848,2.0006722861842414,0.0,-0.428400804591002,TR
BIGEN,2023,176249206.0,273802082.0,935315086.0,94493120.0,544606965.0,1500692154.0,0.0,-179482423.0,1632782579.0,1636047508.0,-755935976.0,776505228.0,814101416.0,228534721.0,607655840.0,561680665.0,4072054748.0,2571362594.0,2194463244.0,751877913.0,1710984583.0,0.5389080893565629,0.6314656243909617,0.25595355335101705,0.12183410775332695,3.0343192157596404,0.1337425449074537,0.18843832269802607,0.29273780151558465,3.8788238466837175,0.0,-0.18563993432830928,TR
BIGEN,2024,113862555.0,416900665.0,1571610588.0,259938661.0,688599319.0,2732980882.0,2563768.0,-285406884.0,2905840646.0,2907636324.0,-1069382001.0,427181106.0,428063357.0,1317354754.0,1431709256.0,899439262.0,7212227793.0,4479246912.0,3805279908.0,2194463244.0,4072054748.0,0.5276150472803016,0.6210628727433485,0.23636612384520544,0.0951397007403093,2.41269344785671,0.09547664588025583,0.07244959780074986,0.2652696973303924,4.077425500796888,0.0017907043551306063,-0.14827346441246825,TR
BIGEN,2025,366039366.0,625711363.0,1300991543.0,333374971.0,622846382.0,3882154677.0,0.0,-952562503.0,3056777879.0,3058743560.0,70772456.0,-287328965.0,-251058851.0,1542322822.0,1785399565.0,900896201.0,8241889780.0,4359735103.0,3957674080.0,3805279908.0,7212227793.0,0.48019012455175053,0.5289727501063476,0.2276327415520785,0.24541237896617044,0.6538640562046142,0.07557082157436956,0.28135414712684265,0.4809496006078189,4.765387782636845,0.0,0.008586920947637328,TR
BIGTK,2014,4248736.0,60041130.0,16702261.0,1060211.0,2708848.0,39897109.0,0.0,-254895.0,0.0,8249203.0,20748999.0,7521010.0,9187178.0,12122590.0,99551893.0,0.0,64848573.0,24951464.0,0.0,,,0.0,0.3847650433263967,,inf,10.62730928421507,0.04177189835773256,0.2543808889107888,3.59479054961481,10.203164950174736,0.0,0.3199607645953906,TR
BIGTK,2015,17867464.0,56385307.0,17810442.0,928104.0,757729.0,34871683.0,0.0,-233597.0,0.0,8387826.0,15846720.0,3515551.0,4553458.0,9340815.0,97947679.0,281503.0,61069951.0,26198268.0,281503.0,0.0,64848573.0,0.00460951737131736,0.4289878667169718,1.0,1.6596412826861526,3.2437445686374398,0.012407558669893152,1.0032016049910497,3.1658566923830413,9.373253599176897,0.0,0.2594847341534628,TR
BIGTK,2016,14926162.0,49556974.0,19391085.0,815681.0,-4303417.0,26534777.0,0.0,-208485.0,0.0,8298213.0,12759653.0,-3976625.0,-4506311.0,8265356.0,89485286.0,0.0,54224075.0,27689298.0,0.0,281503.0,61069951.0,0.0,0.510645833976882,,1.4812275535251844,-20.641374679233518,-0.07936358527093362,0.7697435187355427,2.5556576127638038,7.869270317455336,0.0,0.2353134285831524,TR
BIGTK,2017,13259448.0,45091030.0,20280506.0,728037.0,-2062386.0,23130370.0,0.0,-192235.0,0.0,7808931.0,9048836.0,-1676799.0,-2173462.0,2886289.0,80437485.0,0.0,51219807.0,28089437.0,0.0,0.0,54224075.0,0.0,0.5484096611297267,,inf,-10.728462558847244,-0.040265399672435316,0.6538026220844786,2.2233680954508728,7.205367089394794,0.0,0.17666673363294788,TR
BIGTK,2022,64409101.0,145602624.0,83370589.0,6928331.0,14209322.0,47400552.0,0.0,-14434526.0,379438.0,37527005.0,52970651.0,-11198292.0,-144191.0,-284013718.0,300046798.0,1822908.0,168298146.0,120897594.0,2202346.0,0.0,51219807.0,0.013085978974480206,0.7183536888160372,0.8277119035791833,13.108318129848806,0.9843982407181227,0.08442946246122046,0.7725638234365838,1.7464507057758702,1.15329418806789,0.0,0.3147429265204145,TR
BIGTK,2023,26432891.0,221007683.0,164519713.0,10259713.0,21764875.0,37134007.0,0.0,-27980205.0,2271438.0,64743359.0,5322613.0,-9719517.0,-1364613.0,-427437569.0,532016396.0,3951548.0,266397079.0,229263072.0,6222986.0,2202346.0,168298146.0,0.023359813190744483,0.860606553422457,0.6349922689846964,6.641923428061944,0.7778668883948492,0.08170087705804012,0.16066701380642454,1.3433507691567637,0.12939763756530895,0.0,0.01997999760350225,TR
BIGTK,2024,31229984.0,224947713.0,190602870.0,19614712.0,-30942957.0,-8027013.0,0.0,9712952.0,10218247.0,126741658.0,-8498616.0,-22856934.0,-19520596.0,-572470054.0,724664442.0,8309425.0,309317516.0,317344528.0,18527672.0,6222986.0,266397079.0,0.05989855420926114,1.0259507191956112,0.44848726812521295,0.7848641438138736,-3.1857417806656514,-0.10003622620582535,0.16384844572382357,1.1801905868468823,-2.753869664390361,0.0,-0.027475379053541863,TR
BIGTK,2025,16350619.0,495168762.0,433130970.0,19756174.0,-109632224.0,1375565350.0,0.0,-40048105.0,24436268.0,131133458.0,-5888989.0,-76046973.0,-81153142.0,1468352935.0,688125327.0,91551154.0,1939829779.0,564264428.0,115987422.0,18527672.0,309317516.0,0.059792577294999864,0.29088347550313587,0.7893196729555727,0.5954440324741549,-2.7375133979497908,-0.05651641457763187,0.03774982657093304,1.143231023170659,8.107353176487827,0.0,-0.003035827712179894,TR
BIMAS,2014,325468000.0,1812332000.0,2021398000.0,136648000.0,494999000.0,1149531000.0,0.0,-8835000.0,0.0,67202000.0,288000.0,395299000.0,511926000.0,218982000.0,14463059000.0,17327000.0,3238131000.0,2088600000.0,17327000.0,,,0.0053509261978591975,0.6450017000547538,1.0,0.5098978472903561,56.02705149971703,0.15286564996907168,0.16101133967679793,0.8965735594870481,4.652082325437573,0.0,8.894019420461989e-05,TR
BIMAS,2015,348789000.0,2160683000.0,2399268000.0,168387000.0,717812000.0,1670359000.0,0.0,-6490000.0,0.0,98158000.0,1724000.0,583131000.0,748973000.0,311424000.0,17428497000.0,20260000.0,4167785000.0,2497426000.0,20260000.0,17327000.0,3238131000.0,0.004861095282026304,0.5992214089738315,1.0,0.3453321627158326,110.60277349768876,0.1722286538293122,0.14537308879208158,0.9005592539057746,4.977715719746628,0.0,0.00041364897661467663,TR
BIMAS,2016,578435000.0,2654633000.0,2967849000.0,213695000.0,797598000.0,1901177000.0,0.0,-22872000.0,0.0,120111000.0,34714000.0,670859000.0,849181000.0,468044000.0,20071717000.0,0.0,4989137000.0,3087960000.0,0.0,20260000.0,4167785000.0,0.0,0.6189367018785012,,2.257847976307996,34.872245540398744,0.15986692688535112,0.19490041440787587,0.8944636334260941,4.8647585452797255,0.0,0.006957916769974447,TR
BIMAS,2017,980378000.0,3602483000.0,3830814000.0,256547000.0,1059677000.0,2957880000.0,0.0,-10489000.0,0.0,236981000.0,12212000.0,863001000.0,1095853000.0,641326000.0,24779408000.0,0.0,7025675000.0,4067795000.0,0.0,0.0,4989137000.0,0.0,0.5789899191180918,,inf,101.02745733625703,0.15082920858138185,0.2559189770111522,0.9403962186626654,5.111461755923438,0.0,0.0017381959740523153,TR
BIMAS,2018,546919000.0,4842262000.0,5131245000.0,348708000.0,1543514000.0,3512016000.0,0.0,-12596000.0,0.0,304689000.0,12201000.0,1250464000.0,1626812000.0,702337000.0,32322987000.0,37853000.0,8947950000.0,5435934000.0,37853000.0,0.0,7025675000.0,0.004230354438726189,0.6075060768108896,1.0,0.6655218873008745,122.54001270244522,0.17249917578886784,0.1065860234699376,0.9436816990808273,5.1315923884367844,0.0,0.0013635525455551272,TR
BIMAS,2019,1158847000.0,5806245000.0,6998109000.0,1082616000.0,2122063000.0,4237290000.0,0.0,-663539000.0,3280209000.0,3616871000.0,-48103000.0,1224877000.0,1590874000.0,924368000.0,40211942000.0,1031688000.0,14852270000.0,10614980000.0,4311897000.0,37853000.0,8947950000.0,0.2903190556056414,0.7147042169311493,0.23926545555239376,0.30509293637565377,3.198098378542934,0.1428780247059877,0.1655943055473986,0.8296877056359082,4.305747313404371,0.0,-0.003238764175442542,TR
BIMAS,2020,1112693000.0,11135793000.0,11020795000.0,1370073000.0,3785556000.0,7175687000.0,0.0,-828409000.0,4715679000.0,5233810000.0,29161000.0,2606815000.0,3351658000.0,1401656000.0,55495364000.0,1377627000.0,23430292000.0,16254605000.0,6093306000.0,4311897000.0,14852270000.0,0.2600610355176111,0.6937431680322208,0.22608859623987373,0.15922976226412883,4.5696702957114175,0.1615667444520111,0.10096304304725748,1.0104346374286066,5.026474998997277,0.0,0.0012445854281286806,TR
BIMAS,2021,1497058000.0,14011093000.0,15864572000.0,1802658000.0,4123282000.0,7809072000.0,0.0,-1000480000.0,6349151000.0,6738478000.0,437999000.0,2950710000.0,3909625000.0,397129000.0,70698507000.0,1792893000.0,30412122000.0,22603050000.0,8142044000.0,6093306000.0,23430292000.0,0.26772363993541787,0.7432250206019824,0.22020183138288124,0.14056275398918888,4.12130377418839,0.13558021370557438,0.09436485270450409,0.8831686729399318,4.166628994766057,0.0,0.014402118997155147,TR
BIMAS,2022,3594938000.0,46717906000.0,47471057000.0,8121830000.0,5801538000.0,58307349000.0,0.0,12327137000.0,15588299000.0,20322548000.0,-278381000.0,16599432000.0,19293032000.0,20952338000.0,279252910000.0,4037553000.0,126100954000.0,67793605000.0,19625852000.0,8142044000.0,30412122000.0,0.15563603111202473,0.5376137360546852,0.20572625331119382,0.8878697183250759,0.47063142074270775,0.046007090477681874,0.07572904896556232,0.9841345222205606,4.964728645250579,0.0,-0.002207604234302621,TR
BIMAS,2023,5207428000.0,78627174000.0,78071363000.0,15004332000.0,5717514000.0,100692259000.0,0.0,24315122000.0,25524908000.0,35108595000.0,83621000.0,22299719000.0,31827741000.0,48507420000.0,474200415000.0,6726362000.0,213872217000.0,113179958000.0,32251270000.0,19625852000.0,126100954000.0,0.15079691253212194,0.5291942992296189,0.20856115123528468,0.9374121409433622,0.23514231185021403,0.026733318054116398,0.06670087212387979,1.0071192685594588,5.120230689295684,0.0,0.000390985800647496,TR
BIMAS,2024,3684757801.0,96914519269.0,97741409304.0,22529941570.0,6939553936.0,155158062322.0,0.0,21491195756.0,37735800265.0,55808534736.0,-49833327.0,24362918475.0,33945043238.0,81053316715.0,680072865516.0,10662931519.0,308708006362.0,153549944040.0,48398731784.0,32251270000.0,213872217000.0,0.15677834972393376,0.4973954056116797,0.22031427531175576,0.532949665979142,0.3229021788637604,0.022479345507684944,0.03769904513592075,0.9915400234057586,5.300420922488506,0.0,-0.0001614254440215716,TR
BIMAS,2025,3808085281.0,122680734559.0,119236203288.0,29311219196.0,17547081184.0,183871142949.0,0.0,11026107406.0,43666604002.0,68931182937.0,312999355.0,20616307257.0,34764695502.0,105559287646.0,793458396023.0,14353580147.0,372038529174.0,188167386225.0,58020184149.0,48398731784.0,308708006362.0,0.15595208452688064,0.5057739225095026,0.24738942761951557,0.2072208180158854,1.5914121401040886,0.04716468808474766,0.03193732420179508,1.028888300499473,5.5786758273310335,0.0,0.000841308978655843,TR
BIOEN,2018,9577366.0,36857773.0,48355269.0,11854132.0,15526958.0,81840309.0,0.0,-21590033.0,56730872.0,72727283.0,0.0,-1462615.0,-565687.0,1782683.0,49220930.0,19210548.0,202922861.0,121082552.0,75941420.0,,,0.374237873573052,0.5966925136148165,0.252965351451158,0.28429851588237354,0.7191724996437013,0.07651655374600697,0.1980625110368014,0.762228682876317,4.13084480306822,0.0,0.0,TR
BIOEN,2019,18340368.0,65483512.0,113854638.0,13825979.0,25143337.0,94454902.0,0.0,-22505418.0,112039266.0,131864424.0,0.0,2748106.0,6432954.0,464960.0,92055030.0,32201462.0,340173964.0,245719062.0,144240728.0,75941420.0,202922861.0,0.4240204814734146,0.7223335352025941,0.22324805515402002,0.20442545596385045,1.1172126196456338,0.07391317284940714,0.16108582243263556,0.575150148911808,3.2219735809748755,0.0,0.0,TR
BIOEN,2020,101809923.0,236847427.0,221477052.0,22416329.0,69255683.0,199985355.0,0.0,-63699371.0,368405893.0,393287825.0,-289610673.0,49921373.0,59418997.0,5761975.0,245301281.0,85850456.0,814750232.0,614764877.0,454256349.0,144240728.0,340173964.0,0.557540619393159,0.7545439729313265,0.18899120769361002,0.21286443475813333,1.087227109354031,0.0850023483024918,0.459686103280804,1.069399402155669,4.3095950443827284,0.0,-0.35545945447487765,TR
BIOEN,2021,170866301.0,682926209.0,473782767.0,32966943.0,50883322.0,558669910.0,0.0,-113053730.0,778336078.0,799595374.0,-656608196.0,3995099.0,23422187.0,40130076.0,427703847.0,191468630.0,1832048051.0,1273378141.0,969804708.0,454256349.0,814750232.0,0.5293554977832838,0.6950571740216873,0.19743008919276148,0.15877652077385612,0.4500808774730387,0.027774010606449972,0.36064270991097486,1.4414331980124553,4.717595349422248,0.0,-0.3584011869348071,TR
BIZIM,2022,1146195058.0,6838897712.0,7174769171.0,596909508.0,-1011542471.0,2034415930.0,38994312.0,1595427337.0,360755377.0,991544826.0,-1277148.0,736508801.0,792287174.0,-490077966.0,31937713710.0,210096378.0,10200729927.0,8166313997.0,570851755.0,,,0.05596185362079138,0.8005617299390344,0.3680401718306007,2.7948190104101545,-0.6340260364988343,-0.09916373418754859,0.15975357961798323,0.9531871407992367,2.472581219964924,0.001220948761519849,-0.00012520162862262983,TR
BIZIM,2023,1306811534.0,7357968846.0,8727933095.0,1112469810.0,-2201527595.0,2841992170.0,63717082.0,1916942021.0,927472132.0,1807448622.0,21482293.0,108024287.0,145364573.0,140108669.0,46522093733.0,494727136.0,13377373887.0,10535381717.0,1422199268.0,570851755.0,10200729927.0,0.10631378624933846,0.7875523107893531,0.3478606318618918,1.9236256361511122,-1.1484581019573779,-0.16457098482830199,0.14972749215374226,0.8430368067572819,1.7896681279195645,0.0013696090800574374,0.001605867727213357,TR
BIZIM,2024,1137941567.0,7735262064.0,11786317419.0,1664805223.0,-3514005498.0,1304299380.0,80097769.0,1235713613.0,1271773986.0,2078992876.0,-38993143.0,-2228888579.0,-1814200291.0,315568024.0,50026481453.0,705469144.0,15169609675.0,13865310295.0,1977243130.0,1422199268.0,13377373887.0,0.13034238667713116,0.9140189228369187,0.35679433312786374,0.7270095905887446,-2.843705419307378,-0.23164772023048114,0.09654767698395719,0.6562916803454197,0.10806386600117752,0.0016011073869996644,-0.0025704776744692346,TR
BIZIM,2025,242688541.0,5937236499.0,11022599489.0,1860784089.0,-2259422878.0,318652903.0,86186481.0,926138311.0,1326635513.0,1930827767.0,-14813946.0,-906285328.0,-1190691352.0,-2073265135.0,43367848066.0,811589600.0,13272080159.0,12953427256.0,2138225113.0,1977243130.0,15169609675.0,0.16110700714462134,0.9759907339932756,0.37956228044731605,0.45007676226163024,-2.4396171189164852,-0.17023879082495225,0.022017359992276865,0.5386421329129362,-0.8909734058238226,0.001987335891530422,-0.001116173638384367,TR
BJKAS,2010,3688536.0,50756035.0,173887724.0,28501550.0,-82248475.0,-201324028.0,0.0,-46277058.0,123787819.0,180985028.0,-154396026.0,-120079175.0,-120005792.0,-122252905.0,145661079.0,9497759.0,153548724.0,354872752.0,133285578.0,,,0.8680344227412792,2.31114100303432,0.07125871487761413,0.3472022907084516,-1.7773056143715964,-0.5356506577026325,0.02121217021622527,0.2918896965952582,-8.801313726998417,0.0,-1.005518131169882,TR
BJKAS,2011,1418863.0,25981184.0,345134942.0,23463635.0,-111272944.0,-352120198.0,73374.0,-51589066.0,88393766.0,133932670.0,-183192017.0,-150796170.0,-151657827.0,-242385990.0,153475240.0,66535564.0,126947414.0,479067612.0,154929330.0,133285578.0,153548724.0,1.2204213155535408,3.7737484908514953,0.42945750814258343,0.3579902674569492,-2.156909450541322,-0.8765278511305477,0.004111038400742397,0.07527833562560582,-26.128734422332993,0.0004780836309492007,-1.443054342170373,TR
BJKAS,2012,11303359.0,32080949.0,211934015.0,42375277.0,-45574323.0,-219774261.0,222111.0,-24989466.0,69311416.0,108538624.0,-135705629.0,-68296914.0,-66266254.0,-393280718.0,147426786.0,56981044.0,100698378.0,320472639.0,126292460.0,154929330.0,126947414.0,1.2541657820943253,3.182500506611934,0.45118326145519694,0.17772069511398814,-1.8237413716643645,-0.4525824934340055,0.053334331442737026,0.15137234577469785,-24.959994215964706,0.0015065851059114861,-1.3476446363416101,TR
BJKAS,2013,4090022.0,25108832.0,317904163.0,27038700.0,-112426369.0,-364056139.0,53849.0,-38112059.0,76448123.0,150798628.0,-169069111.0,-143902328.0,-143175728.0,-461762738.0,142106681.0,89068086.0,104646652.0,468702791.0,165516209.0,126292460.0,100698378.0,1.5816675052346634,4.478908613340062,0.5381230426803697,0.2612126578048989,-2.949889666155271,-1.074342722402624,0.012865581757103318,0.07898239445200345,-37.524697178182315,0.00037893362663223414,-1.6156189210907579,TR
BJKAS,2018,1614327.0,765496198.0,1608892069.0,52800312.0,-112869046.0,-815171292.0,0.0,-372942704.0,202043245.0,357599722.0,-498822712.0,-305711408.0,-297532882.0,-750365592.0,621350216.0,1000249656.0,1151320499.0,1966491791.0,1202292901.0,165516209.0,104646652.0,1.0442729909215314,1.708031597377126,0.8319517275433035,0.545313964168582,-0.30264446733887573,-0.09803442751000649,0.0010033780581710358,0.47579089533071717,-4.774237701750667,0.0,-0.4332613832840303,TR
BJKAS,2019,68280.0,1042320212.0,1180294098.0,77277706.0,-270789379.0,-1292825900.0,0.0,-335510437.0,1379894861.0,1522097405.0,-579159746.0,-477704296.0,-474560052.0,-1057728119.0,497829215.0,322700734.0,1409565603.0,2702391503.0,1702595595.0,1202292901.0,1151320499.0,1.2078867357264818,1.917180369078572,0.18953457588382872,0.23099711914036924,-0.8070967372022468,-0.1921083902896572,5.7849988503458566e-05,0.8831021130802943,-1.6316890498574514,0.0,-0.41087817748061206,TR
BJKAS,2020,268386.0,1856673667.0,826213364.0,69128780.0,-137674068.0,-1692409283.0,0.0,-442685855.0,2898148460.0,3041819876.0,-241060782.0,-399174748.0,-389131551.0,-1536713098.0,534462210.0,1505229.0,2175623957.0,3868033240.0,2899653689.0,1702595595.0,1409565603.0,1.332791762873569,1.7778960502593877,0.0005191064732006347,0.1923780428578801,-0.31099721494376636,-0.06328026842921917,0.00032483860912227994,2.2472084668434387,3.169771252234956,0.0,-0.11080075728362647,TR
BJKAS,2021,134565090.0,2007935110.0,1204268178.0,99843780.0,-331713235.0,-2413051795.0,0.0,-677969106.0,3350013273.0,3581840365.0,-205070621.0,-716879634.0,-697201498.0,-1937790573.0,987914619.0,167848706.0,2373056748.0,4786108543.0,3517861979.0,2899653689.0,2175623957.0,1.4824179750293944,2.0168538097682274,0.04771327215279585,0.21128709023044337,-0.48927485347687805,-0.1397831026500172,0.1117401360081442,1.6673488070860576,1.3408501672443989,0.0,-0.08641623137450567,TR
BLCYT,2010,117541.0,9405383.0,2911086.0,1744375.0,4111690.0,38844310.0,0.0,-778085.0,0.0,1895546.0,-159606.0,3229700.0,4060596.0,2539833.0,14239182.0,53388.0,43650942.0,4806632.0,53388.0,,,0.0012230663888078291,0.11011519522304926,1.0,14.5741552408781,5.284371244786881,0.09419475987482699,0.040377027679704414,3.230884625187988,13.534124080983919,0.0,-0.0036564159371406005,TR
BLCYT,2011,17191937.0,38205660.0,4091719.0,2246822.0,4048736.0,70658342.0,315686.0,-1163961.0,0.0,2019863.0,7013945.0,5075689.0,6008714.0,5563494.0,23925803.0,1140000.0,76769924.0,6111582.0,1140000.0,53388.0,43650942.0,0.01484956530633012,0.0796090666964839,1.0,1.9506832647889873,3.4784120773805993,0.05273856985972788,4.201641657210576,9.337312752904097,18.8951475908481,0.013194374291220235,0.09136318801097158,TR
BLCYT,2012,14101532.0,38319750.0,3820438.0,1304891.0,1884129.0,73818786.0,371756.0,-885225.0,677549.0,2874460.0,2042447.0,2144209.0,2839493.0,11230249.0,31348258.0,851568.0,80513684.0,6694898.0,1529117.0,1140000.0,76769924.0,0.01899201382959945,0.08315229992456935,0.5569017936495376,0.6633092517113337,2.1284181987630264,0.023401351253533497,3.6910773057958277,10.030198108175032,18.250296525855592,0.011858904568158142,0.02536770022844812,TR
BLCYT,2013,27463991.0,73013950.0,26768034.0,3237080.0,12298241.0,97670102.0,17073848.0,-9227794.0,28020878.0,30408835.0,-26159846.0,7916188.0,8237320.0,23072725.0,66748902.0,19759588.0,154846971.0,57176869.0,47780466.0,1529117.0,80513684.0,0.3085657129192408,0.3692475779845897,0.4135495036821114,0.37427994473204124,1.3327390056605077,0.0794219022857089,1.0259995560376232,2.7276545599127675,8.022267588867381,0.2557921926565923,-0.16893999172899546,TR
BLCYT,2014,2082243.0,57720107.0,29034424.0,3878307.0,17696499.0,103208498.0,21924051.0,-12034857.0,19515943.0,21675823.0,-22123246.0,15310371.0,15693336.0,4694830.0,79135408.0,19789743.0,153918745.0,50710247.0,39305686.0,47780466.0,154846971.0,0.2553664662481493,0.32946115172651647,0.5034829566388944,0.2763896836319051,1.4704369981296828,0.1149729943549111,0.07171635297466207,1.9879887060959087,7.481657895058714,0.2770447711598328,-0.14373327953005335,TR
BLCYT,2015,8097704.0,65315876.0,35071974.0,4108891.0,22274952.0,119537862.0,16425763.0,-15825125.0,34022897.0,38316601.0,-44371086.0,21683410.0,22393722.0,7604526.0,86684085.0,26599740.0,192926437.0,73388575.0,60622637.0,39305686.0,153918745.0,0.3142266966761015,0.3803966741997106,0.4387757002388398,0.31672952221964135,1.4075687869764062,0.1154582666138182,0.23088817298963554,1.862338173494312,6.893025763807785,0.1894899507793155,-0.2299896618108383,TR
BLCYT,2016,1303915.0,70468831.0,35956002.0,4463514.0,20489062.0,131358338.0,13869341.0,-20386070.0,52088343.0,57001727.0,-59712097.0,15207481.0,4308551.0,19289386.0,81757104.0,22654443.0,224316067.0,92957729.0,74742786.0,60622637.0,192926437.0,0.3332029978931469,0.41440513041805427,0.30309872313295894,0.30120055104470805,1.005052077227244,0.09134014461835228,0.036264181985527756,1.9598628067714536,6.637200790135992,0.16964080577022395,-0.2661962551260316,TR
BLCYT,2017,1201446.0,104513027.0,53641854.0,6306381.0,41972526.0,149839240.0,12473358.0,-27133625.0,42978435.0,49208114.0,-53262405.0,24616746.0,30460039.0,19390106.0,149469772.0,36996059.0,252689208.0,102849968.0,79974494.0,74742786.0,224316067.0,0.3164935084999752,0.40702160893234507,0.46259822537920653,0.3507510602564885,1.5468823645937466,0.166103358082471,0.02239754800421328,1.9483485227785005,7.466739807313785,0.08345070600629537,-0.21078227052735865,TR
BLCYT,2018,2741113.0,131705305.0,62951339.0,6628165.0,71221483.0,187270292.0,9524814.0,-57373003.0,37717413.0,45078639.0,-59704332.0,41379410.0,41905059.0,29403717.0,192827603.0,42143896.0,295300270.0,108029978.0,79861309.0,79974494.0,252689208.0,0.27044102939695924,0.3658309489524002,0.5277135640238504,0.7178992681633414,1.2413762445030112,0.24118326407219337,0.04354336291401204,2.09217638722506,8.54288240165973,0.049395490333404186,-0.20218177247179625,TR
BLCYT,2019,13799275.0,135545052.0,38421056.0,7620525.0,76994779.0,258634679.0,13308119.0,-18864574.0,5516826.0,7661754.0,6529092.0,76276842.0,90159091.0,48936200.0,215979905.0,11708557.0,304717489.0,46082810.0,17225383.0,79861309.0,295300270.0,0.056529026464903695,0.151231260638276,0.6797269471453842,0.388612972826389,4.081448062384022,0.2526759433883363,0.3591591808408389,3.5278846057745,13.455430769789341,0.06161739445158104,0.02142670583636898,TR
BLCYT,2020,48081505.0,160378040.0,38632014.0,7711678.0,36929679.0,294812276.0,11729403.0,-9310762.0,308698.0,2846902.0,41353971.0,41304919.0,44422831.0,73986698.0,123651857.0,21129079.0,336291192.0,41478916.0,21437777.0,17225383.0,304717489.0,0.06374766128278495,0.12334226107236256,0.9856002793573233,0.4816348172265278,3.966343356215098,0.10981458889949161,1.2446025982492137,4.1514283982191555,14.542964920349299,0.0948582842552862,0.12297072294417988,TR
BLCYT,2021,135522384.0,304908345.0,36855892.0,8209753.0,132957262.0,778955188.0,20755146.0,-6493128.0,216215.0,72645146.0,144899498.0,182760058.0,200450806.0,73804717.0,321551103.0,211205.0,888456226.0,109501038.0,427420.0,21437777.0,336291192.0,0.00048108166445557667,0.1232486585107233,0.4941392541294277,0.5939235763574414,20.476611888753773,0.14964976113522108,3.6770886999560344,8.27298780341553,13.97500998015526,0.06454695942996035,0.16309131925651,TR
BLUME,2010,201592.0,9425642.0,9508129.0,752467.0,-455355.0,441526.0,0.0,-2610965.0,13914000.0,13927139.0,-19454508.0,-2392483.0,-2500895.0,-8853815.0,2844302.0,2338325.0,23876794.0,23435268.0,16252325.0,,,0.680674507641185,0.9815081539003938,0.14387633769322236,0.16065178366787522,-0.17440103563241943,-0.019071027710001603,0.021202068251282666,0.9913245813135265,1.9101132236237783,0.0,-0.8147872783925681,TR
BLUME,2011,1117894.0,21230503.0,12164124.0,22300.0,-1207820.0,-786971.0,0.0,-5678043.0,12750075.0,12768842.0,-20808409.0,-6560854.0,-6467135.0,-12270885.0,1062422.0,6156520.0,24145995.0,24932966.0,18906595.0,16252325.0,23876794.0,0.7830116340204659,1.0325921959314577,0.32562817366109553,0.3229930270895693,-0.21271765641788906,-0.0500215460162234,0.09190090466029449,1.745337600964936,3.68715625323512,0.0,-0.8617747580913522,TR
BLUME,2012,380482.0,16832444.0,4703200.0,10280.0,2357746.0,3866261.0,0.0,-1408995.0,8021700.0,13083730.0,-16868039.0,4648879.0,2704996.0,-18842949.0,6426425.0,0.0,21653191.0,17786930.0,8021700.0,18906595.0,24145995.0,0.3704627184048762,0.8214461323506544,0.0,0.10464791773857202,1.6733529927359572,0.1088867686984334,0.08089853716618473,3.578934342575268,5.047696446474894,0.0,-0.779009384806147,TR
BLUME,2013,327823.0,16021875.0,5669290.0,7734.0,-1384743.0,-1080335.0,0.0,-4578825.0,4802175.0,17581086.0,-21337831.0,-4951909.0,-5857532.0,-14194070.0,470298.0,5318863.0,22170041.0,23250376.0,10121038.0,8021700.0,21653191.0,0.4565186866366192,1.0487294994177052,0.5255254451173882,0.5047556768994845,-0.30242321993087745,-0.06246010099846004,0.05782434837519337,2.8260813964358853,3.7575846567182607,0.0,-0.9624624059107514,TR
BLUME,2018,408639.0,11671167.0,7217098.0,2299953.0,853822.0,4535779.0,0.0,-9839531.0,23620950.0,23720698.0,-27020488.0,-9049076.0,-8947954.0,-4484944.0,11353320.0,4003810.0,35473575.0,30937796.0,27624760.0,10121038.0,22170041.0,0.7787419226847027,0.8721364001231903,0.14493555781118098,0.5213576886094712,0.08677466436154326,0.02406924027251271,0.05662095762036209,1.6171551224605791,3.977196662360764,0.0,-0.7617074963546809,TR
BLUME,2019,5733538.0,13482649.0,6631542.0,2384770.0,6301867.0,4532732.0,0.0,-5280044.0,24348639.0,24376260.0,-27953837.0,2859.0,581521.0,-13534023.0,17001521.0,5054701.0,35540534.0,31007802.0,29403340.0,27624760.0,35473575.0,0.8273184640388352,0.8724630305217136,0.17190907563562507,0.18517341450968908,1.193525470621078,0.1773149216047232,0.8645859439629576,2.0331091924020086,4.6181839459034215,0.0,-0.7865339614762119,TR
BLUME,2020,14073210.0,20300695.0,7053900.0,2503716.0,6837253.0,12038540.0,0.0,-8459687.0,26383869.0,27724473.0,-30759119.0,57581.0,1501786.0,-13531164.0,14229154.0,5630508.0,46816913.0,34778373.0,32014377.0,29403340.0,35540534.0,0.6838207593909492,0.7428591671561088,0.1758743579486179,0.27548034714478237,0.8082158358813984,0.14604237148228888,1.9950963296899586,2.87793915422674,5.508792407359652,0.0,-0.6570086968356927,TR
BLUME,2021,17197393.0,56293916.0,21165320.0,3571179.0,768174.0,30408666.0,0.0,-25174956.0,39969749.0,41252771.0,-43175222.0,-17859559.0,-17694465.0,-13473583.0,10696111.0,10228232.0,92826757.0,62418091.0,50197981.0,32014377.0,46816913.0,0.5407705991495534,0.6724148620208719,0.20375783639585027,0.6124372688592632,0.030513419765261954,0.008275351039140578,0.8125269544708041,2.659724303719481,5.826477647481848,0.0,-0.46511613025541765,TR
BLUME,2022,6798855.0,252886907.0,115383516.0,23123810.0,47867716.0,172073364.0,0.0,-8882841.0,74025310.0,119483421.0,-56716861.0,22594019.0,57959781.0,-219741028.0,125170094.0,23682606.0,406940301.0,234866937.0,97707916.0,50197981.0,92826757.0,0.24010380824876817,0.577153298463796,0.24238165104248052,0.12011476459251655,5.3887845116219015,0.11762834961878106,0.05892397142759976,2.191707409921535,5.265986481088673,0.0,-0.13937391027781246,TR
BLUME,2023,299870.0,331470636.0,147494818.0,34017549.0,64016741.0,274681188.0,0.0,-60051254.0,79314074.0,98785474.0,-102258100.0,24840475.0,13650636.0,-282795147.0,325704027.0,61934911.0,520961480.0,246280292.0,141248985.0,97707916.0,406940301.0,0.2711313416108999,0.4727418464797052,0.43848039686798457,0.5026115901963426,1.0660350406670942,0.12288190865858259,0.0020330883760268786,2.247337503070786,5.793858050772577,0.0,-0.1962872571691865,TR
BLUME,2024,1320499.0,324616325.0,29745635.0,44617683.0,18314096.0,452764253.0,0.0,3496804.0,32558823.0,58820823.0,-31352960.0,22449968.0,31518754.0,0.0,279112926.0,20259714.0,541330710.0,88566458.0,52818537.0,141248985.0,520961480.0,0.0975716618774501,0.16360878177408408,0.38357204024791525,0.03603698304551959,5.237381334498588,0.03383162207811931,0.04439303447379758,10.913074304851788,12.418424083729722,0.0,-0.057918310232205374,TR
BLUME,2025,11895679.0,490780124.0,76101824.0,58066726.0,24225398.0,662532779.0,0.0,-84728559.0,14662747.0,59149667.0,29719644.0,2653339.0,19859581.0,26436739.0,267979720.0,32374162.0,797784270.0,135251491.0,47036909.0,52818537.0,541330710.0,0.058959433983324844,0.1695339154781781,0.6882714593342008,1.697024296501565,0.28591773878746124,0.03036585065784764,0.15631266604069832,6.448992917699318,12.11534451320998,0.0,0.03725273249621731,TR
BMSCH,2018,15907668.0,45824070.0,26533868.0,571672.0,8961060.0,35996272.0,79335660.0,-12509719.0,8619636.0,10236052.0,3279641.0,5414774.0,7023037.0,-2309096.0,258857860.0,20169018.0,72766192.0,36769920.0,28788654.0,,,0.3956322738449746,0.5053159852036782,0.7005891279251889,0.43453643230419875,0.7163278407772389,0.12314867321901357,0.5995231452873738,1.7270030136578656,6.741062549870218,0.3064834886605336,0.04507094448476842,TR
BMSCH,2019,15563928.0,41472801.0,26480106.0,681253.0,6222214.0,46911214.0,81388118.0,-6842556.0,3232515.0,6046546.0,-6446564.0,1839071.0,2494060.0,2885342.0,283172932.0,12372612.0,79437866.0,32526652.0,15605127.0,28788654.0,72766192.0,0.19644443872648845,0.4094602944142533,0.7928555788107332,0.3082664213710474,0.9093406031313445,0.07832806082681022,0.5877592786071174,1.5661871217585006,6.647226209725328,0.2874148931720635,-0.08115228070200174,TR
BMSCH,2020,17258658.0,70950765.0,39898768.0,915573.0,16602554.0,60732702.0,109224492.0,-5242860.0,11220846.0,14815741.0,2372209.0,9958486.0,12975032.0,4603511.0,291475175.0,23734663.0,115447211.0,54714509.0,34955509.0,15605127.0,79437866.0,0.3027834860384804,0.4739353036428052,0.6789963493308022,0.2073890051541282,3.166697947303571,0.14381078465377564,0.4325611758237748,1.7782695696268116,7.276347077880223,0.3747299988755475,0.020547997473927715,TR
BMSCH,2021,38655442.0,169347244.0,47368065.0,1464270.0,32990518.0,179500026.0,118568606.0,-22529629.0,3524838.0,8537092.0,-216985.0,24187748.0,31158718.0,14075660.0,447792698.0,13055026.0,235405183.0,55905157.0,16579864.0,34955509.0,115447211.0,0.0704311765302126,0.23748481782578254,0.7874024780902907,0.8743365066941496,1.464316966781832,0.1401435498554847,0.8160654652031912,3.575135357545215,11.157201184504308,0.2647845901229948,-0.0009217511578748885,TR
BMSCH,2022,186262435.0,437184920.0,265620412.0,5971511.0,57242910.0,548718467.0,670851209.0,-95135575.0,8414973.0,36261257.0,43539359.0,-31544209.0,-27245350.0,44112030.0,1933600592.0,184854499.0,850600136.0,301881669.0,193269472.0,16579864.0,235405183.0,0.22721542569798037,0.35490432721962323,0.956459895539012,0.9067036075825372,0.601698260613866,0.06729708540747283,0.7012353967736485,1.6459010687778015,7.102983593666635,0.34694404406760754,0.05118663536164777,TR
BMSCH,2023,166950715.0,480365545.0,368682152.0,15860415.0,135605323.0,1091283995.0,521714604.0,-101361268.0,6622272.0,144405539.0,83027058.0,36935995.0,57530410.0,-29489675.0,3254713847.0,286852389.0,1604371686.0,513087691.0,293474661.0,193269472.0,850600136.0,0.1829218650272291,0.3198059997426307,0.9774349445453486,0.4164868608698772,1.3378416201344285,0.0845223860426567,0.4528310201465896,1.3029259550378234,6.4479636056124985,0.1602950761649554,0.05175051312891345,TR
BMSCH,2024,148583006.0,482737350.0,613261403.0,43093219.0,-209877752.0,1260300934.0,401146159.0,-89374603.0,39203738.0,250696962.0,-231977148.0,-257881739.0,-245438897.0,31738463.0,3070336080.0,529344361.0,2124259299.0,863958365.0,568548099.0,293474661.0,1604371686.0,0.26764533843285765,0.40671040743788217,0.9310458726905355,0.2073601931345757,-2.348292970878987,-0.09880043933374821,0.24228331552116283,0.7871640831112275,3.7633821623355903,0.1306521985046015,-0.1092037813411968,TR
BMSCH,2025,87387858.0,436204224.0,549218156.0,64379176.0,-13937396.0,1343919989.0,504935813.0,-113996576.0,162031610.0,424144163.0,-172177625.0,-90474466.0,-68130188.0,-267129216.0,2965228500.0,447229932.0,2317282307.0,973362319.0,609261542.0,568548099.0,2124259299.0,0.262920724056605,0.4200447723005896,0.7340524572286232,0.19357385443578654,-0.12226153178495466,-0.006014543829164963,0.1591131994551178,0.7942276110770089,3.9635815560318304,0.17028563329942364,-0.07430153179001509,TR
BMSTL,2019,1073715.0,139377936.0,142864025.0,6287031.0,7724985.0,31581085.0,199678404.0,-54238234.0,87145531.0,88771738.0,-154484402.0,-11791163.0,-15053328.0,13624256.0,253064438.0,120440110.0,263216848.0,231635763.0,207585641.0,,,0.7886487608118459,0.8800187554863509,0.5801948025875258,0.2612812415093778,0.14242692710090818,0.029348368308095535,0.0075156429339016595,0.9755985525397314,3.672235142180651,0.7890417380572453,-0.5869092467819537,TR
BMSTL,2020,7384272.0,152290807.0,186492763.0,7989493.0,32113620.0,42157874.0,204181186.0,-61347004.0,74605833.0,76506582.0,-167866983.0,2939704.0,3677386.0,1833093.0,280636883.0,144887691.0,305157219.0,262999345.0,219493524.0,207585641.0,263216848.0,0.7192801294994106,0.8618486754527672,0.6601000720185257,0.2872863348414573,0.5234749524198443,0.10523631099154826,0.03959548821741678,0.816604379441791,3.409838897558548,0.7275636182147875,-0.5500999896056858,TR
BMSTL,2021,36470877.0,318659387.0,321502600.0,10967409.0,93017966.0,189986830.0,422895092.0,-116532126.0,85046541.0,92944803.0,-144237568.0,51009999.0,61648671.0,-16227172.0,555273247.0,186300785.0,604434233.0,414447403.0,271347326.0,219493524.0,305157219.0,0.4489277926123023,0.6856782431778645,0.6865768229461012,0.4748265186159628,0.7982173602496534,0.1538926171311015,0.11343882444496561,0.9911564852041632,4.6471103105398575,0.761598175825676,-0.23863236085107709,TR
BMSTL,2022,131614623.0,551920901.0,367057433.0,20683185.0,133148455.0,601488317.0,880408663.0,-40056910.0,61694535.0,80193250.0,-139776487.0,123282572.0,119636931.0,34714864.0,1112868185.0,266363342.0,1048739000.0,447250683.0,328057877.0,271347326.0,604434233.0,0.3128117453436937,0.4264651958208858,0.8119400894617141,0.13365552984697732,3.323982179354324,0.1269605259268512,0.358566837686134,1.5036363560031762,6.779531053916439,0.7911167511721076,-0.13328052737621085,TR
BMSTL,2023,81926776.0,641878903.0,475496301.0,36151980.0,102451728.0,942754588.0,1098048468.0,-85373306.0,166779650.0,220946145.0,-105017710.0,16892030.0,29844576.0,130808466.0,1380215793.0,258959102.0,1639197034.0,696442446.0,425738752.0,328057877.0,1048739000.0,0.25972396433704137,0.42486804914509135,0.6082582353226798,0.22651548896751567,1.2000440512400914,0.06250116726358108,0.17229739921783324,1.349913556951098,6.017368866999214,0.7955628920991488,-0.06406655687006325,TR
BMSTL,2024,119662730.0,1021096596.0,938178309.0,68399212.0,108552888.0,1496533915.0,1854589157.0,-120530361.0,187399467.0,290578838.0,-357797164.0,-14587971.0,13643965.0,92606972.0,2342985374.0,730523985.0,2725291061.0,1228757147.0,917923452.0,425738752.0,1639197034.0,0.3368166670840594,0.4508718956973088,0.7958441233942893,0.17940574742846604,0.9006269217097923,0.03983166772659076,0.1275479606084135,1.0883822256436329,5.106857780117747,0.7915496091355455,-0.13128768854094883,TR
BMSTL,2025,413582859.0,1222977716.0,915120629.0,123127758.0,101861888.0,1709579126.0,2047732878.0,-199870203.0,194591966.0,321300304.0,-380293660.0,-82727884.0,-75036881.0,181340385.0,2927999530.0,719580962.0,2946000058.0,1236420933.0,914172928.0,917923452.0,2725291061.0,0.3103098811955285,0.4196948094561103,0.7871387786272315,0.21818743291223577,0.509640188837953,0.03457633604703751,0.45194354262557007,1.3364114819883488,5.820359672987415,0.6993624339823579,-0.12908813730919486,TR
BNTAS,2012,1576115.0,11991322.0,1894079.0,984101.0,2218387.0,12411506.0,19766534.0,-238600.0,1981155.0,2411507.0,143807.0,1758395.0,1979787.0,507485.0,20387775.0,848982.0,16717091.0,4305586.0,2830137.0,,,0.16929602165831364,0.25755593482143513,0.29997911761868773,0.08430687277683024,9.297514668901927,0.13270173620518066,0.8321273822264014,6.330951348914168,11.22979200041965,0.9695287494589282,0.008602393801648863,TR
BNTAS,2013,3844395.0,17260494.0,2635330.0,987442.0,3672148.0,26603170.0,23014454.0,-689272.0,5345700.0,6410928.0,1413254.0,2400879.0,2982876.0,-165420.0,23671363.0,1059394.0,35649428.0,9046258.0,6405094.0,2830137.0,16717091.0,0.17966891362183987,0.2537560490451628,0.16539866549967885,0.1492701157123195,5.327574600448009,0.10300720673554706,1.4587907396796607,6.549651846258343,9.70615126891403,0.9722487885467347,0.03964310451208362,TR
BNTAS,2014,1490015.0,16725157.0,3871115.0,1100835.0,2529018.0,35006968.0,574690.0,-185803.0,4391907.0,5570066.0,2464344.0,2336777.0,2343215.0,-28095.0,29884646.0,1104473.0,44448149.0,9441181.0,5496380.0,6405094.0,35649428.0,0.12365824277631898,0.21240886768985587,0.2009455314224999,0.03122352743870213,13.611287223564743,0.0568981623959189,0.3849058992047511,4.320501199266878,9.42068996857449,0.019230276309781285,0.055443118677450436,TR
BNTAS,2015,18603974.0,39585725.0,10869878.0,937173.0,4500465.0,54944019.0,456099.0,-471119.0,17334318.0,18965766.0,1384059.0,3705042.0,4029346.0,-178615.0,36987101.0,1324279.0,84779663.0,29835644.0,18658597.0,5496380.0,44448149.0,0.22008340608761326,0.3519198230358618,0.07097420025739341,0.03900802720698099,9.552713857857569,0.0530842520570057,1.7115163574052994,3.641781904083928,7.755439557163527,0.012331298957439243,0.016325365671717756,TR
BNTAS,2016,9424414.0,37850935.0,10456662.0,1371932.0,4387690.0,60551207.0,733886.0,-105651.0,14118911.0,16064360.0,-1077476.0,4220836.0,4282039.0,36308.0,41647511.0,3911282.0,87072229.0,26521022.0,18030193.0,18658597.0,84779663.0,0.20707168298172313,0.3045864600526076,0.21692956919540463,0.005759306861850718,41.530037576549205,0.05039138253828324,0.901283220209279,3.6197913827567536,8.051164191965741,0.017621365175940526,-0.01237450806502266,TR
BNTAS,2017,7557496.0,36846577.0,15906721.0,2791084.0,1471969.0,61384888.0,659109.0,-107228.0,15237270.0,17538181.0,-188120.0,1284529.0,1364741.0,4092659.0,54671468.0,4087826.0,94829790.0,33444902.0,19325096.0,18030193.0,87072229.0,0.20378718544035582,0.352683497453701,0.21152940197554518,0.005740980882252042,13.727468571641735,0.01552222144539179,0.4751133813185005,2.3164156207932485,6.870725341265128,0.012055813097976443,-0.0019837648063968085,TR
BNTAS,2018,11866279.0,41267566.0,9017144.0,3255537.0,8300247.0,99914624.0,752547.0,-46411.0,11363963.0,15168585.0,3335508.0,7827117.0,8253836.0,721311.0,88009143.0,4793199.0,124100353.0,24185729.0,16157162.0,19325096.0,94829790.0,0.13019432748914098,0.1948884786814426,0.29666094825316475,0.002616011641649187,178.84223567688696,0.06688334722142168,1.3159686703461762,4.576567258990208,9.760872576856478,0.008550782047724291,0.026877506142146106,TR
BNTAS,2019,51583841.0,77050227.0,10622421.0,3715165.0,15333531.0,139315946.0,9466551.0,-100932.0,6728278.0,10701793.0,29157342.0,14675182.0,15232599.0,364799.0,110262772.0,4881441.0,160640160.0,21324214.0,11609719.0,16157162.0,124100353.0,0.07227158513786341,0.1327452238593388,0.4204615977354835,0.007269955887375323,151.91942099631436,0.09545266264675036,4.85612846638257,7.25354671971672,13.471420744943748,0.08585446228397015,0.18150717728368795,TR
BNTAS,2020,102980843.0,136623161.0,29635514.0,4119785.0,26945715.0,220005528.0,22081154.0,-883725.0,5797793.0,11909607.0,52815376.0,25319958.0,26061990.0,824821.0,162399924.0,15527215.0,261550649.0,41545121.0,21325008.0,11609719.0,160640160.0,0.08153299592844826,0.15884159018087546,0.7281223528732088,0.0536652391258625,30.491063396418568,0.10302293304575207,3.474913342147533,4.610116126212625,12.196331069359914,0.1359677606745678,0.20193173368879694,TR
BNTAS,2021,87478526.0,181907838.0,27042807.0,4824875.0,66367600.0,287695911.0,37292121.0,-564551.0,1596014.0,8586538.0,52427292.0,64598188.0,65803049.0,666926.0,254536139.0,4403876.0,323325256.0,35629345.0,5999890.0,21325008.0,261550649.0,0.01855682440099885,0.11019660338566313,0.7339927898678142,0.041321361931524865,117.55820111911945,0.20526574639130574,3.2348167851066645,6.726662583510654,16.256617028803603,0.14651012287100026,0.16215031466641752,TR
BNTAS,2022,196935831.0,561791715.0,167871783.0,6615964.0,199095254.0,687675485.0,161024066.0,-74815503.0,6144426.0,17080806.0,12718983.0,163290087.0,124279751.0,-118959794.0,989161744.0,110071150.0,872628074.0,184952589.0,116215576.0,5999890.0,323325256.0,0.13317881863149866,0.2119489327821007,0.9471290664170524,1.2243213637134926,2.661149708503597,0.22815591193092877,1.1731324197587154,3.346552380396174,11.204117764875011,0.16278840844455464,0.014575491413768106,TR
BNTAS,2023,351895355.0,801103319.0,194983601.0,39754589.0,344042386.0,1011456138.0,185956668.0,-66794514.0,7100954.0,22801368.0,69185566.0,246009605.0,277247872.0,-172357676.0,1393808436.0,114817730.0,1229241107.0,217784969.0,121918684.0,116215576.0,872628074.0,0.0991820752704457,0.17717026200946923,0.9417566383836623,0.5609819771418023,5.150758129627232,0.27988194019938517,1.8047433383897757,4.1085676687241,12.784843424821819,0.13341623080834905,0.05628315357013195,TR
BNTAS,2024,183457930.0,731674688.0,87494755.0,55394762.0,357807290.0,1353827658.0,169202549.0,-94757429.0,1963034.0,26516431.0,231681425.0,285136679.0,290212751.0,-155774152.0,1461853031.0,10497048.0,1467838844.0,114011186.0,12460082.0,121918684.0,1229241107.0,0.008488726164273657,0.07767282250775481,0.8424541668345361,1.4103036040679224,3.776034172476334,0.24376469628296607,2.09678774459109,8.36249770629108,19.88931392781163,0.11574525305341724,0.15783846159067855,TR
BNTAS,2025,294180540.0,1187455346.0,175972784.0,77151487.0,302355964.0,1816260995.0,178110985.0,-9475848.0,788325.0,36064570.0,82955321.0,283081570.0,292880117.0,-83716865.0,1575475336.0,46360421.0,2028298349.0,212037354.0,47148746.0,12460082.0,1467838844.0,0.023245468805536164,0.10453952896256093,0.9832800431214014,0.3179343838130822,31.90806395374852,0.14906878179389574,1.6717388525261951,6.747948853272674,16.382610653303104,0.1130522204506285,0.04089897378307238,TR
BOBET,2018,5230468.0,388387504.0,629855003.0,59314038.0,44519189.0,19245724.0,122114901.0,-114311898.0,72963006.0,84123621.0,-26540818.0,-34558363.0,-42281930.0,-48191262.0,648876886.0,384385727.0,733224348.0,713978624.0,457348733.0,,,0.6237500626479469,0.9737519300163775,0.8404652713884309,0.249944713414129,0.38945367699169864,0.060717008541020245,0.008304241412844663,0.6166300214336791,1.31170017121523,0.18819425323157526,-0.03619740407202081,TR
BOBET,2019,599219.0,277955257.0,559559438.0,81175029.0,93321159.0,209888537.0,175540354.0,-103691136.0,60127606.0,90208931.0,-15887567.0,12783714.0,16437507.0,-82749625.0,778325448.0,320153981.0,859656906.0,649768369.0,380281587.0,457348733.0,733224348.0,0.44236437158337677,0.7558461573040629,0.8418866228198422,0.24758209803102638,0.8999916733480477,0.10855628373210556,0.00107087640616295,0.4967394670233406,1.8559580076558986,0.22553593031176336,-0.01848128816172158,TR
BOBET,2020,36793656.0,321316583.0,507473329.0,95394927.0,73928049.0,370980523.0,100799994.0,-69371052.0,136359565.0,175527886.0,-4743089.0,29620509.0,38482821.0,-69965911.0,732810563.0,211678257.0,1053981738.0,683001215.0,348037822.0,380281587.0,859656906.0,0.33021238362291244,0.6480199707217318,0.6082047513790039,0.19049623322615586,1.0656901815471964,0.07014167924795676,0.07250362511169528,0.6331693995291721,2.9166229596267654,0.13755259420298505,-0.004500162411732413,TR
BOBET,2021,216902498.0,510392042.0,401629376.0,87590389.0,41257311.0,944724077.0,0.0,-69367770.0,50290474.0,139825714.0,-265903.0,37624029.0,34267559.0,-17101788.0,913645341.0,122327598.0,1486179167.0,541455090.0,172618072.0,348037822.0,1053981738.0,0.11614889767863365,0.3643269277505624,0.708660435044136,0.2664630163583628,0.5947619622196303,0.02776065760851834,0.5400563578297619,1.2708035629345997,5.711143755885133,0.0,-0.00017891718973342332,TR
BOBET,2022,370007292.0,1831607979.0,1140865446.0,534781959.0,882048710.0,3377211964.0,0.0,-301074388.0,78256768.0,483499130.0,10412499.0,390272270.0,692136000.0,429126267.0,6293673456.0,119265280.0,5001576540.0,1624364576.0,197522048.0,172618072.0,1486179167.0,0.03949195746987409,0.3247705124592575,0.6038074291331771,1.6268130458270775,2.929670357745608,0.1763541361300451,0.32432158699983976,1.6054548636053616,7.803822611752951,0.0,0.0020818433781281294,TR
BOBET,2023,1976079167.0,3723561520.0,2610786870.0,797632735.0,2849164379.0,6571033638.0,0.0,-1407725028.0,478764444.0,560051803.0,-36382858.0,2027357386.0,2092475413.0,237213763.0,12851984247.0,816475281.0,9741872311.0,3170838673.0,1295239725.0,197522048.0,5001576540.0,0.13295593327963093,0.32548555059787215,0.6303661517175904,1.886067895711046,2.023949508838313,0.29246578974176,0.7568902654240788,1.4262219420461542,8.220022738645397,0.0,-0.0037346884498699936,TR
BOBET,2024,12219052.0,3308249935.0,2696166542.0,1528349194.0,1116763189.0,7979747955.0,0.0,-1660177771.0,130411662.0,561025203.0,-97061291.0,210829046.0,568183297.0,2031653136.0,13250483845.0,514278555.0,11236939701.0,3257191745.0,644690217.0,1295239725.0,9741872311.0,0.057372401575014914,0.2898646634821877,0.7977142221781225,1.711585284660759,0.6726768714216208,0.09938321453310076,0.004532009358344749,1.2270198756141972,7.436974983399319,0.0,-0.008637697948255635,TR
BOBET,2025,13569285.0,7100273356.0,6557954660.0,1957811076.0,-409062100.0,7794105740.0,0.0,-3043122193.0,1187536540.0,1801864785.0,-3837083669.0,-1351071076.0,-1151980191.0,2804319082.0,13307290122.0,3369185525.0,16153925185.0,8359819445.0,4556722065.0,644690217.0,11236939701.0,0.28208141444354473,0.517510100440644,0.7393879804253543,1.170113818330081,-0.13442184508428642,-0.025322768015531082,0.0020691337015129652,1.0826963167811838,4.844944397977775,0.0,-0.23753258883252654,TR
BORLS,2021,407362501.0,718556994.0,1280006663.0,24455809.0,246666475.0,-19989798.0,0.0,-318601300.0,472129328.0,495707117.0,-26456061.0,12825705.0,-20357449.0,-179799175.0,1292710213.0,445926356.0,1755723982.0,1775713780.0,918055684.0,,,0.5228929452533958,1.0113855014825446,0.4857290944020777,0.3470391889649256,0.774216787564897,0.14049274118760657,0.3182502972642729,0.5613697293699166,1.750670117476309,0.0,-0.015068462509615592,TR
BORLS,2022,82445617.0,959238616.0,2297536007.0,739916189.0,224362657.0,1585778404.0,0.0,36566971.0,800597548.0,1047573813.0,-71639163.0,823589035.0,872262841.0,188073186.0,3371711023.0,1453702435.0,4930888224.0,3345109820.0,2254299983.0,918055684.0,1755723982.0,0.4571792911523926,0.6783990364491377,0.6448575814942904,0.02305351280777434,6.135664258327549,0.0455014688647706,0.035884363400098825,0.4175075442027664,2.397417649406612,0.0,-0.014528652799573175,TR
BORLS,2023,1536099516.0,2495700995.0,3476017336.0,1149989859.0,422295893.0,3994502067.0,0.0,-216791016.0,1375939884.0,1584900239.0,-92464010.0,734323020.0,368363669.0,1422941165.0,4592554953.0,2268940122.0,9055419642.0,5060917575.0,3644880006.0,2254299983.0,4930888224.0,0.40250812773984085,0.558882721627491,0.622500636033284,0.07349869520992505,1.9479400059640848,0.04663460222664301,0.4419136521820845,0.7179771427354009,4.194230744789875,0.0,-0.010210902824551839,TR
BORLS,2024,95174119.0,2747031855.0,5824879023.0,2299061060.0,945438934.0,3163676020.0,0.0,-3767136047.0,2501753782.0,2683780658.0,-60093410.0,-2060166738.0,-2593099194.0,2804588850.0,8952099042.0,3809055691.0,11672335701.0,8508659681.0,6310809473.0,3644880006.0,9055419642.0,0.5406638083977774,0.7289594729760077,0.6035764044686444,0.7567805434161432,0.2509702124384148,0.08099826446209919,0.016339243892310448,0.47160324603363013,3.238230308402508,0.0,-0.005148362036473269,TR
BORLS,2025,167706013.0,4833682435.0,10545253078.0,2136532801.0,-597454566.0,-1090789863.0,0.0,-4399513150.0,4990294775.0,4991740899.0,-59994341.0,-4293311601.0,-4323308634.0,550430856.0,7652663443.0,6550114268.0,14446204114.0,15536993977.0,11540409043.0,6310809473.0,11672335701.0,0.7988540762632617,1.0755070227716705,0.567580771495536,0.4929090018204335,-0.13580015461483505,-0.04135720091487557,0.01590346023557046,0.4583751949096655,0.4289603983445554,0.0,-0.004152948451133867,TR
BORSK,2020,286992.0,141324911.0,146278711.0,13157681.0,65574233.0,246707483.0,31669925.0,-24841102.0,62630361.0,74349037.0,118364.0,34061352.0,41387746.0,16747994.0,516660947.0,72442206.0,467335231.0,220627748.0,135072567.0,,,0.2890271437720902,0.47209740110520365,0.5363206431103068,0.18390930558090304,2.6397473429318876,0.14031519271441362,0.001961953301598344,0.9661345115353115,5.414328074602299,0.061297307613226666,0.0002532742925174413,TR
BORSK,2021,716055.0,297273809.0,172375462.0,14421632.0,170528369.0,390535538.0,60023559.0,-21919395.0,41728229.0,50951683.0,120579.0,148367297.0,149531696.0,50809346.0,559902701.0,120012262.0,613862683.0,223327145.0,161740491.0,135072567.0,467335231.0,0.2634799206388638,0.3638063547185845,0.7420050554934942,0.14769831993038526,7.779793602880006,0.2777956271370221,0.00415404252839653,1.7245714996256254,8.557484569061057,0.1072035532116499,0.0001964266656684847,TR
BOSSA,2022,389114117.0,2859206067.0,2180248977.0,134848952.0,509189005.0,3658614971.0,1879951815.0,-41723023.0,846228248.0,1419535491.0,498363107.0,1060227999.0,1007992080.0,1142938973.0,5111475711.0,1820375433.0,7258399439.0,3599784468.0,2666603681.0,,,0.367381776576267,0.4959474190216166,0.6826569114752528,0.0156465031895379,12.204029535443777,0.07015169243291902,0.1784723309607589,1.3114126400986725,5.9155411889070955,0.3677904232146316,0.0686601930891613,TR
BOSSA,2023,283440931.0,3912079519.0,2517070550.0,254855292.0,1289866671.0,7153801336.0,2725864027.0,-106023115.0,680396899.0,1217691686.0,1206621065.0,1657904751.0,1676934795.0,2560812230.0,7143277463.0,1838924011.0,10888563572.0,3734762236.0,2519320910.0,2666603681.0,7258399439.0,0.23137311853314127,0.34299861605289805,0.7299284516318328,0.04088879934120122,12.165900530275874,0.1184606823912843,0.11260746386310069,1.5542192565877821,7.664438196858973,0.38159850868444417,0.11081544934933682,TR
BOSSA,2024,136013381.0,4862470744.0,2943766196.0,275727068.0,1248509029.0,10130063496.0,3028083309.0,-461295921.0,668924792.0,1526822475.0,432803203.0,708892824.0,925674874.0,5561506367.0,8200836016.0,2147024958.0,14600652167.0,4470588671.0,2815949750.0,2519320910.0,10888563572.0,0.19286465548193343,0.3061910262545877,0.7624514457333622,0.17292315625464444,2.706525187331973,0.08551049738872941,0.04620386672855183,1.6517856447319568,8.307687023988827,0.3692408070460313,0.02964273088966602,TR
BOSSA,2025,545650223.0,5905338844.0,3030660485.0,483145993.0,1419664745.0,12599240500.0,3398551825.0,-719670668.0,557056116.0,1947994600.0,1465816110.0,335652569.0,774548333.0,7368629125.0,8134991163.0,2330690619.0,17577895585.0,4978655085.0,2887746735.0,2815949750.0,14600652167.0,0.16428284722912126,0.2832338524782516,0.8070966164558749,0.25235237179700665,1.9726588954157571,0.08076420400468547,0.1800433356691223,1.9485319695914405,8.889325259902456,0.41776957797538544,0.08338973814651886,TR
BRISA,2010,30330257.0,439053515.0,270056070.0,55714481.0,65640645.0,448972211.0,0.0,-12107068.0,50000000.0,71939659.0,-49131816.0,56684522.0,70400281.0,6301922.0,979897971.0,137060968.0,790967940.0,341995729.0,187060968.0,,,0.23649627063266307,0.4323762212157423,0.73270746679767,0.06472257750745736,5.4216797163442045,0.08298774410502656,0.11231096194208855,1.6257865079648088,6.6136951402327355,0.0,-0.06211606503292662,TR
BRISA,2011,4263331.0,663233108.0,467907525.0,57503666.0,100969412.0,471758874.0,0.0,-38507221.0,100750000.0,124133792.0,-7246741.0,71872921.0,89575740.0,6448617.0,1347777289.0,278092836.0,1063800191.0,592041317.0,378842836.0,187060968.0,790967940.0,0.35612217332267804,0.5565343210208166,0.7340585846527662,0.13609104843550407,2.6220903346933295,0.09491388782801977,0.009111482017734167,1.4174448423328947,5.948748298240638,0.0,-0.0068121260564804696,TR
BRISA,2012,11568838.0,727173889.0,719665431.0,66697643.0,163632960.0,490320730.0,0.0,-46091755.0,3783766.0,34145732.0,-11826446.0,95320182.0,117722815.0,18540.0,1424003474.0,553852177.0,1244131893.0,753811163.0,557635943.0,378842836.0,1063800191.0,0.44821288332651077,0.6058932877143115,0.9932146303560637,0.0984363042357845,3.5501568556024825,0.13152380460678376,0.01607530041275527,1.0104332620083845,4.856457223240133,0.0,-0.009505781554624932,TR
BRISA,2013,7968100.0,844245872.0,468485205.0,78506615.0,205116864.0,568466501.0,0.0,-51415334.0,333061902.0,368473265.0,-274577985.0,144348171.0,154257222.0,6916230.0,1489491658.0,248687675.0,1405424971.0,836958470.0,581749577.0,557635943.0,1244131893.0,0.4139314364010969,0.5955198514827015,0.42748234778690697,0.09025098721633745,3.9894103187193144,0.14594650602661022,0.017008221209461674,1.8020758457036012,6.713879452975253,0.0,-0.1953700771408878,TR
BRISA,2014,9847319.0,924158523.0,497496508.0,94420754.0,263733577.0,604877619.0,0.0,-52163067.0,419575900.0,473997441.0,-473581015.0,186319625.0,211285478.0,6972485.0,1693497624.0,249221451.0,1576371568.0,971493949.0,668797351.0,581749577.0,1405424971.0,0.42426377421189315,0.6162848713597199,0.37264120533276457,0.08342440548540535,5.055944601570302,0.16730419550424167,0.019793744964336512,1.8576181101556597,6.817996073279977,0.0,-0.3004247378052178,TR
BRISA,2015,60713519.0,1235022474.0,943867701.0,111685308.0,296793602.0,657599820.0,0.0,-91904969.0,486042000.0,534576524.0,-689030881.0,197193165.0,204608099.0,14001248.0,1801875943.0,615028929.0,2136044045.0,1478444225.0,1101070929.0,668797351.0,1576371568.0,0.5154720154658609,0.6921412638754835,0.5585733968642451,0.10385515129973401,3.2293531593487614,0.13894545044364945,0.06432418328932732,1.3084698975200975,5.566278048172643,0.0,-0.32257334890301853,TR
BRISA,2016,85736102.0,1332726787.0,1155144962.0,80470240.0,218586322.0,570186060.0,0.0,-138980647.0,1046184000.0,1110937123.0,-1584134821.0,80112628.0,79945116.0,19049069.0,1766472991.0,737081603.0,2836268145.0,2266082085.0,1783265603.0,1101070929.0,2136044045.0,0.6287366045215729,0.7989660952878629,0.41333248494223324,0.09636923116154603,1.5727824464653701,0.07706828509333344,0.07422107598647866,1.1537312033050273,4.4647209918220465,0.0,-0.558527875367722,TR
BRISA,2017,194516054.0,1401202356.0,1075878841.0,105150753.0,257436942.0,683480020.0,672147617.0,-160336466.0,1622349866.0,1693455414.0,-2024398212.0,95203492.0,97306929.0,96094307.0,2294135975.0,407644795.0,3452814275.0,2769334255.0,2029994661.0,1783265603.0,2836268145.0,0.5879246606740816,0.8020513223231505,0.200810771984587,0.08409416347144985,1.60560444184918,0.07455858366433567,0.18079735987669637,1.302379322468709,4.718986958597418,0.2929850821070011,-0.5863038237120356,TR
BRISA,2018,284147243.0,1649849935.0,1168626958.0,158313312.0,429350532.0,920943253.0,1089293799.0,-345701505.0,2331913269.0,2467982193.0,-2701644715.0,95741377.0,94066908.0,184732497.0,2998775696.0,341602091.0,4557552404.0,3636609151.0,2673515360.0,2029994661.0,3452814275.0,0.5866120941700093,0.7979302986858207,0.12777263078825177,0.14699724395463343,1.241968940806318,0.0942063840282285,0.24314623332521137,1.4117849359076655,4.973767241101083,0.36324617424803884,-0.5927841252310919,TR
BRISA,2019,792595257.0,2225786569.0,2350980269.0,189493236.0,382791258.0,897041984.0,1495912250.0,-313883516.0,1936566966.0,2031667859.0,-2547229678.0,114013293.0,116411353.0,277149271.0,3654321859.0,1240703771.0,5279690112.0,4382648128.0,3177270737.0,2673515360.0,4557552404.0,0.6017911410706674,0.830095713011423,0.39049356309229116,0.10729618577611111,1.2195328473381826,0.07250259956166155,0.3371339468268417,0.9467482982946294,3.967707749008313,0.4093542681019767,-0.4824581791667094,TR
BRISA,2020,1335061833.0,2945862080.0,2303595842.0,223271062.0,632459538.0,1438386971.0,1577275600.0,-307526688.0,2205187152.0,2318514505.0,-1907241846.0,539949789.0,475284038.0,353497183.0,4236875447.0,960349846.0,6060497318.0,4622110347.0,3165536998.0,3177270737.0,5279690112.0,0.5223229764656749,0.7626618913388652,0.30337659822227736,0.09696862993435824,2.056600492507499,0.104357696211095,0.5795555837784847,1.2788102957515235,5.1633915868359495,0.37227329897479516,-0.3147005511140794,TR
BRISA,2021,3344879436.0,5884258116.0,5088156388.0,236667998.0,643380373.0,2309092308.0,2542156114.0,-545617575.0,2723553052.0,2892070035.0,-2813163455.0,1004575346.0,885463118.0,579261062.0,6634262406.0,2066564681.0,10289318731.0,7980226423.0,4790117733.0,3165536998.0,6060497318.0,0.4655427495474676,0.7755835572433877,0.43142252366012984,0.13716471954820936,1.179178242196469,0.06252895743831925,0.6573853437147931,1.1564617254842129,4.665101295930026,0.3831859456901922,-0.2734061922413199,TR
BRKO,2010,459166.0,64052059.0,51081039.0,7434397.0,1116484.0,45639400.0,20083548.0,-6426063.0,6536683.0,14590095.0,-5317047.0,-372357.0,-3351928.0,-47010542.0,84578180.0,32290023.0,111310534.0,65671134.0,38826706.0,,,0.34881430000147157,0.5899813040156648,0.8316446674616178,0.16550626262243312,0.17374308344004719,0.010030353461425313,0.008988971426364291,1.2539302303541633,3.4347402120184722,0.23745542881154455,-0.047767689264701575,TR
BRKO,2011,0.0,74476583.0,55186998.0,6812290.0,-5349592.0,125147595.0,20831452.0,-12486468.0,22670158.0,30162463.0,-19228299.0,-16060327.0,-16456652.0,-47383843.0,119319268.0,34816889.0,210497056.0,85349461.0,57487047.0,38826706.0,111310534.0,0.2731014299791442,0.40546629307727705,0.6056475470030667,0.2592873314779874,-0.4284311624392102,-0.025414094152461687,0.0,1.3495313334492303,4.486134572101715,0.17458581794182645,-0.09134711603757537,TR
BRKO,2012,1131293.0,87094190.0,59410343.0,6515200.0,8515292.0,128678794.0,15527422.0,-11083403.0,22755278.0,31478465.0,-15611799.0,3532757.0,550253.0,-63443630.0,136703495.0,37764652.0,219567602.0,90888808.0,60519930.0,57487047.0,210497056.0,0.2756323312216162,0.4139445308511408,0.6240035637846905,0.18784318150951362,0.768292193291176,0.038782096823191614,0.01904202101644153,1.4659768922727816,4.8823244150766225,0.1135846746273751,-0.07110247075522554,TR
BRKO,2013,3634981.0,116238932.0,64925807.0,4719832.0,6841791.0,119723795.0,17137878.0,-15900939.0,45783436.0,57810479.0,-3995554.0,-8954115.0,-6643421.0,-59911652.0,146443980.0,44463072.0,242460081.0,122736286.0,90246508.0,60519930.0,219567602.0,0.3722118198912917,0.5062123442910176,0.492684680940785,0.21093473071241492,0.43027591012077965,0.028218216259690187,0.05598668954549922,1.7903348047718528,5.046639838571132,0.11702685217924287,-0.016479224058330657,TR
BRKO,2014,2720060.0,126704274.0,84148303.0,4418560.0,7291889.0,111660140.0,18866475.0,-17992329.0,40801724.0,53570575.0,-9241997.0,-8063329.0,-6283549.0,-68866209.0,143488783.0,58123273.0,249379018.0,137718878.0,98924997.0,90246508.0,242460081.0,0.3966853257879137,0.5522472544181725,0.5875488982830093,0.19022240162438842,0.40527766027399786,0.029240186518017325,0.03232459720548375,1.5057258373944866,4.517014102491979,0.13148397111988885,-0.03706004247719028,TR
BRKO,2015,1978405.0,138017031.0,112048340.0,4068555.0,1629330.0,98147374.0,5983945.0,-23900705.0,38636148.0,51107671.0,-10207165.0,-13512375.0,-14909039.0,-76929701.0,137565401.0,72022093.0,261303385.0,163156011.0,110658241.0,98924997.0,249379018.0,0.4234856773860775,0.6243930249889414,0.6508515981200171,0.22807840195693513,0.06817079245151973,0.0062353956876601505,0.01765670959516223,1.2317632818121178,3.6157080887734714,0.04349891002026011,-0.03906250583014836,TR
BRKO,2016,2076049.0,71777772.0,88586587.0,4084698.0,-5345961.0,80590027.0,2516445.0,-18964086.0,12279408.0,17432701.0,-2788293.0,-15047059.0,-16331512.0,-90443620.0,95157526.0,53182756.0,186609315.0,106019288.0,65462164.0,110658241.0,261303385.0,0.35079794382182905,0.5681350258426274,0.8124197666303852,0.21535364968073972,-0.28189921728893236,-0.028647878590626626,0.02343525211102218,0.8102555299934966,1.6847284618393483,0.02644504439932581,-0.014941874686159156,TR
BRKO,2017,583235.0,38948557.0,53613848.0,2703331.0,-5236567.0,85884747.0,545702.0,-7956980.0,10605054.0,15106278.0,-10113907.0,-2457003.0,-12974186.0,-105493058.0,27048605.0,24139957.0,154604873.0,68720126.0,34745011.0,65462164.0,186609315.0,0.22473425530384156,0.4444887451898104,0.6947747692467272,0.15881058417224117,-0.6581098607763247,-0.03387064649637531,0.010878439465863372,0.7264644947700826,1.4879668191625994,0.020174866689058456,-0.06541777632067264,TR
BRKO,2018,340853.0,30117104.0,39461985.0,2450252.0,-3810398.0,90179874.0,2369475.0,-7960797.0,6460442.0,10738050.0,-1070261.0,-6921107.0,-9900878.0,-115169700.0,26613836.0,22844494.0,140379909.0,50200035.0,29304936.0,34745011.0,154604873.0,0.20875448779497358,0.35760127896934313,0.779544237871736,0.24858090827147758,-0.478645291419942,-0.027143471078899188,0.008637502649701985,0.7631928297575502,1.8425866039894936,0.08903169764779494,-0.007624032581471469,TR
BRKO,2019,45114.0,21553172.0,43958912.0,2349331.0,-6119996.0,78950603.0,82592.0,-9891620.0,3758002.0,7802120.0,-308016.0,-11096020.0,-12289165.0,-122130509.0,18755851.0,25821664.0,130711635.0,51761032.0,29579666.0,29304936.0,140379909.0,0.22629711578468129,0.3959940673988203,0.8729531969698373,0.3359662683972968,-0.6187051261572928,-0.046820590990235875,0.0010262765375084807,0.4903026717312749,0.36646457052030534,0.004403532529662343,-0.002356454343180697,TR
BRKO,2020,52002.0,23801789.0,30247086.0,2345881.0,-30306.0,84113077.0,0.0,-6083695.0,10842982.0,21024227.0,989565.0,-3481922.0,-1959591.0,-131080370.0,24599459.0,18997440.0,135384390.0,51271313.0,29840422.0,29579666.0,130711635.0,0.22041257489138888,0.37870919239655326,0.6366344282932728,0.20476896634686909,-0.004981512058050247,-0.00022385150902552354,0.0017192399955486622,0.7869118036692857,1.5024062322020766,0.0,0.007309299100139979,TR
BRKO,2021,112905.0,62812234.0,63284029.0,2028815.0,11280427.0,85159192.0,0.0,-7115481.0,10829085.0,20544787.0,0.0,1075965.0,4721609.0,-134530438.0,63899849.0,19021172.0,168988008.0,83828816.0,29850257.0,29840422.0,135384390.0,0.17664127385891193,0.4960636970168913,0.6372197063495969,0.23841179625381712,1.585335833234605,0.06675282544309298,0.0017840994289412262,0.9925448014695777,2.1516595384208514,0.0,0.0,TR
BRKO,2022,22926.0,66599507.0,78227384.0,100430151.0,-973816.0,724383170.0,34049501.0,-4828936.0,17713128.0,33321755.0,0.0,142034558.0,-445880.0,-267276594.0,66402199.0,25867552.0,835932309.0,111549139.0,43580680.0,29850257.0,168988008.0,0.052134221312888626,0.13344278932518208,0.5935554929386141,0.13152320254336397,-0.2016626436962511,-0.0011649460004302813,0.0002930687289760322,0.8513579720370044,8.927126830275295,0.5127767078918576,0.0,TR
BRKO,2023,30246.0,59799720.0,59625747.0,0.0,11577772.0,1140229147.0,0.0,-595688352.0,10732784.0,11127343.0,0.0,-478368711.0,-584046463.0,-2028888549.0,65122963.0,28207560.0,1210982237.0,70753090.0,38940344.0,43580680.0,835932309.0,0.03215599932866728,0.05842619968999595,0.7243788087747761,14.437250609008439,0.01943595499413089,0.009560645603425148,0.000507264085093978,1.002917749609074,14.774751625439546,0.0,0.0,TR
BRKO,2024,819927.0,262661232.0,63738101.0,31031.0,67451359.0,1976850638.0,18330283.0,-32287953.0,0.0,96427308.0,0.0,35163406.0,35163406.0,-3328315305.0,102366460.0,19659266.0,2137016047.0,160165409.0,19659266.0,38940344.0,1210982237.0,0.009199400270109436,0.07494815456572938,1.0,1.1019852521202786,2.089056528297102,0.03156333762429628,0.012864001078413052,4.120945366728137,11.955107649291183,0.1790653208091791,0.0,TR
BRKO,2025,5191728.0,456808466.0,186163439.0,0.0,24858832.0,2340624966.0,0.0,100242684.0,104849852.0,258104161.0,0.0,152017819.0,152611558.0,-3662271808.0,176832533.0,74277114.0,2784892567.0,444267600.0,179126966.0,19659266.0,2137016047.0,0.06432096093134497,0.15952773376769186,0.41466182149258307,1.0085475537360153,0.24798649645095297,0.00892631633067948,0.027888010813981578,2.4538033270861526,5.192373236713646,0.0,0.0,TR
BRKSN,2010,47135.0,7192054.0,6685717.0,412520.0,397951.0,5353956.0,2022806.0,-960795.0,1116268.0,1673910.0,-917563.0,-182086.0,-241297.0,-1104326.0,7464470.0,4166158.0,13713583.0,8359627.0,5282426.0,,,0.38519663314831726,0.6095873704195323,0.7886826999564215,0.1818851792717967,0.41418929115992487,0.029018747325188464,0.007050103975385138,1.0757341359199022,4.097171944233725,0.27099124251286427,-0.06690906380921748,TR
BRKSN,2011,5700541.0,15369415.0,5759930.0,532691.0,451319.0,17866378.0,3548879.0,-1308807.0,1517815.0,1979691.0,-917563.0,600052.0,714788.0,-1286412.0,15724225.0,2754136.0,25605999.0,7739621.0,4271951.0,5282426.0,13713583.0,0.16683399073787358,0.3022581153736669,0.6447021513121288,0.27397013954965355,0.3448323549614267,0.017625518145181526,0.989689284418387,2.6683336429435776,8.090371100333952,0.22569500245640087,-0.03583390751518814,TR
BRKSN,2012,4613881.0,17880890.0,10986264.0,726889.0,529730.0,18361885.0,6827314.0,-631661.0,1973758.0,2348680.0,1531647.0,387438.0,521413.0,-880544.0,24244681.0,4659693.0,31696829.0,13334944.0,6633451.0,4271951.0,25605999.0,0.20927806374574567,0.42070277755544566,0.7024538207940332,0.11584368921017309,0.8386302146246167,0.016712397318987333,0.4199681529590041,1.6275678428990965,6.1444847479809654,0.28160048795857534,0.04832177376481414,TR
BRKSN,2013,3134616.0,16255198.0,14096198.0,1015988.0,-1354964.0,15806779.0,10053084.0,-1842920.0,2876175.0,3163967.0,-1595703.0,-2540969.0,-2770317.0,-542516.0,25028673.0,9281110.0,33066944.0,17260165.0,12157285.0,6633451.0,31696829.0,0.3676567450563318,0.5219764185042319,0.7634196286424149,0.19615197616527633,-0.7352267054457057,-0.040976390198017694,0.2223731533850475,1.153161866767195,4.311052430454724,0.4016626850332816,-0.048256742443450476,TR
BRKSN,2014,2382107.0,17248534.0,17553803.0,1167374.0,953213.0,18330746.0,11851284.0,-1273141.0,1249779.0,2793670.0,2390229.0,954663.0,83084.0,-3317850.0,36515481.0,9828476.0,38678219.0,20347473.0,11078255.0,12157285.0,33066944.0,0.286421021609087,0.5260705773448359,0.8871862942313569,0.1095856605871867,0.7487096873009352,0.02464469731659568,0.13570318636935824,0.9826095234178029,4.030121750971883,0.32455505652520367,0.06179780408193045,TR
BRKSN,2015,2662923.0,23519164.0,20496711.0,1434693.0,1933779.0,18727311.0,19300035.0,-1703199.0,6579159.0,8181789.0,346955.0,400541.0,551674.0,-2303240.0,41524596.0,11977789.0,47405811.0,28678500.0,18556948.0,11078255.0,38678219.0,0.3914488036076421,0.6049574808455445,0.6454611501848256,0.11494431133135818,1.1353805397959957,0.0407920244208036,0.12991952708900467,1.1474603901084424,4.469638521842238,0.4647856176613976,0.0073188284870814675,TR
BRKSN,2016,2555918.0,23904021.0,19333191.0,1512635.0,2677407.0,23749610.0,18091849.0,-2403213.0,7247071.0,9132490.0,9479451.0,520381.0,946894.0,-1913602.0,50277530.0,10480116.0,52215291.0,28465681.0,17727187.0,18556948.0,47405811.0,0.3395018329017835,0.5451598651437182,0.5911888896980666,0.1324663244693583,1.1140947556458791,0.051276301419061324,0.13220362846464404,1.2364239819489706,4.92539407074348,0.3598396540164165,0.18154549785042853,TR
BRKSN,2017,7822795.0,30940354.0,23068933.0,1382816.0,4328777.0,25860357.0,29764042.0,-2307687.0,7941788.0,9602420.0,5564067.0,2021005.0,2558944.0,-1297878.0,64401668.0,9778821.0,58531710.0,32671353.0,17720609.0,17727187.0,52215291.0,0.3027522858976784,0.5581821033419321,0.5518332355281921,0.1302020018395502,1.875807681024333,0.07395610003534836,0.33910519398534816,1.3412130504692177,5.388001902948128,0.46216259491912537,0.09506072862043498,TR
BRKSN,2018,4343546.0,32317791.0,29645620.0,1868069.0,3974337.0,27248266.0,30324011.0,-6950430.0,3931437.0,5610083.0,-4009584.0,441439.0,1573386.0,742742.0,74982883.0,16233812.0,62503969.0,35255703.0,20165249.0,17720609.0,58531710.0,0.3226234961175026,0.564055428224086,0.8050390054692605,0.36691421902072274,0.5718116720835977,0.06358535407567478,0.1465156066899596,1.090137126496258,4.808004983437469,0.4044124443708039,-0.06414927026474111,TR
BRKSN,2019,8489842.0,36359417.0,32142701.0,1812159.0,614121.0,25373720.0,33297867.0,-4703604.0,7840283.0,9694246.0,-1921392.0,-1675806.0,-1230729.0,1366723.0,73086324.0,18696110.0,67210667.0,41836947.0,26536393.0,20165249.0,62503969.0,0.39482412814025486,0.6224748074587625,0.7045460172375348,0.20143206099691313,0.1305639250243005,0.009137254953889984,0.26412970086116905,1.131187357279029,4.426075889684206,0.45559641226448877,-0.028587605000259853,TR
BRKSN,2020,10156774.0,46016725.0,32534180.0,2110993.0,14619754.0,29886204.0,38712145.0,-6802019.0,11308287.0,12827574.0,4319127.0,7848377.0,10729291.0,557640.0,83942256.0,14146331.0,75247958.0,45361754.0,25454618.0,26536393.0,67210667.0,0.33827652838100936,0.6028303651774843,0.5557471339778111,0.26166134757410275,2.149325663453748,0.19428771741553438,0.31218779757166154,1.4144117048593203,6.4469431822925065,0.46117589453397584,0.057398594125305034,TR
BRKSN,2021,4412759.0,91720167.0,70270309.0,2814045.0,18142597.0,46668204.0,78468405.0,-8801707.0,17667742.0,18873106.0,-5812354.0,15478610.0,16919813.0,8329222.0,141727618.0,21643491.0,135811619.0,89143415.0,39311233.0,25454618.0,75247958.0,0.28945412247828367,0.6563754681401743,0.5505675947635629,0.271800859993332,2.0612589126177454,0.1335864864404569,0.0627969203892358,1.3052478109922643,5.933403967170479,0.5536564157876414,-0.04279717775840666,TR
BRKSN,2022,22217809.0,231895893.0,172756230.0,25085245.0,40463342.0,228489785.0,364615540.0,-39706673.0,20698092.0,46839032.0,35862684.0,-2206735.0,13068747.0,29022803.0,540305169.0,86412712.0,448085047.0,219595262.0,107110804.0,39311233.0,135811619.0,0.23904123718727888,0.49007496114906063,0.8067599978056369,0.5423592488335619,1.019056469425177,0.09030281700071996,0.12860785975706926,1.3423301318858372,6.0263262125777475,0.6748325963174341,0.08003544023641565,TR
BRKSN,2023,60291654.0,306800460.0,143917839.0,48704486.0,162252383.0,554195117.0,562665210.0,-71885782.0,27471088.0,45513406.0,124291338.0,108358095.0,92251621.0,5277480.0,812658496.0,38427087.0,743626362.0,189431245.0,65898175.0,107110804.0,448085047.0,0.08861731962105991,0.2547398191889276,0.5831282429293376,0.8310063722184038,2.25708587269733,0.21819073568561842,0.4189310680241662,2.1317750609081894,9.248121414888844,0.6923759645281553,0.16714218907693862,TR
BRKSN,2024,21102576.0,355449527.0,135105094.0,35916876.0,100952871.0,695112872.0,583422563.0,-70701231.0,30287075.0,73103712.0,131400437.0,-6506272.0,33141443.0,126997095.0,869549442.0,16970889.0,903321679.0,208208806.0,47257964.0,65898175.0,743626362.0,0.052315764249470646,0.2304924268290477,0.35911172559190235,1.249622541469005,1.4278799615242908,0.11175738759171305,0.1561937849656505,2.6309113629719985,9.564954288063438,0.6709481195895012,0.14546361507172464,TR
BRKSN,2025,82934694.0,441392009.0,139702253.0,52588994.0,139910561.0,887084108.0,578512098.0,-63512161.0,16308318.0,119465873.0,175732805.0,21870060.0,81808465.0,125796126.0,891302847.0,26432289.0,1146252233.0,259168126.0,42740607.0,47257964.0,903321679.0,0.037287261712143596,0.22610043281808812,0.6184350400077379,1.411403765510899,2.2028940410325513,0.12205913931685226,0.5936532319203184,3.1595196177687987,9.748532068633155,0.6490634467815181,0.1533107634958038,TR
BRLSM,2018,67613261.0,286522596.0,292329077.0,2961555.0,17826680.0,55827854.0,0.0,-16378042.0,4234276.0,15715539.0,-35000820.0,-9518004.0,-4452684.0,50677625.0,357573956.0,41908723.0,363872470.0,308044616.0,46142999.0,,,0.12681090987729848,0.8465730204870954,0.9082357867549962,0.3549409954909953,1.0884500113017173,0.04899156014743297,0.23129160360602788,0.9801371760223496,4.118867109289695,0.0,-0.09618979968448836,TR
BRLSM,2019,111627277.0,474826743.0,423727509.0,7512896.0,54787674.0,92132142.0,0.0,-15327129.0,12004007.0,36762277.0,26878178.0,36609881.0,49882251.0,41760253.0,506433092.0,65641495.0,552621928.0,460489786.0,77645502.0,46142999.0,363872470.0,0.14050383827693497,0.8332817839251576,0.8453998404183155,0.24763413202652806,3.574555547878536,0.09914133193788141,0.2634411847921821,1.1205945635217185,4.979240555023036,0.0,0.04863755243530619,TR
BRLSM,2020,49062023.0,506500324.0,365065676.0,8311877.0,72477574.0,149693253.0,0.0,-12844608.0,835321.0,9070965.0,71483396.0,59991630.0,76653476.0,77052337.0,578056989.0,108244532.0,523829894.0,374136641.0,109079853.0,77645502.0,552621928.0,0.20823525776098606,0.7142330846051332,0.9923421147258055,0.1375775453740602,5.642645847969825,0.1383608969823322,0.13439231958909223,1.387422475730093,6.850627847029247,0.0,0.1364629946071768,TR
BRLSM,2021,180095042.0,814575364.0,525644209.0,5295224.0,30941482.0,342414967.0,0.0,-25271586.0,771764.0,21752698.0,58217105.0,31706586.0,55822325.0,67683740.0,620288863.0,68538151.0,889811874.0,547396907.0,69309915.0,109079853.0,523829894.0,0.07789277377073976,0.6151827403013505,0.9888650274639639,0.283329994576819,1.2243585345217352,0.0347730603559017,0.34261776105669983,1.5496705757487,6.518557628373159,0.0,0.06542630717917347,TR
BRLSM,2022,587178613.0,3187140096.0,2505168476.0,14849359.0,171633899.0,902693011.0,0.0,-388241892.0,0.0,90927052.0,896551551.0,-173429468.0,-129750472.0,42192756.0,2638649776.0,40078417.0,3498788539.0,2596095528.0,40078417.0,69309915.0,889811874.0,0.01145494120415032,0.7419984086097408,1.0,7.098415066791584,0.44207980266075975,0.049055236430223144,0.23438687602262484,1.2722258508892397,5.262713956417517,0.0,0.2562462809645096,TR
BRLSM,2023,487735231.0,4553687386.0,4078863695.0,34290070.0,556711938.0,942215224.0,0.0,-1007895121.0,8306293.0,27641047.0,397134398.0,-311460254.0,-290981726.0,-262636851.0,5729217184.0,65963987.0,5048719966.0,4106504742.0,74270280.0,40078417.0,3498788539.0,0.014710714894104705,0.8133754238014317,0.8881612806630055,17.628449600960472,0.5523510595503716,0.11026793756617714,0.1195762514932483,1.1164107767518816,4.679287624061711,0.0,0.07866041306993735,TR
BRLSM,2024,101755905.0,3684919350.0,2365441682.0,47537454.0,1122719819.0,1813089615.0,0.0,-434928216.0,101625453.0,155518103.0,427463844.0,572086927.0,690908182.0,-723308653.0,5258668631.0,699696764.0,4334049400.0,2520959785.0,801322217.0,74270280.0,5048719966.0,0.184889959260732,0.5816638326734347,0.8731777918494926,0.993448933128535,2.5813910840863907,0.2590463825816106,0.04301771875177433,1.557814499524829,7.199053489988956,0.0,0.09862920436486027,TR
BRLSM,2025,300761908.0,4900818889.0,3919616501.0,54091321.0,631998533.0,1758574113.0,0.0,-845181812.0,84702132.0,208818105.0,546431747.0,-252961308.0,-173519357.0,0.0,5144784331.0,1272371153.0,5887008719.0,4128434606.0,1357073285.0,801322217.0,4334049400.0,0.2305200059616219,0.7012788332851796,0.9375847030987718,0.7831574993710305,0.7477663669837703,0.10735478120836804,0.07673248337516375,1.2503312218809337,5.512060288891763,0.0,0.09281993166349853,TR
BRMEN,2010,746852.0,18623327.0,29202323.0,3125557.0,1414214.0,31021994.0,3673920.0,-10710265.0,15351906.0,21048337.0,-37984703.0,-2648840.0,-2974783.0,-37850526.0,34941363.0,26222119.0,81272654.0,50250660.0,41574025.0,,,0.5115376815429209,0.6182972688451887,0.6307332282597127,0.2576191504190417,0.13204285794982665,0.017400859088470274,0.025575088666747504,0.6377344364008302,1.6429960006742377,0.1051452972799029,-0.4673737245002483,TR
BRMEN,2011,1179869.0,10268903.0,18322468.0,1052251.0,876463.0,18422073.0,2828917.0,-6770874.0,0.0,3303848.0,-17445135.0,-5436956.0,-5163087.0,-40498885.0,21933213.0,17699030.0,40048389.0,21626316.0,17699030.0,41574025.0,81272654.0,0.4419411227752507,0.5400046428833879,1.0,0.22846381041098693,0.1294460656039383,0.021885100047345226,0.06439465469389823,0.560454137510296,-0.32436426771824545,0.12897868634203297,-0.4356014170757281,TR
BRMEN,2012,625022.0,7792360.0,17402029.0,216961.0,-1630442.0,14349734.0,575178.0,-2436839.0,0.0,2834303.0,-16351212.0,-1815765.0,-1702211.0,-43936193.0,12713516.0,16417896.0,34586066.0,20236332.0,16417896.0,17699030.0,40048389.0,0.47469683311192434,0.5851007165718125,1.0,0.14285220186601805,-0.669080723018632,-0.047141585862931046,0.035916616389962346,0.4477845658112626,-2.2862320984533717,0.04524145798849036,-0.47276877341296925,TR
BRMEN,2013,933794.0,9161894.0,1865005.0,192967.0,-534190.0,20380353.0,20032.0,-3267053.0,10690500.0,13482000.0,-10210259.0,-2901936.0,-2893286.0,-28501900.0,12028277.0,122118.0,35727358.0,15347005.0,10812618.0,16417896.0,34586066.0,0.3026425295707564,0.4295589111291129,0.011294027033970866,0.23995529427024404,-0.16350821367146479,-0.014951847265056654,0.5006924914410417,4.912530529408769,3.2829921138382026,0.001665408935959822,-0.28578264869179526,TR
BRMEN,2014,455094.0,10857890.0,6314759.0,205572.0,-800215.0,18199650.0,308210.0,-3368457.0,10446707.0,12964182.0,-13387129.0,-2193865.0,-2375106.0,-31403519.0,12243965.0,3873579.0,37478591.0,19278941.0,14320286.0,10812618.0,35727358.0,0.3820924324503021,0.5143987670187494,0.2704959244529055,0.2680515550451313,-0.23756129290057731,-0.021351256241196475,0.07206830854510837,1.7194464586851217,2.161364490746074,0.025172401260539375,-0.3571940311203268,TR
BRMEN,2015,52425.0,12772138.0,15326601.0,261592.0,-1906314.0,42526495.0,81164.0,-5962538.0,9794257.0,20073138.0,-17617745.0,-6559834.0,-6548754.0,-33597090.0,11895296.0,9534199.0,77926234.0,35399739.0,19328456.0,14320286.0,37478591.0,0.2480352893737942,0.45427242127471473,0.49327266492470995,0.3543988657882069,-0.31971519510651336,-0.024463058230171884,0.003420523572056192,0.8333314085751955,2.7264410918406803,0.006823201373046959,-0.2260823357638456,TR
BRMEN,2016,262712.0,9057644.0,9264465.0,242305.0,-3000627.0,41391097.0,711973.0,-8138523.0,20930314.0,21039775.0,25116725.0,-7684029.0,-8893267.0,-14128729.0,15273580.0,5574502.0,71695337.0,30304240.0,26504816.0,19328456.0,77926234.0,0.36968674824696063,0.4226807665329755,0.21032034329157387,0.3551360243274798,-0.36869429502134476,-0.04185247082386962,0.02835695315379787,0.9776758830650232,3.7415360156283852,0.0466146771090995,0.350325781996115,TR
BRMEN,2017,209590.0,5098523.0,15878765.0,105132.0,-2520778.0,41686663.0,595756.0,-8290392.0,17722277.0,17763844.0,-26144830.0,-934135.0,-934135.0,-23624630.0,13867630.0,15210887.0,75329272.0,33642609.0,32933164.0,26504816.0,71695337.0,0.43718946334699743,0.44660738258561694,0.46187141326597103,0.27895941281988385,-0.3040601698930521,-0.033463458932670956,0.013199389247211606,0.32109065157145406,2.364998299152226,0.04296018858305276,-0.34707397676695984,TR
BRMEN,2018,26631890.0,28877551.0,71841314.0,77575.0,-1108432.0,34607802.0,0.0,-20164478.0,0.0,75068.0,-27333876.0,-8710091.0,-8710091.0,-24306399.0,3417198.0,37866737.0,106524184.0,71916382.0,37866737.0,32933164.0,75329272.0,0.3554754946538713,0.6751178868453008,1.0,0.5696188190997612,-0.05496953603262133,-0.010405449339090924,0.3707043832745041,0.4019630125362128,0.29569573825210826,0.0,-0.25659784448571793,TR
BRMEN,2019,76469.0,1826894.0,57635378.0,134413.0,-263039.0,24357714.0,0.0,-12759443.0,103807.0,7967422.0,-229974.0,-10663493.0,-10663493.0,-25275511.0,3275709.0,181127.0,89960514.0,65602800.0,284934.0,37866737.0,106524184.0,0.003167322943486072,0.7292399418704967,0.6356805435644746,0.6688799030585056,-0.020615241590091354,-0.0029239383847895757,0.001326771900411584,0.031697441109868316,-1.3653344479930134,0.0,-0.002556388239400233,TR
BRMEN,2020,103373.0,1374503.0,12575668.0,144264.0,-1311323.0,-10520904.0,0.0,-9215444.0,35604.0,3244108.0,-173584.0,-10867680.0,-10867680.0,-35938883.0,2998046.0,217362.0,5298872.0,15819776.0,252966.0,284934.0,89960514.0,0.04773959438914546,2.985498800499427,0.8592538127653518,34.2645250046477,-0.14229623662191426,-0.2474721034967442,0.008220080237487186,0.10929860743779177,-35.08885659628126,0.0,-0.03275867014715585,TR
BRMEN,2021,12078.0,2156996.0,16263984.0,175092.0,-545659.0,-13604449.0,0.0,-2715167.0,0.0,3404086.0,-111122.0,-3132643.0,-3132643.0,-46806631.0,3124090.0,201591.0,6063621.0,19668070.0,201591.0,252966.0,5298872.0,0.0332459762904047,3.2436179635897426,1.0,11.94643136064344,-0.20096701234215059,-0.08998896863771663,0.0007426224718371587,0.1326240852179884,-38.507593088173124,0.0,-0.018326013449719236,TR
BRMEN,2022,5390795.0,9574767.0,16240470.0,954938.0,-7069911.0,-3125570.0,0.0,9550055.0,662507.0,2445047.0,0.0,2750533.0,2750533.0,-615277840.0,3591143.0,637007.0,15559947.0,18685517.0,1299514.0,201591.0,6063621.0,0.08351660837919307,1.200872792175963,0.49018863975301535,12.724033295472335,-0.7403005532428871,-0.4543660078019546,0.3319358984068811,0.5895621863160364,-131.69746852599812,0.0,0.0,TR
BRMEN,2023,16610290.0,74639879.0,51075699.0,1324614.0,-6633994.0,32897080.0,470780.0,-18591163.0,90241.0,2275498.0,0.0,-5710445.0,-5710445.0,-879160891.0,47367857.0,442800.0,86248277.0,53351197.0,533041.0,1299514.0,15559947.0,0.0061803089701142665,0.618576960093939,0.8307053303592031,20.28988270474829,-0.3568358794982326,-0.07691740902835659,0.3252092546007055,1.4613579542004898,-28.057558284923726,0.009938807237996856,0.0,TR
BRMEN,2024,15807480.0,93715127.0,92201032.0,1736733.0,-12755889.0,21055180.0,8504914.0,-11285461.0,724672.0,1339934.0,0.0,-19759579.0,-21626133.0,-1157073414.0,168958175.0,1332312.0,114596146.0,93540966.0,2056984.0,533041.0,86248277.0,0.017949853217576795,0.8162662468596457,0.6477016836300137,8.714557581490526,-1.1302940128010721,-0.11131167535075744,0.1714458033398151,1.0164216708550506,-30.0911056872719,0.05033739267129276,0.0,TR
BRMEN,2025,3237966.0,102802042.0,143352098.0,1924969.0,-16428101.0,-14619163.0,6750449.0,-23691134.0,0.0,1623556.0,0.0,-38385882.0,-37460712.0,-1294985324.0,220328483.0,2600948.0,130356491.0,144975654.0,2600948.0,2056984.0,114596146.0,0.01995257758204001,1.1121475646348904,1.0,10.172382937320682,-0.6934282250904494,-0.1260244186842986,0.022587503393218564,0.7171296648898714,-32.12882587310636,0.03063811318484864,0.0,TR
BRSAN,2010,16592725.0,355092699.0,375998571.0,22319431.0,-12439657.0,489665219.0,428564823.0,-17278358.0,84341026.0,137023119.0,53672647.0,-13455907.0,-14587807.0,72558743.0,981080746.0,20947269.0,1002686909.0,513021690.0,105288295.0,,,0.10500615302238876,0.5116469412287898,0.19895154537358592,0.16410521226504807,-0.7199559703532014,-0.012406322340845481,0.04412975548250155,0.9443990652826177,4.2679585141695355,0.4368293076256131,0.05352881993196542,TR
BRSAN,2011,38124689.0,541843168.0,619645122.0,28334839.0,85555600.0,657482519.0,817880466.0,-24094311.0,108764580.0,189404720.0,-24360703.0,52620442.0,76781690.0,65553395.0,1331316883.0,46671693.0,1466532361.0,809049842.0,155436273.0,105288295.0,1002686909.0,0.1059889826733936,0.5516754103184771,0.3002625584055274,0.1848257813586635,3.5508631062328364,0.05833870583098575,0.06152665073348225,0.8744411095355964,4.293031072248063,0.6143394382237396,-0.01661109133888386,TR
BRSAN,2012,89360362.0,547782456.0,607454674.0,32277636.0,67005480.0,618938712.0,909064978.0,-27807318.0,138798725.0,230277544.0,-16296649.0,39474913.0,50298374.0,83616545.0,1426146486.0,129642200.0,1456670930.0,837732218.0,268440925.0,155436273.0,1466532361.0,0.18428384851477747,0.5751005259643646,0.48294499059709317,0.13120459477983054,2.4096347587350926,0.04599905072589044,0.14710622178865645,0.90176679750101,4.253284495429613,0.6374274921433282,-0.011187598148883222,TR
BRSAN,2013,155689383.0,845298152.0,755250148.0,39581423.0,39112339.0,721164801.0,646888773.0,-33341748.0,414859761.0,528270948.0,-52575124.0,36702931.0,50227025.0,89292024.0,1198199713.0,195451816.0,2004685897.0,1283521096.0,610311577.0,268440925.0,1456670930.0,0.3044424954120381,0.6402604507373356,0.32024923558020596,0.07588427440972452,1.173074039189547,0.01951045750285936,0.2061428036952864,1.1192293761721976,4.410940739454017,0.5398839325210221,-0.026226115561883458,TR
BRSAN,2014,111999717.0,1093468143.0,1073257816.0,49336678.0,76922098.0,998350320.0,1060057412.0,-49166233.0,478359945.0,611419340.0,-75409417.0,25018317.0,37129425.0,107975522.0,1638608965.0,396687503.0,2683027476.0,1684677156.0,875047448.0,610311577.0,2004685897.0,0.3261418139871483,0.6279015668194372,0.4533325637445891,0.06620114352487945,1.5645310471518126,0.02866988828406616,0.10435490460010775,1.0188308220995057,4.245507665820546,0.6469251875477198,-0.02810609197056169,TR
BRSAN,2015,240764375.0,1188478600.0,1190217951.0,66035367.0,109178307.0,1247674395.0,1161431422.0,-78138744.0,538482952.0,710115557.0,-106211556.0,19126704.0,51452059.0,143048180.0,1948925206.0,312791121.0,3148007903.0,1900333508.0,851274073.0,875047448.0,2683027476.0,0.27041675219072664,0.6036622418225231,0.3674387966471052,0.09052629310296365,1.3972365232796677,0.03468171312275133,0.20228595510403288,0.9985386281575247,4.316957012578675,0.5959343223764535,-0.0337392914099047,TR
BRSAN,2016,100596675.0,1107135081.0,1183074668.0,83841938.0,200333186.0,1602758105.0,1155795183.0,-81278575.0,540814142.0,757626471.0,-45094792.0,102082224.0,138366121.0,127906648.0,1966331044.0,295088922.0,3543459244.0,1940701139.0,835903064.0,851274073.0,3148007903.0,0.23590029020805073,0.5476854693012521,0.35301811263608435,0.0963485969760388,2.4647723708246607,0.05653604915569899,0.08502986136121038,0.9358116701726218,4.4741689400679405,0.587792776057092,-0.012726205917665693,TR
BRSAN,2017,516518575.0,1667719433.0,1518329432.0,92495924.0,309250351.0,1830286819.0,1893969043.0,-104738652.0,598102643.0,815750854.0,-114601229.0,243579783.0,239164147.0,121216636.0,2841607138.0,819736482.0,4164367105.0,2334080286.0,1417839125.0,835903064.0,3543459244.0,0.3404692932324947,0.560488599383459,0.5781590220963891,0.09294643594214583,2.952590520259894,0.07426106853756832,0.34018873909308506,1.0983910328361468,4.902621632498042,0.6665133324281507,-0.027519482819466753,TR
BRSAN,2018,778724987.0,3199809115.0,2907917249.0,132577773.0,490742904.0,2771652657.0,3751410937.0,-192750478.0,765845189.0,1144449448.0,-206877330.0,283224164.0,358101287.0,215167247.0,4864628668.0,1364255476.0,6824019354.0,4052366697.0,2130100665.0,1417839125.0,4164367105.0,0.3121475122651008,0.5938386875507095,0.6404652598894898,0.10865487545379117,2.5460009702284627,0.07191405512534835,0.26779475491188576,1.1003783261371616,4.834808676015612,0.7711608003457994,-0.0303160526469984,TR
BRSAN,2019,945308903.0,2920630375.0,2833307496.0,174421368.0,258609763.0,2887550467.0,3421801668.0,-205429938.0,790742816.0,1210882285.0,-136591706.0,65704657.0,81094946.0,322610480.0,4574046063.0,1787468827.0,6931740248.0,4044189781.0,2578211643.0,2130100665.0,6824019354.0,0.3719429105474467,0.5834306590133497,0.6932979423365361,0.08726266422511919,1.2588708613639361,0.037308057392170184,0.33364147884921275,1.0308201206975525,4.4847735706289935,0.7480907758405319,-0.019705254541153717,TR
BRSAN,2020,789862000.0,3087565000.0,3126662000.0,221447000.0,166321000.0,3549202000.0,2533119000.0,-195616000.0,820703000.0,1363243000.0,-20394808.0,-10661000.0,3305000.0,379582000.0,3728998000.0,2026607000.0,8039107000.0,4489905000.0,2847310000.0,2578211643.0,6931740248.0,0.3541823737387747,0.5585079288035351,0.711761978850213,0.07210956397248308,0.8502423114673646,0.020688989461142886,0.25262148578899796,0.9874956103345996,4.341062757387816,0.6793028583013453,-0.002536949439782304,TR
BRSAN,2021,2256973000.0,7613364000.0,7295136000.0,285092000.0,304060000.0,6651995000.0,4412961000.0,-293998000.0,1546463000.0,2529352000.0,-48119000.0,94425000.0,84897000.0,369079000.0,7329974000.0,3543437000.0,16476483000.0,9824488000.0,5089900000.0,2847310000.0,8039107000.0,0.30891908182104155,0.5962733673199554,0.6961702587477161,0.07408094279979993,1.0342247226171606,0.018454181028803297,0.3093805242287464,1.0436219420720876,4.284674838325216,0.6020431996075293,-0.002920465490117035,TR
BRSAN,2022,1508492000.0,13737466000.0,12732552000.0,561131000.0,2445825000.0,11859577000.0,16812590000.0,-1044547000.0,1474234000.0,3005859000.0,-1273193000.0,1349894000.0,1758556000.0,516576000.0,22204754000.0,7879792000.0,27597988000.0,15738411000.0,9354026000.0,5089900000.0,16476483000.0,0.33893869364679774,0.5702738547462228,0.8423957769627751,0.14463477589126392,2.3415174233423675,0.08862330833682514,0.11847522790403683,1.0789247905683008,4.936656133206805,0.7571617321227697,-0.046133544227934295,TR
BRSAN,2023,3808588000.0,31900641000.0,25725288000.0,1000295000.0,5658261000.0,24952925000.0,32675039000.0,-1577845000.0,2461795000.0,5238813000.0,-1246622000.0,4102826000.0,4963851000.0,1866308000.0,42175476000.0,7805120000.0,55917026000.0,30964101000.0,10266915000.0,9354026000.0,27597988000.0,0.18360981859085282,0.5537508557769149,0.7602205725867994,0.1608327551670432,3.58606897382189,0.10119030650879036,0.14804841057561727,1.240049907312991,5.609437390558362,0.7747402542652986,-0.022294139892203853,TR
BRSAN,2024,3084040547.0,32215405827.0,24885605575.0,1857833358.0,2237337340.0,39401350174.0,58082292867.0,-2707202842.0,4017582961.0,8278514395.0,-2649700533.0,-298026126.0,-83007988.0,8039931712.0,72076722116.0,12027133255.0,72565470145.0,33164119970.0,16044716216.0,10266915000.0,55917026000.0,0.22110676309186061,0.457023428687661,0.7496008712828705,0.2057799320593822,0.826438752682131,0.030831982973849165,0.12392869193821095,1.29453975833176,5.728481832401832,0.8058398212604977,-0.036514619525035534,TR
BRSAN,2025,6429762079.0,44121935924.0,37397993165.0,2324427397.0,3610787964.0,44436013076.0,71545095339.0,-1651749794.0,3621770119.0,7882603684.0,-4250780525.0,1497488552.0,2371755704.0,6969298422.0,84142638694.0,11984993227.0,89716609925.0,45280596849.0,15606763346.0,16044716216.0,72565470145.0,0.17395623128255422,0.5047069532258633,0.7679358596843043,0.1043710952446628,2.1860380894952907,0.04024659388064813,0.1719279975968732,1.1797942132705879,5.295761962662311,0.850283476361928,-0.047380084117684636,TR
BRYAT,2010,59904331.0,61401297.0,559708.0,2690.0,-4881787.0,262827409.0,0.0,-9071.0,0.0,5377270.0,-1182843.0,15675227.0,15660459.0,56439574.0,0.0,0.0,268764387.0,5936978.0,0.0,,,0.0,0.022089898391188263,,inf,-538.1751736302502,-0.018163816473199628,107.02782700979796,109.70237516705139,51.78058782698784,,-0.004401040678056799,TR
BRYAT,2011,97903930.0,99699545.0,1347119.0,0.0,-6067253.0,345549983.0,0.0,-2458714.0,0.0,7690210.0,-6159398.0,23001367.0,26124166.0,67795064.0,0.0,0.0,354587312.0,9037329.0,0.0,0.0,268764387.0,0.0,0.02548689333813501,,inf,-2.4676530088493416,-0.01711074478604017,72.67652672109888,74.00945647711895,45.725512013664265,,-0.0173706102603017,TR
BRYAT,2012,105686935.0,108219440.0,1032486.0,0.0,-6373362.0,367103497.0,0.0,0.0,0.0,8097663.0,-5626315.0,34094580.0,33968379.0,77602263.0,0.0,0.0,376233646.0,9130149.0,0.0,0.0,354587312.0,0.0,0.024267231538351038,,,-inf,-0.016939904412483088,102.36161555701482,104.81443816187338,47.89570664729323,,-0.014954311130376681,TR
BRYAT,2013,122848887.0,125783259.0,1732760.0,0.0,-5681036.0,441617254.0,0.0,0.0,0.0,9136469.0,-6237211.0,31695363.0,33566043.0,91868885.0,0.0,0.0,452486483.0,10869229.0,0.0,0.0,376233646.0,0.0,0.024021113134555225,,,-inf,-0.01255515073585082,70.89780869826173,72.59127576813869,48.28750080168611,,-0.013784303474983583,TR
BRYAT,2014,138797238.0,142567173.0,1925949.0,0.0,42451995.0,541050782.0,0.0,0.0,0.0,11747784.0,-8107383.0,43808024.0,45351761.0,104159347.0,19444959.0,0.0,554724515.0,13673733.0,0.0,0.0,452486483.0,0.0,0.024649592059222406,,,inf,0.07652806726957073,72.06693323654987,74.02437603487942,47.5866246330686,0.0,-0.014615151810984953,TR
BRYAT,2015,159831390.0,166556767.0,1455960.0,0.0,9761599.0,626208970.0,0.0,0.0,0.0,12987630.0,-6273382.0,34495005.0,40199229.0,121909276.0,17871404.0,0.0,640652560.0,14443590.0,0.0,0.0,554724515.0,0.0,0.022545121805179393,,,inf,0.015236962449662264,109.77732217918074,114.39652669029368,51.18656278349972,0.0,-0.00979217502853653,TR
BRYAT,2016,218124891.0,224504996.0,7125894.0,0.0,14823700.0,774728009.0,0.0,0.0,0.0,17121595.0,-10612580.0,31237363.0,38509347.0,137235346.0,25077625.0,0.0,798975498.0,24247489.0,0.0,0.0,640652560.0,0.0,0.03034822602282104,,,inf,0.018553384975017094,30.61017901753801,31.505520009138504,39.26782208042765,0.0,-0.013282735236018464,TR
BRYAT,2017,265708191.0,273011108.0,1545262.0,0.0,33486159.0,930593803.0,0.0,0.0,0.0,20592266.0,-12954846.0,59438347.0,61999826.0,152165205.0,47127053.0,0.0,952731331.0,22137528.0,0.0,0.0,798975498.0,0.0,0.023235855985510777,,,inf,0.03514753625752232,171.95025244909925,176.67625813616073,50.014811149912305,0.0,-0.01359758578150507,TR
BRYAT,2018,389265902.0,411652355.0,5693336.0,0.0,57809296.0,1958300807.0,0.0,0.0,0.0,65762480.0,-42446566.0,24396980.0,48202317.0,171858238.0,78840633.0,0.0,2029756623.0,71455816.0,0.0,0.0,952731331.0,0.0,0.03520412998795275,,,inf,0.028480900293630918,68.37219900599578,72.30424394414804,33.805484689858524,0.0,-0.020912145583869834,TR
BRYAT,2019,455336726.0,472841480.0,27644535.0,0.0,32814422.0,2239113171.0,0.0,0.0,0.0,77813832.0,-81843637.0,67584493.0,77794016.0,149920251.0,49033084.0,23000000.0,2344571538.0,105458367.0,23000000.0,0.0,2029756623.0,0.0098098947407763,0.04497980346974595,1.0,0.0,inf,0.013995914165191917,16.471129863461258,17.104338343907756,27.091958803476903,0.0,-0.03490771583357846,TR
BRYAT,2020,518236620.0,568866669.0,43286164.0,0.0,16124995.0,3156735471.0,0.0,0.0,0.0,110273329.0,-138530454.0,152571685.0,173431421.0,165631710.0,34545856.0,42029875.0,3310294964.0,153559493.0,42029875.0,23000000.0,2344571538.0,0.012696715989687257,0.046388462257890804,1.0,0.0,inf,0.004871165613748008,11.972338782434036,13.141997729343723,26.072329182502,0.0,-0.04184837167277883,TR
BRYAT,2021,78350995.0,94562936.0,37521796.0,0.0,23813701.0,5683786983.0,0.0,0.0,0.0,209624895.0,-225047146.0,274644415.0,287670018.0,235803153.0,47783263.0,31493162.0,5930933674.0,247146691.0,31493162.0,42029875.0,3310294964.0,0.005309983845892524,0.041670789893240676,1.0,0.0,inf,0.00401516899512709,2.088146180422707,2.5202134780541954,27.617191361453887,0.0,-0.0379446404849477,TR
BRYAT,2022,574657715.0,596581672.0,3258819.0,0.0,218379907.0,10598912650.0,0.0,0.0,0.0,385842618.0,189647348.0,1229544344.0,1248058090.0,321761749.0,264263503.0,0.0,10988014087.0,389101437.0,0.0,31493162.0,5930933674.0,0.0,0.035411443225245656,,0.0,inf,0.01987437450215566,176.33925511051703,183.06683249361194,32.43467241894697,0.0,0.017259474414432464,TR
BRYAT,2023,1027915384.0,1056773088.0,14895087.0,0.0,94795221.0,25168216193.0,0.0,0.0,0.0,1001643174.0,29185520.0,2269211251.0,2306905373.0,1071687694.0,165945220.0,0.0,26184754454.0,1016538261.0,0.0,0.0,10988014087.0,0.0,0.03882176030276705,,,inf,0.003620244794219142,69.01036455846146,70.94776203724086,29.665459139990908,0.0,0.0011145997206607986,TR
BRYAT,2024,489139711.0,540952447.0,112760225.0,0.0,-66030587.0,34038718627.0,0.0,0.0,0.0,2505844577.0,52141530.0,2661353908.0,2787196737.0,2584402336.0,103995074.0,0.0,36657323429.0,2618604802.0,0.0,0.0,26184754454.0,0.0,0.07143469727329829,,,-inf,-0.0018012931884645593,4.337874556387237,4.79736934721441,17.193097153849592,0.0,0.001422404178007996,TR
BRYAT,2025,4624652776.0,6222008440.0,1252121709.0,0.0,4783546778.0,41243738616.0,0.0,0.0,0.0,2215298210.0,3953883394.0,5464667842.0,6645461214.0,2566133150.0,105606653.0,12412.0,44711158536.0,3467419919.0,12412.0,0.0,36657323429.0,2.776040793039673e-07,0.07755155608880374,1.0,0.0,inf,0.10698776177200688,3.6934530746962713,4.969172242025236,17.37462039574357,0.0,0.08843169185196709,TR
BSOKE,2010,31902227.0,68048729.0,10692055.0,7309346.0,1166103.0,192477786.0,10928550.0,-2835570.0,0.0,11221452.0,13506636.0,4998530.0,8253815.0,39032918.0,67507293.0,188109.0,214391293.0,21913507.0,188109.0,,,0.0008774096996560397,0.1022126724148261,1.0,15.074079390140822,0.4112411261227901,0.005439134134985603,2.983732032803797,6.36442002963883,14.857792452221899,0.16188695345849521,0.0629999278935269,TR
BSOKE,2011,27681911.0,67100402.0,15030005.0,7243409.0,4091657.0,190426906.0,22947783.0,-7685317.0,0.0,10678060.0,14485386.0,2530296.0,4078671.0,39076605.0,85215254.0,0.0,216134971.0,25708065.0,0.0,188109.0,214391293.0,0.0,0.118944495104404,,81.7113163112876,0.5323992491136019,0.018931027131190166,1.8417765662752608,4.464429785618834,13.324672055339782,0.26929196268076605,0.06702009366175175,TR
BSOKE,2012,9507729.0,44265412.0,16134915.0,7918227.0,-2122347.0,193607706.0,6628989.0,-88338.0,8913000.0,21577810.0,-226317.0,5197314.0,5543523.0,39112784.0,80597357.0,251361.0,231320431.0,37712725.0,9164361.0,0.0,216134971.0,0.039617602995041974,0.16303239984884862,0.02742809891491616,0.01927859454685384,-24.025300550159614,-0.009174922382882816,0.5892642756407456,2.743454923685684,9.927749602072879,0.08224821813946083,-0.0009783701293553271,TR
BSOKE,2013,47894091.0,84507400.0,23217169.0,8179680.0,20594282.0,197202668.0,16754599.0,-5389003.0,48767727.0,59467132.0,-7954774.0,8875492.0,12253828.0,39861797.0,106986727.0,2488748.0,279886969.0,82684301.0,51256475.0,9164361.0,231320431.0,0.1831327667134085,0.2954203309122262,0.04855480210061265,0.178382271969888,3.821538418145249,0.0735807103616889,2.0628738585656157,3.639866686588705,8.149535209315928,0.15660446365463634,-0.028421380346578408,TR
BSOKE,2014,41668050.0,85825570.0,30319250.0,8153079.0,44717120.0,226800936.0,25626639.0,-5991085.0,42721148.0,54891262.0,-10799769.0,30763026.0,39095876.0,41937910.0,149170624.0,7241586.0,312011448.0,85210512.0,49962734.0,51256475.0,279886969.0,0.16013109236940562,0.27310059469356396,0.14493974649185531,0.11837841965352644,7.463943509397714,0.14331884386498536,1.3743100505454455,2.8307286624834056,8.613034226697593,0.17179413957536305,-0.03461337418619332,TR
BSOKE,2015,118854264.0,164291685.0,49124093.0,8396636.0,35375556.0,232510293.0,15379078.0,-11466584.0,135019647.0,147392044.0,-29692793.0,19441281.0,25455781.0,61423756.0,126379053.0,12035625.0,429026430.0,196516137.0,147055272.0,49962734.0,312011448.0,0.3427650646138514,0.4580513536194029,0.08184422657080938,0.11640138110016199,3.0850997995566947,0.08245542355047916,2.4194698922990803,3.34442174840765,7.274116737198217,0.12169008735965128,-0.06920970579831177,TR
BSOKE,2016,50098618.0,102954459.0,95672321.0,9604159.0,18465427.0,217160512.0,9689330.0,-43449992.0,331230193.0,342651945.0,-309481303.0,-17265003.0,-20078167.0,79495594.0,119537146.0,31132826.0,655484778.0,438324266.0,362363019.0,147055272.0,429026430.0,0.5528168329181246,0.6687024332394184,0.08591612379739004,0.17058669768102222,0.4249811369355373,0.02817064197332131,0.5236479838301403,1.076115410642123,4.4277553193171055,0.08105706321614872,-0.47214109829412393,TR
BSOKE,2017,3771655.0,114943200.0,178506208.0,12133323.0,2999816.0,434531697.0,0.0,-46535160.0,446006435.0,459121260.0,-464918580.0,-31523149.0,-39220528.0,57103198.0,133873185.0,70170726.0,1072159165.0,637627468.0,516177161.0,362363019.0,655484778.0,0.4814370644306342,0.5947134425698819,0.1359431050069261,0.10593746548962621,0.06446342937254325,0.002797920400186105,0.021128985049080198,0.643917101191237,3.769075900499991,0.0,-0.433628322339622,TR
BSOKE,2018,11830347.0,163201076.0,281646068.0,17600388.0,40650025.0,484072383.0,6524222.0,-164663501.0,502336656.0,517380628.0,-628458331.0,-76565711.0,-109567262.0,25580049.0,285553613.0,153435245.0,1283099079.0,799026696.0,655771901.0,516177161.0,1072159165.0,0.5110843829075806,0.6227318755639135,0.23397654697620232,0.2810079487908665,0.24686724594784365,0.03168112709712264,0.04200430378456411,0.5794544804367728,3.558443511717501,0.022847625464994553,-0.48979719593423543,TR
BSOKE,2019,50588796.0,231603288.0,413445120.0,50986215.0,-96975518.0,290399803.0,137619416.0,-109688202.0,614037148.0,632237973.0,-733713398.0,-198700046.0,-206525982.0,-50985662.0,237007484.0,284313698.0,1336082896.0,1045683093.0,898350846.0,655771901.0,1283099079.0,0.6723765783466776,0.7826483642074855,0.31648403211945103,0.1411577074098382,-0.8841016283592651,-0.07258196201023742,0.12235915615596092,0.5601790341605677,2.036623813500212,0.5806543054142543,-0.5491526013817035,TR
BSOKE,2020,3388475.0,243537040.0,616324249.0,51961919.0,-36472680.0,-49438757.0,324925190.0,-316765727.0,742293634.0,763531624.0,-905603767.0,-348458900.0,-359445623.0,-249685708.0,471966263.0,427102368.0,1330417116.0,1379855873.0,1169396002.0,898350846.0,1336082896.0,0.8789694509612728,1.037160343478323,0.36523330614225924,0.3063873387657559,-0.1151408656025467,-0.027414469914261084,0.005497877140965777,0.39514434227623585,0.5782013165174811,0.68845003440426,-0.6806916087510708,TR
BSOKE,2021,1593000.0,453134000.0,1491993000.0,49538000.0,-11066000.0,23335000.0,386506000.0,-661903000.0,718198000.0,773854000.0,-1437946961.0,-689575000.0,-687239000.0,-598144000.0,737083000.0,1024829000.0,2289182000.0,2265847000.0,1743027000.0,1169396002.0,1330417116.0,0.7614191444804301,0.9898064024616653,0.5879593374055594,0.45453768188581284,-0.016718461768567297,-0.004834041155312247,0.0010676993792866321,0.3037105401969044,-0.6004906629699271,0.5243724248151158,-0.6281488151662908,TR
BSOKE,2022,66642000.0,1550135000.0,2253582000.0,314742000.0,-556795000.0,2511408000.0,1781691000.0,724192000.0,2827653000.0,3647488000.0,-4023237000.0,-210079000.0,-130291000.0,-1554728000.0,3999212000.0,1011478000.0,8412478000.0,5901070000.0,3839131000.0,1743027000.0,2289182000.0,0.45636149063331877,0.7014663218138579,0.2634653519246934,0.25946667937381923,-0.7688499734876939,-0.0661868001318993,0.02957158869746031,0.687853825598536,2.101057839873339,0.4455105155715676,-0.47824636213015953,TR
BSOKE,2023,30437000.0,2295415000.0,3652521000.0,457992000.0,-117311000.0,5491535000.0,1802643000.0,72875000.0,3464861000.0,3599825000.0,-4824252000.0,1259861000.0,44015000.0,-2539252000.0,5951416000.0,1147890000.0,12743881000.0,7252346000.0,4612751000.0,3839131000.0,8412478000.0,0.3619581036577476,0.5690845669384389,0.24885149881274754,0.017244679942289776,-1.6097564322469984,-0.009205280557782986,0.008333148529467729,0.628446763208206,2.635065771181467,0.3028931266105411,-0.3785543822953149,TR
BSOKE,2024,42581892.0,2444983622.0,4370282813.0,681422846.0,-563080474.0,9967558169.0,1364172940.0,268054400.0,2259787992.0,2380415745.0,-3242977867.0,328209897.0,-262008483.0,-1674624674.0,5592126052.0,1012138022.0,16718256726.0,6750698558.0,3271926014.0,4612751000.0,12743881000.0,0.1957097601516997,0.4037920142416169,0.30934013106324476,0.06799375536221552,-2.1006201502381607,-0.03368057347296893,0.009743509475710446,0.5594566133631133,3.4920100437240738,0.24394531298379968,-0.19397823111285079,TR
BSOKE,2025,60655241.0,2748194885.0,2372090794.0,846723883.0,-376710412.0,13895301360.0,2482899043.0,-172929225.0,2292903688.0,2439642253.0,-2761095994.0,-132467455.0,-533929202.0,-1492609053.0,6398581601.0,1022365598.0,18707034407.0,4811733047.0,3315269286.0,3271926014.0,16718256726.0,0.17722046230692004,0.2572151706311875,0.30838086134279713,0.052504660063745184,-2.178408027908527,-0.020137366714792507,0.025570370726711738,1.158553834427975,6.018639742756024,0.3880389745458526,-0.147596670531959,TR
BTCIM,2010,85977168.0,213507840.0,59412851.0,20817834.0,14188176.0,425076406.0,64856031.0,-9331151.0,9938571.0,40309959.0,37196057.0,16169612.0,21079497.0,186343430.0,324046247.0,7339714.0,524799216.0,99722810.0,17278285.0,,,0.03292361054136941,0.1900208821958301,0.4247941274264199,0.540050763139976,1.5205172437998271,0.027035436729768287,1.4471139922236689,3.593630610320316,10.991123518292309,0.20014436704770724,0.07087673888598187,TR
BTCIM,2011,75285768.0,213613609.0,95338293.0,19695346.0,19078899.0,443303293.0,75096710.0,-9051430.0,90109017.0,119641979.0,-50916937.0,25378060.0,34212486.0,194394906.0,357274736.0,29426720.0,658283565.0,214980272.0,119535737.0,17278285.0,524799216.0,0.18158699890980873,0.3265770002931791,0.24617508318872036,0.13231728543145965,2.107832574521374,0.02898279710203611,0.7896697709911799,2.2405856270155793,7.7512795316399,0.21019317190118922,-0.0773480301000679,TR
BTCIM,2012,40488765.0,202857444.0,114994226.0,21397454.0,12153641.0,456696015.0,40555104.0,-126639.0,93543051.0,127628696.0,-86905331.0,18841302.0,19494747.0,191530243.0,378467785.0,29964114.0,699318937.0,242622922.0,123507165.0,119535737.0,658283565.0,0.1766106399604048,0.3469417302508998,0.24261032953027462,0.0010421123098670044,95.97075940271165,0.017379253380635964,0.35209389556654785,1.764066345383289,7.060291577425483,0.10715602650302192,-0.12427138234353291,TR
BTCIM,2013,101030256.0,247428559.0,138121132.0,23907330.0,79548766.0,494947466.0,40369704.0,-33020626.0,176406249.0,207959582.0,-147928036.0,40365512.0,50793845.0,194733978.0,491424727.0,53200081.0,841028180.0,346080714.0,229606330.0,123507165.0,699318937.0,0.27300670234379065,0.4114971676692213,0.23170128192894335,0.18702556808257922,2.409062929333926,0.09458513744450275,0.7314612509836655,1.791388149063244,6.994694749912584,0.0821482961316271,-0.17588951181160184,TR
BTCIM,2014,70544332.0,272969716.0,171160400.0,32291034.0,125094123.0,568316110.0,69997443.0,-23034333.0,142000708.0,174270569.0,-148851925.0,85393297.0,107298775.0,222284585.0,575437031.0,64785229.0,913747079.0,345430969.0,206785937.0,229606330.0,841028180.0,0.22630544244946363,0.37803783666048796,0.31329610678505665,0.10556709979464417,5.430768192853685,0.13690235063394385,0.41215334855492275,1.594818170558143,7.421446686347233,0.12164222882625014,-0.1629027642560595,TR
BTCIM,2015,146078304.0,386842463.0,229501042.0,31958790.0,126659471.0,616037413.0,61927664.0,-48085859.0,247952784.0,282469340.0,-149043086.0,69207677.0,90363214.0,280488115.0,600907717.0,57215130.0,1128007795.0,511970382.0,305167914.0,206785937.0,913747079.0,0.27053706131525446,0.45387131566763683,0.18748737129683954,0.18785231874347205,2.634027417499186,0.1122859891229741,0.6365038813200683,1.6855804210248422,6.993646743697931,0.10305686255648469,-0.13212948231443739,TR
BTCIM,2016,126730982.0,401444704.0,303129796.0,36327716.0,78569908.0,603264018.0,29981146.0,-98690890.0,558588141.0,590850746.0,-490527086.0,2935390.0,2147524.0,325903353.0,589354090.0,103367818.0,1497244560.0,893980542.0,661955959.0,305167914.0,1128007795.0,0.44211612229868447,0.5970838471438493,0.15615512874324014,0.2040915186880099,0.7961211820057555,0.052476335596103284,0.418074975381173,1.324332709279427,5.451543233427599,0.0508711935807555,-0.3276198819516833,TR
BTCIM,2017,62808370.0,408343639.0,458886562.0,43439518.0,59695626.0,985377334.0,59357691.0,-134652737.0,720977693.0,789926878.0,-635663059.0,-19423708.0,-26422508.0,332693575.0,687516471.0,205605776.0,2234190774.0,1248813440.0,926583469.0,661955959.0,1497244560.0,0.4147288941405323,0.558955597943043,0.22189665893985425,0.16953024221694044,0.4433302087279518,0.026719126537759125,0.13687123398483828,0.8898574785460813,4.595099446768078,0.08633639120480067,-0.2845160164464989,TR
BTCIM,2018,13651284.0,393689869.0,582390745.0,43799935.0,190959370.0,988062601.0,157747143.0,-339595435.0,765005920.0,839163869.0,-898256746.0,-32985306.0,-54855974.0,220887869.0,980807069.0,321259388.0,2409617215.0,1421554614.0,1086265308.0,926583469.0,2234190774.0,0.45080409503963476,0.5899503892779087,0.29574670721234153,0.3374276685664797,0.5623143020164567,0.07924884035989924,0.023440077159880005,0.6759892260993948,4.297480911475314,0.16083401923360321,-0.3727798508444836,TR
BTCIM,2019,80557840.0,466314450.0,647306435.0,84426021.0,-84111929.0,752357169.0,243503312.0,-180602338.0,949281875.0,1030267428.0,-1035052384.0,-232230562.0,-246046845.0,211572176.0,783591810.0,477651188.0,2429931032.0,1677573863.0,1426933063.0,1086265308.0,2409617215.0,0.5872319190168687,0.690379208672125,0.3347397298341247,0.14372310605003175,-0.4657300117565477,-0.034614944989105355,0.12445085610805028,0.7203921122767766,3.2835187258799707,0.31075275276294684,-0.4259595726665875,TR
BTCIM,2020,112394733.0,617082871.0,1168996888.0,84791669.0,43862525.0,334453811.0,481525742.0,-485025219.0,947672547.0,1033745366.0,-1187893609.0,-415324427.0,-416598016.0,31299402.0,1160528594.0,813027433.0,2537196065.0,2202742254.0,1760699980.0,1426933063.0,2429931032.0,0.6939550333884031,0.8681797533845694,0.4617637543223008,0.30431684730154807,0.09043349352108637,0.017287794824007816,0.09614630642198937,0.5278738355375331,2.1388260091749896,0.4149193259774175,-0.468191491145167,TR
BTCIM,2021,13239000.0,899209000.0,2252095000.0,82288000.0,164723000.0,1067204000.0,546256000.0,-933141000.0,872901000.0,1088089000.0,-1892472000.0,-779143000.0,-749589000.0,-295738000.0,1933796000.0,1591460000.0,4407388000.0,3340184000.0,2464361000.0,1760699980.0,2537196065.0,0.5591431932019599,0.7578602110819379,0.6457901257161592,0.44171717493175683,0.17652530539328998,0.03737429062292678,0.005878526438715951,0.3992766734973436,1.6042384027043781,0.28247860684374154,-0.42938629410435386,TR
BTCIM,2022,212326000.0,3291731000.0,3873389000.0,576689000.0,259372000.0,8107171000.0,2503565000.0,822238000.0,3849711000.0,5734525000.0,-5082051000.0,627942000.0,857813000.0,2814104000.0,11341723000.0,1549247000.0,17715085000.0,9607914000.0,5398958000.0,2464361000.0,4407388000.0,0.304766135753794,0.5423577702280288,0.2869529638867352,0.20913255585841042,0.31544637927218155,0.014641307111989584,0.05481659600933446,0.8498322786583016,4.536852196868493,0.2207393885391135,-0.2868770316371612,TR
BTCIM,2023,449678000.0,6229866000.0,5231494000.0,993523000.0,1024261000.0,17707086000.0,4637201000.0,-47507000.0,4864541000.0,6001376000.0,-6804062000.0,2967065000.0,1089627000.0,5215812000.0,16599968000.0,2009359000.0,28939956000.0,11232870000.0,6873900000.0,5398958000.0,17715085000.0,0.23752282138922395,0.3881439902672969,0.29231717074731955,0.007741799016985286,21.560212179257793,0.03539262464669953,0.08595594298684085,1.1908387928954902,5.956872998730711,0.2793499963373423,-0.23510961799665486,TR
BTCIM,2024,427890950.0,5987966706.0,5355638955.0,1403097701.0,743478899.0,25043007528.0,3435308437.0,-742946167.0,3987629561.0,5855510214.0,-5815441454.0,99647021.0,347587197.0,10765422830.0,17592197318.0,2669228359.0,36254156696.0,11211149169.0,6656857920.0,6873900000.0,28939956000.0,0.18361640503237703,0.3092376210266932,0.40097421201983535,0.10981589817697367,1.000717053298964,0.020507411197955946,0.07989540624289525,1.1180676584648526,6.815707964964049,0.1952745512628521,-0.1604075776127936,TR
BTCIM,2025,233427109.0,5706288090.0,5584661792.0,1438861033.0,-97533003.0,27261936738.0,4826956004.0,-460717278.0,4028833562.0,6299019457.0,-5147329151.0,-231917358.0,-436917790.0,9800433793.0,15724171160.0,2100708630.0,39145617988.0,11883681249.0,6129542192.0,6656857920.0,36254156696.0,0.15658309938749715,0.3035762841358876,0.3427186834184369,0.07206364167622413,-0.21169816644037387,-0.0024915433198652915,0.04179789532364935,1.021778632714022,6.478575443415398,0.3069768164492557,-0.13149183524393207,TR
BUCIM,2010,16460069.0,219029822.0,74433526.0,15819478.0,3042190.0,280521495.0,134241424.0,-13568730.0,11451082.0,22777761.0,-4900470.0,8721644.0,8903504.0,78091162.0,413961137.0,24327984.0,377732782.0,97211287.0,35779066.0,,,0.0947205741862246,0.2573546476037656,0.6799502256431177,0.37923656251954707,0.224205950004164,0.008053815143849495,0.22113783780711935,2.9426232206170106,9.519226898403502,0.32428508862656835,-0.01297337756615469,TR
BUCIM,2011,30891654.0,266773478.0,90280846.0,15354980.0,60751648.0,325662538.0,156833694.0,-18873520.0,9928132.0,22719931.0,-278916.0,55590605.0,67704783.0,70191272.0,536131109.0,36418613.0,438663315.0,113000777.0,46346745.0,35779066.0,377732782.0,0.10565448127341125,0.2576025237031731,0.7857857763258239,0.4596245630986828,3.218882752131028,0.13849265694807417,0.34217284583265867,2.9549288671929372,10.36771875862822,0.29252862101684163,-0.000635831605841031,TR
BUCIM,2012,32297073.0,247491192.0,72145528.0,12100346.0,7584087.0,314157073.0,123278111.0,-4064776.0,47710488.0,64155923.0,-31021424.0,16839280.0,21864685.0,93799763.0,460650632.0,26916672.0,450458524.0,136301451.0,74627160.0,46346745.0,438663315.0,0.16566932586228517,0.3025837979258663,0.36068198227026194,0.06720087278326677,1.8658068734906916,0.016836371377001627,0.4476656266206826,3.430443977068128,9.015637196079005,0.26761737081476533,-0.06886632696953915,TR
BUCIM,2013,39677968.0,317998594.0,101077054.0,12925348.0,54666812.0,338617085.0,142926529.0,-11641500.0,45782833.0,61847139.0,-23847066.0,36859875.0,47623954.0,95328922.0,534730286.0,33237858.0,501541278.0,162924193.0,79020691.0,74627160.0,450458524.0,0.15755570770787086,0.3248470268483066,0.420622213997091,0.15153482361429188,4.695856375896577,0.1089976326933553,0.39255168635999227,3.1461007361769764,9.621653809625464,0.26728714034349643,-0.04754756397139459,TR
BUCIM,2014,51039288.0,311160690.0,87465419.0,15393521.0,78997914.0,385641656.0,151222797.0,-8105540.0,38732066.0,54528355.0,-9578850.0,65709229.0,79556237.0,107328353.0,612846723.0,18280186.0,527635430.0,141993774.0,57012252.0,79020691.0,501541278.0,0.10805235728768252,0.26911341795224025,0.3206360976584472,0.1191702512824412,9.746162994692519,0.14972063949534245,0.5835367689715177,3.5575281472098133,10.552117095755762,0.24675467996261113,-0.018154296423953182,TR
BUCIM,2015,55548579.0,369315780.0,131238720.0,21121771.0,72652821.0,415539423.0,127901687.0,-19864168.0,46671366.0,64336082.0,-41706377.0,52393527.0,65110211.0,143175095.0,608000335.0,30150707.0,611114225.0,195574802.0,76822073.0,57012252.0,527635430.0,0.1257082061868221,0.3200298634841956,0.3924745300741884,0.2968471354415244,3.657481199313256,0.1188858285863007,0.4232636450584096,2.814076364048659,9.599262739914977,0.21036450086824376,-0.06824645098058386,TR
BUCIM,2016,72551197.0,416820025.0,160171287.0,24491302.0,106280815.0,481858493.0,129631394.0,-19281838.0,31443926.0,52245753.0,-27249385.0,85711305.0,105044855.0,174066413.0,694538817.0,65390785.0,694275533.0,212417040.0,96834711.0,76822073.0,611114225.0,0.13947590891122474,0.3059549557826633,0.6752824924525256,0.2220683529415125,5.5119649381972815,0.15308160801916088,0.45296006768054503,2.602339238243119,9.902918787161829,0.1866438431187065,-0.03924866094913934,TR
BUCIM,2017,65001504.0,561595164.0,271436944.0,29076755.0,121395870.0,558919112.0,215888669.0,-22502921.0,18572500.0,42395900.0,-7130661.0,91271422.0,116350604.0,215280708.0,922013254.0,117082635.0,872751956.0,313832844.0,135655135.0,96834711.0,694275533.0,0.15543377940020336,0.35958996349702826,0.8630903282798694,0.19358196830669328,5.394671651738012,0.13909550034855495,0.23947183843920672,2.068970994604183,9.039815609748832,0.23414920345602755,-0.008170317982077372,TR
BUCIM,2018,26105976.0,554722010.0,165682261.0,33174516.0,207722026.0,694125402.0,338344303.0,-31797062.0,13476147.0,41160562.0,120501745.0,159073768.0,192608947.0,265052455.0,1189550086.0,61314439.0,900968225.0,206842823.0,74790586.0,135655135.0,872751956.0,0.08301134704278833,0.2295783771952668,0.8198149296490337,0.30218777411017067,6.532742742081013,0.2305542196008078,0.15756651220494872,3.3481074355932408,12.11459311045045,0.28443048088687206,0.1337469420744555,TR
BUCIM,2019,120270841.0,577378058.0,171315539.0,39591594.0,28823383.0,719065942.0,262401446.0,-13513503.0,23633555.0,55192660.0,135470032.0,33902349.0,31282424.0,354503751.0,1028223556.0,71249983.0,945574141.0,226508199.0,94883538.0,74790586.0,900968225.0,0.10034489511277783,0.2395456783118607,0.750920386210725,0.159287729695307,2.1329320014210973,0.030482414598941535,0.7020428018499828,3.370260872833024,10.827433860865018,0.25519882759814927,0.14326748810699552,TR
BUCIM,2020,215034757.0,840364610.0,233896296.0,41583419.0,129844005.0,917703604.0,323324334.0,-16626257.0,43693561.0,80492807.0,268263756.0,134192139.0,160241364.0,362205459.0,1224607667.0,40412990.0,1232092707.0,314389103.0,84106551.0,94883538.0,945574141.0,0.06826316763516076,0.25516675913576364,0.48049752985353067,0.18577852095486694,7.809575239935242,0.10538493107077535,0.9193593942163154,3.592894049078913,11.210507836859914,0.26402279090091635,0.21773017117615323,TR
BUCIM,2021,419370483.0,1551152551.0,411417396.0,46145862.0,608565354.0,1843134936.0,513501712.0,-6694467.0,13238205.0,57458793.0,520829400.0,618081039.0,753990793.0,429685432.0,2293763056.0,32819658.0,2312011125.0,468876189.0,46057863.0,84106551.0,1232092707.0,0.019921125163271002,0.20280014396557022,0.7125744848387777,0.10286170842362491,90.90572169524475,0.2632190422526622,1.0193309448684567,3.7702648601664865,12.986046545226072,0.22386868192718856,0.22527114786266436,TR
BUCIM,2022,1070780439.0,5380513779.0,1271603591.0,287199672.0,2981783345.0,8665435725.0,1883255493.0,-1965036079.0,25765612.0,861310051.0,1129180896.0,617888295.0,1616661567.0,1510026788.0,11546476821.0,420912240.0,10798349367.0,2132913642.0,446677852.0,46057863.0,2312011125.0,0.041365382506057605,0.19752219246751104,0.9423172385095109,7.976024546952112,1.5174191338600862,0.2761332536723064,0.8420709461491289,4.23128230926803,12.323511879927892,0.16310217585808118,0.10456976873250669,TR
BUCIM,2023,1641248999.0,6871330231.0,1913995242.0,482500816.0,3760790644.0,14946783538.0,2073539671.0,-2585133584.0,243324864.0,493239640.0,1438390924.0,2698407159.0,2028681593.0,1311807138.0,15066638064.0,597177564.0,17354018420.0,2407234882.0,840502428.0,446677852.0,10798349367.0,0.048432726510843474,0.13871339903763916,0.710500700659487,4.016738951283498,1.4547761350811494,0.21671007561371483,0.8574989963324057,3.5900456177832023,13.346206969326346,0.13762457571437153,0.0828851790512275,TR
BUCIM,2024,1793130634.0,7634460952.0,3130163241.0,670109283.0,2392107901.0,19613656972.0,2502102313.0,-2202685245.0,1797410965.0,2133654824.0,-2155008476.0,617881818.0,1265361473.0,4511595659.0,15450192687.0,1617870657.0,24877475036.0,5263818065.0,3415281622.0,840502428.0,17354018420.0,0.1372840940271379,0.21158972353033295,0.4737151532624035,1.035148973313155,1.0859962431899797,0.09615557437153084,0.5728553100723094,2.438997702100994,9.58755774610346,0.16194635003518776,-0.08662488748884298,TR
BUCIM,2025,2518055502.0,9318704397.0,4771205839.0,878907397.0,672574954.0,20416450356.0,2574016201.0,-1208901340.0,4238467759.0,5629238108.0,-3153264315.0,-938054836.0,306559048.0,5529125929.0,13363247719.0,3107789499.0,30816894304.0,10400443947.0,7346257258.0,3415281622.0,24877475036.0,0.2383840884656071,0.33749163184331765,0.4230439242534896,0.22467071921223222,0.5563522280486511,0.021824877853207306,0.5277608191659492,1.9531130518051834,7.010783422992826,0.19261905901364365,-0.10232258591323103,TR
BULGS,2021,23547364.0,40261762.0,3670507.0,1387444.0,70216852.0,185215017.0,0.0,-20972872.0,6755738.0,6785852.0,0.0,49243980.0,49243980.0,0.0,82943388.0,3195961.0,195671376.0,10456359.0,9951699.0,,,0.05085924780331692,0.05343836801147655,0.32114727344546895,2.1074664738151747,3.347984577410285,0.35885091338040165,6.415289222987451,10.968992022083054,25.487025505459634,0.0,0.0,TR
BULGS,2022,83648528.0,99979999.0,1985933.0,4367440.0,20516468.0,260423929.0,0.0,-22836818.0,3633242.0,3747489.0,0.0,-2320350.0,-2320350.0,48670698.0,349965740.0,1777022.0,266157351.0,5733422.0,5410264.0,9951699.0,195671376.0,0.02032731382271685,0.021541475290682465,0.328453842548164,2.973164041600673,0.8983943384757018,0.0770839802955508,42.120518668051744,50.34409469000213,54.47258888715353,0.0,0.0,TR
BULGS,2023,46832483.0,47802319.0,6036823.0,4755368.0,1837945492.0,2333676654.0,0.0,-34941750.0,6953146.0,7267561.0,0.0,1803003742.0,1803003742.0,49256513.0,640465596.0,5236710.0,2346981038.0,13304384.0,12189856.0,5410264.0,266157351.0,0.005193845115334928,0.005668722407462416,0.429595722869901,3.9706263366386136,52.60027022115378,0.7831104990802231,7.7578029039446745,7.918456280729119,192.8745801010773,0.0,0.0,TR
BULGS,2024,76446285.0,80202854.0,11766744.0,11145183.0,3101950058.0,4866418741.0,0.0,-1290274585.0,15718225.0,15959644.0,0.0,1811675473.0,1811675473.0,2424466583.0,4294197539.0,10646397.0,4894145129.0,27726388.0,26364622.0,12189856.0,2346981038.0,0.00538697184188058,0.005665215736188276,0.40381375465955854,66.9325407544099,2.404100719382921,0.6338083518650801,6.496808717857719,6.81606177545802,193.50743814678944,0.0,0.0,TR
BULGS,2025,10884798.0,1425956162.0,11504480.0,8507113.0,2302860720.0,8813177901.0,0.0,-376961610.0,0.0,827789.0,0.0,1925899109.0,1925899109.0,4919668021.0,2334107562.0,8746587.0,8825510170.0,12332269.0,8746587.0,26364622.0,4894145129.0,0.000991057381558714,0.0013973434693804222,1.0,21.472436907541407,6.109005954213746,0.260932305967758,0.9461355923953103,123.94790220853093,758.2479191353463,0.0,0.0,TR
BURCE,2010,366841.0,15464638.0,12643653.0,819239.0,-2130518.0,21494751.0,10605579.0,-1206832.0,1631853.0,4934053.0,-3698457.0,-2224957.0,-2234885.0,-2624758.0,27432112.0,3556646.0,39072457.0,17577706.0,5188499.0,,,0.13279172589530266,0.4498746009241241,0.6854864961909022,0.23259752001494075,-1.7653807655083724,-0.054527361819094206,0.02901384591937156,1.2231147121800954,4.42218808936277,0.3866118292313767,-0.09465637136666373,TR
BURCE,2011,1285529.0,16282015.0,13066565.0,784606.0,-1102250.0,21324811.0,15176265.0,-1600957.0,1689560.0,5339075.0,-2607845.0,-384529.0,-1163866.0,-4469399.0,31529565.0,4254872.0,39730451.0,18405640.0,5944432.0,5188499.0,39072457.0,0.14961904157594386,0.4632628006160816,0.7157743582566004,0.28760745934740817,-0.6884944442605266,-0.027743203821169814,0.09838308690922212,1.2460822718135944,4.4442819258302615,0.4813344237384816,-0.0656384444264174,TR
BURCE,2012,668220.0,17924726.0,13100665.0,1036127.0,-1098918.0,19492349.0,9618904.0,-437527.0,4075769.0,8823027.0,-4877966.0,-1312642.0,-1418023.0,-4795426.0,31508836.0,5006844.0,41416041.0,21923692.0,9082613.0,5944432.0,39730451.0,0.21930181593165798,0.5293526727965138,0.5512558995962946,0.05823194114345169,-2.5116575662759097,-0.026533632222355583,0.05100657104047772,1.36823023869399,4.3918803543473555,0.30527639929320144,-0.11777963036109608,TR
BURCE,2013,2474584.0,17855188.0,12076441.0,1084149.0,-1412942.0,17224156.0,6738250.0,-3165336.0,9076295.0,12259577.0,-8334110.0,-3163502.0,-3701983.0,-5453377.0,23332748.0,4598074.0,41560174.0,24336018.0,13674369.0,9082613.0,41416041.0,0.3290257880056036,0.5855610229158328,0.3362549306662706,0.2781859211384005,-0.4463797840102915,-0.0339974996254828,0.20491003930711044,1.478514075463127,4.249060620189314,0.28878938734520254,-0.2005311623575012,TR
BURCE,2014,1813955.0,23805648.0,23680669.0,1162502.0,-558362.0,16607309.0,14282888.0,-867664.0,5083305.0,8799017.0,-9225678.0,-270743.0,-613876.0,-7844629.0,39528975.0,7020552.0,49086995.0,32479686.0,12103857.0,13674369.0,41560174.0,0.24657971016559477,0.6616759897402561,0.5800260198050918,0.06731758810711023,-0.6435232993416806,-0.011374947682171215,0.07660066529370432,1.0052776802885088,3.206158971677466,0.3613270518651192,-0.18794546294797634,TR
BURCE,2015,4535545.0,22373352.0,20065576.0,1181391.0,-1786432.0,43665425.0,15471455.0,-2273205.0,8236174.0,12482561.0,-5974626.0,-2932983.0,-3017606.0,-7621617.0,38055310.0,10734932.0,76213562.0,32548137.0,18971106.0,12103857.0,49086995.0,0.24892034307489788,0.42706489692739985,0.5658569405494861,0.14630459897892717,-0.7858648911998698,-0.02343981770593533,0.22603612276069224,1.115011699639223,4.373755315525065,0.4065518057795351,-0.07839321300846692,TR
BURCE,2016,1987307.0,25570160.0,25237936.0,947273.0,1198083.0,42155264.0,12096109.0,-3250498.0,7702210.0,12738654.0,-4639836.0,-1162277.0,-1497662.0,-10547759.0,45812224.0,11031516.0,80131854.0,37976590.0,18733726.0,18971106.0,76213562.0,0.23378625434025274,0.4739262615838141,0.5888586178745221,0.17241811341315616,0.3685844445989507,0.014951394984571304,0.07874284965299856,1.0131636755081714,4.114091527461586,0.26403671212294777,-0.05790251651983492,TR
BURCE,2017,3078168.0,31469275.0,29250257.0,888491.0,2470621.0,39167086.0,16239277.0,-4622349.0,12373971.0,18478202.0,-594883.0,-2892279.0,-1790456.0,-11511530.0,53704848.0,16290976.0,86895545.0,47728459.0,28664947.0,18733726.0,80131854.0,0.3298782118231723,0.5492624391733777,0.5683239532938958,0.19504128311777844,0.5344946909028289,0.02843207899783585,0.10523558818645594,1.0758631966891778,4.0383681337082775,0.3023800942514538,-0.006845955106214018,TR
BURCE,2018,1454821.0,31008084.0,33611126.0,1145224.0,5458498.0,36104060.0,18905701.0,-9201695.0,12226521.0,19499130.0,-1122321.0,229400.0,-1742885.0,-14895008.0,66469340.0,19152830.0,89214316.0,53110256.0,31379351.0,28664947.0,86895545.0,0.3517299958898973,0.5953109140017394,0.6103641212974736,0.3064968800201478,0.5932057082961346,0.0611841041296556,0.0432839114048128,0.9225541566206381,3.639255873483902,0.2844273916365049,-0.012580054976826814,TR
BURCE,2019,2818078.0,35949792.0,42317039.0,1511722.0,3126522.0,73447190.0,11764820.0,-8166853.0,12890109.0,28121395.0,-65888.0,-2875418.0,-4053253.0,-14622880.0,65477818.0,24268213.0,143885624.0,70438434.0,37158322.0,31379351.0,89214316.0,0.2582490242388635,0.48954462608439603,0.6531030383987738,0.23831719527448794,0.3828306937813133,0.021729217367817095,0.06659440420677827,0.8495346756184903,3.8692678116997987,0.17967642110493054,-0.000457919270656254,TR
BURCE,2020,10504860.0,49875376.0,48745676.0,2937946.0,-551243.0,73810313.0,18497329.0,-9314277.0,17213065.0,34795081.0,8508602.0,2978703.0,1430327.0,-17254448.0,81534003.0,27206635.0,157351070.0,83540757.0,44419700.0,37158322.0,143885624.0,0.28229677751794124,0.5309195355328693,0.6124902914697758,0.22835260702937857,-0.059182586045057495,-0.0035032682014809304,0.21550342229329222,1.0231753889309074,3.843778580574529,0.22686644000540487,0.05407400153046306,TR
BURCE,2021,4504362.0,63594561.0,67419204.0,3156379.0,7825951.0,77061124.0,37636398.0,-8116283.0,8609039.0,28206345.0,3021452.0,2503513.0,2751919.0,-21804157.0,119009315.0,33704283.0,172686673.0,95625549.0,42313322.0,44419700.0,157351070.0,0.24502945864270603,0.5537517594076296,0.7965406970409934,0.1871555449780131,0.9642284528521246,0.045318789597619966,0.06681126048299235,0.9432707185329569,3.843787178180271,0.31624749709718103,0.01749672946678404,TR
BURCE,2022,78766510.0,291884104.0,212857708.0,15391643.0,75885848.0,625430034.0,153998156.0,15922773.0,19494952.0,148130914.0,84939588.0,108861975.0,106332480.0,184224511.0,556713030.0,66876673.0,986418656.0,360988622.0,86371625.0,42313322.0,172686673.0,0.08756081859830518,0.3659588348256057,0.774289855030515,0.24746908432110556,4.765868859651519,0.07693066989195306,0.3700430242347625,1.3712639619327291,6.720540892401283,0.2766203550148629,0.08610906483098794,TR
BURCE,2023,189112100.0,606215897.0,484040527.0,28821952.0,65911853.0,956404211.0,287288050.0,21586234.0,23939521.0,202829353.0,-45197280.0,78814315.0,117806077.0,412919669.0,950944976.0,22122609.0,1643274091.0,686869880.0,46062130.0,86371625.0,986418656.0,0.028030704221697608,0.4179886263417026,0.480277594631425,0.3259929313338582,3.0534206661523267,0.04011007862960337,0.3906947651100297,1.2524073154725741,6.288465931319225,0.3021079633949294,-0.02750440735817577,TR
BURCE,2024,88753862.0,537630168.0,347933378.0,44802667.0,199833583.0,1307886850.0,505069420.0,-94207052.0,8818579.0,263311164.0,30124909.0,90638921.0,134547506.0,662933293.0,1763012384.0,13488948.0,1919131392.0,611244542.0,22307527.0,46062130.0,1643274091.0,0.011623762235868841,0.3185006219730473,0.6046814602084758,2.7558146737521296,2.1212168171868915,0.1041270982450794,0.25508866815301634,1.5452100947900433,7.9709699467335495,0.2864809258197474,0.015697158165187262,TR
BURCE,2025,66389574.0,523468345.0,520439029.0,54323266.0,-184839088.0,1269976497.0,310363482.0,-41323294.0,34215840.0,280916120.0,-6386414.0,-168855321.0,-205705115.0,794792072.0,739666136.0,173545182.0,2071331646.0,801355149.0,207761022.0,22307527.0,1919131392.0,0.1003031177557744,0.38687920910565765,0.835311553290299,0.3592259279211606,-4.472999853303079,-0.08923683870564492,0.1275645566543396,1.00582069335926,5.574844635612679,0.4195994204606928,-0.003083240683515343,TR
BURVA,2010,36610.0,6568314.0,3179515.0,304845.0,-68888.0,4223026.0,1251000.0,-341625.0,497726.0,858429.0,-1297079.0,51298.0,-133958.0,-769809.0,8389064.0,1186976.0,8260970.0,4037944.0,1684702.0,,,0.20393513110445868,0.48879780461616495,0.704561400176411,0.20278066981578938,-0.20164800585437248,-0.008338972299863091,0.01151433473344205,2.065822617600483,6.679332750472358,0.14912271500133983,-0.15701291736926778,TR
BURVA,2011,431418.0,6328404.0,3123567.0,290870.0,-783568.0,3019481.0,585861.0,-510801.0,1221900.0,1673687.0,-2896009.0,-1203545.0,-1259948.0,-718511.0,4054215.0,1927481.0,7816735.0,4797254.0,3149381.0,1684702.0,8260970.0,0.4029023626872345,0.6137158289234572,0.6120189967488849,0.21133315253378976,-1.5339985630411843,-0.10024236461898733,0.13811709497507177,2.0260183309658477,5.627182595715459,0.14450664308626948,-0.3704883176927451,TR
BURVA,2012,9779.0,8795612.0,6132005.0,272473.0,-738261.0,2196272.0,359699.0,-112598.0,1146691.0,1768386.0,-2893171.0,-737687.0,-754476.0,-1922056.0,6704575.0,2868240.0,10096663.0,7900391.0,4014931.0,3149381.0,7816735.0,0.3976493025467919,0.7824754574853098,0.7143933482293967,0.03143302525071493,-6.556608465514485,-0.07311930684425141,0.00159474755809886,1.4343778258497832,4.1605396629394065,0.05364978391620647,-0.28654724833343453,TR
BURVA,2013,408372.0,6254664.0,2613679.0,266432.0,-199733.0,2145913.0,90089.0,-1038047.0,2395524.0,2784480.0,-2965884.0,-989955.0,-1161471.0,-2659743.0,6180134.0,1681809.0,7544072.0,5398159.0,4077333.0,4014931.0,10096663.0,0.5404684631853991,0.7155497720594395,0.4124777152123704,0.2565529251146527,-0.19241228961694412,-0.026475489629473315,0.15624412944359273,2.393049796857227,5.506183820529515,0.014577192015577656,-0.3931409986543076,TR
BURVA,2014,58946.0,4983345.0,3166750.0,376347.0,-504063.0,1562181.0,271276.0,-307724.0,2635262.0,3024236.0,-2911302.0,-537017.0,-653280.0,-3649698.0,4908986.0,2136175.0,7753167.0,6190986.0,4771437.0,4077333.0,7544072.0,0.6154178028152882,0.7985105957346205,0.4477005564571009,0.06955181341587588,-1.6380360322886742,-0.06501381951401279,0.018614036472724402,1.5736464829872898,3.080486214990303,0.05526110687624695,-0.37549842535314926,TR
BURVA,2015,327941.0,6613848.0,4012529.0,431286.0,-14762.0,3825555.0,889589.0,-706835.0,1002306.0,1406666.0,-1808140.0,104283.0,96432.0,-4186715.0,6513498.0,3406873.0,9244750.0,5419195.0,4409179.0,4771437.0,7753167.0,0.4769386949349631,0.5861916222721004,0.7726774077441628,0.15398422066667422,-0.02088464776079283,-0.0015967981827523729,0.08172925354558185,1.6482991150967383,4.349995538063863,0.13657622985375908,-0.19558560263933583,TR
BURVA,2016,122959.0,9055193.0,5427645.0,464127.0,790872.0,4236557.0,252490.0,-1002041.0,2001921.0,2265724.0,-1770189.0,-232309.0,-198680.0,-4030697.0,6770279.0,4300651.0,11929926.0,7693369.0,6302572.0,4409179.0,9244750.0,0.5282993373135759,0.6448798592715496,0.6823644378834546,0.1870919142911369,0.7892611180580436,0.06629311866645275,0.022654208224745724,1.6683465849369294,5.1669698162902815,0.0372938840482054,-0.14838222802052586,TR
BURVA,2017,1304803.0,11787476.0,7566965.0,436455.0,2346360.0,5011781.0,5143153.0,-1379201.0,1538751.0,1924763.0,2011120.0,897953.0,1010356.0,-4186611.0,15567812.0,5071895.0,14503509.0,9491728.0,6610646.0,6302572.0,11929926.0,0.45579631798070386,0.6544435556940048,0.7672313719415621,0.21361073591416174,1.7012458662660483,0.16177878056958492,0.17243412649589365,1.5577547933682792,5.859487354512186,0.3303709602865194,0.13866437425591283,TR
BURVA,2018,967569.0,10738437.0,6195845.0,495345.0,2053947.0,5022324.0,6826270.0,-1862442.0,2133821.0,2448807.0,4172698.0,81080.0,236828.0,-3288658.0,16550121.0,5477706.0,13666976.0,8644652.0,7611527.0,6610646.0,14503509.0,0.5569283944012194,0.6325211956178163,0.7196592746764217,0.26190681269310956,1.1028246785671716,0.15028540329623757,0.15616417131158059,1.7331674694896337,6.265888646892688,0.4124604285370482,0.3053124553668639,TR
BURVA,2019,411300.0,13249564.0,8018236.0,654934.0,1963363.0,6306391.0,394039.0,-1965984.0,2497619.0,3416141.0,513279.0,-148157.0,65433.0,-3207578.0,11339684.0,6779247.0,17740768.0,11434377.0,9276866.0,7611527.0,13666976.0,0.5229123113497679,0.6445254793930003,0.730769098098431,0.23282073078237817,0.9986668253658219,0.11066956064134315,0.051295571744209074,1.65242878857644,5.917775317860178,0.03474867553628479,0.02893217475139746,TR
BURVA,2020,2488321.0,16228231.0,10045362.0,917488.0,3691466.0,6367354.0,1556839.0,-3425054.0,2431527.0,3567381.0,4834540.0,256373.0,400698.0,-3355735.0,33060537.0,7114082.0,19980097.0,13612743.0,9545609.0,9276866.0,17740768.0,0.4777558887727122,0.6813151607822524,0.7452727217299598,0.3639323733993537,1.07778329918302,0.18475716108885756,0.2477084449520087,1.6154948920705894,6.465176626720008,0.047090553913265235,0.24196779425044834,TR
BURVA,2021,2006828.0,20787803.0,15706007.0,793206.0,1639096.0,6719818.0,6291958.0,-1794103.0,1095988.0,2580248.0,1112613.0,398089.0,673463.0,-2899291.0,17546249.0,9417817.0,25006073.0,18286255.0,10513805.0,9545609.0,19980097.0,0.42045006427038745,0.7312725592699022,0.8957572448794704,0.17887890443858429,0.9136019503896934,0.06554791709997808,0.12777455148211764,1.3235574770850413,5.031498837967748,0.3585927681751239,0.04449371158758114,TR
BURVA,2022,3384158.0,87493989.0,57245359.0,3713292.0,13132194.0,43178660.0,17799625.0,603013.0,2041504.0,14349599.0,-5473561.0,11008028.0,15198259.0,-77417409.0,82644354.0,33522829.0,114773618.0,71594958.0,35564333.0,10513805.0,25006073.0,0.3098650510433504,0.623792812735066,0.9425968708593523,0.026173496854408482,21.777630001343255,0.11441822806352589,0.059116722457797845,1.5284031846144943,4.182088194333243,0.21537617681662802,-0.04769006236258928,TR
BURVA,2023,38274348.0,146540626.0,110226053.0,3764245.0,-13979859.0,65049867.0,171322496.0,14659304.0,3854778.0,15517762.0,-8836324.0,4469251.0,6240039.0,-95881200.0,241124948.0,9652777.0,190793682.0,125743815.0,13507555.0,35564333.0,114773618.0,0.07079665772161156,0.6590564932857682,0.7146205956592441,0.5974624004684719,-0.9536509373159872,-0.07327212753302806,0.3472350407031267,1.3294554418999291,2.911114634956852,0.7105133559220094,-0.046313504238573264,TR
BURVA,2024,33592048.0,106334344.0,18549531.0,6819240.0,102660403.0,128476915.0,241324702.0,-43773493.0,617016.0,16118982.0,24817523.0,46284191.0,62500406.0,0.0,536081908.0,4656534.0,163145428.0,34668513.0,5273550.0,13507555.0,190793682.0,0.03232422792749056,0.21250067148679153,0.8829979804875274,4.6614395691840285,2.3452641305093014,0.6292570025315083,1.8109378614478178,5.732454583353078,14.899553457568528,0.4501638618999991,0.15211902229954002,TR
BURVA,2025,10446532.0,149680511.0,102311170.0,8364886.0,-60111987.0,99189181.0,107957523.0,-4982319.0,589402.0,10752153.0,-39261973.0,-52799363.0,-61182050.0,52852558.0,165899034.0,319966.0,212252505.0,113063323.0,909368.0,5273550.0,163145428.0,0.004284368752208602,0.532683103080456,0.3518553544879521,1.6116400055766549,-12.065061871791027,-0.28320978826610316,0.10210548857959498,1.4629928579645801,4.543773820635899,0.6507423243947279,-0.18497766610575456,TR
BVSAN,2020,22695941.0,175965705.0,210689926.0,2945929.0,10281081.0,47133650.0,40719964.0,-35141817.0,15061082.0,89425608.0,26650271.0,6647933.0,2590484.0,3825908.0,275598425.0,85638211.0,347249184.0,300115534.0,100699293.0,,,0.2899914460274153,0.8642656277631454,0.8504350770367375,0.3489777927239271,0.2925597444207282,0.029607214282179564,0.10772200375636375,0.8351880336224523,2.9937958189681964,0.1477510765890625,0.07674682109548168,TR
BVSAN,2021,130685834.0,429867817.0,414920843.0,6520125.0,22784563.0,70949587.0,69616146.0,-40796640.0,4257803.0,114233409.0,42263034.0,28761780.0,26688480.0,-6571143.0,505203575.0,89177334.0,600103839.0,529154252.0,93435137.0,100699293.0,347249184.0,0.15569828241008804,0.8817711496093262,0.9544303873605922,0.4202926806955366,0.5584911649586829,0.03796770078653004,0.3149657005782185,1.0360236759665507,3.7736230491275022,0.13779820540660268,0.07042620168940462,TR
BVSAN,2022,170813265.0,1415237462.0,1236615600.0,26466052.0,157914157.0,612923389.0,245034931.0,-24302485.0,1299833.0,475651102.0,-293396750.0,75622541.0,214313749.0,42086378.0,1981717710.0,25858289.0,2325190091.0,1712266702.0,27158122.0,93435137.0,600103839.0,0.011679957739850871,0.7363985889272396,0.9521383326873633,0.4030488138644632,6.497860486283605,0.06791451486535688,0.13812963785997848,1.1444441279893283,4.645191740522686,0.12364774748871775,-0.12618183396516117,TR
BVSAN,2023,242780165.0,2061730778.0,1513219867.0,46636691.0,246100610.0,1626474618.0,555493659.0,-81543875.0,18433773.0,484703306.0,-366021251.0,417687006.0,455140511.0,152784461.0,3062779182.0,135591499.0,3624397791.0,1997923173.0,154025272.0,27158122.0,2325190091.0,0.04249679005501855,0.55124279624085,0.8803198153092695,0.9001252620314641,3.0180146577532647,0.06790110362916288,0.1604394511957594,1.3624793217177606,5.691286223482898,0.18136915069314977,-0.10098815640736053,TR
BVSAN,2024,177023734.0,1930645925.0,1611317502.0,81694577.0,381928788.0,2614305360.0,1436700257.0,-182345923.0,125870.0,127139036.0,158488142.0,526823055.0,350258716.0,626651431.0,3589377700.0,351375157.0,4352761898.0,1738456538.0,351501027.0,154025272.0,3624397791.0,0.08075356181589145,0.39939159980213557,0.9996419071629057,0.7214102346829635,2.094528803915183,0.08774401103250973,0.10986272648331229,1.1981784611683564,6.369225289160411,0.4002644405463376,0.036410937633143195,TR
BVSAN,2025,206820870.0,2606204122.0,1434023353.0,93119404.0,521913148.0,2853754563.0,941357108.0,4831684.0,418728767.0,738469230.0,384832433.0,209758562.0,646853683.0,1118223419.0,3466804106.0,372381130.0,5026247146.0,2172492583.0,791109897.0,351501027.0,4352761898.0,0.15739574159809927,0.4322295581364156,0.4707072069406812,0.00845726904672933,108.0188911360925,0.10383754177614408,0.14422419939488948,1.8174070293540052,7.5821975786285964,0.27153455436688584,0.07656456632982289,TR
BYDNR,2020,13252379.0,57374612.0,91994065.0,47102706.0,-8325388.0,22867906.0,0.0,-16322968.0,13069561.0,66648374.0,275631.0,2549837.0,5401076.0,19787573.0,157039516.0,47038690.0,181510345.0,158642439.0,60108251.0,,,0.33115606165587974,0.8740132084482568,0.7825662736385393,0.2715595235003594,-0.5100413111144982,-0.0458672920267988,0.1440568910613962,0.6236773209228226,2.1973312859442666,0.0,0.0015185415464887139,TR
BYDNR,2021,35325160.0,99134244.0,136953872.0,63582023.0,25152594.0,138672087.0,0.0,-18862781.0,11231595.0,90558266.0,147578.0,32760427.0,38379273.0,-22136351.0,278900205.0,47570974.0,366184225.0,227512138.0,58802569.0,60108251.0,181510345.0,0.16058192839956445,0.62130513131744,0.8089948246989005,0.31725928725409513,1.3334509900740512,0.06868836034648954,0.2579347300235513,0.7238513417130696,3.4769860992111035,0.0,0.00040301572248231063,TR
BYDNR,2022,164064658.0,400262493.0,469101055.0,341184456.0,177881479.0,533781172.0,0.0,-26394845.0,188965605.0,359132839.0,-796541.0,131681212.0,195061826.0,202372749.0,1549790549.0,215429432.0,1362015066.0,828233894.0,404395037.0,58802569.0,366184225.0,0.2969093713387749,0.6080945172158617,0.5327202667919982,0.11396796813323772,6.7392507514251365,0.13060169702997984,0.34974267538153375,0.8532543014638925,4.957176776563821,0.0,-0.0005848253957566722,TR
BYDNR,2023,515660285.0,990005532.0,588383415.0,491801113.0,260785647.0,1341146699.0,0.0,-125435866.0,371383843.0,471655560.0,2874358.0,200439312.0,259098198.0,353949110.0,2807822423.0,187822414.0,2401185674.0,1060038975.0,559206257.0,404395037.0,1362015066.0,0.23288755345122886,0.4414648090225113,0.33587323397921137,0.26034806466335025,2.0790357281066645,0.1086070310279554,0.8764018017061205,1.6825857200614671,6.886053302636719,0.0,0.001197057783212478,TR
BYDNR,2024,577853342.0,1146398563.0,981092137.0,527948284.0,25957218.0,1627367740.0,0.0,-482695858.0,602568811.0,795073879.0,4782070.0,-153456897.0,-127414191.0,728597168.0,4123394654.0,359895726.0,3403533756.0,1776166016.0,962464537.0,559206257.0,2401185674.0,0.2827838963851311,0.5218593800836685,0.3739314147841688,0.6344287606797558,0.05377551427010588,0.007626549304598699,0.588989881997189,1.1684922544639658,5.279770479213811,0.0,0.0014050308716844118,TR
BYDNR,2025,191322662.0,725966004.0,1046601609.0,759583856.0,-204708688.0,1614560384.0,0.0,5407795.0,633926475.0,838626125.0,26197.0,-111086375.0,-54159748.0,568523358.0,4361474971.0,402071766.0,3499788118.0,1885227734.0,1035998241.0,962464537.0,3403533756.0,0.29601741764642453,0.538669105224958,0.3881008191789005,0.005411954687904625,-37.854372808140845,-0.05849173752752309,0.1828037147609621,0.6936412076545928,3.684755966382868,0.0,7.485310286432603e-06,TR
CANTE,2018,1107559.0,228978551.0,560731071.0,29923651.0,20066580.0,874683375.0,0.0,-298706313.0,978821734.0,1055268639.0,-1116625360.0,-97636618.0,-73743941.0,95383999.0,234157733.0,86700161.0,2490683085.0,1615999710.0,1065521895.0,,,0.42780307997313916,0.6488178764019671,0.08136872776321503,0.2803380337857816,0.06717829227800753,0.008056657276411382,0.001975205329757801,0.40835716592562427,3.123539566079692,0.0,-0.44832093120349753,TR
CANTE,2019,2968335.0,449658953.0,942912313.0,63637771.0,90441836.0,750765300.0,0.0,-435365238.0,949166908.0,1003088068.0,-1326853422.0,-147888570.0,-156881114.0,-2252619.0,741955505.0,396633695.0,2696765681.0,1946000381.0,1345800603.0,1065521895.0,2490683085.0,0.49904246871791896,0.7216052898887362,0.29471951053955653,0.3611007970614472,0.20773784424194197,0.033537150312022236,0.003148049886585795,0.4768831065206378,2.6778753844685133,0.0,-0.4920165779875927,TR
CANTE,2020,1203171.0,320992272.0,657896111.0,78695449.0,204857668.0,792456252.0,0.0,-702076801.0,1296196292.0,1305667876.0,-1406449386.0,37352705.0,-149929815.0,-150141189.0,739549313.0,326263819.0,2756020239.0,1963563987.0,1622460111.0,1345800603.0,2696765681.0,0.5886967330793974,0.712463558581291,0.20109204336549633,0.4730560207791774,0.29178811735156596,0.07433097373563954,0.0018288161001152354,0.4879072343384015,3.193753703258968,0.0,-0.5103189614131132,TR
CANTE,2021,23552721.0,541510344.0,1081976692.0,65633945.0,250916649.0,2615633233.0,0.0,-656608597.0,1671692344.0,1855520589.0,-2092228337.0,-180963007.0,-273086302.0,-112788484.0,1192936521.0,625446479.0,5553130514.0,2937497281.0,2297138823.0,1622460111.0,2756020239.0,0.4136655562495213,0.5289804144876974,0.27227195532883997,0.33503866495336687,0.3821403651222678,0.04518472028838759,0.021768233247671475,0.500482448470341,3.7839173952763043,0.0,-0.37676556164586483,TR
CANTE,2022,345120633.0,3567240185.0,2044598810.0,481424889.0,3683893477.0,11823040640.0,0.0,-2819887047.0,3183147116.0,3221656071.0,-3362543674.0,2607990010.0,1717328232.0,8387400759.0,11399575659.0,485547972.0,17089295521.0,5266254881.0,3668695088.0,2297138823.0,5553130514.0,0.21467795928110453,0.30816102831907954,0.13234895796823984,0.945345475273993,1.3063975313901997,0.2155673106871542,0.16879626032845044,1.7447140082214956,9.24041526618672,0.0,-0.19676315327732344,TR
CANTE,2023,161991458.0,6123904865.0,1179323550.0,1151769432.0,872837098.0,24296259548.0,0.0,-2645188787.0,3115157.0,170834166.0,43891561.0,645027971.0,-150960416.0,15406720689.0,8418613192.0,16474148.0,25646417264.0,1350157716.0,19589305.0,3668695088.0,17089295521.0,0.0007638222835708753,0.05264508106928537,0.8409766451642874,1.4343735488620712,0.32997157038077224,0.03403349048778075,0.13735963976976462,5.192726682173014,25.596742798124577,0.0,0.0017114110149650725,TR
CANTE,2024,205988795.0,6991364713.0,4181599903.0,1967312857.0,555023244.0,29508658223.0,54162391.0,-2337677572.0,21560553.0,120316414.0,2166893756.0,-1613206478.0,-1642755227.0,17844643533.0,7989409902.0,82132521.0,33810574540.0,4301916317.0,103693074.0,19589305.0,25646417264.0,0.0030668829326554238,0.12723582416236573,0.7920733548703551,37.923952976280574,0.23742506265530447,0.01641567029106155,0.04926076137801173,1.6719353537348693,12.828434987132976,0.006779273020707256,0.06408923200747242,TR
CANTE,2025,560498180.0,5096053410.0,2293766609.0,2229612295.0,-938412729.0,31654725518.0,65396573.0,-2729745055.0,13514804.0,85233662.0,2573303967.0,-1101365637.0,-1154792936.0,18033394860.0,6778575491.0,731736104.0,34033725790.0,2379000271.0,745250908.0,103693074.0,33810574540.0,0.021897423532129832,0.06990125870083294,0.9818654310180324,6.430919148679471,-0.34377303011544424,-0.02757302373505431,0.24435711017885867,2.2216965710481316,19.30340963725241,0.009647539233992135,0.07561041018189386,TR
CASA,2014,80275.0,6094771.0,22067333.0,820160.0,-10143975.0,26708695.0,0.0,-2132582.0,0.0,6126997.0,0.0,-12710715.0,-12841508.0,-672893.0,4316257.0,499241.0,54903025.0,28194330.0,499241.0,,,0.009093141953471598,0.5135296279212302,1.0,4.271648362213841,-4.756663518682986,-0.18476167752141162,0.0036377300328952304,0.2761897416420915,1.0546635691699926,0.0,0.0,TR
CASA,2015,5752.0,24197147.0,43537796.0,586475.0,-4407869.0,28850778.0,0.0,-1546005.0,517815.0,7544800.0,-5496491.0,-2414726.0,-1741204.0,-9060446.0,6439984.0,3741180.0,79933374.0,51082596.0,4258995.0,499241.0,54903025.0,0.05328181192501645,0.6390646790413226,0.8784185001391174,0.6498227494390778,-2.8511350222023863,-0.05514428804168832,0.00013211509374521393,0.5557733560973092,1.5156805223883727,0.0,-0.06876340538308817,TR
CASA,2016,23869.0,48922817.0,38453307.0,854299.0,-2325320.0,32606333.0,0.0,-537387.0,0.0,7036546.0,-551914.0,-2339182.0,-2049411.0,-3859539.0,0.0,870876.0,78096186.0,45489853.0,870876.0,4258995.0,79933374.0,0.011151325622995213,0.5824849500332833,1.0,0.20951287079148773,-4.327086438637332,-0.02977507762030786,0.0006207268467182809,1.2722655297241405,4.520851061480442,,-0.007067105684264786,TR
CASA,2017,2937.0,74614373.0,45793454.0,722946.0,-2702574.0,44655503.0,0.0,-59828.0,0.0,6072814.0,0.0,-3982420.0,-4918163.0,15097799.0,522676.0,0.0,96521771.0,51866268.0,0.0,870876.0,78096186.0,0.0,0.5373530496037003,,0.13739728732908013,-45.1723941966972,-0.027999631295617236,6.413580421341443e-05,1.6293676602773837,6.434572917941706,0.0,0.0,TR
CASA,2022,17837.0,603866111.0,35906910.0,30496935.0,189545181.0,475890602.0,972243735.0,0.0,0.0,181439626.0,0.0,138217850.0,202140206.0,-187938276.0,1705715830.0,0.0,693237138.0,217346536.0,0.0,0.0,96521771.0,0.0,0.3135240801250899,,,inf,0.2734204078374116,0.0004967567523911136,16.817546009946273,11.877129761671162,0.5699916233995437,0.0,TR
CASA,2023,13280.0,28566591.0,141246292.0,48795615.0,281232704.0,225720834.0,856824126.0,-620527.0,0.0,104027.0,0.0,280947328.0,280686887.0,-497852739.0,864496677.0,0.0,367071153.0,141350319.0,0.0,0.0,693237138.0,0.0,0.38507607542780675,,inf,453.2159019671989,0.7661531060164785,9.40201672692406e-05,0.20224666145572162,3.640076034284477,0.991124834595518,0.0,TR
CASA,2024,2288.0,28928678.0,23251424.0,0.0,-1453728.0,290230380.0,0.0,11384191.0,0.0,0.0,0.0,9930463.0,9930463.0,-286776258.0,0.0,0.0,313481804.0,23251424.0,0.0,0.0,367071153.0,0.0,0.07417152671483286,,inf,-0.1276970844919942,-0.0046373600682736915,9.840257525732617e-05,1.2441680131074984,13.461736047126386,,0.0,TR
CASA,2025,33168.0,31890884.0,101236839.0,0.0,-126195210.0,175579300.0,1256274462.0,-18167693.0,0.0,0.0,0.0,-144362903.0,-144362903.0,-304069375.0,1256274462.0,0.0,276816140.0,101236839.0,0.0,0.0,313481804.0,0.0,0.3657187005064083,,inf,-6.946132896455262,-0.45588096850133086,0.00032762777194179286,0.315012640803611,-3.216779332179224,1.0,0.0,TR
CATES,2020,82061639.0,189974513.0,2383586385.0,46476374.0,21014926.0,-1757924278.0,0.0,-358237790.0,124759549.0,131383319.0,-143051315.0,-333361634.0,-333361634.0,-1472826357.0,461703016.0,2003437456.0,757045426.0,2514969704.0,2128197005.0,,,2.811187984114443,3.3220855943722456,0.9413778194843386,0.16832924262103263,0.05866194630108677,0.027759134760296407,0.034427801533192595,0.07970112356553001,-22.64792873664653,0.0,-0.1889600149304647,TR
CATES,2021,4339896.0,166924184.0,190862118.0,87137827.0,-52194483.0,889921838.0,0.0,-238838120.0,2237062727.0,2772566079.0,-266988110.0,-169721406.0,-284969201.0,-1757662951.0,630496326.0,46913907.0,3853350035.0,2963428197.0,2283976634.0,2128197005.0,757045426.0,0.5927249311001148,0.7690524271304618,0.020540449627034146,0.10826324598327985,-0.21853497674491829,-0.013545222345729616,0.0227383833181606,0.8745799624837025,1.9465274523665093,0.0,-0.06928727148453825,TR
CATES,2022,40945410.0,1381046849.0,521642468.0,638320314.0,1386491972.0,5943961180.0,0.0,1465188318.0,3827207885.0,5841287861.0,59335834.0,2537094209.0,2868142777.0,1004822598.0,6414685218.0,18244508.0,12306891509.0,6362930329.0,3845452393.0,2283976634.0,3853350035.0,0.31246333732509385,0.5170217291951266,0.004744437360142869,0.4780831335336057,0.946289261910427,0.1126598029231071,0.07849324491732142,2.6474969614628847,5.71219834011252,0.0,0.004821350213139349,TR
CATES,2023,1651443697.0,3138034706.0,2878546323.0,1056402230.0,1414169185.0,11670068941.0,0.0,787319142.0,61155950.0,1584418601.0,410480308.0,2196636794.0,1459057163.0,5178701989.0,7646176781.0,1770911535.0,16133033865.0,4462964924.0,1832067485.0,3845452393.0,12306891509.0,0.11356000987356757,0.27663519219917043,0.9666191608656818,0.2773461507552999,1.7961829067278032,0.08765674186477634,0.5737075286246835,1.090145633900921,7.736638386190041,0.0,0.02544346658135525,TR
CATES,2024,522186847.0,2267645764.0,391374142.0,1181247472.0,185300306.0,10984874050.0,0.0,-403241167.0,86373918.0,924101079.0,29395609.0,-4488899887.0,-5672244559.0,9645942943.0,7065327252.0,22016234.0,12300349271.0,1315475221.0,108390152.0,1832067485.0,16133033865.0,0.008811957255193294,0.10694616811422086,0.20312024287962988,0.415614501766111,0.45952725357527796,0.015064637752756703,1.3342395190737972,5.794061284713082,15.676402123628897,0.0,0.002389819049228525,TR
CATES,2025,1413920625.0,3483045344.0,465136644.0,972463082.0,433304312.0,15025311141.0,0.0,-624969840.0,98288255.0,2149654525.0,20500716.0,2105414196.0,3251241625.0,6075976642.0,7654011325.0,13561643.0,17640102310.0,2614791169.0,111849898.0,108390152.0,12300349271.0,0.006340660390421511,0.14822993217662353,0.121248595148473,5.675351417691742,0.6933203560671024,0.024563594041876052,3.039796247487222,7.488219620899187,11.693834645256821,0.0,0.0011621653684161654,TR
CCOLA,2010,491656000.0,1293845000.0,880600000.0,147302000.0,271846000.0,1435035000.0,633839000.0,-190883000.0,617895000.0,698407000.0,-598036000.0,198373000.0,255260000.0,561188000.0,2753161000.0,627652000.0,3014042000.0,1579007000.0,1245547000.0,,,0.4132480569282047,0.5238835424323881,0.5039167530410333,0.15325234615795308,1.424149871911066,0.09019316917282506,0.5583193277310924,1.4692766295707471,6.316762725072293,0.230222279045795,-0.19841661131463995,TR
CCOLA,2011,522181000.0,1419862000.0,526112000.0,153779000.0,328305000.0,1670096000.0,962760000.0,-337877000.0,1508647000.0,1591369000.0,-792431000.0,141473000.0,183358000.0,673332000.0,3408583000.0,125364000.0,3787577000.0,2117481000.0,1634011000.0,1245547000.0,3014042000.0,0.4314132755584903,0.559059525390507,0.07672163773683287,0.2346728213149379,0.9716701639945897,0.08667942592322216,0.9925282069217201,2.698782768688036,6.788137904460209,0.2824516815345262,-0.20921845285257568,TR
CCOLA,2012,488968000.0,1502303000.0,555888000.0,167807000.0,462465000.0,1910136000.0,1063695000.0,-158001000.0,1405375000.0,1615342000.0,-997958000.0,384934000.0,480755000.0,748871000.0,3819302000.0,129474000.0,4081366000.0,2171230000.0,1534849000.0,1634011000.0,3787577000.0,0.37606257316790503,0.531986104652217,0.0843561809663361,0.09972103532500647,2.9269751457269257,0.11331132762903401,0.8796160377630026,2.7025282071208587,7.054527796521869,0.2785050776293679,-0.24451568420964942,TR
CCOLA,2013,916770000.0,2802351000.0,1815250000.0,279561000.0,594016000.0,2871339000.0,2278575000.0,-510418000.0,1917577000.0,2319186000.0,-2338447000.0,502169000.0,573977000.0,1039151000.0,5186445000.0,1168654000.0,7005775000.0,4134436000.0,3086231000.0,1534849000.0,4081366000.0,0.4405267083227766,0.5901468431401237,0.3786670537623399,0.22090853220459286,1.1637834088923196,0.0847894772526951,0.5050378735711335,1.5437823991185786,5.956844128989153,0.4393327221246923,-0.3337884816454996,TR
CCOLA,2014,756968000.0,2249180000.0,1443236000.0,306814000.0,628536000.0,3373032000.0,2928773000.0,-644327000.0,2015097000.0,2385592000.0,-1978780000.0,347204000.0,432946000.0,1423042000.0,5985370000.0,628586000.0,7201860000.0,3828828000.0,2643683000.0,3086231000.0,7005775000.0,0.3670833645752625,0.5316443252159859,0.23776905173577922,0.2248993614912894,0.9754922578131912,0.08727412085211321,0.5244935686194081,1.558428420577092,6.139756989574231,0.4893219633873929,-0.27475957599842266,TR
CCOLA,2015,1002214000.0,2658277000.0,1521963000.0,361643000.0,639512000.0,4141571000.0,3359405000.0,-782031000.0,2810946000.0,3282284000.0,-2213052000.0,126653000.0,203946000.0,1629501000.0,6723866000.0,562997000.0,8945818000.0,4804247000.0,3373943000.0,2643683000.0,7201860000.0,0.37715310103559,0.5370383122035347,0.1668661859432717,0.2599134608897263,0.8177578638186977,0.07148725806851872,0.6585008965395348,1.7466107914581366,6.062641603255682,0.49962402582085963,-0.2473839731593019,TR
CCOLA,2016,1466109000.0,3132848000.0,1497639000.0,424188000.0,640745000.0,4996947000.0,3450087000.0,-801815000.0,3404663000.0,3961360000.0,-2185676000.0,22391000.0,70766000.0,1739892000.0,7050245000.0,365484000.0,10455946000.0,5458999000.0,3770147000.0,3373943000.0,8945818000.0,0.36057445208687955,0.5220951791449573,0.0969415781400566,0.2244694565717957,0.7991182504692479,0.06128044272608141,0.9789468623613568,2.0918579176957866,6.191323831620826,0.4893570365285178,-0.20903665722833686,TR
CCOLA,2017,3874702000.0,5705260000.0,4155924000.0,497250000.0,874020000.0,5422448000.0,4440759000.0,-947436000.0,3323403000.0,3956377000.0,-3000923000.0,281497000.0,421022000.0,1643156000.0,8392143000.0,2825041000.0,13534749000.0,8112301000.0,6148444000.0,3770147000.0,10455946000.0,0.4542710027352557,0.59936841089554,0.4594725104432926,0.19104245754260862,0.922510860891923,0.06457600358898417,0.9323322563165255,1.3728018125451764,5.532497483071133,0.5291567362472255,-0.22171988560704006,TR
CCOLA,2022,23083020000.0,46524391000.0,28384514000.0,3984356000.0,11473931000.0,47150303000.0,56251909000.0,1892703000.0,24807852000.0,31724413000.0,-26084168000.0,14387234000.0,19003005000.0,14177975000.0,93189575000.0,9537625000.0,107259230000.0,60108927000.0,34345477000.0,6148444000.0,13534749000.0,0.3202099903197142,0.5604079667549356,0.27769668186585383,0.09348084617441714,6.062193064627678,0.1069738333941051,0.8132258315220757,1.6390765401162055,6.332858859956173,0.6036287749997786,-0.24318809672603467,TR
CCOLA,2023,31409153000.0,69669265000.0,59928704000.0,5323621000.0,20898788000.0,64905234000.0,78536713000.0,6930264000.0,27397728000.0,34211029000.0,-6646357000.0,30551384000.0,37475349000.0,27202084000.0,145883975000.0,26079652000.0,159044967000.0,94139733000.0,53477380000.0,34345477000.0,107259230000.0,0.33624063061360504,0.5919063946236035,0.4876763222132423,0.15782369730923237,3.01558324473642,0.1314017563347352,0.5241086641887,1.162535819229463,5.8162806111833545,0.5383505145099042,-0.04178916897131363,TR
CCOLA,2024,30437216525.0,79526550633.0,69356902563.0,7561445642.0,24719537242.0,80699288307.0,98821480444.0,-3823366233.0,36307907631.0,44092464483.0,-33897567282.0,19491824596.0,26102702659.0,70438492054.0,180216669597.0,28018526554.0,194148655352.0,113449367046.0,64326434185.0,53477380000.0,159044967000.0,0.33132567448573547,0.5843427905298202,0.4355678487232783,0.06491073755890037,6.465385666861383,0.12732273214657294,0.43884913253374463,1.1466277716304076,6.378867660022569,0.5483481670423958,-0.17459594155077834,TR
CCOLA,2025,30975415530.0,86690097103.0,75172901757.0,8994606348.0,29622851151.0,102010808636.0,125134188226.0,-9605843469.0,38320321082.0,47470428669.0,-39140319243.0,16796253439.0,25122927851.0,100643462036.0,220425621954.0,23054808832.0,224654139062.0,122643330426.0,61375129914.0,64326434185.0,194148655352.0,0.27319830460395705,0.545920635774055,0.3756376379863446,0.1528357031649126,3.0838365466394424,0.13185980580943,0.4120556052249987,1.1532094022820867,6.8062184699610295,0.5676934791732783,-0.17422478573696817,TR
CELHA,2010,6939824.0,47247834.0,41592939.0,3097309.0,2843168.0,32520737.0,34630423.0,-7261417.0,2256768.0,4071491.0,-17182848.0,1634760.0,2159474.0,5522085.0,98498025.0,23918705.0,78185167.0,45664430.0,26175473.0,,,0.3347882214026607,0.5840549013599984,0.9137831052756907,0.2774130194323518,0.39154451534734885,0.0363645446968221,0.1668510128606204,1.1359580528800814,4.946858998594468,0.3515849480230695,-0.2197712003352247,TR
CELHA,2011,2435337.0,60028878.0,58989802.0,2975658.0,2642146.0,29670968.0,35005560.0,-12479702.0,1794313.0,3494872.0,-26139280.0,-2849769.0,-2340449.0,7121528.0,125429696.0,23999126.0,92155642.0,62484674.0,25793439.0,26175473.0,78185167.0,0.2798899605083322,0.6780341674577016,0.9304352940296173,0.4802756694232891,0.21171547205213714,0.028670474673704732,0.041284034145427376,1.0176145022490497,4.26714922216763,0.2790851059704394,-0.283642752985216,TR
CELHA,2012,1914610.0,42197881.0,39976321.0,3253370.0,1180939.0,30060868.0,40469054.0,-4885640.0,863345.0,3031486.0,-23312840.0,389900.0,394225.0,4271759.0,121234845.0,31179989.0,73068675.0,43007807.0,32043334.0,25793439.0,92155642.0,0.4385372254252592,0.5885943189745811,0.9730569546851773,0.16894580200731463,0.2417163360378579,0.016162042078907275,0.0478936018149344,1.0555718971738295,4.4825554998149855,0.33380711626265536,-0.3190538216273937,TR
CELHA,2013,13821896.0,68464477.0,56140620.0,3711000.0,9564238.0,27495236.0,42850240.0,-10086691.0,11746000.0,16567719.0,-36593986.0,-608127.0,-522453.0,4758001.0,131941746.0,33960526.0,100203575.0,72708339.0,45706526.0,32043334.0,73068675.0,0.4561366797541904,0.7256062371028179,0.7430126279997741,0.2594651874614308,0.9482037270696604,0.0954480715882642,0.2462013422723155,1.219517650499763,5.250075160553294,0.3247663556005997,-0.3651964114054813,TR
CELHA,2014,12917251.0,68181468.0,59717928.0,4215072.0,9664422.0,34611108.0,55634645.0,-2327875.0,0.0,5592278.0,-18685993.0,7823728.0,9733611.0,4149874.0,156987144.0,50668797.0,99921314.0,65310206.0,50668797.0,45706526.0,100203575.0,0.5070869764582959,0.6536163645726276,1.0,0.04830852810734549,4.151606937657735,0.096720325355209,0.2163044069445946,1.1417252788810757,5.147445379376567,0.3543898155125365,-0.1870070783897017,TR
CELHA,2015,13024999.0,78642021.0,73178937.0,4499635.0,8504867.0,31954352.0,38303166.0,-7685496.0,0.0,5729719.0,-46568213.0,635679.0,819371.0,8098425.0,139874906.0,41751369.0,110863008.0,78908656.0,41751369.0,50668797.0,99921314.0,0.37660324893944785,0.7117672289750608,1.0,0.1663164292520314,1.1066126376228678,0.07671510229994842,0.17798836022993883,1.0746537764001682,4.752128708416551,0.27383872558241434,-0.42005186256537436,TR
CELHA,2016,17854212.0,96240548.0,86425890.0,4770657.0,6471199.0,33582766.0,43940071.0,-3857901.0,0.0,5994192.0,-45952286.0,2058536.0,2613298.0,8430059.0,152904029.0,27962323.0,126002848.0,92420082.0,27962323.0,41751369.0,110863008.0,0.22191818235727498,0.7334761353965586,1.0,0.11067843028597596,1.6773885592191193,0.0513575613782952,0.206584068732182,1.1135615496698963,4.705742170171204,0.28737026282021644,-0.3646924393327998,TR
CELHA,2017,11225922.0,110214023.0,100942488.0,5250228.0,17567251.0,42616670.0,78628759.0,-4165118.0,0.0,6799059.0,-13374885.0,10765070.0,13402133.0,9242351.0,225121382.0,24603251.0,150358217.0,107741547.0,24603251.0,27962323.0,126002848.0,0.1636309041892935,0.7165657398025677,1.0,0.1584732243197801,4.21770787766397,0.1168359890833236,0.1112110690198165,1.091849677808615,5.055358145995959,0.34927272701266554,-0.08895346903455233,TR
CELHA,2018,2948073.0,141724499.0,143435863.0,6594953.0,31412910.0,54935200.0,127112779.0,-8603676.0,0.0,8191123.0,-46555141.0,18372631.0,23220163.0,13779136.0,311900263.0,67843481.0,206562186.0,151626986.0,67843481.0,24603251.0,150358217.0,0.3284409519175015,0.734050064710295,1.0,0.18613261526648664,3.6511033190929085,0.15207483329015506,0.020553248945837207,0.988068785837751,4.8154782403861285,0.4075430324340573,-0.2253807528934652,TR
CELHA,2019,17230550.0,165895448.0,195547886.0,12928133.0,-4042884.0,33484738.0,189613558.0,-10319148.0,0.0,10692353.0,-99463011.0,-10447614.0,-14362032.0,20421269.0,315152125.0,73253312.0,239724977.0,206240239.0,73253312.0,67843481.0,206562186.0,0.30557229754161164,0.8603201951709855,1.0,0.14627048256157035,-0.39178467059489797,-0.016864675723798277,0.08811422282519588,0.8483622676442536,2.773422527711006,0.6016572409276948,-0.4149046638556983,TR
CELHA,2020,11738954.0,179342846.0,217232043.0,12492305.0,12505050.0,24020820.0,173445435.0,-22848337.0,389314.0,14370303.0,-41252736.0,-8131158.0,-10343287.0,9973655.0,335265960.0,82320105.0,255623166.0,231602346.0,82709419.0,73253312.0,239724977.0,0.32355995074405736,0.9060303478128426,0.9952929907535683,0.29299739564062904,0.547306790861847,0.048919861981523226,0.05403877732715518,0.8255819147270093,2.842496578296262,0.5173368480355118,-0.16138105417253146,TR
CELHA,2021,75911415.0,480915117.0,494935687.0,12963456.0,31523969.0,51461783.0,364889016.0,-22633742.0,9583945.0,31315297.0,33383736.0,7572680.0,10202725.0,1842497.0,686839428.0,201571973.0,577712767.0,526250984.0,211155918.0,82709419.0,255623166.0,0.36550329170759005,0.9109215064308939,0.954611999082119,0.1540415908256645,1.3927864424715983,0.05456685536603348,0.1533763213966828,0.9716719356306994,3.570559964566958,0.5312581094281618,0.05778604508492713,TR
CEMAS,2010,8926828.0,34791700.0,71822541.0,1035993.0,941911.0,40113741.0,7318189.0,-1834294.0,90741.0,1858093.0,1285366.0,-1570036.0,432244.0,-1281770.0,35003194.0,76747.0,113794375.0,73680634.0,167488.0,,,0.0014718477956401623,0.6474892454042653,0.45822387275506304,10.951793561329767,0.5135005620691121,0.008277307204332375,0.12429006097124856,0.4844119898236405,1.7058036804420968,0.20907203496915167,0.011295514387244536,TR
CEMAS,2011,35022696.0,91623361.0,80476076.0,1714726.0,5529708.0,87031362.0,13812890.0,-6710997.0,2975836.0,6789778.0,280583.0,3321274.0,3674481.0,-2366817.0,76403321.0,3823741.0,174297216.0,87265854.0,6799577.0,167488.0,113794375.0,0.0390113918973898,0.5006726785584458,0.5623498344088169,1.926491858479862,0.8239771229222722,0.031725739096142534,0.4351938829621862,1.1385167562096343,4.8856561263056015,0.1807891308808422,0.0016097962230217147,TR
CEMAS,2012,40184253.0,177875055.0,78779714.0,3085168.0,-10125263.0,265934838.0,16985578.0,-9346878.0,2558382.0,7694930.0,87182989.0,3563596.0,2801636.0,72748.0,85921833.0,1511147.0,352409482.0,86474644.0,4069529.0,6799577.0,174297216.0,0.011547728446194306,0.24538115010197142,0.3713321615351555,1.719898214259756,-1.083277539302428,-0.028731528285042,0.510083763441944,2.2578789128378913,8.131285334387693,0.19768640177869576,0.24739115561027952,TR
CEMAS,2013,14089528.0,199082714.0,68889994.0,4855759.0,-2645980.0,299656610.0,21455295.0,-7042286.0,2265729.0,7832974.0,145554768.0,25459122.0,25353898.0,2793768.0,88832701.0,11930321.0,376379578.0,76722968.0,14196050.0,4069529.0,352409482.0,0.037717375834881245,0.20384466236900878,0.8403972231712342,0.7710991258475847,-0.375727427145106,-0.007030083869215667,0.20452212552087026,2.8898640055041955,9.597093760698101,0.24152473985903006,0.3867233412966949,TR
CEMAS,2014,24580788.0,79677685.0,61357198.0,3618925.0,-988391.0,263931693.0,30221416.0,-10059633.0,3049650.0,10208587.0,127913864.0,-22191600.0,-23755075.0,33280466.0,113131248.0,12443215.0,335497478.0,71565785.0,15492865.0,14196050.0,376379578.0,0.046178782303692906,0.2133124380744227,0.8031577761763238,0.6776692917204957,-0.09825318677132655,-0.002946045990843484,0.4006178378615008,1.2985874126781343,7.784164565749386,0.26713588450823067,0.38126624606102105,TR
CEMAS,2015,25755889.0,125420391.0,72620362.0,6474852.0,-6601048.0,208106875.0,18913485.0,-22191394.0,52633700.0,60664671.0,-35286620.0,-15076266.0,-14238643.0,9537328.0,96055429.0,25434154.0,341391908.0,133285033.0,78067854.0,15492865.0,335497478.0,0.2286751741051812,0.3904164975111244,0.3257954804291149,0.4743741655084972,-0.29745981708044117,-0.019335689702405016,0.3546648390433526,1.7270692068431166,5.8651494506809865,0.19690178053340432,-0.10336103221286663,TR
CEMAS,2016,19251160.0,148197455.0,86060389.0,7016590.0,-1654959.0,189736189.0,22597384.0,-25890966.0,58679095.0,68287394.0,-60556196.0,-25547502.0,-22492122.0,-6858359.0,118402634.0,29745092.0,344083972.0,154347783.0,88424187.0,78067854.0,341391908.0,0.25698432416375383,0.44857591623012305,0.3363909017337078,0.31101746178965994,-0.06392032649534977,-0.004809753242443969,0.22369362053429714,1.722017024580263,5.628090539286218,0.19085203797070932,-0.1759924929022849,TR
CEMAS,2017,3332314.0,138080504.0,129939061.0,7457062.0,-3311423.0,97875143.0,35643196.0,-19952562.0,58903308.0,69327375.0,-55095212.0,-38627363.0,-38206457.0,-51232596.0,147252577.0,38921976.0,297141579.0,199266436.0,97825284.0,88424187.0,344083972.0,0.32922112189489305,0.6706110826718061,0.3978723537362795,0.2142563078742919,-0.165964801913659,-0.01114425995562203,0.02564520610165099,1.0626558552704948,3.308502374693596,0.24205481986233762,-0.1854173764083013,TR
CEMAS,2018,1343431.0,192804490.0,130053565.0,7045867.0,1403392.0,120931796.0,60559054.0,-57237262.0,74740213.0,84244509.0,-79669904.0,-32174264.0,-31899579.0,-75906947.0,141209515.0,32855865.0,335229870.0,214298074.0,107596078.0,97825284.0,297141579.0,0.32096208491206346,0.6392570984202571,0.3053630356303508,0.5572668922329509,0.024518852771119624,0.0041863572598706674,0.010329828328812055,1.4825006142661294,4.360445540825468,0.4288595849932634,-0.23765753332183676,TR
CEMAS,2019,2102797.0,156384214.0,141079312.0,8345072.0,-6812939.0,127774702.0,63123561.0,-34952828.0,61582061.0,78047355.0,-71497063.0,-21358500.0,-21061705.0,-101185627.0,145340024.0,43142847.0,346901369.0,219126667.0,104724908.0,107596078.0,335229870.0,0.30188669563884024,0.6316684988348951,0.4119635703093671,0.3292451552575213,-0.19491810505290158,-0.019639412261875506,0.014905069851772456,1.108484382175042,3.068817058630484,0.43431643440488216,-0.2061019914856548,TR
CEMAS,2020,87346858.0,234727943.0,81785727.0,12378599.0,24490585.0,540588390.0,67428827.0,-17640574.0,0.0,43746475.0,94722018.0,40004102.0,31546868.0,-129170098.0,202781785.0,0.0,666120592.0,125532202.0,0.0,104724908.0,346901369.0,0.0,0.18845266684084133,,0.33689356881554866,1.388309983564027,0.03676599296603039,1.0679963510014405,2.8700355381080125,8.892783876447467,0.3325191510667489,0.1421995043203829,TR
CEMAS,2021,511335369.0,727817121.0,80827138.0,13725819.0,36301776.0,1136810924.0,121614145.0,-23177605.0,0.0,25429050.0,529796110.0,322852529.0,296430372.0,-78210128.0,332906130.0,0.0,1243067112.0,106256188.0,0.0,0.0,666120592.0,0.0,0.08547904370910586,,inf,1.5662436218064808,0.029203391876077563,6.326283246599676,9.004613289660213,17.889190127504378,0.36531062074465254,0.42620072953872823,TR
CEMAS,2022,817287511.0,1599280711.0,294723875.0,84768855.0,294648908.0,3168865779.0,567331583.0,-1059162037.0,0.0,36460643.0,978882661.0,-215506563.0,-344948815.0,-1258015127.0,1845275289.0,0.0,3500050297.0,331184518.0,0.0,0.0,1243067112.0,0.0,0.09462278821646317,,inf,0.2781905862436042,0.08418419251076266,2.773061771802505,5.426369719792806,15.135753149218756,0.307450918777247,0.2796767411711284,TR
CEMAS,2023,668163368.0,1811544838.0,786544379.0,182625727.0,-118218263.0,4245134582.0,544762520.0,-1109531881.0,1331509.0,35102459.0,831822662.0,-431363783.0,-468823088.0,-2117472397.0,2384303344.0,99537751.0,5066781420.0,821646838.0,100869260.0,0.0,3500050297.0,0.019907955689945668,0.16216346628980888,0.9867996553161984,21.99940558699449,-0.10654787394973467,-0.023332023468263213,0.849492267492258,2.303169263383675,8.482837068771788,0.22847869645901903,0.1641718071193211,TR
CEMAS,2024,99880619.0,1625238229.0,602987979.0,295426905.0,-329477730.0,4761101599.0,469769441.0,-566469654.0,286857639.0,326084282.0,-165499217.0,-630317933.0,-578073530.0,-2785327660.0,2462207642.0,148564432.0,5690173860.0,929072261.0,435422071.0,100869260.0,5066781420.0,0.07652175165698716,0.1632766034674378,0.34119637449430074,2.1125445117441215,-0.5816335044136363,-0.057902928470449234,0.1656428029720307,2.6953078429445774,7.824450586401194,0.1907919677393317,-0.02908508967773438,TR
CEMAS,2025,16643475.0,952059720.0,718045856.0,315596406.0,-832018702.0,4122347200.0,456777976.0,-533768111.0,580797439.0,619450704.0,-536609436.0,-1598180805.0,-1601410881.0,-2485993590.0,2019220072.0,223818678.0,5459843760.0,1337496560.0,804616117.0,435422071.0,5690173860.0,0.1473698062378254,0.24496974983035047,0.278168275866142,0.8608897954358805,-1.5587643488878262,-0.15238873831803568,0.023178846950966874,1.325903787403795,4.259005080571161,0.2262150531950536,-0.09828292888732772,TR
CEMTS,2010,179115.0,84833821.0,25013749.0,4219336.0,-7883981.0,130051905.0,108700874.0,-5544032.0,26266.0,2689015.0,3118843.0,-4061972.0,-6157472.0,17699795.0,167856930.0,15177948.0,157754669.0,27702764.0,15204214.0,,,0.09637885266013901,0.17560661865418387,0.9982724526239897,0.3646378563206227,-1.4220662867746796,-0.049976213382312,0.007160661922369174,3.39148765744791,10.696730846970937,0.6475804960807993,0.019770210414501267,TR
CEMTS,2011,12797842.0,111524493.0,29642913.0,4705006.0,23601466.0,153806316.0,139859023.0,-4352757.0,13658.0,3286912.0,4944471.0,23754411.0,28801963.0,13637823.0,229552826.0,14114558.0,186736141.0,32929825.0,14128216.0,15204214.0,157754669.0,0.07565871247173304,0.17634414432929724,0.9990332820506141,0.29678802608580335,5.422187822568547,0.12638938490219737,0.4317336153838862,3.762264963635659,12.118171304153861,0.6092672673086587,0.0264783826715151,TR
CEMTS,2012,10751678.0,82901435.0,17274838.0,4952747.0,-2398448.0,157261010.0,118025673.0,-844805.0,1051.0,4609782.0,9793416.0,9202771.0,11420659.0,31749545.0,196223794.0,8661734.0,179145630.0,21884620.0,8662785.0,14128216.0,186736141.0,0.04835610558850919,0.12216105969205054,0.9998786764302704,0.07413496230376192,-2.839055166576902,-0.013388258479986367,0.6223895124226346,4.798970328983693,13.686134430409826,0.601485021740024,0.05466734522075699,TR
CEMTS,2013,4103448.0,131064715.0,21922731.0,4860967.0,19421100.0,170437556.0,126397132.0,-2574991.0,0.0,5627611.0,25488443.0,13536294.0,17152919.0,40952316.0,221873065.0,7918628.0,197987898.0,27550342.0,7918628.0,8662785.0,179145630.0,0.03999551528144412,0.13915164653144607,1.0,0.3105876441290015,7.542201118372841,0.09809235916025534,0.18717777452088427,5.97848484296961,14.695450132406558,0.5696821829184178,0.12873737868564067,TR
CEMTS,2014,6667732.0,116898817.0,27760730.0,5522318.0,15046739.0,182675828.0,137995094.0,-789651.0,0.0,6881902.0,19988842.0,15693913.0,18058938.0,50904356.0,257676372.0,5051062.0,217318460.0,34642632.0,5051062.0,7918628.0,197987898.0,0.023242673447989647,0.1594095227805314,1.0,0.1217686775859716,19.054922997628065,0.06923820001301316,0.24018575880389312,4.210941751171529,12.706439339745632,0.5355364674258919,0.09197949405678653,TR
CEMTS,2015,8430488.0,122391675.0,35520125.0,8448207.0,12590849.0,184019172.0,117002147.0,-3614379.0,12710400.0,20050033.0,1013310.0,7725942.0,9425125.0,59278241.0,256956874.0,15016927.0,239589330.0,55570158.0,27727327.0,5051062.0,217318460.0,0.1157285551906673,0.2319392019669657,0.5415930284228263,0.22053426725761294,3.483544199432323,0.05255179352102199,0.23734398457212635,3.4456994450329215,10.265331786842463,0.4553376805167703,0.004229361966995776,TR
CEMTS,2016,10413502.0,148253017.0,69032204.0,10280383.0,33179805.0,208499731.0,128758571.0,-5080417.0,7419800.0,15118152.0,-5623087.0,28698151.0,34715022.0,63207874.0,296686624.0,41465684.0,292650087.0,84150356.0,48885484.0,27727327.0,239589330.0,0.16704414647927304,0.28754597978301644,0.8482207929044949,0.13262578239036288,6.530921575925755,0.11337705496735424,0.1508499134693715,2.1475921151235444,9.093394836273685,0.43398845982352074,-0.01921436982180019,TR
CEMTS,2017,20534907.0,303672327.0,139909819.0,13276029.0,71032396.0,288856956.0,212553580.0,-11109200.0,10000000.0,19072018.0,65740451.0,90962085.0,104997220.0,87583208.0,456467809.0,96274457.0,447838793.0,158981837.0,106274457.0,48885484.0,292650087.0,0.23730516127931775,0.354997913278138,0.9059040122877315,0.14319675463140322,6.394015410650632,0.1586115296626391,0.14677245061692204,2.170486168665546,9.260001188652055,0.46564856449712977,0.14679490036942824,TR
CEMZY,2022,9470228.0,1698788343.0,1257408209.0,21529599.0,519348052.0,1050660289.0,105683076.0,-285731232.0,41677264.0,141329801.0,30310453.0,197461914.0,252320048.0,99081797.0,1469407080.0,701361394.0,2449398299.0,1398738010.0,743038658.0,,,0.3033555866774936,0.5710537198343992,0.9439096962839314,0.38454423457467,1.817610375893385,0.21203086987201342,0.007531546185412251,1.3510237414077515,6.777533602743736,0.07192225860242894,0.012374652588096698,TR
CEMZY,2023,36623128.0,2576194993.0,1614278238.0,36553687.0,992381248.0,1913189409.0,0.0,-386797392.0,183078231.0,227142563.0,32167745.0,642276538.0,654635612.0,17443028.0,2382438931.0,1043806499.0,3754610210.0,1841420801.0,1226884730.0,743038658.0,2449398299.0,0.32676753680910064,0.4904426020297857,0.850777969174007,0.39270297957394473,2.565635830347067,0.26431005949882613,0.022686998522246076,1.595880395557931,7.81287897248701,0.0,0.008567532500264522,TR
CEMZY,2024,683899899.0,4171847619.0,1204601689.0,63183061.0,505073354.0,4425719937.0,146799255.0,-314278499.0,144366539.0,252115118.0,-257016445.0,119224130.0,192795108.0,532645957.0,2975480982.0,927551206.0,5882436744.0,1456716807.0,1071917745.0,1226884730.0,3754610210.0,0.1822234206076828,0.2476383292154956,0.8653193869833734,0.27342801516689685,1.6070884760080262,0.08586124695946241,0.56773944885279,3.4632589818658306,10.621255733600007,0.04933631096553922,-0.04369217319032849,TR
CEMZY,2025,587850188.0,4242470527.0,1121389771.0,81968205.0,700461317.0,4626174563.0,46034105.0,-1110185800.0,430511116.0,668349475.0,-317505474.0,-585404615.0,-473362072.0,1543957467.0,3298727777.0,923408052.0,6415913809.0,1789739246.0,1353919168.0,1071917745.0,5882436744.0,0.21102514907553366,0.2789531311174134,0.6820259834005098,0.9153012669982403,0.6309406200295482,0.10917561205660517,0.5242157572703595,3.7832256336855776,10.673408758256388,0.013955108791021648,-0.049487178826282764,TR
CEOEM,2018,24016807.0,44742414.0,17152529.0,187777.0,8876340.0,36704758.0,0.0,-1278659.0,0.0,1321431.0,6197225.0,10565231.0,13629406.0,13917772.0,59672319.0,0.0,55178718.0,18473960.0,0.0,,,0.0,0.33480226923720846,,inf,6.941913363922672,0.16086528142969903,1.400190432559537,2.6085024546526054,10.519529082754445,0.0,0.11231186994957006,TR
CEOEM,2019,53058528.0,74726104.0,16911768.0,657774.0,-4841130.0,68481215.0,0.0,-530654.0,42164.0,738156.0,8924033.0,1137552.0,1637291.0,23825503.0,41673345.0,163148.0,86131139.0,17649924.0,205312.0,0.0,55178718.0,0.0023837139782860645,0.20491919885095214,0.7946345074812967,5.169244856608479,-9.122950170921165,-0.05620650157662492,3.1373732184594774,4.418586158466696,12.251350130356577,0.0,0.1036098338372142,TR
CEOEM,2020,69867557.0,78846124.0,11584221.0,769650.0,-3540719.0,76880225.0,0.0,-1383632.0,1771.0,500598.0,37196483.0,2378918.0,2874887.0,24786805.0,38873368.0,152644.0,88965044.0,12084819.0,154415.0,205312.0,86131139.0,0.0017356817133704783,0.1358378353637413,0.988530906971473,7.692678058638912,-2.559003405529794,-0.03979899116331578,6.031269344740574,6.806338035160068,15.530313105905542,0.0,0.41810222675773645,TR
CEOEM,2021,100616725.0,114094949.0,15606401.0,576852.0,5500714.0,103990069.0,0.0,-273049.0,152683.0,6155254.0,56698976.0,27231137.0,35892747.0,27615978.0,79049201.0,306734.0,125751724.0,21761655.0,459417.0,154415.0,88965044.0,0.0036533654202625483,0.17305253803120824,0.6676592289793368,0.8896538466551108,20.145519668630904,0.043742652784625045,6.447144668396,7.310779019454902,14.415172921272138,0.0,0.4508803076131187,TR
CEOEM,2022,19164098.0,229104131.0,65674941.0,2361029.0,-12238724.0,184074116.0,0.0,-82014154.0,0.0,5050153.0,86153030.0,-39071197.0,-47894885.0,-20339594.0,414700809.0,406160.0,254799210.0,70725094.0,406160.0,459417.0,125751724.0,0.00159403947916479,0.2775718731624011,1.0,189.5016942455726,-0.14922697367578772,-0.04803281768416786,0.2918022872681378,3.4884558327962565,9.607399978710102,0.0,0.3381212602660738,TR
CEOEM,2023,126612205.0,687323097.0,384385517.0,3278250.0,59540388.0,305022263.0,0.0,-111824282.0,357980.0,13654802.0,28279470.0,39914736.0,61724381.0,-88304382.0,696544261.0,1229774.0,703062582.0,398040319.0,1587754.0,406160.0,254799210.0,0.0022583395001385524,0.5661520456225901,0.7745368615037342,112.16560192666283,0.5324459673257728,0.08468718080633113,0.3293885940036601,1.7881087257509756,7.040859833756761,0.0,0.04022326137675181,TR
CEOEM,2024,464658784.0,616208217.0,189214702.0,6304209.0,60668145.0,440264156.0,0.0,-151119395.0,0.0,8705052.0,88943551.0,42071310.0,59205849.0,-68778145.0,888774944.0,670200.0,638183909.0,197919754.0,670200.0,1587754.0,703062582.0,0.0010501674996008087,0.31012965261084324,1.0,133.85515825388825,0.4014583634350839,0.09506373342296225,2.4557224099848223,3.2566614036154546,10.262311752437217,0.0,0.13936978000490452,TR
CEOEM,2025,575549264.0,707588680.0,206451695.0,8890819.0,2318711.0,513765163.0,0.0,-131270222.0,494321.0,8623971.0,167432993.0,-940194.0,40803393.0,-31449566.0,1041657917.0,1206696.0,728840829.0,215075666.0,1701017.0,670200.0,638183909.0,0.0023338662329522157,0.29509277944142176,0.7093967902731131,110.71970384827706,0.017663648043499156,0.003181368150274139,2.7878156389076874,3.427381305830403,10.149442643405447,0.0,0.2297250460429406,TR
CGCAM,2021,237124187.0,583338594.0,313804992.0,25371401.0,287213232.0,562535013.0,81611546.0,5261605.0,290173422.0,351125073.0,217591916.0,250834424.0,309489565.0,135667284.0,1159626936.0,105313321.0,1227465078.0,664930065.0,395486743.0,,,0.3221979591015297,0.5417099654545121,0.26628786644309843,0.013304124836366513,54.58661986219034,0.23398892330849677,0.7556418573481457,1.8589206955636959,7.511509443164581,0.07037741489647495,0.17726933327874278,TR
CGCAM,2022,212749801.0,919522723.0,580383164.0,40720104.0,540984237.0,1124649656.0,162391692.0,1492228.0,136634712.0,327585973.0,122656265.0,562040959.0,566142911.0,386501708.0,2326194614.0,89506244.0,2032618793.0,907969137.0,226140956.0,395486743.0,1227465078.0,0.11125596042838516,0.44669917454610486,0.3957984682792267,0.004801034453260423,362.53457045438097,0.2661513505941495,0.36656783689886635,1.5843373482143255,8.053526744694118,0.06981001977334989,0.06034395894715119,TR
CGCAM,2023,31483884.0,939628759.0,516916111.0,52090883.0,461687300.0,2403989736.0,91478597.0,-173067142.0,65962410.0,455636769.0,191887297.0,344599290.0,406381289.0,831487891.0,2317153197.0,184815650.0,3376542616.0,972552880.0,250778060.0,226140956.0,2032618793.0,0.07427066337373306,0.2880321650292478,0.7369689756751447,0.7257716140217818,2.667677380377611,0.13673373995407614,0.0609071439833687,1.8177587020498187,8.388318477148392,0.039478873092394846,0.056829520258600524,TR
CGCAM,2024,772426888.0,2015516528.0,690960925.0,84879551.0,496613417.0,4162590159.0,125894530.0,-233765278.0,111833506.0,595532719.0,-32676621.0,262985635.0,343036959.0,1539407900.0,2873576365.0,142416168.0,5449083802.0,1286493644.0,254249674.0,250778060.0,3376542616.0,0.046659160188852605,0.2360935692579756,0.5601429719040663,0.925752239975003,2.1244105251593437,0.09113704891411761,1.1179024168407208,2.9169761343595515,9.775400719741182,0.04381109600335956,-0.005996718381906067,TR
CGCAM,2025,194970623.0,2473000864.0,748763371.0,135156778.0,505545572.0,5438765054.0,161364576.0,-244504687.0,296520820.0,838698016.0,142472569.0,536387422.0,636140084.0,2122471041.0,2890883523.0,210348880.0,7026226441.0,1587461387.0,506869700.0,254249674.0,5449083802.0,0.07213967614853306,0.22593370713712244,0.4149959644460894,0.6424870929642109,2.0676314151801924,0.07195122107793167,0.260390172050764,3.3027802370957593,9.925494041098936,0.05581842876621494,0.020277252689812647,TR
CIMSA,2022,6911575000.0,14945477000.0,10636585000.0,1041789000.0,1583863000.0,21227470000.0,10218203000.0,-649153000.0,4555095000.0,5956162000.0,-4028291000.0,4231624000.0,3495462000.0,8639737000.0,20820386000.0,5346799000.0,37820217000.0,16592747000.0,9901894000.0,,,0.2618148383442644,0.43872691158805355,0.5399774023030341,0.06555846790523107,2.4398916742278014,0.04187873908814431,0.6497926731182988,1.4051010733238158,6.366822144210652,0.4907787492508544,-0.10651157818581528,TR
CIMSA,2023,9105525000.0,17449762000.0,12816266000.0,1643501000.0,4858455000.0,33834138000.0,12472456000.0,-2191040000.0,7274724000.0,8771092000.0,1558440000.0,4444768000.0,4240984000.0,16283572000.0,29604214000.0,5209235000.0,55421496000.0,21587358000.0,12483959000.0,9901894000.0,37820217000.0,0.2252548180944087,0.3895123653825584,0.4172742797377018,0.195752201178128,2.21741958156857,0.08766372888959909,0.710466293380615,1.361532446345917,6.99105644852986,0.421306777474315,0.028119775041799664,TR
CIMSA,2024,10062333377.0,25238801509.0,32378783014.0,2564324702.0,4642398802.0,41934066997.0,22012907709.0,-1527678401.0,9972734960.0,14175766173.0,-6235955312.0,3997891519.0,5110702758.0,24277821445.0,36846868575.0,18156307914.0,88488616184.0,46554549187.0,28129042874.0,12483959000.0,55421496000.0,0.3178831818943749,0.5261077774139463,0.6454648313249963,0.07523100142853528,3.0388587015180297,0.05246323202011392,0.3107693508013945,0.779485797785766,4.913444248633549,0.5974159693976111,-0.07047183672793778,TR
CIMSA,2025,11465751380.0,29435138260.0,26676205656.0,4914817011.0,5801988137.0,51170729557.0,38174755126.0,-49329024.0,25609218523.0,31198431233.0,-10574682449.0,4482039321.0,5360835464.0,31768389299.0,54059168217.0,8797784840.0,109045366447.0,57874636889.0,34407003363.0,28129042874.0,88488616184.0,0.3155292561625995,0.5307390747054729,0.25569750283632103,0.0015776188924081372,117.6181417455168,0.05320710385085437,0.4298119278226935,1.1034229769997093,5.6516399732874385,0.7061661580282173,-0.09697507371062555,TR
CLEBI,2014,79950529.0,179585998.0,209544474.0,32708892.0,91736301.0,106453496.0,246872836.0,-42386869.0,179437240.0,257246852.0,-130019584.0,54995740.0,70644275.0,-14753489.0,621449684.0,124201613.0,573244822.0,466791326.0,303638853.0,,,0.5296844233858601,0.8142966287447774,0.4090438748956808,0.1395963282735757,2.1642622624473633,0.1600298816131304,0.3815444400600132,0.8570304650458117,4.138121598791606,0.3972531362651719,-0.226813359685262,TR
CLEBI,2015,127924804.0,259852656.0,264803996.0,34796680.0,121272860.0,144285259.0,265218636.0,-59800928.0,157976034.0,270340285.0,-105581972.0,81401913.0,101837213.0,-13524451.0,732278323.0,164526189.0,679429540.0,535144281.0,322502223.0,303638853.0,573244822.0,0.47466617804106664,0.7876376423079868,0.5101552090696752,0.19101423079293395,2.0279427770752987,0.17849218036648803,0.48309242281978254,0.9813018682693897,4.619869559639121,0.3621828308578786,-0.15539797106849373,TR
CLEBI,2016,65477817.0,211608451.0,273570617.0,36347837.0,59777676.0,101696764.0,302862551.0,-54145006.0,169091081.0,314555147.0,-192064800.0,27539725.0,38416282.0,-10534764.0,709524691.0,153485682.0,689822528.0,588125764.0,322576763.0,322502223.0,679429540.0,0.4676228303752933,0.8525754670627399,0.4758113404467389,0.16787093418045398,1.104029354064528,0.086656601623773,0.23934521081991783,0.7735057709066759,3.3748680112347604,0.4268527294985989,-0.2784263954916822,TR
CLEBI,2017,113572241.0,283355296.0,203554784.0,38492674.0,148362023.0,168855174.0,421992974.0,-70866589.0,282516358.0,463632228.0,-156319193.0,86401175.0,107383470.0,-17302954.0,917789663.0,58836448.0,836042186.0,667187012.0,341352806.0,322576763.0,689822528.0,0.4082961502614893,0.7980303185322756,0.1723625731671882,0.21347622491565818,2.0935397779622216,0.17745757987384622,0.5579443468152534,1.3920345689345233,5.26693882328879,0.4597926856362949,-0.18697524552905756,TR
CLEBI,2018,197023791.0,523455138.0,442247959.0,66961944.0,275930515.0,353087514.0,645199443.0,-165684117.0,488025051.0,726724568.0,-245469709.0,208450271.0,214812101.0,-16019346.0,1483010488.0,233789377.0,1522060041.0,1168972527.0,721814428.0,341352806.0,836042186.0,0.4742351868890565,0.7680199831223347,0.323891249511017,0.3116802544349293,1.6654011259268744,0.18128753634364678,0.4455052578320661,1.1836236377068277,5.101092129348277,0.43506060693483106,-0.16127465565597882,TR
CLEBI,2019,209130875.0,652856579.0,820739957.0,127438468.0,295423078.0,572436964.0,0.0,-163380638.0,704550286.0,826412767.0,-668588370.0,195463901.0,214921594.0,117783967.0,1877885618.0,556411208.0,2219589688.0,1647152724.0,1260961494.0,721814428.0,1522060041.0,0.5681056732319798,0.7420978448878071,0.4412594759217921,0.16479990117612495,1.8081890340029154,0.13309805843718625,0.25480771737301927,0.7954487574680125,4.186141202611658,0.0,-0.3012216057835641,TR
CLEBI,2020,571830186.0,925800147.0,1066509352.0,154426575.0,205735543.0,446297475.0,0.0,-462002557.0,1087252580.0,1249362575.0,-802289540.0,-149946056.0,-133077282.0,192120125.0,1541501101.0,718410700.0,2762169402.0,2315871927.0,1805663280.0,1260961494.0,2219589688.0,0.6537119985083377,0.8384250166999714,0.39786526533341254,0.3013101315276859,0.44531256349734877,0.0744833183841054,0.5361698750485968,0.8680656623065411,3.8454456948751634,0.0,-0.29045631286013357,TR
CLEBI,2021,1093962834.0,1929753409.0,1689558051.0,206052038.0,525755696.0,1669845086.0,0.0,-171358032.0,1697489920.0,2105423750.0,-12229341.0,564923397.0,630035899.0,22479380.0,2560188835.0,1043186886.0,5464826887.0,3794981801.0,2740676806.0,1805663280.0,2762169402.0,0.5015120995908685,0.6944376975650757,0.3806311213771041,0.07538284807495152,3.0681707175535258,0.09620720049718201,0.6474846089795585,1.1421646079919157,4.660268442861411,0.0,-0.0022378277030315015,TR
CLEBI,2022,1928963765.0,3192893299.0,2139547574.0,366282358.0,1575002493.0,3251906331.0,0.0,-284931130.0,2053720491.0,2659133119.0,-51582701.0,1153990161.0,1461146455.0,374299405.0,6072008541.0,1009836753.0,8050587024.0,4798680693.0,3063557244.0,2740676806.0,5464826887.0,0.38053836755842513,0.5960659363962426,0.32962881792980137,0.09818044122462635,5.527660291102626,0.19563821722623242,0.9015755426245081,1.4923217122163417,6.28612352305924,0.0,-0.00640732170787351,TR
CLEBI,2023,3377164246.0,6106289623.0,4852845317.0,626898399.0,2761267745.0,5214969092.0,0.0,-469559974.0,3850788527.0,5191203483.0,-90038171.0,1826060885.0,2720764901.0,319097790.0,10864817407.0,2350755911.0,15259017892.0,10044048800.0,6201544438.0,3063557244.0,8050587024.0,0.4064183214079162,0.6582369108608159,0.3790597543082541,0.10136099745397269,5.880543270070119,0.18095972916105418,0.6959142575942937,1.2582905953357013,5.618260984362176,0.0,-0.005900653085098303,TR
CLEBI,2024,5708208051.0,10901033550.0,8311670062.0,1238889400.0,5574918918.0,10047052535.0,0.0,-877454182.0,5418553927.0,7281547528.0,322107529.0,4696821117.0,5595152873.0,382884287.0,25102539207.0,3064050979.0,25640270126.0,15593217590.0,8482604906.0,6201544438.0,15259017892.0,0.3308313393078642,0.6081534053023884,0.36121580728494207,0.11951038653233681,6.353515696162013,0.21742824434391841,0.6867702890538534,1.3115334786733501,6.098819478497554,0.0,0.012562563788022394,TR
CLEBI,2025,4150457831.0,11040412639.0,8082400144.0,1150998715.0,4609659862.0,10338491001.0,0.0,-800656156.0,7990700607.0,8488590031.0,1858822091.0,4098011807.0,4212277124.0,303510572.0,20057826347.0,3792405160.0,26909481175.0,16570990175.0,11783105767.0,8482604906.0,25640270126.0,0.43787933666840756,0.6158048929756075,0.32185106668745056,0.07901584789392202,5.757352675622218,0.17130244288331212,0.5135179843924342,1.3659819412920173,5.814112308851815,0.0,0.06907684614621709,TR
CMBTN,2018,9852984.0,80546813.0,68601749.0,2724870.0,-7758567.0,47791888.0,0.0,-448088.0,0.0,1622841.0,-225783.0,9579525.0,9893499.0,-7140780.0,254679989.0,0.0,118016478.0,70224590.0,0.0,,,0.0,0.5950405501848649,,inf,-17.314828783631786,-0.06574138740185079,0.14362584254229438,1.1741218580301793,3.989523723663247,0.0,-0.001913148094455081,TR
CMBTN,2019,6200425.0,84833736.0,80252835.0,4606003.0,-3962851.0,44627219.0,0.0,-1216743.0,3334913.0,4717891.0,-1742131.0,-2681698.0,-3339406.0,-4228453.0,176127327.0,2607235.0,129597945.0,84970726.0,5942148.0,0.0,118016478.0,0.045850634437143274,0.6556487141829294,0.43876978493299057,0.4095296852249389,-3.256933469105637,-0.0305780388724528,0.07726113351634245,1.0570808620031928,3.7214938080888915,0.0,-0.013442581979212711,TR
CMBTN,2020,885450.0,116733538.0,144917416.0,18498565.0,-14319388.0,32947609.0,0.0,-4282055.0,6155772.0,7506577.0,-1214073.0,-11527916.0,-14632207.0,-6910151.0,248092415.0,17304161.0,185371602.0,152423993.0,23459933.0,5942148.0,129597945.0,0.12655624025949777,0.8222618316693406,0.7376048772176801,0.29127564133980854,-3.3440457910979657,-0.07724693451157637,0.006110031661066879,0.8055176611760728,1.8389604658040988,0.0,-0.006549401240002231,TR
CMBTN,2021,5965434.0,177733240.0,208882577.0,26003132.0,9293256.0,35792680.0,0.0,-6682545.0,10279067.0,11383043.0,-1658605.0,3093063.0,4176879.0,-10722601.0,454542825.0,16098360.0,256058300.0,220265620.0,26377427.0,23459933.0,185371602.0,0.10301336453456107,0.8602166772176493,0.6103082002653254,0.26817411676701974,1.3906761570629154,0.03629351596882429,0.02855879166982893,0.8508763275167751,2.729980566580275,0.0,-0.006477450643076206,TR
CMBTN,2022,54817040.0,645948536.0,776493784.0,145530633.0,-4535031.0,288402757.0,0.0,77487454.0,12910164.0,61759948.0,-50997602.0,72373851.0,98396594.0,-430523635.0,2312496291.0,69252537.0,1126656489.0,838253732.0,82162701.0,26377427.0,256058300.0,0.07292613303361536,0.7440189092098684,0.842870744962486,1.4278120991344325,-0.058526003448248536,-0.0040252118052639205,0.07059559410458847,0.831878566590045,1.5783728198210998,0.0,-0.04526455268123876,TR
CMBTN,2023,16018467.0,1079854445.0,1227904725.0,312464755.0,-44040692.0,536552684.0,0.0,104163946.0,25350290.0,60173632.0,-13061828.0,118819175.0,101494476.0,-517092256.0,4349924512.0,70376302.0,1824631041.0,1288078357.0,95726592.0,82162701.0,1126656489.0,0.05246353363994973,0.705939079220126,0.735180272582983,1.1711097868043132,-0.42280168610355834,-0.024136765740795044,0.013045366365863606,0.8794285281376371,2.0690346379906543,0.0,-0.007158613279340785,TR
CMBTN,2024,44181882.0,1600765816.0,1951973058.0,332298455.0,-68736681.0,687944021.0,0.0,11481410.0,30673920.0,115563334.0,-5793415.0,-8226690.0,26681726.0,-521308911.0,6239355834.0,204983408.0,2755480413.0,2067536392.0,235657328.0,95726592.0,1824631041.0,0.08552313668723582,0.7503360874008144,0.8698367656956545,0.06929370622449031,-5.986780456407358,-0.024945443515297455,0.022634473267407158,0.8200757738122428,1.9788580222941774,0.0,-0.0021025063261808784,TR
CMBTN,2025,196328712.0,1590341382.0,2178912203.0,443810716.0,-276177342.0,457048663.0,0.0,-31096926.0,90683024.0,197624312.0,-2680743.0,-353766619.0,-346429310.0,-623573029.0,5930937156.0,158459201.0,2833585177.0,2376536515.0,249142225.0,235657328.0,2755480413.0,0.0879247347220295,0.8387030445705921,0.6360190489588828,0.128287766799983,-8.881178223210872,-0.09746569266444183,0.09010400314876753,0.729878597132259,0.7169580561142053,0.0,-0.0009460604967019843,TR
CMENT,2022,436248000.0,3111187000.0,2582452000.0,532580000.0,-247475000.0,8544334000.0,1204645000.0,184052000.0,17528000.0,1116260000.0,-505416000.0,427732000.0,429138000.0,1840564000.0,9051225000.0,472103000.0,12243046000.0,3698712000.0,489631000.0,,,0.039992580277816485,0.30210717169567114,0.9642016130514612,0.3758994017944125,-1.3445928324603915,-0.020213515492794848,0.168927825183198,1.2047414627648452,6.313150399238436,0.13309192954544827,-0.041281883609683406,TR
CMENT,2023,2131501000.0,6407214000.0,3369012000.0,839008000.0,1287299000.0,14657171000.0,1246439000.0,-327336000.0,43546000.0,1537511000.0,50837000.0,1031372000.0,1688083000.0,3248408000.0,15509129000.0,79619000.0,19563694000.0,4906523000.0,123165000.0,489631000.0,12243046000.0,0.006295590188642288,0.25079736986276724,0.6464417651118418,1.06833595519553,3.932653298140137,0.06580040558802443,0.6326783638645395,1.9018080078076303,8.388879303390379,0.08036808514520706,0.0025985378834896926,TR
CMENT,2024,3210172322.0,9504929704.0,4993554123.0,995593231.0,2276088014.0,19893106444.0,1246985038.0,-814029864.0,45358119.0,2391939505.0,540515945.0,1766682558.0,2744886743.0,4902004102.0,18909657403.0,219243342.0,27278600073.0,7385493628.0,264601461.0,123165000.0,19563694000.0,0.009699964818278891,0.2707431322808264,0.8285794839205366,4.19855735795572,2.7960743391104876,0.08343859317959802,0.6428632278589204,1.9034398085765976,8.309651391069226,0.06594434851062754,0.01981465117540968,TR
CMENT,2025,4630132375.0,11629198960.0,5887957708.0,1180508655.0,1995848290.0,23918896942.0,1293430785.0,-1017434368.0,138712414.0,3175538523.0,3342860357.0,2044756916.0,3072234904.0,9289608982.0,20055149651.0,175955885.0,32982393174.0,9063496231.0,314668299.0,264601461.0,27278600073.0,0.009540493236496035,0.2747980167231997,0.5591789371829922,3.5128171303124818,1.961648193507849,0.060512537082158306,0.7863732391808816,1.9750819446612777,8.487721600962672,0.06449369900042139,0.1013528745280732,TR
CONSE,2018,225823.0,81844479.0,251006529.0,14019650.0,-3362369.0,61131254.0,0.0,-35722784.0,152334953.0,216559661.0,-55790006.0,-13216369.0,-18350778.0,-55110968.0,90687216.0,108793576.0,528697444.0,467566190.0,261128529.0,,,0.49390919506696157,0.8843738423672046,0.41662845655596675,0.13680153653375807,-0.09412393502141378,-0.006359722442690682,0.0008996698249231597,0.3260651399231133,0.9057859717066655,0.0,-0.10552350239847197,TR
CONSE,2019,22817092.0,150270402.0,230998035.0,27516979.0,-27361487.0,196756970.0,0.0,-42978838.0,194396990.0,256361899.0,-45869545.0,-63914344.0,-66816858.0,-49203482.0,151730664.0,150359784.0,684116904.0,487359934.0,344756774.0,261128529.0,528697444.0,0.5039442410854388,0.7123927667192974,0.4361329358534954,0.14187120165217146,-0.6366269604590055,-0.039995338282124954,0.09877613028180088,0.6505267544808335,2.3965719864452892,0.0,-0.06704927875894147,TR
CONSE,2020,4242095.0,120750138.0,282888475.0,32818353.0,68704038.0,209044987.0,0.0,-69672125.0,199759300.0,285739229.0,-60340627.0,1471934.0,3742334.0,-117098040.0,274415526.0,206517070.0,777672691.0,568627704.0,406276370.0,344756774.0,684116904.0,0.5224259186439658,0.7311915547256885,0.5083167155402122,0.18553675175752296,0.9861051030092738,0.0883456996691684,0.01499564448498653,0.4268471453282075,2.3711150654728783,0.0,-0.0775912896239274,TR
CONSE,2021,48011596.0,207186687.0,406409846.0,40658713.0,84766049.0,455891093.0,0.0,-68300694.0,331451359.0,416765427.0,-47401113.0,33012644.0,59504236.0,-94604661.0,371893186.0,333182839.0,1279066366.0,823175273.0,664634198.0,406276370.0,777672691.0,0.5196244820966546,0.6435751067196774,0.5013025811831608,0.1275562984265928,1.241071562171828,0.0662718145463298,0.11813590756361744,0.5097974102723879,3.013971715113065,0.0,-0.037059150533554096,TR
CONSE,2022,92004909.0,637232598.0,900872042.0,173142666.0,132097222.0,1590154405.0,0.0,-15318984.0,581845751.0,902423845.0,-58671660.0,76001505.0,194390999.0,-263234477.0,1112461325.0,720278165.0,3393450292.0,1803295887.0,1302123916.0,664634198.0,1279066366.0,0.38371680854431095,0.5314048333789473,0.5531563902248455,0.015577903445222547,8.623105944885118,0.03892711271222004,0.10212872051811327,0.7073508426183349,3.6749515211907107,0.0,-0.01728967715788188,TR
CONSE,2023,117540548.0,917491430.0,2439741963.0,244997812.0,-319172607.0,1845502127.0,0.0,178394740.0,705167002.0,1004374680.0,-414040242.0,302376049.0,-85389925.0,-275276900.0,1705182501.0,1646795322.0,5289618770.0,3444116643.0,2351962324.0,1302123916.0,3393450292.0,0.4446373975642861,0.6511086701622545,0.7001792950489457,0.09764123136842003,-1.78913687141224,-0.06033943482093323,0.04817745064132423,0.3760608473823262,1.349657648203721,0.0,-0.07827411766387089,TR
CONSE,2024,35287242.0,789399010.0,2020669022.0,368609604.0,41034462.0,2390583164.0,0.0,-29451457.0,868351743.0,971201045.0,-1029592011.0,198564233.0,-17306880.0,35470707.0,1792177450.0,1338131808.0,5382453231.0,2991870067.0,2206483551.0,2351962324.0,5289618770.0,0.4099401251258174,0.5558562125107669,0.6064544679671623,0.012921709638594755,1.3932914082994263,0.0076237470608502165,0.017463147905872136,0.390662202174345,2.661051666828648,0.0,-0.19128675472182657,TR
CONSE,2025,4061894173.0,5529576987.0,2715931366.0,467825957.0,72384128.0,3383794533.0,0.0,-2207539.0,4696556858.0,4785435257.0,-1874504995.0,139690428.0,165742679.0,932199065.0,1983716033.0,1705739587.0,10885161156.0,7501366623.0,6402296445.0,2206483551.0,5382453231.0,0.588167354919775,0.68913693747797,0.26642621154041235,0.0005128575712297713,32.7895126654614,0.00664979846991987,1.4955805672594453,2.035978175377794,5.74317456645881,0.0,-0.17220737186483967,TR
COSMO,2022,37739850.0,94187795.0,55729333.0,1381881.0,8335358.0,47630895.0,0.0,-16408488.0,898200.0,2359103.0,-1383176.0,10015391.0,10551246.0,-80400028.0,163581413.0,1517243.0,105719331.0,58088436.0,2415443.0,,,0.022847694713467304,0.5494589821042284,0.6281427464858413,6.793158853262113,0.5079906204642378,0.07884421818749496,0.6771990255113945,1.6900937070249882,4.547948703467165,0.0,-0.013083472879713929,TR
COSMO,2023,10598864.0,210110789.0,168328310.0,4256379.0,26416915.0,69882913.0,4407582.0,-34201252.0,0.0,5155694.0,0.0,-4780295.0,-1818640.0,-101969633.0,464001570.0,9174044.0,243366917.0,173484004.0,9174044.0,2415443.0,105719331.0,0.037696348020877464,0.7128495776605495,1.0,5.902116633807864,0.7723961391822732,0.1085476831676345,0.06296542750295539,1.2482201538172635,4.162731164134577,0.009499066996691412,0.0,TR
COSMO,2024,12293558.0,455400864.0,377265303.0,8606529.0,51988621.0,119890631.0,7536576.0,-13479016.0,962110.0,3402615.0,33390683.0,28231104.0,42490234.0,-141953593.0,908182201.0,20054402.0,500558550.0,380667918.0,21016512.0,9174044.0,243366917.0,0.04198612130389142,0.7604862967578918,0.9542212332855233,0.8929292988178158,3.8570041759724893,0.10386121863266545,0.0325859757105731,1.2071103819478464,4.3781328699566044,0.008298528634123717,0.06670684778034458,TR
COSMO,2025,29385856.0,512098022.0,331979746.0,6965217.0,60569125.0,238374026.0,0.0,-75813412.0,0.0,2366747.0,47771559.0,8021974.0,15779570.0,-148836838.0,702684657.0,40790584.0,572720520.0,334346493.0,40790584.0,21016512.0,500558550.0,0.07122249435029847,0.5837864740729038,1.0,2.45322679454152,0.7989236126188332,0.1057568620031285,0.08851701452895262,1.5425580270189134,5.925183551398349,0.0,0.08341164203440798,TR
CRFSA,2010,225339230.0,546538698.0,673046098.0,69930997.0,-13162083.0,1004135086.0,0.0,-44838147.0,0.0,43550276.0,85102597.0,-20360160.0,-22909388.0,198375832.0,2445544388.0,33389946.0,1720731460.0,716596374.0,33389946.0,,,0.01940450719718927,0.4164486967652698,1.0,1.3428637171201174,-0.2935465419657061,-0.007649120915125245,0.33480504629565505,0.8120375404063334,4.563460214934968,0.0,0.04945722152368854,TR
CRFSA,2011,133787563.0,466804445.0,571140114.0,71867685.0,-52748003.0,966868906.0,0.0,-20593952.0,0.0,37509842.0,6372313.0,-37266180.0,-37106470.0,178015672.0,2445961613.0,16952156.0,1575518862.0,608649956.0,16952156.0,33389946.0,1720731460.0,0.010759729006659141,0.3863171496578376,1.0,0.8181601952179113,-2.5613346578646,-0.033479766108950586,0.23424648299173748,0.8173203624776388,4.626909665086471,0.0,0.004044580584653134,TR
CRFSA,2012,197580993.0,408257002.0,512679084.0,60608941.0,1068108.0,908931647.0,0.0,-10518195.0,13841966.0,43771496.0,798503.0,-10356385.0,-10251118.0,-149018602.0,2551253267.0,6508697.0,1465382227.0,556450580.0,20350663.0,16952156.0,1575518862.0,0.013887614183545028,0.37973067350434025,0.31982727049236676,0.5639356639507593,0.10154860220788833,0.0007288937864264133,0.38538922137888504,0.7963207681786371,4.171036934943056,0.0,0.0005449110718605706,TR
CRFSA,2013,161450714.0,470642379.0,715313609.0,56402946.0,-113680038.0,808699041.0,0.0,-8523063.0,17374369.0,42953316.0,-38044150.0,-100755792.0,-123851153.0,-139720444.0,2600665883.0,3798961.0,1566965966.0,758266925.0,21173330.0,20350663.0,1465382227.0,0.013512310068896544,0.4839077181335539,0.17942198983343668,0.41051268841125177,-13.337932384167523,-0.07254786668417022,0.22570619651107462,0.6579525023408299,2.567331614061353,0.0,-0.02427886171460089,TR
CRFSA,2014,94702992.0,604421885.0,879330810.0,53167053.0,79195728.0,906877994.0,0.0,-22201824.0,16763804.0,49053649.0,5033945.0,100501369.0,126968904.0,-28898470.0,3126334716.0,5932361.0,1835262453.0,928384459.0,22696165.0,21173330.0,1566965966.0,0.012366713525305256,0.5058592341833302,0.26138164751622134,1.0121759550685505,3.5670820559608076,0.04315226297500023,0.10769893528466266,0.6873657537372084,3.5316866045878363,0.0,0.0027429019711983395,TR
CRFSA,2015,274088979.0,979937922.0,1654981764.0,91468678.0,-88082018.0,805730920.0,0.0,-79238221.0,517800592.0,565468222.0,-9543025.0,-31687012.0,-31359913.0,0.0,3932513778.0,583375583.0,3026180906.0,2220449986.0,1101176175.0,22696165.0,1835262453.0,0.36388312834064257,0.7337466116442412,0.5297749771965417,0.14100929114422373,-1.1116102417291776,-0.029106659758958906,0.1656145009945862,0.5921140300854699,1.972089493071876,0.0,-0.0031534879428652372,TR
CRFSA,2016,274877489.0,1039890473.0,2124996601.0,114890216.0,-446222072.0,374512367.0,0.0,-147995085.0,475625260.0,523746018.0,9650780.0,-432167297.0,-534060515.0,-31687012.0,4493874586.0,896867983.0,3023254986.0,2648742619.0,1372493243.0,1101176175.0,3026180906.0,0.4539786585503708,0.8761227985286452,0.6534589423840246,0.11965631617797685,-3.0151141303104763,-0.14759657192871656,0.12935431937662661,0.4893610053355563,0.017930810732382757,0.0,0.0031921819511389372,TR
CRFSA,2017,511632900.0,1258935703.0,2759182288.0,112862721.0,-182162226.0,68590906.0,0.0,-189044318.0,366200003.0,417536453.0,5836568.0,-305808897.0,-352247026.0,-463854309.0,4556668173.0,1320887444.0,3245309647.0,3176718741.0,1687087447.0,1372493243.0,3023254986.0,0.5198540757303581,0.9788646035476442,0.7829395247702297,0.12357531122998426,-0.96359535122341,-0.05613092302868319,0.18542917668946707,0.45627130489901147,-0.6030490662382137,0.0,0.0017984625921274994,TR
CRFSA,2022,1965009000.0,8032167000.0,11497956000.0,1817243000.0,-2332608000.0,4150531000.0,0.0,3767801000.0,1824530000.0,2696736000.0,139352000.0,1160897000.0,1505803000.0,-11523982000.0,36272967000.0,2256556000.0,18345223000.0,14194692000.0,4081086000.0,1687087447.0,3245309647.0,0.22246041926009838,0.7737541266192294,0.5529302739515903,1.306410438111779,-0.6190900209432505,-0.12715070293776207,0.17090072357208533,0.6985734681886068,-0.5845965270165271,0.0,0.00759609190904902,TR
CRFSA,2023,2463679000.0,12655205000.0,17167745000.0,3030922000.0,-4394808000.0,7430016000.0,0.0,6080819000.0,2605716000.0,3323438000.0,445098000.0,1738606000.0,1320243000.0,-14962118000.0,64019531000.0,2865810000.0,27921199000.0,20491183000.0,5471526000.0,4081086000.0,18345223000.0,0.1959631461385308,0.733893376140473,0.5237679579700435,1.2731217388500653,-0.7227329081822695,-0.15740040390099294,0.1435062671305987,0.7371501032896283,-0.2341470509419843,0.0,0.01594122086232758,TR
CRFSA,2024,2676538696.0,15671748997.0,25842085561.0,4414201116.0,-6771467243.0,5743492559.0,0.0,2358088131.0,3215169791.0,4209325825.0,52850396.0,-3731706262.0,-4347271941.0,-17308562804.0,86015351966.0,8700337177.0,35794903944.0,30051411386.0,11915506968.0,5471526000.0,27921199000.0,0.3328827753425861,0.8395444064611679,0.7301692827980729,0.27124675444510266,-2.8715920978442853,-0.18917405822889613,0.10357285946144151,0.6064428879010939,-1.2608186634226546,0.0,0.0014764782183151763,TR
CRFSA,2025,5267798029.0,19379158325.0,40420033521.0,5318319946.0,-8133961496.0,-1161688496.0,0.0,-1138501853.0,3634880169.0,4826422793.0,87996195.0,-7700543200.0,-9842091691.0,-24776636693.0,98459734815.0,20283416205.0,44084767818.0,45246456314.0,23918296374.0,11915506968.0,35794903944.0,0.5425523952568955,1.0263512445113905,0.848029303084009,0.06354345600069683,-7.144442913787686,-0.18450730033512547,0.1303264141595317,0.4794443902410835,-2.980012482489953,0.0,0.0019960680152220464,TR
CUSAN,2012,27533486.0,82469542.0,30553128.0,4090234.0,8319833.0,97068887.0,0.0,-2227063.0,8777914.0,15690378.0,-5787034.0,4967211.0,6159522.0,-267189.0,82252478.0,12253371.0,143312393.0,46243506.0,21031285.0,,,0.14675133503632168,0.3226762531276691,0.5826258832971928,0.10589286389300512,3.7357869983920526,0.05805382790586715,0.9011675007547508,2.699217638207126,8.214508037434257,0.0,-0.04038055522525536,TR
CUSAN,2013,18430679.0,90760165.0,50368319.0,4451221.0,14246198.0,86543710.0,0.0,-3864821.0,6991766.0,13789251.0,-2758189.0,8250543.0,10596114.0,-11699058.0,127720738.0,11519239.0,150701280.0,64157570.0,18511005.0,21031285.0,143312393.0,0.12283243380547265,0.42572677551245747,0.6222913882849689,0.19547785421633396,3.686121038982142,0.09453269408196134,0.36591808831261574,1.801929601819747,6.8068038482388875,0.0,-0.018302359475646127,TR
CUSAN,2014,13346020.0,117812760.0,65581905.0,4893805.0,24090879.0,99444506.0,0.0,-2353411.0,1880467.0,8340514.0,35087339.0,17643270.0,22098201.0,-9999233.0,185913901.0,18385615.0,173366925.0,73922419.0,20266082.0,18511005.0,150701280.0,0.11689704942277773,0.4263928601144653,0.9072111225050802,0.12138152615744448,10.236579585971171,0.13895891041500563,0.20350156037705827,1.7964217416374226,7.384649561398693,0.0,0.202387733415702,TR
CUSAN,2015,25023774.0,115635177.0,43808023.0,6104621.0,30504659.0,122111953.0,0.0,-4196311.0,4448640.0,11126850.0,16582530.0,22861668.0,27369323.0,6694609.0,218560182.0,6988047.0,177046826.0,54934873.0,11436687.0,20266082.0,173366925.0,0.06459696148407654,0.310284427239605,0.6110202194044482,0.26472835858596455,7.26939900307675,0.17229712437770558,0.5712144097440781,2.6395890314429393,9.526462298402578,0.0,0.09366183158798905,TR
CUSAN,2016,47137320.0,170821087.0,87325945.0,6927689.0,40253306.0,156498427.0,0.0,-2141078.0,3709900.0,11312827.0,28823897.0,32632084.0,40755190.0,12589199.0,190884500.0,6350341.0,255137199.0,98638772.0,10060241.0,11436687.0,177046826.0,0.03943071037634147,0.38661070352191174,0.6312314983309048,0.19919850873575984,18.80048554980248,0.15777121547846107,0.5397859708245929,1.9561321323233318,8.283789015330264,0.0,0.1129741061396539,TR
CUSAN,2017,30049837.0,180884301.0,99276454.0,7749833.0,11009535.0,162627528.0,9281029.0,-2349334.0,2709300.0,7018782.0,19199800.0,8237901.0,9766956.0,27423544.0,264397048.0,3643152.0,268922764.0,106295236.0,6352452.0,10060241.0,255137199.0,0.023621845564550274,0.3952630651974111,0.5735032708629676,0.2862825741028605,4.686236610035015,0.04093939403359695,0.3026884602465757,1.8220262077450913,7.454722561704852,0.03510261960262128,0.07139522037636055,TR
CVKMD,2022,119629810.0,552963591.0,348970467.0,97038179.0,770636278.0,1864174525.0,1717869977.0,44640251.0,30762933.0,411417957.0,198219238.0,636502339.0,851332225.0,1006043481.0,1896442763.0,149910423.0,2624562949.0,760388424.0,180673356.0,,,0.0688394066024743,0.28972001768512357,0.8297317674223088,0.2470771119123951,17.263260414911198,0.2936246121639508,0.34280783422283123,1.58455698487517,9.556837712753882,0.9058380302933509,0.07552466519255127,TR
CVKMD,2023,1125760706.0,2150001919.0,1025879589.0,155318207.0,827382295.0,5172168263.0,1996969222.0,-612859878.0,14307824.0,697650929.0,656223929.0,452462424.0,580211588.0,2353293277.0,2568160227.0,273346010.0,6895698781.0,1723530518.0,287653834.0,180673356.0,2624562949.0,0.041714965101518696,0.24994283722904398,0.9502602701273225,2.61722953988642,1.350035015671233,0.11998527216410905,1.0973614428739746,2.0957643977455134,9.389198330317036,0.7775874733223956,0.09516423930930983,TR
CVKMD,2024,768969368.0,1662070672.0,4682507380.0,402752039.0,770209644.0,9061377194.0,2953151945.0,-589420223.0,1353581739.0,5896014326.0,-6239216697.0,1270199626.0,1247800661.0,3662533564.0,4103788869.0,1481223905.0,19639898900.0,10578521706.0,2834805644.0,287653834.0,6895698781.0,0.14433911592080548,0.5386240407785399,0.52251338928123,0.377535866936237,1.3067241569687371,0.03921657885927305,0.16422170977977188,0.35495313453195243,4.012018078629679,0.7196159547359015,-0.3176806932035684,TR
CVKMD,2025,1367130553.0,2941995803.0,8166493337.0,406377063.0,530666728.0,10260210140.0,2354337698.0,-437910974.0,638588646.0,5830593382.0,-10439622277.0,121096147.0,511893889.0,5408289087.0,3606427473.0,1839242964.0,24257296859.0,13997086719.0,2477831610.0,2834805644.0,19639898900.0,0.10214788665047272,0.5770258244502939,0.7422792398713487,0.1648563427402416,1.2118141802950113,0.021876581347237408,0.16740729424291942,0.36025203004460615,3.48063808004855,0.6528171481683919,-0.4303703886579871,TR
CWENE,2020,23669986.0,225062015.0,174615151.0,8837587.0,76179212.0,188608726.0,34463442.0,-38729378.0,36619722.0,96487920.0,-112296878.0,25932345.0,34842243.0,52993856.0,452411065.0,52919589.0,459711797.0,271103071.0,89539311.0,,,0.19477270669214522,0.5897239809140682,0.5910207305481723,0.43254049609561995,1.9669619274546573,0.1657108051112293,0.13555516726037134,1.2889031318937496,6.1897383616343795,0.0761772747534369,-0.24427669407839886,TR
CWENE,2021,36249427.0,495030963.0,534235807.0,17179510.0,78760844.0,481509202.0,46671075.0,-106958044.0,55349684.0,113850151.0,-303617416.0,2998333.0,-7477627.0,74159215.0,1002995682.0,120979067.0,1129595160.0,648085958.0,176328751.0,89539311.0,459711797.0,0.15609906738623067,0.57373294517303,0.6860994949144738,0.8045949046711748,0.7363713943759106,0.06972484195134122,0.067852859215032,0.9266150948957265,4.485015597274409,0.04653168088115458,-0.2687842748901297,TR
CWENE,2022,747142186.0,5045659092.0,4636977212.0,142481869.0,1601392414.0,2746910350.0,455089525.0,-455235016.0,620285063.0,640284381.0,-1637822169.0,1320752676.0,1159391339.0,780958055.0,8797946412.0,218545655.0,8024171943.0,5277261593.0,838830718.0,176328751.0,1129595160.0,0.10453797899131086,0.6576705522373176,0.2605360656332092,0.8968738999172947,3.5177267954273534,0.19957104924664498,0.16112699110672274,1.0881354083307495,5.789052864856323,0.0517267898312359,-0.20411105103857818,TR
CWENE,2023,622725172.0,7766221673.0,4621587387.0,339688520.0,2264055361.0,8538603407.0,430230847.0,-1561608977.0,1558721263.0,1714318992.0,-1350000932.0,546782913.0,622268485.0,2987890540.0,16608331172.0,664916164.0,14874509786.0,6335906379.0,2223637427.0,838830718.0,8024171943.0,0.14949315701771257,0.42595732364661876,0.29902184408591537,1.0198368786624554,1.449822198992136,0.15221041860021134,0.13474270198842397,1.6804229851512704,7.729592208265657,0.02590451999929569,-0.09075935620215403,TR
CWENE,2024,537245235.0,10413704129.0,6974677040.0,602877342.0,1771196390.0,11542001011.0,487234364.0,-1012426041.0,1747569828.0,1841799970.0,-3139666092.0,478064249.0,746994528.0,4481450739.0,13771137208.0,2867887323.0,20358478022.0,8816477010.0,4615457151.0,2223637427.0,14874509786.0,0.2267093417303786,0.43306169549966567,0.6213658212336852,0.29607019743717894,1.7494575586484742,0.08700043235481505,0.0770279730400248,1.4930733092409967,7.034992446771578,0.035380837227949,-0.15421909676190823,TR
CWENE,2025,805926455.0,15338397972.0,13296176984.0,818855145.0,3282148210.0,16427015285.0,678231440.0,-2010650358.0,3838990860.0,3991388720.0,-6577165705.0,2608453175.0,1353059217.0,5668213790.0,19260303077.0,5261835235.0,33714580990.0,17287565704.0,9100826095.0,4615457151.0,20358478022.0,0.26993739289535806,0.5127622884925552,0.5781711660099577,0.293177141640955,1.6323813819448763,0.09735100106904813,0.06061339706667671,1.1535946001965462,5.847378137885812,0.035213954696793996,-0.19508371487549667,TR
DAGI,2018,11948717.0,88361795.0,46533426.0,1998849.0,9682378.0,95045461.0,103417.0,-30095034.0,11176291.0,17749482.0,-33928280.0,-7885966.0,-8443517.0,-1533083.0,122818723.0,38788257.0,159328369.0,64282908.0,49964548.0,,,0.3135947999317058,0.4034617840090988,0.776315578797991,0.6023277544710302,0.3217267672799439,0.06076995616518236,0.25677707461298893,1.8988886612389124,6.90167519729365,0.0008420295983699489,-0.21294563054241772,TR
DAGI,2019,17979425.0,87304075.0,63804465.0,14742616.0,15837380.0,101848078.0,1893029.0,-15596644.0,36131413.0,42817853.0,-5177919.0,5269964.0,4958684.0,-7581843.0,132045555.0,50641713.0,208470396.0,106622318.0,86773126.0,49964548.0,159328369.0,0.4162371620381054,0.5114506426130644,0.5836105639434956,0.2281250447480919,1.0154351154004668,0.07596944364225221,0.281789448434369,1.3683066694470363,5.384405234006694,0.014336181176261481,-0.024837670476723226,TR
DAGI,2020,18610677.0,102570149.0,88320331.0,18379255.0,1425039.0,173633506.0,6124177.0,-14827499.0,36928023.0,52777358.0,9688441.0,8216641.0,10724605.0,-2311879.0,110641865.0,72020770.0,314731195.0,141097689.0,108948793.0,86773126.0,208470396.0,0.3461645833994943,0.44831173789430057,0.6610515639214103,0.15151597813630674,0.09610784664359108,0.004527797125416818,0.21071792631755423,1.1613424433384427,4.845612069030807,0.05535135366707711,0.030783224395662463,TR
DAGI,2021,33450269.0,228657414.0,160512841.0,27518482.0,-9164051.0,246821708.0,22074445.0,-26129980.0,48754708.0,56484726.0,17436150.0,-12616596.0,-20646543.0,4486360.0,237881969.0,122955306.0,463819275.0,216997567.0,171710014.0,108948793.0,314731195.0,0.37020887930972685,0.4678493945729185,0.7160636886326268,0.18620459681495047,-0.3507102186836729,-0.019757805451271943,0.2083962179698757,1.424542812746053,5.306871020250146,0.09279578899063173,0.037592551538527585,TR
DAGI,2022,71843016.0,872464441.0,691679414.0,174446783.0,-9486634.0,967053721.0,0.0,-29572880.0,215239588.0,290675022.0,39601011.0,91013766.0,94154977.0,-6654626.0,1096673923.0,572281157.0,1949408157.0,982354436.0,787520745.0,171710014.0,463819275.0,0.40397940378578195,0.5039244513636248,0.7266870880969618,0.06165957403373884,-0.32078830333738206,-0.004866417515457231,0.10386750645726171,1.261371125612248,4.848178811870781,0.0,0.020314376369976378,TR
DAGI,2023,126708607.0,1452382223.0,1129573832.0,55569149.0,-108714413.0,1545403713.0,339632662.0,-20553348.0,215266912.0,386930560.0,-54710688.0,154051604.0,215839998.0,91579464.0,2040247241.0,949441870.0,3061908105.0,1516504392.0,1164708782.0,787520745.0,1949408157.0,0.38038658968832767,0.49528083142782625,0.815175333674096,0.021056282282119178,-5.289377331615268,-0.03550544603950483,0.11217381583251833,1.2857789210895956,4.870519432145976,0.1664664238602443,-0.01786816786260148,TR
DAGI,2024,58880066.0,1666008615.0,1501708587.0,848733778.0,-511518734.0,1886727530.0,284236120.0,233729238.0,124348623.0,359918520.0,-204243704.0,-135659753.0,-127546028.0,318068771.0,2746522375.0,1230850540.0,3748354638.0,1861627107.0,1355199163.0,1164708782.0,3061908105.0,0.3615450761412186,0.49665180773644824,0.9082432852712734,0.18550617173438055,-2.188509826057791,-0.13646487149703895,0.03920871633132641,1.1094087291118353,3.961284110575164,0.10348946092237825,-0.05448889545546784,TR
DAGI,2025,391945471.0,2480590989.0,2363138220.0,709766580.0,-100639998.0,1966612002.0,167767469.0,-403087025.0,358099300.0,666185168.0,-299234139.0,-232165117.0,-209803199.0,194923200.0,3782393190.0,1584823273.0,4995935391.0,3029323388.0,1942922573.0,1355199163.0,3748354638.0,0.3889006604248938,0.6063575989107503,0.8156903908697344,0.2444342915546038,-0.2496731270375175,-0.020144375401911597,0.16585803897666215,1.0497020309713412,4.0776979507226265,0.0443548464087627,-0.05989551817244468,TR
DAPGM,2017,1444958.0,62069069.0,13374728.0,77316.0,13965023.0,20451187.0,0.0,-71463.0,0.0,95577156.0,0.0,11028510.0,14193538.0,-5812923.0,56259992.0,0.0,129403071.0,108951884.0,0.0,,,0.0,0.8419574833737911,,inf,195.41613142465332,0.10791879120086725,0.10803644006816437,4.640772432904804,6.4943917199276155,0.0,0.0,TR
DARDL,2010,117905.0,39527996.0,349789435.0,659568.0,1845342.0,-287897859.0,5843659.0,-39637028.0,0.0,1600416.0,-282292282.0,-19417289.0,-19439910.0,-302423874.0,47003966.0,297908030.0,63491992.0,351389851.0,297908030.0,,,4.692056755755907,5.5343963849803295,1.0,0.13305122389618032,0.0465560132308608,0.029064169226254547,0.0003370742172358636,0.11300511692127008,-44.999185463575756,0.12432267949474732,-4.446108447818112,TR
DARDL,2011,857376.0,50846281.0,442361954.0,631437.0,-933031.0,-370172273.0,6643558.0,-90587433.0,0.0,2216442.0,-353898141.0,-164548828.0,-82176462.0,-321841163.0,49359777.0,371352145.0,74406123.0,444578396.0,371352145.0,297908030.0,63491992.0,4.990881530005266,5.975024340402738,1.0,0.2707091692703813,-0.010299784077113655,-0.012539707249630518,0.0019381775314248656,0.1149427082058689,-46.32745082350206,0.13459457079800016,-4.756304007400036,TR
DARDL,2012,6950.0,30023401.0,406387172.0,620094.0,-2020624.0,-361844324.0,6191421.0,0.0,0.0,2607162.0,-186048159.0,7151070.0,7131984.0,-404763147.0,46320042.0,341225484.0,47150010.0,408994334.0,341225484.0,371352145.0,74406123.0,7.237018274227301,8.674321256771737,1.0,0.0,-inf,-0.04285521890663438,1.7101917774117142e-05,0.0738788108203376,-78.31632281884036,0.13366613527682034,-3.9458774027831596,TR
DARDL,2013,223895.0,23355990.0,107096819.0,1443591.0,271326265.0,-145489371.0,17983644.0,-67667370.0,69432065.0,72524801.0,-128724375.0,232255155.0,232144980.0,-421955483.0,99246650.0,26735572.0,34132249.0,179621620.0,96167637.0,341225484.0,47150010.0,2.817500745409422,5.262519325931321,0.27801007526055777,0.30941213636508014,4.0097060813801395,7.949264198793347,0.0020905849687281562,0.2180829479165016,-0.577197660630279,0.1812015216634516,-3.771341730221176,TR
DARDL,2014,238506.0,56055111.0,141974242.0,1484979.0,7675158.0,-152644198.0,26978843.0,-27978589.0,82383917.0,87345876.0,-141237380.0,-14994914.0,-15024006.0,-189700328.0,147508973.0,26992202.0,76675920.0,229320118.0,109376119.0,96167637.0,34132249.0,1.426472861362472,2.990771000856592,0.2467833220522297,0.2722397366330116,0.2743225542932133,0.1000986750468726,0.0016799244471402074,0.3948259220147835,-12.192473176537264,0.18289628387555787,-1.842004373732979,TR
DARDL,2015,2443300.0,37309214.0,196772729.0,1540609.0,13524738.0,-167089352.0,42597920.0,-42802978.0,23490524.0,27324103.0,-133873925.0,-24660129.0,-24578680.0,-204695242.0,215437354.0,87490705.0,57007480.0,224096832.0,110981229.0,109376119.0,76675920.0,1.9467836326040022,3.9310075098916846,0.7883378638742593,0.3884869589191099,0.3159765659295949,0.2372449720633152,0.012416862907867685,0.18960561348925542,-25.99408620643435,0.19772764197614495,-2.348357180496314,TR
DARDL,2016,382392.0,30287141.0,220656636.0,2008090.0,20731652.0,-189792546.0,34129483.0,-48111412.0,16062211.0,25040407.0,162277111.0,-22767333.0,-24317187.0,-229355371.0,244883601.0,112340382.0,55904497.0,245697043.0,128402593.0,110981229.0,57007480.0,2.296820468664623,4.394942378249106,0.8749074249614258,0.40196042989070496,0.4309092404105704,0.37084050680216296,0.001732973034176049,0.13725914411203113,-30.782131955075954,0.13937022675520033,2.902755944660409,TR
DARDL,2017,667573.0,39027490.0,155635788.0,2433534.0,22758647.0,-210355129.0,49283719.0,-47815800.0,108959765.0,116564338.0,-169850829.0,-20805060.0,-20984438.0,-252122704.0,250488829.0,27979274.0,61844997.0,272200126.0,136939039.0,128402593.0,55904497.0,2.2142298592075282,4.401328146236308,0.20431919344782315,0.36040933071520415,0.47596499483434346,0.36799495681113864,0.004289328364501872,0.25076166928907123,-20.747342537766688,0.19675016724997346,-2.746395621944973,TR
DARDL,2018,303439.0,72731751.0,260103028.0,2450361.0,19059123.0,-280588274.0,102166986.0,-114661149.0,109006469.0,116631259.0,-203165002.0,-70199390.0,-70179234.0,-272927764.0,343551684.0,68255645.0,96146013.0,376734287.0,177262114.0,136939039.0,61844997.0,1.8436761803112938,3.918355792870995,0.3850548967276787,0.7298582319333501,0.1662212804094611,0.19823102805105397,0.0011666107939350863,0.2796266985403953,-18.238274214325926,0.2973846170988351,-2.1130881631045897,TR
DARDL,2019,13789059.0,140383746.0,329971022.0,2829859.0,59873905.0,-274989844.0,96285538.0,-62006516.0,106714354.0,116346412.0,-198780255.0,5323106.0,4082806.0,-343127154.0,519098445.0,165487022.0,171327590.0,446317434.0,272201376.0,177262114.0,96146013.0,1.58877724247449,2.605052893115464,0.6079580655756861,0.27591347185952747,0.9656066630158675,0.34947030422829156,0.04178869682683833,0.4254426499306354,-8.836626541888798,0.18548608443625755,-1.1602349335562356,TR
DARDL,2020,5629614.0,203593108.0,332725809.0,5312804.0,145792609.0,119374138.0,117765005.0,-115174165.0,176217774.0,220925725.0,-191830092.0,91870821.0,93794365.0,-334025267.0,943938945.0,215425981.0,673025672.0,553651534.0,391643755.0,272201376.0,171327590.0,0.5819150313184487,0.8226306321343415,0.5500559583798291,0.34699106650523887,1.2658447230765684,0.21662265655744556,0.01691967935075334,0.6118945464792603,2.0554865171062446,0.12475913365350129,-0.2850264112956452,TR
DARDL,2021,14509512.0,613114083.0,495323827.0,11499982.0,159119640.0,872354949.0,206916331.0,-205077523.0,38133818.0,118337650.0,-288727541.0,-22602702.0,-21416311.0,-245090181.0,1160582124.0,336699974.0,1486016426.0,613661477.0,374833792.0,391643755.0,673025672.0,0.2522406787985263,0.41295739822461425,0.8982647274235083,0.535116844068493,0.7758999507712993,0.10707798192265743,0.029292982104008495,1.2378045423605273,5.444507663387508,0.1782866776259256,-0.19429633209182307,TR
DARDL,2022,25927833.0,1769815420.0,2206795085.0,86901210.0,404452094.0,3390889822.0,947134742.0,-481696266.0,49923582.0,288950252.0,-558725269.0,265111182.0,81756854.0,-156433755.0,5373816680.0,1517076376.0,5886635159.0,2495745337.0,1566999958.0,374833792.0,1486016426.0,0.2661962081350046,0.42396806827484246,0.968140661558333,0.4961251353263378,0.8396413311619899,0.06870683897941908,0.011749089517298793,0.8019844851158893,4.564713823366789,0.1762499166607224,-0.09491420037230815,TR
DARDL,2023,149382313.0,3100624528.0,4177998925.0,187682076.0,1001896055.0,5441461705.0,1046005545.0,-1337820731.0,33779813.0,258644279.0,-1621143330.0,-88029132.0,-329085221.0,156907559.0,9337793156.0,3169385397.0,9878104909.0,4436643204.0,3203165210.0,1566999958.0,5886635159.0,0.3242692034057643,0.44913910561506065,0.9894542395457648,0.5609117017475987,0.7489015768585814,0.1014259378929218,0.03575451207182874,0.7421314805627912,4.555692222019857,0.1120184959684922,-0.16411481199424868,TR
DARDL,2024,1474695857.0,6095825682.0,6822216446.0,412400725.0,1577836088.0,7564425857.0,1001003150.0,-1945619839.0,6069695.0,429140999.0,-2473988143.0,-233506513.0,-258783117.0,90156577.0,14187646197.0,4949947741.0,14815783302.0,7251357445.0,4956017436.0,3203165210.0,9878104909.0,0.33450930909140536,0.4894346317836014,0.998775287803487,0.47691537827108965,0.8109683384041604,0.10649697392557071,0.21616081352338848,0.8935256936290995,4.759204972606079,0.07055456106677256,-0.16698328347351257,TR
DARDL,2025,420500303.0,4988127792.0,5103803875.0,454250966.0,750797784.0,7848118475.0,1520083820.0,-2601306791.0,1556398683.0,2094415197.0,-2952061703.0,-1328066863.0,-1756342516.0,-157742493.0,15397373384.0,3548418146.0,15046337547.0,7198219072.0,5104816829.0,4956017436.0,14815783302.0,0.3392730498737096,0.4784034021246061,0.6951117473680465,0.5171155239182345,0.2886233129431753,0.049899038995685506,0.08238958888286044,0.9773353197275826,4.645511654225732,0.09872357980092743,-0.1961980245211629,TR
DCTTR,2021,112657897.0,744367499.0,600653056.0,9418396.0,219289691.0,330187068.0,2898969622.0,-68556847.0,26049236.0,76241586.0,-259845482.0,153663925.0,198338472.0,-6715135.0,3269552615.0,275786673.0,1007081710.0,676894642.0,301835909.0,,,0.2997134254379419,0.6721347784183271,0.9136973593158526,0.22713283925405972,3.198654847706167,0.21774766518200395,0.1875590174305215,1.2392636507288495,6.139850884110994,0.8866563604757894,-0.2580182714270523,TR
DENGE,2010,3481016.0,6380258.0,871755.0,90414.0,1232480.0,5276069.0,0.0,-82967.0,483233.0,489195.0,4737.0,968455.0,1228478.0,-256564.0,332990.0,347387.0,6637019.0,1360950.0,830620.0,,,0.1251495588606873,0.20505440770924416,0.4182261443259252,0.09988562760347693,14.855062856316367,0.18569782608728408,3.993112743832843,7.31886596578167,13.887041176206893,0.0,0.0007137240378549466,TR
DENGE,2011,3391444.0,11858619.0,4109526.0,65388.0,1250056.0,6912528.0,0.0,-192025.0,1740639.0,1752553.0,4737.0,1154561.0,1144405.0,101430.0,83760.0,2111205.0,12774607.0,5862079.0,3851844.0,830620.0,6637019.0,0.30152348326645195,0.4588852713825169,0.548102415362616,0.08201878327308015,6.509860695221977,0.09785475200920075,0.8252640328835977,2.885641555741465,9.150926286319335,0.0,0.0003708137557578092,TR
DENGE,2012,18021898.0,24654102.0,5252410.0,87262.0,4320481.0,20586292.0,0.0,-95822.0,0.0,31485.0,638487.0,4364495.0,4463279.0,1399899.0,8400.0,5127291.0,25870187.0,5283895.0,5127291.0,3851844.0,12774607.0,0.19819303973334249,0.20424649423678307,1.0,0.02134325856555225,45.08861221848845,0.1670061758734098,3.4311674069617566,4.6938647211470546,13.559294724140699,0.0,0.024680416882954886,TR
DENGE,2013,7103117.0,29258588.0,5306140.0,117296.0,8010371.0,29988001.0,0.0,-205778.0,0.0,143842.0,1398048.0,7820985.0,7943511.0,5731496.0,910074.0,4461074.0,35437983.0,5449982.0,4461074.0,5127291.0,25870187.0,0.12588397031512769,0.1537892830977429,1.0,0.04292243776702284,38.927246838826306,0.22603913433786568,1.3386599298171553,5.514100268745265,15.507645175448792,0.0,0.039450552250674085,TR
DENGE,2018,2027403.0,108693688.0,23341437.0,32503.0,-1173849.0,83830162.0,0.0,-767282.0,0.0,1967384.0,0.0,150998.0,-59587.0,25233352.0,0.0,3876182.0,109138983.0,25308821.0,3876182.0,4461074.0,35437983.0,0.03551601722365326,0.23189533477694216,1.0,0.1840610387878218,-1.5298794967169829,-0.01075554277429908,0.08685853403113099,4.656683648054745,12.539606646867341,,0.0,TR
DENGE,2019,2027880.0,51441736.0,20833615.0,18324.0,-52295201.0,29915872.0,0.0,-362208.0,0.0,1784630.0,0.0,-53951931.0,-54606588.0,5937667.0,210000.0,757319.0,52534117.0,22618245.0,757319.0,3876182.0,109138983.0,0.014415755764963177,0.43054392634028665,1.0,0.15634311938208278,-144.37892316017317,-0.9954521744412302,0.09733692400478745,2.469169944822346,2.139872168171081,0.0,0.0,TR
DENGE,2020,8054250.0,81307630.0,110115368.0,497236.0,7369385.0,34314550.0,592493.0,-2267445.0,7313727.0,11737474.0,558.0,1529408.0,3427709.0,-51749465.0,92845375.0,5094376.0,156167392.0,121852842.0,12408103.0,757319.0,52534117.0,0.0794538657596331,0.7802707110585544,0.41056848093540166,0.3444545871754054,3.2500832434744833,0.04718901241560082,0.07314374138948525,0.7383858536439709,1.572421156688976,0.0063815025788845165,3.573089060743231e-06,TR
DENGE,2021,116523126.0,251957774.0,220888640.0,3061609.0,-22922433.0,583763565.0,0.0,-44387245.0,280710867.0,322493813.0,6049840.0,161530070.0,134148451.0,36846904.0,137239388.0,95370949.0,1127146018.0,543382453.0,376081816.0,12408103.0,156167392.0,0.33365847014862987,0.48208700942241184,0.25359096064352127,0.2285116953060499,-0.5164193677710793,-0.020336702285186976,0.5275197764810359,1.1406551916839183,4.528760913100201,0.0,0.005367396861974275,TR
DERHL,2016,2021445.0,23091275.0,17510730.0,329610.0,3528620.0,9560879.0,0.0,-4473069.0,7555401.0,7834076.0,-7760608.0,2498633.0,2617278.0,2043519.0,47120371.0,9304092.0,34905685.0,25344806.0,16859493.0,,,0.48300135063958777,0.7260939299715792,0.5518607232139187,0.26531456195035047,0.7888588349520206,0.10109012328507519,0.11544036142410967,1.3186928814504022,5.565052757210646,0.0,-0.2223307750585614,TR
DERHL,2017,2275004.0,34499374.0,25294933.0,332188.0,4537410.0,12374078.0,0.0,-4070869.0,11841330.0,12268998.0,-13755400.0,2672872.0,2997180.0,1056124.0,72041405.0,14933538.0,49938009.0,37563931.0,26774868.0,16859493.0,34905685.0,0.5361621045004017,0.7522112265228675,0.5577445984047429,0.1865900591508605,1.1146047686624159,0.09086085110041131,0.08993911942759446,1.3638847748677572,5.484535946685456,0.0,-0.2754495078087715,TR
DERHL,2018,8403638.0,55506152.0,43202071.0,423256.0,16938106.0,22458009.0,0.0,-15635838.0,8494471.0,9905382.0,-12599046.0,3612724.0,5045357.0,3728996.0,166492207.0,22907824.0,75565462.0,53107453.0,31402295.0,26774868.0,49938009.0,0.41556412372626,0.7028006127984766,0.7294952168304896,0.537524939124309,1.0832873812071986,0.2241514251576997,0.19451933218664447,1.2848030364099907,6.429337984790953,0.0,-0.16673021862818757,TR
DERHL,2019,11652294.0,83665342.0,38800586.0,1863370.0,12286802.0,58907771.0,0.0,-10099970.0,6561129.0,7915048.0,-1367002.0,3830437.0,4688607.0,7113434.0,186580213.0,18878107.0,105623405.0,46715634.0,25439236.0,31402295.0,75565462.0,0.2408484748243062,0.4422848704792276,0.7420862403257708,0.35537290506830294,1.2165186629267215,0.116326509261844,0.3003123200252697,2.1562906807644606,8.36173679167138,0.0,-0.01294222620450458,TR
DERHL,2020,14554262.0,82183856.0,17996264.0,2055343.0,10054822.0,75446408.0,0.0,-4408700.0,2395939.0,3304183.0,12170944.0,7720842.0,7873325.0,7888104.0,204080195.0,5507952.0,96746855.0,21300447.0,7903891.0,25439236.0,105623405.0,0.08169661949217884,0.22016681575850708,0.6968658854227621,0.26444430361915366,2.2806772971624287,0.10392918715548945,0.808737969169601,4.566717625391581,12.285606651748587,0.0,0.12580196017741352,TR
DERHL,2021,46856730.0,151901566.0,114354397.0,3615269.0,33223011.0,77544819.0,0.0,-29146207.0,13492214.0,15341461.0,-6909232.0,27642283.0,29162450.0,15263162.0,308889483.0,79620549.0,207240677.0,129695858.0,93112763.0,7903891.0,96746855.0,0.44929771677979996,0.6258224006863286,0.8550981244107212,0.577057462227961,1.139874255336209,0.16031124526774249,0.40975013842274904,1.3283404047856595,6.383699810673333,0.0,-0.03333916922110807,TR
DERIM,2010,37138.0,51900125.0,41538169.0,436110.0,4788171.0,13280850.0,7957.0,-7765412.0,411226.0,719411.0,-3126280.0,1242220.0,1631530.0,5932523.0,80779877.0,14358006.0,55538430.0,42257580.0,14769232.0,,,0.2659281510118309,0.7608709860901721,0.9721565752369521,0.5257830603514116,0.6166023129229975,0.08621365422105018,0.0008940692595285073,1.2494562531150566,5.731498022802462,9.850225446617108e-05,-0.05629039207626143,TR
DERIM,2011,49214.0,64238120.0,50668507.0,419742.0,6152560.0,15142112.0,1409188.0,-9749751.0,326285.0,1790804.0,-8667601.0,1861262.0,2698589.0,7174743.0,103783569.0,19778290.0,67601423.0,52459311.0,20104575.0,14769232.0,55538430.0,0.2973986952907781,0.7760089754323662,0.983770609425964,0.5591446325318025,0.6310479108645954,0.09101228534789867,0.0009712936676819785,1.2678115816595898,5.82746012475438,0.013578141642055112,-0.12821625071413068,TR
DERIM,2012,191008.0,87847891.0,73379508.0,374834.0,8379210.0,25136892.0,2229638.0,-6259261.0,130280.0,2931310.0,-8939754.0,1625352.0,2119949.0,8839563.0,132576325.0,27258873.0,101447710.0,76310818.0,27389153.0,20104575.0,67601423.0,0.26998295969421093,0.7522182412988918,0.9952433724401774,0.26358263558506084,1.3386899827311882,0.08259634446159504,0.0026030155448848197,1.1971719815837414,5.370557773464451,0.016817768934234676,-0.08812179200496492,TR
DERIM,2013,90136.0,112024917.0,72746631.0,743532.0,10272232.0,27902497.0,2832154.0,-7383257.0,23230605.0,25729273.0,-11306346.0,2053172.0,2888975.0,10376818.0,172664491.0,17970764.0,126378401.0,98475904.0,41201369.0,27389153.0,101447710.0,0.32601590678457787,0.7792146697599062,0.4361690991384291,0.2152850506080126,1.391287341074542,0.08128154746949204,0.0012390401969267827,1.5399327152346065,6.400239979542089,0.01640264297307082,-0.08946422735638189,TR
DERIM,2014,208936.0,118132461.0,78907650.0,828635.0,10337031.0,31155447.0,9216791.0,-7070665.0,20026175.0,22667486.0,-5832681.0,2525272.0,3320380.0,12331183.0,155879572.0,15634281.0,132730583.0,101575136.0,35660456.0,41201369.0,126378401.0,0.2686679678036222,0.7652730343239734,0.43842066966277715,0.1839837916937309,1.4619602258062008,0.07787979805678998,0.002647854802417763,1.4970976958507825,6.336902635862066,0.05912763861065772,-0.043943760873859795,TR
DERIM,2015,398961.0,185335161.0,115780656.0,846179.0,13713741.0,37913760.0,12562853.0,-7054878.0,42134190.0,46189860.0,3287852.0,5224507.0,6585449.0,16513790.0,204473606.0,4951229.0,199884276.0,161970516.0,47085419.0,35660456.0,132730583.0,0.23556339669259427,0.8103214481963553,0.10515418796634261,0.17051914672483673,1.9438664991797165,0.06860840319425626,0.0034458346824360712,1.6007437460019227,6.508869737057704,0.061439973822342626,0.016448777591690104,TR
DERIM,2016,204417.0,219241539.0,174565220.0,273097.0,14033837.0,42718938.0,11658255.0,-9184663.0,13410070.0,18936740.0,2703814.0,3806487.0,4849174.0,19689105.0,209292934.0,47420773.0,236220898.0,193501960.0,60830843.0,47085419.0,199884276.0,0.257516771441619,0.819156821595014,0.779551468652177,0.17021833094997305,1.5279642813242031,0.059409802937926345,0.001171006458216591,1.2559290962999388,5.393450931686489,0.05570305111208389,0.011446125312757046,TR
DERIM,2017,1031178.0,304787255.0,219257055.0,471322.0,21667939.0,43324800.0,13752043.0,-20785106.0,54237148.0,56468762.0,2720839.0,723269.0,882833.0,25584629.0,241451969.0,48428422.0,319050617.0,275725817.0,102665570.0,60830843.0,236220898.0,0.32178458379223257,0.8642071267331227,0.4717104478161471,0.2542576392792177,1.042474308285943,0.06791379751508207,0.004703055051067798,1.390090982477166,5.891372732800602,0.056955605112501695,0.00852792270262245,TR
DERIM,2018,669886.0,285864477.0,191942993.0,314006.0,24469708.0,40779524.0,8886508.0,-29349872.0,54385268.0,55809909.0,-430629.0,-723340.0,-1397679.0,34559117.0,235261573.0,31195586.0,288532426.0,247752902.0,85580854.0,102665570.0,319050617.0,0.29660740453483725,0.8586657154437124,0.3645159465223378,0.3118239526292409,0.8337245218650358,0.08480748018248736,0.0034900258119867915,1.4893196804532478,6.518576874691778,0.03777288354694457,-0.00149248043268454,TR
DERIM,2019,9082794.0,326143418.0,210701765.0,454789.0,15629277.0,77312874.0,0.0,-22618094.0,42039195.0,43497754.0,-21748628.0,-6326020.0,-6231645.0,33592642.0,284872965.0,42005276.0,331512393.0,254199519.0,84044471.0,85580854.0,288532426.0,0.25351833830236326,0.7667873791976157,0.4997982080225123,0.26668298498470083,0.691007694989684,0.0471453777596785,0.0431073465378897,1.547891248087077,6.500878020826424,0.0,-0.06560426837496841,TR
DERIM,2020,3646924.0,315373624.0,220996889.0,817279.0,7091746.0,71811099.0,0.0,-12217277.0,23810124.0,27335189.0,-9930406.0,-5339613.0,-4894507.0,27228765.0,249428532.0,73244782.0,320143177.0,248332078.0,97054906.0,84044471.0,331512393.0,0.3031609385197049,0.7756906779243963,0.754673668943639,0.13492345697025782,0.580468626519641,0.022151794913936273,0.01650215085154434,1.4270500613246189,5.913619208592003,0.0,-0.031018640138003005,TR
DERIM,2021,52667822.0,355320165.0,278058486.0,702335.0,17684381.0,73771220.0,0.0,-17261156.0,3836557.0,8957708.0,-38142527.0,2730784.0,1533919.0,21889152.0,376919122.0,51041551.0,360787414.0,287016194.0,54878108.0,97054906.0,320143177.0,0.15210649227359133,0.7955271798921456,0.9300894812189954,0.22722060920873985,1.0245189256154108,0.04901606961267224,0.1894127482230483,1.2778612518231147,5.451860094610084,0.0,-0.10572022614957405,TR
DESA,2010,916782.0,89091563.0,51084528.0,3731950.0,253026.0,56754259.0,64785082.0,-4908820.0,5665368.0,6748663.0,-25583937.0,547753.0,-613939.0,748684.0,127417987.0,15421594.0,114587450.0,57833191.0,21086962.0,,,0.18402505684523043,0.5047078977671638,0.7313331337155158,0.23278934158462466,0.051545177863519136,0.002208147576370711,0.017946373117120707,1.7440028612968685,6.492409132628271,0.5084453421792011,-0.22326997415511035,TR
DESA,2011,227944.0,100599928.0,65668119.0,4309951.0,8832287.0,58018748.0,95155524.0,-10230814.0,3846890.0,5564087.0,-32817477.0,1264488.0,2535940.0,1296438.0,175258719.0,17389868.0,129250954.0,71232206.0,21236758.0,21086962.0,114587450.0,0.16430639266306693,0.5511155143968995,0.8188570025613138,0.4834553295409761,0.8633024703606185,0.0683344047116279,0.0034711516557981506,1.5319447173445002,6.370061242308215,0.5429431673524899,-0.25390510463853133,TR
DESA,2012,790829.0,107564886.0,69587389.0,4775103.0,5968810.0,70213275.0,90084869.0,-2188426.0,2139120.0,4255190.0,-20667930.0,3006185.0,3784824.0,2457251.0,181110537.0,24963165.0,144055854.0,73842579.0,27102285.0,21236758.0,129250954.0,0.1881373387297402,0.5125968639913794,0.9210723376276208,0.09054486246241987,2.727444291010982,0.04143399823238006,0.011364544802794656,1.5457525788185558,6.31185284461875,0.4974026939139383,-0.14347164260329193,TR
DESA,2013,735569.0,123737263.0,70761534.0,4462231.0,6389003.0,63617168.0,102864819.0,-10439290.0,21386373.0,23462489.0,-53985282.0,-2920925.0,-3100616.0,2002042.0,183149412.0,20873927.0,157841191.0,94224023.0,42260300.0,27102285.0,144055854.0,0.2677393634213011,0.5969545870950759,0.4939370283694153,0.30100637108608336,0.6120150891487831,0.040477412515216006,0.010395040333636633,1.748651506056949,6.4739971041051625,0.5616442765319934,-0.3420227740172082,TR
DESA,2014,1441534.0,131890789.0,85750443.0,4249701.0,7852460.0,68103414.0,117362179.0,-4058368.0,14964065.0,17637244.0,-53411568.0,4761153.0,5206006.0,-918883.0,211291588.0,26642628.0,171491101.0,103387687.0,41606693.0,42260300.0,157841191.0,0.242617213122913,0.6028749386826784,0.6403447637619265,0.09678105425813943,1.9348812133350155,0.04578931474700836,0.016810805280621115,1.538077056931356,5.996884672430374,0.5554512610317454,-0.3114538753821401,TR
DESA,2015,967959.0,135230119.0,77525620.0,4111979.0,3728595.0,63540413.0,94277470.0,-10144797.0,31969182.0,34686264.0,-60612022.0,-4098059.0,-4633426.0,3834799.0,196564088.0,25746870.0,175752297.0,112211884.0,57716052.0,41606693.0,171491101.0,0.3283942968893317,0.6384661020959516,0.4460954813749215,0.204279432671741,0.36753766487392503,0.021215057007192343,0.012485666028856009,1.744328120174982,6.21209815618461,0.4796271331109068,-0.3448718624713053,TR
DESA,2016,6785223.0,146340813.0,92366255.0,4465444.0,-1191056.0,49681859.0,37698348.0,-13806726.0,46258999.0,49533233.0,-65721425.0,-13300120.0,-13530954.0,-263260.0,151465709.0,36011563.0,191581347.0,141899488.0,82270562.0,57716052.0,175752297.0,0.42942887336521335,0.7406748632997137,0.4377211255710153,0.1972578035211281,-0.08626636032322217,-0.006216972678451833,0.07345997734778789,1.5843536473358155,5.419528933206148,0.24889031483687177,-0.34304709737738714,TR
DESA,2017,8888394.0,180080668.0,157847992.0,4133751.0,14012112.0,69916632.0,64416203.0,-19674392.0,21097433.0,24899891.0,-85035945.0,-186146.0,-3697642.0,-13563380.0,207421540.0,64837786.0,252664515.0,182747883.0,85935219.0,82270562.0,191581347.0,0.340115900327357,0.7232827411478814,0.7544960815192663,0.23393241163334333,0.7122005091694829,0.05545737991739758,0.0563098325634703,1.1408486463356469,4.42661996468429,0.31055696047768233,-0.3365567380920111,TR
DESPC,2010,5681321.0,49496151.0,15738575.0,57657.0,10390223.0,35136699.0,120904.0,-7935467.0,0.0,276579.0,14823550.0,8089215.0,10110938.0,10024960.0,134608280.0,3167393.0,51151853.0,16015154.0,3167393.0,,,0.06192137360106974,0.31309039772224867,1.0,2.505362296374337,1.3093398283932125,0.20312505589973445,0.3609806478667859,3.1448940580706957,11.88683373758543,0.0008981914039760407,0.28979497575581475,TR
DESPC,2011,14045702.0,57851935.0,17505879.0,56672.0,10339184.0,41557049.0,120039.0,-11755204.0,0.0,206500.0,24921337.0,9689510.0,12142931.0,14381944.0,152394466.0,3902822.0,59269428.0,17712379.0,3902822.0,3167393.0,51151853.0,0.06584882175680859,0.2988451145504559,1.0,3.3252748325192374,0.8795410100922111,0.17444379588073636,0.8023420017926549,3.304714661857311,12.142381116071792,0.0007876860830366373,0.42047540934594474,TR
DESPC,2012,4778671.0,58303841.0,16736521.0,76151.0,7374127.0,41772499.0,138315.0,-1260207.0,0.0,228003.0,4745647.0,7932811.0,9394148.0,6557147.0,129485381.0,0.0,58737023.0,16964524.0,0.0,3902822.0,59269428.0,0.0,0.2888216517204149,,0.6457927110178225,5.851520424819097,0.125544786292625,0.28552355653842276,3.483629662341415,11.685469472603302,0.0010681900839446888,0.0807948165844224,TR
DESPC,2013,5197544.0,70488377.0,21872338.0,81804.0,13968401.0,48653776.0,264275.0,-5659920.0,0.0,331595.0,27909135.0,8753592.0,11758743.0,8813537.0,141404625.0,0.0,70857709.0,22203933.0,0.0,0.0,58737023.0,0.0,0.31335945394452425,,inf,2.4679502537138336,0.19713311645455542,0.2376309290758034,3.222717982869504,11.78187787203305,0.0018689275545265935,0.39387577433529497,TR
DESPC,2018,1540700.0,117300441.0,41626976.0,174649.0,27009702.0,77437579.0,5121952.0,-7314831.0,0.0,394983.0,26219070.0,20799430.0,26628564.0,21215589.0,346523174.0,12824836.0,119459538.0,42021959.0,12824836.0,0.0,70857709.0,0.10735715385070382,0.35176729881543656,1.0,1.140728973064451,3.692457419727127,0.2260991667320863,0.037012056797015476,2.817894842997964,11.438810613372269,0.014780979698633373,0.21948075841378192,TR
DESPC,2019,2505542.0,147916921.0,71926959.0,568897.0,19251118.0,77889984.0,1264510.0,-3892197.0,725832.0,1216201.0,40684820.0,12463971.0,15962663.0,28930019.0,280482155.0,37500781.0,151033144.0,73143160.0,38226613.0,12824836.0,119459538.0,0.25310082269094525,0.48428548901822505,0.9810123905039665,0.15248135268403448,4.946080067375829,0.12746287000421577,0.034834532626355025,2.0564879018449815,9.149699195535131,0.004508343855244552,0.2693767667314136,TR
DESPC,2020,12690241.0,272119502.0,177622807.0,490868.0,33222409.0,98048527.0,2817952.0,-13566006.0,781620.0,1530029.0,52754617.0,20257748.0,26370681.0,41393990.0,658571089.0,133596786.0,277201363.0,179152836.0,134378406.0,38226613.0,151033144.0,0.4847682007970502,0.646291324332341,0.9941834404554554,0.15719132709576655,2.448945474445463,0.11984937101481713,0.07144488489026074,1.5320076661101296,7.35312657533906,0.004278888106489594,0.19031153537293394,TR
DESPC,2021,3742609.0,394902404.0,257855698.0,650915.0,57452508.0,139640353.0,2687051.0,-25658543.0,545308.0,1597575.0,56031341.0,41667900.0,55454782.0,61651738.0,774702184.0,171990053.0,399093626.0,259453273.0,172535361.0,134378406.0,277201363.0,0.4323180070031988,0.65010628107601,0.996839442089787,0.16720359761509168,2.2391180980151524,0.14395746826585498,0.014514354458826036,1.5314860484486947,7.538787893792925,0.003468495449601056,0.140396481801992,TR
DESPC,2022,10478309.0,695934609.0,407300223.0,2682498.0,248186783.0,305768083.0,29772556.0,-314403040.0,1122966.0,5115337.0,180373251.0,-84152954.0,-60127053.0,-1364518.0,2572338443.0,88539224.0,718183643.0,412415560.0,89662190.0,172535361.0,399093626.0,0.1248457701228932,0.574248054825164,0.9874755903240819,2.3982149245932507,0.7893905319745,0.3455756552227687,0.025726254021717045,1.7086526589011959,8.980983590264694,0.011574120847518663,0.25115198982608966,TR
DESPC,2023,13551006.0,1811338175.0,1526898438.0,5782088.0,186016251.0,326964877.0,30798130.0,-373084719.0,677930.0,3005382.0,-115724628.0,-114730388.0,-98707459.0,-123469271.0,5847130740.0,1271062.0,1856868697.0,1529903820.0,1948992.0,89662190.0,718183643.0,0.0010496121794442636,0.8239159949606281,0.6521637851771582,8.144960273517702,0.4985898417351154,0.10017738534799588,0.008874857464488415,1.1862859571541458,4.935702753295038,0.00526722103019027,-0.06232246156498162,TR
DESPC,2024,12226042.0,3509805936.0,3093756202.0,4288623.0,622073870.0,447340332.0,110679185.0,-676752589.0,4651739.0,8343139.0,-360142257.0,19895494.0,52850256.0,-311785081.0,9592204957.0,1428360.0,3549439673.0,3102099341.0,6080099.0,1948992.0,1856868697.0,0.0017129743171155455,0.8739687462776607,0.23492380633933757,168.57514480779955,0.9192042706762368,0.17525973880666657,0.003951844037386111,1.1344804525098129,5.0617352889668705,0.011538450804184584,-0.10146453811838035,TR
DESPC,2025,31470916.0,2040824952.0,1589586971.0,7957400.0,1081979846.0,476457510.0,254963486.0,-1148965292.0,7638753.0,12765114.0,-176893964.0,-50285611.0,5319503.0,-343723852.0,12873995756.0,2944455.0,2078809595.0,1602352085.0,10583208.0,6080099.0,3549439673.0,0.005090994396723477,0.7708027175042936,0.2782195152925276,137.90363365447206,0.9416993302875157,0.5204804945110906,0.019798171835921523,1.2838712126057052,7.94476577211449,0.019804533948302165,-0.08509387508383133,TR
DEVA,2014,42143562.0,412977017.0,262838940.0,25197997.0,45155802.0,411909172.0,0.0,-40777308.0,197213233.0,218784080.0,18998198.0,8701659.0,5047862.0,-90724844.0,467940004.0,198264898.0,893532192.0,481623020.0,395478131.0,,,0.4426008760969185,0.5390102609755777,0.5013296120791063,0.10310888214448449,1.1073757492770244,0.05053629002322504,0.16033987201439787,1.5712170236267122,5.25887554884981,0.0,0.021261906588363858,TR
DEVA,2015,36328677.0,475767372.0,463414167.0,26673479.0,98404211.0,453111541.0,0.0,-47484844.0,48584045.0,76425991.0,23391142.0,47618965.0,51704734.0,-82001902.0,576380100.0,377366435.0,992951699.0,539840158.0,425950480.0,395478131.0,893532192.0,0.4289740180000437,0.5436721227665677,0.8859396871673909,0.11561526677818627,2.072328825593278,0.09910271677776746,0.07839353991955106,1.0266569429242332,4.609669828533314,0.0,0.023557180096028016,TR
DEVA,2016,27476002.0,449634143.0,245445843.0,27469806.0,122036833.0,512847513.0,0.0,-51771290.0,225557805.0,259233663.0,18738793.0,60331101.0,71976001.0,-34342234.0,688456364.0,152844023.0,1017527019.0,504679506.0,378401828.0,425950480.0,992951699.0,0.3718838133378353,0.49598634392626384,0.4039198853975938,0.12872789568722168,2.357229904837218,0.11993473462742515,0.11194323629265948,1.8319077540865094,6.32933058709345,0.0,0.018416015152517538,TR
DEVA,2017,77869867.0,621511152.0,418736092.0,30887897.0,145332182.0,605090102.0,0.0,-60193739.0,191355369.0,232580675.0,49066316.0,92542675.0,94579748.0,25988867.0,800295112.0,296938055.0,1256406869.0,651316767.0,488293424.0,378401828.0,1017527019.0,0.38864275263684506,0.5183963754658524,0.608113974928321,0.13890404697867204,2.4144069535205315,0.11567286488625525,0.18596406779284744,1.4842550328811877,6.128969076222326,0.0,0.03905288741301843,TR
DEVA,2018,121115624.0,962287348.0,584100327.0,34893326.0,277236202.0,746407897.0,0.0,-121817774.0,284710473.0,337932105.0,116870744.0,136361117.0,155969567.0,121607460.0,1040677048.0,442867062.0,1668440329.0,922032432.0,727577535.0,488293424.0,1256406869.0,0.4360824431977633,0.552631350353795,0.6086871030178248,0.200379445036157,2.2758271875826592,0.16616488895720047,0.20735414517239262,1.6474692848442798,6.941201860010884,0.0,0.07004790160523625,TR
DEVA,2019,277045749.0,1241271141.0,670474995.0,46090352.0,426687972.0,1030842089.0,0.0,-148160975.0,352713211.0,418185380.0,265804954.0,286015741.0,280694821.0,255689513.0,1373983541.0,446907389.0,2119502464.0,1088660375.0,799620600.0,727577535.0,1668440329.0,0.3772680681346922,0.513639589238996,0.5588992942402935,0.19402980085488383,2.879894466137254,0.20131515732930047,0.4132081748999454,1.8513309970642529,7.756999774921059,0.0,0.12540912714881372,TR
DEVA,2020,609464914.0,1949037953.0,987419630.0,59759908.0,756522986.0,1634382554.0,0.0,-115715010.0,380166566.0,466113319.0,572945708.0,651448684.0,646539535.0,488354120.0,1863328501.0,713554922.0,3087915503.0,1453532949.0,1093721488.0,799620600.0,2119502464.0,0.3541941115090156,0.4707165554199428,0.6524100786433483,0.1222336002916764,6.53781204357153,0.2449947173959313,0.6172298944472068,1.9738699675233315,8.635447573619837,0.0,0.18554449026968728,TR
DEVA,2021,1310974419.0,3367927882.0,1632487265.0,79156745.0,1353282819.0,2727776845.0,0.0,-212621546.0,620045484.0,719667767.0,1391625215.0,1170087476.0,1158328215.0,1041162023.0,2330367791.0,1114135544.0,5079931877.0,2352155032.0,1734181028.0,1093721488.0,3087915503.0,0.3413787960133309,0.46302885332964083,0.6424563099302918,0.15037402795676852,6.36474921972395,0.2663978281140245,0.8030533818590003,2.0630653323963295,9.16709838387239,0.0,0.27394564507857866,TR
DEVA,2022,990686461.0,9680783422.0,6650553737.0,643057475.0,998376729.0,11530176155.0,0.0,-23584154.0,832568870.0,2355069045.0,1022060604.0,851061391.0,1217610600.0,6559229103.0,8712735438.0,4767780480.0,20535798937.0,9005622782.0,5600349350.0,1734181028.0,5079931877.0,0.2727115398422446,0.4385328669036725,0.8513362617280296,0.006430992247503921,42.33252246402394,0.04861640552981813,0.1489630037102578,1.4556356966400374,6.930291766484421,0.0,0.0497697025148859,TR
DEVA,2023,2189103371.0,16623572939.0,9985468231.0,981578051.0,2901268346.0,21343640447.0,0.0,-621585577.0,551386438.0,1075224409.0,3317843134.0,4887825625.0,2852286668.0,10296749408.0,16358568181.0,7367093782.0,32404333087.0,11060692640.0,7918480220.0,5600349350.0,20535798937.0,0.24436485696959903,0.3413337534305663,0.9303671383042237,0.09195849001297825,4.66752841982368,0.08953334537731726,0.21922891549581056,1.6647765086660562,8.257556194724554,0.0,0.10238887265762169,TR
DEVA,2024,1262043753.0,16080584865.0,9999761422.0,1422237126.0,3664635428.0,27240080463.0,0.0,-3470684442.0,1132121522.0,1673558161.0,3179024915.0,90864991.0,483460793.0,19271837198.0,20233967150.0,6938410640.0,38913400047.0,11673319583.0,8070532162.0,7918480220.0,32404333087.0,0.207397250105422,0.29998200025957245,0.8597215773043344,0.434133686194052,1.0558826333079807,0.09417412571437644,0.1262073863305816,1.6080968521530794,8.972675046562234,0.0,0.08169486375285484,TR
DEVA,2025,2806750360.0,19578442758.0,11861585676.0,1833003210.0,892780337.0,30993937512.0,0.0,-1396508766.0,799985256.0,1452846770.0,3907983999.0,-950297298.0,-109170003.0,22801221994.0,22663377404.0,6245012675.0,44308369958.0,13314432446.0,7044997931.0,8070532162.0,38913400047.0,0.15899925764991962,0.30049474757524997,0.8864463462111413,0.18477800744106526,0.6392944740026072,0.020149248050566258,0.23662522336107267,1.650575504218952,8.649752402875952,0.0,0.08819967881247688,TR
DGATE,2014,29670655.0,179918672.0,146826699.0,49207.0,12920791.0,39391801.0,3022480.0,-3099997.0,40047252.0,40067300.0,11815462.0,8489116.0,10675166.0,12316092.0,454524444.0,46115115.0,226285800.0,186893999.0,86162367.0,,,0.3807678917545865,0.8259201372777257,0.5352117937985618,0.03597854966078172,4.168001130323675,0.05709943354819436,0.20207942562272002,1.225381168584332,4.991782664155188,0.006649763373342358,0.05221477441359555,TR
DGATE,2015,39296245.0,361808963.0,308594825.0,59366.0,25304711.0,61501910.0,1168015.0,-1219530.0,67085140.0,67130812.0,1589993.0,22148470.0,27724148.0,19914198.0,1077380498.0,196581051.0,437227547.0,375725637.0,263666191.0,86162367.0,226285800.0,0.6030411231156942,0.8593366076268749,0.7455679101459011,0.006972158059205675,20.749560076422885,0.05787538130574376,0.12733928704086336,1.1724401502844386,4.757682217771119,0.0010841248771146774,0.003636534365022522,TR
DGATE,2016,44071844.0,293822238.0,231261454.0,149900.0,19568701.0,74306957.0,0.0,-1156533.0,1770872.0,1818194.0,652905.0,18077982.0,22611529.0,16219963.0,1214420509.0,74988612.0,307386605.0,233079648.0,76759484.0,263666191.0,437227547.0,0.24971642469586466,0.7582622151020536,0.9769295999957478,0.006794628519132701,16.920140627202162,0.06366152812677052,0.190571507865725,1.2705197209388817,5.519694539315517,0.0,0.002124051566918474,TR
DGATE,2017,37479728.0,387221023.0,311473480.0,176962.0,34635627.0,95360939.0,0.0,-2370047.0,16902276.0,16969583.0,-4397313.0,31041808.0,36795742.0,21956656.0,1582967618.0,32601295.0,423804002.0,328443063.0,49503571.0,76759484.0,307386605.0,0.11680770065026427,0.7749881111316169,0.6585645104269346,0.03754141700436442,14.613898796099825,0.08172557794770423,0.12033039859444855,1.2431909869180515,5.445436247032261,0.0,-0.010375817545960786,TR
DGGYO,2010,15096570.0,16749615.0,1348082.0,77074.0,9003179.0,175037428.0,0.0,-1127176.0,0.0,923.0,9337848.0,9711486.0,9711486.0,71300570.0,10173521.0,0.0,176386433.0,1349005.0,0.0,,,0.0,0.007648008846576086,,inf,7.9873764168151205,0.05104235539475987,11.198554687326142,12.42477460569906,141.72422789990483,0.0,0.05293971787501366,TR
DGGYO,2011,25902411.0,26345543.0,1082883.0,149494.0,10682580.0,188242718.0,0.0,-3947.0,0.0,1138.0,4468099.0,13205290.0,13205290.0,81012056.0,12410722.0,0.0,189326739.0,1084021.0,0.0,0.0,176386433.0,0.0,0.005725662448556725,,inf,2706.5062072460096,0.05642404267048618,23.919861148434318,24.32907617905166,188.2343309070821,0.0,0.023599936404123032,TR
DGGYO,2012,22640148.0,38157104.0,1144989.0,170461.0,34791102.0,225695204.0,0.0,-406938.0,0.0,76149.0,5748594.0,37452486.0,37452486.0,94217346.0,14372623.0,0.0,226916342.0,1221138.0,0.0,0.0,189326739.0,0.0,0.005381445819358396,,inf,85.49484688085163,0.15332127114934718,19.773244983139577,33.32530181512661,200.7687417786856,0.0,0.025333539000906333,TR
DGGYO,2013,27097516.0,40720087.0,20172084.0,189861.0,28400229.0,604510601.0,0.0,-10052080.0,95588480.0,95644519.0,-109705849.0,21915267.0,21915267.0,131669832.0,15775892.0,17379724.0,720327204.0,115816603.0,112968204.0,0.0,226916342.0,0.15682901238865332,0.16078332507347592,0.15384615656986103,0.1779629956761993,2.8253086923303434,0.03942684497030324,1.3433176264782558,2.0186356055229595,9.778507388185567,0.0,-0.15230002197723466,TR
DGGYO,2014,46369836.0,57371102.0,24896112.0,440331.0,53155004.0,656340414.0,0.0,-9232562.0,75124583.0,75383489.0,-90312525.0,51828245.0,51828245.0,153585099.0,46461603.0,18644553.0,756620015.0,100279601.0,93769136.0,112968204.0,720327204.0,0.12393160918430106,0.13253627846469274,0.1988346464022021,0.0893168307186307,5.757340595167409,0.07025323537072965,1.862533234104988,2.3044201439967815,11.537765789942377,0.0,-0.11936311914772701,TR
DGGYO,2015,37249535.0,40639706.0,29278536.0,417644.0,88286360.0,733919115.0,0.0,-22088697.0,65823309.0,66155715.0,-81801209.0,77601516.0,77601516.0,205413344.0,53965158.0,20555723.0,829353366.0,95434251.0,86379032.0,93769136.0,756620015.0,0.10415226553743799,0.11507067422934894,0.2379712127359797,0.24522810578900808,3.9969021260058932,0.10645204278341351,1.2722471847636099,1.3880375029680445,12.937482360030742,0.0,-0.09863251582920567,TR
DGGYO,2016,1946926.0,7653144.0,57089362.0,285734.0,95221951.0,826592304.0,0.0,-39781489.0,157563271.0,158203015.0,-192450342.0,58650926.0,58650926.0,283014860.0,64186519.0,35875468.0,1041884681.0,215292377.0,193438739.0,86379032.0,829353366.0,0.18566233147255573,0.20663743399448253,0.18546165150507934,0.28433854546000226,2.3936246076661436,0.09139394477765625,0.034103131157780325,0.1340555180840872,8.469804808562262,0.0,-0.18471366890171217,TR
DGGYO,2017,8993753.0,17367884.0,60779475.0,231513.0,100188220.0,880585987.0,0.0,-61604568.0,222838686.0,223689246.0,-264746548.0,54065513.0,54065513.0,243847408.0,73916621.0,46600381.0,1165054708.0,284468721.0,269439067.0,193438739.0,1041884681.0,0.2312673088652932,0.2441676936255941,0.17295331934919445,0.2661806947814646,1.6263115423518593,0.08599443383391743,0.1479735223116027,0.28575245179396497,7.516092978792152,0.0,-0.22723958470111602,TR
DGGYO,2018,1617554.0,37989729.0,135111284.0,228766.0,116327591.0,884454554.0,0.0,-161581448.0,815214647.0,816304659.0,-908552014.0,3933529.0,3933529.0,297912921.0,98555386.0,93384660.0,1835870497.0,951415943.0,908599307.0,269439067.0,1165054708.0,0.4949147058492111,0.5182369587368558,0.10277870484882508,0.27432289400107435,0.7199316037816421,0.06336372374309145,0.011972012641075929,0.28117362129428064,4.833877336053199,0.0,-0.49488894531758465,TR
DGGYO,2019,3250476.0,40756634.0,178468432.0,0.0,252576092.0,979262620.0,0.0,-207052920.0,804066470.0,805348048.0,-768632766.0,95044820.0,95044820.0,301846450.0,140423811.0,96259987.0,1963079100.0,983816480.0,900326457.0,908599307.0,1835870497.0,0.4586297398815972,0.5011598768485692,0.1069167591950483,0.22892362320292542,1.2198624969886926,0.12866322707016747,0.01821317060711331,0.22836886917906019,5.200829924310268,0.0,-0.3915444701133031,TR
DGGYO,2020,10948060.0,40228154.0,121587363.0,0.0,-4170940.0,622998844.0,0.0,-397302077.0,1216641325.0,1218660360.0,-1112541211.0,-360865188.0,-390667421.0,396891270.0,120145292.0,81030591.0,1963246567.0,1340247723.0,1297671916.0,900326457.0,1963079100.0,0.6609826487474509,0.6826690776024161,0.06244304897170942,0.361512621556431,-0.010498158055186809,-0.0021245115463889666,0.09004274564290041,0.33085801852615226,4.110993630503413,0.0,-0.5666844041398494,TR
DGGYO,2021,12429664.0,410506872.0,348755440.0,0.0,497199079.0,405361121.0,0.0,-833350730.0,1682713838.0,1685792728.0,-1773503788.0,-229276304.0,-328777372.0,36026082.0,151169448.0,283342595.0,2439909289.0,2034548168.0,1966056433.0,1297671916.0,1963246567.0,0.8057907897903003,0.8338622165883315,0.14411722382131642,0.510674076324604,0.5966264396264463,0.20377769011395408,0.035640057686268635,1.1770622760751774,5.04274832641123,0.0,-0.7268728374434251,TR
DGNMO,2010,4347046.0,30963113.0,18513701.0,987083.0,2726237.0,19431397.0,1836953.0,-1982204.0,0.0,1034306.0,-9002741.0,2604279.0,2604279.0,-33455827.0,34741262.0,9963622.0,38979404.0,19548007.0,9963622.0,,,0.25561247678389337,0.5014957899304977,1.0,0.19894411891579186,1.375356421437955,0.06994044855072694,0.2348015666883677,1.6724431814038694,4.0608559827140995,0.052875252487949345,-0.23096148417251325,TR
DGNMO,2011,5072923.0,32592776.0,16694672.0,861914.0,5497730.0,22433300.0,2193109.0,-2453739.0,0.0,1254416.0,0.0,3001903.0,3692608.0,-30851548.0,35970545.0,8506.0,40382388.0,17949088.0,8506.0,9963622.0,38979404.0,0.00021063637940381337,0.4444781224924093,1.0,0.4921194352900404,2.240552071756613,0.13614177546904854,0.303864789916208,1.9522860946294722,5.569202046886363,0.0609695794156024,0.0,TR
DGNMO,2012,5571100.0,121193236.0,97084644.0,5275305.0,24089714.0,32513595.0,45258324.0,-10827399.0,73483206.0,85471467.0,-61788234.0,18633517.0,27078226.0,0.0,204493951.0,33154747.0,215069706.0,182556111.0,106637953.0,8506.0,40382388.0,0.4958297241546422,0.848822990440132,0.3109094470333653,0.20305219885453488,2.224884665282955,0.11200886655789635,0.057383946322139265,1.2483254921344717,4.925060582174333,0.2213186442859623,-0.2872939901633566,TR
DGNMO,2013,4849182.0,136189950.0,119419359.0,8073043.0,24000693.0,61585231.0,47455580.0,-28504468.0,82893867.0,99952313.0,-65878086.0,-147621.0,2988000.0,0.0,262466728.0,56478959.0,280956903.0,219371672.0,139372826.0,106637953.0,215069706.0,0.4960647861355448,0.7808018584259523,0.4052365200659704,0.23173348839320573,0.8419975773622578,0.0854248204750463,0.04060633083786692,1.1404344416218144,4.510398967945152,0.18080607916139374,-0.23447754903534085,TR
DGNMO,2014,19212856.0,168544978.0,187250923.0,9971210.0,13983635.0,51402439.0,50921406.0,-42933037.0,77822168.0,92377667.0,-158628049.0,-11267649.0,-14918349.0,-18320168.0,322227154.0,104282561.0,331031029.0,279628590.0,182104729.0,139372826.0,280956903.0,0.5501137749839154,0.8447201787842069,0.5726515811678894,0.2670981929049448,0.3257080322549742,0.042242671456638584,0.10260486673275303,0.9001022547696601,3.17577521177579,0.1580295309314621,-0.47919389756058184,TR
DGNMO,2015,7177720.0,214919479.0,245239175.0,12634192.0,19400871.0,35797653.0,36701704.0,-79937777.0,109547560.0,114188476.0,-186472374.0,-27732446.0,-34514322.0,-28677323.0,373342615.0,93792546.0,395225304.0,359427651.0,203340106.0,182104729.0,331031029.0,0.5144916176723341,0.9094246936172893,0.46125945267285345,0.41478193371043615,0.24269965625889248,0.049088129741814306,0.02926824395001329,0.8763668325013734,2.944654389689766,0.09830569167679934,-0.4718128422263166,TR
DGNMO,2016,737786.0,248686169.0,331897244.0,15843537.0,6337740.0,25912397.0,46603669.0,-61581367.0,91235372.0,96138841.0,-117423337.0,-39648115.0,-42108245.0,-55666145.0,395471738.0,137707140.0,453948482.0,428036085.0,228942512.0,203340106.0,395225304.0,0.5043358906969536,0.9429177582314285,0.6014922208943003,0.2849125291454583,0.10291652018702345,0.013961364012227273,0.002222934999725397,0.7492866346308076,1.8051410228079727,0.11784323510875004,-0.2586710643521879,TR
DGNMO,2017,3363130.0,370705981.0,432493281.0,18896810.0,94598702.0,89190222.0,59917417.0,-110982335.0,115772275.0,137996248.0,-143080406.0,15256414.0,20916198.0,-93971564.0,600165348.0,139322686.0,659679751.0,570489529.0,255094961.0,228942512.0,453948482.0,0.38669515111431696,0.8647976963597902,0.5461600866353452,0.45856918602663643,0.852376209240867,0.14340094850053992,0.007776143925805867,0.857136971337134,3.2989968123295967,0.09983484917892994,-0.216893736366936,TR
DIRIT,2010,626897.0,7936352.0,5692557.0,323813.0,238420.0,7625949.0,0.0,-131713.0,0.0,393197.0,0.0,116884.0,116754.0,-198100.0,5124163.0,3995158.0,13711703.0,6085754.0,3995158.0,,,0.29136847552780276,0.44383648041384793,1.0,0.032968157955204774,1.810147821399558,0.017388066238015802,0.11012573084468016,1.394162939431261,5.708969153381374,0.0,0.0,TR
DIRIT,2011,758008.0,7996846.0,4580554.0,674054.0,1078544.0,6933395.0,1317653.0,-1460301.0,2332652.0,2486665.0,-1686712.0,-261826.0,-280815.0,-436875.0,7434662.0,3063806.0,14000614.0,7067219.0,5396458.0,3995158.0,13711703.0,0.38544438122499486,0.5047792189685395,0.5677438794112731,0.31097970785858364,0.7385764989546676,0.07703547858686768,0.16548391308125612,1.74582506832143,6.2967773612463205,0.1772310563681308,-0.12047414491964424,TR
DIRIT,2012,844113.0,7458671.0,4023992.0,674872.0,-35368.0,15052077.0,1709802.0,-397714.0,1523431.0,3679237.0,-4671175.0,52009.0,45391.0,-635169.0,8991746.0,3218897.0,22755306.0,7703229.0,4742328.0,5396458.0,14000614.0,0.20840537147687666,0.3385245181936907,0.6787588289970664,0.07845396874931575,-0.0889282248047592,-0.0015542748579166546,0.20977004924463072,1.8535501561633323,6.1904188614537405,0.19015239087047164,-0.20527849636475995,TR
DIRIT,2013,582558.0,8231256.0,4716579.0,744238.0,-647790.0,12939802.0,951024.0,-1503082.0,3125225.0,5233004.0,-6850090.0,-2053055.0,-2146550.0,-639845.0,7924789.0,4033883.0,22889385.0,9949583.0,7159108.0,4742328.0,22755306.0,0.31276978389764515,0.4346810978101858,0.5634616770692662,0.25258834312094774,-0.4309744910789964,-0.02830089143941613,0.12351282571541788,1.7451750516635045,5.341544056794573,0.12000622350954707,-0.2992692901098042,TR
DIRIT,2014,1621833.0,8991500.0,6623613.0,757383.0,-556939.0,12008851.0,453367.0,-1024756.0,2269209.0,3684028.0,-6614571.0,-1472549.0,-1581695.0,-2632723.0,7044613.0,5856545.0,22316492.0,10307641.0,8125754.0,7159108.0,22889385.0,0.36411430613736245,0.4618844664295804,0.7207386539144552,0.13408770062824252,-0.5434844977731285,-0.02495638651451133,0.24485624386569688,1.357491749593462,4.617047372096904,0.06435655159481436,-0.2963983317808193,TR
DIRIT,2015,753066.0,8405307.0,8668008.0,761365.0,-1117916.0,13500687.0,340320.0,-2483442.0,2503989.0,3458027.0,-9631758.0,-2866197.0,-3570993.0,-4523259.0,3719193.0,7877733.0,25626722.0,12126035.0,10381722.0,8125754.0,22316492.0,0.4051131471282203,0.47317932430062654,0.7588079318633267,0.2683717650099884,-0.4501478190350328,-0.0436230587743528,0.08687878460656705,0.969693036739237,3.483229840152604,0.09150372137181373,-0.37584822592604705,TR
DIRIT,2016,979784.0,6156693.0,13673551.0,824249.0,-2858894.0,8692510.0,325543.0,-2463889.0,0.0,687404.0,-10253284.0,-4997297.0,-5315775.0,-7280322.0,6867480.0,11450973.0,23053465.0,14360955.0,11450973.0,10381722.0,25626722.0,0.49671374780320443,0.6229412801936716,1.0,0.22570635462090227,-1.1603176928830803,-0.12401146638910897,0.07165541708953292,0.450262919997885,-0.11628472804894385,0.04740355996668356,-0.44476108038422857,TR
DIRIT,2017,382845.0,5326470.0,6996747.0,835458.0,-402454.0,13373786.0,310188.0,-1459913.0,3394759.0,4959337.0,-3200503.0,-1631148.0,-1604304.0,-12001073.0,6360083.0,5231419.0,25329870.0,11956084.0,8626178.0,11450973.0,23053465.0,0.3405535835754388,0.47201521365881466,0.6064585034067231,0.14543029536411814,-0.27566985155964774,-0.015888514232406246,0.05471757089401689,0.7612780625053328,2.3406010215693107,0.048771061635516394,-0.12635291851083325,TR
DIRIT,2018,215847.0,3780244.0,8139045.0,1493976.0,-4445665.0,7214266.0,211495.0,-2163941.0,5742132.0,6948734.0,106532.0,-6179697.0,-6593987.0,-13390711.0,5033924.0,6373127.0,22302045.0,15087779.0,12115259.0,8626178.0,25329870.0,0.5432353400775579,0.6765199783248577,0.5260413334952229,0.20865873468651183,-2.0544298573759634,-0.19933889470674102,0.026519941835927926,0.46445793087518256,-0.8269957750732262,0.042013943794145484,0.004776781680783085,TR
DIRIT,2019,17880.0,514568.0,6386150.0,879620.0,-5399188.0,-931245.0,37387.0,-2076108.0,7513272.0,7513272.0,0.0,-7330545.0,-7578784.0,-16113013.0,1543648.0,3035593.0,12968177.0,13899422.0,10548865.0,12115259.0,22302045.0,0.8134423982646134,1.071810016164955,0.28776489224196156,0.1832065514643319,-2.600629639691191,-0.41634132538443913,0.002799808961580921,0.08057562067912592,-6.638887155774161,0.0242198998735463,0.0,TR
DIRIT,2020,18225.0,1700651.0,8923333.0,1258399.0,-1228124.0,523882.0,0.0,-1827599.0,7959496.0,7959496.0,0.0,-2276337.0,-2690944.0,-23447567.0,1231169.0,4076814.0,17406711.0,16882829.0,12036310.0,10548865.0,12968177.0,0.6914752591687194,0.9699034470096045,0.3387096211380398,0.16184058790777578,-0.6719876734447765,-0.07055462689074346,0.0020423982832423714,0.19058472882273922,-4.304885607278247,0.0,0.0,TR
DIRIT,2021,51491.0,36453984.0,41464134.0,374337.0,2173865.0,18264755.0,0.0,0.0,8643342.0,8643342.0,0.0,2505300.0,2505300.0,-32416100.0,20709875.0,3392968.0,68372231.0,50107476.0,12036310.0,12036310.0,17406711.0,0.1760409134521294,0.732862965960552,0.2818943679582862,0.0,inf,0.03179455998737265,0.0012418202198555502,0.879169066933847,1.8200904786061285,0.0,0.0,TR
DITAS,2014,815213.0,33531514.0,13917338.0,2028091.0,9388699.0,29430629.0,29432951.0,-553181.0,0.0,4722319.0,12436121.0,7368328.0,9267193.0,-2039069.0,69563906.0,2524129.0,48070286.0,18639657.0,2524129.0,,,0.052509132148704084,0.38775839611189333,1.0,0.21915718253702565,16.97220078057634,0.19531190224247885,0.05857535399370196,2.409333882672103,8.758768041209299,0.42310664671417386,0.25870703161616304,TR
DITAS,2015,7729114.0,42481588.0,26982129.0,2768002.0,-104254.0,24556085.0,35980440.0,-746217.0,11237686.0,15863842.0,-5003041.0,-271617.0,3110.0,-630224.0,78630796.0,10718111.0,67402056.0,42845971.0,21955797.0,2524129.0,48070286.0,0.3257437280548237,0.6356775081163696,0.4881677034999003,0.060965625467985486,-0.13971003072832702,-0.0015467480695247635,0.2864530815933761,1.574434248683638,5.319411760928768,0.4575871265502641,-0.07422683070676657,TR
DITAS,2016,4098994.0,38349709.0,23956806.0,3587511.0,-785544.0,20152582.0,38210403.0,-3540470.0,17344967.0,23170600.0,-6856128.0,-3831454.0,-4153882.0,-1107085.0,69580951.0,11467303.0,67279988.0,47127406.0,28812270.0,21955797.0,67402056.0,0.4282442797106325,0.7004669204162165,0.3980006781832879,0.13947625778227876,-0.22187562668233313,-0.011675745245376679,0.1710993527267366,1.600785555470124,4.970247242029187,0.5491503414490555,-0.10190441769995559,TR
DITAS,2017,5466229.0,47283241.0,32579660.0,4010945.0,10516000.0,24846002.0,50328571.0,-5668722.0,14291781.0,20576327.0,-6232608.0,4749630.0,4834406.0,-4938539.0,87223084.0,11199086.0,78001989.0,53155987.0,25490867.0,28812270.0,67279988.0,0.32679765383931425,0.6814696353448115,0.4393371947686205,0.20878064558222484,1.8550918531549085,0.1348170749851007,0.1677804188257336,1.4513116772857666,5.676935386567959,0.5770097626908033,-0.0799031932378032,TR
DITAS,2018,2777671.0,50821888.0,33107245.0,4623321.0,16847801.0,29590130.0,0.0,-9645539.0,12328556.0,21093754.0,-6806856.0,7571163.0,7243100.0,-1206350.0,115616615.0,10463414.0,83791129.0,54200999.0,22791970.0,25490867.0,78001989.0,0.27200934361440576,0.6468584401100503,0.4590833526018155,0.39954317514523846,1.746693575133541,0.20106902963439005,0.08389918883313909,1.5350684721727827,6.514357081791408,0.0,-0.08123599814486328,TR
DITAS,2019,2075550.0,46731139.0,38155776.0,4999974.0,5502030.0,26396085.0,0.0,-5042732.0,10125029.0,20534827.0,-4581288.0,1084082.0,559298.0,1565470.0,111414001.0,11285752.0,85086688.0,58690603.0,21410781.0,22791970.0,83791129.0,0.25163490909412295,0.6897742100385903,0.5271060406437299,0.22816371768354418,1.0910811837710193,0.06466381674181512,0.05439674454530816,1.224746130179609,4.87789929079025,0.0,-0.05384259403774184,TR
DITAS,2020,742916.0,64638685.0,62095226.0,6445454.0,13830108.0,29493996.0,0.0,-10110707.0,4102622.0,18254277.0,17778225.0,5160162.0,3846754.0,2039552.0,140625861.0,19989651.0,109843499.0,80349503.0,24092273.0,21410781.0,85086688.0,0.2193327162675326,0.7314907457563784,0.8297121238830392,0.44439685301122867,1.3678675487282936,0.1259073875641926,0.0119641403672482,1.040960620708587,4.69395228474989,0.0,0.1618504978615075,TR
DITAS,2021,19905212.0,206362277.0,181100018.0,12244205.0,33715057.0,76776354.0,0.0,-7020747.0,62131434.0,95853168.0,-15980845.0,27348754.0,27475850.0,7360738.0,258035502.0,45142341.0,353729540.0,276953186.0,107273775.0,24092273.0,109843499.0,0.3032649605684614,0.7829518168033125,0.42081432297875226,0.10688830343743004,4.802203668640958,0.09531309429232289,0.10991281072097961,1.1394934096583027,4.717914555617664,0.0,-0.04517814655796064,TR
DMSAS,2018,45685947.0,194624716.0,121740174.0,11916390.0,55926354.0,120117247.0,159889670.0,-37145776.0,47729930.0,68523900.0,874223.0,36157657.0,40320039.0,7024670.0,368232557.0,64104164.0,310381321.0,190264074.0,111834094.0,,,0.3603119338486223,0.613001044608609,0.5732077017586426,0.33215073034883263,1.5055912144627157,0.18018595262051867,0.37527420488161944,1.5986893200924783,6.7379518138295165,0.4342084016215872,0.002816609572971049,TR
DMSAS,2019,37603049.0,183740907.0,104437019.0,14142155.0,25724646.0,125630872.0,149807286.0,-27413400.0,52580884.0,75559778.0,107448.0,16233302.0,15636203.0,30227264.0,378799455.0,61286441.0,305627669.0,179996797.0,113867325.0,111834094.0,310381321.0,0.3725687709249911,0.5889414318701622,0.5382267564465926,0.24291739167133902,0.9383967694631092,0.08416988580965161,0.3600547905336134,1.7593465301800695,6.573083413743026,0.39547914872264006,0.000351565027968721,TR
DMSAS,2020,68206222.0,262865303.0,153039379.0,15361906.0,35535556.0,141357125.0,143175346.0,-29457030.0,58409076.0,84364233.0,7248224.0,15758935.0,18939838.0,46460566.0,387583617.0,73515479.0,378760737.0,237403612.0,131924555.0,113867325.0,305627669.0,0.3483057828140196,0.6267904479233284,0.55725394715184,0.23969083112102807,1.206352303677594,0.0938205904906136,0.44567759256263056,1.7176317933177185,6.807707839780165,0.36940505150402164,0.019136682585977755,TR
DMSAS,2021,34146482.0,400662515.0,293565729.0,17190069.0,64490264.0,190627707.0,253556114.0,-49007807.0,59815077.0,91770307.0,16230762.0,32038198.0,31057038.0,52223625.0,680882749.0,152426771.0,575963743.0,385336036.0,212241848.0,131924555.0,378760737.0,0.36849862613661083,0.6690282863864228,0.718174914308134,0.28479134844547854,1.315918176057133,0.11196931192941428,0.11631630884271237,1.3648136530269173,6.03725413861388,0.37239321215347754,0.0281801800847037,TR
DMSAS,2022,51572198.0,1228410840.0,1537387113.0,164542772.0,-1851428619.0,534854158.0,955435333.0,1445483977.0,8626039.0,103495608.0,-80718179.0,-252511379.0,-355242153.0,34548737.0,2751103539.0,1027822843.0,2175736879.0,1640882721.0,1036448882.0,212241848.0,575963743.0,0.47636683093608584,0.7541733271323569,0.9916773136140061,2.315199340031939,-1.2808364869201176,-0.8509432536947865,0.03354535598998481,0.7990250663692144,-3.00590514553478,0.3472916665823823,-0.037099237402777874,TR
DMSAS,2023,435964644.0,1668702348.0,1991554801.0,85850397.0,171127650.0,1130634882.0,1048432403.0,-155401947.0,155951407.0,187630360.0,171788143.0,174104623.0,161600600.0,-314692283.0,4132326103.0,1187111986.0,3309820043.0,2179185161.0,1343063393.0,1036448882.0,2175736879.0,0.4057813946230913,0.6583998926493901,0.8838838078583533,0.13061663823524508,1.1011937321480276,0.05170300734685593,0.21890667722580032,0.8378892447057499,3.1923768224757123,0.2537148271620808,0.05190256290921857,TR
DMSAS,2024,222522217.0,1177818699.0,1516762573.0,204349249.0,92652267.0,1509163050.0,1053742867.0,-469955559.0,137131123.0,228771267.0,122320047.0,-111404876.0,-164474919.0,-184018462.0,4542493192.0,922960633.0,3254696890.0,1745533840.0,1060091756.0,1343063393.0,3309820043.0,0.32571136171147413,0.5363122585587379,0.8706422135406173,0.3911154543605374,0.1971511246662368,0.02846724906539607,0.14670866816015507,0.776534653456273,3.481638397598111,0.2319745616472902,0.03758262324698384,TR
DMSAS,2025,277617985.0,1194624702.0,1600537753.0,239442009.0,56891952.0,1531939123.0,981156383.0,-397219814.0,114428985.0,218722141.0,90300581.0,-249100528.0,-270864605.0,-347885134.0,3856433449.0,950495048.0,3351199016.0,1819259894.0,1064924033.0,1060091756.0,3254696890.0,0.3177740348799386,0.542868354076886,0.8925472790038912,0.3738511648300981,0.14322536287175242,0.016976596056627633,0.17345294384942883,0.746389580477456,3.1152572862183443,0.2544206702839435,0.02694575301820869,TR
DNISI,2022,89830229.0,351826000.0,163434072.0,22732739.0,56316113.0,655877271.0,65231239.0,-57311526.0,42576063.0,90061787.0,40199322.0,32593492.0,55767185.0,142192757.0,388046597.0,131210792.0,909373130.0,253495859.0,173786855.0,,,0.19110621291394436,0.2787589061488984,0.7550098768977666,0.3297805579138883,0.9826315390729606,0.061928499030975324,0.5496419926439818,2.1527090140665406,8.251614545714283,0.16810156178228255,0.044205530902370074,TR
DNISI,2023,114010981.0,444247665.0,204858720.0,52627151.0,19575237.0,1093967105.0,65898875.0,-75124131.0,82304360.0,217930769.0,5334579.0,22077149.0,50833248.0,184240113.0,519168628.0,162945297.0,1516756594.0,422789489.0,245249657.0,173786855.0,909373130.0,0.1616934832986129,0.2787457728369038,0.6644058099538953,0.35855649256645206,0.26057189267187664,0.012905984439056278,0.5565346742379333,2.168556286010183,7.484954579051377,0.12693154294369266,0.003517096296863042,TR
DNISI,2024,159605492.0,386937254.0,100912535.0,82915840.0,36969146.0,1362467572.0,90557572.0,-124165518.0,67288707.0,276039627.0,21816540.0,-70449321.0,16998687.0,270053469.0,545079573.0,49754003.0,1739419734.0,376952162.0,117042710.0,245249657.0,1516756594.0,0.0672883650289781,0.21671144384061589,0.4250927118826965,0.6854437427327857,0.2977408429931408,0.02125372345580161,1.5816220650883461,3.834382458036556,8.772814384533618,0.16613642573613743,0.012542424104750326,TR
DNISI,2025,93617316.0,450476190.0,112666385.0,96971955.0,11917242.0,1633375012.0,127566380.0,-110819938.0,43729473.0,210619281.0,28559160.0,28160703.0,-50507186.0,234184994.0,639015841.0,42536999.0,1956660678.0,323285666.0,86266472.0,117042710.0,1739419734.0,0.04408862148146057,0.16522316293004177,0.49308842721654367,1.090161663234669,0.10753698490609154,0.006090602286841684,0.8309250003894241,3.998319374496661,10.118704849861693,0.19962944862269855,0.014595867500741997,TR
DOAS,2010,27727000.0,712515000.0,667262000.0,20615000.0,201780000.0,737452000.0,0.0,-39212000.0,85498000.0,94655000.0,-77570000.0,149549000.0,192680000.0,11720000.0,3428300000.0,263048000.0,1499369000.0,761917000.0,348546000.0,,,0.23246178892587482,0.5081584319803865,0.7547009576928153,0.11250164971051167,5.14587371212894,0.13457661189473705,0.04155339282021155,1.067818937688644,5.394111472550129,0.0,-0.05173509656395457,TR
DOAS,2011,47829000.0,1004334000.0,899461000.0,19764000.0,240302000.0,872473000.0,0.0,-71703000.0,124431000.0,133158000.0,18191000.0,142231000.0,180011000.0,154244000.0,4808253000.0,466598000.0,1905092000.0,1032619000.0,591029000.0,348546000.0,1499369000.0,0.31023646102130503,0.5420310410205912,0.7894671835053779,0.15262858207168134,3.3513521052117765,0.12613669051153434,0.05317517935741516,1.1165953832350708,5.609859884035867,0.0,0.009548620224115161,TR
DOAS,2012,37225000.0,1019903000.0,920118000.0,24184000.0,306326000.0,1186893000.0,0.0,-60840000.0,96338000.0,115841000.0,10004000.0,258728000.0,310429000.0,180393000.0,5132341000.0,495424000.0,2222852000.0,1035959000.0,591762000.0,591029000.0,1905092000.0,0.2662174539735439,0.4660494715797543,0.8372014424718045,0.10287531778648976,5.034944115713347,0.1378076453133182,0.04045676750155958,1.1084480468809434,5.938090497465499,0.0,0.0045005245513421496,TR
DOAS,2013,82246000.0,1281701000.0,1075520000.0,30551000.0,307535000.0,1118064000.0,0.0,-68390000.0,259210000.0,270762000.0,45099000.0,224728000.0,275880000.0,170930000.0,6602663000.0,638044000.0,2464346000.0,1346282000.0,897254000.0,591762000.0,2222852000.0,0.36409416534853467,0.5463039686797228,0.7111074456062609,0.09185932186087993,4.49678315543208,0.12479375866862852,0.07647091639393037,1.1917035480511753,5.735584852195186,0.0,0.018300595776729402,TR
DOAS,2014,40621000.0,1442182000.0,1528824000.0,38451000.0,326235000.0,1236335000.0,0.0,-123378000.0,46603000.0,62098000.0,15235000.0,253078000.0,296297000.0,148466000.0,7692702000.0,1029340000.0,2827257000.0,1590922000.0,1075943000.0,897254000.0,2464346000.0,0.3805607343089079,0.5627086607266336,0.9566863672146201,0.1250539099745236,2.644191022710694,0.11538922708476802,0.026570095707550378,0.9433276819306866,4.811547605128426,0.0,0.005388615184258099,TR
DOAS,2015,71870000.0,2489232000.0,2304035000.0,49584000.0,446568000.0,1362883000.0,0.0,-171488000.0,296208000.0,312985000.0,243801000.0,302444000.0,365389000.0,235916000.0,10889161000.0,1644916000.0,3979903000.0,2617020000.0,1941124000.0,1075943000.0,2827257000.0,0.4877314849130745,0.6575587394969173,0.8474038752805075,0.11367861568868043,2.6040772532188843,0.11220574973812175,0.03119310253533475,1.0803794213195546,5.0493373620473365,0.0,0.06125802563529815,TR
DOAS,2016,89098000.0,3140398000.0,3679080000.0,65811000.0,425956000.0,1118713000.0,0.0,-272697000.0,28172000.0,54061000.0,124540000.0,237943000.0,275132000.0,-60557000.0,11925176000.0,2730263000.0,4851854000.0,3733141000.0,2758435000.0,1941124000.0,3979903000.0,0.568532152863627,0.7694256669718421,0.9897869625349156,0.11605216574576466,1.5620120500042172,0.08779241914534114,0.024217467410330845,0.8535824173434663,3.38559992129624,0.0,0.025668538253624286,TR
DOAS,2017,106385000.0,3194267000.0,3769004000.0,82249000.0,474034000.0,1327445000.0,0.0,-353265000.0,11106000.0,70433000.0,158508000.0,183719000.0,226129000.0,177117000.0,13220361000.0,2963732000.0,5166882000.0,3839437000.0,2974838000.0,2758435000.0,4851854000.0,0.5757511009541151,0.7430858688083064,0.9962666874633174,0.1232332735594485,1.3418651720379884,0.09174469244701157,0.028226290022509926,0.8475095807804927,3.611601077536025,0.0,0.0306776891750189,TR
DOAS,2018,365892000.0,2817143000.0,3363145000.0,83157000.0,526668000.0,1307872000.0,0.0,-508158000.0,60000000.0,127645000.0,-300353000.0,134356000.0,148798000.0,217534000.0,10688489000.0,2650665000.0,4798662000.0,3490790000.0,2710665000.0,2974838000.0,5166882000.0,0.5648793351146633,0.727450693547493,0.9778652101974976,0.17875568793121735,1.0364256786275134,0.10975309367486187,0.10879459553483421,0.8376513650169707,3.7823098259083063,0.0,-0.06259098890482388,TR
DOAS,2019,648342000.0,2514625000.0,3093170000.0,126005000.0,486103000.0,1252541000.0,0.0,-688209000.0,236119000.0,319233000.0,23436000.0,76759000.0,57234000.0,292547000.0,9844133000.0,2201933000.0,4664944000.0,3412403000.0,2438052000.0,2710665000.0,4798662000.0,0.5226326403918247,0.7314992420059062,0.9031525988781207,0.26733223053432537,0.7063304897204192,0.10420339451020205,0.20960438643850807,0.81296049037072,3.7265261457913663,0.0,0.005023854520011387,TR
DOAS,2020,655599000.0,4601874000.0,4467121000.0,130712000.0,1444467000.0,2295734000.0,0.0,-468388000.0,234307000.0,354279000.0,377436000.0,1041870000.0,1287663000.0,359566000.0,18900148000.0,2152609000.0,7117134000.0,4821400000.0,2386916000.0,2438052000.0,4664944000.0,0.33537600950045343,0.6774356082097092,0.9018369310021802,0.194151753959819,3.0839112018241286,0.2029562742530912,0.1467609675224826,1.030165513761548,5.4027324630108104,0.0,0.05303202103543365,TR
DOAS,2021,9262471000.0,19350280000.0,14707272000.0,182141000.0,3092743000.0,18254226000.0,0.0,-651276000.0,4635523000.0,5802979000.0,3455932000.0,2336056000.0,2968589000.0,11881453000.0,24306203000.0,8690309000.0,38764477000.0,20510251000.0,13325832000.0,2386916000.0,7117134000.0,0.34376400847611077,0.529099128565568,0.652140069002821,0.08289778465230907,4.748744004078148,0.07978291568334586,0.6297885155044389,1.3156947121124842,6.5055710633367765,0.0,0.08915203473530676,TR
DOFER,2022,160082380.0,666766850.0,618476082.0,37755316.0,136528132.0,470201873.0,13185472.0,-122067030.0,0.0,83718625.0,49819.0,35170808.0,62974024.0,65558645.0,2870931778.0,150525167.0,1172396580.0,702194707.0,150525167.0,,,0.12839099803583529,0.5989395729898837,1.0,0.8109410036396106,1.1184685332312911,0.11645217525284832,0.2588335825086927,1.0780802514526342,5.188156296460091,0.004592750026677924,4.249330034722551e-05,TR
DOFER,2023,326946281.0,1051437776.0,532170078.0,83259060.0,80221808.0,1101986765.0,19152437.0,-58972399.0,64735163.0,136683776.0,16957986.0,205380609.0,209561605.0,80464113.0,3431776632.0,83850700.0,1770840619.0,668853854.0,148585863.0,150525167.0,1172396580.0,0.08390696565561444,0.377704151815596,0.5643248846628162,0.39431778226299447,1.3603280409196172,0.04530154048832556,0.6143642690861698,1.9757551569819751,7.35611299806414,0.005580910138909064,0.00957623504794928,TR
DOFER,2024,305151524.0,962081271.0,505200913.0,34912750.0,24991365.0,1281600559.0,63783524.0,-282738023.0,4748008.0,110375115.0,-6014508.0,-104089656.0,-74374270.0,306927156.0,4640687671.0,36430143.0,1897176587.0,615576028.0,41178151.0,148585863.0,1770840619.0,0.02170496477880053,0.3244695471249773,0.8846959398444092,2.9798908343074992,0.08839053458331637,0.013172925056764892,0.604020135648488,1.9043537852830443,7.631766287706018,0.013744412147921083,-0.0031702415269159127,TR
DOFER,2025,129970661.0,1648125760.0,1252487508.0,98228469.0,151332787.0,1753530976.0,45832905.0,-402415093.0,0.0,74166553.0,-58680959.0,20141635.0,-85144310.0,238858333.0,8115188587.0,485909110.0,3080185038.0,1326654061.0,485909110.0,41178151.0,1897176587.0,0.15775322066868633,0.4307059623474478,1.0,1.526939172221808,0.37606140930703114,0.04913107009254942,0.10377002578456056,1.3158819944094804,6.063428718212575,0.0056477929636067,-0.019051114876560218,TR
DOFRB,2022,6708976.0,121312385.0,86665865.0,11926139.0,33702079.0,78389235.0,26560745.0,-8817366.0,251732182.0,251895665.0,9992884.0,17092249.0,17059422.0,7017301.0,156342926.0,15556712.0,416950765.0,338561530.0,267288894.0,,,0.6410562503704724,0.8119940252418052,0.0582018645338852,0.03298814951884982,3.822238863624352,0.0808298768800676,0.07741197759925433,1.3997712363454746,4.636258829111393,0.169887731281171,0.023966580322739066,TR
DOFRB,2023,29194628.0,403308374.0,225601100.0,20585442.0,195882846.0,172552880.0,70383665.0,-20196310.0,422091801.0,424867617.0,124455623.0,167076883.0,164916173.0,-15230257.0,422892272.0,31166046.0,823021597.0,650468717.0,453257847.0,267288894.0,416950765.0,0.5507241227352628,0.7903422211167078,0.06876008039635771,0.056058292545937694,9.698942331544723,0.23800450281500937,0.12940818107713128,1.7877057071086977,6.48404020472724,0.16643402979943792,0.15121793091901087,TR
DOFRB,2024,120679477.0,914894068.0,592616018.0,32234100.0,238400834.0,339914566.0,547562429.0,-65556831.0,84820756.0,543133056.0,-87583791.0,173439219.0,173439219.0,35810792.0,628321226.0,234812834.0,1475663640.0,1135749074.0,319633590.0,453257847.0,823021597.0,0.21660328365886958,0.7696530857126763,0.7346312820251464,0.16964046400736615,3.636552139013553,0.1615549963676004,0.20363856752856113,1.5438227118592667,6.161686286846099,0.8714689339494,-0.05935213732039911,TR
DOFRB,2025,881320319.0,2843519725.0,987315965.0,77532905.0,299922191.0,2453489743.0,1017291625.0,-141801018.0,93917966.0,657484742.0,530025621.0,296308770.0,293600374.0,231337921.0,1191678864.0,391899574.0,4098290449.0,1644800707.0,485817540.0,319633590.0,1475663640.0,0.11854151042870607,0.40133824761037573,0.8066805780622907,0.3521033436255779,2.1150919452496457,0.07318226824874803,0.8926426293532082,2.8800503848836274,8.463215349396382,0.8536625560223077,0.12932846697806116,TR
DOGUB,2010,2134683.0,4244220.0,480008.0,203206.0,-939432.0,12983043.0,59211.0,-223500.0,0.0,826319.0,7730.0,-1083634.0,-1118723.0,-11055153.0,1414811.0,0.0,14289370.0,1306327.0,0.0,,,0.0,0.0914194957510373,,inf,-4.203275167785235,-0.06574341625977913,4.447182130297828,8.841977633706104,12.449662789828523,0.04185081965011581,0.0005409615679347655,TR
DOGUB,2011,468791.0,2850530.0,273285.0,192367.0,-1402918.0,11673657.0,0.0,-10424.0,0.0,755676.0,9444.0,-1309386.0,-1295558.0,-12138787.0,1392231.0,0.0,12702618.0,1028961.0,0.0,0.0,14289370.0,0.0,0.08100385290654258,,inf,-134.58537989255564,-0.11044321729583619,1.715392355965384,10.43061273029987,12.635833554069556,0.0,0.0007434687873003817,TR
DOGUB,2012,117087.0,2441447.0,713764.0,190593.0,-1080009.0,16733948.0,0.0,-13679.0,0.0,1104854.0,8913.0,-3347162.0,-3368492.0,-13448173.0,1530442.0,0.0,18552566.0,1818618.0,0.0,0.0,12702618.0,0.0,0.09802514649456037,,inf,-78.95379779223627,-0.058213456833949545,0.16404161599632372,3.4205241508397735,10.768162284212009,0.0,0.0004804187194375161,TR
DOGUB,2013,227911.0,2804305.0,1992193.0,203209.0,-1090099.0,15416509.0,0.0,-134542.0,0.0,1313876.0,10652.0,-1253020.0,-1204862.0,-16795335.0,1489889.0,0.0,18722578.0,3306069.0,0.0,0.0,18552566.0,0.0,0.1765819322531331,,inf,-8.102295194065794,-0.058223765979236404,0.1144020684742894,1.407647251044452,5.11510567667552,0.0,0.0005689387433717728,TR
DOGUB,2014,173423.0,2516195.0,3311751.0,190158.0,-1364910.0,14086217.0,0.0,-264573.0,0.0,1168801.0,0.0,-1290538.0,-1267648.0,-18048355.0,1350790.0,0.0,18566769.0,4480552.0,0.0,0.0,18722578.0,0.0,0.24132103975656724,,inf,-5.158916442720913,-0.07351359840799442,0.0523659538413365,0.7597778335388138,2.606978043371443,0.0,0.0,TR
DOGUB,2015,66167.0,2355547.0,4455980.0,202481.0,-1280133.0,12541031.0,0.0,-327984.0,0.0,1212486.0,0.0,-1528648.0,-1576660.0,-19338893.0,2004943.0,0.0,18209497.0,5668466.0,0.0,0.0,18566769.0,0.0,0.31129173968945983,,inf,-3.9030349041416654,-0.07030029440132256,0.01484903433139287,0.5286260261491299,0.8817464642247508,0.0,0.0,TR
DOGUB,2016,17366.0,2620704.0,5934162.0,192459.0,-1017711.0,13272097.0,0.0,-415174.0,0.0,1368468.0,0.0,-1273628.0,-1312791.0,-20867541.0,3119391.0,0.0,20574727.0,7302630.0,0.0,0.0,18209497.0,0.0,0.3549320484300958,,inf,-2.451287893750572,-0.0494641314074301,0.00292644521669614,0.4416300060564575,0.46306278111255783,0.0,0.0,TR
DOGUB,2017,127146.0,3478945.0,7920066.0,173718.0,-791192.0,11959766.0,0.0,-726662.0,0.0,1424805.0,0.0,-1236020.0,-1270028.0,-22141169.0,3663711.0,0.0,21304637.0,9344871.0,0.0,0.0,20574727.0,0.0,0.4386308482984244,,inf,-1.088803322590145,-0.03713707959445636,0.016053654098337058,0.4392570718476336,-0.4112375886890869,0.0,0.0,TR
DOHOL,2010,3464537000.0,4772149000.0,1833917000.0,401095000.0,-183223000.0,4621042000.0,339318000.0,-330315000.0,1085676000.0,1578368000.0,947164000.0,606729000.0,-215953000.0,-92683000.0,2518878000.0,1024341000.0,8033327000.0,3412285000.0,2110017000.0,,,0.26265792491703627,0.4247661025126949,0.4854657569109633,0.1565461320927746,-0.5546917336481844,-0.022807860304952108,1.8891460191491762,2.602161929901953,6.880423034234208,0.13470997801402051,0.1179043253187627,TR
DOHOL,2011,3468486000.0,4989796000.0,2027289000.0,231730000.0,-1089526000.0,3891872000.0,479883000.0,-770442000.0,1623232000.0,2769322000.0,405518000.0,-962174000.0,-887892000.0,-17517000.0,2860678000.0,934850000.0,8688483000.0,4796611000.0,2558082000.0,2110017000.0,8033327000.0,0.29442216782837694,0.5520654180942749,0.36544958292971064,0.33008811509781605,-1.4141570682802858,-0.12539887573009006,1.7108986434593194,2.4613145930353295,5.4894549124368,0.1677514910800866,0.046673049829297014,TR
DOHOL,2012,2160698000.0,4120376000.0,2138350000.0,207737000.0,221255000.0,4084483000.0,495969000.0,-197979000.0,956322000.0,1561994000.0,396901000.0,256758000.0,317692000.0,-804264000.0,3066640000.0,1176938000.0,7784827000.0,3700344000.0,2133260000.0,2558082000.0,8688483000.0,0.2740279263752425,0.47532771120026174,0.5517086524849292,0.08440186198320225,1.117568024891529,0.02842131238112292,1.0104510487057778,1.92689503589216,5.933380863649777,0.16173042809067906,0.05098392038769776,TR
DOHOL,2013,2216361000.0,3977821000.0,2024293000.0,258194000.0,406642000.0,4000435000.0,479578000.0,-473867000.0,1059439000.0,1563245000.0,475641000.0,-166048000.0,-49618000.0,-561979000.0,3301327000.0,1038948000.0,7587973000.0,3587538000.0,2098387000.0,2133260000.0,7784827000.0,0.2765411790474215,0.47279266808144943,0.49511744020526244,0.22396338825048498,0.8581352995671782,0.05359033301779013,1.094881521597911,1.96504211593875,6.228407927630403,0.1452682512214028,0.06268353880542274,TR
DOKTA,2010,16685342.0,180940666.0,58259681.0,11275594.0,28273870.0,189767065.0,262898135.0,-25902735.0,68000000.0,91295448.0,24874212.0,14590975.0,19580956.0,40750576.0,411700540.0,1162336.0,339322194.0,149555129.0,69162336.0,,,0.2038249699635032,0.44074667570963544,0.01680591008377739,0.3745208230097954,1.0915399474225405,0.0833245525932206,0.28639604120043155,3.1057613583569057,7.9055180043946525,0.6385664080013108,0.07330558519257953,TR
DOKTA,2011,64734837.0,273520696.0,112540797.0,14123498.0,60363785.0,233732463.0,450888000.0,-47728280.0,74979026.0,99397328.0,58254383.0,42052337.0,53233027.0,55341551.0,654634202.0,20101865.0,445670588.0,211938125.0,95080891.0,69162336.0,339322194.0,0.21334342799395145,0.4755488262106271,0.21141855938224222,0.5811902368430694,1.2647383270463548,0.13544484788841393,0.5752121783889623,2.430413710327642,8.092504220701349,0.6887632797407673,0.13071175116451705,TR
DOKTA,2012,40943772.0,190750922.0,125045568.0,12847715.0,28594618.0,302960459.0,432104555.0,-15515065.0,211416995.0,245214069.0,-57835048.0,14822117.0,19050957.0,73997421.0,612933966.0,36687879.0,673220096.0,370259637.0,248104874.0,95080891.0,445670588.0,0.36853456317501254,0.5499830429898516,0.14787246380335115,0.09041788198878237,1.8430227652929587,0.04247439755571408,0.32743081306168326,1.5254512818878954,5.393149687355045,0.7049773368245675,-0.08590808317165861,TR
DOKTA,2013,26802660.0,498282580.0,371546312.0,21856040.0,61995329.0,333271867.0,480868204.0,-52815106.0,94916669.0,143172805.0,-67613247.0,15310785.0,26431795.0,52781088.0,635656586.0,265360060.0,847990984.0,514719117.0,360276729.0,248104874.0,673220096.0,0.42485915038926875,0.6069865443286364,0.73654510169598,0.17362492797140022,1.1738181307446396,0.07310847658729352,0.0721381403457451,1.3411049010762353,5.604479738623338,0.7564905557353888,-0.07973345032640111,TR
DOKTA,2014,30421286.0,352993495.0,282498828.0,22762210.0,50345207.0,340100272.0,593465046.0,-73086463.0,241080138.0,294685398.0,-25215466.0,20680830.0,29475620.0,69030584.0,760007920.0,150760517.0,917284498.0,577184226.0,391840655.0,360276729.0,847990984.0,0.42717461796678047,0.6292314186694127,0.38474955336117433,0.1943485539751864,0.6888444854692175,0.05488505159497419,0.10768641489726817,1.2495396795062101,4.987008164454713,0.7808669230710122,-0.027489253394098023,TR
DOKTA,2015,16803959.0,452285781.0,407468073.0,24008127.0,59728709.0,378113001.0,592762487.0,-82875099.0,274265097.0,320089848.0,-31535557.0,24402622.0,11311685.0,68515018.0,801564225.0,259717701.0,1105670922.0,727557921.0,533982798.0,391840655.0,917284498.0,0.4829491192859642,0.6580239260375521,0.48637840389757275,0.17903002722917627,0.72070754328752,0.05402033083402369,0.04123994028852415,1.1099907231259318,4.626621098192951,0.7395071642574866,-0.028521648143696048,TR
DOKTA,2016,6520316.0,176454875.0,821094090.0,27456985.0,6556863.0,37335139.0,614851094.0,-127245194.0,19216421.0,53313926.0,-76797150.0,-32216303.0,-44833081.0,93112258.0,723144289.0,611975002.0,911743155.0,874408016.0,631191423.0,533982798.0,1105670922.0,0.6922908272341238,0.9590508151388315,0.9695553198288628,0.21841402205207217,0.051529356778692956,0.007191568112183962,0.007941009537652378,0.2149021374639294,-0.9620957260729045,0.8502467672810453,-0.08423112318293192,TR
DOKTA,2017,17464098.0,277381300.0,347985528.0,36522181.0,137822149.0,47639757.0,834227550.0,-71883170.0,605944247.0,652878724.0,-41766131.0,68127774.0,77192461.0,62481740.0,1066330776.0,201405483.0,1048504009.0,1000864252.0,807349730.0,631191423.0,911743155.0,0.7700015670612471,0.9545640678613753,0.24946497845487606,0.09993898311506977,1.9173076117817287,0.13144646831770007,0.05018627671205913,0.7971058497582117,3.935828840607447,0.7823346833609537,-0.039834021273637304,TR
DOKTA,2018,27741417.0,363638379.0,671802117.0,42340085.0,196617545.0,128883583.0,915239674.0,-111125698.0,479994480.0,559050603.0,-2599939.0,101230873.0,109887589.0,125860629.0,1179872081.0,535335878.0,1359736303.0,1230852720.0,1015330358.0,807349730.0,1048504009.0,0.7467112231686882,0.9052142810957957,0.5272529022519388,0.12193659077269735,1.7693256243933784,0.14459976141418063,0.041294030337210144,0.5412879325594623,3.146685462804127,0.7757109340398063,-0.0019120905974663823,TR
DOKTA,2019,54702442.0,474460109.0,438084465.0,42615051.0,176434798.0,85082070.0,916907610.0,-91509312.0,820525144.0,911078098.0,1433074.0,98164406.0,101571786.0,229427106.0,1156973953.0,284678155.0,1434244633.0,1349162563.0,1105203299.0,1015330358.0,1359736303.0,0.7705821402923807,0.940678132556763,0.2575798997863831,0.08630781378821567,1.9280529395740622,0.12301583282271206,0.12486734036551604,1.083033403158909,4.830740377222728,0.7925049718038034,0.000999183798235625,TR
DOKTA,2020,34285671.0,717939710.0,970431914.0,53635404.0,171578490.0,213480476.0,996601149.0,-98469749.0,745802388.0,861874476.0,-54394551.0,84227181.0,91441977.0,330797182.0,1333390308.0,686041241.0,2045786866.0,1832306390.0,1431843629.0,1105203299.0,1434244633.0,0.6998987298220342,0.8956487210139319,0.4791313989217743,0.07762548489997817,1.7424487392569672,0.08386919128847316,0.03533032096881348,0.7398146120738565,3.653428125182333,0.7474189237919674,-0.0265885718126416,TR
DOKTA,2021,24136658.0,1672397484.0,1792636299.0,93597707.0,432912620.0,946378039.0,2085608456.0,-138941085.0,1370660787.0,1493538762.0,-337097871.0,347866012.0,335921233.0,218168201.0,2722072097.0,1125758291.0,4232553100.0,3286175061.0,2496419078.0,1431843629.0,2045786866.0,0.5898140009159011,0.7764049223623444,0.45094924202465975,0.07073920221904344,3.1157999090045974,0.10228167485955462,0.013464336303724485,0.9329262633658184,4.221400445099104,0.7661841353498875,-0.07964409731799939,TR
DUNYH,2010,323029.0,7031172.0,6424847.0,114095.0,-277326.0,7604140.0,7717702.0,-224189.0,0.0,60164.0,1653144.0,112470.0,85062.0,-23768878.0,8215953.0,34785.0,14089151.0,6485011.0,34785.0,,,0.002468920944917121,0.46028401569406135,1.0,6.4449906568923385,-1.2370187654166798,-0.019683655885297843,0.050278084443100356,1.0943718971050984,-0.8684962190977745,0.9393556657395679,0.11733453633934365,TR
DUNYH,2011,170446.0,6554658.0,2963576.0,67953.0,2062424.0,7873036.0,10033687.0,-323770.0,0.0,486298.0,-370909.0,555180.0,2458525.0,-23675530.0,10310595.0,1340637.0,11322910.0,3449874.0,1340637.0,34785.0,14089151.0,0.11840039353841018,0.304680863841539,1.0,0.47079369095448526,6.370028106371807,0.1821461090832657,0.05751362543089835,2.211739466104463,2.1343012652419677,0.9731433539965443,-0.032757391871877456,TR
DUNYH,2012,314841.0,8441219.0,3087724.0,157415.0,2326064.0,9643106.0,2969522.0,-134141.0,0.0,696101.0,-573058.0,915665.0,2199140.0,-22566318.0,5442883.0,1283090.0,13426931.0,3783825.0,1283090.0,1340637.0,11322910.0,0.09556092900157154,0.28180862774970694,1.0,0.10225225414076998,17.340440282985814,0.17323869468011716,0.10196539587087447,2.7337997178504296,4.22665246181114,0.5455788779586113,-0.04267974565446117,TR
DUNYH,2013,198947.0,13419248.0,5374550.0,280877.0,2360731.0,10957747.0,9398239.0,-360210.0,0.0,960134.0,687710.0,1312527.0,2133336.0,-21654942.0,10506524.0,1583841.0,17292431.0,6334684.0,1583841.0,1283090.0,13426931.0,0.09159157552804462,0.36632697854916985,1.0,0.2512861314067203,6.553763082646234,0.1365181679776545,0.03701649440418268,2.496813314603083,4.953075768342599,0.894514589220945,0.03976942281857305,TR
DUNYH,2014,1233061.0,16863672.0,10119384.0,227334.0,351432.0,10855791.0,5529630.0,-332876.0,0.0,613834.0,-174247.0,-86020.0,149605.0,-20346838.0,14087996.0,2223882.0,21589009.0,10733218.0,2223882.0,1583841.0,17292431.0,0.10300991583263502,0.49716121754361214,1.0,0.17484255025903933,1.05574448142852,0.0162782830837673,0.12185138937310809,1.6664721884256986,3.398260300352435,0.39250649985988073,-0.008071097658998614,TR
DUNYH,2015,424809.0,13911249.0,6177368.0,213881.0,21958.0,13273687.0,4834201.0,-968467.0,416989.0,903689.0,-1147002.0,953366.0,920659.0,-20436710.0,9490774.0,2743718.0,20354744.0,7081057.0,3160707.0,2223882.0,21589009.0,0.15528109810666252,0.3478823904638643,0.8680709727285699,0.35971807690429114,0.022672946006420457,0.0010787657167292302,0.06876860824869103,2.2519702565882427,4.4448860656701585,0.5093579301329902,-0.05635059817013665,TR
DUNYH,2016,150738.0,14661759.0,5693062.0,142077.0,-585995.0,12232718.0,7142468.0,-779984.0,1929477.0,3181507.0,-852013.0,-1033615.0,-1099685.0,-19483387.0,9474531.0,2418822.0,21107287.0,8874569.0,4348299.0,3160707.0,20354744.0,0.20600937486660412,0.42045048233816124,0.5562685546693086,0.2077462716103836,-0.7512910521241462,-0.027762686886287188,0.026477491374588928,2.5753731471745787,4.288975454991208,0.75385979527641,-0.04036582247637984,TR
DUNYH,2017,162775.0,14332682.0,5395591.0,143070.0,1919335.0,12666880.0,9291693.0,-1377707.0,1496951.0,2578534.0,-1962282.0,421458.0,618335.0,-20516789.0,13744584.0,1528165.0,20641005.0,7974125.0,3025116.0,4348299.0,21107287.0,0.14655856146539376,0.38632445464743603,0.5051591410048408,0.3736957705486535,1.3931372926173708,0.09298650913557746,0.030168150254531893,2.656369246668252,5.142742943045061,0.676025771314723,-0.09506717332804289,TR
DUNYH,2022,3544768.0,53622604.0,12913723.0,331782.0,14595447.0,143791577.0,50241020.0,45347407.0,1376468.0,15032188.0,17911357.0,82480337.0,85633992.0,-200836656.0,74603341.0,385074.0,171737488.0,27945911.0,1761542.0,3025116.0,20641005.0,0.010257178094977143,0.16272458229970152,0.21860052158847193,18.94741884630153,0.3218584692174351,0.08498695986516351,0.274496208413329,4.152373719027425,6.966350292009119,0.6734419575123318,0.10429497489796753,TR
DUNYH,2023,8889789.0,55992509.0,35871166.0,692372.0,21807745.0,131049728.0,49347954.0,19695473.0,1113599.0,13594495.0,15647150.0,46780258.0,46021928.0,-181479858.0,91071357.0,6587710.0,180515389.0,49465661.0,7701309.0,1761542.0,171737488.0,0.04266289451920357,0.2740246206931421,0.8554013350197999,4.162693251748337,1.107246573870046,0.12080823203389048,0.24782548189261536,1.5609336200557293,4.297403556622492,0.5418603128972812,0.08668042146811096,TR
DUNYH,2024,92659254.0,498851015.0,19957118.0,3316980.0,-21984215.0,408997241.0,53664098.0,-28428407.0,0.0,74398531.0,6832947.0,237198159.0,300673060.0,-176311443.0,113644932.0,480.0,503352890.0,94355649.0,480.0,7701309.0,180515389.0,9.536053324338716e-07,0.18745427089928896,1.0,7.382286634962345,-0.7733185682898096,-0.04367555136119314,4.642917579582383,24.996144984461182,12.607208656825776,0.4722084571267991,0.01357486394882922,TR
DUNYH,2025,61210482.0,1977430783.0,26917072.0,789906.0,-27465381.0,1849611150.0,0.0,-28982916.0,0.0,285647616.0,118834.0,935829029.0,1156585651.0,408886191.0,22681768.0,11498.0,2162175839.0,312564688.0,11498.0,480.0,503352890.0,5.317791362111322e-06,0.14456025377869372,1.0,4839.358156620471,-0.9476403616530511,-0.012702658361358185,2.274039390317045,73.46381445203252,15.91236083516054,0.0,5.496037734607208e-05,TR
DURDO,2010,289813.0,24561202.0,28728675.0,2546008.0,2923645.0,11027917.0,29527742.0,-8970040.0,254168.0,729019.0,2189166.0,542224.0,1159549.0,-12548408.0,63190026.0,16341671.0,40485611.0,29457694.0,16595839.0,,,0.4099194402673088,0.7276089769276299,0.9846848357591321,0.5404993384185036,0.3259344439935608,0.07221442205725881,0.010087934789891981,0.8549368183530914,2.4426677057343156,0.4672848528342115,0.05407269264134361,TR
DURDO,2011,862404.0,30032948.0,32317346.0,3534951.0,11026467.0,14521337.0,43963059.0,-19114121.0,25997584.0,26775873.0,-32522111.0,3493420.0,2603420.0,-12006081.0,84454255.0,20259449.0,73614556.0,59093219.0,46257033.0,16595839.0,40485611.0,0.6283680227589772,0.8027382383451447,0.43797553984925924,0.6082179029146035,0.5768754419834425,0.14978650417996137,0.02668548339334548,0.9293135643007319,3.779333147950461,0.520554695556784,-0.44178913474666615,TR
DURDO,2012,7675538.0,38544360.0,33369212.0,4101010.0,9444543.0,21275037.0,46065052.0,-3763458.0,27246372.0,28355531.0,-22122471.0,6846575.0,8102861.0,-8512887.0,88022401.0,17500522.0,82999780.0,61724743.0,44746894.0,46257033.0,73614556.0,0.5391206338137282,0.7436735735926047,0.3911002627355543,0.08270979339166319,2.5095385679872075,0.11378997631078058,0.2300185572257445,1.155087510007728,4.451240789651447,0.5233332819448995,-0.26653650166301646,TR
DURDO,2013,17317763.0,54007663.0,51777783.0,5331049.0,4688379.0,13069040.0,46169210.0,-15391946.0,37888497.0,45364182.0,-46498079.0,-7990093.0,-9932682.0,-1975124.0,83940075.0,38217640.0,110211005.0,97141965.0,76106137.0,44746894.0,82999780.0,0.6905493421460044,0.8814180126567215,0.5021623946042617,0.2547217206327246,0.30459949638596706,0.042540025834988074,0.3344632001721665,1.0430663475877289,3.7514351276660163,0.5500258368842296,-0.4219005080300284,TR
DURDO,2018,9885694.0,111124669.0,98109984.0,6763796.0,38036289.0,62516972.0,119009609.0,-21930530.0,51214947.0,72570912.0,-85488998.0,14421820.0,18707781.0,-16936903.0,206398689.0,51627046.0,233197868.0,170680896.0,102841993.0,76106137.0,110211005.0,0.44100743236640566,0.7319144787378588,0.5020035541318224,0.2451048803918767,1.7343989862534102,0.16310736168479895,0.1007613455527625,1.1326540324377181,4.860016239960727,0.5766006052489995,-0.36659425205379664,TR
DURDO,2019,25482545.0,135751604.0,86827180.0,11748206.0,35010946.0,70537808.0,148254942.0,-24483075.0,88698077.0,114133265.0,-99792303.0,10122326.0,13136717.0,-2823070.0,248616991.0,52072676.0,271498253.0,200960445.0,140770753.0,102841993.0,233197868.0,0.5184959808931072,0.7401905639518056,0.3699111846052283,0.2009999509631569,1.430006075625713,0.12895459036342308,0.29348580709404587,1.5634689966897461,5.633353210253008,0.5963186240959694,-0.36756149219125916,TR
DURDO,2020,47808660.0,185025046.0,155635252.0,16174146.0,48291252.0,76809980.0,165889477.0,-61653970.0,110593537.0,142281456.0,-104086716.0,-11031557.0,-13106938.0,-11716677.0,296969441.0,109607203.0,374726688.0,297916708.0,220200740.0,140770753.0,271498253.0,0.5876302570688533,0.7950239935939657,0.49776037537385204,0.34160021605916674,0.7832626512128903,0.12887059701496362,0.30718400481659514,1.1888376420015692,4.799294446865786,0.5586079040368332,-0.2777670214938094,TR
DURDO,2021,14941401.0,339225174.0,317814890.0,19157985.0,128020670.0,71851131.0,328580373.0,-119767820.0,111698229.0,158103058.0,-230712302.0,1323754.0,8252850.0,-22444381.0,528698589.0,192161895.0,547769079.0,475917948.0,303860124.0,220200740.0,374726688.0,0.5547230313816235,0.8688295236905842,0.6324024767395935,0.4570759933716401,1.0689070737031032,0.23371284526266586,0.047012904272672684,1.067367151992155,5.101903344702511,0.6214890295460955,-0.42118533309909595,TR
DURDO,2022,85653155.0,1085878108.0,877099585.0,105013549.0,556935323.0,1014146002.0,1330771960.0,-106135137.0,97335723.0,129615038.0,-449296730.0,498354933.0,439404872.0,-11572474.0,2200208160.0,469361694.0,2020860625.0,1006714623.0,566697417.0,303860124.0,547769079.0,0.28042380062702243,0.4981613331201403,0.8282403976441629,0.2438325601730673,5.247417007621142,0.2755931389380205,0.09765499432997679,1.2380328603165398,6.818793057290582,0.6048391166770329,-0.22232939988130057,TR
DURDO,2023,37880193.0,1200149808.0,923207512.0,160602108.0,259357920.0,1568973120.0,1020840158.0,-161513293.0,84535454.0,139769654.0,-372566808.0,168511311.0,121291150.0,479066651.0,2176592843.0,327375004.0,2631950286.0,1062977166.0,411910458.0,566697417.0,2020860625.0,0.15650388998266967,0.4038743329059978,0.7947722560615346,0.33008786690992037,1.6057992205013119,0.09854210445371611,0.041031071029673336,1.299978382324948,6.745669923913821,0.469008322472004,-0.14155541234261748,TR
DURDO,2024,45118158.0,1368047799.0,1127057679.0,202967877.0,34065302.0,1773035510.0,997318882.0,-82079324.0,194014945.0,255058139.0,-465617213.0,-208383963.0,-39053623.0,824886294.0,2621790148.0,531744007.0,3155151327.0,1382115818.0,725758952.0,411910458.0,2631950286.0,0.23002350023257695,0.43805056390564684,0.7326730252994523,0.14429380499911656,0.4150290272858485,0.010796725250065954,0.040031809232719845,1.2138223486608266,6.022887699062094,0.380396151370388,-0.14757365487211702,TR
DURDO,2025,106356750.0,1380935113.0,1282231260.0,260484797.0,-18130964.0,1620968991.0,1187206808.0,-275047569.0,173554310.0,303634101.0,-483166053.0,-316398631.0,-285174158.0,201081092.0,2818129507.0,689273894.0,3206834351.0,1585865361.0,862828204.0,725758952.0,3155151327.0,0.26905917473752294,0.494526747384215,0.7988541528946126,0.3462794823200749,-0.06591937556808583,-0.0056538511240364344,0.08294662072113262,1.0769781989248959,4.691574657270408,0.4212747515864962,-0.1506676055310847,TR
DYOBY,2010,4146014.0,207688768.0,239155436.0,7559356.0,14552128.0,70076199.0,22797474.0,-43915332.0,28738000.0,101450684.0,-130158897.0,1060430.0,326167.0,-125074339.0,301548976.0,19345488.0,410682319.0,340606120.0,48083488.0,,,0.11708195307039747,0.8293664086376215,0.40233121191208093,0.9133141921817319,0.33136782388437824,0.03543402607503052,0.017336064232301204,0.8684258717832364,2.20867187415189,0.07560123168848035,-0.31693328633415063,TR
DYOBY,2011,11121699.0,287723659.0,301610007.0,8150485.0,-3549311.0,47556903.0,27952722.0,-80898923.0,100725708.0,196784403.0,-251599885.0,-57090022.0,-58682093.0,-121494280.0,418947055.0,31837562.0,545951313.0,498394410.0,132563270.0,48083488.0,410682319.0,0.2428115233784592,0.9128916775771175,0.24016880392283624,0.8956587308364538,-0.04387340236902783,-0.006501149306696511,0.03687443633128525,0.9539592597138198,2.4141788891145715,0.06672137127208115,-0.46084674403924364,TR
DYOBY,2012,11567024.0,310725978.0,355802894.0,10337489.0,52108086.0,62632661.0,28138428.0,-59432991.0,100224592.0,137454254.0,-254389602.0,17499802.0,16237508.0,-172471103.0,486265181.0,127812154.0,555889809.0,493257148.0,228036746.0,132563270.0,545951313.0,0.4102193317956653,0.8873289994060676,0.5604892906163466,0.3296338788847974,0.8767535525849608,0.09373815665687082,0.03250964001433895,0.873309304786037,2.4698469434596646,0.057866425768206504,-0.45762595010983553,TR
DYOBY,2013,14135886.0,342717488.0,268157515.0,11874062.0,63970965.0,95566049.0,39363268.0,-72712090.0,226023699.0,262410624.0,-193295319.0,11329601.0,8725025.0,-151146001.0,569403000.0,50457563.0,626134188.0,530568139.0,276481262.0,228036746.0,555889809.0,0.4415687041193796,0.8473712970293837,0.18249903315328472,0.28824378455089755,0.8797844347480591,0.1021681393957041,0.05271486051770729,1.278045435347952,4.119910560377545,0.06913077029801389,-0.308712289960439,TR
DYOBY,2018,19215556.0,607524545.0,624641509.0,29095716.0,58544198.0,129968146.0,53352129.0,-110670238.0,221919993.0,271054070.0,-185335496.0,-38252547.0,-40478850.0,-78706255.0,1070851532.0,350118145.0,1025663725.0,895695579.0,572038138.0,276481262.0,626134188.0,0.5577248410535334,0.8732838621157242,0.6120538505074289,0.26085493861424974,0.5289967660501462,0.05707932977740828,0.030762534546835568,0.9725971397139411,3.426291307987161,0.04982215312365076,-0.18069810941202977,TR
DYOBY,2019,29042245.0,606464840.0,633630803.0,41657135.0,123131510.0,186706735.0,62606250.0,-135771532.0,223814218.0,257970459.0,-213573574.0,20207497.0,-2375704.0,-105347729.0,1134431323.0,346807475.0,1078307997.0,891601262.0,570621693.0,572038138.0,1025663725.0,0.5291824734561437,0.8268521280381453,0.6077712769325088,0.2376412092497894,0.9069022657857319,0.11418955469362062,0.04583464828808204,0.9571265114142502,3.753470168593557,0.055187342530738634,-0.1980636094642633,TR
DYOBY,2020,50457530.0,779688404.0,749911597.0,41646611.0,216830176.0,302512576.0,78335135.0,-92206027.0,120996941.0,177313090.0,-263186507.0,133569666.0,146439324.0,-74033007.0,1480792906.0,295942000.0,1229737263.0,927224687.0,416938941.0,570621693.0,1078307997.0,0.33904717173720383,0.7540022693449113,0.7097969772029521,0.1867349179898558,2.3515835467024298,0.17632235968115084,0.06728463755175132,1.03970708963446,4.740039091833908,0.05290080380760549,-0.21401848583326208,TR
DYOBY,2021,171191581.0,1404210836.0,1459604410.0,44985874.0,63780023.0,653091515.0,129856035.0,-114952927.0,115913635.0,257199193.0,-563467983.0,-719980.0,-12273841.0,57550205.0,2300970012.0,415257897.0,2369895118.0,1716803603.0,531171532.0,416938941.0,1229737263.0,0.22413292806319035,0.7244217644740513,0.7817773957810675,0.24248846579295197,0.5548360069161179,0.02691259309982679,0.1172862864945715,0.9620489129653973,3.756117435625444,0.056435344364670494,-0.23776072566262824,TR
DZGYO,2010,10453057.0,32182420.0,42369.0,0.0,4102780.0,32110509.0,0.0,0.0,0.0,29542.0,0.0,4102780.0,4102780.0,4339437.0,41508174.0,0.0,32182420.0,71911.0,0.0,,,0.0,0.0022344808128164383,,,inf,0.1274851300803358,246.71474427057518,759.5746890415162,479.9554545648781,0.0,0.0,TR
DZGYO,2011,10091067.0,27069836.0,50690.0,0.0,-1692037.0,26981469.0,0.0,0.0,0.0,37677.0,0.0,-1692037.0,-1692037.0,8106870.0,5285701.0,0.0,27069836.0,88367.0,0.0,0.0,32182420.0,0.0,0.0032644083990756353,,,-inf,-0.06250636317116956,199.0741171828763,534.0271453935687,330.9549082569092,0.0,0.0,TR
DZGYO,2012,2241118.0,35070011.0,207280841.0,32379.0,8868372.0,-49985361.0,0.0,2781955.0,0.0,70447.0,0.0,-25495104.0,-25495104.0,-18103662.0,22422698.0,0.0,157365927.0,207351288.0,0.0,0.0,27069836.0,0.0,1.3176377628430327,,inf,3.1878200761694564,0.05635509648794558,0.01081198816633516,0.16919079848773866,-4.178278223427771,0.0,0.0,TR
DZGYO,2013,8886560.0,10023954.0,3355840.0,77433.0,3406796.0,169393516.0,0.0,-31185445.0,0.0,85471.0,0.0,-2428081.0,-2428081.0,11836145.0,52527827.0,0.0,172834827.0,3441311.0,0.0,0.0,157365927.0,0.0,0.01991098125148122,,inf,0.10924314211325187,0.019711281916578074,2.6480881090874417,2.987017855440069,55.5435217517677,0.0,0.0,TR
DZGYO,2022,675119276.0,1663570205.0,401525580.0,8375164.0,87238567.0,2450199103.0,0.0,71034588.0,1863547.0,2849945.0,167674105.0,287646701.0,287646701.0,100675112.0,1355050386.0,1777580.0,2854574628.0,404375525.0,3641127.0,0.0,172834827.0,0.0012755410085568799,0.14165876801172214,0.48819500116310144,39.01791286049622,1.2281139295127608,0.030560969100016818,1.681385469887124,4.143123845310179,12.832782782703077,0.0,0.05873873583661657,TR
DZGYO,2023,36231542.0,1397784129.0,83332783.0,11676168000000.0,-338497969.0,3637415302.0,0.0,-125717485.0,0.0,903503.0,322964059.0,99441351.0,99441351.0,545027878.0,1098112599.0,3059239.0,3721651588.0,84236286.0,3059239.0,3641127.0,2854574628.0,0.0008220111226596637,0.022634113916415326,1.0,37.52555755909453,-2.6925289588795067,-0.09095369649632017,0.4347813752962025,16.773520320328196,50.77329237193818,0.0,0.08677976735956616,TR
DZGYO,2024,54445.0,2248591367.0,853046016.0,15844951.0,644055476.0,5388367693.0,0.0,-316025230.0,2696631.0,22233688.0,-323636759.0,626403710.0,626403710.0,788254450.0,631349887.0,9212820.0,6263647397.0,875279704.0,11909451.0,3059239.0,3721651588.0,0.0019013603808068892,0.13973961950974745,0.773572182294549,42.22483463816807,2.037987523970792,0.10282435060256953,6.382422399121784e-05,2.635955534431568,12.276785205365758,0.0,-0.05166905773703149,TR
DZGYO,2025,342650885.0,3310480307.0,109855765.0,19218159.0,-192396686.0,6678684215.0,0.0,-201214086.0,3691077.0,1447098361.0,-1434748225.0,334156247.0,430826760.0,1661720089.0,130411306.0,15247064.0,8235638341.0,1556954126.0,18938141.0,11909451.0,6263647397.0,0.0022995352899020656,0.18905081325012982,0.8050982406351289,13.045691605360963,-0.9561790122387356,-0.02336147825265461,3.1190978916764176,30.134789075475467,10.804268968673647,0.0,-0.17421214550635403,TR
EBEBK,2022,88492522.0,2997300999.0,2891832841.0,330024083.0,-385143213.0,1006268888.0,355096.0,650824005.0,334713353.0,536811979.0,-26954159.0,264490450.0,276939441.0,674824389.0,8701964875.0,587921758.0,4434913708.0,3428644820.0,922635111.0,,,0.2080390221202473,0.7731029385792054,0.6372202303929012,0.7053969627219183,-0.5917778232534616,-0.08684345138559345,0.03060084274075785,1.0364710423454244,3.6266282202985454,4.080641614862873e-05,-0.0060777189308955995,TR
EBEBK,2023,1250485686.0,6393730790.0,4468317923.0,598723527.0,-600861224.0,3656188252.0,53580921.0,1149575058.0,607515628.0,914350596.0,145462804.0,436593617.0,655013726.0,1112535632.0,16400066401.0,823017558.0,9038856771.0,5382668519.0,1430533186.0,922635111.0,4434913708.0,0.15826483616707815,0.5955032428735451,0.5753222407243057,0.977044488883831,-0.5226811592845119,-0.06647535625609041,0.27985602357507094,1.4309032840052012,5.315131912912976,0.0032671161012331564,0.016093053323590494,TR
EBEBK,2024,1666388890.0,8511917375.0,7081349653.0,740533790.0,-28759128.0,4743803756.0,119007801.0,386139795.0,757972974.0,1334956597.0,-71782587.0,110738600.0,440545769.0,1888118563.0,23982608934.0,1010741195.0,13160110006.0,8416306250.0,1768714169.0,1430533186.0,9038856771.0,0.13439964925776474,0.6395316031676643,0.5714553615926848,0.2413941481558246,-0.0744785395662211,-0.0021853258055508687,0.23532080347056972,1.2020190771675767,5.0079665086703,0.0049622541620683875,-0.005454558280080687,TR
EBEBK,2025,2758714500.0,10507835130.0,9666506058.0,1337479979.0,604423724.0,5376765203.0,454548994.0,-197874795.0,1326645136.0,2178920177.0,45575476.0,-20534969.0,462921985.0,2060711724.0,32589678589.0,2426018777.0,17222191438.0,11845426235.0,3752663913.0,1768714169.0,13160110006.0,0.21789700378779403,0.6878001721002586,0.6464790967812949,0.07167587224105622,3.0545766276093933,0.03509563380339426,0.2853890002703601,1.0870354879986566,4.672987863390654,0.013947636603983692,0.002646322691515305,TR
ECILC,2014,648606000.0,1035211000.0,375960000.0,19407000.0,18508000.0,2761045000.0,15463000.0,-13272000.0,31244000.0,126480000.0,508014000.0,-61244000.0,-50854000.0,322348000.0,1046781000.0,113116000.0,3263485000.0,502440000.0,144360000.0,,,0.04423492064464828,0.15395811532763287,0.7835688556386811,0.09193682460515379,1.3945147679324894,0.00567123795574363,1.7251994893073732,2.7535136716671986,10.705325545479173,0.014771953254787773,0.15566610540572426,TR
ECILC,2015,699023000.0,1090342000.0,475926000.0,17812000.0,123779000.0,2740060000.0,14662000.0,-25430000.0,63080000.0,153844000.0,465235000.0,54979000.0,73653000.0,239470000.0,1170563000.0,189962000.0,3369830000.0,629770000.0,253042000.0,144360000.0,3263485000.0,0.07509043482905665,0.1868847983429431,0.7507133203183661,0.12798123814173054,4.867440031458907,0.03673152651617441,1.4687640515542333,2.290990616188231,9.493010388518602,0.012525596657334975,0.13805889317858763,TR
ECILC,2016,661541000.0,1163552000.0,602151000.0,21261000.0,167969000.0,3244490000.0,248000.0,-3020000.0,32081000.0,146062000.0,413633000.0,167557000.0,233063000.0,78387000.0,530133000.0,207812000.0,3992703000.0,748213000.0,239893000.0,253042000.0,3369830000.0,0.060082856150332244,0.18739510552124714,0.8662695451722227,0.012253136823313419,55.61887417218543,0.04206899436296664,1.0986297456950167,1.9323259448211496,9.072220697354506,0.0004678071351906031,0.10359723726007168,TR
ECILC,2017,506419000.0,741324000.0,210146000.0,10333000.0,129059000.0,3480655000.0,483000.0,-5976000.0,15032000.0,140574000.0,339694000.0,149531000.0,170877000.0,36481000.0,597909000.0,3600000.0,3831375000.0,350720000.0,18632000.0,239893000.0,3992703000.0,0.0048630061009428726,0.09153893837068937,0.19321597252039502,0.04623150565709312,21.596218206157964,0.03368477374310789,2.409843632522151,3.5276617208988035,14.83740257515521,0.0008078152360978008,0.08866112035496394,TR
ECILC,2018,619899000.0,912383000.0,241737000.0,10343000.0,208363000.0,3997844000.0,707000.0,-17712000.0,48076000.0,216891000.0,436767000.0,240089000.0,295251000.0,14818000.0,692094000.0,35902000.0,4456472000.0,458628000.0,83978000.0,18632000.0,3831375000.0,0.01884405422046857,0.10291279738770938,0.4275167305722927,0.345229509794367,11.76394534778681,0.04675514622329053,2.5643529951972597,3.7742794855566175,13.715048918566055,0.0010215375368085838,0.0980073475161518,TR
ECILC,2019,672782000.0,1001345000.0,358554000.0,21357000.0,224906000.0,4277258000.0,1107000.0,-77455000.0,17764000.0,202525000.0,457255000.0,162728000.0,193117000.0,19280000.0,877076000.0,80050000.0,4838337000.0,561079000.0,97814000.0,83978000.0,4456472000.0,0.020216450404343476,0.11596525831086177,0.8183900055206821,0.8521277063897201,2.903698921954683,0.046484153542839204,1.8763756644745282,2.792731359850957,12.451320317793645,0.0012621483200999685,0.09450664556850835,TR
ECILC,2020,856115000.0,1267436000.0,414110000.0,23286000.0,297205000.0,5282308000.0,775000.0,-48369000.0,50090000.0,273813000.0,737052000.0,322114000.0,385966000.0,80459000.0,909132000.0,117379000.0,5970231000.0,687923000.0,167469000.0,97814000.0,4838337000.0,0.028050673416154248,0.11522552477450203,0.7008998680352782,0.36465962764293225,6.1445347226529385,0.04978115587152323,2.0673613291154522,3.0606264036125665,12.628649442801375,0.0008524614687416129,0.1234545195989904,TR
ECILC,2021,1265256000.0,1797047000.0,542941000.0,19530000.0,696460000.0,9032329000.0,887000.0,-31714000.0,31494000.0,519174000.0,1369276000.0,1263594000.0,1504996000.0,1346952000.0,1103515000.0,96088000.0,10094444000.0,1062115000.0,127582000.0,167469000.0,5970231000.0,0.012638833798077438,0.10521778118735416,0.7531469956576946,0.21497300466698976,21.960648294128777,0.0689943893888559,2.3303747552680676,3.3098384539019894,13.892938601874867,0.0008037951455122948,0.13564650019357183,TR
ECOGR,2022,629122760.0,3305248304.0,2443708784.0,378108224.0,471215479.0,7381318604.0,0.0,634575164.0,5930966539.0,9403734616.0,-2945383660.0,200908422.0,1622991138.0,2264945145.0,1030986915.0,2275015865.0,19228762003.0,11847443400.0,8205982404.0,,,0.4267556279868529,0.6161313660313444,0.2772386964772244,0.07733079755212208,0.7425684233050129,0.02450576271766652,0.2574458806708615,1.3525540873122301,4.746773371871445,0.0,-0.15317593818782885,TR
ECOGR,2023,179088154.0,1899948436.0,6309495720.0,526217337.0,1644055527.0,14413286733.0,178449297.0,1387482523.0,6358256659.0,11854635949.0,-5809998651.0,2045396905.0,3134443054.0,2512842807.0,2098703831.0,5172040604.0,32577418402.0,18164131669.0,11530297263.0,8205982404.0,19228762003.0,0.3539352664694919,0.5575681732928495,0.4485609074968738,0.1406022357212476,1.184919809616946,0.05046610835495387,0.028383909261135057,0.30112524365100923,3.785833494879809,0.08502833718799267,-0.17834435434096002,TR
ECOGR,2024,430410842.0,1977153660.0,6581321745.0,916682238.0,489042525.0,15948042484.0,637758.0,1555819908.0,5608890388.0,9884739657.0,-10036342427.0,1322198763.0,2814135156.0,5659224113.0,4593675977.0,4165428386.0,32414103886.0,16466061402.0,9774318774.0,11530297263.0,32577418402.0,0.3015452411819299,0.5079906407380853,0.42616048057284284,0.14605472403708075,0.3143310626669266,0.015087337497280704,0.06539884519807806,0.3004189335526856,4.005725803338821,0.0001388339106182456,-0.309628872119917,TR
ECOGR,2025,1750347942.0,4708937851.0,7568485161.0,786306569.0,1522622601.0,18440324122.0,0.0,-851361368.0,6806720566.0,11311712025.0,-10809445019.0,496716685.0,1355347399.0,8045786121.0,6892270906.0,4186359272.0,37320521307.0,18880197186.0,10993079838.0,9774318774.0,32414103886.0,0.2945585820618773,0.5058931795376274,0.3808176901916902,0.08199017930999397,1.7884562986184265,0.04079853516714972,0.23126793602231652,0.6221770606441703,4.74987805321423,0.0,-0.2896381036610154,TR
ECZYT,2018,44729543.0,44976142.0,619108.0,36709.0,41798005.0,2111674788.0,0.0,0.0,0.0,39945436.0,0.0,101330630.0,103392718.0,343631914.0,27032805.0,0.0,2152239332.0,40564544.0,0.0,,,0.0,0.01884759905502926,,,inf,0.019420704927438803,72.2483686206607,72.64668200055564,58.69622022085162,0.0,0.0,TR
ECZYT,2019,105678582.0,105925218.0,1377698.0,15971.0,37619456.0,2329768776.0,0.0,-6111.0,15248.0,43390298.0,93063853.0,72628550.0,76945395.0,429100813.0,0.0,12625.0,2374536772.0,44767996.0,27873.0,0.0,2152239332.0,1.1738289475518807e-05,0.018853359749107308,0.45294729666702543,0.438488860187278,6156.022909507446,0.015842860992341792,76.7066381746943,76.88565854055098,58.877395118317466,,0.039192424433004316,TR
ECZYT,2020,83041369.0,107320293.0,996339.0,17025.0,43792647.0,2847759679.0,0.0,-4564.0,0.0,54665262.0,105242482.0,135983681.0,140701026.0,451728363.0,0.0,17563.0,2903421280.0,55661601.0,17563.0,27873.0,2374536772.0,6.049070495205574e-06,0.01917103845157462,1.0,0.20089796637027907,9595.233786152497,0.015083118423655006,83.34650053847135,107.71463628343365,57.81890988041174,,0.036247747691647424,TR
ECZYT,2021,410163156.0,410717180.0,33547839.0,20712.0,229758742.0,4484344009.0,0.0,-1732.0,74089.0,65502432.0,409324214.0,590721202.0,633129734.0,921810396.0,0.0,10280.0,4583394280.0,99050271.0,84369.0,17563.0,2903421280.0,1.840753704479467e-05,0.021610680851135503,0.12184570162026337,0.03398343994035239,132655.16281755196,0.0501285134910977,12.226216895818535,12.242731342546385,52.31942408164251,,0.08930591369503564,TR
ECZYT,2022,269133125.0,681513580.0,2692795.0,90252.0,365710034.0,14968326411.0,0.0,-287005946.0,98075.0,222027199.0,267810165.0,1032577525.0,1083890931.0,8263905865.0,0.0,22357.0,15193046405.0,224719994.0,120432.0,84369.0,4583394280.0,7.92678418729545e-06,0.014790976609276012,0.18564002922811212,2802.7787559631056,1.2742245904550005,0.024070882445251112,99.94564198165847,253.0878065355885,75.41728396994063,,0.017627153755803985,TR
ECZYT,2023,1114688667.0,1116355438.0,167512010.0,123471.0,630916194.0,23630642451.0,0.0,-467670884.0,96457.0,289332256.0,666538596.0,1405353111.0,1455853563.0,13010206604.0,0.0,29868.0,24087486717.0,456844266.0,126325.0,120432.0,15193046405.0,5.2444242724104875e-06,0.018966041221626383,0.23643775974668513,3790.5379300283275,1.34906023784025,0.026192695045877252,6.654380584413022,6.664330742613619,59.75733141026583,,0.027671570879563092,TR
ECZYT,2024,992848295.0,993445673.0,9590145.0,82751.0,626581753.0,26848901165.0,0.0,-385319870.0,60746.0,578769609.0,580970930.0,580559465.0,628923501.0,18244174494.0,0.0,34238.0,27437260919.0,588359754.0,94984.0,126325.0,24087486717.0,3.4618616005588455e-06,0.02144382253523592,0.36046070917207107,3482.188885223827,1.6261340298905427,0.02283689158512536,103.52797533301113,103.59026615343147,53.72155485835823,,0.02117452364196034,TR
ECZYT,2025,943177413.0,944878460.0,13330361.0,13248.0,506621582.0,32710051757.0,0.0,-235318133.0,26388.0,752926390.0,854056177.0,966130829.0,1018677523.0,21230362110.0,0.0,22323.0,33476308509.0,766256751.0,48711.0,94984.0,27437260919.0,1.455088752898313e-06,0.022889523520611427,0.458274311757098,3275.244552698424,2.1529219849793724,0.015133735007364877,70.75407882802274,70.88168579980692,50.42422044036499,,0.025512256728378212,TR
EDATA,2022,63945195.0,602166434.0,193393890.0,5985956.0,99596325.0,469509667.0,97894685.0,-157079043.0,5959779.0,14210674.0,245610457.0,7412327.0,39648738.0,90318770.0,1088677565.0,2432302.0,677114231.0,207604564.0,8392081.0,,,0.01239389251589958,0.3066019801317689,0.28983299851371785,18.717531801706873,0.6340522777440145,0.14708939856855557,0.33064744186075373,3.11367868964216,11.008179604627363,0.08992073332566562,0.3627311991911155,TR
EDATA,2023,79678144.0,853452501.0,284384470.0,7859753.0,94320291.0,751749759.0,11770269.0,-362784079.0,4167604.0,12208006.0,152845718.0,94263223.0,128142336.0,13066185.0,1670531741.0,42171820.0,1048342235.0,296592476.0,46339424.0,8392081.0,677114231.0,0.044202572836340985,0.2829156988032634,0.9100635346697447,13.25686472535334,0.25999016070382736,0.089970896765406,0.28017754977970494,3.0010517135482115,10.117531243001679,0.007045821824944301,0.14579753910229515,TR
EDATA,2024,127983363.0,1081067220.0,383342989.0,14488895.0,36869711.0,905263785.0,20767437.0,-243442192.0,4305095.0,27734759.0,270519056.0,-78462975.0,-41833680.0,140485962.0,1571854959.0,2480294.0,1316341532.0,411077748.0,6785389.0,46339424.0,1048342235.0,0.00515473289799687,0.3122880635509721,0.3655345330975129,9.164914782852977,0.15145160621951678,0.028009228687012208,0.33386123307970555,2.8201043217722708,9.575539402950488,0.013212056800210151,0.2055082586272147,TR
EDATA,2025,203719997.0,1386770388.0,565107631.0,20483845.0,262648841.0,1047666455.0,44658126.0,-292834732.0,4931435.0,46971377.0,503920599.0,-16015589.0,45425984.0,49786288.0,2876996364.0,5008079.0,1659745462.0,612079008.0,9939514.0,6785389.0,1316341532.0,0.005988577301499499,0.3687788411016002,0.5038555205013042,35.01780931106148,0.8969183375420099,0.1582464582752991,0.3604976925183302,2.453993384492095,9.45598999303169,0.01552248259984245,0.30361318077819816,TR
EDIP,2014,1484970.0,18290258.0,64861934.0,807882.0,55971771.0,221927501.0,0.0,-16972425.0,176369555.0,219240008.0,-213118934.0,37406345.0,48770590.0,72059807.0,47220201.0,35712736.0,506029443.0,284101942.0,212082291.0,,,0.4191105753504545,0.5614336199800928,0.1683909384023016,0.08002754459117004,3.2978063535411115,0.11060971209139703,0.0228943219608592,0.2819875522058901,4.674001320534272,0.0,-0.4211591577290889,TR
EDIP,2015,17626984.0,30767600.0,74260578.0,782237.0,71830315.0,241360079.0,0.0,-46919467.0,204105932.0,254036577.0,-245874095.0,19440591.0,26500542.0,109465936.0,47916516.0,56891718.0,569657234.0,328297155.0,260997650.0,212082291.0,506029443.0,0.4581661294237159,0.576306479415304,0.21797789367069015,0.1983574568848608,1.5309277703431712,0.12609392229714053,0.2373666415577859,0.41431942530800125,4.994891494597405,0.0,-0.4316176120042039,TR
EDIP,2016,637708.0,9461603.0,266401576.0,778031.0,59933912.0,241500738.0,0.0,-59028739.0,24605930.0,77241404.0,-273793591.0,139294.0,2807678.0,128906429.0,51510244.0,242902293.0,585143718.0,343642980.0,267508223.0,260997650.0,569657234.0,0.45716670071129434,0.5872796193977083,0.9080180424958376,0.2233796898601352,1.015334445819688,0.10242596845242044,0.0023937846373701635,0.03551631766622882,2.513847402737122,0.0,-0.46790828061149925,TR
EDIP,2017,11550027.0,19825890.0,32651248.0,695414.0,71149417.0,229512605.0,0.0,-83623463.0,308033922.0,362276384.0,-322471267.0,-11977166.0,-8716552.0,129045744.0,72840230.0,28887987.0,624440237.0,394927632.0,336921909.0,267508223.0,585143718.0,0.5395582940309467,0.6324506471545651,0.08574089790046868,0.2767018339184983,0.8508307889617056,0.11394111523277767,0.35373922001388736,0.6072015991548011,5.1648632450569645,0.0,-0.5164165405952211,TR
EDIP,2018,11068281.0,21822175.0,49118076.0,356601.0,164860583.0,245562555.0,0.0,-151938617.0,394700602.0,463158694.0,-429267287.0,16248784.0,29398697.0,116968257.0,66620697.0,43296634.0,757839325.0,512276770.0,437997236.0,336921909.0,624440237.0,0.5779552756779941,0.675970160297501,0.09885138635897693,0.39214056842020595,1.0850472793233337,0.21754028533686873,0.22534028002236894,0.4442799225279101,5.482078007590497,0.0,-0.5664357507443942,TR
EDIP,2019,8762865.0,20836623.0,44520386.0,429894.0,113436041.0,274510719.0,0.0,-72645646.0,438212956.0,519526501.0,-467485001.0,28912941.0,41047306.0,133216977.0,71004183.0,36795422.0,838557606.0,564046887.0,475008378.0,437997236.0,757839325.0,0.5664588510094559,0.6726394024264566,0.07746268003719295,0.15913515730035807,1.5614981385119764,0.1352751918155042,0.1968281452007177,0.4680243113795105,5.002684984855362,0.0,-0.5574870440087571,TR
EDIP,2020,1863396.0,10841427.0,38289413.0,422147.0,-17820895.0,72665779.0,0.0,-219123564.0,631346548.0,678675977.0,-662949857.0,-201797491.0,-235117881.0,162129785.0,58475829.0,30372474.0,789631169.0,716965390.0,661719022.0,475008378.0,838557606.0,0.8380102609652684,0.9079750371404095,0.04589935152264672,0.3855340585614458,-0.0813280629188744,-0.022568631659472906,0.04866608950103257,0.2831442466877202,3.6460836774923737,0.0,-0.839569007691995,TR
EDIP,2021,56794008.0,67479554.0,98763889.0,456668.0,247784029.0,-108473452.0,0.0,-469788419.0,1001168686.0,1020052831.0,-1041216038.0,-181151910.0,-209667224.0,-39666451.0,73225538.0,92198566.0,1010343268.0,1118816720.0,1093367252.0,661719022.0,789631169.0,1.0821740359237986,1.107362968048202,0.08432534066787653,0.5353451006477418,0.5274374994756948,0.24524736972860198,0.5750483154830001,0.683241159124465,4.4651478335611205,0.0,-1.0305567137207867,TR
EFOR,2021,185741897.0,1255055498.0,1174293980.0,23004967.0,193160975.0,573771954.0,0.0,-89580930.0,69591007.0,102872737.0,-26343149.0,179143763.0,197668749.0,66906727.0,2626505808.0,39828746.0,1850938671.0,1277166717.0,109419753.0,,,0.05911581767368023,0.6900102834363441,0.3639995970380229,0.8186906618222762,2.1562733831854612,0.10435838746382754,0.1581732514714927,1.0687745312293946,4.827076273589509,0.0,-0.01423231866767778,TR
EGEEN,2010,1800875.0,61625336.0,38417809.0,2870550.0,5535693.0,39941083.0,54805240.0,-4505236.0,6318831.0,7324944.0,-2734455.0,3939561.0,4668403.0,5044782.0,77802303.0,21228706.0,85683836.0,45742753.0,27547537.0,,,0.3215021442317312,0.533855101912104,0.7706208362656887,0.16354405840347905,1.2287243110016879,0.0646060360789636,0.04687604647105201,1.6040825232901752,6.569697040984986,0.704416680313435,-0.03191331209774502,TR
EGEEN,2011,699714.0,115907511.0,56633058.0,3272918.0,31194034.0,66235227.0,128099746.0,-17526304.0,25295292.0,27107556.0,-977571.0,27932391.0,29600864.0,7192983.0,168492930.0,29057387.0,149975841.0,83740614.0,54352679.0,27547537.0,85683836.0,0.36240956301755295,0.5583606895726626,0.534608183710687,0.4279916429036036,1.7798409750281634,0.20799372613619815,0.012355221927094243,2.04664051515636,8.227262385603435,0.7602677809686139,-0.0065181898196523536,TR
EGEEN,2012,17807006.0,86309359.0,40731778.0,3960869.0,19857535.0,74722042.0,116846532.0,-3101015.0,3241091.0,5016871.0,-17261992.0,19095735.0,21197430.0,23060004.0,155791375.0,25817279.0,120470691.0,45748649.0,29058370.0,54352679.0,149975841.0,0.24120696709542405,0.37974920389557654,0.8884627389629907,0.07435501740303015,6.403559802193798,0.1648329135922363,0.4371772329702867,2.1189686097179457,9.17851531954045,0.750019261335873,-0.14328789730275557,TR
EGEEN,2013,13575948.0,103210936.0,31082385.0,4304035.0,37815118.0,93077893.0,119179230.0,-4184361.0,8769513.0,12890912.0,33271827.0,29623879.0,34010667.0,31109506.0,174374389.0,9074450.0,137051190.0,43973297.0,17843963.0,29058370.0,120470691.0,0.13019925620492606,0.3208530841651211,0.5085445424875629,0.17842869351509658,9.03725037108414,0.2759196618431405,0.43677304685596036,3.3205603752736477,11.51915610517461,0.6834675131105405,0.24276934041944473,TR
EGEEN,2018,208355747.0,458357441.0,89340741.0,11108585.0,252007903.0,544433260.0,540469958.0,-65487375.0,18741462.0,28181658.0,223507467.0,347519858.0,379051499.0,206943192.0,586587767.0,14192885.0,661955659.0,117522399.0,32934347.0,17843963.0,137051190.0,0.04975310136294189,0.17753817404860345,0.430944782357458,2.579344409059695,3.848190632163833,0.38070209019846146,2.332147066028924,5.130441452237339,15.348659456997181,0.9213795247796226,0.33764718823863094,TR
EGEEN,2019,240087443.0,523381321.0,82842750.0,11394578.0,242070644.0,649348666.0,626392879.0,-38150757.0,4611249.0,17159453.0,325778262.0,257718088.0,287503259.0,328807036.0,684455154.0,18458125.0,749350869.0,100002203.0,23069374.0,32934347.0,661955659.0,0.030785810698779614,0.13345177424488983,0.8001138219008457,1.3624365066742619,6.345107228147531,0.32304045276285653,2.898110492469166,6.317768555486147,17.525877223014362,0.9151700813987881,0.43474729326029515,TR
EGEEN,2020,449357360.0,802224897.0,320839137.0,13551098.0,190135341.0,710335967.0,465522526.0,-88273039.0,3700050.0,20122911.0,457999150.0,263695872.0,293799344.0,366529104.0,509913739.0,111761747.0,1051298015.0,340962048.0,115461797.0,23069374.0,749350869.0,0.10982784648366334,0.324324828103095,0.9679543355799322,1.2744141028014555,2.153945793120366,0.18085769999289877,1.4005690334468142,2.500396006862467,10.7932407975613,0.9129436812448781,0.43565111268663437,TR
EGEEN,2021,329382931.0,1059391106.0,252140047.0,15622302.0,490107218.0,1118394548.0,941485832.0,-77817354.0,6025321.0,22989935.0,539645055.0,603525201.0,687887076.0,432202678.0,1049472767.0,50959602.0,1393524530.0,275129982.0,56984923.0,115461797.0,1051298015.0,0.04089265870332401,0.19743461709999466,0.8942646461064798,0.9025089488509842,6.298173772395294,0.35170333025999906,1.3063491298548064,4.201597955599651,14.692878801584378,0.8971036329902212,0.38725192372465805,TR
EGEEN,2022,1677209884.0,3713844441.0,711075458.0,101051336.0,1252943175.0,3710067911.0,3783120520.0,-1092250010.0,1470514571.0,1559660505.0,375094888.0,626017164.0,803819177.0,2629107178.0,4296698147.0,40410804.0,5980803874.0,2270735963.0,1510925375.0,56984923.0,1393524530.0,0.2526291459862708,0.37967069491635363,0.026745731237719138,1.3932557384095963,1.1471212300561113,0.20949410838346444,2.358694657691308,5.222855604446975,11.099986067379172,0.8804715599212886,0.06271646686670802,TR
EGEEN,2023,1618058000.0,4478681000.0,1428192000.0,141509000.0,1671098000.0,5824995000.0,4878152000.0,-2048800000.0,1751089000.0,1791001000.0,-759252000.0,1005228000.0,1307671000.0,4168675000.0,5643669000.0,374087000.0,9044188000.0,3219193000.0,2125176000.0,1510925375.0,5980803874.0,0.23497698190263183,0.35594052224478306,0.17602636205189592,1.126921275675379,0.8156472081218274,0.18477037407891123,1.1329415092648607,3.13590959758912,10.106801355828107,0.8643582747322708,-0.08394916160522094,TR
EGEEN,2024,1157407564.0,4532663909.0,1309079050.0,220984210.0,1356497414.0,8154881355.0,5409058732.0,-942300420.0,1420273392.0,1507337733.0,-525035309.0,1116546905.0,1300145648.0,6231875398.0,6157473580.0,441328356.0,10971298138.0,2816416783.0,1861601748.0,2125176000.0,9044188000.0,0.16967925988194488,0.25670770656073116,0.23706915642625406,0.47271279191457954,1.4395593859546407,0.12364055710979714,0.8841387874933909,3.4624829638821275,10.900310555907957,0.8784542331726903,-0.047855349694809285,TR
EGEEN,2025,1944260121.0,4153165747.0,1261675455.0,320968464.0,441243469.0,8600613018.0,4517892785.0,-1241958457.0,1324557909.0,1398753593.0,-709093343.0,-104409413.0,-39010340.0,7825852103.0,5204916472.0,446188674.0,11261042065.0,2660429048.0,1770746583.0,1861601748.0,10971298138.0,0.15724535729278444,0.2362506979943512,0.2519777128379753,0.6838322450523813,0.35528037714388705,0.039183182733275757,1.5410144608068008,3.2917861170565454,10.857683516400243,0.8680048583496269,-0.06296871452100379,TR
EGEGY,2021,112631815.0,1157099676.0,1064699019.0,1405795.0,19524215.0,-74751524.0,0.0,-13875717.0,153231776.0,378045771.0,-6692978.0,30332214.0,30137530.0,-162674772.0,546436612.0,112106185.0,1367993266.0,1442744790.0,265337961.0,,,0.19396145258510358,1.0546431958825153,0.4225033786251188,0.052294503763070675,1.4070779189284417,0.01427215724320678,0.10578746950080546,1.0867857069003273,3.346936775961299,0.0,-0.004892551861435844,TR
EGEGY,2022,282865071.0,910472124.0,234144565.0,3122381.0,108123621.0,202891098.0,0.0,-75729223.0,69031672.0,1630662229.0,-44157891.0,148254354.0,167911384.0,-173784865.0,1127581132.0,49676600.0,2067697892.0,1864806794.0,118708272.0,265337961.0,1367993266.0,0.05741083959087385,0.9018758500528568,0.41847631309130673,0.3943755542578125,1.4277661478185244,0.052291788572370414,1.20807873973073,3.8885041982503417,5.587369895509233,0.0,-0.02135606520219831,TR
EGEGY,2023,212893490.0,1111453374.0,851044756.0,3111552.0,-169810806.0,91670232.0,0.0,-454862196.0,21068324.0,2970652064.0,-18653535.0,-42163999.0,-170777843.0,-171369208.0,325137324.0,253161287.0,3913367052.0,3821696820.0,274229611.0,118708272.0,2067697892.0,0.07007510600362667,0.9765750999633039,0.9231726875767621,2.3151862708030113,-0.3733236296471646,-0.0433925066940028,0.25015545715905924,1.3059869838384857,3.2773551803380663,0.0,-0.004766620343079436,TR
EGEGY,2024,187800968.0,3389648125.0,4788070953.0,4076125.0,-186189959.0,169570598.0,0.0,-275428043.0,60275895.0,1870739499.0,-41019008.0,-352204716.0,-159044745.0,-279498587.0,118203116.0,322830990.0,6828381050.0,6658810452.0,383106885.0,274229611.0,3913367052.0,0.05610508291712865,0.9751667933060063,0.8426655918752283,0.8380123260340013,-0.6760021854419522,-0.027267072185434057,0.03922267857838071,0.7079360682565057,1.6166066183939483,0.0,-0.006007135175914062,TR
EGEGY,2025,202948160.0,3360185000.0,3998520151.0,9723333.0,844391048.0,2020665471.0,0.0,-31356024.0,19461507.0,3119684692.0,-116240242.0,956051953.0,1154565177.0,-810863630.0,2842204308.0,188089252.0,9138870314.0,7118204843.0,207550759.0,383106885.0,6828381050.0,0.02271076750942064,0.7788932984523802,0.9062325423729238,0.10617326066468379,26.929149180393534,0.09239556082839497,0.050755817736530394,0.8403571504221737,3.421509747947746,0.0,-0.01271932284911949,TR
EGEPO,2022,83765409.0,192391184.0,111744825.0,76672800.0,-25423299.0,893187112.0,8202741.0,-139446571.0,156132357.0,284893417.0,2023859.0,-146420886.0,-139247932.0,209385450.0,498938663.0,22473661.0,1289825354.0,396638242.0,178606018.0,,,0.1384730246200448,0.3075131379375878,0.12582812859082945,0.7807495657845079,-0.18231569853374163,-0.019710652237651703,0.7496133176637039,1.7217010631141083,6.421413098728688,0.016440379566255423,0.0015690953769234095,TR
EGEPO,2023,72589901.0,256180662.0,177661013.0,114979253.0,45272083.0,1418048926.0,52005459.0,62948609.0,120704237.0,232345135.0,10297613.0,132506966.0,136595946.0,90907607.0,890795570.0,30236782.0,1828055074.0,410006148.0,150941019.0,178606018.0,1289825354.0,0.0825691857684152,0.22428544622720706,0.2003218356436298,0.38203110289230124,0.7191911579809492,0.024765163612351867,0.4085865535394645,1.4419633079543457,7.491841961092503,0.058380913367137646,0.005633097791450894,TR
EGEPO,2024,201968379.0,375978593.0,228820223.0,175333086.0,-154613316.0,1823383520.0,55784432.0,77981310.0,52917333.0,167903852.0,34784508.0,-31022496.0,-48823242.0,292432537.0,1320688732.0,28210061.0,2220107596.0,396724075.0,81127394.0,150941019.0,1828055074.0,0.036542100097386454,0.17869587749475904,0.3477254674296576,0.6720544945511391,-1.982697084724532,-0.06964226250951487,0.8826509141195968,1.64311785064557,8.472141420873196,0.04223889448615361,0.015667937924572554,TR
EGEPO,2025,144640048.0,428786768.0,238047799.0,203075374.0,66564402.0,2246438035.0,49738341.0,-85053022.0,45275672.0,234897472.0,42234770.0,3135633.0,23623185.0,308848304.0,1584455306.0,4184799.0,2719383306.0,472945271.0,49460471.0,81127394.0,2220107596.0,0.018188120406149172,0.17391636918433007,0.08460895974888714,1.3026175441339822,0.7826224211057428,0.024477756354954985,0.6076092642217624,1.8012633168685588,9.232244626684627,0.03139144462557658,0.015531010250307096,TR
EGPRO,2010,35081879.0,181435460.0,117694902.0,7784720.0,24500016.0,113102992.0,32793116.0,-92526429.0,12877764.0,19690338.0,-19154059.0,15705005.0,19919912.0,19548851.0,224643484.0,61412235.0,250488232.0,137385240.0,74289999.0,,,0.296580795061063,0.5484698378964167,0.8266554829271164,1.2454762450595807,0.26478938250172823,0.09780904996766475,0.2980747543338793,1.541574502521783,6.695406236403359,0.14597848740629396,-0.0764669016467009,TR
EGPRO,2011,14631180.0,206396042.0,131876223.0,7506802.0,19592028.0,123839779.0,28252261.0,-24769777.0,18572880.0,24475845.0,-12978687.0,10736787.0,13441492.0,25813291.0,254179403.0,69797136.0,280191847.0,156352068.0,88370016.0,74289999.0,250488232.0,0.3153911041530056,0.5580179069236086,0.7898282603004169,0.30455889236208417,0.7909650539041995,0.06992361915512837,0.11094630758419582,1.5650739557501583,6.59657893746146,0.111150866933148,-0.04632071610563315,TR
EGPRO,2012,33339561.0,241791806.0,144785670.0,7549643.0,33805356.0,156583965.0,35717329.0,-12026032.0,22666667.0,30851739.0,2288035.0,20046215.0,25072968.0,36979182.0,295791143.0,53526114.0,332221374.0,175637409.0,76192781.0,88370016.0,280191847.0,0.22934340461790997,0.5286758250539293,0.7025089949138358,0.1461573602203662,2.8110149715217787,0.10175551197377204,0.2302683753164246,1.6699981842125675,7.148228671809305,0.12075185429064723,0.006887079456844339,TR
EGPRO,2013,38257104.0,258984301.0,125805114.0,7750721.0,31270543.0,166299940.0,38782881.0,-12527064.0,57428500.0,66549385.0,-11588906.0,15694011.0,20111948.0,51084059.0,316779618.0,28507278.0,358654439.0,192354499.0,85935778.0,76192781.0,332221374.0,0.23960606270371576,0.536322649557392,0.3317277001902514,0.15453247814285453,2.4962387834851008,0.0871885012414415,0.3040981624960016,2.0586150496234996,7.643938924031526,0.12242858693010988,-0.03231217779518407,TR
EGPRO,2014,18759098.0,292705710.0,190778441.0,9048047.0,37306844.0,188899795.0,54253657.0,-11469690.0,20000000.0,29700768.0,-14320630.0,22234115.0,27835708.0,67076468.0,377993876.0,81870740.0,409379004.0,220479209.0,101870740.0,85935778.0,358654439.0,0.24884212185928323,0.5385698993981626,0.803672771985361,0.12214368406532089,3.2526462354257175,0.09113033066053383,0.09832923417169553,1.534270373873115,6.9294623909051865,0.14353051846797646,-0.034981349458752406,TR
EGPRO,2015,93284057.0,514390939.0,272288027.0,10381981.0,43529622.0,301625029.0,88302794.0,-14730530.0,133434188.0,145171585.0,-46067169.0,28876478.0,32971181.0,42850178.0,473789530.0,60888222.0,719084641.0,417459612.0,194322410.0,101870740.0,409379004.0,0.27023579551047594,0.580543079628925,0.31333607894220744,0.09946570337632724,2.9550614947323686,0.060534768117791016,0.3425933120445285,1.8891427018199372,6.818342444821464,0.18637557060410348,-0.06406362529998746,TR
EGPRO,2016,91617048.0,546201933.0,426236879.0,15050974.0,75801736.0,279188585.0,105311023.0,-33649798.0,106315910.0,110279394.0,-142513605.0,60143778.0,50290914.0,114652013.0,730624740.0,116028832.0,815704858.0,536516273.0,222344742.0,194322410.0,719084641.0,0.2725798918804527,0.6577333305522621,0.5218420321358442,0.16151884226285254,2.252665409759666,0.0929278957414276,0.21494397250407796,1.2814516056927114,5.843852775312263,0.1441383205830123,-0.17471221803119383,TR
EGPRO,2017,56899490.0,671458524.0,544468583.0,20823734.0,109926038.0,353012233.0,141444393.0,-61498245.0,134615504.0,146309157.0,-113759994.0,67143208.0,73098279.0,91176098.0,910321773.0,143179851.0,1043789973.0,690777740.0,277795355.0,222344742.0,815704858.0,0.2661410457906363,0.6617976392459558,0.5154148491791737,0.24592407355013568,1.7874662602160436,0.10531432648663698,0.10450463401668852,1.2332364896066006,5.577169258655929,0.1553784575907315,-0.10898743707322431,TR
EGPRO,2022,668532655.0,5165799076.0,3801637254.0,256799722.0,1054204704.0,3975601005.0,1791425793.0,-635857940.0,323860427.0,876500669.0,-341337790.0,264892686.0,755729483.0,2106247206.0,9434612168.0,144592067.0,8653738928.0,4678137923.0,468452494.0,277795355.0,1043789973.0,0.05413295893226882,0.5405915248798918,0.3086589757807971,1.7041467948003426,1.6579248880654065,0.12182071966477055,0.1758538782985106,1.358835346682448,6.788516695084825,0.18987805339535818,-0.039443966687690214,TR
EGPRO,2023,1160545027.0,7296982019.0,5669137548.0,380728410.0,2806392301.0,6554264136.0,2146993308.0,-1883485598.0,266504252.0,1072283243.0,-91847838.0,727889822.0,1584252977.0,2647727407.0,13457655794.0,263950816.0,13295684927.0,6741420791.0,530455068.0,468452494.0,8653738928.0,0.03989678387480338,0.5070382479739699,0.4975931646674361,3.7710908789776485,1.4899993416355286,0.2110754215678625,0.20471280105197406,1.2871414667958239,7.141646311961224,0.15953694617135486,-0.0069080937540480876,TR
EGPRO,2024,748595222.0,7917764953.0,6288063056.0,621783752.0,2272994659.0,8200821828.0,1808586560.0,-946423686.0,112495129.0,1286597800.0,-847369558.0,1158577417.0,1623887077.0,1881723615.0,13917999821.0,615138779.0,15775482684.0,7574660856.0,727633908.0,530455068.0,13295684927.0,0.04612435147470889,0.4801539837308727,0.8453959776157106,1.5045417360051647,2.401667131352839,0.14408400075804614,0.11905020915553617,1.259173911343805,6.4215880406066965,0.1299458674565534,-0.05371433476703882,TR
EGPRO,2025,822023492.0,8318628958.0,5959980914.0,710169998.0,2225304079.0,9776652065.0,1682287805.0,-869805527.0,41175280.0,1245380512.0,-584023338.0,1237581618.0,1661316690.0,2454497956.0,13625440754.0,356033650.0,16982013491.0,7205361426.0,397208930.0,727633908.0,15775482684.0,0.023389978474019572,0.4242937052086694,0.8963384836287542,1.5465369874186814,2.55839266355915,0.1310388830028518,0.13792384637827718,1.3957475834292579,6.9375914206284675,0.12346667057402406,-0.034390700390711404,TR
EGSER,2014,17508608.0,195582068.0,89948840.0,9828763.0,47471979.0,185922495.0,87363558.0,-820426.0,0.0,15948195.0,10806567.0,38319261.0,48134019.0,1435752.0,280681471.0,0.0,291819530.0,105897035.0,0.0,,,0.0,0.3628853593177948,,inf,57.86259699229425,0.162675811999286,0.19465073701895433,2.1743700974909737,8.577294109793733,0.31125516653715984,0.03703167844866312,TR
EGSER,2015,14642180.0,221355611.0,114068391.0,11040678.0,55142335.0,214033705.0,111859335.0,-1298920.0,1752620.0,36254607.0,-29498672.0,50877873.0,51290272.0,11388460.0,324890990.0,4193760.0,364356703.0,150322998.0,5946380.0,0.0,291819530.0,0.01632021574198952,0.412570968949623,0.705262697641254,0.43687756248339327,42.45244895759554,0.15134162359571027,0.12836316767192762,1.940551708141478,7.795563100346913,0.3442980520943348,-0.08096096972312322,TR
EGSER,2016,15719832.0,232459050.0,114606875.0,14285856.0,37435410.0,244182611.0,123211747.0,-3120761.0,0.0,26173361.0,-16004030.0,29125872.0,33442636.0,60161249.0,329902518.0,8677010.0,384962847.0,140780236.0,8677010.0,5946380.0,364356703.0,0.02253986343778261,0.36569824100454035,1.0,0.4268177214722441,11.995602995551405,0.09724421536190478,0.13716308031259034,2.02831680036647,8.242439756561907,0.37347925607527493,-0.04157292093176981,TR
EGSER,2017,29091984.0,262431618.0,110104827.0,15453794.0,53857652.0,285057922.0,163291714.0,-6532011.0,1507261.0,26793518.0,4998010.0,47941127.0,53687718.0,79081000.0,383578635.0,10604830.0,421956267.0,136898345.0,12112091.0,8677010.0,384962847.0,0.028704612177261488,0.32443728344956657,0.8755573253206238,0.628407260131162,8.245186972281584,0.12763799524276292,0.2642207866145596,2.383470599340754,9.27324253678631,0.42570596769551566,0.011844853106542437,TR
EGSER,2022,203196784.0,2062723302.0,1194503948.0,170740966.0,508117010.0,1826342172.0,2485829889.0,-550191266.0,0.0,129064016.0,159329699.0,221618570.0,104245554.0,-618492722.0,4269002734.0,444479630.0,3149910136.0,1323567964.0,444479630.0,12112091.0,421956267.0,0.14110867002842015,0.4201922933842072,1.0,2.4099923003203116,0.9235279463705627,0.16131158923957314,0.17010976342122563,1.7268451104357505,6.950913499574778,0.5822975631291784,0.05058229985009325,TR
EGSER,2023,182953023.0,2823478954.0,1043230396.0,252165273.0,24431422.0,3202405886.0,2341404979.0,-384685194.0,0.0,118908770.0,295840541.0,-155745952.0,-230682648.0,-1127875703.0,3953206835.0,202659404.0,4364545052.0,1162139166.0,202659404.0,444479630.0,3149910136.0,0.04643311080203738,0.2662681109151259,1.0,1.1888795878135825,0.06351016982473207,0.005597701870165047,0.1753716376569227,2.7064768864345856,8.014318379031012,0.5922799076107537,0.06778267550805431,TR
EGSER,2024,77205069.0,2678222975.0,2393908931.0,237480664.0,-898008295.0,3155637711.0,1868944950.0,-565294844.0,68865954.0,209409048.0,-331049750.0,-1164943487.0,-1352942099.0,-479919645.0,3523226590.0,716994433.0,5758955690.0,2603317979.0,785860387.0,202659404.0,4364545052.0,0.13645883547334603,0.4520468847364929,0.9123687169639714,1.1437198306938094,-1.588566222620633,-0.15593248903778248,0.03225062908627412,1.1187656056244522,3.527091968808379,0.5304640227525077,-0.057484337060422844,TR
EGSER,2025,361611675.0,4485905824.0,5114221405.0,299052029.0,-810436817.0,2344179480.0,1407666666.0,-494542131.0,222602723.0,478304569.0,-958616292.0,-1374760673.0,-1253806213.0,-1936960810.0,5317592909.0,1907192123.0,7936705454.0,5592525974.0,2129794846.0,785860387.0,5758955690.0,0.26834747217771704,0.7046407361862518,0.8954816125045689,0.3392322421407497,-1.6387619298708445,-0.1021124976474401,0.07070708253781594,0.8771434532760515,1.6889912508596183,0.26471877221318146,-0.1207826468496282,TR
EKDMR,2023,984118968.0,2326804457.0,2783046215.0,118912439.0,416846564.0,9499458255.0,880747721.0,-217422466.0,0.0,475992408.0,-635088527.0,272617689.0,269542867.0,-207273097.0,11050924280.0,138360923.0,12758496878.0,3259038623.0,138360923.0,,,0.010844610013471213,0.2554406411792673,1.0,1.5714152615186008,1.9172193732730454,0.032672074773854094,0.3536121544427892,0.8360638944689606,6.242554245802343,0.07969900966509925,-0.04977769192349839,TR
EKDMR,2024,1480373066.0,4386266939.0,4618853867.0,145828657.0,873728075.0,11385617249.0,290142533.0,-381711726.0,0.0,911083406.0,-583504117.0,621715163.0,739567136.0,65344592.0,16844490880.0,1259243696.0,16915554522.0,5529937273.0,1259243696.0,138360923.0,12758496878.0,0.0744429450635068,0.3269143359035546,1.0,0.5462370699277147,2.288973629801459,0.05165234600282529,0.3205065820715215,0.9496440167415238,5.681348444363872,0.017224773076667782,-0.03449512200389927,TR
EKDMR,2025,461405177.0,5937325647.0,6145370696.0,197694316.0,954447896.0,16872001604.0,727331004.0,-693018219.0,222075778.0,1881516398.0,1168648817.0,525560797.0,764222626.0,809071064.0,24534634086.0,2659271985.0,24898888699.0,8026887094.0,2881347763.0,1259243696.0,16915554522.0,0.11572194236587442,0.32237933150495907,0.9229264232343897,0.33474358717214364,1.377233483669785,0.03833295162439651,0.07508174849408629,0.9661460537872165,5.765748651322779,0.02964507240868251,0.04693578220006806,TR
EKGYO,2010,1733442000.0,3325355000.0,2417422000.0,464000.0,628464000.0,3750075000.0,0.0,-121611000.0,1074000000.0,1082584000.0,41000.0,554313000.0,554313000.0,709204000.0,1497903000.0,181501000.0,7250081000.0,3500006000.0,1255501000.0,,,0.1731706169903481,0.48275405474780214,0.1445646001078454,0.09686252738946445,5.167821989787108,0.08668372118877017,0.7170622257926006,1.375579025921002,6.097942508403389,0.0,5.655109232572712e-06,TR
EKGYO,2011,773831000.0,3138317000.0,2782854000.0,421000.0,198900000.0,3802903000.0,0.0,-149210000.0,914000000.0,928492000.0,-1615000.0,228322000.0,228322000.0,498393000.0,716597000.0,185552000.0,7514249000.0,3711346000.0,1099552000.0,1255501000.0,7250081000.0,0.14632892788088336,0.4939077744163123,0.1687523645994005,0.12671477032576337,1.3330205750284834,0.026469711078246142,0.27807100192823625,1.1277332551402266,5.030325513219368,0.0,-0.00021492500448148577,TR
EKGYO,2012,1146520000.0,3510261000.0,3420117000.0,616000.0,529752000.0,4392325000.0,0.0,-80673000.0,754000000.0,766445000.0,-1528000.0,523402000.0,523402000.0,770494000.0,1004577000.0,172199000.0,8578887000.0,4186562000.0,926199000.0,1099552000.0,7514249000.0,0.1079626063380949,0.48800759352582684,0.18592008844751506,0.07964749863137177,6.566657989661969,0.061750667656538666,0.33522829774536955,1.0263569930502379,5.128290359510921,0.0,-0.00017811168278589052,TR
EKGYO,2013,4803784000.0,7213078000.0,4512022000.0,1373000.0,1004390000.0,8353608000.0,0.0,-64688000.0,594000000.0,605352000.0,-1606000.0,1060537000.0,1060537000.0,1061950000.0,2331138000.0,0.0,13470982000.0,5117374000.0,594000000.0,926199000.0,8578887000.0,0.04409478091500679,0.3798812885356094,0.0,0.0851046474836518,15.526681919366807,0.07455952357445063,1.064663248539125,1.5986353789941627,7.037395469605439,0.0,-0.00011921922247390724,TR
EKGYO,2018,552539000.0,19810629000.0,7737738000.0,7329000.0,1615589000.0,13086742000.0,0.0,-550439000.0,1685943000.0,1834914000.0,-3918000.0,1269807000.0,1269807000.0,5271709000.0,3917974000.0,1777503000.0,22659394000.0,9572652000.0,3463446000.0,594000000.0,13470982000.0,0.1528481300073603,0.42245842938253336,0.5132180493069619,0.27132289622585243,2.935091808538276,0.07129886174361062,0.0714083366482556,2.5602610220196134,9.418177263068486,0.0,-0.00017290841935137366,TR
EKGYO,2019,510149000.0,19363644000.0,8023624000.0,28521000.0,1404392000.0,13748422000.0,0.0,-746569000.0,1587564000.0,1639451000.0,-4983000.0,780506000.0,780506000.0,6364433000.0,5645593000.0,3175633000.0,23411497000.0,9663075000.0,4763197000.0,3463446000.0,22659394000.0,0.20345546463773762,0.4127491291992135,0.6667020070763396,0.18150027903240726,1.8811282011441675,0.059987278899764504,0.0635808706888558,2.4133289396412394,9.21078743878708,0.0,-0.00021284414234595933,TR
EKGYO,2020,1951089000.0,22740934000.0,10152862000.0,28480000.0,1104063000.0,14522496000.0,0.0,-481649000.0,2931094000.0,3003235000.0,13000.0,859671000.0,859671000.0,7039132000.0,4527085000.0,2078219000.0,27678593000.0,13156097000.0,5009313000.0,4763197000.0,23411497000.0,0.18098148991894206,0.4753166824628694,0.41487106116148065,0.09857221941957593,2.2922563941791636,0.03988869665448674,0.1921713306060892,2.2398545355979427,8.489630395878773,0.0,4.6967705330975456e-07,TR
EKGYO,2021,3634384000.0,25584608000.0,12730683000.0,25811000.0,1787260000.0,15877239000.0,0.0,-564365000.0,1907320000.0,2021196000.0,2098000.0,1434187000.0,1434187000.0,7777801000.0,5735504000.0,2710227000.0,30629118000.0,14751879000.0,4617547000.0,5009313000.0,27678593000.0,0.15075677334228169,0.48162924573929944,0.58694085842548,0.11724799155695627,3.1668512398890787,0.05835166392972857,0.28548224788882104,2.0096807060548127,8.353044034311141,0.0,6.849691199074031e-05,TR
EKGYO,2022,9897374000.0,109168346000.0,53346883000.0,59435000.0,5494329000.0,62602471000.0,0.0,-5354315000.0,5068450000.0,5333016000.0,5064000.0,1317404000.0,1317404000.0,-484035000.0,20517939000.0,4819501000.0,121282370000.0,58679899000.0,9887951000.0,4617547000.0,30629118000.0,0.08152834579337459,0.4838287625810742,0.4874114970836729,0.7382462842709709,1.0261497502481642,0.04530195938618284,0.18552862779255538,2.0463865901968443,7.6809156088705155,0.0,4.175380147996778e-05,TR
EKGYO,2023,22030591000.0,160112880000.0,87124021000.0,112116000.0,5494034000.0,84533176000.0,0.0,-16799417000.0,1823979000.0,2798462000.0,12701000.0,-5505929000.0,-5505929000.0,-817251000.0,40283010000.0,4529810000.0,174455659000.0,89922483000.0,6353789000.0,9887951000.0,121282370000.0,0.036420652883492874,0.5154460652950215,0.7129305049317817,2.0686720757751327,0.3270371823022192,0.031492437857805464,0.2528647179863289,1.8377581539768464,7.178004586154037,0.0,7.28035999107372e-05,TR
EKGYO,2024,10349516382.0,238536272874.0,135232332274.0,165491098.0,10571586998.0,127380593625.0,0.0,-7309803831.0,0.0,1277039225.0,13396830.0,16737818584.0,7637363192.0,-8276557555.0,41261022569.0,16887910200.0,263889965124.0,136509371499.0,16887910200.0,6353789000.0,174455659000.0,0.06399603028506405,0.5172965612195797,1.0,0.6290249063201024,1.4462203422159114,0.0400605873475806,0.07653137535948432,1.7638997188238348,6.964761787105517,0.0,5.076672769161543e-05,TR
EKGYO,2025,15394516655.0,336409987568.0,168264152696.0,205116415.0,26759243042.0,153636777134.0,0.0,-8824883419.0,30617202504.0,57895397708.0,128196582.0,5634709873.0,19638862857.0,7750098320.0,96456864588.0,33065106724.0,379796327538.0,226159550404.0,63682309228.0,16887910200.0,263889965124.0,0.1676748947016302,0.5954758748460303,0.5192196565237281,0.21906067729866827,3.0322489002389847,0.07045682409691716,0.09149017427861188,1.9992968328541507,7.407573551209986,0.0,0.00033754034124296124,TR
EKIM,2023,1986625366.0,4079109887.0,8920792286.0,1050854374.0,4655291418.0,25010648050.0,0.0,932004459.0,6322668534.0,12418109440.0,5016369.0,4508016033.0,5673567892.0,14412696808.0,16058546333.0,8204809119.0,46349549776.0,21338901726.0,14527477653.0,,,0.31343298312948,0.46039070129327075,0.5647786432702352,0.06415459594994016,4.994923976002136,0.10043876241513203,0.2226960680519089,0.4572587003736901,5.484079699491586,0.0,0.00010822907718075609,TR
EKIM,2024,1644222588.0,3212242106.0,9479362398.0,3294531091.0,64082219.0,21722328272.0,0.0,-2798364536.0,6186999193.0,11397085479.0,4272062.0,-2363631620.0,-2521423485.0,17862869408.0,15903465377.0,6117361531.0,42598776149.0,20876447877.0,12304360724.0,14527477653.0,46349549776.0,0.2888430569216915,0.49007154111609547,0.49717020398044043,0.2085853750817709,0.02289988247621217,0.0015043206587873844,0.17345286728851148,0.3388668953808258,4.754557986354354,0.0,0.00010028602664680746,TR
EKIM,2025,3279398176.0,5679593292.0,9257124429.0,3710663240.0,111879462.0,21455047490.0,0.0,-3539250466.0,7961725115.0,12320716053.0,-89808157.0,-2177623491.0,-3059886450.0,16586607067.0,15361882723.0,6640407453.0,43032887972.0,21577840482.0,14602132568.0,12304360724.0,42598776149.0,0.33932495019858067,0.5014267342698437,0.4547560037601762,0.2630777952065802,0.03161106089404411,0.0025998594859075242,0.35425668101927593,0.6135375337731673,5.022666654820142,0.0,-0.0020869656031088373,TR
EKIZ,2010,1180190.0,22847448.0,18537330.0,556392.0,1709887.0,19723376.0,13139156.0,-3521168.0,4255393.0,4409444.0,-8535778.0,-95983.0,100934.0,-6190377.0,52547182.0,13298896.0,42670150.0,22946774.0,17554289.0,,,0.4113950618875256,0.5377711116553375,0.757586707157436,0.20058733224683722,0.48560222062679204,0.040072205042635194,0.06366558722318694,1.2325101835053915,4.611470423457065,0.2500449215335658,-0.20004096540555868,TR
EKIZ,2011,892749.0,26951923.0,28595219.0,592725.0,-297410.0,14970052.0,9118771.0,-5237786.0,4499339.0,4718245.0,-12236663.0,-4746538.0,-4846336.0,-6308282.0,53306968.0,21573747.0,48283516.0,33313464.0,26073086.0,17554289.0,42670150.0,0.5399997382129338,0.6899552219850766,0.8274335841948284,0.24011465278394586,-0.05678162490792866,-0.0061596591267297105,0.031220219016332765,0.9425324911832289,3.031258185211463,0.17106152051266543,-0.253433552767781,TR
EKIZ,2012,355.0,13588873.0,28193997.0,494883.0,-6617803.0,5194099.0,10520306.0,-3611308.0,1153409.0,1436200.0,-12594823.0,-11449670.0,-10304295.0,-11504520.0,52571031.0,21632978.0,34824296.0,29630197.0,22786387.0,26073086.0,48283516.0,0.6543244118990948,0.8508484134180343,0.9493816637100037,0.14782427145704172,-1.832522454468021,-0.1900340785065691,1.2591332828757839e-05,0.48197752876259436,-1.6711660369670431,0.2001160296818223,-0.36166769889619593,TR
EKIZ,2013,2182.0,12266163.0,16113441.0,515690.0,-2680751.0,4119235.0,6472202.0,-2076385.0,16238544.0,17266390.0,-14075859.0,-3471292.0,-2636617.0,-22954190.0,28054146.0,10352849.0,37499066.0,33379831.0,26591393.0,22786387.0,34824296.0,0.7091214751855419,0.8901509973608409,0.3893308259556015,0.08410199891530158,-1.2910664448067193,-0.07148847387292259,0.00013541489989630397,0.761237962766612,0.2306047292067244,0.23070393944624085,-0.37536558910560597,TR
EKIZ,2018,1762.0,10193813.0,27380113.0,651791.0,-440834.0,6215911.0,0.0,-5036201.0,7431519.0,7621068.0,-12408494.0,-4045329.0,-4045329.0,-27498165.0,43605613.0,11808996.0,41217092.0,35001181.0,19240515.0,26591393.0,37499066.0,0.4668091334536653,0.8491909375848252,0.6137567523530425,0.21976833257738254,-0.08753304326018758,-0.010695417328325832,6.435327713950633e-05,0.37230719245022836,-1.5456502233132337,0.0,-0.3010521460368917,TR
EKIZ,2019,605.0,9902784.0,31560845.0,519867.0,-1115714.0,9285697.0,0.0,-2559268.0,5622382.0,5754958.0,-11299350.0,3102083.0,3102083.0,-31543493.0,57961525.0,12119087.0,46601500.0,37315803.0,17741469.0,19240515.0,41217092.0,0.38070596440028753,0.8007425297468965,0.6830937731255512,0.13840620340974677,-0.4359504358277445,-0.023941589862987243,1.916932198741827e-05,0.31376802490554356,-1.9049862037372587,0.0,-0.24246751714000622,TR
EKIZ,2020,3724.0,8380742.0,24583015.0,234702.0,281810.0,10872915.0,0.0,-8096011.0,11670785.0,14536854.0,-17410647.0,196176.0,196176.0,-28441410.0,44125559.0,11497251.0,49992784.0,39119869.0,23168036.0,17741469.0,46601500.0,0.4634276018715021,0.7825103118882117,0.49625488323654193,0.395800975836789,0.03480850013667224,0.005637013533793197,0.00015148670738719395,0.34091595355573756,-0.4009765599546609,0.0,-0.34826320134521815,TR
EKIZ,2021,2701324.0,10777201.0,31048907.0,16611.0,-879091.0,24984012.0,0.0,-16475741.0,23238646.0,27319270.0,-36025905.0,14111097.0,14111097.0,-28245234.0,62342304.0,15006967.0,83352189.0,58368177.0,38245613.0,23168036.0,49992784.0,0.4588435343911604,0.700259677643259,0.39238401016085167,0.5365498148465335,-0.05335668969304628,-0.010546705618013224,0.08700222523131007,0.3471040381550307,0.9284385954119889,0.0,-0.4322130640144316,TR
EKIZ,2022,1465199.0,13221837.0,43501591.0,131830.0,-2741254.0,127249721.0,0.0,-24746346.0,42654304.0,46197658.0,-42937871.0,59572205.0,59667365.0,-201433960.0,234468789.0,27932763.0,216948970.0,89699249.0,70587067.0,38245613.0,83352189.0,0.3253625357151961,0.413457823745372,0.39572069200722,0.45475947114414533,-0.11077409165781485,-0.012635478287820403,0.03368150374086318,0.30393915937465366,0.7121999177672965,0.0,-0.1979169156691548,TR
EKIZ,2023,26241.0,9863671.0,33111533.0,185843.0,67981767.0,152537099.0,0.0,-131395927.0,0.0,677816.0,1706093.0,-31184792.0,-32663167.0,-152816467.0,333211982.0,0.0,186326448.0,33789349.0,0.0,70587067.0,216948970.0,0.0,0.18134488883725192,,3.7229462161956666,0.51738108290069,0.3648530186117217,0.0007925033250499154,0.2978923083990101,6.949692884906382,0.0,0.009156472515377956,TR
EKIZ,2024,54890.0,17624994.0,44991815.0,26254.0,-6156936.0,382780609.0,0.0,57472837.0,0.0,1146989.0,59.0,183121248.0,181279028.0,-241116241.0,350001498.0,0.0,428919412.0,46138804.0,0.0,0.0,186326448.0,0.0,0.10756986676089167,,inf,-0.10712775497753835,-0.014354528677755439,0.0012199996821644114,0.39173778608397997,9.613477658125486,0.0,1.3755497734385592e-07,TR
EKIZ,2025,49451.0,19499442.0,64094397.0,30217.0,-20840576.0,387377546.0,0.0,8095745.0,0.0,39094517.0,72.0,-63375279.0,-22885193.0,-68294017.0,503518830.0,0.0,490566460.0,103188914.0,0.0,0.0,428919412.0,0.0,0.2103464513248623,,inf,-2.5742628998319486,-0.04248267604760423,0.0007715338986651204,0.3042300561779214,5.856104596434005,0.0,1.4676910443490164e-07,TR
EKOS,2020,19161511.0,201598738.0,95091480.0,3804800.0,16404467.0,140163040.0,98923421.0,-8260817.0,19403724.0,23335015.0,37333858.0,9910171.0,14625897.0,71815638.0,149159239.0,19438882.0,258589535.0,118426495.0,38842606.0,,,0.1502095048045931,0.45797094998449955,0.5004525700464073,0.21267411872416594,1.9858165360641689,0.06343824780070856,0.20150607604382642,2.120050481914889,8.526313574869326,0.663206796060417,0.14437497635006769,TR
EKOS,2021,11613666.0,362517694.0,233948861.0,4403306.0,61552557.0,157404542.0,54717936.0,-52038887.0,38902167.0,43966677.0,-24338663.0,20540538.0,19067640.0,77065570.0,234706572.0,101701335.0,435320080.0,277915538.0,140603502.0,38842606.0,258589535.0,0.3229887810367029,0.638416537091512,0.723320070648027,0.5799946020562341,1.182818475729506,0.14139608951647717,0.04964190015868468,1.5495595595141625,7.309451677448102,0.2331333781313972,-0.05590981008732701,TR
EKOS,2022,56321295.0,1158890729.0,662189527.0,23207445.0,243588540.0,808548153.0,224147126.0,-150089951.0,130354170.0,250571923.0,109891447.0,77695617.0,115429894.0,392216376.0,946785876.0,190443741.0,1721309603.0,912761450.0,320797911.0,140603502.0,435320080.0,0.18636851292811848,0.5302715144383006,0.5936564250257852,0.650582970798141,1.6229503599478157,0.14151349622139997,0.08505313464433574,1.7500891840592339,7.766863635445527,0.23674532086070113,0.06384176722681073,TR
EKOS,2023,912716866.0,2875196559.0,1078814488.0,48900709.0,419601483.0,2756461649.0,306997644.0,-337899074.0,193538075.0,253809377.0,-392490391.0,216538915.0,146870467.0,155251542.0,1714426063.0,342479462.0,4089085514.0,1332623865.0,536017537.0,320797911.0,1721309603.0,0.13108494189344067,0.3258977735822426,0.6389333153478521,0.7887324505848545,1.2417953030554916,0.10261499339238324,0.8460369008318324,2.6651445554186886,9.117098448345727,0.17906729874532945,-0.09598488211024486,TR
EKOS,2024,714214865.0,3539704209.0,1307146393.0,90413267.0,185740507.0,3611632511.0,1275263246.0,-334094821.0,153254407.0,302401088.0,400397160.0,130275427.0,282401809.0,486867592.0,3091900794.0,342368083.0,5221179992.0,1609547481.0,495622490.0,536017537.0,4089085514.0,0.09492537908277497,0.30827274360703555,0.6907839936803514,0.6476965070297723,0.5559514704359934,0.035574430930286914,0.5463924077859579,2.707963108000559,8.954157696631455,0.41245283434537,0.07668710150071378,TR
EKOS,2025,263760430.0,3404608230.0,1592329465.0,127916127.0,-191391539.0,3454214400.0,787268425.0,-646609395.0,288558747.0,461780388.0,-77534951.0,-508855874.0,-466881003.0,663609127.0,2556226480.0,424098977.0,5508324254.0,2054109853.0,712657724.0,495622490.0,5221179992.0,0.12937831745879644,0.37291011899097254,0.5950949000027957,1.070297084249035,-0.29599251183166,-0.034745873731201735,0.16564438189303995,2.1381305218766395,7.333232171258896,0.30798070169431935,-0.014075959842722795,TR
EKSUN,2022,129529125.0,2439285329.0,2042844288.0,46130210.0,111149227.0,716529918.0,2161874111.0,-193734094.0,49306830.0,83663381.0,-144756098.0,64871375.0,56482682.0,92090334.0,7509459749.0,1747402823.0,2843037587.0,2126507669.0,1796709653.0,,,0.631968307846364,0.7479702972354688,0.9725571519484679,0.10782715709047287,0.5737205295418988,0.03909523655552008,0.06340626437407647,1.194063269202043,4.886860015396704,0.2878867699221488,-0.050915998670544485,TR
EKSUN,2023,613485777.0,4140036149.0,2041024523.0,87871186.0,704383164.0,2681143775.0,2543496481.0,-1019324890.0,62355232.0,85174001.0,157109144.0,-222002277.0,-80210875.0,105948661.0,10259774506.0,1620032327.0,4807342299.0,2126198524.0,1682387559.0,1796709653.0,2843037587.0,0.349962090144894,0.4422814918842541,0.96293646391616,0.5859709159515144,0.6910291026053529,0.14652236520509937,0.30057736694817755,2.0284107821079815,8.494798772444211,0.24790958899852453,0.032681081193798305,TR
EKSUN,2024,1013824197.0,5438300916.0,3653997303.0,165326379.0,-330987861.0,2622980003.0,3035803659.0,-895646319.0,128505973.0,153540893.0,-512871960.0,-909885204.0,-890283168.0,-151905281.0,13204910021.0,3177998591.0,6430518198.0,3807538196.0,3306504564.0,1682387559.0,4807342299.0,0.5141894419999276,0.5921044119250309,0.9611354012938238,0.3590561980167315,-0.3695519693192643,-0.05147141347068154,0.27745619739993554,1.4883155254479945,5.370669936458842,0.22989960962794204,-0.07975593011454533,TR
EKSUN,2025,767688666.0,4904065165.0,4132466351.0,207438994.0,131260142.0,2524891566.0,2198829116.0,-707419250.0,39468685.0,104016311.0,-969740175.0,-352537687.0,-312861691.0,-1168396037.0,12794480011.0,3173400107.0,6761374228.0,4236482662.0,3212868792.0,3306504564.0,6430518198.0,0.47517985008061886,0.626571244120168,0.9877154382717787,0.2170206280175496,0.185547879846357,0.019413234288442348,0.18577009485249163,1.1867162968703384,4.191519543401042,0.17185763814626043,-0.14342353230267024,TR
ELITE,2018,17892780.0,97436512.0,67724340.0,2073074.0,51725155.0,50195554.0,131250360.0,-32574372.0,3311691.0,4302615.0,19405554.0,33009032.0,42468604.0,2908151.0,140485165.0,28634533.0,122222509.0,72026955.0,31946224.0,,,0.26137758307678005,0.5893100672642876,0.8963354479703141,1.0196626681137653,1.5879095075109966,0.42320482064396175,0.26420013838451584,1.4387222082932074,8.497978642804,0.9342649097504352,0.1587723420078048,TR
ELITE,2019,19973544.0,105644827.0,45294885.0,3018816.0,31245977.0,54422137.0,104270063.0,-18783305.0,33122902.0,34750957.0,-29821598.0,21652514.0,24748497.0,1144802.0,113448340.0,17685137.0,134467979.0,80045842.0,50808039.0,31946224.0,122222509.0,0.3778448919798222,0.5952780921917478,0.3480775355254313,0.45395377395844855,1.6634972918770152,0.2323674173759985,0.440966877385824,2.3323787443107538,8.497307530583834,0.9190973001455993,-0.22177471708710667,TR
ELITE,2020,47557007.0,239640465.0,118928378.0,3418603.0,70516755.0,133097641.0,182592063.0,-56801833.0,45635060.0,48451775.0,-60972313.0,29378768.0,36870350.0,16206710.0,205691715.0,71409358.0,300477794.0,167380153.0,117044418.0,50808039.0,134467979.0,0.3895276800388118,0.5570466648194309,0.6101047723608656,0.676806691009593,1.2414521024347929,0.2346820843606167,0.39987938791194144,2.014998178147187,8.473211057534794,0.8876977033323875,-0.20291786686905722,TR
ELITE,2021,94129329.0,370289872.0,179614256.0,3572672.0,122703559.0,236374496.0,282900217.0,-148825293.0,17117876.0,18688316.0,11812467.0,38029272.0,49160164.0,43691296.0,305140837.0,111735833.0,434677068.0,198302572.0,128853709.0,117044418.0,300477794.0,0.29643548851765056,0.4562066568462268,0.8671526327581304,1.2104630060886963,0.82448054713388,0.2822867089919729,0.5240637970295632,2.061583975828734,9.60384429037055,0.9271135905024734,0.027175270723046287,TR
ELITE,2022,33483811.0,749937969.0,271699609.0,6336991.0,437788050.0,782023317.0,956082124.0,-492079722.0,19985810.0,81916150.0,520126308.0,-60554996.0,-22111431.0,103866309.0,1050677716.0,70250822.0,1135639076.0,353615759.0,90236632.0,128853709.0,434677068.0,0.07945890019726655,0.31138040815354967,0.7785177753531404,4.492025707331388,0.8896689508371979,0.385499283400847,0.12323834812732469,2.7601731624133476,11.22333393181534,0.9099670711965495,0.458003179876491,TR
ELITE,2023,46354948.0,1143577274.0,522135870.0,29041628.0,506976284.0,1167394526.0,1118518053.0,-591839608.0,2210802.0,84873194.0,363649957.0,185888315.0,296894999.0,-131291302.0,1235327885.0,174504953.0,1774403590.0,607009064.0,176715755.0,90236632.0,1135639076.0,0.09959163518148653,0.3420918822645078,0.9874895025630284,4.434046195661101,0.8566109417942167,0.28571644402500335,0.08877947420084355,2.190190982282064,9.245631434718034,0.9054422445907955,0.2049420769037105,TR
ELITE,2024,117600200.0,1671610259.0,535420185.0,60074485.0,711010804.0,2020173592.0,1927419514.0,-271383500.0,0.0,72579900.0,750922426.0,516824793.0,623825948.0,249777739.0,2300638102.0,174656714.0,2628173677.0,608000085.0,174656714.0,176715755.0,1774403590.0,0.06645554497728881,0.23133938609948265,1.0,1.544705541514694,2.619948537770351,0.27053417748693176,0.21964095358115795,3.1220531198314836,11.702565756234419,0.8377760554015201,0.28572024465946283,TR
ELITE,2025,218217636.0,1683437263.0,441844077.0,91094909.0,494428631.0,2475863451.0,1663663922.0,-376689441.0,0.0,7375117.0,870997436.0,271861206.0,146765385.0,843570714.0,2366069032.0,179202251.0,2925082645.0,449219194.0,179202251.0,174656714.0,2628173677.0,0.061263995841731166,0.15357487241185283,1.0,2.129037149023482,1.3125630219085436,0.16903065349115973,0.4938792831209549,3.810025641692601,13.89758607688776,0.7031341433828462,0.2977684878370334,TR
EMKEL,2010,85059.0,11293658.0,21273267.0,1304295.0,-1563010.0,17069277.0,12823306.0,-3191274.0,4061384.0,12208840.0,-13274088.0,-1755853.0,-1291814.0,-33376109.0,31414805.0,1188855.0,50551384.0,33482107.0,5250239.0,,,0.10385945120711235,0.6623380875190281,0.22643826309621334,0.6078340433645021,-0.4897761834301912,-0.0309192325970739,0.0039983985534520865,0.5308849834865514,0.13008600258703817,0.40819307966419016,-0.2625860451219298,TR
EMKEL,2011,1609621.0,23020088.0,27745425.0,1910805.0,3806938.0,29875439.0,8965996.0,-5439017.0,3647880.0,12676902.0,-6976636.0,762470.0,1216855.0,-22676428.0,40621323.0,1703482.0,70297766.0,40422327.0,5351362.0,5250239.0,50551384.0,0.07612421140097111,0.5750158120245243,0.31832681100624477,1.0260746466500672,0.6999312559604061,0.054154466302670276,0.0580139248182358,0.829689507369233,2.8973985625377683,0.2207214176652986,-0.09924406417125688,TR
EMKEL,2012,1566906.0,29020532.0,30698873.0,1707092.0,-1112326.0,41100947.0,20098512.0,-1636907.0,2212576.0,12461845.0,-6572459.0,-2591305.0,-2749233.0,1186043.0,41465625.0,2043422.0,84261665.0,43160718.0,4255998.0,5351362.0,70297766.0,0.05050930337063717,0.51222246795147,0.4801275752479207,0.3407610415348233,-0.6795291363528899,-0.013200854742189108,0.05104115711348752,0.94532890507088,4.07640422104249,0.48470297987791094,-0.07800058306467123,TR
EMKEL,2013,2063034.0,46881853.0,50151443.0,2163882.0,3617901.0,42141820.0,20488030.0,-1170081.0,2381276.0,13051509.0,4231392.0,1307738.0,2447820.0,-1405262.0,59564858.0,4278705.0,105344772.0,63202952.0,6659981.0,4255998.0,84261665.0,0.06322080226249861,0.5999628723863012,0.642450031013602,0.21437948900414705,3.0920090147605164,0.03434343186959482,0.04113608455892286,0.9348056645149772,3.933805922258861,0.3439617030565237,0.040167081096345245,TR
EMKEL,2014,2504804.0,47329781.0,48702096.0,2437920.0,3732379.0,48991862.0,22604749.0,-1028154.0,2303754.0,12556630.0,4025094.0,1699431.0,2704225.0,-97524.0,61595447.0,5458820.0,110250588.0,61258726.0,7762574.0,6659981.0,105344772.0,0.07040845895533909,0.555631739578568,0.7032229257975512,0.14257584734466258,3.630175051597329,0.03385359722525924,0.051431133477294284,0.9718222599700842,4.232699480441082,0.36698733593085214,0.036508594403142774,TR
EMKEL,2015,2028747.0,55630371.0,56616269.0,2835336.0,2596588.0,49761983.0,27092558.0,-1068584.0,3405849.0,15275020.0,-7764176.0,1766881.0,1655379.0,-97524.0,57159670.0,11013497.0,121653272.0,71891289.0,14419346.0,7762574.0,110250588.0,0.11852822174811706,0.5909523666572651,0.7638000364232885,0.09634729545503726,2.4299334446332717,0.021344169024898895,0.03583328671834592,0.9825863127787527,4.064449059029085,0.4739803081438364,-0.06382217158943329,TR
EMKEL,2016,3157071.0,80466667.0,63883196.0,2901270.0,7398049.0,57835345.0,32693047.0,-2694001.0,15684967.0,33822590.0,-13745048.0,3105313.0,4872241.0,-1366225.0,72467014.0,7828527.0,155541131.0,97705786.0,23513494.0,14419346.0,121653272.0,0.151172193803837,0.6281668737512266,0.3329376314723792,0.14204056432368364,2.746119619109273,0.04756329693912281,0.049419427919667636,1.2595905032678703,4.861934405513331,0.4511438404237271,-0.08836921727153958,TR
EMKEL,2017,4312216.0,117453707.0,104041821.0,3295265.0,3272209.0,50917968.0,31507627.0,-9563167.0,22821827.0,43090684.0,-31294229.0,-6705334.0,-6140958.0,-792573.0,78628398.0,15679763.0,198050473.0,147132505.0,38501590.0,23513494.0,155541131.0,0.19440291869436738,0.7429040828395295,0.4072497525426872,0.3084142238685027,0.34216792407787083,0.016522096364798886,0.04144694853043758,1.1289086049349328,4.155594760295508,0.40071561676736694,-0.15801138228031397,TR
EMNIS,2010,116182.0,16246283.0,19401181.0,4364453.0,-2986031.0,10316430.0,1822441.0,-2977649.0,13138045.0,15247305.0,-26176069.0,-6006838.0,-5116946.0,-13943550.0,38886809.0,12513283.0,44964916.0,34648486.0,25651328.0,,,0.5704742782128182,0.7705671239328012,0.48782203400931134,0.11608167031352139,-1.0028149724833249,-0.06640801908759264,0.0059883983351322785,0.8373862910716621,1.6451771019107608,0.04686527506023958,-0.5821442877820566,TR
EMNIS,2011,57725.0,15968720.0,14903166.0,3578838.0,4232499.0,7318322.0,2290781.0,-8406934.0,8715513.0,10244483.0,-14422123.0,-2998108.0,-3071103.0,-10133299.0,42408439.0,8892270.0,32465971.0,25147649.0,17607783.0,25651328.0,44964916.0,0.5423457995450067,0.7745848414636974,0.5050192860736641,0.38867807523830067,0.5034533398263862,0.1303672389776976,0.0038733380544778203,1.0714984990437602,3.6294229037929715,0.054017102586586596,-0.4442227524936802,TR
EMNIS,2012,113772.0,16273923.0,20398898.0,3016115.0,-5703844.0,13029659.0,1784474.0,-3232538.0,6252344.0,13807087.0,-11573145.0,-7158858.0,-7425509.0,-13131407.0,43757109.0,9177950.0,47235644.0,34205985.0,15430294.0,17607783.0,32465971.0,0.3266663200357764,0.7241562113559836,0.594800721230587,0.19568560240355393,-1.7645094968721171,-0.12075296358825975,0.005577360110335372,0.7977844195308982,1.359361526270674,0.0407813505229516,-0.2450087268842995,TR
EMNIS,2013,15576.0,19552181.0,25515298.0,4911653.0,-9029503.0,4624250.0,2244481.0,-5221072.0,10125573.0,20762818.0,-23772357.0,-13041845.0,-13423596.0,-18681491.0,43647176.0,10353901.0,50902366.0,46278116.0,20479474.0,15430294.0,47235644.0,0.40232852830455856,0.9091545174933519,0.5055745572371634,0.29078840052656424,-1.7294346831455303,-0.17738866990976412,0.0006104573029090234,0.7662924806913876,0.1979349295828154,0.05142328108466857,-0.4670187040028748,TR
EMNIS,2014,12762.0,25004316.0,26550159.0,5084386.0,-3019286.0,5006985.0,1903546.0,-5544869.0,7736087.0,18344682.0,-14017766.0,-7536372.0,-7319678.0,-30114562.0,46795954.0,10317513.0,49901826.0,44894841.0,18053600.0,20479474.0,50902366.0,0.3617823524133165,0.8996632908783738,0.5714933863606151,0.28779790576791253,-0.5445189056765813,-0.06050451941377857,0.00048067508748252693,0.9417765068751566,0.789967066949252,0.040677576527235665,-0.2809068750309858,TR
EMNIS,2015,49618.0,19215531.0,30852081.0,2681598.0,-5898201.0,2324146.0,1360998.0,-3854130.0,5195015.0,16194393.0,-11506294.0,-9133812.0,-9010121.0,-26264296.0,41831556.0,12852261.0,49370620.0,47046474.0,18047276.0,18053600.0,49901826.0,0.36554687788000234,0.9529245125947375,0.7121440931030256,0.21352002649464794,-1.530358602330487,-0.11946783329842728,0.0016082545614994335,0.6228277113624847,-0.7813930496286849,0.03253519902534823,-0.2330595402690912,TR
EMNIS,2016,77128.0,18809246.0,35845627.0,2571675.0,-9144887.0,1339153.0,771133.0,-3659952.0,3756621.0,10777690.0,-9257777.0,-14679400.0,-15090152.0,-18925077.0,36110798.0,13946215.0,47962470.0,46623317.0,17702836.0,18047276.0,49370620.0,0.36909767157529627,0.9720791485509399,0.7877955260953668,0.20475191798000522,-2.4986357744582444,-0.19066755736307991,0.002151671109003059,0.5247291671031449,-1.6175881978384838,0.021354637468825807,-0.19302127267423883,TR
EMNIS,2017,536911.0,33846123.0,50335483.0,2628245.0,-614488.0,4851951.0,815459.0,-3060182.0,0.0,7202733.0,-90910.0,-4061599.0,-4207763.0,-33604477.0,56493946.0,22419231.0,62390167.0,57538216.0,22419231.0,17702836.0,47962470.0,0.3593391727898404,0.922232120327551,1.0,0.15254358655051345,-0.20080112882174983,-0.009849116127546189,0.010666650402460625,0.6724108120706819,-0.21730929569372293,0.014434449312498016,-0.0014571206388981136,TR
ENERY,2022,1825253573.0,6469087522.0,9764969165.0,537323058.0,1485149943.0,10255394384.0,0.0,400470337.0,84874310.0,4995680955.0,-541058132.0,2701184273.0,3260338536.0,-596519125.0,23481276300.0,799638605.0,25016044504.0,14760650120.0,884512915.0,,,0.0353578246496391,0.5900473241339098,0.9040440127434431,0.4527580436742408,3.708514228857854,0.05936789658183285,0.18691851885637778,0.6624790526924311,3.436449679391608,0.0,-0.021628444573381145,TR
ENERY,2023,6307655898.0,10456789077.0,12607279623.0,831728709.0,3032265927.0,28892695174.0,0.0,1814280538.0,72263990.0,13026208873.0,-1948823939.0,3810052255.0,5287892480.0,2861915047.0,28902244013.0,1605045744.0,54526183670.0,25633488496.0,1677309734.0,884512915.0,25016044504.0,0.030761546492072696,0.4701133798605348,0.956916728893198,1.416398234052774,1.6713324447291182,0.055611189393919305,0.5003185529805076,0.829424696658844,4.719594787681942,0.0,-0.03574106617830714,TR
ENERY,2024,5833712692.0,12642274105.0,19666582908.0,2215454173.0,3306643534.0,43727163699.0,0.0,-439702641.0,67882505.0,16003328669.0,-3344584738.0,4085114442.0,4696846654.0,7569867227.0,30759943857.0,3231178320.0,79397075276.0,35669911577.0,3299060825.0,1677309734.0,54526183670.0,0.041551415005298485,0.44925976747889396,0.9794236879521614,0.17671619739200375,7.520181199002623,0.04164691863655494,0.2966307222403621,0.6428302346238989,4.547492461005373,0.0,-0.042124785155795215,TR
ENERY,2025,7145636067.0,15605896813.0,24740692535.0,3236158356.0,6334763306.0,76276202233.0,0.0,-2964860085.0,183270577.0,23736614831.0,-4480054879.0,6518288779.0,5090490274.0,4845209089.0,38610152838.0,4280554530.0,124753509599.0,48477307366.0,4463825107.0,3299060825.0,79397075276.0,0.035781158552959706,0.3885847181519981,0.9589431546696123,0.7638551206268066,2.1366145869915476,0.05077823723246002,0.2888211822240327,0.6307784954250069,4.8896146692402205,0.0,-0.035911253265743084,TR
ENJSA,2014,112669000.0,2241969000.0,3294155000.0,426838000.0,307637000.0,4040342000.0,0.0,-639991000.0,2098000000.0,5428962000.0,-6387255000.0,-276714000.0,-263707000.0,-130172000.0,8064421000.0,805371000.0,12763459000.0,8723117000.0,2903371000.0,,,0.22747524789322393,0.6834445897464002,0.27739169399983676,0.2204303204791947,0.480689572197109,0.024102948894966482,0.034202701451510324,0.6805900147382258,3.3242697970866235,0.0,-0.5004329155599591,TR
ENJSA,2015,152103000.0,2532462000.0,4580790000.0,451000000.0,1038277000.0,4365831000.0,0.0,-606854000.0,2878000000.0,5074438000.0,-6985000000.0,336302000.0,462907000.0,-406886000.0,9153614000.0,1916064000.0,14021059000.0,9655228000.0,4794064000.0,2903371000.0,12763459000.0,0.34191882367801174,0.688623305843018,0.399674263839615,0.15767694043535282,1.7109172881780461,0.0740512539031467,0.03320453458901194,0.5528439417655033,3.1694553885956265,0.0,-0.4981792031543409,TR
ENJSA,2016,74570000.0,2939550000.0,4950759000.0,217938000.0,1272310000.0,4746828000.0,0.0,-797837000.0,3200000000.0,5433861000.0,-402450000.0,377393000.0,514202000.0,268586000.0,9103380000.0,3097794000.0,15131448000.0,10384620000.0,6297794000.0,4794064000.0,14021059000.0,0.4162056400682869,0.686293869562252,0.4918855713603843,0.14385993762271387,1.5946991678751423,0.08408382330626916,0.015062336906320828,0.5937574420407052,3.4809378776568223,0.0,-0.02659692581965718,TR
ENJSA,2017,172750000.0,4077430000.0,4832034000.0,235331000.0,2240710000.0,5880403000.0,0.0,-1045483000.0,5269080000.0,7873541000.0,-1510790000.0,988009000.0,1283718000.0,690597000.0,12344818000.0,1938940000.0,18585978000.0,12705575000.0,7208020000.0,6297794000.0,15131448000.0,0.387820323471813,0.6836107844311448,0.2689975887969234,0.15481969468852452,2.1432294929711913,0.12055916562475216,0.03575099016273478,0.8438330524992167,4.400910063398224,0.0,-0.08128654838610053,TR
ENJSA,2018,562352000.0,5872184000.0,7011907000.0,258182000.0,2811191000.0,6298915000.0,0.0,-1594065000.0,5765047000.0,9281988000.0,-1279696000.0,747697000.0,1321996000.0,1344547000.0,18346787000.0,3433809000.0,22592810000.0,16293895000.0,9198856000.0,7208020000.0,18585978000.0,0.4071585606217199,0.7211982484693139,0.37328652606367574,0.19431669990070016,1.7635359913177944,0.12442856820377811,0.08019958051354646,0.837458910963879,4.3551524556543235,0.0,-0.05664173690656452,TR
ENJSA,2019,469786000.0,5781800000.0,9234695000.0,372867000.0,3064206000.0,6834503000.0,0.0,-1843477000.0,5378462000.0,7326260000.0,-386397000.0,1033622000.0,1391356000.0,1743107000.0,19453085000.0,3692016000.0,23395458000.0,16560955000.0,9070478000.0,9198856000.0,22592810000.0,0.3877025190103139,0.7078705191409376,0.40703654206536855,0.20181107860855793,1.662188353855242,0.13097439682522993,0.05087184796032787,0.626095393513267,3.8381813225213413,0.0,-0.01651589808585923,TR
ENJSA,2020,588571000.0,6852870000.0,8287610000.0,444078000.0,2737845000.0,7153306000.0,0.0,-1389230000.0,7090385000.0,9234589000.0,-671471000.0,1087683000.0,1412706000.0,2209638000.0,21757203000.0,2671915000.0,24675505000.0,17522199000.0,9762300000.0,9070478000.0,23395458000.0,0.3956271614299282,0.7101049806275495,0.27369728445141,0.14753319982851176,1.9707643802682062,0.11095396021276971,0.07101818256409266,0.8268813324951343,4.3347645363901215,0.0,-0.02721204692669917,TR
ENJSA,2021,411992000.0,12795629000.0,14256376000.0,472588000.0,4514591000.0,9351022000.0,0.0,-1479567000.0,4381083000.0,7726243000.0,-1242345000.0,2282368000.0,3143114000.0,2551626000.0,32994330000.0,6335137000.0,31333641000.0,21982619000.0,10716220000.0,9762300000.0,24675505000.0,0.3420036630916911,0.7015660580268983,0.5911727269503613,0.14449940718372226,3.0512920334124782,0.14408127673384655,0.02889878886471569,0.8975372843701653,4.6245314337311125,0.0,-0.03964891919199559,TR
ENKAI,2014,3265460000.0,7586470000.0,3159422000.0,237238000.0,1590960000.0,12092501000.0,3556423000.0,-98603000.0,510536000.0,2865104000.0,2318291000.0,1504728000.0,1904748000.0,6764721000.0,12727939000.0,114537000.0,18117027000.0,6024526000.0,625073000.0,,,0.03450196326361936,0.33253391961054096,0.18323779782521402,0.1577463752233739,16.13500603429916,0.08781573268064347,1.0335624680716915,2.4012208562199033,8.767937717529188,0.2794186081501491,0.12796199950466486,TR
ENKAI,2015,2759858000.0,7819062000.0,2773370000.0,290731000.0,1688142000.0,15053666000.0,3728759000.0,-54733000.0,303233000.0,2947143000.0,3369208000.0,1455501000.0,1882062000.0,9404739000.0,12384383000.0,118774000.0,20774179000.0,5720513000.0,422007000.0,625073000.0,18117027000.0,0.020314015778914778,0.27536650184828004,0.28145030769631785,0.10454406540092448,30.843220726070196,0.08126155069714187,0.9951279490295201,2.8193360424321314,9.628333231674354,0.30108556881679127,0.16218248624891507,TR
ENKAI,2016,3519270000.0,8686127000.0,2997435000.0,364659000.0,1895109000.0,20159745000.0,3998387000.0,-33842000.0,764542000.0,3541652000.0,1775253000.0,1809132000.0,2376642000.0,12293958000.0,10581750000.0,234945000.0,26698832000.0,6539087000.0,999487000.0,422007000.0,20774179000.0,0.03743560767002841,0.2449203395863909,0.2350655886469759,0.04761469271062699,55.99872938951599,0.07098097025368001,1.174093850241957,2.897853331264898,9.862958330657051,0.37785687622557707,0.06649178510880176,TR
ENKAI,2017,2948562000.0,7869248000.0,3581643000.0,400338000.0,2326605000.0,23701913000.0,3762082000.0,-66229000.0,881898000.0,3009670000.0,1557799000.0,2602132000.0,3189661000.0,13968072000.0,10567421000.0,293088000.0,30293226000.0,6591313000.0,1174986000.0,999487000.0,26698832000.0,0.03878708725178362,0.21758372647403085,0.24943956779059495,0.06091498951700021,35.129701490283715,0.07680281393602649,0.8232428525121013,2.197105630013935,9.973496113616692,0.35600758217165757,0.05142400482536921,TR
ENKAI,2018,3297069000.0,13265106000.0,4804519000.0,500383000.0,3194703000.0,32518771000.0,4967818000.0,-251088000.0,938308000.0,3692165000.0,1819076000.0,1613263000.0,2235671000.0,21952033000.0,13917742000.0,386436000.0,41015455000.0,8496684000.0,1324744000.0,1174986000.0,30293226000.0,0.0322986542511841,0.2071581066210286,0.2917061711545778,0.20089209634640542,12.723439590900401,0.07789022455072118,0.6862433055213227,2.7609644170415395,10.88999514943022,0.35694137741596305,0.04435098915762363,TR
ENKAI,2019,6041469000.0,17362926000.0,5772096000.0,660819000.0,1843927000.0,39425622000.0,6431269000.0,-159778000.0,927810000.0,4212261000.0,2006638000.0,3868713000.0,4499282000.0,25195996000.0,10733112000.0,310854000.0,49409979000.0,9984357000.0,1238664000.0,1324744000.0,41015455000.0,0.0250691059795836,0.2020716705829808,0.2509590978667338,0.12466060806551278,11.54055627182716,0.037318918917168535,1.0466681427335929,3.0080799071948907,10.848231500106547,0.5991989089464453,0.04061199864100327,TR
ENKAI,2020,9914877000.0,26642747000.0,7891277000.0,657402000.0,2078985000.0,49696135000.0,8221180000.0,-185758000.0,839035000.0,4466407000.0,2905310000.0,4518160000.0,5299918000.0,33176305000.0,11617008000.0,546857000.0,62053819000.0,12357684000.0,1385892000.0,1238664000.0,49409979000.0,0.022333710033221325,0.19914461670763567,0.3945884672110092,0.1415538475841247,11.19190021425726,0.03350293396124419,1.256435048471876,3.3762275738134653,11.42291432241511,0.7076848014566229,0.04681919738090576,TR
ENKAI,2021,27480488000.0,68067033000.0,23402921000.0,1101355000.0,5123793000.0,89858579000.0,12816110000.0,-328952000.0,1394581000.0,8063488000.0,8564111000.0,5075956000.0,6966044000.0,62241753000.0,25782036000.0,804435000.0,121324988000.0,31466409000.0,2199016000.0,1385892000.0,62053819000.0,0.018125004883577652,0.25935637430271163,0.3658158921990563,0.1835204697024303,15.57611140835137,0.042231967910847844,1.1742332506271334,2.908484500716812,10.619690011322588,0.49709456615451164,0.07058818748863177,TR
ENSRI,2022,49780362.0,438492229.0,312747075.0,19687204.0,190751224.0,521413194.0,202038561.0,-123627325.0,19117153.0,63063301.0,-98487867.0,-18699506.0,-27582461.0,165337916.0,363593388.0,184127967.0,897223570.0,375810376.0,203245120.0,,,0.22652672844963267,0.41885923259907226,0.9059404083109105,0.6082671259216458,1.542953582470542,0.21260166404233005,0.15917131119451716,1.402066602861114,7.655614547205203,0.5556717137001402,-0.10976959399316717,TR
ENSRI,2023,11597626.0,708336895.0,455548100.0,36607009.0,122795303.0,956462029.0,232819951.0,-10873573.0,39019142.0,144600083.0,-226727327.0,206225637.0,281541369.0,210231293.0,490895491.0,345332046.0,1556610212.0,600148183.0,384351188.0,203245120.0,897223570.0,0.24691549948536506,0.3855481471041512,0.898480495915626,0.037010351671576534,11.293003964750133,0.07888635321377424,0.025458620066684506,1.5549113145241962,6.959121954420855,0.4742760022621597,-0.14565452882946908,TR
ENSRI,2024,24060712.0,984913250.0,582660345.0,48758821.0,-18043051.0,1497648175.0,240355858.0,59869509.0,70747334.0,342261878.0,-315252724.0,248057220.0,422968080.0,546997389.0,700637189.0,304086450.0,2422570398.0,924922223.0,374833784.0,384351188.0,1556610212.0,0.15472565185699094,0.38179374426583745,0.8112567836201232,0.1577204797462719,-0.30137295764359784,-0.007447895431602645,0.04129457617370545,1.6903728878271267,6.725456212209188,0.3430532403554731,-0.13013150175543423,TR
ENSRI,2025,8297896.0,975674308.0,545332642.0,57132216.0,-34573243.0,1553636524.0,162968272.0,44298162.0,51720163.0,375998421.0,-381141879.0,-83444355.0,10872149.0,836062341.0,508775706.0,373153912.0,2474967588.0,921331063.0,424874075.0,374833784.0,2422570398.0,0.17166854105889,0.3722598499742454,0.8782694307719293,0.11078586136540644,-0.7804667606750817,-0.013969170007571025,0.015216209999033947,1.7891360847605378,7.168627352529997,0.3203145709948659,-0.1539987355179861,TR
ENTRA,2022,175227000.0,928053000.0,3014780000.0,620181000.0,2087566000.0,12263459000.0,0.0,1278798000.0,7979924000.0,12846534000.0,-9928780000.0,3293616000.0,3560642000.0,-4798332000.0,3157017000.0,2328754000.0,28124773000.0,15861314000.0,10308678000.0,,,0.3665337316678076,0.5639623829141661,0.22590229319414187,0.12405062996438534,1.6324439043539323,0.0742251679684668,0.05812264908218842,0.30783440251029925,3.517713543732072,0.0,-0.35302613820207546,TR
ENTRA,2023,299567000.0,727189000.0,4848808000.0,1618643000.0,1683899000.0,24417626000.0,0.0,-1299161000.0,9836385000.0,11171828000.0,-13467064000.0,1854719000.0,1200402000.0,-1613377000.0,4170403000.0,4143698000.0,40438262000.0,16020636000.0,13980083000.0,10308678000.0,28124773000.0,0.3457142396475892,0.39617518675753177,0.2964001000566306,0.10697630891917459,1.2961434341086286,0.041641230772974366,0.06178157600795907,0.14997273556717444,4.3314868247475555,0.0,-0.3330277646452758,TR
ENTRA,2024,980761821.0,2598380269.0,6495419248.0,2245849268.0,579222115.0,32361044486.0,0.0,476204617.0,9843004955.0,11236805374.0,-14963616262.0,2573262031.0,2489380991.0,8476317574.0,4021086949.0,5370661467.0,50093269108.0,17732224622.0,15213666422.0,13980083000.0,40438262000.0,0.3037067991949111,0.3539841766719139,0.35301559256180726,0.032623738055457784,1.2163303217196653,0.011562873122758463,0.1509928433491011,0.40003272610926005,5.285224164065476,0.0,-0.29871510740771917,TR
ENTRA,2025,845666397.0,1589422393.0,6351279734.0,2364483717.0,1203104374.0,38727955027.0,0.0,-1479212763.0,7651967730.0,11768119266.0,-13012597643.0,-2001898061.0,-939515255.0,12770257280.0,4627792102.0,5674091437.0,56847354026.0,18119399000.0,13326059167.0,15213666422.0,50093269108.0,0.23441828375873264,0.31873777259206854,0.425789152358789,0.10365991490612857,0.813340990622591,0.02116377084938275,0.1331489766500025,0.2502523049790142,5.819291967357485,0.0,-0.22890419204117207,TR
EPLAS,2018,3395731.0,88644899.0,67582215.0,1462839.0,68154418.0,57370999.0,27247097.0,-19417673.0,0.0,33261899.0,2548659.0,45781890.0,48736745.0,-27253316.0,217312699.0,5774060.0,158215113.0,100844114.0,5774060.0,,,0.03649499653045155,0.6373861010357462,1.0,3.362915002615144,3.5099168679995794,0.4307705926930002,0.05024592638758585,1.3116601608870027,7.053893131521596,0.12538198239395112,0.016108821412022755,TR
EPLAS,2019,6050859.0,95241696.0,65961055.0,1643592.0,27179524.0,64170684.0,31694169.0,-23993758.0,979369.0,33726438.0,11851412.0,2585653.0,3185766.0,16566866.0,195497263.0,10470359.0,163858177.0,99687493.0,11449728.0,5774060.0,158215113.0,0.06987584147234838,0.6083766756418876,0.9144635575622407,2.7861185936566333,1.1327747825080172,0.16587224694926272,0.09173381171662581,1.4439080151158892,6.542407294596145,0.1621207811998882,0.07232725407411313,TR
EPLAS,2020,77891939.0,207135492.0,96406737.0,2682538.0,29270722.0,145858631.0,48686329.0,-6873936.0,2350801.0,36141084.0,10111168.0,33752403.0,43036690.0,33965878.0,268321341.0,1702567.0,278406452.0,132547821.0,4053368.0,11449728.0,163858177.0,0.014559174081209872,0.4760946452490979,0.42003760823098224,0.886782356246778,4.258218581028395,0.1051366510715779,0.8079512015845947,2.148558269325099,8.118750905839692,0.18144784465727606,0.03631800889442031,TR
EPLAS,2021,28603008.0,197061586.0,300138998.0,6154833.0,-25897028.0,104023072.0,47055137.0,-32511498.0,5311516.0,31071009.0,-4644358.0,-40545741.0,-40083393.0,106940367.0,431018138.0,19256877.0,435233079.0,331210007.0,24568393.0,4053368.0,278406452.0,0.05644881831235994,0.7609945635588972,0.7838069425216374,2.271802772722475,-0.7965498236962197,-0.05950151596818311,0.09529920533685529,0.6565677479872176,2.4273097870856786,0.10917205762695768,-0.010670967405949399,TR
ERBOS,2010,12260809.0,72166900.0,26300096.0,8381.0,6125221.0,79009011.0,0.0,-9456965.0,0.0,5051173.0,-2699979.0,7097254.0,8423624.0,8181814.0,121844666.0,2332988.0,110360280.0,31351269.0,2332988.0,,,0.021139743393184578,0.2840810933063961,1.0,4.053584930569724,0.647694159807084,0.05550204294516107,0.4661887545961809,2.743978577112418,9.237188757209406,0.0,-0.0244651336513463,TR
ERBOS,2011,24760718.0,124073916.0,68765128.0,18738.0,14422483.0,87717698.0,0.0,-27940093.0,0.0,5178188.0,-25583514.0,12257315.0,14689297.0,11397785.0,183064146.0,12436048.0,161661014.0,73943316.0,12436048.0,2332988.0,110360280.0,0.07692669798545244,0.45739732895650403,1.0,3.7836041566964833,0.516193092127503,0.08921435442685025,0.3600766656029492,1.804314477535765,7.569322225447375,0.0,-0.15825407355170987,TR
ERBOS,2012,15866985.0,112481206.0,41479289.0,1402349.0,12940269.0,98813155.0,0.0,-12162183.0,5572622.0,10951542.0,-2390024.0,16052710.0,18576289.0,18314308.0,184915886.0,5314285.0,151243986.0,52430831.0,10886907.0,12436048.0,161661014.0,0.07198241257672222,0.34666390635856426,0.48813542726138837,1.0429367119217956,1.063975850388043,0.08555889951220937,0.3825278924139707,2.7117438295531056,9.278193774552681,0.0,-0.0158024399066023,TR
ERBOS,2013,25572583.0,148694211.0,70533459.0,1808902.0,18856243.0,108920622.0,0.0,-18757020.0,4751332.0,10436519.0,-27625832.0,15100925.0,17721099.0,28861130.0,212074072.0,22676267.0,189890600.0,80969978.0,27427599.0,10886907.0,151243986.0,0.1444389506378936,0.42640329747760025,0.8267682125584526,0.9791080172089391,1.0052899127899848,0.09930056042795167,0.36255960451337005,2.108137231721473,8.525396322753135,0.0,-0.14548288330228037,TR
ERBOS,2018,103836011.0,383608119.0,168157525.0,3426163.0,51575291.0,281079188.0,0.0,-47062159.0,0.0,10413649.0,45609192.0,72002031.0,88813956.0,124810676.0,563750838.0,43277284.0,459650362.0,178571174.0,43277284.0,27427599.0,189890600.0,0.09415261593985212,0.38849349149430235,1.0,1.3312279719068343,1.0958972579222301,0.11220548326251509,0.6174925029373499,2.281242656253415,9.61681944776989,0.0,0.09922583722451196,TR
ERBOS,2019,163129928.0,505021855.0,245010707.0,3295848.0,75524280.0,327909201.0,0.0,-39494775.0,0.0,7043343.0,13793224.0,65523299.0,79102653.0,173522959.0,603815383.0,133764330.0,579963251.0,252054050.0,133764330.0,43277284.0,459650362.0,0.23064276877777554,0.43460348490252876,1.0,0.4461637476938049,1.912260039460916,0.13022252680627172,0.6658073436766173,2.0612236141990317,9.407473320151292,0.0,0.023782927584147913,TR
ERBOS,2020,126570979.0,458461946.0,148677905.0,339260.0,83451126.0,482657052.0,0.0,-70345484.0,0.0,22622810.0,84569218.0,85647242.0,99482461.0,228146276.0,571388766.0,117448000.0,653957767.0,171300715.0,117448000.0,133764330.0,579963251.0,0.17959569551224552,0.26194461423072296,1.0,0.5600480199359641,1.1863039566264126,0.12760935065092666,0.8513099441372947,3.0835916473264806,11.310846750296644,0.0,0.1293190818544097,TR
ERBOS,2021,157493591.0,902380596.0,411186519.0,11867863.0,318763480.0,665674682.0,885596602.0,-214665207.0,0.0,14880418.0,28040184.0,196330583.0,244603603.0,291893553.0,1296453339.0,327148500.0,1091741619.0,426066937.0,327148500.0,117448000.0,653957767.0,0.2996574411990059,0.39026352901180367,1.0,0.9656630540276407,1.4849331405624573,0.29197703417405396,0.3830222629453472,2.194577288658629,10.675646727393358,0.6830917668684411,0.02568390131145124,TR
ERCB,2022,118117965.0,2869545830.0,2593409017.0,120254252.0,581918976.0,1850689610.0,2273775277.0,-480149610.0,398609855.0,703105912.0,-766327576.0,184752843.0,128454842.0,142633254.0,3518000942.0,1470804053.0,5147204539.0,3296514929.0,1869413908.0,,,0.3631901343409971,0.6404476262838483,0.7867728204576939,0.25684499721824045,1.211953449259284,0.11305534326270535,0.04554544394105498,1.1064763834743774,5.041477849282124,0.6463259431952705,-0.14888228555783842,TR
ERCB,2023,250090256.0,6042989503.0,5227191866.0,178455724.0,932961019.0,2986541861.0,6815394033.0,-1173606729.0,676040874.0,1555445986.0,-1064419016.0,81194052.0,86804353.0,327386097.0,8262665347.0,3032267249.0,9769179713.0,6782637852.0,3708308123.0,1869413908.0,5147204539.0,0.37959257910521355,0.6942893928928585,0.817695603607748,0.42081936764768835,0.7949520021881197,0.09550044593390929,0.04784409342742882,1.1560680491386424,5.011157996438904,0.8248420753812238,-0.10895684666170702,TR
ERCB,2024,561120062.0,11360081340.0,9365438634.0,335571106.0,683465736.0,4651548390.0,5122386257.0,-1671409470.0,997590307.0,2699912440.0,-288279713.0,17713459.0,115942297.0,549165781.0,9488709630.0,4566805580.0,16716899464.0,12065351074.0,5564395887.0,3708308123.0,9769179713.0,0.3328605223105504,0.7217457459729806,0.8207190273196319,0.3605009861627191,0.40891579727617555,0.04088471893199154,0.05991391155593365,1.2129791015616407,4.8193775414541715,0.5398401317714261,-0.01724480748483372,TR
ERCB,2025,105232819.0,8927298766.0,5415640325.0,329142971.0,-250824644.0,3889864860.0,5024193217.0,-2052463533.0,4069247235.0,6565893424.0,690701563.0,-430822971.0,-564313207.0,481792184.0,7787033477.0,2122876698.0,15871398609.0,11981533749.0,6192123933.0,5564395887.0,16716899464.0,0.3901435585827142,0.7549135425409691,0.3428349821434364,0.3491617526997033,-0.12220662631378407,-0.015803562759602544,0.019431279162727633,1.6484290370594359,5.035094456580927,0.6451998995303664,0.04351863247945473,TR
EREGL,2018,8659336000.0,22512149000.0,7887487000.0,908345000.0,7814311000.0,29254625000.0,5355325000.0,-286470000.0,1400475000.0,4639998000.0,-878892000.0,5844721000.0,8630677000.0,2339334000.0,27015254000.0,4720485000.0,41782110000.0,12527485000.0,6120960000.0,,,0.14649714913871031,0.2998289219955622,0.7712001058657465,0.046801482120451696,27.277938353056168,0.18702528426640014,1.0978574037586368,2.854159886412491,9.437475737734442,0.19823337585498918,-0.021035127235077406,TR
EREGL,2019,10590024000.0,24136704000.0,9450454000.0,1149507000.0,4378290000.0,31247475000.0,5552947000.0,-513709000.0,2141633000.0,5974696000.0,-1629610000.0,3494207000.0,5067384000.0,2057906000.0,27465185000.0,5559344000.0,46672625000.0,15425150000.0,7700977000.0,6120960000.0,41782110000.0,0.16499986876675568,0.3304967312209245,0.7219011302072451,0.0743324180974056,8.522899151075803,0.09380852266183871,1.1205836248713554,2.5540258700798923,8.215373902104538,0.2021813069891938,-0.034915756291830594,TR
EREGL,2020,13542177000.0,28507242000.0,9434112000.0,1525473000.0,5573200000.0,41121576000.0,5190683000.0,-543079000.0,2812743000.0,7438224000.0,-1106624000.0,3509790000.0,5657525000.0,15947079000.0,32048029000.0,3785528000.0,57993912000.0,16872336000.0,6598271000.0,7700977000.0,46672625000.0,0.11377523557990019,0.2909328827481064,0.5737151444673916,0.07595909938760416,10.262227042474484,0.0960997423315744,1.435447978569684,3.0217196912650603,9.5087632474138,0.16196574834602154,-0.019081727061281882,TR
EREGL,2021,23189668000.0,65693526000.0,23477310000.0,2051931000.0,24871472000.0,84547604000.0,14038005000.0,-1676598000.0,6960671000.0,18417383000.0,3418743000.0,16078558000.0,23916713000.0,21965415000.0,68227404000.0,9715673000.0,126442297000.0,41894693000.0,16676344000.0,6598271000.0,57993912000.0,0.13188896750270204,0.33133448216303757,0.582602097917865,0.14407095455714305,14.834487456146315,0.19670215260325427,0.9877480852789353,2.798170914810939,9.447400388810811,0.20575317507317148,0.027037969738876223,TR
EREGL,2022,15186458000.0,80656225000.0,35908584000.0,3493831000.0,23569988000.0,118662187000.0,18515681000.0,-3042783000.0,8408449000.0,20322852000.0,-4740136000.0,18653054000.0,22112454000.0,40966648000.0,127782881000.0,21172290000.0,174893623000.0,56231436000.0,29580739000.0,16676344000.0,126442297000.0,0.1691356065052183,0.3215179320746303,0.7157458101367921,0.13155965757719743,7.746194191304474,0.13476756668251993,0.42291999038447187,2.2461544292584747,8.813428646601546,0.14489954252948797,-0.027102966470081074,TR
EREGL,2023,24072967000.0,134518116000.0,89291663000.0,5372718000.0,14749628000.0,191528882000.0,15902785000.0,-9101977000.0,10979619000.0,29212704000.0,609319000.0,4329064000.0,8837129000.0,97708043000.0,147899792000.0,56761083000.0,310033249000.0,118504367000.0,67740702000.0,29580739000.0,174893623000.0,0.21849495890681067,0.3822311554719733,0.8379169586993651,0.18704977868134937,1.6204861866823,0.04757434258284988,0.2695992681869975,1.5065025275651995,7.25107606118301,0.10752405250171007,0.001965334369669493,TR
EREGL,2024,72331091723.0,239344848455.0,99856248440.0,11567261383.0,27560976712.0,319932803673.0,53033911874.0,-17019898098.0,110704977693.0,136711429987.0,6612844066.0,18577608435.0,17699680862.0,158214309192.0,267098807580.0,48051966591.0,556500482101.0,236567678427.0,158756944284.0,67740702000.0,310033249000.0,0.2852772807754495,0.42509878434223,0.3026763132013925,0.15028763766188682,1.6193385267822888,0.04952552171733415,0.7243521847955376,2.3968940571486987,7.5739354640242045,0.1985554048500032,0.011882908063321006,TR
EREGL,2025,135983623562.0,295134927451.0,137675179252.0,13301552954.0,11719164077.0,350072128736.0,52454003674.0,-15700155234.0,139336326173.0,169970488252.0,-520510106.0,817650057.0,4334047540.0,192900195195.0,246009109074.0,47123491017.0,657717796241.0,307645667504.0,186459817190.0,158756944284.0,556500482101.0,0.2834951680730829,0.4677472150856519,0.2527273260650138,0.09095824413023153,0.7464361913837113,0.017817921521931696,0.9877134302697818,2.1437046899411434,7.091139897941044,0.21321976194882172,-0.0007913882047510775,TR
ERSU,2010,22661.0,16477175.0,2583731.0,307747.0,696013.0,20234067.0,0.0,-144170.0,0.0,664636.0,159363.0,419781.0,649152.0,-16764158.0,30610420.0,0.0,23482434.0,3248367.0,0.0,,,0.0,0.13833178451603442,,inf,4.82772421446903,0.02963972985083233,0.008770649885765971,6.377279600701466,11.54354599927759,0.0,0.006786477074735949,TR
ERSU,2011,16887.0,18722976.0,5078222.0,316868.0,-3114581.0,17089410.0,0.0,-99099.0,0.0,649796.0,358375.0,-3144657.0,-2981694.0,-16344377.0,31133830.0,0.0,22817428.0,5728018.0,0.0,0.0,23482434.0,0.0,0.2510369705121892,,inf,-31.428985156257884,-0.13650009107073768,0.0033253764801932646,3.6869156173164543,7.0530565185626575,0.0,0.015706196158480262,TR
ERSU,2012,714205.0,19450948.0,5937434.0,317734.0,78827.0,45900182.0,840244.0,-266296.0,0.0,5521149.0,0.0,-78438.0,-24999.0,-19489034.0,26392425.0,26641.0,57358765.0,11458583.0,26641.0,0.0,22817428.0,0.000464462580392029,0.19977039254593434,1.0,19.991441762696596,0.29601270766365245,0.0013742799378612842,0.12028849499632333,3.2759855520078203,7.903116943626733,0.03183655916422989,0.0,TR
ERSU,2013,19489.0,16547623.0,3016633.0,332261.0,-713165.0,29940125.0,497223.0,0.0,0.0,5722945.0,0.0,-713165.0,-713165.0,-19502326.0,19681441.0,0.0,38679703.0,8739578.0,0.0,26641.0,57358765.0,0.0,0.22594739158157445,,0.0,-inf,-0.01843770620472448,0.006460514089715256,5.485461108460989,7.374333151507729,0.025263546505563287,0.0,TR
ERSU,2014,128500.0,15829058.0,4578490.0,232433.0,-886254.0,28892576.0,993341.0,-118433.0,0.0,5737192.0,0.0,-1047548.0,-1004687.0,-20063064.0,21762097.0,0.0,39208258.0,10315682.0,0.0,0.0,38679703.0,0.0,0.26309972761350425,,inf,-7.483167698192227,-0.022603758626562803,0.028066021767001785,3.457266041860963,6.253177944320996,0.04564546330254846,0.0,TR
ERSU,2015,72812.0,21215125.0,10304604.0,273773.0,-1220784.0,45862189.0,2190521.0,-196438.0,0.0,5736813.0,-355607.0,-1033429.0,-1198551.0,-20997354.0,17544288.0,0.0,61903606.0,16041417.0,0.0,0.0,39208258.0,0.0,0.25913542096400655,,inf,-6.214602062737352,-0.019720725154524922,0.007065967794589681,2.058800609902137,6.169839676536549,0.12485664850007022,-0.005744528032825745,TR
ERSU,2016,27479.0,10569627.0,5424319.0,264809.0,17388.0,39429167.0,505849.0,-75114.0,0.0,4807951.0,274217.0,61502.0,1331.0,-26359978.0,8925171.0,0.0,49661437.0,10232270.0,0.0,0.0,61903606.0,0.0,0.20604055416278028,,inf,0.2314881380301941,0.00035013082686270237,0.005065889377081252,1.9485629440303935,6.247716157735323,0.056676673197633975,0.005521729063136051,TR
ERSU,2017,112216.0,15749040.0,9288114.0,254122.0,1631120.0,38674877.0,517231.0,-507089.0,0.0,4409305.0,-94595.0,1022229.0,1314153.0,-26843394.0,9889066.0,0.0,52372296.0,13697419.0,0.0,0.0,49661437.0,0.0,0.2615394024352112,,inf,3.2166345552753066,0.031144710554603144,0.012081677722732515,1.6956122631569768,5.562349149795353,0.052303321668598426,-0.001806203035284151,TR
ERSU,2022,2574564.0,80143650.0,44946819.0,5030004.0,-7027928.0,303277016.0,0.0,-3943615.0,0.0,72802102.0,3986742.0,-39305568.0,-10538202.0,-244588897.0,122917271.0,0.0,421025937.0,117748921.0,0.0,0.0,52372296.0,0.0,0.2796714184380522,,inf,-1.782102968976434,-0.01669238729109461,0.05728022710572688,1.7830772406830393,4.496784764618235,0.0,0.009469112588187174,TR
ERSU,2023,925308.0,82076555.0,27183110.0,29945049.0,-7550709.0,425181819.0,0.0,26355868.0,0.0,94654393.0,5484294.0,-11074416.0,19299046.0,-409883341.0,116996458.0,0.0,547019322.0,121837503.0,0.0,0.0,421025937.0,0.0,0.22272979783335697,,inf,-0.28649062136750725,-0.01380336799145095,0.03403981369313518,3.0193953156941937,5.037041800277892,0.0,0.01002577748067188,TR
ERSU,2024,121066455.0,236507476.0,25433170.0,-34732239.0,-4362505.0,549097268.0,0.0,-189045660.0,0.0,41614076.0,2789814.0,-8000212.0,-51635454.0,-551001411.0,157534601.0,0.0,616144514.0,67047246.0,0.0,0.0,547019322.0,0.0,0.10881740318473403,,inf,-0.023076462056838543,-0.007080327586914131,4.760179521467438,9.299174110030327,11.133559111594636,0.0,0.0045278565930719295,TR
ERSU,2025,6763508.0,193242241.0,15784361.0,32963620.0,-40137988.0,502248007.0,0.0,-67387363.0,0.0,100425145.0,-3421061.0,-144903902.0,-81034792.0,-658271763.0,191000408.0,0.0,618457513.0,116209506.0,0.0,0.0,616144514.0,0.0,0.18790216556072462,,inf,-0.5956307861460612,-0.06490015426492199,0.42849425453459916,12.242639470802777,5.764319108910481,0.0,-0.005531602297796001,TR
ESCAR,2018,53521892.0,154527497.0,263879081.0,4361529.0,96240545.0,78107244.0,0.0,-98594884.0,205115954.0,228121413.0,-161727348.0,-166684.0,1232153.0,64312724.0,521920182.0,231170020.0,570107738.0,492000494.0,436285974.0,,,0.7652693428272676,0.8629956431147405,0.5298589314723191,0.22598682945512247,0.9761210835239686,0.16881115372617517,0.20282733969351666,0.5855996481964404,3.660592602794944,0.0,-0.28367857024245474,TR
ESCAR,2019,77630113.0,167002042.0,274667135.0,4461114.0,105690116.0,104534611.0,0.0,-73716135.0,152647738.0,184776736.0,-49881706.0,26476556.0,34433549.0,64146040.0,301187219.0,223288828.0,563978482.0,459443871.0,375936566.0,436285974.0,570107738.0,0.66657962670285,0.8146478733917369,0.5939534703309494,0.18151708766910113,1.433744674758111,0.18740097250731633,0.2826334246359689,0.6080161064773912,3.866699708833052,0.0,-0.088446115573608,TR
ESCAR,2020,81873409.0,214079140.0,249645431.0,2410645.0,172946692.0,182823943.0,0.0,-109204884.0,196339581.0,235477487.0,70359789.0,78289332.0,95712783.0,90622596.0,311848181.0,189297347.0,667946861.0,485122918.0,385636928.0,375936566.0,563978482.0,0.5773467180048624,0.7262896890835153,0.4908693469314225,0.28678751259166063,1.5836900847767945,0.25892283068907185,0.32795877205539564,0.8575327781584755,5.478659164133052,0.0,0.1053374049765914,TR
ESCAR,2021,276454703.0,441513361.0,233181944.0,3557743.0,252775504.0,525638904.0,0.0,-93373475.0,323579464.0,393239355.0,266751998.0,260188333.0,299685929.0,128341928.0,451803682.0,178016041.0,1152060203.0,626421299.0,501595505.0,385636928.0,667946861.0,0.43539001147147516,0.5437400731044956,0.3548995938470382,0.21048255570251453,2.707144657516495,0.21941171419841154,1.1855750846643598,1.893428596684141,7.154956994523372,0.0,0.2315434534630826,TR
ESCAR,2022,227427567.0,1876706393.0,850338646.0,60088729.0,645780798.0,3120337504.0,0.0,-355041338.0,1447323191.0,1878283447.0,12714130.0,611817263.0,838068315.0,1773802117.0,1359577664.0,767554433.0,5848959597.0,2728622093.0,2214877624.0,501595505.0,1152060203.0,0.37867890643936686,0.46651409498529317,0.3465448495586951,0.26139874840632005,1.8188890387744088,0.11040951596438255,0.26745528745497005,2.207010585521477,7.332481573905294,0.0,0.0021737421483508327,TR
ESCAR,2023,338283140.0,3546925671.0,1954440129.0,80007343.0,1482855388.0,5899533434.0,0.0,-681121683.0,1373708170.0,2399270053.0,139377681.0,1846802425.0,2237329984.0,3220071675.0,2990391064.0,1685287716.0,10253243616.0,4353710182.0,3058995886.0,2214877624.0,5848959597.0,0.29834421189666194,0.42461784241682454,0.5509284022619964,0.2583003485800326,2.177078523574179,0.144623052327171,0.17308442196849716,1.814803952482701,7.687362893299427,0.0,0.013593520862266811,TR
ESCAR,2024,10709735.0,4895879169.0,2038518854.0,406889075.0,142725563.0,7939870302.0,0.0,-1059234134.0,1588158703.0,2988370640.0,70723453.0,442676082.0,609317285.0,6227014707.0,3804669356.0,1754895113.0,12966759795.0,5026889494.0,3343053816.0,3058995886.0,10253243616.0,0.2578172086822404,0.38767506867354595,0.5249377394408059,0.33090468937443435,0.13474411220210922,0.011007033773775555,0.005253684546005185,2.401684516870306,7.993531922660115,0.0,0.005454211701158455,TR
ESCAR,2025,323438956.0,4365074013.0,1666032245.0,1456837612.0,-1455188980.0,6740226349.0,0.0,-1417953510.0,1154649151.0,2261123258.0,1886897.0,-2198681630.0,-2735642438.0,7621145308.0,4369812827.0,1280672959.0,10667381852.0,3927155503.0,2435322110.0,3343053816.0,12966759795.0,0.22829614087016184,0.3681461447134479,0.5258741559242855,0.49077925291079444,-1.0262600076359345,-0.13641482044885928,0.19413727253520235,2.6200417345463802,8.124276378490912,0.0,0.00017688473387181042,TR
ESCOM,2018,526309.0,10082305.0,2168521.0,126086.0,-9608584.0,74324148.0,0.0,-22393.0,0.0,64278.0,9049561.0,-9489302.0,-9514695.0,27324736.0,1496044.0,0.0,76556947.0,2232799.0,0.0,,,0.0,0.029165204302099457,,inf,-429.0887330862323,-0.1255089756909977,0.2427041287587254,4.649392373880631,39.20006036391693,0.0,0.1182069211824761,TR
ESCOM,2019,642001.0,20916066.0,2386524.0,25286.0,-16247163.0,59584009.0,0.0,-963327.0,0.0,204227.0,2611074.0,-14735753.0,-14564428.0,17835434.0,1028963.0,0.0,62174760.0,2590751.0,0.0,0.0,76556947.0,0.0,0.04166885404945672,,inf,-16.865678009647816,-0.2613144465696369,0.26901091294284074,8.764238700302197,28.53284114836654,0.0,0.04199572302329756,TR
ESCOM,2020,693811.0,10702561.0,3215017.0,25521.0,30311117.0,92792234.0,0.0,-2215387.0,0.0,44751.0,3427537.0,33210159.0,32602013.0,3099681.0,358232.0,0.0,96052002.0,3259768.0,0.0,0.0,62174760.0,0.0,0.03393753312918975,,inf,13.682086696365014,0.31556986183380126,0.21580321348223042,3.3289282762735004,35.87640063829774,0.0,0.035684180742010976,TR
ESCOM,2021,1360684.0,7976915.0,2789897.0,24185.0,101141146.0,194166661.0,0.0,-15058.0,0.0,144778.0,2522273.0,101373074.0,101376018.0,36309840.0,190650.0,0.0,197101336.0,2934675.0,0.0,0.0,96052002.0,0.0,0.014889168483363299,,inf,6716.771550006641,0.5131428738768163,0.4877183637962262,2.859214874240877,76.94257455828208,0.0,0.012796833604415548,TR
ESCOM,2022,748226.0,13826996.0,18127077.0,44477.0,700303414.0,1019548756.0,0.0,-205726542.0,0.0,927589.0,6602439.0,494287003.0,494576872.0,-103627847.0,703381140.0,0.0,1038603422.0,19054666.0,0.0,0.0,197101336.0,0.0,0.01834643098258538,,inf,3.40404989648832,0.6742741253937443,0.04127670445709476,0.7627813353471163,63.61053168566649,0.0,0.006357035669385653,TR
ESCOM,2023,1029421.0,17400837.0,29590968.0,223051.0,983965104.0,1880786010.0,0.0,-576221703.0,0.0,2180151.0,1121244.0,407869022.0,407743401.0,563936093.0,994880777.0,0.0,1912557129.0,31771119.0,0.0,0.0,1038603422.0,0.0,0.0166118535850544,,inf,1.7076154870202798,0.5144761895371336,0.03478835163486372,0.5880455482226874,69.78458815242288,0.0,0.000586253860341549,TR
ESCOM,2024,1123484.0,29462752.0,62313813.0,272582.0,469242855.0,2170533947.0,0.0,-754687252.0,0.0,10758475.0,21750698.0,-292310466.0,-285444398.0,1272018346.0,483390489.0,0.0,2243606235.0,73072288.0,0.0,0.0,1912557129.0,0.0,0.03256912325348391,,inf,0.6217712751294757,0.20914670661895357,0.018029453598032912,0.47281253676452123,37.59680314465123,0.0,0.009694525563662466,TR
ESCOM,2025,1224828.0,32420466.0,85320223.0,316065.0,1948640391.0,3911849032.0,0.0,-600813287.0,0.0,2951250.0,25747005.0,1356146151.0,1347827722.0,1091760294.0,1964386833.0,0.0,4000120505.0,88271473.0,0.0,0.0,2243606235.0,0.0,0.022067203447912128,,inf,3.24333771100505,0.4871454218852339,0.01435565868129529,0.3799857156960314,53.8585462017122,0.0,0.006436557340664416,TR
ESEN,2018,46353.0,1953626.0,34095100.0,399755.0,5782737.0,31482084.0,0.0,-8070963.0,33693793.0,44804701.0,-36253406.0,937975.0,1898297.0,-12552.0,7584000.0,15834337.0,110381884.0,78899801.0,49528130.0,,,0.4486979946818085,0.7147894033046219,0.3197039137152967,0.16295715182462975,0.716486619998134,0.052388460773146434,0.0013595208695677677,0.05729931867042478,2.1104747503651398,0.0,-0.3284361952002921,TR
ESEN,2019,17368032.0,23080706.0,124281983.0,8264393.0,2106116.0,181816227.0,0.0,-22532513.0,138673081.0,189410376.0,-175458393.0,65516364.0,61172700.0,22588265.0,23976759.0,36787557.0,495508586.0,313692359.0,175460638.0,49528130.0,110381884.0,0.35410211438798356,0.6330714903091508,0.20966273358700543,0.2002990033706927,0.09347008919954912,0.004250412726450718,0.13974698166829216,0.18571240531300504,2.6959577470901586,0.0,-0.3540975836894984,TR
ESEN,2020,189344384.0,264800625.0,197644260.0,11640552.0,74126917.0,590837717.0,0.0,-92243420.0,309723932.0,445314218.0,-390790278.0,81622220.0,73806389.0,70472389.0,143930844.0,81087560.0,1233796195.0,642958478.0,390811492.0,175460638.0,495508586.0,0.3167553065763831,0.5211221112576052,0.20748509616498176,0.3257918414596883,0.8036011349102191,0.06008035792329543,0.958005985096658,1.3397840392632703,5.161893886603454,0.0,-0.31673811248866757,TR
ESEN,2021,797696001.0,1197953666.0,549668890.0,86139464.0,519400601.0,4250887733.0,0.0,-544711550.0,956345116.0,1005569362.0,-425750480.0,1024951921.0,1030547348.0,-183348845.0,555229833.0,262199425.0,5806125985.0,1555238252.0,1218544541.0,390811492.0,1233796195.0,0.20987221843757495,0.26786160962023975,0.2151742641962236,0.6769310691116662,0.9535332984953229,0.08945734252785079,1.4512300323200027,2.1794096187615786,7.350600819771879,0.0,-0.07332780602761929,TR
ESEN,2022,492449249.0,3037901681.0,1630739586.0,270395909.0,411776811.0,8522891421.0,0.0,-409328374.0,1768966264.0,3343041605.0,-905138737.0,-1047606395.0,-1401811159.0,5182004243.0,1795941481.0,747796586.0,13496672612.0,4973781191.0,2516762850.0,1218544541.0,5806125985.0,0.18647283833219203,0.3685190664384769,0.29712636055478964,0.2191671694737907,1.005981596086471,0.030509505775066805,0.30197908558037545,1.8628981028488996,7.189877555620244,0.0,-0.06706384329091852,TR
ESEN,2023,389603338.0,1659640409.0,2098069682.0,303318401.0,406810231.0,12732973610.0,0.0,-549451111.0,2779005709.0,4592940545.0,-3666713341.0,443617719.0,249841591.0,6240242917.0,1337226226.0,1366284420.0,19423983837.0,6691010227.0,4145290129.0,2516762850.0,13496672612.0,0.2134109132187289,0.3444715709788922,0.3295992264670746,0.16494948711214685,0.7403938637226634,0.020943707244292637,0.18569609071735302,0.7910320725944315,6.288142791219799,0.0,-0.18877246664586997,TR
ESEN,2024,152990239.0,1927936157.0,2720065191.0,401693750.0,76061361.0,15364970884.0,0.0,692539709.0,2579340865.0,4423847925.0,-4066138972.0,-430037020.0,-639429651.0,8635664301.0,1487545871.0,2079128390.0,22508884000.0,7143913116.0,4658469255.0,4145290129.0,19423983837.0,0.20696136045660904,0.3173819331069457,0.4463114976595461,0.1573281773826362,0.10982960256507111,0.0033791706865609152,0.05624506335590984,0.7087830701187043,6.550884384841048,0.0,-0.18064596059049395,TR
ESEN,2025,461231751.0,1457493183.0,3747991037.0,480269919.0,149365898.0,14482086474.0,0.0,-93879308.0,2270386183.0,4975083358.0,-3798793405.0,-1707937137.0,-1380094067.0,7949353313.0,1641071668.0,2637187784.0,23205160869.0,8723074395.0,4907573967.0,4658469255.0,22508884000.0,0.21148631525136616,0.37591096412752045,0.5373709702050834,0.019627615268159405,1.5910417447900234,0.0064367533947820785,0.12306106029783444,0.3888731772866297,5.505728397830045,0.0,-0.1637046787326885,TR
ETILR,2010,6250.0,1858621.0,3490326.0,32088.0,252924.0,698418.0,0.0,-2780.0,80866.0,129379.0,0.0,198418.0,250143.0,0.0,2221978.0,75117.0,4318123.0,3619705.0,155983.0,,,0.03612287097889523,0.8382588916526926,0.4815717097375996,0.017822455011123006,90.9798561151079,0.058572671505651874,0.0017906636801261545,0.5325064191711605,1.3673533718730753,0.0,0.0,TR
ETILR,2011,132388.0,7053677.0,5199504.0,235914.0,647988.0,5500426.0,0.0,-174607.0,15102.0,52553.0,0.0,302008.0,473381.0,198418.0,9187569.0,1002477.0,10752483.0,5252057.0,1017579.0,155983.0,4318123.0,0.09463665276197135,0.4884506211263017,0.9851588918403387,0.2975675763189333,3.711122692675551,0.06026403389803081,0.02546165941982158,1.3566057454711065,5.946001618417073,0.0,0.0,TR
ETILR,2012,75430.0,11240903.0,2597691.0,96813.0,-678331.0,11649825.0,0.0,-197268.0,0.0,44490.0,0.0,-875599.0,-875599.0,500425.0,8519627.0,818167.0,14292006.0,2642181.0,818167.0,1017579.0,10752483.0,0.05724647750637664,0.18487124900451343,1.0,0.21491862163937714,-3.4386266399010483,-0.04746226666851385,0.029037325840525298,4.3272671768890145,11.642044410361402,0.0,0.0,TR
ETILR,2013,149551.0,9742826.0,1991209.0,215223.0,-277678.0,10827471.0,0.0,-1088684.0,0.0,9544.0,0.0,-822355.0,-932291.0,-395131.0,2419180.0,357922.0,12828224.0,2000753.0,357922.0,818167.0,14292006.0,0.027901134248980997,0.15596492546435112,1.0,1.8513632896830088,-0.25505840078480074,-0.021645864618516173,0.07510562678252258,4.892919829108848,12.650372344192956,0.0,0.0,TR
ETILR,2022,38316141.0,245196432.0,171478940.0,4535421.0,32227419.0,189221178.0,182641691.0,-46626399.0,13456454.0,55576535.0,89003656.0,39430204.0,-6228284.0,-94040887.0,281316444.0,66111190.0,416276653.0,227055475.0,79567644.0,357922.0,12828224.0,0.19114126008887652,0.5454436931873765,0.8308803261788171,1.1667455442229837,0.6911839578261233,0.07741827164157583,0.22344517058479602,1.4298923937831667,5.070519409343483,0.6492392993564216,0.21380890654946244,TR
ETILR,2023,41997093.0,398910997.0,327785354.0,11733917.0,58577012.0,254614051.0,102837635.0,-73815701.0,20047774.0,57188454.0,79557893.0,-19242558.0,-10561485.0,-78846237.0,477393092.0,159034071.0,639587859.0,384973808.0,179081845.0,79567644.0,416276653.0,0.2799956917255992,0.6019091866470218,0.888052448867723,0.5707778606900707,0.793557619943215,0.09158555963145636,0.12812376296715197,1.2169884716691766,4.887529964508537,0.21541500437128236,0.12438931083587064,TR
ETILR,2024,34120822.0,558189369.0,412006315.0,22525947.0,159936691.0,376140688.0,390114980.0,-84575442.0,23383528.0,72031669.0,233872400.0,43848611.0,77189297.0,-128390708.0,1444584387.0,279330238.0,860178672.0,484037984.0,302713766.0,179081845.0,639587859.0,0.35191963699374307,0.5627179558806824,0.9227536682292803,0.35108431903087634,1.8910535637519932,0.18593426715420816,0.08281625974592162,1.354807799487248,5.943671786701426,0.2700534378681472,0.27188816418363837,TR
ETILR,2025,178264909.0,1142109019.0,868651022.0,20126490.0,288650892.0,568622972.0,458381247.0,-340646815.0,59250832.0,62079938.0,-156658755.0,12526303.0,-20368493.0,-93030265.0,2337646943.0,543850262.0,1499353931.0,930730960.0,603101094.0,302713766.0,860178672.0,0.40224064614134125,0.6207546735674647,0.9017563844777241,0.7521334216133305,0.8473611943208686,0.19251684744474118,0.20522039862401728,1.3148076616204107,6.179368093199171,0.19608660254389834,-0.1044841726566294,TR
ETYAT,2014,3114661.0,20587177.0,241404.0,3779.0,1414675.0,20340320.0,0.0,0.0,0.0,10743.0,0.0,1414675.0,1414675.0,5645869.0,207868521.0,0.0,20592467.0,252147.0,0.0,,,0.0,0.012244623240139222,,,inf,0.06869866539060134,12.902275852927044,85.28101025666517,95.7887906222616,0.0,0.0,TR
ETYAT,2015,1814980.0,22518983.0,668219.0,22520.0,169443.0,21917421.0,0.0,0.0,0.0,22081.0,0.0,169443.0,169443.0,1034361.0,300381043.0,0.0,22607721.0,690300.0,0.0,0.0,20592467.0,0.0,0.030533816301076964,,,inf,0.007494917333772829,2.7161454553073168,33.70000404059148,43.127978067140404,0.0,0.0,TR
ETYAT,2016,2446305.0,22702742.0,62980.0,41419.0,881205.0,22762007.0,0.0,0.0,0.0,55082.0,0.0,881205.0,881205.0,1156843.0,323849141.0,0.0,22880069.0,118062.0,0.0,0.0,22607721.0,0.0,0.005160036886252398,,,inf,0.03851408839719845,38.84256906954589,360.47542076849794,212.60166254500396,0.0,0.0,TR
ETYAT,2017,7431199.0,25200349.0,755800.0,50529.0,1902878.0,24485339.0,0.0,0.0,0.0,94209.0,0.0,1902878.0,1902878.0,1825033.0,279149939.0,0.0,25335348.0,850009.0,0.0,0.0,22880069.0,0.0,0.03355031870886478,,,inf,0.07510763222987898,9.832229425774015,33.34261577136809,40.565180810527906,0.0,0.0,TR
ETYAT,2022,33473658.0,74285984.0,753196.0,48912.0,11372630.0,72971904.0,0.0,-43860669.0,0.0,877485.0,0.0,-32477495.0,-32477495.0,-102779767.0,121196306.0,0.0,74602585.0,1630681.0,0.0,0.0,25335348.0,0.0,0.02185823721791946,,inf,0.2592899346792909,0.15244284095517602,44.44216113734008,98.62769319008598,53.23586375703488,0.0,0.0,TR
ETYAT,2023,12197630.0,76054477.0,1038936.0,2029766.0,15431576.0,76758093.0,0.0,-42511961.0,3652125.0,4667001.0,0.0,-26713732.0,-26713732.0,-197729040.0,59392365.0,365576.0,82464030.0,5705937.0,4017701.0,0.0,74602585.0,0.04872064826324884,0.06919304089310212,0.09099134057014198,21.162331890800235,0.3629937466305071,0.18713099517450216,11.740501821093888,73.20419833367984,16.783229632667048,0.0,0.0,TR
ETYAT,2024,11387932.0,86211705.0,3060292.0,3586793.0,18101129.0,87560704.0,0.0,-31660917.0,2646420.0,4153330.0,0.0,-13060291.0,-13060291.0,39054327.0,78256324.0,1790048.0,94774326.0,7213622.0,4436468.0,4017701.0,82464030.0,0.04681086310231317,0.07611367238844832,0.40348493441178884,7.490012797236488,0.5717184060082656,0.19099190428428897,3.7211913111559287,28.17107158401878,24.37748922482158,0.0,0.0,TR
ETYAT,2025,10312046.0,80168037.0,4469347.0,4858591.0,-1354102.0,78801338.0,0.0,-23130434.0,4638669.0,6864604.0,0.0,-24471442.0,-24471442.0,45989778.0,74453576.0,2576900.0,90135290.0,11333951.0,7215569.0,4436468.0,94774326.0,0.08005265196350952,0.12574376806243148,0.3571305326024878,3.970195769203273,-0.05854200574014305,-0.015022994878032788,2.3072824732561603,17.937304263911486,17.622023060659167,0.0,0.0,TR
EUHOL,2018,62592.0,8836913.0,27464357.0,79785.0,1581647.0,50440180.0,0.0,-7723508.0,0.0,843201.0,-9257448.0,3509881.0,2620888.0,-14777009.0,0.0,16984536.0,78747738.0,28307558.0,16984536.0,,,0.21568284285194325,0.35947137935568385,1.0,0.45473765076655615,0.20478349993293202,0.020084983266439982,0.002279026594360101,0.32175932609672964,3.09244780105179,,-0.11755827195950695,TR
EUHOL,2019,49937.0,7474038.0,28269412.0,79490.0,137731.0,52450944.0,0.0,-4045112.0,0.0,852247.0,-13359560.0,2026289.0,1916944.0,-11267128.0,0.0,18547365.0,81572603.0,29121659.0,18547365.0,16984536.0,78747738.0,0.22737247945857508,0.3570029388421012,1.0,0.22768902795265583,0.034048748217601885,0.001688446793833464,0.0017664675869452113,0.26438604382715847,3.029868174927048,,-0.16377508512263608,TR
EUHOL,2020,60520.0,7335215.0,34822874.0,75247.0,1307983.0,61585302.0,0.0,-9092125.0,0.0,1250577.0,-21586027.0,9145576.0,8337081.0,-9240839.0,0.0,25088272.0,97658753.0,36073451.0,25088272.0,18547365.0,81572603.0,0.2568973208167014,0.3693826706961945,1.0,0.41672933524495126,0.14385888887361314,0.013393402637447153,0.001737938115044726,0.21064358444394912,2.9776910755421784,,-0.2210352511873667,TR
EUHOL,2021,79268.0,5041768.0,61096183.0,59141.0,-726693.0,62645470.0,0.0,-19969596.0,0.0,2797781.0,-38841156.0,1078483.0,2693647.0,-130326.0,0.0,36986345.0,126539434.0,63893964.0,36986345.0,25088272.0,97658753.0,0.29229105766349484,0.5049332210542368,1.0,0.6434061767952591,-0.03638997003244332,-0.005742818479810808,0.001297429661031361,0.08252181646110364,1.3315860267980981,,-0.3069490258665137,TR
EUHOL,2022,77572282.0,84503763.0,166746130.0,2191373.0,-28328966.0,228317490.0,0.0,-95066144.0,0.0,11125367.0,-121178569.0,-67545261.0,-69171923.0,-584285694.0,0.0,0.0,406188987.0,177871497.0,0.0,36986345.0,126539434.0,0.0,0.4379032979542599,,5.140607648579496,-0.2979921642766956,-0.0697433138432185,0.4652118882759078,0.5067809549762864,-1.8884815726585233,,-0.29833051332827004,TR
EUHOL,2023,368084.0,16625166.0,1933221.0,224970.0,-4995160.0,681880525.0,0.0,123177125.0,0.0,282704.0,280914.0,521874425.0,125982795.0,-1066683313.0,0.0,0.0,684096450.0,2215925.0,0.0,0.0,406188987.0,0.0,0.0032391996771800233,,inf,-0.04055265943250421,-0.007301835874166574,0.19039933872019804,8.599723466691081,321.36277820501834,,0.0004106350793078958,TR
EUHOL,2024,1791886.0,19651787.0,3607993.0,423282.0,-2186700.0,731922649.0,0.0,-6194125.0,0.0,950297.0,0.0,-175540405.0,-106596161.0,-713113041.0,0.0,0.0,736480939.0,4558290.0,0.0,0.0,684096450.0,0.0,0.006189284418126672,,inf,-0.35302807095433175,-0.002969119612204926,0.49664342475165557,5.446736454311303,168.81443488558588,,0.0,TR
EUHOL,2025,1950461.0,70628160.0,474179514.0,63803.0,2016145198.0,5381348010.0,0.0,-101903651.0,0.0,56466455.0,7445299.0,1311552361.0,1945487832.0,-1028435834.0,2016959946.0,0.0,5911993979.0,530645969.0,0.0,0.0,736480939.0,0.0,0.0897575286586739,,inf,19.78481809253331,0.3410262603719746,0.004113338814548618,0.1489481470935077,15.174993891192631,0.0,0.001259354969989221,TR
EUKYO,2010,0.0,0.0,0.0,0.0,0.0,0.0,0.0,0.0,0.0,0.0,0.0,0.0,0.0,0.0,0.0,0.0,0.0,0.0,0.0,,,,,,,,,,,,,,TR
EUKYO,2011,3446274.0,20514097.0,17773.0,187.0,460002.0,20497135.0,0.0,-18.0,0.0,0.0,0.0,497135.0,497135.0,0.0,126569001.0,0.0,20514908.0,17773.0,0.0,0.0,0.0,0.0,0.000866345586341406,,inf,25555.666666666668,0.022422815642166177,193.90502447532774,1154.2281550666742,1220.8922141466692,0.0,0.0,TR
EUKYO,2012,1837911.0,22183046.0,150130.0,1524.0,1629648.0,22033191.0,0.0,-381.0,0.0,5393.0,0.0,1629270.0,1629270.0,286192.0,183517304.0,0.0,22188714.0,155523.0,0.0,0.0,20514908.0,0.0,0.007009103817373102,,inf,4277.291338582677,0.07344490536945944,12.242130153866649,147.75891560647437,159.05470809175475,0.0,0.0,TR
EUKYO,2013,2465709.0,21837955.0,8668.0,1106.0,109740.0,21828659.0,0.0,0.0,0.0,8150.0,0.0,109740.0,109740.0,1524369.0,205349385.0,0.0,21845477.0,16818.0,0.0,0.0,22188714.0,0.0,0.000769861880333398,,,inf,0.0050234654981440785,284.4611213659437,2519.376442085833,1372.897388941994,0.0,0.0,TR
EUKYO,2022,39207947.0,79230054.0,695258.0,328575.0,12348117.0,78139990.0,0.0,-46655328.0,0.0,713238.0,0.0,-34296603.0,-34296603.0,-93255369.0,117564622.0,0.0,79548486.0,1408496.0,0.0,0.0,21845477.0,0.0,0.017706132081508126,,inf,0.264666813616657,0.1552275551793657,56.39337771014501,113.95777394866366,65.1992981468476,0.0,0.0,TR
EUKYO,2023,12696639.0,76026494.0,1278640.0,1748533.0,17357940.0,84811768.0,0.0,-46072910.0,2297778.0,2657359.0,0.0,-26617693.0,-26617693.0,-186831491.0,61021737.0,631015.0,88747767.0,3935999.0,2928793.0,0.0,79548486.0,0.033001314838715885,0.04435040038810216,0.21545223578450234,31.46204596910741,0.37674937398137,0.19558734362296687,9.929799630857786,59.45887349058375,25.851666055452082,0.0,0.0,TR
EUKYO,2024,13018043.0,87745298.0,2238373.0,4159220.0,17634929.0,96916822.0,0.0,-32653997.0,2148180.0,2932746.0,0.0,-14501395.0,-14501395.0,46314091.0,77859548.0,819968.0,102087941.0,5171119.0,2968148.0,2928793.0,88747767.0,0.029074423197544948,0.05065357327561342,0.2762557662219,11.074893576177885,0.5400542236835509,0.1727425279348126,5.8158506200709175,39.200480884999955,31.063362105852832,0.0,0.0,TR
EUKYO,2025,12046729.0,85674829.0,3694590.0,5585270.0,541234.0,92530068.0,0.0,-24520055.0,2468500.0,3977349.0,0.0,-23364431.0,-23364431.0,54538765.0,75682710.0,1661531.0,100202007.0,7671939.0,4130031.0,2968148.0,102087941.0,0.0412170486764801,0.07656472389819498,0.40230472846329723,6.9088297153396665,0.02207311525198455,0.0054014287358535645,3.260640287555588,23.18926565599972,23.091626176649143,0.0,0.0,TR
EUPWR,2020,8246102.0,160746690.0,122903577.0,3508579.0,73157867.0,104850779.0,35637870.0,-11279476.0,4959458.0,10248459.0,-10863866.0,49722367.0,61133183.0,5758164.0,326422684.0,56173883.0,238002815.0,133152036.0,61133341.0,,,0.25685973924300015,0.5594557190426508,0.9188747429982601,0.18450612735201238,6.4859278037384005,0.30738236016242076,0.0670940765214669,1.3079089634632848,7.264363340691341,0.10917706319699277,-0.04564595591022737,TR
EUPWR,2021,16893882.0,405470126.0,306922010.0,8070603.0,141384226.0,266242756.0,121189277.0,-25705547.0,363464.0,28868886.0,-83195045.0,104421988.0,115833354.0,52763772.0,603548374.0,57463750.0,602033652.0,335790896.0,57827214.0,61133341.0,238002815.0,0.09605312561497809,0.5577610070209165,0.9937146548336221,0.43216925139597745,5.500144618591466,0.23484439039298088,0.05504291464792636,1.3210852033713711,7.020215554346374,0.20079463754797558,-0.13819002430116648,TR
EUPWR,2022,114981000.0,2235342000.0,1374846000.0,58806000.0,841391000.0,1532206000.0,0.0,-201462000.0,142767000.0,361949000.0,46442000.0,515457000.0,658848000.0,334535000.0,3778053000.0,233393000.0,3269001000.0,1736795000.0,376160000.0,57827214.0,602033652.0,0.11506879318788829,0.5312922816481243,0.6204620374308805,0.9284236654953618,4.176425330831621,0.2573847484292602,0.08363191222871508,1.6258853718889243,7.966335195123456,0.0,0.01420678672169265,TR
EUPWR,2023,660112000.0,8586667000.0,3412416000.0,197583000.0,1472231000.0,7658454000.0,0.0,-1441338000.0,337490000.0,827492000.0,1484682000.0,1309844000.0,1728266000.0,1196220000.0,9327358000.0,319702000.0,11898362000.0,4239908000.0,657192000.0,376160000.0,3269001000.0,0.05523382126043904,0.35634383959741683,0.48646666423206614,2.789636058187336,1.0214335568756252,0.12373392236679301,0.19344417562219846,2.516301353645042,9.15858618752312,0.0,0.12478036892809279,TR
EUPWR,2024,385464819.0,9789314231.0,3353500731.0,271462836.0,1641184302.0,10613192434.0,0.0,-1438186007.0,586857065.0,1364056446.0,-201288841.0,392855000.0,803483869.0,2965678541.0,10758973765.0,245207144.0,15330749611.0,4717557177.0,832064209.0,657192000.0,11898362000.0,0.054274202508857346,0.3077186241183598,0.2946973819420708,1.9314151565172357,1.1411488458460575,0.1070517974426006,0.11494400923689556,2.9191328752389647,9.716104492502954,0.0,-0.013129745518482202,TR
EUPWR,2025,491099368.0,13169235421.0,5039960758.0,421188648.0,2260667421.0,12595815003.0,1889928889.0,-1262281776.0,1952587961.0,3098090709.0,5294698246.0,886824721.0,1136439839.0,3535465166.0,14304868666.0,1190045907.0,20733866470.0,8138051467.0,3142633868.0,832064209.0,15330749611.0,0.15157008330053165,0.3925004281654371,0.37867787244250495,0.6351585713160572,1.790937224938594,0.10903260249461807,0.09744110948095601,2.612963880739803,8.735764921972654,0.13211787770495284,0.2553647315931615,TR
EUREN,2022,43929722.0,2836736366.0,1141176337.0,76349543.0,815518711.0,2858530676.0,2833871769.0,-172073049.0,303972441.0,497614924.0,1466116430.0,557136244.0,719155288.0,412316148.0,4557213635.0,334876588.0,4497321937.0,1638791261.0,638849029.0,,,0.14205098899950067,0.36439269502089017,0.5241873632087809,0.2693485333606103,4.73937502554511,0.18133429681576296,0.038495121722805226,2.4858001993428998,9.07217281622137,0.6218430813151905,0.32599766050504114,TR
EUREN,2023,31607855.0,3138807677.0,1337631875.0,138611020.0,1275885338.0,6190854072.0,0.0,-802928442.0,1267448760.0,1658775332.0,869906423.0,918395363.0,782401473.0,1366330708.0,5751787169.0,432150308.0,9187261279.0,2996407207.0,1699599068.0,638849029.0,4497321937.0,0.18499518152214728,0.32614803432760847,0.2542660302282538,0.6867190621250723,1.5890399084903757,0.13887548195852284,0.023629711276131185,2.3465407304233086,8.123565303695607,0.0,0.09468615255216581,TR
EUREN,2024,594509322.0,3278437547.0,1653403164.0,195429329.0,949058342.0,9502194218.0,3842481993.0,-351521407.0,938970004.0,1658320455.0,65534994.0,1399096507.0,963029454.0,2469461532.0,6854600528.0,397062419.0,12813917836.0,3311723619.0,1336032423.0,1699599068.0,9187261279.0,0.1042641633963416,0.2584473898916297,0.29719519688632584,0.2315968904935833,2.699859306150308,0.07406465018323066,0.3595670644307537,1.9828421877871767,8.220620251659534,0.5605697921132013,0.005114360403957252,TR
EUREN,2025,156908158.0,5912788313.0,3823872114.0,275430622.0,1318985260.0,12047275553.0,4601584865.0,-460687299.0,904113424.0,1904532057.0,152101881.0,983685169.0,1251239226.0,4511779526.0,8597096909.0,1947891432.0,17775679724.0,5728404171.0,2852004856.0,1336032423.0,12813917836.0,0.1604442080574471,0.3222607663922827,0.6829902227908409,0.22000152735507683,2.8630814499620056,0.0742016778249644,0.04103384039061511,1.5462829657278647,7.555212493267608,0.5352486907740637,0.008556740634488268,TR
EUYO,2010,1517542.0,12225507.0,200423.0,10394.0,375395.0,12097982.0,0.0,-26817.0,0.0,5432.0,2629401.0,359295.0,359295.0,2630170.0,433379476.0,0.0,12303837.0,205855.0,0.0,,,0.0,0.016730959618532007,,inf,13.998396539508521,0.030510400942405203,7.571695863249228,60.9985231235936,72.27119910009166,0.0,0.2137057732478088,TR
EUYO,2011,3361676.0,20323189.0,158432.0,21357.0,-847756.0,20213515.0,0.0,-30781.0,0.0,10135.0,586464.0,-824467.0,-824467.0,7441713.0,180630728.0,0.0,20382082.0,168567.0,0.0,0.0,12303837.0,0.0,0.008270352361451593,,inf,-27.541535362723756,-0.041593199360104624,21.218415471621896,128.277046303777,136.56033183422372,0.0,0.028773508025333232,TR
EUYO,2012,1082007.0,22068261.0,212507.0,19673.0,1673847.0,21884655.0,0.0,-753.0,0.0,16365.0,497699.0,1673094.0,1673094.0,6615289.0,190686726.0,0.0,22113527.0,228872.0,0.0,0.0,20382082.0,0.0,0.010349864135196524,,inf,2222.9043824701193,0.07569335276095938,5.091629922779014,103.84721915042799,111.618030858081,0.0,0.022506540905935086,TR
EUYO,2013,3091811.0,22013805.0,12924.0,15729.0,299087.0,22013135.0,0.0,0.0,0.0,17283.0,160461.0,299087.0,299087.0,8081448.0,307867341.0,0.0,22043342.0,30207.0,0.0,0.0,22113527.0,0.0,0.001370345748843347,,,inf,0.013568133180531336,239.2301918910554,1703.327530176416,776.2636938342268,0.0,0.007279340854939328,TR
EUYO,2014,3325142.0,23375900.0,294721.0,19079.0,1273302.0,23069326.0,0.0,0.0,0.0,24564.0,231890.0,1273302.0,1273302.0,1523131.0,212710944.0,0.0,23388611.0,319285.0,0.0,0.0,22043342.0,0.0,0.013651302336851042,,,inf,0.0544411123858531,11.282338211393148,79.31535248591041,86.16765490053837,0.0,0.009914654615445098,TR
EUYO,2015,1663355.0,23843418.0,956243.0,10858.0,189101.0,22854827.0,0.0,0.0,0.0,34201.0,290760.0,189101.0,189101.0,2332849.0,294603177.0,0.0,23845271.0,990444.0,0.0,0.0,23388611.0,0.0,0.04153628616760111,,,inf,0.00793033553697083,1.7394689425177492,24.934475860215446,34.147749464842136,0.0,0.012193612729333208,TR
EUYO,2016,2286738.0,23652917.0,20718.0,2251.0,789257.0,23605005.0,0.0,0.0,0.0,46266.0,199715.0,789257.0,789257.0,2481950.0,327230008.0,0.0,23671989.0,66984.0,0.0,0.0,23845271.0,0.0,0.0028296735014535536,,,inf,0.03334138926813459,110.37445699391833,1141.6602471281012,380.3823757408985,0.0,0.008436764650406013,TR
EUYO,2017,7876797.0,25909669.0,534374.0,5987.0,1891037.0,25333777.0,0.0,0.0,0.0,63117.0,214055.0,1891037.0,1891037.0,3067629.0,267707279.0,0.0,25931268.0,597491.0,0.0,0.0,23671989.0,0.0,0.02304133372884041,,,inf,0.07292497227671242,14.740232496341514,48.486021026472095,55.06533942675709,0.0,0.008254706248842131,TR
EUYO,2018,6263187.0,25270292.0,51763.0,5832.0,211379.0,25130340.0,0.0,0.0,0.0,103956.0,299697.0,206453.0,206453.0,4466745.0,201104161.0,0.0,25286059.0,155719.0,0.0,0.0,25931268.0,0.0,0.006158294576469983,,,inf,0.008359507505697111,120.99737264068929,488.19218360605066,179.87628029597113,0.0,0.011852262149669113,TR
EUYO,2019,20650959.0,30591234.0,59352.0,5923.0,8199443.0,30481181.0,0.0,0.0,0.0,64745.0,337095.0,8199518.0,8199518.0,1324620.0,126143238.0,0.0,30605278.0,124097.0,0.0,0.0,25286059.0,0.0,0.004054758136815486,,,inf,0.26790944359335667,347.9404063890012,515.4204407602102,269.64074122760195,0.0,0.011014276687831425,TR
EUYO,2020,29851801.0,38281398.0,71040.0,6377.0,6511079.0,38132803.0,0.0,0.0,0.0,88564.0,421051.0,6509104.0,6509104.0,10767094.0,117793460.0,0.0,38292407.0,159604.0,0.0,0.0,30605278.0,0.0,0.004168032581498468,,,inf,0.17003577236604636,420.2111627252252,538.8710304054053,262.72265062549167,0.0,0.010995678594975761,TR
EUYO,2021,33325255.0,40496536.0,106692.0,9140.0,3491422.0,40355064.0,0.0,0.0,0.0,56739.0,756421.0,3486623.0,3486623.0,15703545.0,183055536.0,0.0,40518495.0,163431.0,0.0,0.0,38292407.0,0.0,0.004033491372273329,,,inf,0.08616860028981826,312.3500824804109,379.5648783413939,270.90206400142506,0.0,0.018668536430091986,TR
EUYO,2022,36527273.0,76787853.0,746497.0,33822.0,13088658.0,75954150.0,0.0,-45029708.0,0.0,260162.0,1061129.0,-31930556.0,-31930556.0,-117455712.0,112830743.0,0.0,76960809.0,1006659.0,0.0,0.0,40518495.0,0.0,0.013080150963589793,,inf,0.2906671746572285,0.17006913219948092,48.93157373706793,102.8642486172081,85.1234623374514,0.0,0.013787913793889562,TR
EUYO,2023,11201715.0,75618709.0,1447131.0,1337950.0,16389263.0,80717447.0,0.0,-43438798.0,2297778.0,2857898.0,0.0,-26667786.0,-26667786.0,-218573809.0,59029940.0,631015.0,85022476.0,4305029.0,2928793.0,0.0,76960809.0,0.034447279564053156,0.05063401117605655,0.21545223578450234,29.663276305290267,0.37729549975116716,0.19276388751604928,7.740636473132011,52.2542250839765,21.574477892218706,0.0,0.0,TR
EUYO,2024,14450696.0,89721288.0,2366179.0,3337523.0,23114052.0,95673843.0,0.0,-34335652.0,2148180.0,2606867.0,0.0,-10729323.0,-10729323.0,42177894.0,79721993.0,819968.0,100646889.0,4973046.0,2968148.0,2928793.0,85022476.0,0.029490707854864743,0.049410826796643464,0.2762557662219,11.645241829619797,0.673179353052623,0.22965490766435911,6.107186311771003,37.9182166691531,32.053509605724045,0.0,0.0,TR
EUYO,2025,13257819.0,88368431.0,3258124.0,4639144.0,5979946.0,93642607.0,0.0,-25664222.0,2468500.0,2779770.0,0.0,-19676158.0,-19676158.0,49668043.0,77315876.0,1661531.0,99680500.0,6037894.0,4130031.0,2968148.0,100646889.0,0.04143268743635917,0.060572469038578255,0.40230472846329723,7.231212963212114,0.23300710226088286,0.05999113166567182,4.069157281920516,27.122488585455926,27.16324828633669,0.0,0.0,TR
EYGYO,2021,22985590.0,554134116.0,609416309.0,72241.0,-3022598.0,88222519.0,0.0,-5943266.0,59393100.0,70916008.0,27738803.0,8968758.0,12698431.0,19213163.0,12364403.0,77107467.0,768554836.0,680332317.0,136500567.0,,,0.17760680254180328,0.8852098576867194,0.5648875216760089,0.04354022939699584,-0.5085752513853494,-0.003932833232474774,0.03771738573540538,0.9092866531735697,2.9693665925675305,0.0,0.03609215855613977,TR
EYGYO,2022,336493702.0,3113239936.0,2467993897.0,1322141.0,135096.0,1061906314.0,0.0,142707711.0,123012332.0,173409802.0,13315897.0,317132553.0,323115561.0,127768658.0,142454543.0,414169355.0,3703310013.0,2641403699.0,537181687.0,136500567.0,768554836.0,0.14505447427147386,0.7132548152133328,0.7710042338059079,0.42366474744635324,0.0009466622304662991,3.6479797674448705e-05,0.1363430040929311,1.261445556970111,4.927825008490944,0.0,0.0035956743975676443,TR
EYGYO,2023,34548686.0,2095627245.0,908649366.0,2173547.0,-706423724.0,1879100003.0,0.0,795382586.0,194359707.0,220847769.0,22026608.0,350118044.0,304946610.0,642342901.0,2021013787.0,642929608.0,3008597138.0,1129497135.0,837289315.0,537181687.0,3703310013.0,0.27829891361147735,0.37542319000903074,0.7678703125454313,1.1573653934388353,-0.8881558842677504,-0.234801700459505,0.03802202179712961,2.306310138337784,6.703102535096804,0.0,0.0073212221476227435,TR
EYGYO,2024,3467890.0,1572836179.0,687965945.0,8688618.0,650645799.0,2502371126.0,0.0,-234503239.0,495815544.0,750530260.0,-437242700.0,157568175.0,303935186.0,1175873030.0,2250512770.0,645752533.0,3940867331.0,1438496205.0,1141568077.0,837289315.0,3008597138.0,0.28967432321816466,0.3650202060050014,0.565671505721336,0.2370087303390683,2.7745706275724404,0.16510218293364823,0.005040787302342415,2.2862122615676856,8.63171833389372,0.0,-0.11095088042181038,TR
EYGYO,2025,40652120.0,927367060.0,606930020.0,9685262.0,-195216225.0,2009995720.0,0.0,-56257905.0,611256811.0,804689670.0,-935777331.0,-722228319.0,-809459658.0,1041280516.0,780752105.0,488303555.0,3421615410.0,1411619690.0,1099560366.0,1141568077.0,3940867331.0,0.32135708846366223,0.41255942613375124,0.44408981089083743,0.05020498059869565,-3.4700230127659393,-0.05705381862305793,0.06697991310431473,1.527963734599913,5.96813254477069,0.0,-0.27348992182613535,TR
FADE,2018,445755.0,44046297.0,33774543.0,429019.0,8401100.0,124063231.0,0.0,-9396224.0,16378586.0,35590573.0,0.0,1987480.0,2549681.0,-1862575.0,43933619.0,21774099.0,193428347.0,69365116.0,38152685.0,,,0.1972445383095788,0.3586088444420197,0.5707094795556329,0.24627949513907083,0.8940932016946382,0.043432620555869196,0.013197958000497594,1.3041271054355938,5.736817133364851,0.0,0.0,TR
FADE,2019,388178.0,57292514.0,47500103.0,929088.0,15544812.0,158536291.0,16387146.0,-6519493.0,9418791.0,37218303.0,-7323907.0,34510910.0,44823274.0,34396.0,57690548.0,32819561.0,243254697.0,84718406.0,42238352.0,38152685.0,193428347.0,0.17363838199597026,0.34827038098261265,0.7770085584778497,0.16219452424777156,2.3843590291453647,0.06390344026943907,0.008172150700389007,1.2061555740205447,5.908869022079279,0.28405252798084013,-0.030107977730025087,TR
FADE,2020,674962.0,76829270.0,21390773.0,981552.0,20398084.0,214163936.0,28408000.0,-6677747.0,8788883.0,37668093.0,9485514.0,14733120.0,18746367.0,34306238.0,62649534.0,17180492.0,273222802.0,59058866.0,25969375.0,42238352.0,243254697.0,0.09504834446431012,0.21615643192181302,0.6615674039132632,0.1958061731041118,3.0546356428298345,0.07465732673365966,0.031553885406572266,3.5917014312666495,9.299682728042388,0.4534431173901469,0.03471713901828735,TR
FADE,2021,550497.0,98194140.0,42130328.0,1337182.0,16356577.0,246632012.0,26313684.0,-2884672.0,3455947.0,38063138.0,5610745.0,32454241.0,41541626.0,35262901.0,68820572.0,31908241.0,326825478.0,80193466.0,35364188.0,25969375.0,273222802.0,0.10820511367843849,0.24537091321870566,0.9022755166893695,0.09406503907167435,5.6701687401548595,0.05004682346092981,0.013066525378107666,2.330723368685855,8.292594630557447,0.3823520095125045,0.017167403943948334,TR
FADE,2022,10885064.0,332540892.0,106273657.0,7196372.0,57387270.0,843539245.0,115537723.0,-64816560.0,15378805.0,173838463.0,269267677.0,43343518.0,133197348.0,319380857.0,252995654.0,72116486.0,1123651365.0,280112120.0,87495291.0,35364188.0,326825478.0,0.07786693784686498,0.24928739351462453,0.8242327692812633,1.0551332388443548,0.8853797548034021,0.0510721312566554,0.10242485586056382,3.1290999236057155,9.002789238540357,0.45667868666234085,0.23963631904634405,TR
FADE,2023,26429198.0,284204670.0,178227801.0,17760666.0,60455108.0,1403395435.0,189793478.0,-67260908.0,11454049.0,220806317.0,52950315.0,185586687.0,265997642.0,523705502.0,468672081.0,108386874.0,1802429553.0,399034118.0,119840923.0,87495291.0,1123651365.0,0.06648854752771577,0.22138680390356427,0.9044228906681568,0.6488100337358336,0.8988149253054984,0.033540899226478675,0.1482888631948054,1.5946146920142947,8.501141513755243,0.4049600684449561,0.02937718975583175,TR
FADE,2024,24273874.0,441574551.0,256051643.0,27628384.0,151843585.0,1776152818.0,287676334.0,-20287149.0,16514249.0,292140018.0,73681584.0,-60814657.0,39261793.0,925669045.0,678606347.0,101886985.0,2324344479.0,548191661.0,118401234.0,119840923.0,1802429553.0,0.05093962408314779,0.23584785557941387,0.8605229992788758,0.17030696208815807,7.484717788586262,0.06532748754406983,0.09480069612363315,1.7245526950201995,8.912918292276531,0.4239222566540481,0.03169994149563405,TR
FADE,2025,12053411.0,650963925.0,378127638.0,34585657.0,160253629.0,2128820031.0,629575574.0,-83476501.0,5093054.0,361952216.0,84569838.0,36976285.0,93410892.0,1014779054.0,1216793113.0,204201490.0,2868899885.0,740079854.0,209294544.0,118401234.0,2324344479.0,0.07295289218501258,0.25796642743425674,0.9756656150577915,0.5094755966004543,1.9197454023617977,0.055858912971443755,0.031876567033695645,1.7215454771914873,8.422651792275037,0.5174056027057741,0.02947814193244321,TR
FENER,2014,21649988.0,95593332.0,477541204.0,55431381.0,-80838495.0,-422298704.0,0.0,-101195520.0,241490061.0,255990679.0,-313682289.0,-181718450.0,-181615809.0,-90958364.0,317610262.0,235575348.0,311233179.0,733531883.0,477065409.0,,,1.5328231088112878,2.3568563138315017,0.49380094124577373,0.21212084986861834,-0.7988347211418055,-0.25973610930472163,0.045336376879428396,0.20017818609009497,-8.103142851589736,0.0,-1.0078690517761282,TR
FENER,2015,8997156.0,288066592.0,591418583.0,76650924.0,-40895493.0,-403931262.0,0.0,-94064168.0,172753010.0,363727230.0,-405656795.0,-116632067.0,-116712670.0,-272150634.0,548229359.0,283209920.0,551214551.0,955145813.0,455962930.0,477065409.0,311233179.0,0.827196831384083,1.7328022478129392,0.6211248796036993,0.2016319635067376,-0.43476165121664606,-0.07419160638232135,0.01521283953297761,0.487077342985687,-2.9123590289615966,0.0,-0.7359326677136286,TR
FENER,2016,7023879.0,447979758.0,630926617.0,53047597.0,-75182832.0,-562187998.0,0.0,-147521030.0,393901956.0,592116230.0,-584776193.0,-153063196.0,-151495354.0,-392763675.0,465677922.0,357303372.0,660854849.0,1223042847.0,751205328.0,455962930.0,551214551.0,1.1367175850138915,1.8506981508128422,0.4756400929041334,0.24440839795507613,-0.5096414524763012,-0.11376602912691952,0.01113264016883282,0.7100346473415624,-1.7506879992412832,0.0,-0.8848784175297774,TR
FENER,2017,22479726.0,1084908444.0,782741448.0,53519797.0,-119234978.0,-850436122.0,0.0,-367198809.0,1047820862.0,1267116835.0,-1252342593.0,-287744775.0,-286164494.0,-545845930.0,593657650.0,445734607.0,1199422161.0,2049858283.0,1493555469.0,751205328.0,660854849.0,1.2452291758181047,1.7090381932671328,0.2984386025504889,0.3271607464730684,-0.3247150455763052,-0.09941035098150067,0.02871922274901686,1.3860367900180495,2.315389296587068,0.0,-1.0441216059872351,TR
FENER,2018,7948189.0,1835479217.0,1437897012.0,61649775.0,-185283597.0,-648691738.0,0.0,-554722052.0,957360598.0,1191179749.0,-1576998161.0,-205168695.0,-203974949.0,-783100406.0,707779639.0,965024704.0,1980385023.0,2629076761.0,1922385302.0,1493555469.0,1199422161.0,0.9707129066689574,1.3275583941840383,0.5019933844666901,0.3247843503080458,-0.3340115943326515,-0.09355938105375179,0.005527648318111951,1.2765025601152025,2.390096116526837,0.0,-0.7963088705907669,TR
FENER,2019,13758016.0,1891630353.0,1910790580.0,80723126.0,-161480047.0,-801776182.0,0.0,-430519235.0,785939371.0,982023759.0,-557309197.0,-153328491.0,-151516813.0,-989096599.0,544326007.0,1368167313.0,2091038157.0,2892814339.0,2154106684.0,1922385302.0,1980385023.0,1.030161346787896,1.383434505638244,0.6351437109230937,0.21122044958191658,-0.3750820726976345,-0.07722482081899187,0.007200169471214371,0.9899726180354103,0.8378849953997694,0.0,-0.26652272945586425,TR
FENER,2020,8623946.0,2480793483.0,3440654589.0,99833202.0,-206667112.0,-1003309637.0,0.0,-455636907.0,121290650.0,299322345.0,-184082450.0,-200888936.0,-199896040.0,-1143901263.0,688612502.0,2811661064.0,2736667297.0,3739976934.0,2932951714.0,2154106684.0,2091038157.0,1.071723887377604,1.3666173225002,0.9586455346601728,0.17913570922603747,-0.45357851575443164,-0.0755178067229997,0.0025064840939196063,0.7210236944246774,-1.2026688589255659,0.0,-0.06726519157144004,TR
FENER,2021,139613834.0,3328431069.0,1482031969.0,124512632.0,-128544230.0,-1301833933.0,0.0,-764839253.0,3216188677.0,3428046086.0,-167582879.0,-295445488.0,-292553883.0,-1345668206.0,1302754771.0,703424673.0,3608244122.0,4910078055.0,3919613350.0,2932951714.0,2736667297.0,1.0862938364124355,1.360794305757342,0.1794627709898988,0.2232271407441539,-0.1680669885806711,-0.03562514775988874,0.09420433359086332,2.2458564583096385,4.873276204700206,0.0,-0.046444440379802,TR
FENER,2022,64992285.0,6644867779.0,5210556011.0,1061705630.0,-1533852187.0,-2694425939.0,0.0,93705756.0,5473392534.0,6016065327.0,-1216247207.0,287535922.0,340218408.0,-7397619810.0,4140720038.0,1505887556.0,8532195399.0,11226621338.0,6979280090.0,3919613350.0,3608244122.0,0.8179934663495861,1.3157951515404576,0.21576545669196665,0.01719546236796678,-16.368815027755605,-0.17977227609904156,0.012473195732431405,1.2752703866865698,0.06620222815885668,0.0,-0.14254797858269255,TR
FENER,2023,366016553.0,7224245059.0,8034414942.0,1602575462.0,-2424733864.0,-1430226298.0,0.0,511625531.0,4142590031.0,4674167707.0,-2949557471.0,2226847120.0,2269791356.0,-9618375403.0,7479486980.0,961357844.0,11278356351.0,12708582649.0,5103947875.0,6979280090.0,8532195399.0,0.45254359023222884,1.1268115896934918,0.18835573315881482,0.0846835849628862,-4.739274561339277,-0.2149900028460273,0.04555609283840247,0.8991625539820172,-1.5643151271398779,0.0,-0.2615236989509093,TR
FENER,2024,585754559.0,8374329793.0,12333037036.0,2434698063.0,-4647496370.0,-1577498361.0,0.0,-818313716.0,3797740923.0,5901732498.0,-4856226648.0,-991744300.0,-903756906.0,-9905379839.0,11385550345.0,1230989834.0,16657271173.0,18234769534.0,5028730757.0,5103947875.0,11278356351.0,0.3018940320279554,1.0947032887089567,0.244791358592118,0.1615197216293201,-5.679357780677845,-0.279007066747715,0.04749475391099442,0.6790160257003545,-2.2133746494067013,0.0,-0.29153794745633516,TR
FENER,2025,788578416.0,7260118093.0,12795019173.0,4380381939.0,-8799780933.0,6995555906.0,0.0,505173658.0,6214595512.0,11126356727.0,-8832107699.0,-4152879016.0,-4026170539.0,-10919388250.0,13570143482.0,226536301.0,30916931806.0,23921375900.0,6441131813.0,5028730757.0,16657271173.0,0.20833670861705558,0.77373059041252,0.03517026317374636,0.08808713354967426,-17.419318671204348,-0.2846265919340754,0.061631671304100515,0.5674175235563752,-0.6814148564784228,0.0,-0.28567219264901206,TR
FLAP,2010,187810.0,8052454.0,17056788.0,626295.0,500306.0,18731178.0,0.0,-2185823.0,1953184.0,2973759.0,-5470429.0,-457604.0,-455609.0,3563393.0,42723899.0,8762137.0,38761725.0,20030547.0,10715321.0,,,0.2764407672775141,0.5167609800647417,0.8177204397329767,0.20399043575082818,0.22888678543505123,0.012907217106565819,0.011010865586181877,0.4720967394330046,3.0944322723835693,0.0,-0.14112965818729686,TR
FLAP,2011,182545.0,6758663.0,13576604.0,164819.0,3974946.0,20964303.0,0.0,-1670759.0,230588.0,306595.0,-3494662.0,2233125.0,2716244.0,3067600.0,32647018.0,7132208.0,34847502.0,13883199.0,7362796.0,10715321.0,38761725.0,0.21128619204900254,0.3983986857938913,0.9686820061291933,0.18483772397313283,2.379125894279187,0.11406688490899577,0.013445556782830227,0.49781690620128566,4.6055866074793705,0.0,-0.10028443358723388,TR
FLAP,2012,62638.0,10092745.0,12130357.0,237861.0,2229418.0,36572950.0,0.0,-1048483.0,125578.0,263898.0,-1879353.0,2865515.0,3380392.0,-2703797.0,30485352.0,5360961.0,48967205.0,12394255.0,5486539.0,7362796.0,34847502.0,0.11204517390772048,0.253113384764354,0.9771116180892909,0.16319646113981773,2.126327274738837,0.04552879830490632,0.005163739204048158,0.8320237401092152,6.201313082397332,0.0,-0.03837982992903107,TR
FLAP,2013,2282135.0,23410541.0,21159090.0,168477.0,-429359.0,25308955.0,0.0,-1758660.0,3279567.0,4569726.0,-1842698.0,814623.0,749417.0,72705.0,20952201.0,4231138.0,51037771.0,25728816.0,7510705.0,5486539.0,48967205.0,0.14715973783416209,0.5041132380173892,0.5633476484564365,0.27062044845815003,-0.24413985648163944,-0.008412573503650855,0.10785600893044077,1.1064058520475124,4.520360925399827,0.0,-0.036104593987852644,TR
FLAP,2018,6203975.0,43164881.0,17974845.0,326752.0,7211674.0,62582501.0,0.0,-1939443.0,12675581.0,13299191.0,425642.0,4269830.0,7066615.0,13381780.0,66109020.0,6056446.0,93856537.0,31274036.0,18732027.0,7510705.0,51037771.0,0.199581484665261,0.33321105806407497,0.3233203753122927,0.1478080102330809,3.718425341708934,0.076837205276389,0.34514762157893436,2.4014049078030992,8.092932859192885,0.0,0.004535027751982795,TR
FLAP,2019,475332.0,42596473.0,16323989.0,98828.0,2359048.0,73090750.0,0.0,-252083.0,13237411.0,14677020.0,-144887.0,6357736.0,6025142.0,17605685.0,46461620.0,4069403.0,104091759.0,31001009.0,17306814.0,18732027.0,93856537.0,0.16626497780674454,0.29782385558495555,0.2351329944379133,0.013989517587427409,9.358219316653642,0.02266315818526998,0.02911861800445957,2.6094401925901813,8.084980915969812,0.0,-0.0013919161458305262,TR
FLAP,2020,2185464.0,15986983.0,10206411.0,202237.0,-15796283.0,69620809.0,0.0,-461406.0,10359314.0,11722795.0,737059.0,-5900839.0,-8622802.0,27840731.0,11861799.0,3019336.0,91550015.0,21929206.0,13378650.0,17306814.0,104091759.0,0.14613487501886263,0.23953252219565446,0.225683159362118,0.030073262050070354,-34.23510530855689,-0.17254265878601985,0.21412659160992048,1.5663667669271795,6.829636777421751,0.0,0.008050888904824319,TR
FLAP,2021,76045295.0,98494765.0,10666092.0,244687.0,269091.0,169591175.0,0.0,-794513.0,7355759.0,8777100.0,49877220.0,29841919.0,30202301.0,21939892.0,45928148.0,3094233.0,189034367.0,19443192.0,10449992.0,13378650.0,91550015.0,0.05528091090441772,0.10285532894661424,0.2960990783533614,0.06668554590731608,0.33868671752381646,0.0014235030606894884,7.129630515094001,9.234381721065223,15.844335349309159,0.0,0.26385265701447824,TR
FLAP,2022,46024405.0,148243738.0,49997333.0,1325908.0,8560319.0,477403262.0,0.0,-82104581.0,7737931.0,24687320.0,65001569.0,-37927485.0,-29950014.0,-153573149.0,211878948.0,17981838.0,552087915.0,74684653.0,25719769.0,10449992.0,189034367.0,0.046586364782138005,0.13527673939394236,0.6991446151790865,4.539957065240215,0.10426116174930605,0.015505354794806548,0.9205372014543256,2.965032914855678,10.326615162333853,0.0,0.1177377139291303,TR
FLAP,2023,47838936.0,209947222.0,66823933.0,1912521.0,54323192.0,853059246.0,10542523.0,-37289177.0,3061649.0,7015782.0,49732145.0,180566821.0,92800516.0,-299744260.0,382073542.0,29178624.0,926898961.0,73839715.0,32240273.0,25719769.0,552087915.0,0.034782942215424495,0.07966317593056402,0.9050365051189238,1.2867201510999595,1.4568085533236628,0.05860745807870207,0.7158952466925286,3.1417968469470363,15.73303964764661,0.027592915606807447,0.05365433244886332,TR
FLAP,2024,25776028.0,212322460.0,57111811.0,2905569.0,10477919.0,1006520765.0,26980346.0,-41998817.0,263527.0,7738700.0,28462468.0,-90360011.0,-41569956.0,224781158.0,465538539.0,2545587.0,1071371277.0,64850511.0,2809114.0,32240273.0,926898961.0,0.002621979943186399,0.060530380449988486,0.9061885704887733,2.3965507299742503,0.24948128896106764,0.009779914045614273,0.4513256986370122,3.717662884127418,21.24670677246575,0.05795512882339479,0.026566390765766255,TR
FLAP,2025,31792470.0,297591314.0,176306052.0,4764236.0,14304336.0,1186780626.0,59712732.0,-27038596.0,0.0,12652786.0,25596067.0,20104178.0,-42503454.0,149899920.0,421784955.0,17904402.0,1375739464.0,188958838.0,17904402.0,2809114.0,1071371277.0,0.013014384240997538,0.13735074332359198,1.0,2.6107200728258784,0.5290339779476716,0.010397561729028077,0.18032546041017355,1.6879245529245928,10.848071548285853,0.14157150768926785,0.018605315664623544,TR
FMIZP,2014,16979378.0,26954244.0,4427629.0,1302898.0,9468019.0,32954825.0,36809830.0,-2604281.0,0.0,386023.0,22250189.0,9056632.0,11019722.0,2255556.0,48525667.0,0.0,37768477.0,4813652.0,0.0,,,0.0,0.12745157820369618,,inf,3.635559680387792,0.2506857504473903,3.834869181677146,6.0877377034074,16.230364007065123,0.7585641223643562,0.5891206309431011,TR
FMIZP,2015,23553428.0,33102557.0,3598481.0,1720808.0,14168156.0,40620526.0,43394424.0,-2987213.0,0.0,681733.0,28777581.0,15484427.0,17585911.0,2587798.0,57313790.0,0.0,44900740.0,4280214.0,0.0,0.0,37768477.0,0.0,0.0953261349367516,,inf,4.742934635059502,0.315543930901807,6.54538067590186,9.19903620444293,19.83370569885971,0.7571375754421406,0.6409155172052844,TR
FMIZP,2016,350156.0,32780486.0,5962824.0,1723578.0,14494695.0,39894193.0,43511346.0,-1243457.0,0.0,833308.0,26757182.0,16709660.0,20485487.0,2124813.0,60867363.0,0.0,46690325.0,6796132.0,0.0,0.0,44900740.0,0.0,0.1455576074914878,,inf,11.656772208447899,0.3104432235157926,0.05872318217005902,5.49747669896009,15.41606225463827,0.7148551186618681,0.5730776558098493,TR
FMIZP,2017,24830134.0,38746473.0,6001602.0,849374.0,17386562.0,43483731.0,48253465.0,-949560.0,0.0,985670.0,32180067.0,20336041.0,25228493.0,2124813.0,68387095.0,0.0,50471003.0,6987272.0,0.0,0.0,46690325.0,0.0,0.1384413145108291,,inf,18.310124689329793,0.3444861597063962,4.137251020644155,6.456021742194834,16.492668046521057,0.7055931385885013,0.6375951553806054,TR
FMIZP,2022,40227642.0,131822164.0,29018088.0,12481517.0,112367411.0,232892084.0,370489770.0,-60974033.0,7896355.0,45750869.0,55050286.0,70000917.0,90410361.0,-96120332.0,600994411.0,1407322.0,307661041.0,74768957.0,9303677.0,0.0,50471003.0,0.030240023142871702,0.24302380553929154,0.15126513957868487,13.107512868299276,1.842873194889372,0.36523119935747733,1.3862954030603256,4.542758433980902,10.148425279896209,0.6164612569084273,0.1789316119488785,TR
FMIZP,2023,67566705.0,148183720.0,36698217.0,8474282.0,17452131.0,292109384.0,200472549.0,-3795214.0,12189714.0,27227520.0,84633385.0,23727581.0,34726743.0,-121622069.0,388989486.0,4529381.0,356035121.0,63925737.0,16719095.0,9303677.0,307661041.0,0.0469591172720289,0.17954896365406603,0.27091065634832506,0.2916840680923616,4.59845768907893,0.04901800404123614,1.8411440806511117,4.037899715945327,9.317904594803014,0.5153675258976023,0.23771077629164566,TR
FMIZP,2024,271171165.0,399936588.0,58574994.0,35480084.0,136709556.0,574276348.0,487970027.0,-7033650.0,24261736.0,51783321.0,280032581.0,142672298.0,173377378.0,-128136375.0,884435547.0,8288197.0,684634662.0,110358315.0,32549933.0,16719095.0,356035121.0,0.0475435072260481,0.16119299989517621,0.2546302322649942,0.2855201446231089,19.436502527137403,0.19968249285047154,4.629469787056231,6.827770020770297,12.716496913667726,0.5517304552662897,0.4090248369574954,TR
FMIZP,2025,484131620.0,596592372.0,65214161.0,27667574.0,81086186.0,785247414.0,367457562.0,-22864173.0,9514258.0,52486789.0,467039314.0,85596547.0,130751831.0,0.0,749128654.0,3685313.0,902948364.0,117700950.0,13199571.0,32549933.0,684634662.0,0.01461830103055594,0.1303518060308485,0.27919945277009384,0.9995375250407086,3.546429866498998,0.08980157585179478,7.4237192133775975,9.14820282668361,14.719100749429234,0.4905132917262567,0.5172381197204318,TR
FONET,2012,257094.0,11277035.0,11732434.0,982404.0,4275701.0,7147787.0,0.0,-942033.0,0.0,818344.0,0.0,2399071.0,2655333.0,-269382.0,30656612.0,6763144.0,19698565.0,12550778.0,6763144.0,,,0.3433318112258431,0.6371417410354511,1.0,0.13928921223620258,4.538801719260365,0.21705647086475588,0.021913100043861315,0.9611846101158549,5.110366648995857,0.0,0.0,TR
FONET,2013,148970.0,7495613.0,8622508.0,1054351.0,3546428.0,9495723.0,1812.0,-1001459.0,0.0,1311836.0,0.0,2360630.0,2547226.0,2059818.0,23844363.0,6680708.0,19430067.0,9934344.0,6680708.0,6763144.0,19698565.0,0.3438335029930674,0.5112871715779467,1.0,0.14898393704423404,3.541261299763645,0.18252268507360267,0.01727687582313638,0.8693077466556134,5.445328105500931,7.599280383376146e-05,0.0,TR
FONET,2018,6095046.0,15649467.0,15778011.0,4007890.0,11797294.0,52597045.0,514753.0,-649478.0,46858.0,4519571.0,0.0,12236429.0,11344396.0,10494235.0,35714280.0,1731019.0,72894627.0,20297582.0,1777877.0,6680708.0,19430067.0,0.024389685127272822,0.278451002979959,0.9736438460028449,0.15356658353613517,18.16427038329243,0.16184037816669258,0.3863000222271362,0.9918529654973621,7.51618430521852,0.014413086306093809,0.0,TR
FONET,2019,2927899.0,12073777.0,9131688.0,5402771.0,16150304.0,66912584.0,913782.0,-535702.0,1020879.0,3277258.0,0.0,14651030.0,16198728.0,11295290.0,49104006.0,1253011.0,79321530.0,12408946.0,2273890.0,1777877.0,72894627.0,0.028666744073141303,0.15643856088000319,0.5510429264388339,0.26442882821248115,30.147925525758723,0.20360555324638846,0.32063064353490833,1.3221845731041184,10.987664346684008,0.018609113073177776,0.0,TR
FONET,2020,8620349.0,27622292.0,9355333.0,7147271.0,28644232.0,94871675.0,1518972.0,-559537.0,737192.0,4503984.0,0.0,27738975.0,28410398.0,25415086.0,64919843.0,1469382.0,108730992.0,13859317.0,2206574.0,2273890.0,79321530.0,0.02029388272296826,0.12746427439933594,0.6659110458112893,0.24976743480139557,51.192739711582966,0.2634412826841495,0.9214368959394604,2.952571757734332,14.072018423733066,0.023397653626488282,0.0,TR
FONET,2021,12526812.0,57427554.0,21148461.0,8533436.0,34670557.0,132100877.0,3298234.0,-525477.0,859667.0,37656039.0,0.0,37543277.0,36954011.0,51777931.0,85479632.0,2026536.0,190905377.0,58804500.0,2886203.0,2206574.0,108730992.0,0.015118500302901369,0.30802956377703283,0.7021460375448296,0.2063616765469998,65.97920936596654,0.18161121255374593,0.5923273565863729,2.715448372342555,8.960021066367167,0.03858502806844091,0.0,TR
FORMT,2015,1777343.0,47457530.0,50889334.0,2025191.0,8918451.0,9041527.0,46179315.0,-4672605.0,945081.0,1232495.0,-1127397.0,3042293.0,4245846.0,-4737308.0,58834633.0,21700834.0,61163356.0,52121829.0,22645915.0,,,0.37025298284809616,0.852174118764837,0.9582670428640221,0.2063332393502316,1.9086678630014735,0.14581363063204053,0.034925648663431126,0.9325633933428957,3.7914382857167555,0.7849001964540171,-0.018432556251491497,TR
FORMT,2016,5239208.0,79203005.0,75057899.0,2102598.0,12814898.0,14459500.0,50241708.0,-6155966.0,2764040.0,3144295.0,-2424147.0,5301798.0,6658932.0,-15843015.0,58383025.0,36629780.0,92661694.0,78202194.0,39393820.0,22645915.0,61163356.0,0.4251359790594806,0.8439538564878816,0.9298356950404911,0.19845236282843567,2.0817038300731356,0.1382976874996479,0.06980222028330423,1.0552254466914934,4.109572878249775,0.8605533543354426,-0.026161263574568366,TR
FORMT,2017,5037075.0,110111574.0,78384767.0,2438047.0,18253683.0,25859905.0,0.0,-9147771.0,18081773.0,20718694.0,-14234400.0,9624752.0,11752196.0,5459123.0,81998093.0,70560310.0,124963366.0,99103461.0,88642083.0,39393820.0,92661694.0,0.7093445530268447,0.79306011171306,0.7960136721967601,0.14289384126888222,1.9954241311899916,0.14607227369339587,0.0642608914050864,1.4047573044390118,6.313517679448571,0.0,-0.113908583416359,TR
FORMT,2022,29900847.0,543601395.0,406050800.0,33687795.0,-39956075.0,704457291.0,0.0,-44342143.0,42712401.0,74013751.0,-20963590.0,-69178845.0,-40809094.0,-297696148.0,504914600.0,91247381.0,1184521842.0,480064551.0,133959782.0,88642083.0,124963366.0,0.11309186310470752,0.40528129915227007,0.6811550424887971,0.3983986657074953,-0.9010857910047334,-0.03373181783844219,0.07363819256112782,1.338752183224365,4.506575171667295,0.0,-0.017697934522342054,TR
FORMT,2023,142877216.0,939336198.0,433584207.0,26296352.0,-42906965.0,1334933818.0,0.0,-141289898.0,138778434.0,145267602.0,31466871.0,-131466188.0,-142921120.0,-525171282.0,751379134.0,131567197.0,1913785627.0,578851809.0,270345631.0,133959782.0,1184521842.0,0.14126223291988388,0.30246428901621175,0.48666293038780417,0.6989265711364592,-0.30368034521477255,-0.022419943171618353,0.3295258768500302,2.1664446786457794,6.359826643283608,0.0,0.016442213044167667,TR
FORMT,2024,60602574.0,993761142.0,810972622.0,81891419.0,-47138078.0,1497973398.0,0.0,-227151502.0,179646283.0,204063583.0,51130923.0,-199530756.0,-220409833.0,-859488076.0,872073201.0,350437796.0,2513009603.0,1015036205.0,530084079.0,270345631.0,1913785627.0,0.21093595438998408,0.40391258504872496,0.6610985122607314,0.5675738897797784,-0.20751823159857424,-0.01875761952669307,0.07472826129511435,1.2253941933936212,4.035704896725446,0.0,0.02034648930070165,TR
FORMT,2025,141986049.0,1000340411.0,556178030.0,98753917.0,-237856429.0,2322597079.0,9247815.0,165449029.0,73216367.0,199251261.0,87234236.0,-118877326.0,-14903574.0,-1165346104.0,1016135868.0,170988389.0,3078026371.0,755429291.0,244204756.0,530084079.0,2513009603.0,0.07933809739279846,0.24542651684773367,0.7001845164719068,0.4273573930586252,-1.437641734361584,-0.07727563065768159,0.25528884878821984,1.798597494043409,5.671347209887662,0.009100963061368875,0.028340964464076062,TR
FORTE,2020,55161277.0,182327043.0,125772693.0,857593.0,50935512.0,61956157.0,0.0,-5506509.0,405069.0,7935660.0,-43551009.0,40876291.0,47095116.0,18925225.0,204326360.0,524854.0,195664510.0,133708353.0,929923.0,,,0.004752640118537593,0.6833551623643961,0.5644058701634437,5.921467691411009,9.250055161991018,0.2603206478272427,0.4385791198730236,1.449655236371539,7.697292425292857,0.0,-0.22258001208292705,TR
FORTE,2021,27557017.0,178289698.0,117013581.0,1239136.0,21108622.0,72900335.0,0.0,-6596900.0,290368.0,4340654.0,-60155398.0,23456351.0,28505249.0,2267892.0,215350934.0,819951.0,194254570.0,121354235.0,1110319.0,929923.0,195664510.0,0.005715793455978925,0.6247175291680397,0.7384823640773508,6.466781881757164,3.1997789871000015,0.10866473823498721,0.2355027233975516,1.5236667101060688,6.718348440865558,0.0,-0.30967301309822465,TR
FORTE,2022,90859496.0,608843239.0,404465624.0,9081404.0,164448934.0,273550758.0,9413633.0,-98673660.0,2463597.0,20282551.0,-74281691.0,55277114.0,82421573.0,53162716.0,685133342.0,160407345.0,698298933.0,424748175.0,162870942.0,1110319.0,194254570.0,0.23323956876216506,0.6082612401757744,0.9848739316556541,1.2034748287488777,1.6665940434357052,0.23549933449490176,0.22464083622592362,1.5053028066484089,7.676952932792982,0.013739855328774819,-0.10637520335434911,TR
FORTE,2023,336617897.0,1036801379.0,443352576.0,16403733.0,232845905.0,856137747.0,5728029.0,-298232055.0,18343704.0,35457761.0,-52409009.0,12192799.0,82809907.0,97282330.0,959883836.0,88766508.0,1334948084.0,478810337.0,107110212.0,162870942.0,698298933.0,0.08023548876826583,0.35867337669440036,0.8287399151072542,2.209280541115103,0.7807541177959559,0.17442319127670286,0.7592555343582801,2.3385482235249264,9.453382323825807,0.0059674189575581104,-0.039259211371698556,TR
FORTE,2024,138806707.0,1162397715.0,756218524.0,38259730.0,194965142.0,1009895399.0,7042615.0,-396396501.0,38883812.0,65614226.0,-170877786.0,-108332323.0,-95836639.0,132205208.0,2331713132.0,107322543.0,1831728149.0,821832750.0,146206355.0,107110212.0,1334948084.0,0.07981880667162254,0.448665240226103,0.7340484139694201,3.1296531900339546,0.4918437511636865,0.1064378150799494,0.18355369856028547,1.5371188064152737,6.945484552346016,0.003020360825415637,-0.09328774364978108,TR
FORTE,2025,597366824.0,3090644091.0,2291724082.0,60832502.0,775386646.0,2918528387.0,8830927.0,-576751295.0,1131518152.0,1748056539.0,-813227240.0,2746943338.0,2826669262.0,-1092207947.0,2870520180.0,990384339.0,6958309008.0,4039780621.0,2121902491.0,146206355.0,1831728149.0,0.30494513660724737,0.5805693044611048,0.46674356771844705,0.5085746180278334,1.3444038231418276,0.11143320095565379,0.26066262893160974,1.3486109062059417,4.998884296867056,0.003076420455612334,-0.11687138916438303,TR
FRIGO,2014,974126.0,15244257.0,13393224.0,1115323.0,-180971.0,8153452.0,20114335.0,-1002873.0,9475737.0,11030444.0,-13753651.0,-1167884.0,-1149442.0,-23263638.0,25412836.0,1349871.0,32577120.0,24423668.0,10825608.0,,,0.332307091602941,0.7497184527054571,0.12469239602985809,0.092638953858296,-0.18045255979570693,-0.005555156502477812,0.07273274903787169,1.1382066782426696,1.6079368273274923,0.7915029633056303,-0.4221874432116774,TR
FRIGO,2015,328351.0,19169662.0,20769674.0,1246879.0,-274179.0,7706767.0,25602988.0,-3816187.0,8810053.0,10698924.0,-16094249.0,-3641606.0,-3751334.0,-3431522.0,30282317.0,2557665.0,39175365.0,31468598.0,11367718.0,10825608.0,32577120.0,0.2901751649282655,0.8032751705057503,0.22499370586075412,0.34390401871265264,-0.07184632199627534,-0.006998760573130589,0.01580915521350985,0.922964029189866,2.9066353940815572,0.845476520175124,-0.4108257574626299,TR
FRIGO,2016,328240.0,15094794.0,17479834.0,1301038.0,-138881.0,7575920.0,27164382.0,-1304141.0,8093886.0,10730507.0,-14255431.0,-1409199.0,-1435627.0,-7073128.0,31604763.0,3103751.0,35786261.0,28210341.0,11197637.0,11367718.0,39175365.0,0.3129032395980122,0.7883008789322807,0.27717910484149466,0.1155879001238846,-0.10649231946545658,-0.003880846898199284,0.018778210365155642,0.863554768311873,2.4243597987449554,0.8595027907660627,-0.3983492715262989,TR
FRIGO,2017,143233.0,18738225.0,12993275.0,1371366.0,4353346.0,12211871.0,29872993.0,-3206075.0,10186837.0,17904352.0,-17509677.0,867799.0,1191174.0,-8482327.0,35361112.0,1131871.0,43109498.0,30897627.0,11318708.0,11197637.0,35786261.0,0.26255717475531726,0.7167243515570513,0.10000001766986126,0.28477756936127957,1.357842845223521,0.10098345380871751,0.01102362568328616,1.4421479573086846,4.5763745751410365,0.8447978954960467,-0.40616749932926616,TR
FRIGO,2018,3036146.0,39802413.0,30259323.0,1561457.0,10614283.0,20525737.0,52795182.0,-6980146.0,11116632.0,19646042.0,-29628416.0,3710752.0,3653790.0,-7614528.0,56864287.0,1482218.0,70431102.0,49905365.0,12598850.0,11318708.0,43109498.0,0.17888190930194448,0.7085699865948427,0.1176470868372907,0.5836838359501417,1.5206391098409688,0.15070448564044903,0.1003375389462613,1.3153768509625943,5.230992935053,0.9284418179726759,-0.42067233308375607,TR
FRIGO,2019,1298589.0,52697417.0,37229570.0,2674092.0,16322637.0,31499347.0,76375821.0,-5586761.0,12300839.0,19863316.0,-32213625.0,11432385.0,10745777.0,-3903776.0,81203472.0,2209134.0,88592233.0,57092886.0,14509973.0,12598850.0,70431102.0,0.1637838048398667,0.6444457269747338,0.1522493529105809,0.41217289293600096,2.921663733243645,0.18424456012978022,0.03488058014100082,1.4154720830780478,6.06912971969652,0.9405487120058118,-0.3636168082590265,TR
FRIGO,2020,44543209.0,112637229.0,81441951.0,2421399.0,29496249.0,54610750.0,101140367.0,-6492134.0,11206891.0,19118788.0,-29369446.0,17896734.0,23260194.0,2152117.0,107208412.0,3202989.0,155171489.0,100560739.0,14409880.0,14509973.0,88592233.0,0.092864224561253,0.6480619580830342,0.22227728475185082,0.44897420467524507,4.5433826535311805,0.19008807088266066,0.5469319982277929,1.3830369682573052,6.461626715235265,0.9433995440581658,-0.18927089112356202,TR
FRIGO,2021,96265901.0,267933192.0,151071225.0,4144729.0,35501711.0,228664198.0,154810837.0,-53709374.0,13225905.0,34838799.0,-45046692.0,7178651.0,4624504.0,2250348.0,160456404.0,4411220.0,414574222.0,185910024.0,17637125.0,14409880.0,155171489.0,0.04254274401074556,0.4484360438599581,0.2501099243782646,3.3519122301756434,0.66099655155169,0.08563414972771752,0.6372219527577141,1.7735554338690243,6.983789141206285,0.9648155707141486,-0.1086577254675521,TR
FRMPL,2022,122763905.0,2779081475.0,1590402371.0,98063485.0,1032500344.0,1721581120.0,2208030287.0,-539089672.0,76927079.0,301852605.0,879877251.0,296806661.0,493787846.0,784566455.0,3934921751.0,528696543.0,3613836096.0,1892254976.0,605623622.0,,,0.16758469557331024,0.5236139453293014,0.8729787343070313,0.8901397706709663,1.9152664160110269,0.28570757404931296,0.07719046905268981,1.747407779109756,8.990741952833549,0.5611370255174357,0.2434745870112644,TR
FRMPL,2023,65473297.0,2537777368.0,1247893959.0,101328665.0,870476297.0,2019278707.0,1805953410.0,-564689400.0,31151908.0,272135700.0,276676282.0,295458158.0,449542234.0,973628730.0,3494335012.0,353435565.0,3539308366.0,1520029659.0,384587473.0,605623622.0,3613836096.0,0.10866175908674695,0.42947081797167147,0.9189991609529102,1.1405434716927707,1.5415134355275661,0.24594531105629014,0.05246703578280564,2.03364825167809,9.585175026804379,0.5168232020679533,0.07817241488700508,TR
FRMPL,2024,39249418.0,2274375119.0,1288663419.0,104424091.0,655789354.0,2255193638.0,1899126144.0,-482267742.0,30302813.0,155518397.0,191305796.0,166784115.0,181568929.0,1324363028.0,3693297910.0,799335078.0,3699375454.0,1444181816.0,829637891.0,384587473.0,3539308366.0,0.224264311994324,0.39038530529212945,0.9634746516176176,0.794362819783758,1.3598034802833652,0.1772702884998923,0.03045746268677159,1.7649101273976646,8.995910211096746,0.5142087614589422,0.0517129981476057,TR
FRMPL,2025,43011625.0,3801175080.0,2453568206.0,131328060.0,851310358.0,2829272621.0,1784671954.0,-632730342.0,6657523.0,125503203.0,-117297267.0,191706595.0,231966980.0,1755952078.0,4068895126.0,1116334393.0,5408344031.0,2579071409.0,1122991916.0,829637891.0,3699375454.0,0.207640621521697,0.4768689628871725,0.9940716198352402,0.648080183690446,1.3454552460833307,0.1574068426713219,0.01753023408716277,1.5492436976907908,8.152643078842832,0.43861340701460977,-0.021688203695561098,TR
FROTO,2014,577458259.0,2958148243.0,2971769365.0,304730151.0,541117046.0,2754181696.0,7687446929.0,-531263990.0,1360032869.0,1509441734.0,-1595623202.0,594856111.0,390412250.0,1317048020.0,11924836507.0,989954658.0,7235392795.0,4481211099.0,2349987527.0,,,0.32479059445451985,0.6193459326903067,0.4212595371788116,0.22607098288654023,1.0185464405370295,0.07478751483595163,0.19431462811381395,0.995416494240629,4.978972384319089,0.6446584759872717,-0.2205302804158264,TR
FROTO,2015,980361277.0,4030872065.0,3823591411.0,405107370.0,1036113740.0,3059855348.0,10723040628.0,-608302946.0,1301034627.0,1544765399.0,-1759182278.0,841910674.0,865828239.0,1545689403.0,16746396740.0,1259731319.0,8428212158.0,5368356810.0,2560765946.0,2349987527.0,7235392795.0,0.3038326394725765,0.6369508395566897,0.49193536057746373,0.24774322284534686,1.7032857506496442,0.12293398891442571,0.2563980225971901,1.0542109843127274,5.433796446633224,0.640319275512399,-0.20872543844665759,TR
FROTO,2016,1189033000.0,4675977000.0,4307860000.0,456387000.0,1111024000.0,3163619000.0,12286677246.0,-445194000.0,1503855000.0,1814673000.0,-1832865000.0,955308000.0,970171000.0,1878584000.0,18289107000.0,1348275000.0,9286152000.0,6122533000.0,2852130000.0,2560765946.0,8428212158.0,0.30713798352643806,0.6593186284265,0.47272564714792104,0.16449383266973297,2.49559517873107,0.11964309866993347,0.2760147729963369,1.085452405602782,5.516099482618785,0.6718030161888167,-0.1973761575300512,TR
FROTO,2017,1805945000.0,6827040000.0,6049677000.0,473624000.0,1708174000.0,3695859000.0,17830091000.0,-786231000.0,1820167000.0,2266204000.0,-1749605000.0,1489983000.0,1481161000.0,2074147000.0,25341290000.0,1783880000.0,12011740000.0,8315881000.0,3604047000.0,2852130000.0,9286152000.0,0.30004370723975043,0.6923127706726919,0.49496579817077857,0.243559307621213,2.1726108484656543,0.1422087058161432,0.2985192432587723,1.1284966122984748,5.659767012311434,0.703598396135319,-0.14565791467347777,TR
FROTO,2018,1392772000.0,7395461000.0,7219612000.0,569203000.0,2284873000.0,3893239000.0,27303441000.0,-2501845000.0,1678554000.0,2071589000.0,-2649057000.0,1683196000.0,1761112000.0,2244313000.0,33292030000.0,2804263000.0,13184440000.0,9291201000.0,4482817000.0,3604047000.0,12011740000.0,0.3400081459660024,0.7047095667316928,0.6255582148457097,0.6187429391665298,0.9132752029002597,0.17330072418699619,0.1929150763226611,1.0243571261170268,5.496982592067761,0.8201194399981017,-0.20092298193931635,TR
FROTO,2019,3202952000.0,10156798000.0,8645371000.0,775988000.0,2422028000.0,4664921000.0,33375426000.0,-1656231000.0,2559936000.0,3096080000.0,-3815780000.0,1959484000.0,1950173000.0,2711013000.0,39209019000.0,3648110000.0,16406372000.0,11741451000.0,6208046000.0,4482817000.0,13184440000.0,0.3783923709641595,0.7156640724713544,0.58764223074378,0.3098404684448767,1.4623733042069615,0.14762727554879287,0.37048172947118174,1.1748250017263573,5.8022472741702416,0.8512180832680358,-0.23257914668764063,TR
FROTO,2020,8124073000.0,17604522000.0,12480781000.0,916575000.0,4805661000.0,7043902000.0,34626072000.0,-2553875000.0,4147993000.0,4824496000.0,-4969534000.0,4194913000.0,4108330000.0,3467929000.0,49451407000.0,3932881000.0,24349179000.0,17305277000.0,8080874000.0,6208046000.0,16406372000.0,0.3318745983180788,0.7107129566873692,0.48669005357588796,0.35746228546314207,1.8817134746218982,0.19736439573588907,0.6509266527471318,1.410530478821798,6.848389073574546,0.7002039800404466,-0.2040945199836101,TR
FROTO,2021,14173931000.0,32813852000.0,20782144000.0,1054264000.0,9437743000.0,10148538000.0,54515151000.0,-6527635000.0,10799308000.0,11862171000.0,-7077311000.0,8801005000.0,8686759000.0,3472846000.0,71101258000.0,8256919000.0,42792853000.0,32644315000.0,19056227000.0,8080874000.0,24349179000.0,0.44531330967813715,0.7628450246119369,0.4332924350659761,0.48108565465412095,1.4458135297086923,0.22054484191554136,0.6820244821708482,1.5789445015875168,7.167472635264572,0.7667255479502205,-0.16538535067993715,TR
GATEG,2014,1122499.0,11376908.0,3492961.0,213873.0,3125966.0,8271752.0,20714.0,-87627.0,0.0,117873.0,-16055.0,2425292.0,3084206.0,-1065772.0,32739907.0,0.0,11882586.0,3610834.0,0.0,,,0.0,0.3038761091230478,,inf,35.67354810731852,0.263071186692863,0.3213603014748805,3.257095627463347,11.483276098046016,0.0006326835320576812,-0.0013511368653254434,TR
GATEG,2015,1922839.0,24838437.0,14232989.0,263440.0,-2678272.0,11456124.0,300546.0,-311472.0,0.0,240489.0,-473415.0,-2474535.0,-2673770.0,1318978.0,31861497.0,5112521.0,25929602.0,14473478.0,5112521.0,0.0,11882586.0,0.19716928165731198,0.5581835772103251,1.0,0.12184673666866111,-8.59875687060153,-0.1032901314875562,0.1350973432214414,1.7451314688713664,6.235921345493152,0.009432890111848793,-0.018257704071200167,TR
GATEG,2016,866537.0,15709989.0,10551997.0,303095.0,-4566105.0,6528978.0,783841.0,-501879.0,0.0,138980.0,-27978.0,-4870837.0,-4910258.0,-1155557.0,23118782.0,4752592.0,17219955.0,10690977.0,4752592.0,5112521.0,25929602.0,0.2759932880196261,0.6208481381048905,1.0,0.1017482516419224,-9.09801964218467,-0.2651635849222603,0.08212066398426762,1.4888166666461333,3.855525458532947,0.033904943608188354,-0.0016247429218020604,TR
GATEG,2017,1875431.0,15773264.0,11543234.0,327887.0,-5187268.0,4112701.0,2517414.0,-1094954.0,3684734.0,3873050.0,104119.0,-3386970.0,-6099233.0,-6026394.0,20227153.0,4937063.0,19528985.0,15416284.0,8621797.0,4752592.0,17219955.0,0.4414872047881649,0.7894052865522709,0.5726257530767658,0.16373891921343098,-4.737430065555265,-0.2656189248954823,0.16247015351157224,1.3664510309675781,2.1600753401319657,0.12445715914642065,0.005331511084677468,TR
GATEG,2022,282342.0,215067681.0,143105982.0,145291.0,6169604.0,83237178.0,0.0,-1427454.0,3287527.0,7489254.0,4975459.0,6660721.0,9347793.0,-18877630.0,72060354.0,3521658.0,233832414.0,150595236.0,6809185.0,8621797.0,19528985.0,0.02911993629762553,0.6440306261389407,0.5171922924696568,0.18501142701093165,4.322103549396338,0.026384725258834302,0.0019729573568769473,1.5028559812405327,5.763311721920035,0.0,0.021277884083256312,TR
GATEG,2023,307433.0,166832505.0,180307987.0,2021061.0,-404795.0,22379167.0,0.0,-10926977.0,459656.0,915753.0,168000.0,-21961279.0,-11331772.0,-180362724.0,37657928.0,2582239.0,203602907.0,181223740.0,3041895.0,6809185.0,233832414.0,0.014940331868640756,0.8900842461939897,0.8488915626607756,2.2184322937180494,-0.03704547012407915,-0.001988159235860026,0.0017050437150074778,0.9252640871643695,0.044240391155041456,0.0,0.0008251355664582922,TR
GATEG,2024,278263.0,38414189.0,45405851.0,2899792.0,4779264.0,27782182.0,0.0,2825841.0,0.0,778758.0,0.0,-1237948.0,7605105.0,-264826593.0,26283808.0,1018930.0,73966791.0,46184609.0,1018930.0,3041895.0,203602907.0,0.013775506362037527,0.6243965484456396,1.0,1.3917570936940153,1.691271377264326,0.06461364533172731,0.00612835116778232,0.8460184789841292,-7.976175374388794,0.0,0.0,TR
GATEG,2025,21879832.0,493705987.0,430721858.0,5673164.0,79527924.0,310662787.0,21453103.0,-34373677.0,33270264.0,52580337.0,0.0,37290893.0,45154248.0,-313313536.0,471551605.0,142401334.0,793964982.0,483302195.0,175671598.0,1018930.0,73966791.0,0.22125862220961276,0.6087197873419561,0.810611024327336,0.38908341481666747,2.3136286525296668,0.10016553097804004,0.05079805353179917,1.1462292378019971,3.8319821762221036,0.04549470889829757,0.0,TR
GEDIK,2010,85346856.0,159576406.0,102444141.0,473247.0,12264356.0,59974721.0,0.0,-772780.0,0.0,664598.0,0.0,13009408.0,15297906.0,4334563.0,692598570.0,17.0,163083460.0,103108739.0,17.0,,,1.0424110452402714e-07,0.6322452258493902,1.0,45457.64705882353,15.870436605502213,0.07520294210093409,0.8331062681271347,1.55769187424784,6.750892761217582,0.0,0.0,TR
GEDIK,2011,83143010.0,156273444.0,86932467.0,459269.0,12743053.0,72167619.0,0.0,-4995192.0,0.0,1209705.0,0.0,12734247.0,15790728.0,4772573.0,494703827.0,6900993.0,160309791.0,88142172.0,6900993.0,17.0,163083460.0,0.043047857257826505,0.5498240091898068,1.0,1.4476698338359169,2.551063702856667,0.07949017287409475,0.9564091859949172,1.797641886776318,7.57841533856949,0.0,0.0,TR
GEDIK,2012,138546553.0,251608098.0,177600274.0,719868.0,12449636.0,78065261.0,0.0,-2356494.0,0.0,1394144.0,1507.0,10157132.0,13436314.0,12501112.0,383129613.0,51836350.0,257059679.0,178994418.0,51836350.0,6900993.0,160309791.0,0.20165103372746374,0.6963146406169751,1.0,0.08023835875585997,5.2831180558915065,0.048430917086767236,0.7801032615524005,1.416710077823416,6.080565099113575,0.0,5.862451886124078e-06,TR
GEDIK,2013,118746560.0,272416111.0,191330937.0,1010978.0,13792486.0,89873923.0,0.0,-4850919.0,0.0,2312340.0,8153670.0,11121679.0,14312701.0,22069537.0,1704975667.0,60950902.0,283517200.0,193643277.0,60950902.0,51836350.0,257059679.0,0.21498132035728343,0.6830036308202818,1.0,0.08601892348614008,2.843272790166152,0.04864779279705076,0.6206343932763995,1.4237954157931083,6.194147856171702,0.0,0.02875899592687851,TR
GEDIK,2014,185244461.0,447298234.0,360181005.0,1378030.0,14138650.0,93641389.0,0.0,-4944272.0,0.0,2721795.0,600044.0,11020466.0,13945640.0,15918795.0,2720562668.0,63123210.0,456544189.0,362902800.0,63123210.0,60950902.0,283517200.0,0.13826308935891418,0.7948908533802409,1.0,0.07969868847419194,2.8596019798263526,0.030968853269097246,0.5143093567635528,1.2418706922093241,5.09448807062072,0.0,0.001314317462487733,TR
GEDIK,2015,232182526.0,569387038.0,470765847.0,1944504.0,27537470.0,115537284.0,0.0,-11111614.0,0.0,3795858.0,798864.0,19066612.0,24729380.0,19440472.0,509922840.0,63168992.0,590098989.0,474561705.0,63168992.0,63123210.0,456544189.0,0.10704812781843286,0.8042069446758534,1.0,0.1759667473372584,2.4782601339463377,0.04666584846495984,0.4932017211520444,1.209490963774184,5.022977391754146,0.0,0.0013537796452655845,TR
GEDIK,2016,201507572.0,525895499.0,463845174.0,2848131.0,-10532577.0,73106609.0,0.0,-12048512.0,0.0,3423135.0,-5135987.0,-21317570.0,-20762723.0,17692309.0,625806287.0,118365461.0,540374918.0,467268309.0,118365461.0,63168992.0,590098989.0,0.2190432180643884,0.8647113206686621,1.0,0.1327407751078524,-0.8741807287074121,-0.019491239598948225,0.43442851902992957,1.133773785905553,4.1433055151987945,0.0,-0.009504488141324131,TR
GEDIK,2017,232742505.0,673537287.0,600355797.0,3268848.0,22458314.0,90324892.0,0.0,-16931230.0,0.0,4230067.0,17384676.0,17197164.0,15617453.0,-3744966.0,603787427.0,159789728.0,694910756.0,604585864.0,159789728.0,118365461.0,540374918.0,0.2299428043390366,0.870019435992152,1.0,0.12173945099402765,1.3264431467766962,0.032318270808287794,0.387674286086722,1.121896865768084,4.297317535971506,0.0,0.02501713471823136,TR
GEDIK,2018,247683714.0,610688119.0,510160641.0,4625302.0,41219439.0,117876547.0,0.0,-29706827.0,0.0,4626455.0,19263253.0,28269674.0,37162171.0,13173524.0,2262788393.0,133214706.0,632663643.0,514787096.0,133214706.0,159789728.0,694910756.0,0.210561658590519,0.8136821227136645,1.0,0.20277390751021876,1.3875409514452688,0.06515221706836724,0.4855014167978513,1.1970506344882847,5.038489104608988,0.0,0.03044785837329995,TR
GEDIK,2019,267510517.0,1056391404.0,923434508.0,7663151.0,78995043.0,170573378.0,0.0,-30105990.0,14554334.0,20394793.0,30631242.0,65338521.0,75581520.0,27846943.0,5290068512.0,231643461.0,1114402679.0,943829301.0,246197795.0,133214706.0,632663643.0,0.22092354912581827,0.8469373941625279,0.9408835729012114,0.15869793388805606,2.6238978688294257,0.07088554657001143,0.2896908385840829,1.143980861499276,4.780232495525783,0.0,0.027486690921711254,TR
GEDIK,2020,632206613.0,2501082069.0,2184182305.0,10338158.0,227679219.0,342071158.0,0.0,-34112819.0,12630036.0,18891889.0,98851899.0,168691836.0,217239694.0,31532553.0,8013310909.0,451200575.0,2545145352.0,2203074194.0,463830611.0,246197795.0,1114402679.0,0.1822413052502158,0.8655985766269902,0.9727701542320155,0.09608860353116633,6.674300913096628,0.08945627361560606,0.2894477313330308,1.1450885135707571,4.871363852181026,0.0,0.03883939238374783,TR
GEDIK,2021,725652473.0,3508925884.0,3067262360.0,12042012.0,358211016.0,564410118.0,0.0,-127819104.0,534806.0,11422573.0,146004656.0,239614679.0,306577749.0,27467794.0,18881903297.0,1052603863.0,3643095051.0,3078684933.0,1053138669.0,463830611.0,2545145352.0,0.2890780103887001,0.8450740071014414,0.9994921789354598,0.16851904080747107,2.8024841732578567,0.09832601427779766,0.23657985129123418,1.1439927440703181,4.923113730236383,0.0,0.040077092130748254,TR
GEDZA,2010,1890036.0,10129857.0,4347498.0,0.0,1488076.0,10059818.0,0.0,0.0,1850059.0,2325690.0,0.0,1029579.0,1379294.0,6441709.0,18661638.0,737281.0,16733008.0,6673188.0,2587340.0,,,0.15462491860399516,0.39880384925412093,0.28495713744618023,0.0,inf,0.08893057363027616,0.43474108556231655,2.330042935039878,8.95240229058672,0.0,0.0,TR
GEDZA,2011,1126404.0,10623126.0,4797843.0,0.0,2994481.0,11575905.0,0.0,0.0,442650.0,991478.0,0.0,1970509.0,2447872.0,6802442.0,25868268.0,2259066.0,17365226.0,5789321.0,2701716.0,2587340.0,16733008.0,0.1555819659358306,0.33338587128091507,0.8361596851778648,0.0,inf,0.17244123399257805,0.23477300111737712,2.2141462319629883,9.985937909973732,0.0,0.0,TR
GEDZA,2012,2083993.0,12635732.0,4158760.0,986343.0,4097128.0,13808289.0,4388470.0,-189339.0,0.0,613421.0,931224.0,3193823.0,3907788.0,3038070.0,28141230.0,556869.0,18580470.0,4772181.0,556869.0,2701716.0,17365226.0,0.02997066274426858,0.25683855144676104,1.0,0.11620933626098444,21.639112913874058,0.2205072315178249,0.501109224865104,3.03834123633006,11.295888815176198,0.15594449851694472,0.05011843080395706,TR
GEDZA,2013,2324743.0,14917742.0,4053382.0,840480.0,3026481.0,15798827.0,5006564.0,-42937.0,0.0,649985.0,1703903.0,2355464.0,2983544.0,5444565.0,21965981.0,512410.0,20502194.0,4703367.0,512410.0,556869.0,18580470.0,0.024992934902479218,0.22940798433572523,1.0,0.08031019032450838,70.48655006171833,0.14761742084773952,0.5735316829255175,3.6803197922130213,12.110936702066763,0.22792353321256173,0.08310832489439911,TR
GEDZA,2022,57989273.0,342618593.0,92451841.0,14820206.0,196592482.0,536706809.0,453859028.0,-175863151.0,0.0,63572758.0,105674019.0,-8556797.0,35462944.0,305962888.0,601401921.0,45864769.0,692731408.0,156024599.0,45864769.0,512410.0,20502194.0,0.06620858888500115,0.22523101623248473,1.0,7.584038304701543,1.1178719412345797,0.283793227403369,0.6272376230993605,3.705914228360255,12.577853656923104,0.754668404193541,0.1525468858198501,TR
GEDZA,2023,139657700.0,573153491.0,148522784.0,25822698.0,314377563.0,900318758.0,173350197.0,-184206780.0,18779949.0,133161334.0,291085900.0,126284007.0,136981267.0,375456558.0,848726851.0,36835659.0,1182002876.0,281684118.0,55615608.0,45864769.0,692731408.0,0.04705200734215472,0.23831085669879537,0.6623259247655802,3.630392110190919,1.7066557647878107,0.26597021833303897,0.9403116224915364,3.859027386666816,11.785509201534136,0.20424733445837454,0.24626496763278602,TR
GEDZA,2024,198416567.0,685452332.0,138385810.0,54283627.0,85502690.0,1185144203.0,215726274.0,-104566966.0,24770770.0,160468265.0,-82094208.0,6231315.0,16582847.0,632684236.0,942512723.0,65582385.0,1483998278.0,298854075.0,90353155.0,55615608.0,1182002876.0,0.06088494598644002,0.20138438125600036,0.7258449912457401,1.43273072746393,0.8176835693980067,0.0576164347813347,1.4337927205108674,4.953198106077495,11.609255017150378,0.22888420361408746,-0.05531961136143582,TR
GEDZA,2025,184543940.0,910410957.0,234616874.0,47533241.0,379655328.0,1327794676.0,402384688.0,-263578662.0,0.0,186674152.0,361089323.0,26706335.0,157742987.0,-40644659.0,1174060660.0,33515776.0,1749085702.0,421291026.0,33515776.0,90353155.0,1483998278.0,0.01916188324087049,0.2408635697600597,1.0,4.255767122104251,1.4403871888537016,0.21705930565087886,0.7865757345313534,3.88041551094914,10.476784646586534,0.34272904434086054,0.2064446142273708,TR
GENIL,2022,391267074.0,1975523702.0,683643512.0,192080947.0,1120988525.0,2804518647.0,463589537.0,-1184508066.0,80133749.0,194240307.0,50558144.0,640617083.0,501115676.0,255931478.0,10639338949.0,234885182.0,3682402466.0,877883819.0,315018931.0,,,0.0855471214536168,0.23839974774772488,0.7456224337197056,3.7601170895980216,0.9463747501403675,0.3044177097289615,0.5723261716553817,2.889698603619601,11.178042471241232,0.043573152356761145,0.013729662758704008,TR
GENIL,2023,97248001.0,5706335782.0,3916922456.0,384000574.0,649582402.0,7014818266.0,579235059.0,-919324481.0,92927792.0,203200484.0,-198401861.0,653144283.0,378803994.0,1308220964.0,11769208449.0,1766220839.0,11134941206.0,4120122940.0,1859148631.0,315018931.0,3682402466.0,0.1669652849175538,0.3700174849400997,0.9500159425392385,0.8456795116143858,0.7065866464182629,0.05833729967518609,0.024827655408657393,1.4568416521136256,6.8669496335647775,0.04921614410264066,-0.017817953173663123,TR
GENIL,2024,710711109.0,7586194683.0,5490110030.0,482265398.0,1428547665.0,9565176947.0,909339530.0,-1591294523.0,568496692.0,1058386542.0,-2374669151.0,187906045.0,550569624.0,2055575619.0,19294435958.0,933295640.0,16113673519.0,6548496572.0,1501792332.0,1859148631.0,11134941206.0,0.09319987340125778,0.40639377261048004,0.6214545247791291,0.9469339333944141,0.8977267528746469,0.08865437563418217,0.1294529809268686,1.381792831390667,6.648659492942588,0.047129624933293944,-0.14736981906701618,TR
GENIL,2025,110656666.0,11617531945.0,9154271781.0,648193497.0,2227694959.0,12163317863.0,1121217114.0,-1484019714.0,282418041.0,1586845965.0,-1998984845.0,948752030.0,1749790820.0,3188824433.0,22587776924.0,3409637735.0,22904435609.0,10741117746.0,3692055776.0,1501792332.0,16113673519.0,0.16119392064606275,0.4689536092205397,0.9235065616191818,0.5714528739160425,1.5011222142026073,0.09726041702265985,0.01208798128865604,1.2690831365868533,6.251980406978433,0.04963822326440114,-0.08727500992054678,TR
GENKM,2022,242156481.0,2640479343.0,1546849697.0,87829617.0,889659694.0,3214020591.0,1683674589.0,-1240351421.0,143935987.0,330677660.0,640636287.0,48438122.0,224901161.0,1018578575.0,7602650540.0,916105356.0,5091547948.0,1877527357.0,1060041343.0,,,0.20819628015413122,0.36875374172554093,0.8642166289546312,1.1700972128971012,0.7172642195892643,0.17473265558649317,0.15654816461459992,1.7070044672866493,8.282847499519535,0.22145889517631306,0.12582348109903335,TR
GENKM,2023,155799014.0,1775271311.0,1030202961.0,91884557.0,646858654.0,4703142586.0,1267501881.0,-614107578.0,97056579.0,339295592.0,-407868901.0,203047843.0,180227427.0,154132907.0,5671395112.0,250828264.0,6072641139.0,1369498553.0,347884843.0,1060041343.0,5091547948.0,0.05728723878738654,0.22551942748678863,0.7210094634677717,0.8723576336692981,1.0533311705852293,0.1065201514783599,0.15123137857104257,1.7232248189975838,8.459341059891287,0.22349031516392082,-0.06716499323178596,TR
GENKM,2024,471628819.0,1993801821.0,1190200182.0,112579574.0,549570200.0,5002380621.0,669456493.0,-473663657.0,0.0,287621250.0,-59993550.0,132764921.0,241579674.0,357205050.0,4964121047.0,687083012.0,6480202053.0,1477821432.0,687083012.0,347884843.0,6072641139.0,0.10602802295059857,0.22805175207705827,1.0,0.9153205188193985,1.1602540998833692,0.08480757166292019,0.39626007971825367,1.675181915742641,8.367321648911933,0.13485901867855882,-0.009257975215792242,TR
GENKM,2025,377640878.0,2669524505.0,1407224795.0,125387023.0,753818292.0,6187006939.0,1104333343.0,-583337827.0,0.0,352275523.0,26225483.0,293432602.0,493721662.0,576982535.0,5522564158.0,606648731.0,7946507257.0,1759500318.0,606648731.0,687083012.0,6480202053.0,0.07634155628129694,0.22141807225433205,1.0,0.9017910090809297,1.2922499743874831,0.09486158731384393,0.26835860151256075,1.8970135507028214,8.858386873573046,0.19996749904666294,0.0033002528220053193,TR
GENTS,2010,12792276.0,74293850.0,9104689.0,2663063.0,13318851.0,115206394.0,19804648.0,-4168455.0,0.0,1737658.0,12558717.0,14771604.0,17191244.0,33660635.0,83852470.0,75000.0,126048741.0,10842347.0,75000.0,,,0.00059500792633859,0.08601709873484575,1.0,55.5794,3.1951528803837395,0.10566429219630206,1.4050206437583974,8.15995472223159,19.38016771885946,0.23618443201494244,0.09963381546190929,TR
GENTS,2011,21803828.0,97719538.0,20987784.0,3891955.0,23079353.0,150456561.0,44573685.0,-5181654.0,0.0,2770052.0,8976245.0,25710957.0,30307448.0,7089194.0,142277322.0,1010173.0,174214397.0,23757836.0,1010173.0,75000.0,126048741.0,0.005798447300540839,0.136371255241322,1.0,9.549913239640132,4.454051351170881,0.13247672636378038,1.0388818562264601,4.656019806569383,13.81178569354391,0.3132873487736858,0.051524128628703404,TR
GENTS,2012,5698551.0,100791637.0,21660285.0,5251449.0,9227626.0,155883508.0,53898440.0,-753554.0,0.0,2917623.0,7693736.0,10333744.0,12439067.0,24505732.0,164226683.0,5076373.0,180461416.0,24577908.0,5076373.0,1010173.0,174214397.0,0.028129963249318626,0.1361948085345845,1.0,0.2476130140148452,12.245474113334943,0.051133512107651866,0.2630875355518175,4.653292281241914,13.57237780919113,0.32819538832188433,0.04263368963036398,TR
GENTS,2013,4319455.0,127405946.0,26093922.0,6791701.0,26341822.0,167691564.0,60756889.0,-932455.0,0.0,2157642.0,8215869.0,23929342.0,28444303.0,28282794.0,195022500.0,4754017.0,195943128.0,28251564.0,4754017.0,5076373.0,180461416.0,0.024262228783037493,0.14418246910909782,1.0,0.18970864838526244,28.24996595009947,0.1344360594263862,0.16553490885731934,4.882590896071506,14.248239107997048,0.3115378430693894,0.041929865486275184,TR
GENTS,2014,15638377.0,151054973.0,37857851.0,7163253.0,20184123.0,179796070.0,91015859.0,-1143069.0,711987.0,2487004.0,4825483.0,16931966.0,21679856.0,41879710.0,231467293.0,12799064.0,220140925.0,40344855.0,13511051.0,4754017.0,195943128.0,0.06137455359561154,0.18326830869816688,0.9473033593019522,0.1251644943232623,17.657834303965902,0.09168728168104136,0.4130814768117715,3.990056725618155,12.538798834897882,0.3932126125482446,0.021919972399498184,TR
GENTS,2015,9544981.0,164530791.0,44568218.0,7264733.0,8985612.0,181708150.0,84770224.0,-179223.0,15756681.0,17337005.0,4125968.0,11283481.0,14130951.0,47703365.0,209333209.0,5086126.0,243613373.0,61905223.0,20842807.0,13511051.0,220140925.0,0.08555690824082962,0.25411258108560403,0.2440230819198201,0.010433937288790097,50.13648917828627,0.036884723894036804,0.2141656415340636,3.6916618699002055,10.448593775005051,0.40495353988482546,0.016936541492736525,TR
GENTS,2016,8474662.0,184584926.0,66926588.0,7668768.0,26308025.0,198970027.0,100668020.0,-6068566.0,22278105.0,24796463.0,-31535930.0,21217328.0,24259350.0,47020459.0,253801732.0,20384253.0,290693078.0,91723051.0,42662358.0,20842807.0,243613373.0,0.14676083205531298,0.31553228453551274,0.47780418044403455,0.19112039154610494,4.335130408073341,0.0905010369734363,0.12662623709429202,2.758020863098534,9.31835883757773,0.39664039802533735,-0.10848531453507813,TR
GENTS,2017,13389336.0,229070803.0,94883214.0,8580526.0,41028347.0,231830293.0,120280278.0,-9203165.0,19679787.0,22459723.0,-40856482.0,35523894.0,42085139.0,50618994.0,318367463.0,32660458.0,349173230.0,117342937.0,52340245.0,42662358.0,290693078.0,0.14989764536072825,0.33605937373835904,0.6240027726274495,0.19374553347764586,4.458069262041917,0.11750141040308273,0.14111385392151662,2.414239498674655,9.107667453773448,0.3778032995790151,-0.11700920485800129,TR
GEREL,2010,11781394.0,33811697.0,21151670.0,805569.0,-2374272.0,30382459.0,25474864.0,-4405726.0,14208325.0,18860314.0,-19139262.0,-2390160.0,-2354551.0,2040186.0,55956467.0,7025000.0,70394443.0,40011984.0,21233325.0,,,0.3016335394542436,0.5683969116709965,0.3308478535509629,0.20749110184109176,-0.5389059601073694,-0.033728116862860896,0.5569959251444448,1.5985355766235005,5.0949071716330545,0.4552621951632507,-0.2718859782724611,TR
GEREL,2011,9340897.0,54518989.0,34463761.0,1321660.0,-604148.0,36530562.0,41214206.0,-11667251.0,25809914.0,31682410.0,-26952809.0,-6118084.0,-6356085.0,-405338.0,103552390.0,16563798.0,102676733.0,66146171.0,42373712.0,21233325.0,70394443.0,0.41269049727166524,0.6442177216526747,0.3908979699489155,0.36685409509013917,-0.05178152077125966,-0.0058839815248114685,0.27103533476801905,1.5819222109856206,5.058799164362895,0.3980034260918555,-0.2625016224464407,TR
GEREL,2012,6123634.0,48005315.0,31232177.0,1688429.0,-68169.0,42099416.0,42748905.0,-6401918.0,19909278.0,26177560.0,-15952036.0,-290077.0,-1190539.0,-6419754.0,85034619.0,17779657.0,99509153.0,57409737.0,37688935.0,42373712.0,102676733.0,0.3787484252830491,0.5769292097180246,0.4717473974788622,0.15992271651972736,-0.010648215113033313,-0.0006850525599388833,0.19606811270312666,1.5370467130741479,4.910806159152665,0.5027235436898941,-0.1603072231958401,TR
GEREL,2013,3576242.0,55678433.0,44619189.0,1968790.0,1695829.0,37898702.0,41620970.0,-12941073.0,21332588.0,28728683.0,-15952036.0,-3951062.0,-4621111.0,-6612077.0,103602575.0,27837214.0,111246574.0,73347872.0,49169802.0,37688935.0,99509153.0,0.4419893596004134,0.6593270189156567,0.5661445209805808,0.29797976454573594,0.13104237956157114,0.015243876184447712,0.08015031380332797,1.2478584718337216,4.353352378802168,0.4017368294176086,-0.14339350351589256,TR
GEREL,2018,6391353.0,185172648.0,60412085.0,2503380.0,23988213.0,155449785.0,162151176.0,-39933718.0,54848060.0,55321589.0,72979421.0,3761097.0,6415000.0,51208354.0,241646416.0,27380978.0,271183459.0,115733674.0,82229038.0,49169802.0,111246574.0,0.30322291154196096,0.42677261521323095,0.33298429199670315,0.6078245135192974,0.6007007161216493,0.0884575080222721,0.10579593470412418,3.065159032335997,8.888347408778504,0.6710266127017585,0.26911457383541965,TR
GEREL,2019,13080849.0,162734984.0,115245570.0,3661640.0,-27363859.0,109130723.0,178866760.0,-21274630.0,38731259.0,39462784.0,-17683481.0,-35928107.0,-43232093.0,32223051.0,217556094.0,65528203.0,263839077.0,154708354.0,104259462.0,82229038.0,271183459.0,0.3951630788944884,0.5863739206455759,0.6285108492119401,0.22816023508151978,-1.286220206884914,-0.10371420075882087,0.11350413729568955,1.4120714922057307,4.872615114263144,0.8221638691490757,-0.06702373735184042,TR
GEREL,2020,46819403.0,195856213.0,105585012.0,4759981.0,27446633.0,110108122.0,199535893.0,-36547214.0,88264877.0,89235499.0,23777434.0,8311198.0,6320086.0,-3557441.0,253788813.0,53570258.0,304928633.0,194820511.0,141835135.0,104259462.0,263839077.0,0.4651420681769822,0.6389052713196665,0.3776938485658014,0.29701760579489683,0.7509911152187961,0.09001002211556827,0.44342849532469625,1.8549622649093416,6.3522959376699575,0.7862280872088716,0.07797704586174431,TR
GEREL,2021,58363188.0,322580863.0,243857699.0,3314584.0,45108674.0,132474489.0,222649946.0,-75819276.0,64433863.0,93658312.0,-60126630.0,7021095.0,-341644.0,3327263.0,380577658.0,135042606.0,469990500.0,337516011.0,199476469.0,141835135.0,304928633.0,0.42442659798442733,0.7181336878085833,0.6769851435459288,0.4442818533647042,0.5949499438638797,0.09597784210531915,0.23933297262843442,1.3228241893646344,5.428969915330365,0.5850315732406972,-0.12793158585120337,TR
GEREL,2022,98241689.0,761887768.0,564554713.0,14331042.0,259636420.0,499936408.0,905151613.0,-301376385.0,80700943.0,145675316.0,-114454018.0,-28991287.0,486657.0,-498885018.0,1606956605.0,203378788.0,1210166437.0,710230029.0,284079731.0,199476469.0,469990500.0,0.23474434781403544,0.5868862391859575,0.7159215030374695,1.246499931135202,0.8615022042951375,0.21454604264487628,0.17401624100869034,1.3495375212641258,5.156625518569602,0.5632707256584567,-0.09457708832491774,TR
GEREL,2023,78075128.0,981243130.0,852050321.0,20749466.0,142696195.0,647940697.0,1193176100.0,-312414086.0,48535971.0,116337430.0,101945182.0,-164969180.0,-158863930.0,-773444668.0,2107432465.0,295360611.0,1616328448.0,968387751.0,343896582.0,284079731.0,1210166437.0,0.2127640470756597,0.5991280746176658,0.8588646309953729,0.9949868475373529,0.45675339683627453,0.08828415732988448,0.09163206218661821,1.1516257969932742,3.510182295407848,0.5661752487048263,0.06307207060925281,TR
GEREL,2024,44133461.0,2301264928.0,1310116039.0,35145211.0,229712689.0,1152557805.0,1560391029.0,108506835.0,230568875.0,1737544740.0,-75440953.0,330289924.0,352307720.0,-138843699.0,3433657484.0,619061977.0,4200218584.0,3047660779.0,849630852.0,343896582.0,1616328448.0,0.20228253244641137,0.725595756042205,0.7286246439177093,0.1818254560539913,2.1170342771494535,0.0546906510711253,0.033686680939870546,1.7565351919182175,5.454843976371475,0.454439919028336,-0.01796119689755651,TR
GEREL,2025,34805600.0,3512577739.0,1798819956.0,46925357.0,372985753.0,3577322527.0,1789241149.0,-188822186.0,210915068.0,415346217.0,-747064583.0,109737460.0,199157224.0,250737144.0,2963664110.0,1055666339.0,5791488700.0,2214166173.0,1266581407.0,849630852.0,4200218584.0,0.2186970350127766,0.38231382079706033,0.8334768954965404,0.17845297436205806,1.9753280104489417,0.06440239674472645,0.01934912934666153,1.9527122363101024,7.461525381008895,0.603726023796941,-0.12899353200844543,TR
GESAN,2022,934208000.0,7202342000.0,4550766000.0,102833000.0,1478033000.0,4317003000.0,598640000.0,-485827000.0,440987000.0,984280000.0,-327442000.0,805087000.0,1134914000.0,1215586000.0,7515157000.0,922630000.0,9852049000.0,5535046000.0,1363617000.0,,,0.13840948212904747,0.5618167347726346,0.6766049411234973,0.3562781924836666,3.0423031243631993,0.15002290386497266,0.20528587934426865,1.5826658632854338,7.244878291744238,0.07965768379822272,-0.033235928891543275,TR
GESAN,2023,887542000.0,16210834000.0,8013632000.0,291815000.0,3667146000.0,12329710000.0,1981672000.0,-3118200000.0,671376000.0,1681828000.0,376905000.0,1550406000.0,2350749000.0,2260847000.0,15088558000.0,1015883000.0,22025170000.0,9695460000.0,1687259000.0,1363617000.0,9852049000.0,0.07660594674184126,0.44019909948481667,0.6020907282165927,2.044134209322175,1.1760457956513373,0.16649796573647332,0.11075402514115947,2.0229072161037593,8.480247535979844,0.13133607598552494,0.017112467236348232,TR
GESAN,2024,596743363.0,19799103500.0,8244038665.0,382903256.0,3480201888.0,17832202801.0,2069179965.0,-2580145658.0,745986796.0,2268898099.0,-1149526537.0,1991026774.0,3002749867.0,4041774481.0,19878865359.0,1026818905.0,28345139564.0,10512936764.0,1772805701.0,1687259000.0,22025170000.0,0.06254355167302009,0.3708902805104565,0.5792055522050693,1.4913857866613345,1.3488393095983886,0.12277949382263977,0.07238483311989659,2.401626715320603,8.995175284848772,0.10408944009790755,-0.04055462610810238,TR
GESAN,2025,761196263.0,23383966047.0,8906470766.0,559980112.0,4062168030.0,20760828512.0,2212777940.0,-2625255808.0,2470198207.0,4648468650.0,-8051904320.0,1220272841.0,1692162497.0,6253507944.0,22665203474.0,2001298342.0,34315767928.0,13554939416.0,4471496549.0,1772805701.0,28345139564.0,0.13030442910040418,0.3950061512375431,0.4475679048544872,0.8408484096041315,1.547341793367818,0.11837613654816298,0.08546553208323864,2.625503037215044,9.015359167173896,0.09762885837483658,-0.2346415308814942,TR
GLBMD,2010,6591780.0,72854393.0,44415846.0,444670.0,5244139.0,35609178.0,0.0,-2929003.0,0.0,460730.0,111895.0,2560235.0,3334275.0,2011023.0,5642680514.0,22601582.0,80485754.0,44876576.0,22601582.0,,,0.2808146892678672,0.557571666657928,1.0,0.1295928311566863,1.7904177633140015,0.06515611445970923,0.1484105469926206,1.6402793048228779,6.920356499916572,0.0,0.0013902460303720334,TR
GLBMD,2011,14524571.0,78149605.0,32675581.0,457698.0,2865990.0,52692195.0,0.0,-2696133.0,0.0,552207.0,-51490.0,2347297.0,2706646.0,2989535.0,7743159196.0,16567139.0,85919983.0,33227788.0,16567139.0,22601582.0,80485754.0,0.19282055723870428,0.3867294526815723,1.0,0.13766765578074402,1.0630002303298836,0.03335650101327418,0.44450842358396014,2.391682186156078,8.72460848618069,0.0,-0.0005992785170825744,TR
GLBMD,2012,22912008.0,105484958.0,57876895.0,456040.0,-1170601.0,51964676.0,0.0,-3069629.0,0.0,768152.0,168448.0,891808.0,786234.0,3333283.0,9728715913.0,39357882.0,110609723.0,58645047.0,39357882.0,16567139.0,85919983.0,0.35582660305550173,0.5301979374814997,1.0,0.10977658819296644,-0.3813493422169259,-0.010583165460056346,0.39587486509081043,1.8225745869746468,7.031036590269432,0.0,0.0015229040940641357,TR
GLBMD,2013,21912842.0,95236940.0,49846281.0,558470.0,-1739341.0,51557423.0,0.0,-2113670.0,0.0,824805.0,302490.0,-39457.0,5885.0,3065558.0,9006125155.0,26933565.0,102228509.0,50671086.0,26933565.0,39357882.0,110609723.0,0.26346432383162316,0.4956649225902336,1.0,0.06376901080466685,-0.8229009258777387,-0.017014245996681807,0.4396083631595304,1.9106127496251928,7.214506532293165,0.0,0.0029589593251330704,TR
GLBMD,2022,162275867.0,2047786696.0,1870700077.0,20411213.0,163001428.0,197214233.0,0.0,-123695090.0,11548606.0,25708411.0,0.0,32662555.0,62823760.0,-460244291.0,19938264519.0,365281014.0,2093622721.0,1896408488.0,376829620.0,26933565.0,102228509.0,0.1799892675123485,0.9058024012531721,0.9693532424547731,0.6127110870695157,1.317767972843546,0.07785616117222106,0.08674606314243499,1.094663287384897,3.720605720677869,0.0,0.0,TR
GLBMD,2023,809367678.0,2488265497.0,2173817941.0,27952640.0,297708134.0,478600504.0,0.0,-227963238.0,24312577.0,32742055.0,0.0,198932221.0,138155355.0,-612097555.0,27468210006.0,247664721.0,2685160500.0,2206559996.0,271977298.0,376829620.0,2093622721.0,0.10128902834672267,0.8217609323539505,0.9106080647951728,0.7027151889893998,1.3059479967555119,0.1108716346750967,0.3723254200522766,1.1446522038802145,4.247879069890057,0.0,0.0,TR
GLBMD,2024,968581883.0,2886940067.0,2452172761.0,20711689.0,341600781.0,642613312.0,0.0,-434423969.0,4995875.0,16370425.0,3041459.0,17501544.0,48740201.0,-540801727.0,27589022870.0,329754321.0,3111156498.0,2468543186.0,334750196.0,271977298.0,2685160500.0,0.10759670759577457,0.793448734445502,0.9850758115762238,1.4320233491841727,0.7863304176938727,0.10979864922243458,0.3949892513303226,1.1772988073738742,4.611233697455141,0.0,0.0009775975596069163,TR
GLBMD,2025,449645078.0,3289852558.0,2825789986.0,32757497.0,199838880.0,670229615.0,0.0,-404735345.0,3875286.0,21009195.0,0.0,-84018607.0,-44951357.0,-618013688.0,32436550482.0,765930155.0,3517028796.0,2846799181.0,769805441.0,334750196.0,3111156498.0,0.21887948198647617,0.8094330032889501,0.99496588904988,0.73284736674609,0.4937519850162827,0.05682037071384843,0.1591219022743044,1.1642240132136983,4.171763247466834,0.0,0.0,TR
GLRMK,2022,2371781902.0,15089037449.0,11057412687.0,830717968.0,1074026967.0,4597407956.0,0.0,-2061354904.0,213039606.0,3419312826.0,523286583.0,174962786.0,-614430544.0,3357263705.0,21022803182.0,964828848.0,19074133469.0,14476725513.0,1177868454.0,,,0.06175213442405214,0.7589715955656974,0.8191312406096581,1.75007225721999,0.5210296222721674,0.05630803458230745,0.21449700478200123,1.3646083289212771,5.922199393715807,0.0,0.027434356787450664,TR
GLRMK,2023,6410842728.0,25664734026.0,16746917342.0,937773804.0,3070260187.0,5380626194.0,0.0,-2401210423.0,2180254990.0,8062134850.0,625502979.0,1640081840.0,1302039569.0,4396872747.0,26461272769.0,857911834.0,30189678386.0,24809052192.0,3038166824.0,1177868454.0,19074133469.0,0.10063594534378688,0.8217726560315004,0.28237811933924273,1.139084597099996,1.2786302098273044,0.10169900280964192,0.38280733087050545,1.5325049680417775,6.57371196108852,0.0,0.020719100448915926,TR
GLRMK,2024,10802267243.0,48353775846.0,27495842341.0,1228452328.0,4801977154.0,10777596411.0,43886509074.0,255494572.0,3595615916.0,16328258353.0,1629117648.0,4671164836.0,5669542146.0,7890202637.0,45177026541.0,5446634976.0,54601697105.0,43824100694.0,9042250892.0,3038166824.0,30189678386.0,0.1656038433129944,0.8026142595847433,0.6023538874395568,0.04229896316608461,18.794830420115538,0.08794556595495037,0.3928691148658634,1.7585849979179584,7.076234759583059,0.9714342096899892,0.029836392170506695,TR
GLRMK,2025,15858629265.0,62955328671.0,28741548598.0,1278550848.0,5709267192.0,19531193472.0,0.0,-1121913563.0,9960909377.0,23316434810.0,1783608587.0,4712140190.0,6747634964.0,13834304192.0,50104424269.0,5671016090.0,71589176880.0,52057983408.0,15631925467.0,9042250892.0,54601697105.0,0.21835598826904684,0.7271767280585054,0.36278423294506357,0.09093827868266637,5.088865470824155,0.0797504237486911,0.5517666945094091,2.1903944547852507,7.944988856091328,0.0,0.02491450055348087,TR
GLRYH,2010,8965598.0,14286002.0,1868791.0,25688.0,69082.0,12439433.0,0.0,0.0,0.0,15643.0,0.0,69082.0,69082.0,923129.0,1016404746.0,0.0,14323867.0,1884434.0,0.0,,,0.0,0.13155902662318772,,,inf,0.004822859636996071,4.797539157669316,7.644515625342802,16.110510510073716,0.0,0.0,TR
GLRYH,2011,5177351.0,9427728.0,92489.0,40572.0,-1475077.0,9631486.0,0.0,-2504551.0,0.0,18033.0,0.0,-458869.0,-462476.0,992211.0,1707135207.0,2002.0,9742008.0,110522.0,2002.0,0.0,14323867.0,0.0002055017815628975,0.011344889061885393,1.0,2502.048951048951,-0.5889586596559623,-0.1514140616595675,55.97801900766578,101.93350560607207,100.35330723328005,0.0,0.0,TR
GLRYH,2012,2230153.0,12448825.0,319740.0,108138.0,1690084.0,15247248.0,0.0,0.0,0.0,21901.0,0.0,-1207490.0,-1209831.0,1019163.0,0.0,0.0,15588889.0,341641.0,0.0,2002.0,9742008.0,0.0,0.021915673400458493,,0.0,inf,0.10841593650451935,6.97489522737224,38.93421217239007,56.15667349060003,,0.0,TR
GLRYH,2013,5645286.0,13647791.0,1458295.0,214999.0,-496420.0,17605830.0,0.0,-73712.0,0.0,85284.0,17704.0,1476086.0,1549055.0,-3420374.0,0.0,36434.0,19149409.0,1543579.0,36434.0,0.0,15588889.0,0.0019026174645912048,0.08060713518626084,1.0,4.046330350771258,-6.734588669416106,-0.025923515446351374,3.87115501321749,9.358731258078784,18.645398160736463,,0.0009245193937839021,TR
GLRYH,2018,19762518.0,136057333.0,83569335.0,821164.0,13273669.0,100863994.0,472854.0,-3595622.0,0.0,995753.0,8316606.0,10100631.0,9737012.0,5399188.0,6642821.0,19654798.0,185429082.0,84565088.0,19654798.0,36434.0,19149409.0,0.10599630752634584,0.456050836729052,1.0,0.36520030844184864,3.6916196975099163,0.07158353402191787,0.2364804984986419,1.6280772486702209,6.93522777686962,0.07118270987581933,0.044850602237247766,TR
GLRYH,2019,39027294.0,215120035.0,134416999.0,2667976.0,11176637.0,128257274.0,479194.0,-7237554.0,5702754.0,6450583.0,4341695.0,12017968.0,15814300.0,12979102.0,16766007.0,65166291.0,269124856.0,140867582.0,70869045.0,19654798.0,185429082.0,0.2633314739237613,0.523428359957952,0.9195311013433298,0.15990381672152384,1.544256111940581,0.04152956053973699,0.2903449287690168,1.6003930797473018,6.609465039472852,0.028581283545927184,0.016132642166652937,TR
GLRYH,2020,34125977.0,588754600.0,405247858.0,3304332.0,154945061.0,254283027.0,105204309.0,-18435703.0,3256295.0,4254506.0,12757587.0,123756921.0,157003360.0,20731942.0,230441887.0,156394545.0,663785391.0,409502364.0,159650840.0,70869045.0,269124856.0,0.24051574825936475,0.616919820098903,0.9796036463071538,0.15994891720512527,8.40461906985592,0.23342644038395235,0.08421013541791503,1.4528259394279142,7.3859932503138515,0.4565329262383622,0.019219445280018222,TR
GLRYH,2021,305441482.0,1189364745.0,784187272.0,7704430.0,477921290.0,876111202.0,105115849.0,-58982384.0,3347671.0,4939360.0,88778336.0,391346149.0,442431787.0,77537194.0,384341641.0,297077957.0,1665237834.0,789126632.0,300425628.0,159650840.0,663785391.0,0.18041004225706297,0.47388223825330167,0.9888569060426496,0.25640252480811515,8.102780145339667,0.28699881797184773,0.38950068804483223,1.5166845822001558,8.092312207547845,0.2734958635408439,0.05331270656201053,TR
GLYHO,2010,56887495.0,214214692.0,198041939.0,24836378.0,255847630.0,631276998.0,0.0,-83272081.0,299500020.0,485043106.0,-196367351.0,232656558.0,228147787.0,-39812647.0,201567756.0,79877767.0,1314362043.0,683085045.0,379377787.0,,,0.28864024872026833,0.5197084385066953,0.21054940414843,0.2194964593433089,3.0724298819913005,0.19465537015663803,0.28724973754170324,1.0816632733534284,5.510419169786996,0.0,-0.14940126432120346,TR
GLYHO,2011,63279456.0,295045062.0,417335724.0,47168277.0,-9981293.0,674986527.0,0.0,-140029188.0,202356523.0,436888809.0,-247361156.0,-85105228.0,-93104005.0,164040947.0,334525630.0,243225250.0,1529211060.0,854224533.0,445581773.0,379377787.0,1314362043.0,0.2913801663192261,0.5586047311219421,0.5458599627233854,0.3394813389398142,-0.07128008911970553,-0.006527086588034486,0.15162722087026512,0.706972935774844,3.8609250719963084,0.0,-0.16175736788092548,TR
GLYHO,2012,48868879.0,259188610.0,305425524.0,44056752.0,163867747.0,737331460.0,0.0,-84240312.0,176273277.0,291147545.0,-104852254.0,116976134.0,104672364.0,71320624.0,143156841.0,106575348.0,1333904529.0,596573069.0,282848625.0,445581773.0,1529211060.0,0.21204562909164543,0.4472382063559213,0.37679287993710414,0.2312926869369886,1.9452414539965142,0.12284818248787878,0.16000260344973657,0.8486147673761542,5.320198012601332,0.0,-0.07860551615234826,TR
GLYHO,2013,74333643.0,386385802.0,423279577.0,59915277.0,113257753.0,734952440.0,0.0,-120978714.0,607948170.0,844109017.0,-489593598.0,35549181.0,38718017.0,27303106.0,224216840.0,248032304.0,2002341034.0,1267388594.0,855980474.0,282848625.0,1333904529.0,0.4274898528599,0.6329534142683908,0.28976397421887923,0.21246157848658906,0.9361791777684131,0.05656266893444686,0.1756135826983214,0.9128382822968092,4.162572923434377,0.0,-0.24451059519164806,TR
GLYHO,2014,185345141.0,493150620.0,511948448.0,94603581.0,-31076787.0,743217936.0,0.0,-138717938.0,1024643703.0,1343914523.0,-762542457.0,-78713838.0,-101549210.0,77979155.0,336970472.0,308823221.0,2599080907.0,1855862971.0,1333466924.0,855980474.0,2002341034.0,0.5130532567911322,0.7140458636749933,0.23159421163115404,0.1267150223629168,-0.22402861120960435,-0.011956837094336748,0.36203868128534694,0.9632817951232465,3.6405071339265853,0.0,-0.29338927270262155,TR
GLYHO,2015,296169494.0,671417856.0,656306578.0,137373472.0,15735503.0,974606938.0,0.0,-182332169.0,1394487213.0,1807911689.0,-813022993.0,-48529453.0,-74426803.0,166125876.0,519156894.0,425529326.0,3438825205.0,2464218267.0,1820016539.0,1333466924.0,2599080907.0,0.52925532136781,0.7165872413105103,0.23380519730540755,0.11563857628512321,0.08630129881249864,0.0045758368227384215,0.4512669900437902,1.0230247242775616,3.8823420203150074,0.0,-0.23642463473219774,TR
GLYHO,2016,209040990.0,628824363.0,1032831346.0,161159003.0,22388480.0,912607796.0,0.0,-207596751.0,1465878890.0,1944998101.0,-958372576.0,-135610641.0,-141360064.0,88628591.0,599453940.0,793369945.0,3890437243.0,2977829447.0,2259248835.0,1820016539.0,3438825205.0,0.5807184884077051,0.765422820367546,0.3511653664302985,0.1017814395323034,0.10784600381342192,0.0057547464723362975,0.2023960550864226,0.6088354748675492,3.0034983968130904,0.0,-0.24634058234055414,TR
GLYHO,2017,439854352.0,919817688.0,729492534.0,206796473.0,-162223063.0,1594795491.0,0.0,-258820411.0,1537023467.0,2046747748.0,-1150697664.0,-386395233.0,-403975123.0,483087996.0,764513639.0,450951567.0,4371035773.0,2776240282.0,1987975034.0,2259248835.0,3890437243.0,0.45480639766889414,0.6351447176774226,0.22683965305773554,0.12187745171103435,-0.6267784769107719,-0.03711318584992052,0.6029593607876459,1.2609007565250832,4.249699768288761,0.0,-0.2632551467796006,TR
GMTAS,2018,16648828.0,48534972.0,10146698.0,207418.0,126042.0,172135122.0,0.0,-973555.0,0.0,743283.0,0.0,1890169.0,2321818.0,12163929.0,77970685.0,2588879.0,183025103.0,10889981.0,2588879.0,,,0.014144939451283903,0.05949993100126817,1.0,0.37605272397821604,0.12946572099162348,0.0006886596315697743,1.6408124101062238,4.783326753195966,21.444283624442967,0.0,0.0,TR
GMTAS,2019,35658906.0,68033125.0,12374535.0,2279330.0,8047302.0,187037259.0,0.0,-329742.0,0.0,1050534.0,0.0,10495123.0,13242748.0,14054098.0,137793420.0,4959233.0,200462328.0,13425069.0,4959233.0,2588879.0,183025103.0,0.024738977390305474,0.06697053323654906,1.0,0.08737072263898575,24.404843786960715,0.040143712189155065,2.8816360372329144,5.497832847860546,20.198247810855193,0.0,0.0,TR
GMTAS,2020,37518417.0,87784933.0,14676436.0,2729125.0,13988025.0,251945449.0,0.0,-389153.0,1418591.0,9041097.0,0.0,26480808.0,31459597.0,37572698.0,216105051.0,7370347.0,275662982.0,23717533.0,8788938.0,4959233.0,200462328.0,0.03188290983516967,0.08603815001899674,0.8385935820687324,0.05661160309978688,35.94479549174746,0.05074321150599757,2.5563711108064657,5.98135221657356,16.928994671823045,0.0,0.0,TR
GMTAS,2021,36005986.0,127112137.0,22347014.0,3650113.0,39740725.0,309648331.0,0.0,-864732.0,550703.0,17693796.0,0.0,44548415.0,52664024.0,50830193.0,316055308.0,9092134.0,349689141.0,40040810.0,9642837.0,8788938.0,275662982.0,0.02757545450918077,0.11450401315149789,0.9428899399626894,0.09383057247606376,45.95727346738643,0.11364586525722284,1.6112213470667713,5.688103878218361,14.57289559442195,0.0,0.0,TR
GMTAS,2022,65876913.0,401711166.0,97410580.0,16169225.0,175010486.0,1549273018.0,0.0,-219281334.0,0.0,201759914.0,0.0,-4185866.0,131039730.0,-2914396.0,1365796477.0,21405755.0,1848443512.0,299170494.0,21405755.0,9642837.0,349689141.0,0.011580421506545882,0.1618499521666746,1.0,14.125042063099029,0.7981093639278937,0.09467992116818337,0.6762808824257077,4.12389666502345,10.398541472890777,0.0,0.0,TR
GMTAS,2023,136273789.0,573507714.0,193272439.0,24461668.0,266252515.0,2350971411.0,0.0,-384650099.0,0.0,236620484.0,-565440942.0,5034662.0,76566893.0,29015379.0,2747764832.0,12591226.0,2780864334.0,429892923.0,12591226.0,21405755.0,1848443512.0,0.004527810237290058,0.15458967837587434,1.0,22.628485688185076,0.6921940633635454,0.09574451789851321,0.7050865074455857,2.96735383983021,10.566558802721564,0.0,-0.20333280379293756,TR
GMTAS,2024,384675007.0,892694892.0,321946272.0,43650925.0,388660266.0,3889700352.0,0.0,-233135862.0,0.0,296197073.0,-774876385.0,476300310.0,325750363.0,0.0,3700193254.0,0.0,4507843697.0,618143345.0,0.0,12591226.0,2780864334.0,0.0,0.1371261708588917,,37.03147922211864,1.667097728619718,0.08621866509228258,1.1948422468454611,2.77280704775485,11.267148007991253,0.0,-0.17189513148286073,TR
GMTAS,2025,179453579.0,1127020668.0,563533999.0,75818262.0,515654153.0,4529611282.0,0.0,-647461906.0,0.0,506159928.0,4546238.0,-163613475.0,-5732488.0,518897283.0,6158788142.0,0.0,5599305209.0,1069693927.0,0.0,0.0,4507843697.0,0.0,0.1910404750361948,,inf,0.7964239258270741,0.09209252465308862,0.3184432160587351,1.9999160121659314,9.277355374665934,0.0,0.000811928950165574,TR
GOKNR,2019,38292399.0,792620102.0,617675621.0,16402350.0,66604230.0,247516235.0,569347723.0,-64269893.0,146272129.0,149370940.0,-339325872.0,1463483.0,3515276.0,194540729.0,692976872.0,492874909.0,1014562796.0,767046561.0,639147038.0,,,0.6299728715855653,0.7560365548827004,0.771144790942456,0.1005557237675879,1.0363208477723775,0.06564820853139187,0.061994350591343804,1.2832303478592366,5.786240176181357,0.8215970056212785,-0.3344552681586799,TR
GOKNR,2020,109221821.0,1137015324.0,999818527.0,17070264.0,273348870.0,292841300.0,896243013.0,-207393238.0,90949156.0,95027002.0,-260294169.0,68095940.0,68980604.0,177301559.0,1171529887.0,717573935.0,1387686829.0,1094845529.0,808523091.0,639147038.0,1014562796.0,0.5826408913765081,0.788971622501434,0.8875119869643896,0.2865200211642966,1.3180220948187327,0.1969816707109497,0.10924164540911734,1.1372216990333888,5.91965512201129,0.7650193332199642,-0.18757414393532448,TR
GOKNR,2021,201510324.0,2181378741.0,1826748826.0,27660581.0,778583714.0,817815656.0,1769161041.0,-665505391.0,309961121.0,400336245.0,-566601354.0,126474940.0,118357675.0,36784613.0,1982470615.0,1399287796.0,3044900727.0,2227085071.0,1709248917.0,808523091.0,1387686829.0,0.561347994646789,0.7314146734741805,0.8186565350914304,0.5286462705005973,1.1699134590481477,0.25570085326463254,0.11031090926782947,1.1941317328099927,6.157289415916913,0.8924021509393217,-0.1860820449664532,TR
GOLTS,2010,44052814.0,121763794.0,42859767.0,21088515.0,3959024.0,288269187.0,68436639.0,-7330923.0,81778486.0,98430497.0,-56977959.0,6191933.0,8687271.0,126378781.0,185328258.0,1576550.0,429559451.0,141290264.0,83355036.0,,,0.19404772914657628,0.32891899752427983,0.018913674273981478,0.08794817148180466,0.5400444118701014,0.009216475136988663,1.027836058931445,2.840981240052005,7.618299877827325,0.3692725531365001,-0.13264277824025805,TR
GOLTS,2011,56785797.0,141787379.0,61214476.0,24516865.0,15032282.0,285071505.0,73900730.0,-27253364.0,90401960.0,105094752.0,-91785500.0,1730565.0,3220260.0,126414075.0,234623592.0,20498787.0,451380733.0,166309228.0,110900747.0,83355036.0,429559451.0,0.24569224801183528,0.3684455623408277,0.18483903449270725,0.28059256284792305,0.5515752844309422,0.03330288800784946,0.9276530767003544,2.316239364688836,7.357585173506628,0.3149756994599247,-0.20334385871981825,TR
GOLTS,2012,41786487.0,167714382.0,93681156.0,24541899.0,49674535.0,305963015.0,84024648.0,-14953320.0,57732106.0,73381217.0,-57316880.0,27236030.0,35352996.0,122153758.0,290207073.0,38384544.0,473025388.0,167062373.0,96116650.0,110900747.0,451380733.0,0.20319554180039065,0.35317844927173336,0.39935374360217507,0.14446438045011262,3.3219736486613005,0.10501452196895614,0.44605007863054125,1.7902680662907278,7.747265038710835,0.2895334256722268,-0.12117083237824013,TR
GOLTS,2013,26112389.0,181802359.0,82682927.0,21110613.0,66488085.0,301236621.0,86224277.0,-32151636.0,94222023.0,107418071.0,-111361216.0,25410142.0,33500531.0,106402680.0,299678253.0,26032571.0,491337619.0,190100998.0,120254594.0,96116650.0,473025388.0,0.2447494133356803,0.38690503362414025,0.21647880662255614,0.29718954705459844,2.067953400567237,0.13532056661022734,0.3158135536251638,2.1987895880850954,7.852548890297378,0.28772283653161845,-0.2266490732516046,TR
GOLTS,2018,5643048.0,356842513.0,326761046.0,17148477.0,95391168.0,299899158.0,140361058.0,-148666052.0,196136106.0,206976017.0,-287326463.0,286095.0,-6643654.0,173991223.0,552411216.0,160302930.0,833636221.0,533737063.0,356439036.0,120254594.0,491337619.0,0.4275714358625499,0.6402517663636883,0.4497344954103175,0.6237383621006222,0.6416472807120754,0.11442781107276287,0.01726964725164945,1.0920595259693227,5.526056377829153,0.25408799447692604,-0.34466648132843064,TR
GOLTS,2019,7857415.0,333800179.0,309741049.0,16970656.0,92315718.0,333401996.0,125849144.0,-148983931.0,212893310.0,225527600.0,-232623832.0,36962318.0,43314348.0,173142671.0,420768951.0,231217715.0,868670645.0,535268649.0,444111025.0,356439036.0,833636221.0,0.5112536351449979,0.6161928598381496,0.5206304324464811,0.3722039089320612,0.6196354021562231,0.106272404312684,0.025367690286346257,1.0776749806900796,5.449631843620331,0.29909322848301134,-0.26779290095615005,TR
GOLTS,2020,4709444.0,442831541.0,416933280.0,15582509.0,84093430.0,339843930.0,295186928.0,-189351634.0,260710243.0,275564272.0,-359401132.0,7567998.0,-9795761.0,197834601.0,665262526.0,261414012.0,1032341482.0,692497552.0,522124255.0,444111025.0,868670645.0,0.5057670006522125,0.6708027954649216,0.5006739478134377,0.39193690795475816,0.4441125129134085,0.08145892756056082,0.011295437965518127,1.06211608005962,5.101998703604874,0.44371494930709504,-0.3481417130538207,TR
GOLTS,2021,10429767.0,651609470.0,660661229.0,18677175.0,57152855.0,460921464.0,344362679.0,-331283810.0,453041573.0,470084912.0,-759955173.0,-49175336.0,-51782186.0,203533559.0,947934602.0,377099521.0,1591667605.0,1130746141.0,830141094.0,522124255.0,1032341482.0,0.5215543065601314,0.7104160048542296,0.45425955144921426,0.48996864446017835,0.1725193120665933,0.03590753171105722,0.015786861014663842,0.9862989402091885,4.2988699433450694,0.3632768318335952,-0.4774584659590405,TR
GOLTS,2022,56311746.0,2117032904.0,2077513609.0,92536511.0,762758900.0,3806294128.0,1920287423.0,-76164165.0,615345217.0,999491800.0,-1310589952.0,982101362.0,1112510714.0,1094022468.0,5306640680.0,1003808437.0,6883299537.0,3077005409.0,1619153654.0,830141094.0,1591667605.0,0.23522928870035603,0.44702477241620586,0.6199587262889875,0.062192731244120565,10.014668971950261,0.11081297507102807,0.02710535601598555,1.019022400059763,5.849329495941043,0.3618649798991101,-0.19040141213601816,TR
GOLTS,2023,100364699.0,2290857095.0,1998298857.0,112724467.0,1657323801.0,7671764478.0,2151894048.0,-410479290.0,452497982.0,541741764.0,-823220953.0,2428852042.0,1753835316.0,2759084267.0,7738108959.0,994535112.0,10211805099.0,2540040621.0,1447033094.0,1619153654.0,6883299537.0,0.1417019890187389,0.24873571287105115,0.6872925824044768,0.26774578571755014,4.037533296746835,0.162294891542955,0.050225069512713036,1.1464036457685869,8.580712805153661,0.27809043002647127,-0.08061463619988347,TR
GOLTS,2024,183653445.0,3159261298.0,2844347948.0,206900067.0,1502351764.0,10510174589.0,1803337765.0,-294313587.0,233096216.0,355260336.0,-507991888.0,775600293.0,1427093420.0,6318674236.0,7480513268.0,1768160923.0,13709782872.0,3199608284.0,2001257139.0,1447033094.0,10211805099.0,0.1459729273384221,0.23338139734763264,0.883525104566785,0.17070116905092889,5.1045953376253745,0.10958246224805711,0.06456785469201674,1.1107154805801558,9.088645254230254,0.2410713944876329,-0.037053240940634495,TR
GOLTS,2025,109383656.0,3540019465.0,3321531658.0,319861116.0,494943840.0,11350879928.0,3086811201.0,-566970422.0,461102177.0,571733535.0,-573376467.0,346239843.0,531499388.0,7570559140.0,7472574273.0,1860220922.0,15244145122.0,3893265193.0,2321323099.0,2001257139.0,13709782872.0,0.15227637105408554,0.2553941307854206,0.8013623449494653,0.2623296229486903,0.8729623641636812,0.03246779901653576,0.03293169153951806,1.0657792336477558,8.242481602499383,0.4130853823900159,-0.03761289743775243,TR
GOODY,2010,31592129.0,349222231.0,200825709.0,25286511.0,31332334.0,273396236.0,448809232.0,-16910898.0,191553.0,37625590.0,33999297.0,13784361.0,29144248.0,161357298.0,808344373.0,80265482.0,511847535.0,238451299.0,80457035.0,,,0.1571894548637418,0.46586391980963626,0.9976191889248716,0.21018544866834826,1.8527894852183486,0.06121419340233806,0.15731117871965286,1.7389318964137206,7.794831428663377,0.5552203330547586,0.06642465710028281,TR
GOODY,2011,1662421.0,484746622.0,286875227.0,25537151.0,73054816.0,332239616.0,706210209.0,-31255482.0,75255.0,33274927.0,5018366.0,61584443.0,76938488.0,172400596.0,1235675615.0,119075716.0,652389770.0,320150154.0,119150971.0,80457035.0,511847535.0,0.1826377059836484,0.49073447917492635,0.9993684063220937,0.31316862110230187,2.337344085751101,0.11198032121196505,0.005794927004972792,1.6897472363481563,7.943309542314673,0.5715174762917046,0.007692281870085118,TR
GOODY,2012,17172969.0,406035307.0,182670276.0,26065085.0,74680348.0,369497209.0,658635994.0,-16510870.0,264537.0,27990795.0,54947363.0,52110135.0,64910889.0,219132497.0,1134707544.0,28839931.0,580158280.0,210661071.0,29104468.0,119150971.0,652389770.0,0.05016642699643966,0.363109651731593,0.9909107769982258,0.2227354370452473,4.523101932242214,0.12872409232873483,0.09401074644459398,2.222777103594019,9.713700402523113,0.580445593653337,0.09471098645700618,TR
GOODY,2013,53411390.0,452585366.0,182565137.0,25389157.0,88670046.0,428330394.0,652443079.0,-7313195.0,523207.0,26276410.0,113959180.0,68681439.0,87521566.0,261394378.0,1100064285.0,296105.0,637171941.0,208841547.0,819312.0,29104468.0,580158280.0,0.0012858569991549581,0.32776325126972283,0.36140688773019314,0.48878818117229844,12.124665895002115,0.13916188126683376,0.29256073135146277,2.479035008748686,10.456078655508326,0.593095410783198,0.17885153546019064,TR
GOODY,2018,27452754.0,1205017124.0,864953552.0,36883210.0,231949410.0,655882974.0,1412267151.0,-112704702.0,9778422.0,44880574.0,112781745.0,126029389.0,163785650.0,250453687.0,2462610151.0,301810047.0,1565717100.0,909834126.0,311588469.0,819312.0,637171941.0,0.1990068761463996,0.581097393647933,0.9686175100401421,0.7215230148188915,2.0580278008276887,0.14814260507214233,0.031738992153419125,1.3931581889150968,6.948706553121344,0.5734838502255487,0.07203200693152038,TR
GOODY,2019,27758859.0,1148113402.0,609879327.0,50934006.0,469420289.0,900820820.0,1658556647.0,-165020413.0,43436536.0,76756447.0,-133261573.0,269362259.0,326534452.0,346693248.0,3003248689.0,24033310.0,1587456594.0,686635774.0,67469846.0,311588469.0,1565717100.0,0.04250185249474607,0.4325382984298467,0.3562081644591274,0.8706861528680621,2.844619525949193,0.2957059051404841,0.045515330281067225,1.8825255278738118,9.550840035262043,0.5522541816383025,-0.08394659325091443,TR
GOODY,2020,202429327.0,1454275496.0,781241517.0,62315742.0,253509982.0,1052116374.0,1382905831.0,-116236943.0,29159407.0,84984365.0,-341242171.0,151247313.0,195128021.0,605727777.0,3194516530.0,23242603.0,1918342256.0,866225882.0,52402010.0,67469846.0,1587456594.0,0.027316298661566887,0.451549184870794,0.4435441121437899,1.9393533541351025,2.1809759914281295,0.13215054884345934,0.25911235206410566,1.8614928474160954,8.744263732848136,0.43289988266236956,-0.17788388382349224,TR
GOODY,2021,52571976.0,2619253231.0,1771708389.0,77008980.0,635230894.0,1317358538.0,2087397516.0,-235137567.0,36385046.0,107706573.0,-724570667.0,367465078.0,455826805.0,648703365.0,4634156553.0,135608371.0,3196773500.0,1879414962.0,171993417.0,52402010.0,1918342256.0,0.05380219055244295,0.5879099542085168,0.7884509382123619,2.0957429493427244,2.7015287353041293,0.19871000995222213,0.029673041188043953,1.4783771681966111,7.722073171711422,0.45043741878955035,-0.22665686730698936,TR
GOZDE,2014,190668509.0,522392515.0,159960907.0,232046.0,100850527.0,754049787.0,0.0,-139632409.0,682966141.0,682983097.0,-370781067.0,60171733.0,60171733.0,106575498.0,51315.0,154952315.0,1596993791.0,842944004.0,837918456.0,,,0.5246848552086826,0.5278317353207543,0.18492529182338477,0.1666420019754285,0.7222573020279268,0.063150231120717,1.1919694166275263,3.265751143809156,6.3199630110828595,0.0,-0.2321743948470993,TR
GOZDE,2015,227901.0,399960403.0,799848626.0,232430.0,184977717.0,834428522.0,0.0,-209771959.0,0.0,20702.0,-299733078.0,80378735.0,80378735.0,166747231.0,28467508.0,796912007.0,1634297850.0,799869328.0,796912007.0,837918456.0,1596993791.0,0.48761736240428877,0.4894268985301547,1.0,0.2566283951120625,0.8818038306063586,0.11318482552002378,0.00028493016377326375,0.5000451210376899,3.833452008389412,0.0,-0.18340174528162048,TR
GOZDE,2016,527736.0,46259244.0,430801906.0,121275.0,227211093.0,951252563.0,0.0,-202336471.0,327362183.0,327429650.0,-414292149.0,116824041.0,116824041.0,247125966.0,71319545.0,429817278.0,1709484119.0,758231556.0,757179461.0,796912007.0,1634297850.0,0.4429286312662142,0.4435440771708041,0.567655754201711,0.2603919719865549,1.122936917289617,0.13291208176470928,0.0012250085077385893,0.10737938564273669,4.456086350335818,0.0,-0.2423492236022346,TR
GOZDE,2017,2419785.0,101736578.0,749219921.0,9025.0,2137280995.0,2941324436.0,0.0,-197401953.0,364345140.0,411583702.0,-551354473.0,1990071873.0,1990071873.0,363950007.0,15661744.0,414829666.0,4102128059.0,1160803623.0,779174806.0,757179461.0,1709484119.0,0.18994404728309336,0.2829759593811842,0.5323961488559732,0.2569745237020909,10.827050910686784,0.5210176192112875,0.0032297392690390034,0.1357900065767205,8.66559955855908,0.0,-0.13440693831835346,TR
GOZDE,2018,3009682.0,101429509.0,918992169.0,7772.0,-358236646.0,2258412898.0,0.0,-492789731.0,116612837.0,597885097.0,-324883158.0,-682911538.0,-682911538.0,2354021880.0,20134271.0,302862583.0,3775290164.0,1516877266.0,419475420.0,779174806.0,4102128059.0,0.11111077606695982,0.4017909088060231,0.7220031700546363,0.8222410846982146,-0.7269563943084683,-0.09488983109590725,0.0032749811168412686,0.11037037356952711,4.787751846700852,0.0,-0.08605514911091745,TR
GOZDE,2019,1846632.0,102278974.0,974136953.0,6307.0,323709102.0,2249506981.0,0.0,-393344136.0,92036509.0,909168369.0,-395951713.0,-8905917.0,-8905917.0,1671110342.0,34728516.0,44885898.0,4132812303.0,1883305322.0,136922407.0,419475420.0,3775290164.0,0.03313056508775109,0.4556958274231115,0.32781996010338904,1.4138952990555083,0.822966640082312,0.07832659174117833,0.0018956595315607538,0.10499445040557864,4.964812889431611,0.0,-0.09580684627573806,TR
GOZDE,2020,50703.0,349762.0,1084708699.0,5207.0,2034473248.0,3963806884.0,0.0,-385623269.0,75085555.0,984551240.0,-478511682.0,1714299903.0,1714299903.0,1662204425.0,74616212.0,57604273.0,6033066823.0,2069259939.0,132689828.0,136922407.0,4132812303.0,0.02199376070129764,0.3429864113407981,0.43412727160969716,2.8605769244856414,5.275805200437736,0.33722040674967013,4.6743425259466824e-05,0.0003224478611837887,7.24658020964248,0.0,-0.0793148320810502,TR
GOZDE,2021,60887.0,130557.0,1213603455.0,5361.0,7748041862.0,11417897895.0,0.0,-294741355.0,0.0,250202618.0,-200995570.0,7454091011.0,7454091011.0,3376504328.0,1695682802.0,134075760.0,12881703968.0,1463806073.0,134075760.0,132689828.0,6033066823.0,0.010408231731847233,0.11363450647804857,1.0,2.209740448232026,26.287596669289925,0.6014764724641435,5.0170424078102186e-05,0.00010757797323508774,15.718611636806079,0.0,-0.015603181884888974,TR
GOZDE,2022,0.0,96387.0,2895184272.0,41791.0,863421422.0,31123090928.0,0.0,-645356835.0,411932297.0,412702577.0,-168374231.0,218064587.0,218064587.0,25611632010.0,1081202.0,2414134735.0,34430977777.0,3307886849.0,2826067032.0,134075760.0,12881703968.0,0.08207919770108363,0.0960729860889887,0.8542383134102531,0.4360308811751403,1.3378976950015569,0.025076877792787174,0.0,3.329218141041352e-05,15.171082778264154,0.0,-0.00489019603481823,TR
GOZDE,2023,64096.0,220555.0,4091713044.0,136522.0,-12035656942.0,32221349867.0,0.0,-679652228.0,360946929.0,361872452.0,-257959505.0,-12713786443.0,-12713786443.0,37292598608.0,130828688.0,0.0,36674935363.0,4453585496.0,360946929.0,2826067032.0,34430977777.0,0.009841787733977744,0.12143403804040673,0.0,0.42651349276596406,-17.70855217736445,-0.32817118347650404,1.5664832628961845e-05,5.390285135547741e-05,11.224422536651977,0.0,-0.00703367306436335,TR
GOZDE,2024,157906.0,3569518953.0,8835018.0,165187.0,-11119229578.0,31806517556.0,0.0,-368869762.0,4672226565.0,4674172939.0,-4672326183.0,-10368757650.0,-10368757650.0,32171779630.0,3769127547.0,0.0,36489525513.0,4683007957.0,4672226565.0,360946929.0,36674935363.0,0.12804295203387728,0.12833841742698465,0.0,0.1465754210299829,-30.14405278901663,-0.30472387408925306,0.017872742307938706,404.01943187891635,11.84813043671032,0.0,-0.12804568207759803,TR
GOZDE,2025,64806.0,112406192.0,27627793.0,261096.0,-7591216346.0,29906598739.0,0.0,-635290138.0,0.0,1491245138.0,-1485965491.0,-7548269937.0,-7548269937.0,25674905263.0,546305.0,0.0,31425471670.0,1518872931.0,0.0,4672226565.0,36489525513.0,0.0,0.048332542052184256,,0.27194320701783004,-11.94921169388592,-0.24156252691178778,0.0023456813940947075,4.068591074212841,24.982341311685328,0.0,-0.04728538386326152,TR
GRNYO,2010,2760662.0,31109760.0,129868.0,10475.0,3428750.0,30952098.0,0.0,0.0,0.0,44774.0,1627558.0,3428750.0,3428750.0,437046.0,169958819.0,0.0,31126740.0,174642.0,0.0,,,0.0,0.0056106742948346024,,,inf,0.1101544845364468,21.257446022114763,239.54908060492193,196.65834460114021,0.0,0.052288096986706604,TR
GRNYO,2011,6858224.0,30338078.0,264790.0,34388.0,-637551.0,30266795.0,0.0,0.0,0.0,63163.0,402216.0,-637551.0,-637551.0,136547.0,66654153.0,0.0,30594748.0,327953.0,0.0,0.0,31126740.0,0.0,0.010719258089656434,,,-inf,-0.020838576607985135,25.900615582159446,114.57410778352657,106.47724555573544,0.0,0.013146570123734963,TR
GRNYO,2012,1016413.0,34430743.0,184601.0,60321.0,4101730.0,34368525.0,0.0,0.0,0.0,85190.0,0.0,4101730.0,4101730.0,-501004.0,139929636.0,0.0,34638316.0,269791.0,0.0,0.0,30594748.0,0.0,0.00778880243485278,,,inf,0.11841597611154075,5.505999425788593,186.5143904962595,144.2432453323795,0.0,0.0,TR
GRNYO,2013,3744037.0,34431211.0,259739.0,61573.0,941296.0,34213239.0,0.0,0.0,0.0,119000.0,0.0,941296.0,941296.0,352517.0,112308024.0,0.0,34591978.0,378739.0,0.0,0.0,34638316.0,0.0,0.010948752337897532,,,inf,0.027211395659421385,14.41461236086995,132.56080526990556,104.79767595363299,0.0,0.0,TR
GRNYO,2014,4711226.0,36194357.0,202064.0,60831.0,1960844.0,35965348.0,0.0,0.0,0.0,129165.0,0.0,1960844.0,1960844.0,1652422.0,78634354.0,0.0,36296577.0,331229.0,0.0,0.0,34591978.0,0.0,0.009125626364161006,,,inf,0.05402283526625665,23.31551389658722,179.12323323303508,124.277047615626,0.0,0.0,TR
GRNYO,2015,4715068.0,35139891.0,176663.0,92150.0,282262.0,34823176.0,0.0,0.0,0.0,172384.0,0.0,282262.0,282262.0,2115224.0,61249924.0,0.0,35172223.0,349047.0,0.0,0.0,36296577.0,0.0,0.009923939126622733,,,inf,0.00802513961087987,26.689618086413113,198.90917169979,114.77576265326216,0.0,0.0,TR
GRNYO,2016,6683013.0,35614094.0,147957.0,21666.0,1653275.0,35367365.0,0.0,0.0,0.0,175073.0,0.0,1820808.0,1862691.0,1133373.0,93078430.0,0.0,35690395.0,323030.0,0.0,0.0,35172223.0,0.0,0.009050894505370423,,,inf,0.046322687098307544,45.16861655751333,240.7057050359226,125.1442256264612,0.0,0.0,TR
GRNYO,2017,4019943.0,36663607.0,625652.0,21364.0,2119360.0,35914567.0,0.0,0.0,0.0,190229.0,1936754.0,2119360.0,2119360.0,1313140.0,62887551.0,0.0,36730448.0,815881.0,0.0,0.0,35690395.0,0.0,0.02221266127764083,,,inf,0.05770035802449238,6.425206025074642,58.60063901338124,56.41095330900425,0.0,0.052728842294545386,TR
GRNYO,2018,11517386.0,38127153.0,248299.0,26312.0,2321853.0,37708739.0,0.0,0.0,0.0,249073.0,5266335.0,2321853.0,2321853.0,1328532.0,28591495.0,0.0,38206111.0,497372.0,0.0,0.0,36730448.0,0.0,0.0130181268645741,,,inf,0.060771770254240215,46.38514855073923,153.55338926052863,89.88232043805833,0.0,0.13784012196373507,TR
GRNYO,2019,20014349.0,41298208.0,786726.0,388003.0,3832372.0,40621764.0,0.0,-193489.0,855660.0,1174344.0,6078607.0,3638883.0,3638883.0,1331042.0,40959720.0,472974.0,42582834.0,1961070.0,1328634.0,0.0,38206111.0,0.03120116430014968,0.046053064481335365,0.3559851697307159,0.29126004603224065,19.806666012021356,0.08999804944875205,25.44005028434296,52.4937627585716,31.947375373172772,0.0,0.14274782650680318,TR
GRNYO,2020,6499446.0,41874967.0,929043.0,392259.0,1368066.0,40853376.0,0.0,-166540.0,623849.0,1046313.0,6068365.0,1201526.0,1201526.0,1342981.0,43767616.0,571712.0,42828732.0,1975356.0,1195561.0,1328634.0,42582834.0,0.027914928697865722,0.04612221533899252,0.4781955918602229,0.13195494008981082,8.214639125735559,0.03194271546493602,6.995850568811131,45.07322804218965,31.554094629075777,0.0,0.1416891118793804,TR
GRNYO,2021,41937554.0,41959671.0,564356.0,267040.0,1124302.0,41475049.0,0.0,-122523.0,191166.0,392657.0,0.0,1001779.0,1001779.0,2109431.0,138838212.0,272432.0,42432062.0,957013.0,463598.0,1195561.0,42828732.0,0.010925653342041214,0.02255400644917987,0.5876470562858338,0.147692897425744,9.176252621956694,0.02649652048491068,74.31046006421478,74.34964986639639,55.49476179733126,0.0,0.0,TR
GRSEL,2018,18644730.0,111285412.0,147850678.0,4153006.0,6483927.0,28171541.0,5591654.0,-12086026.0,12787358.0,20666191.0,-1149906.0,-6938600.0,-4415261.0,24118081.0,325952198.0,27253715.0,196688410.0,168516869.0,40041073.0,,,0.20357616902795644,0.8567707116042069,0.6806439727526782,0.3018407124104791,0.5364813049384471,0.03296547569833932,0.12610513696798875,0.7526878706636706,2.827270038598253,0.017154828328539144,-0.005846333294371539,TR
GRSEL,2019,29394955.0,136443789.0,165360609.0,4646102.0,28136279.0,54390488.0,7500325.0,-8871333.0,12498256.0,21084642.0,63902.0,26352283.0,33411355.0,17174337.0,417818716.0,26211127.0,240835739.0,186445251.0,38709383.0,40041073.0,196688410.0,0.1607293965618616,0.7741593991579464,0.6771259309403097,0.22530239062996663,3.1715954073643724,0.11682767315527036,0.17776274033920617,0.825128728208784,3.786216710002375,0.01795114654461769,0.0002653343738156736,TR
GRSEL,2020,18198343.0,146061182.0,133961858.0,6935316.0,61942497.0,167836330.0,6628349.0,-6865855.0,23273916.0,71444082.0,68133.0,54360643.0,68853717.0,22807808.0,444525005.0,22565586.0,373242270.0,205405940.0,45839502.0,38709383.0,240835739.0,0.12281433718640711,0.5503287181272367,0.492273803498127,0.16241148537913894,9.021818404262834,0.16595788306613826,0.13584719764039105,1.0903191712972509,5.635051466601923,0.014911082448556521,0.00018254363312065377,TR
GRSEL,2021,43200664.0,242321067.0,283064141.0,19972917.0,73622746.0,374569553.0,82939316.0,-16077805.0,52017446.0,145163754.0,99460.0,76604370.0,90722703.0,45823486.0,633490056.0,79185388.0,802797448.0,428227895.0,131202834.0,45839502.0,373242270.0,0.1634320516674089,0.5334196017523962,0.6035341279289744,0.18162667035753527,4.5791540574102,0.09170774792996103,0.15261793262608986,0.856064163210274,4.637858667506083,0.13092441659415724,0.000123891774005739,TR
GRTHO,2020,2204773.0,110023145.0,78093415.0,877144.0,4133311.0,41802358.0,0.0,-1278248.0,1922217.0,35107717.0,11560068.0,7363948.0,9388894.0,18849741.0,403403454.0,12041227.0,155003490.0,113201132.0,13963444.0,,,0.09008470712498151,0.7303134400393179,0.86233933404968,0.09154245900939625,3.233575174770467,0.02666592216730088,0.028232508464382047,1.4088658435541588,5.5646956767739715,0.0,0.0745794046314699,TR
GRTHO,2021,20731194.0,343533556.0,101240950.0,802105.0,83488463.0,576424344.0,0.0,-8701908.0,339512.0,76840533.0,33869435.0,219566263.0,264703630.0,10924220.0,621154161.0,71793082.0,754505827.0,178081483.0,72132594.0,13963444.0,155003490.0,0.09560243462506751,0.23602399958668577,0.9952932234767545,0.20214421481276526,9.594270934604227,0.1106531719336874,0.20477083630685014,3.393227305749304,9.546086542696582,0.0,0.04488956054145888,TR
GRTHO,2022,5622538.0,993972702.0,261905949.0,11106298.0,397482994.0,2317129780.0,0.0,-303331169.0,5607392.0,66910196.0,937982.0,555897823.0,530749776.0,1430698913.0,1365987281.0,219688047.0,2645945925.0,328816145.0,225295439.0,72132594.0,754505827.0,0.08514740867200452,0.12427167989081259,0.9751109386639647,2.039694550244361,1.3103928465722559,0.15022340035161527,0.021467775059970096,3.7951512968496948,15.23644466519134,0.0,0.00035449779647329715,TR
GRTHO,2023,72264026.0,1966414206.0,324963742.0,49029876.0,568176545.0,4170206256.0,236185034.0,16200724.0,150815258.0,252561258.0,81677522.0,736954668.0,782508033.0,2012655030.0,3281364122.0,27957756.0,4747731256.0,577525000.0,178773014.0,225295439.0,2645945925.0,0.03765440888720766,0.12164231058153221,0.15638689181578602,0.08018801705363522,35.071058861320026,0.11967327432064744,0.2223756581434245,6.0511803375282405,15.286059131424501,0.07197769745103588,0.01720348469530138,TR
GRTHO,2024,15207067.0,2249322757.0,634954563.0,119672690.0,645630906.0,6716641957.0,724756590.0,-805377189.0,215939059.0,442052316.0,-148829383.0,1090033917.0,1184231833.0,3581568256.0,4550132246.0,291737722.0,7793648836.0,1077006879.0,507676781.0,178773014.0,4747731256.0,0.06513980699963885,0.13819032672156695,0.5746524814968837,2.3464999039004737,0.8016503506905259,0.08284064622179751,0.023949850723413102,3.5424940429950103,13.211868686738185,0.15928253308178683,-0.019096239275310352,TR
GRTHO,2025,1087173972.0,3745606738.0,925991232.0,129878920.0,718409827.0,9928500447.0,3983593512.0,-799816300.0,113043704.0,590472188.0,4036397.0,1976676869.0,2250995020.0,5128691584.0,8002491228.0,71162288.0,11444963866.0,1516463420.0,184205992.0,507676781.0,7793648836.0,0.016094938713369634,0.13250049871323902,0.3863190726173555,2.311999463527617,0.8982185371816003,0.06277082526526868,1.1740650822922696,4.044969983041913,13.623323530132364,0.4977941741518895,0.00035267887668838187,TR
GSDDE,2011,42409000.0,58567000.0,0.0,5000.0,-366000.0,61974000.0,0.0,-6713000.0,0.0,55000.0,4088000.0,3483000.0,3078000.0,12375000.0,0.0,13867000.0,77072000.0,55000.0,13867000.0,,,0.17992266971143867,0.0007136184347104007,1.0,0.4840989399293286,-0.05452107850439446,-0.004748806310981939,inf,inf,1191.8664700539757,,0.05304131201992942,TR
GSDDE,2012,16834000.0,25696000.0,852000.0,3000.0,423000.0,63409000.0,0.0,-98000.0,0.0,185000.0,39332000.0,1294000.0,1370000.0,15684000.0,0.0,11000.0,64446000.0,1037000.0,11000.0,13867000.0,77072000.0,0.0001706855351767371,0.016090990907116035,1.0,0.014123072488831243,4.316326530612245,0.006563634670887254,19.758215962441316,30.15962441314554,70.820274860123,,0.6103094063246749,TR
GSDDE,2013,5442000.0,25187000.0,21787000.0,3101000.0,1996000.0,91965000.0,0.0,-7245000.0,53985000.0,54388000.0,58573000.0,-5063000.0,-5141000.0,20114000.0,0.0,18252000.0,168140000.0,76175000.0,72237000.0,11000.0,64446000.0,0.4296241227548471,0.4530450814797193,0.25266830017857883,0.20055918502934336,0.2755003450655625,0.011871059831093137,0.24978198007986413,1.1560563638867214,5.120057427334161,,0.3483585107648388,TR
GSDDE,2014,6850000.0,36893000.0,31509000.0,7064000.0,-116000.0,97483000.0,0.0,-9122000.0,139327000.0,139770000.0,69309000.0,-8549000.0,-9000000.0,11721000.0,0.0,28075000.0,268762000.0,171279000.0,167402000.0,72237000.0,168140000.0,0.6228633512178061,0.6372887536184431,0.1677100632011565,0.07613118065089572,-0.012716509537382154,-0.00043160863514931427,0.21739820368783522,1.1708718144022343,4.118290298752133,,0.2578824387376192,TR
GSDDE,2015,14707000.0,28675000.0,27443000.0,14299000.0,-6326000.0,98657000.0,0.0,-20522000.0,174225000.0,174651000.0,85564000.0,-15218000.0,-16763000.0,5555000.0,31583000.0,24145000.0,300751000.0,202094000.0,198370000.0,167402000.0,268762000.0,0.6595821792778744,0.6719645154962078,0.12171699349700056,0.11221197904705664,-0.30825455608615143,-0.021034011524483708,0.5359107969245345,1.04489305105127,3.708320014890891,0.0,0.2845011321658116,TR
GSDDE,2016,17321000.0,22822000.0,123434000.0,18074000.0,-9291000.0,96340000.0,0.0,-23424000.0,141508000.0,142048000.0,95588000.0,-28345000.0,-30946000.0,-19256000.0,33068000.0,120748000.0,361822000.0,265482000.0,262256000.0,198370000.0,300751000.0,0.724820491844056,0.7337364781577682,0.4604203526325423,0.10170507092521916,-0.39664446721311475,-0.025678372238282912,0.1403260041803717,0.18489233112432554,1.4608350874479707,0.0,0.26418515181498087,TR
GSDDE,2017,27634000.0,33329000.0,33140000.0,18000000.0,3939000.0,92209000.0,0.0,-21365000.0,255615000.0,256224000.0,89863000.0,-15539000.0,-17426000.0,-51489000.0,59424000.0,31226000.0,381573000.0,289364000.0,286841000.0,262256000.0,361822000.0,0.7517329580447254,0.7583450611023317,0.10886170387078556,0.0778186732034595,0.1843669553007255,0.010323057449033344,0.8338563669281834,1.005703077851539,3.217313739514803,0.0,0.23550670513899044,TR
GSDDE,2022,814426000.0,1059755000.0,196738000.0,81546000.0,316355000.0,1740257000.0,0.0,-347231000.0,396347000.0,400120000.0,1505542000.0,62415000.0,55975000.0,-790801000.0,514200000.0,159535000.0,2337115000.0,596858000.0,555882000.0,286841000.0,381573000.0,0.2378496565209671,0.25538238383648215,0.28699436211282253,0.8240691187970425,0.9110793679135791,0.13536133224081828,4.139647653224085,5.386630950807673,8.540420319426865,0.0,0.6441882406300075,TR
GSDDE,2023,696669000.0,743502000.0,272305000.0,121671000.0,56218000.0,2425449000.0,0.0,-510880000.0,447371000.0,447830000.0,2393473.0,-440338000.0,-438763000.0,-1057950000.0,374547000.0,227825000.0,3145584000.0,720135000.0,675196000.0,555882000.0,2337115000.0,0.21464885375815745,0.2289352311049395,0.3374205415908862,0.8299717808294844,0.11004149702474163,0.017872039023596253,2.5584142781072696,2.7304015717669525,6.792782816979421,0.0,0.0007608994069145824,TR
GSDDE,2024,1076081542.0,1105896197.0,355801999.0,157922904.0,323432327.0,2909270492.0,0.0,-355614823.0,749950216.0,751446315.0,2129509549.0,-45235080.0,-28554162.0,-1961555057.0,719765136.0,294637323.0,4016518807.0,1107248314.0,1044587539.0,675196000.0,3145584000.0,0.2600728613991524,0.2756736286334038,0.2820609206980019,0.4135576541298666,0.909501815114158,0.08052553530592743,3.0243830698657765,3.1081787064383524,6.182986111167848,0.0,0.5301878694775897,TR
GSDDE,2025,1455444087.0,1522443144.0,351890852.0,146619721.0,218514465.0,3059869357.0,0.0,-322247131.0,1228663404.0,1231130505.0,2994639746.0,205882954.0,205467002.0,-1272123769.0,643549017.0,294015226.0,4642890714.0,1583021357.0,1522678630.0,1044587539.0,4016518807.0,0.32795917969995964,0.340955980770044,0.1930907942144036,0.2510430238135546,0.678095920736064,0.047064313691704954,4.136066847796316,4.326464116208397,6.356516860759831,0.0,0.6449946661397984,TR
GSDHO,2014,5283000.0,3865659000.0,3191430000.0,7350000.0,6977000.0,806249000.0,0.0,-5499000.0,109168000.0,112158000.0,-402213000.0,836000.0,1514000.0,278511000.0,0.0,10159000.0,4109837000.0,3303588000.0,119327000.0,,,0.029034484822634085,0.8038245799042638,0.08513580329682302,0.0460834513563569,1.2687761411165666,0.0016976342370755824,0.001655370789896692,1.2112623494797004,4.814767763598478,,-0.09786592509629943,TR
GSDHO,2015,92201000.0,1048976000.0,321707000.0,14641000.0,17344000.0,831408000.0,0.0,-20749000.0,174225000.0,179482000.0,577603000.0,214483000.0,29178000.0,212763000.0,31583000.0,52874000.0,1332597000.0,501189000.0,227099000.0,119327000.0,4109837000.0,0.17041836354126566,0.37609945092177155,0.23282357033716572,0.11978893039206064,0.8358957058171478,0.013015187637372739,0.28659929687572855,3.2606564358251453,9.17991041531321,0.0,0.4334416181336143,TR
GSDHO,2016,101747000.0,1099070000.0,428317000.0,18718000.0,38369000.0,873654000.0,0.0,-25660000.0,141508000.0,151732000.0,645995000.0,85243000.0,99900000.0,127079000.0,33071000.0,111577000.0,1453703000.0,580049000.0,253085000.0,227099000.0,1332597000.0,0.17409677217423367,0.39901479187977185,0.4408676926724223,0.10687569764923446,1.4952844894777864,0.026393974560140553,0.2375506925945036,2.566020027222828,8.320678910426942,0.0,0.4443789412280225,TR
GSDHO,2017,127191000.0,1226324000.0,407315000.0,18846000.0,53283000.0,951482000.0,0.0,-19529000.0,227305000.0,243800000.0,703998000.0,55040000.0,66527000.0,222287000.0,59424000.0,31226000.0,1602597000.0,651115000.0,258531000.0,253085000.0,1453703000.0,0.16132003242237444,0.40628741973184773,0.12078242067682406,0.07634241305979485,2.7284039121306773,0.03324790948691405,0.3122669187238378,3.0107508930434674,8.812474494638277,0.0,0.43928573434244544,TR
GSDHO,2018,249497000.0,1316790000.0,312742000.0,28849000.0,122347000.0,1327153000.0,0.0,-40609000.0,241506000.0,266569000.0,1087722000.0,300175000.0,350392000.0,277813000.0,104258000.0,159211000.0,1906464000.0,579311000.0,400717000.0,258531000.0,1602597000.0,0.21018860046662302,0.3038667396814207,0.3973153123026974,0.12319794675145014,3.012805043217021,0.06417482837336556,0.7977726048947695,4.2104674140345715,10.016623435760168,0.0,0.5705442116924316,TR
GSDHO,2019,136348000.0,1439421000.0,299089000.0,36277000.0,112741000.0,1534949000.0,0.0,-27918000.0,245750000.0,277199000.0,1235215000.0,164254000.0,194945000.0,557909000.0,116549000.0,73605000.0,2111237000.0,576288000.0,319355000.0,400717000.0,1906464000.0,0.15126440091756635,0.27296224914587985,0.23048018662616837,0.07754224577542246,4.0382907085034745,0.05340044722596279,0.45587768189401817,4.812684518654982,10.810234714805246,0.0,0.5850669536390277,TR
GSDHO,2020,109142000.0,1350331000.0,405177000.0,53206000.0,67093000.0,1780793000.0,0.0,-23067000.0,174103000.0,188648000.0,962299000.0,44093000.0,132317000.0,717734000.0,124687000.0,114817000.0,2374618000.0,593825000.0,288920000.0,319355000.0,2111237000.0,0.1216700959901761,0.2500718010223118,0.39740066454381834,0.07584398503966133,2.9086140373694023,0.028254228680149818,0.2693686956564662,3.3326941065262834,10.185040146428262,0.0,0.4052437065666983,TR
GSDHO,2021,588207000.0,2170972000.0,573013000.0,72899000.0,531324000.0,2958283000.0,0.0,-18872000.0,623237000.0,637126000.0,2179301000.0,574516000.0,687890000.0,686076000.0,563523000.0,155702000.0,4168422000.0,1210139000.0,778939000.0,288920000.0,2374618000.0,0.18686663682323912,0.29031105775758786,0.1998898501679849,0.03534549036904685,28.154090716405257,0.1274640619399859,1.0265159778224926,3.788695893461405,9.724695762846737,0.0,0.5228119897649518,TR
GSDHO,2022,1501261000.0,7099906000.0,1844512000.0,254283000.0,1444341000.0,8197272000.0,0.0,-5116709000.0,787496000.0,868879000.0,5680470000.0,-2495527000.0,-2212170000.0,-82279000.0,1611618000.0,231450000.0,10910663000.0,2713391000.0,1018946000.0,778939000.0,4168422000.0,0.09338992506688182,0.24869166979128582,0.227146482738045,5.691920228490699,0.2822792931941215,0.13237884810483103,0.8139068761818844,3.8492056435523327,10.446885515166802,0.0,0.5206347221979086,TR
GSDHO,2023,1579501000.0,6216357000.0,1908647000.0,356946000.0,1036023000.0,10216151000.0,0.0,-3668193000.0,888828000.0,942630000.0,7258634000.0,-2582910000.0,-2244332000.0,-3901369000.0,1119243000.0,202065000.0,13067428000.0,2851277000.0,1090893000.0,1018946000.0,10910663000.0,0.08348184508841372,0.21819726115957938,0.18522898212748637,3.4772255134159527,0.2824341576356533,0.07928285504997618,0.827550091766576,3.256944317100019,8.734165378494833,0.0,0.5554753391409541,TR
GSDHO,2024,2610223406.0,10664258767.0,3336974266.0,427893567.0,2420730582.0,13393973780.0,1854850322.0,-2652025181.0,2825757260.0,2855084995.0,6576783229.0,557517550.0,935336948.0,-8190868892.0,1854850322.0,507724799.0,19586033041.0,6192059261.0,3333482059.0,1090893000.0,13067428000.0,0.17019689755561665,0.3161466769732281,0.15231064394938146,1.1988247585860916,0.9127856701146458,0.12359473594947051,0.7822126267484977,3.1957869365840654,7.442615593417312,1.0,0.3357894482886163,TR
GSDHO,2025,4380175314.0,10980708134.0,2784273755.0,467188740.0,2451850109.0,14684629391.0,1812794032.0,-2458303965.0,5070475997.0,5134445648.0,10722018003.0,294568728.0,699848869.0,-4902345624.0,1812794032.0,671708296.0,22603348795.0,7918719403.0,5742184293.0,3333482059.0,19586033041.0,0.254041307997256,0.3503339029459064,0.1169778366080735,0.5417352004039383,0.997374671280734,0.10847286971664855,1.5731841404366504,3.9438320726476124,7.597820177678609,1.0,0.4743552869197761,TR
GSRAY,2010,9980447.0,81503279.0,205678561.0,16164599.0,-38909929.0,-215394333.0,485687.0,-32373117.0,101693882.0,150738431.0,-238413869.0,-67649488.0,-67659271.0,-173968596.0,130957856.0,56574221.0,141022659.0,356416992.0,158268103.0,,,1.1222884614592326,2.527373930738322,0.3574581354525997,0.2045460606803381,-1.2019209951269134,-0.2759126035199776,0.0485244886558692,0.39626531128832626,-9.036592784402918,0.0037087274855813154,-1.6906068194331807,TR
GSRAY,2011,7098871.0,56090104.0,241639380.0,28995010.0,7700460.0,-251281007.0,755378.0,-45045253.0,102454205.0,591721944.0,-253654892.0,-35886674.0,-36015738.0,-242503347.0,224787875.0,69463737.0,582080317.0,833361324.0,171917942.0,158268103.0,141022659.0,0.2953508939901158,1.4316947329452474,0.40405170159610215,0.27284770923616714,0.17094942279489472,0.01322920527477654,0.029377955695797597,0.23212319117852395,-0.426993768012179,0.003360403669459485,-0.43577301034214494,TR
GSRAY,2012,18218669.0,101537027.0,404070710.0,42708148.0,-59388487.0,-70677892.0,1694726.0,-47327934.0,91185346.0,320540949.0,-332025142.0,-99472178.0,-110039892.0,-278446215.0,248321965.0,81391616.0,653933767.0,724611659.0,172576962.0,171917942.0,582080317.0,0.26390587351333394,1.1080811170284772,0.4716250364866198,0.2747671065694487,-1.254829483999872,-0.09081728150000855,0.04508782386132368,0.25128529360616114,-1.8857181217997467,0.006824712425258072,-0.5077351235786544,TR
GSRAY,2013,10604198.0,185025577.0,448037953.0,57317645.0,-141416052.0,-15513236.0,0.0,-65492465.0,204874875.0,263043781.0,-238688756.0,-117473650.0,-113946838.0,-377920063.0,275013117.0,142195813.0,695568498.0,711081734.0,347070688.0,172576962.0,653933767.0,0.49897413266694546,1.0223029594419615,0.4097027433212683,0.2520648943567819,-2.1592720933621905,-0.20331002971902848,0.023668079744128285,0.4129685348330301,-2.390896627039015,0.0,-0.3431563630128632,TR
GSRAY,2014,12906086.0,305503208.0,572308171.0,68001781.0,-82469929.0,-105082401.0,0.0,-80456519.0,268693879.0,356742244.0,-355204142.0,-92313030.0,-92292817.0,-497103095.0,414272337.0,247320152.0,823968014.0,929050415.0,516014031.0,347070688.0,695568498.0,0.6262549300851865,1.1275321362171227,0.47928958737945637,0.18643944731919185,-1.025024821170799,-0.10008875053249336,0.02255093785826797,0.5338089223262199,-1.6322905192339336,0.0,-0.4310897218881606,TR
GSRAY,2015,13695030.0,254125982.0,697201386.0,61543202.0,6719222.0,-325163959.0,0.0,-111325446.0,255094892.0,335861028.0,-384354653.0,-78945283.0,-75961093.0,-725473310.0,508853220.0,350117566.0,707898455.0,1033062414.0,605212458.0,516014031.0,823968014.0,0.8549424761776038,1.4593370090064683,0.5785035674199556,0.1985779806170812,0.06035656933276513,0.009491787914694629,0.01964286112305577,0.3644943729357417,-4.463566068060473,0.0,-0.5429516765932199,TR
GSRAY,2016,48729648.0,345063464.0,553889834.0,60538758.0,-148539924.0,-607640749.0,0.0,-136091717.0,353800986.0,814823926.0,-303949713.0,-282508221.0,-280899461.0,-1088137307.0,385194565.0,134674199.0,761073011.0,1368713760.0,488475185.0,605212458.0,707898455.0,0.6418243426582367,1.7984000749173852,0.27570325604155305,0.24886761384027084,-1.091469247904338,-0.1951717139526841,0.08797714817780895,0.6229821217480587,-4.988617384632625,0.0,-0.39936997976137667,TR
GSRAY,2017,5465095.0,263246469.0,1074190493.0,84920584.0,-110059584.0,-296135725.0,0.0,-156096894.0,129840047.0,268051006.0,-497622457.0,-216252085.0,-220348418.0,-1081251836.0,627344701.0,523553878.0,1046105774.0,1342241499.0,653393925.0,488475185.0,761073011.0,0.6245964234588003,1.2830839216838124,0.801283663603086,0.27340593178845163,-0.7050722226414063,-0.10520884860348739,0.005087640447028235,0.2450649775020863,-6.143518700883316,0.0,-0.47569038367624955,TR
GSRAY,2022,240540186.0,1582063079.0,7940160304.0,731543129.0,-2149826799.0,-3005880578.0,0.0,539157382.0,4200789430.0,5345879796.0,-2296282891.0,-720596472.0,-703058715.0,-10882597218.0,3416375530.0,2525022306.0,10280159522.0,13286040100.0,6725811736.0,653393925.0,1046105774.0,0.6542516895391033,1.2923962971165264,0.37542268578300864,0.14612884008627444,-3.9873826655683255,-0.20912387540283542,0.03029412213237351,0.19924825424532133,-5.90115481868128,0.0,-0.22337035588658447,TR
GSRAY,2023,91472443.0,3102661838.0,8725940474.0,1707121511.0,-2024541082.0,709727080.0,0.0,2289024754.0,2836451868.0,5638641594.0,-2602336003.0,3758616659.0,3833734452.0,-15714307323.0,10767898321.0,312138556.0,15074309148.0,14364582068.0,3148590424.0,6725811736.0,10280159522.0,0.2088712917512205,0.9529181023798916,0.09913596688242993,0.4636280185695819,-0.8844557397040713,-0.13430407072874767,0.010482817671350527,0.35556761443018753,-3.4461763734537354,0.0,-0.17263384858637237,TR
GSRAY,2024,365581410.0,5147448352.0,15445674781.0,3080715309.0,-5042717241.0,6053197756.0,0.0,-823062808.0,1412921044.0,16339937291.0,-6955430961.0,-1175870278.0,-1084496653.0,-15855471278.0,14623099789.0,1883948128.0,37838809828.0,31785612072.0,3296869172.0,3148590424.0,15074309148.0,0.08712930419815634,0.8400267401772042,0.571435513425948,0.2553930548291036,-6.126770875789591,-0.13326838935796773,0.023668853266916392,0.3332614744894129,-0.5970027447343242,0.0,-0.18381738201113063,TR
GSRAY,2025,175242422.0,4853948278.0,19374339550.0,4170505503.0,-3263845880.0,17039279884.0,0.0,489327964.0,89203688.0,7349575756.0,-8018904084.0,608649953.0,871471721.0,-17036845238.0,20672682631.0,2852546624.0,43763195190.0,26723915306.0,2941750312.0,3296869172.0,37838809828.0,0.0672197333679191,0.6106481757096768,0.9696766623475419,0.15687059140406454,-6.6700579572844525,-0.07457969798205678,0.009045078494043427,0.2505349029045999,-0.02736926654381766,0.0,-0.18323397204398686,TR
GUBRF,2014,462850161.0,1911282250.0,1690392311.0,68760119.0,518900616.0,1278412357.0,1016417264.0,-11734825.0,147162707.0,302840755.0,-652437771.0,440864330.0,498847042.0,267419383.0,2848230035.0,662343462.0,3271645423.0,1993233066.0,809506169.0,,,0.24743089923776254,0.6092448319696777,0.8182068122077523,0.014496276185882902,44.21886274401195,0.15860539542337806,0.2738122730374866,1.1306737717407898,5.698648848482442,0.3568592604915775,-0.1994219075249708,TR
GUBRF,2015,364409394.0,2015222364.0,1717823392.0,54531437.0,293904421.0,1605624220.0,924581798.0,-19563886.0,119304435.0,304108890.0,-487778010.0,250689150.0,282573736.0,416698169.0,2930899065.0,956608513.0,3627556502.0,2021932282.0,1075912948.0,809506169.0,3271645423.0,0.2965944010539357,0.5573813339324246,0.8891133011999034,0.020752824476638634,15.02280380288456,0.08101994299412293,0.2121343763841353,1.1731254641105737,5.540550243665112,0.3154601292965372,-0.1344646209455513,TR
GUBRF,2016,136519570.0,1648288615.0,1855080961.0,70088478.0,54595047.0,1201618065.0,708265832.0,-46857844.0,99492773.0,326433355.0,-763553007.0,-43964404.0,6240385.0,466809637.0,2834839791.0,840688293.0,3383132381.0,2181514316.0,940181066.0,1075912948.0,3627556502.0,0.27790253531908715,0.6448208554449706,0.8941770084529653,0.046483788627527764,1.1651207639856414,0.01613742557241067,0.07359224361097844,0.8885265115930431,3.985645533498981,0.24984333656123708,-0.22569409677498517,TR
GUBRF,2017,227960860.0,1989501174.0,2179867692.0,71843896.0,84532768.0,1207511087.0,804532340.0,-84334666.0,72295391.0,310608385.0,-753010531.0,25822668.0,11554750.0,387155939.0,3487261450.0,967231593.0,3697987164.0,2490476077.0,1039526984.0,940181066.0,3383132381.0,0.28110616340689926,0.6734680155855728,0.9304535696400932,0.08519909387649356,1.0023489984533762,0.022859129642992995,0.10457554870720108,0.9126706090013467,3.9163104788876666,0.23070605732759153,-0.20362713487233727,TR
GUBRF,2018,368851076.0,2427884451.0,2545722327.0,70152958.0,384450082.0,1237556446.0,1810235184.0,-238262659.0,59850476.0,551988841.0,-233088181.0,135659667.0,140977347.0,434038586.0,4559086668.0,1550453070.0,4335267614.0,3097711168.0,1610303546.0,1039526984.0,3697987164.0,0.3714427088191285,0.7145374735336927,0.9628327987299855,0.17983237516702624,1.6135557439573442,0.0886796655317159,0.14489053738813362,0.9537114182681244,4.413485468967917,0.3970609281692208,-0.05376558075614107,TR
GUBRF,2019,174457909.0,2798247264.0,3194014185.0,94543534.0,182090378.0,840908821.0,1088417662.0,-524644728.0,117472564.0,250715857.0,-708969755.0,-98641006.0,-117323407.0,348259261.0,4344496369.0,1521847115.0,4285638863.0,3444730042.0,1639319679.0,1610303546.0,4335267614.0,0.38251465683519026,0.8037844886418279,0.9283406613701732,0.3228957277039402,0.3470736829742812,0.04248850260624492,0.05462026744255051,0.8760910571848322,3.4509590229219786,0.2505279253462762,-0.16542918749428,TR
GUBRF,2020,659990037.0,3157837294.0,3230345066.0,126339368.0,472763948.0,1762254885.0,1288953303.0,-389688758.0,70585949.0,176303000.0,-407278293.0,416068128.0,471209510.0,604588289.0,5413712258.0,1568209792.0,5168902951.0,3406648066.0,1638795741.0,1639319679.0,4285638863.0,0.3170490443592002,0.6590659755646862,0.9569281593586958,0.23775170064024165,1.2131834401032426,0.09146311170507407,0.2043094541033778,0.977554171297934,4.697084842535446,0.23809047130188277,-0.0787939523842687,TR
GUBRF,2021,1179720584.0,9259730241.0,8598983356.0,201604164.0,458683602.0,4028258379.0,1538009229.0,-455344554.0,8354465.0,422368156.0,-1973200830.0,469789398.0,608263683.0,921268125.0,10764791265.0,2559498555.0,13049609891.0,9021351512.0,2567853020.0,1638795741.0,5168902951.0,0.19677622867262767,0.6913119692736415,0.9967465174467034,0.21648803114798487,1.007333014023486,0.035149219465659506,0.1371930302873353,1.0768401167492618,4.517356847242401,0.14287404104161233,-0.15120764884786853,TR
GUBRF,2022,1785115431.0,20193710259.0,20149474075.0,902878504.0,2133706698.0,14207202068.0,8705911565.0,-3977903276.0,73836879.0,941305385.0,-3488444595.0,316936251.0,209353853.0,4506470162.0,48304277005.0,9088845507.0,35297981528.0,21090779460.0,9162682386.0,2567853020.0,13049609891.0,0.25958091622694446,0.5975066716851731,0.99194156515642,0.6782134213525087,0.5363897887797712,0.060448405422486966,0.08859364886425702,1.0021954014201733,4.787939033073712,0.18023065667867974,-0.09882844412031899,TR
GUBRF,2023,3273222504.0,21029038733.0,19082259034.0,1138851674.0,3151939146.0,24024563017.0,5804750423.0,-8518277252.0,14259844.0,1476073147.0,-820455726.0,-1136075607.0,-1229702068.0,6322373709.0,50841814148.0,9230715683.0,44582895198.0,20558332181.0,9244975527.0,9162682386.0,35297981528.0,0.20736597490902142,0.4611260011198701,0.9984575574096055,0.9255145105651008,0.37002072751975273,0.07069839524781237,0.17153223306359608,1.1020203999710572,5.70088642744563,0.1141727635072665,-0.01840292610778687,TR
GUBRF,2024,6781108203.0,26771509037.0,25292364918.0,1877017656.0,3486086542.0,30501784339.0,7674775971.0,-6474235871.0,44383530.0,1606042551.0,-1352312260.0,602804815.0,586296578.0,6091578671.0,63405655871.0,13277620814.0,57400191808.0,26898407469.0,13322004344.0,9244975527.0,44582895198.0,0.2320898924617057,0.4686118046255571,0.9966684044792412,0.5737795582757446,0.5384552882318056,0.06073301207181917,0.26810890262673853,1.0584818431884686,5.363797455204806,0.12104245063901675,-0.0235593683122767,TR
GUBRF,2025,11074629710.0,43680119825.0,29608128388.0,1790332250.0,10530753948.0,39578986755.0,58264145.0,-6005952110.0,86375074.0,1746161369.0,-2378492632.0,5456842794.0,8812510511.0,4990148230.0,57766861995.0,10541737213.0,70933276512.0,31354289757.0,10628112287.0,13322004344.0,57400191808.0,0.14983253008483274,0.44202511569722425,0.9918729618517814,0.5015384436354814,1.7533862666780404,0.14845999601073664,0.37404018129320465,1.4752746020482435,7.103818187399089,0.0010086084476086487,-0.03353140795064814,TR
GUNDG,2021,37844382.0,469767192.0,422246542.0,25763438.0,10772950.0,96438493.0,14470165.0,2098678.0,0.0,53152199.0,0.0,603015.0,11688148.0,-15530635.0,1766102037.0,0.0,571837234.0,475398741.0,0.0,,,0.0,0.831353246577854,,inf,5.133207666921748,0.018839189474674885,0.0896262686267304,1.1125424255102603,4.046208616787834,0.008193278019530419,0.0,TR
GUNDG,2022,26648569.0,706427316.0,629496640.0,16974293.0,57448383.0,207297424.0,21991550.0,-12373529.0,0.0,40464265.0,0.0,26094506.0,44927816.0,-14927620.0,1806968409.0,0.0,877258329.0,669960905.0,0.0,0.0,571837234.0,0.0,0.7636985399314459,,inf,4.642845464701299,0.06548627821577514,0.04233313937942544,1.1222098278395893,4.534758482085608,0.01217041199528796,0.0,TR
GUNDG,2023,64011530.0,653977059.0,489620873.0,13761197.0,116694163.0,355005447.0,5550012.0,-47249918.0,1968753.0,75405038.0,5103547.0,30387740.0,69432650.0,57339545.0,2414534744.0,3604713.0,920031358.0,565025911.0,5573466.0,0.0,877258329.0,0.006057908734889012,0.6141376661642005,0.6467632528842914,16.95530859971156,2.4697220215281646,0.1268371583047716,0.1307369304086021,1.3356805133591598,6.1371257129814305,0.0022985844431485224,0.005547144622433619,TR
GUNDG,2024,96009086.0,884773892.0,323846667.0,37408822.0,112751914.0,873364087.0,4548526.0,-114546801.0,2481607.0,67764668.0,47421918.0,-22603077.0,-2419024.0,99429071.0,2831336907.0,3457072.0,1264975422.0,391611335.0,5938679.0,5573466.0,920031358.0,0.004694699119616571,0.30958019277626725,0.5821281130029086,19.9001664763604,0.9843305357781227,0.08913367962654377,0.29646464139771433,2.7320765725218967,9.355805860900151,0.0016064940872117838,0.03748841058510305,TR
GUNDG,2025,57288904.0,843133894.0,390427653.0,43440277.0,28031604.0,925772737.0,2445827.0,-112497926.0,527637.0,102695095.0,5457078.0,-122401367.0,-78544519.0,84527311.0,2172887771.0,571567.0,1418895485.0,493122748.0,1099204.0,5938679.0,1264975422.0,0.0007746898990238172,0.34753986689865324,0.5199826419845633,31.96925154908088,0.24917440700195664,0.019755932904388655,0.14673372533886578,2.1595137729652567,7.6412060149106855,0.0011256112868058476,0.003846004203755712,TR
GWIND,2018,44908930.0,144766731.0,176013951.0,27092885.0,146437178.0,717145776.0,0.0,-99703700.0,272120768.0,343591882.0,-213551838.0,33493137.0,46733478.0,-27835472.0,672349435.0,122443062.0,1236751609.0,519605833.0,394563830.0,,,0.3190323967470173,0.42013758398918727,0.31032510506601685,0.2526934615370091,1.468723608050654,0.11840467959318418,0.25514415047702665,0.8224730493095971,5.255746133921845,0.0,-0.17267156674465262,TR
GWIND,2019,132678154.0,182019082.0,98856387.0,33913664.0,175115507.0,780880821.0,0.0,-91049644.0,316386373.0,398909093.0,-62080882.0,64270392.0,84065863.0,165369731.0,248421890.0,86126775.0,1278646301.0,497765480.0,402513148.0,394563830.0,1236751609.0,0.31479631832916083,0.3892909865775305,0.21397257562379055,0.22845884779775938,1.9232969982837056,0.13695382911055715,1.342130316779633,1.8412475665330557,6.665822877667706,0.0,-0.04855203659639727,TR
GWIND,2020,66124675.0,171495095.0,302493950.0,34544685.0,274307199.0,927237363.0,0.0,-75592598.0,293153876.0,390887327.0,-166283516.0,156356542.0,198714601.0,216113433.0,335201954.0,257481090.0,1620618640.0,693381277.0,550634966.0,402513148.0,1278646301.0,0.3397683775869689,0.42784974816777377,0.46760759105152794,0.158616686933926,3.6287573950031455,0.16926079475427977,0.21859833890892694,0.5669372726297501,5.696032021628264,0.0,-0.10260496325033014,TR
GWIND,2021,158919076.0,389090774.0,288047041.0,63161961.0,405336167.0,997686685.0,0.0,-220656255.0,399016109.0,481852364.0,-279366337.0,170912859.0,196351755.0,262187432.0,540226277.0,249149801.0,1767586090.0,769899405.0,648165910.0,550634966.0,1620618640.0,0.3666955254213389,0.43556543545779997,0.3843920162354728,0.3681282845509032,1.83695752019357,0.2293162235735856,0.551712232308611,1.3507889983844688,7.010224175366215,0.0,-0.15804963536457792,TR
GWIND,2022,1085983819.0,1505764806.0,176822041.0,380365879.0,1904753710.0,6940704479.0,0.0,-299983775.0,755803872.0,1644447585.0,-633070954.0,1464627189.0,1604769935.0,2438405170.0,2296830032.0,112506029.0,8761974105.0,1821269626.0,868309901.0,648165910.0,1767586090.0,0.09909980223572003,0.2078606492298005,0.1295689809253943,0.3956327859950283,6.3495224366717835,0.21738864862805937,6.141676755105434,8.515707643030769,10.614517262155395,0.0,-0.07225209141382186,TR
GWIND,2023,95293910.0,471271482.0,563892083.0,560777802.0,2126147804.0,10153863138.0,0.0,-675052450.0,946201180.0,2506674731.0,-891269967.0,900270559.0,1451095354.0,4938465208.0,2684048728.0,170524169.0,13224429952.0,3070566814.0,1116725349.0,868309901.0,8761974105.0,0.0844441199396358,0.23218897337314884,0.15270018644485878,0.6801415239351543,3.1496038626331924,0.160774249757242,0.16899316885780785,0.8357476478349493,8.974035081812165,0.0,-0.06739571915273433,TR
GWIND,2024,1725691155.0,2117102856.0,1056209041.0,812716387.0,1473483749.0,13686957306.0,0.0,101219284.0,2263656633.0,4641353912.0,-2730307814.0,1092178774.0,1574703033.0,6631094988.0,3094818169.0,735797548.0,19384520259.0,5697562953.0,2999454181.0,1116725349.0,13224429952.0,0.15473450675713213,0.2939233407313596,0.24531048104048367,0.04918118039423805,14.557342146383885,0.07601342356233341,1.6338537997801517,2.004435460991287,7.757379196918631,0.0,-0.1408499038160282,TR
GWIND,2025,1397951669.0,2578829071.0,1042879385.0,1134904023.0,1812120552.0,16638330702.0,0.0,-210088497.0,3090844288.0,6269232707.0,-2415172615.0,995562575.0,1602032055.0,8548669326.0,3461736084.0,833686393.0,23950442794.0,7312112092.0,3924530681.0,2999454181.0,19384520259.0,0.16386046449141903,0.3053017497376629,0.21242957713037178,0.06068427392237704,8.625510572337523,0.07566125468268868,1.340473010692411,2.4727970540907758,7.731955888202384,0.0,-0.10084041601122475,TR
GZNMI,2018,416026.0,38918238.0,36533945.0,135225.0,-2498653.0,-2790826.0,31419193.0,-3442037.0,0.0,7117047.0,-1631724.0,-3970003.0,-4047413.0,679177.0,100794681.0,196340.0,40860166.0,43650992.0,196340.0,,,0.004805168926626485,1.0683018762087262,1.0,17.531002342874604,-0.7259227602724782,-0.06115131788745058,0.011387382337166161,1.0652624018566843,3.208911490023726,0.31171479177557,-0.03993434583696992,TR
GZNMI,2019,36859.0,65601622.0,68611900.0,935299.0,3357193.0,233593.0,52217700.0,-3521549.0,0.0,1056850.0,-542849.0,2167302.0,2042046.0,-3290826.0,118900639.0,3081286.0,69902343.0,69668750.0,3081286.0,196340.0,40860166.0,0.04407986725137382,0.9966582951303935,1.0,2.1488412649887447,0.9533284926604741,0.0480269023314426,0.0005372100175042522,0.9561260072961104,3.1402885922858115,0.4391708946156294,-0.00776581980950195,TR
GZNMI,2020,242159.0,78546617.0,71884533.0,820964.0,1910155.0,1252099.0,20831407.0,-12946845.0,8624972.0,9164105.0,10626352.0,911467.0,930951.0,-1123524.0,72222698.0,2586002.0,82300737.0,81048638.0,11210974.0,3081286.0,69902343.0,0.1362196063930752,0.9847862966281821,0.23066702322206795,1.8117281661542681,0.14753826125206565,0.023209451939658815,0.0033687218918150305,1.0926775722393578,3.908704172528287,0.28843296604621443,0.12911612200994022,TR
GZNMI,2021,7875850.0,142804775.0,118563796.0,1260364.0,12233915.0,31407132.0,23480272.0,-15583862.0,869021.0,1049691.0,24759109.0,17522182.0,23497600.0,-1123524.0,169382442.0,1666031.0,151020619.0,119613487.0,2535052.0,11210974.0,82300737.0,0.016786131700334245,0.7920341460128699,0.6571979588584376,2.267398883139025,0.785037431671302,0.08100824298700564,0.06642710731022816,1.204455152566134,5.098797155853662,0.13862282136657353,0.16394522260566288,TR
HATEK,2010,1634448.0,47788573.0,34440329.0,2193525.0,3335702.0,126047816.0,50683708.0,-4056066.0,9203293.0,21883789.0,-35472395.0,1814787.0,2408404.0,1064879.0,68898097.0,21877248.0,182371934.0,56324118.0,31080541.0,,,0.17042392608503018,0.30884202829148044,0.7038889059234844,0.13050178244966842,0.822398353478469,0.018290654306489944,0.0474573863681732,1.3875759723433536,6.221887155472729,0.7356329159570256,-0.19450577850427359,TR
HATEK,2011,2248343.0,42605363.0,24908502.0,2843247.0,3658467.0,118931450.0,71496427.0,-7227571.0,5137831.0,16635051.0,-8699038.0,261518.0,685212.0,1719605.0,98699272.0,12297263.0,160475003.0,41543553.0,17435094.0,31080541.0,182371934.0,0.10864679030415722,0.25887865538784255,0.7053167020493265,0.29794811507671703,0.5061820907743417,0.022797737539222852,0.09026407930914512,1.7104747206395632,7.167511980359657,0.7243865689303159,-0.054208056316409604,TR
HATEK,2012,2137450.0,46796491.0,33249898.0,2543167.0,-5449060.0,107643880.0,70097257.0,-5150384.0,4499943.0,17447224.0,-3902500.0,-7285650.0,-7230305.0,-52052.0,89989102.0,16108305.0,158341002.0,50697122.0,20608248.0,17435094.0,160475003.0,0.13015105209451688,0.320176842129621,0.7816435924101846,0.2707640143707669,-1.0579910158155197,-0.03441344901935128,0.06428440772961168,1.4074175806494202,5.808337185070887,0.7789527336321236,-0.02464617471600944,TR
HATEK,2013,1154505.0,63025031.0,40881266.0,4664274.0,1069185.0,78021910.0,67262118.0,-7938388.0,3526912.0,15805207.0,-3149964.0,-271267.0,-351729.0,-3693178.0,95250602.0,23626924.0,134708383.0,56686473.0,27153836.0,20608248.0,158341002.0,0.20157495320836863,0.42080879999873505,0.8701136738102123,0.33241380338429116,0.13468540464386472,0.00793703388155138,0.028240441477521756,1.5416604515134145,5.737507689109146,0.7061595054275878,-0.0233835781400479,TR
HATEK,2018,9203232.0,122896460.0,104840961.0,9257173.0,21685188.0,218525580.0,215840983.0,-38868216.0,1965096.0,19449737.0,-32828506.0,13056806.0,11612244.0,20183358.0,219755977.0,60302883.0,342816278.0,124290698.0,62267979.0,27153836.0,134708383.0,0.18163658786354364,0.36255774878928004,0.96844130752983,0.8693229051546314,0.5579157016107968,0.06325600443045473,0.08778278940041383,1.1722179845337357,6.058606739499503,0.9821848122019452,-0.09576122286701917,TR
HATEK,2019,5493118.0,111881648.0,98912830.0,7929822.0,13673954.0,312102592.0,197164370.0,-24693460.0,525079.0,27572685.0,-22883915.0,28629524.0,25584803.0,2588162.0,212355876.0,50612055.0,438588107.0,126485515.0,51137134.0,62267979.0,342816278.0,0.11659489435266424,0.2883924871223195,0.9897319431315803,0.4354911228737985,0.5537479964330636,0.031177211104814567,0.05553493919848416,1.1311136078100283,6.263595786456959,0.9284620407678288,-0.05217632360468908,TR
HATEK,2020,13167648.0,160647921.0,124345148.0,11481349.0,36149550.0,321956561.0,224022572.0,-28257517.0,4668782.0,32530738.0,-22883915.0,16697564.0,17119151.0,26990965.0,244530767.0,67710079.0,478832447.0,156875886.0,72378861.0,51137134.0,438588107.0,0.15115696827454134,0.3276216701329766,0.9354952269834697,0.45755235182293597,1.279289684228094,0.07549519717488987,0.1058959534150862,1.291951665054112,6.593352194993919,0.9161324554304449,-0.047791070014935724,TR
HATEK,2021,0.0,303692371.0,255501439.0,8795459.0,34339404.0,405665888.0,274276730.0,-30970832.0,1275882.0,26367456.0,-42507913.0,35015044.0,12491779.0,34538455.0,330209103.0,162160910.0,687534783.0,281868895.0,163436792.0,72378861.0,478832447.0,0.23771421612570254,0.40997037818230647,0.9921934223965924,0.2626698576281533,1.108765951137509,0.049945697074645315,0.0,1.1886131529771933,5.7203683700458825,0.8306152904573318,-0.06182656361692758,TR
HDFGS,2014,5681891.0,13576723.0,12038875.0,25616.0,1266789.0,24106446.0,0.0,0.0,0.0,14462.0,0.0,1266789.0,1266789.0,2723067.0,11819905.0,0.0,36159783.0,12053337.0,0.0,,,0.0,0.33333543511585784,,,inf,0.03503309187447281,0.47196195657816864,1.1277401750578855,6.109893531012851,0.0,0.0,TR
HDFGS,2015,4026862.0,21950935.0,46861.0,30818.0,7570166.0,31439702.0,0.0,0.0,0.0,10029.0,0.0,7570166.0,7570166.0,3679692.0,44902823.0,0.0,31496592.0,56890.0,0.0,0.0,36159783.0,0.0,0.0018062271626085769,,,inf,0.24034873360267042,85.93205437357291,468.4265167196603,590.0803363836836,0.0,0.0,TR
HDFGS,2016,5665393.0,22970368.0,54529.0,50089.0,1413503.0,32564965.0,0.0,0.0,0.0,17271.0,0.0,1523933.0,1523933.0,10572905.0,35766721.0,0.0,32636765.0,71800.0,0.0,0.0,31496592.0,0.0,0.002199972944622422,,,inf,0.04331014424989732,103.89688055896862,421.25049056465366,485.4318312639828,0.0,0.0,TR
HDFGS,2017,3371097.0,16183336.0,54295.0,85887.0,37978632.0,70215869.0,0.0,0.0,0.0,61171.0,0.0,37978632.0,37978632.0,3733648.0,81074552.0,0.0,70331335.0,115466.0,0.0,0.0,32636765.0,0.0,0.0016417433282049886,,,inf,0.5399958923003523,62.088534855879914,298.06309973294043,647.0702779051333,0.0,0.0,TR
HDFGS,2018,26458988.0,32326407.0,139172.0,124144.0,1672023.0,103522981.0,0.0,0.0,0.0,96420.0,0.0,1695895.0,1695895.0,36733438.0,25063533.0,0.0,103758573.0,235592.0,0.0,0.0,70331335.0,0.0,0.002270578644137675,,,inf,0.016114552770497337,190.11717874285057,232.27665766102376,467.9346033563773,0.0,0.0,TR
HDFGS,2019,21441192.0,55057755.0,464703.0,119491.0,30595935.0,134089943.0,0.0,-131493.0,832439.0,987250.0,0.0,30573186.0,30573186.0,38429333.0,30117344.0,298164.0,135541896.0,1451953.0,1130603.0,0.0,103758573.0,0.00834135446946972,0.010712208127883942,0.26372121779262925,0.23260684785021798,232.6810932901371,0.225730463442831,46.1395601061323,118.47944816366582,105.3024144651146,0.0,0.0,TR
HDFGS,2020,24944289.0,139792849.0,656188.0,291934.0,259637994.0,393648702.0,0.0,-88647.0,738726.0,906844.0,0.0,259549347.0,259549347.0,62391871.0,263115970.0,336783.0,395211734.0,1563032.0,1075509.0,1130603.0,135541896.0,0.0027213488554972917,0.003954923059040549,0.3131382443103684,0.08036491347674098,2928.8976953534807,0.6569592237866095,38.01393655476784,213.03780166659556,274.93079839793387,0.0,0.0,TR
HDFGS,2021,13131634.0,188581021.0,695149.0,322563.0,19643999.0,511778259.0,0.0,-76197.0,607326.0,818668.0,0.0,19712820.0,19712820.0,242992271.0,18980722.0,371880.0,513292076.0,1513817.0,979206.0,1075509.0,395211734.0,0.0019076974802159229,0.002949231189768065,0.37977708469923593,0.0741679502996766,257.80541228657296,0.0382706063827878,18.890387528429155,271.28143894330566,362.426677605727,0.0,0.0,TR
HEDEF,2022,4660838.0,64038843.0,2781358.0,1247135.0,2633872209.0,3493569059.0,0.0,-760662805.0,2810179.0,519663182.0,0.0,1483764712.0,1901015663.0,698369776.0,2649406991.0,890586.0,4016013599.0,522444540.0,3700765.0,,,0.0009215021086884522,0.13009033139979664,0.24064916307844458,205.5420446853556,3.46260155181375,0.6558424527386666,1.6757418498445724,23.024307910020934,15.345539471709895,0.0,0.0,TR
HEDEF,2023,9145117.0,168318618.0,12183181.0,3400357.0,1040815479.0,3872118124.0,0.0,-2107159353.0,4532136.0,550229172.0,7060281.0,-1157285842.0,-1064652272.0,3143797641.0,1083490969.0,1876251.0,4434530477.0,562412353.0,6408387.0,3700765.0,4016013599.0,0.001445110600375292,0.12682568220401025,0.29278053900302836,416.88152537423514,0.4939424621674543,0.23470703029289386,0.7506345838578611,13.815654384515835,14.59841348370982,0.0,0.0015921146639128172,TR
HEDEF,2024,725773.0,31747158.0,75663694.0,3949334.0,104730721.0,3506305517.0,0.0,-1915941095.0,11839370.0,593790234.0,-59935977.0,-1671900701.0,-1804543250.0,1851510664.0,190043177.0,9188216.0,4175759445.0,669453928.0,21027586.0,6408387.0,4434530477.0,0.005035631548454774,0.1603190837062215,0.43696009613276576,139.6663493581948,0.05466280840956647,0.02508064039115165,0.009592090494550795,0.41958244861795935,10.294456445282043,0.0,-0.014353311724353892,TR
HEDEF,2025,3149557.0,69074438.0,998045472.0,13624601.0,2930320133.0,6783783974.0,0.0,-1201880833.0,12223018.0,597130990.0,-981719090.0,1830198110.0,1729708767.0,211505946.0,3090804410.0,10119692.0,8378960436.0,1595176462.0,22342710.0,21027586.0,4175759445.0,0.0026665253011584934,0.1903788034547058,0.45293037415783494,55.42414711672708,2.4381120428434357,0.349723591056708,0.003155724952780508,0.06920971031668585,9.420449153391818,0.0,-0.11716478404433893,TR
HEKTS,2010,43025495.0,97724040.0,28423165.0,1380748.0,14960307.0,93482048.0,3212471.0,-6802255.0,0.0,3830482.0,-3421222.0,14368417.0,17930353.0,-139196.0,84627534.0,12979656.0,125735695.0,32253647.0,12979656.0,,,0.10322968350395645,0.2565194155883896,1.0,0.5240705146577074,2.199315815123073,0.11898217924512208,1.5137475013778374,3.4381829046835564,10.704838582187039,0.03796011591215691,-0.02720963207782802,TR
HEKTS,2011,43425744.0,121144462.0,50816152.0,1861866.0,17098136.0,93900759.0,4215876.0,-12849017.0,57916.0,4708823.0,-21370751.0,12881924.0,16071663.0,197380.0,102062877.0,34964416.0,149425734.0,55524975.0,35022332.0,12979656.0,125735695.0,0.2343795212677356,0.3715891065992689,0.9983463122901125,0.5353535357743934,1.3306960369030565,0.11442564504986805,0.8545657687736765,2.383975512352844,8.886460103875116,0.04130665452434777,-0.14301921381226074,TR
HEKTS,2012,11080986.0,98048861.0,21445066.0,2047097.0,25604018.0,101944607.0,4328046.0,-4230782.0,12208.0,4974161.0,-12816361.0,19955388.0,24939469.0,1049888.0,117445535.0,5329952.0,128363834.0,26419227.0,5342160.0,35022332.0,149425734.0,0.04161732969116519,0.20581519090493977,0.9977147820357308,0.20962889858740202,6.051840534444932,0.19946442235435255,0.5167149403970125,4.572094159094684,12.583545516302575,0.03685151589628333,-0.0998440183704703,TR
HEKTS,2013,19567545.0,102287851.0,24952910.0,2239027.0,23986993.0,102971921.0,5779325.0,-2978848.0,0.0,5380626.0,-8663730.0,18033761.0,22506802.0,1998957.0,113002194.0,10979739.0,133305457.0,30333536.0,10979739.0,5342160.0,128363834.0,0.08236526281140914,0.22754909425800926,1.0,0.36501242900718844,8.05243939939198,0.17994006801987109,0.7841788793371194,4.0992353597235756,11.878145570512336,0.05114347602843888,-0.06499156294854457,TR
HEKTS,2014,11995398.0,124683834.0,43169681.0,2273384.0,29466741.0,109671465.0,4886918.0,-7908511.0,0.0,6569222.0,-19362590.0,22221726.0,27891070.0,3354213.0,138747248.0,25627677.0,159410368.0,49738903.0,25627677.0,10979739.0,133305457.0,0.16076543402747806,0.3120179924557981,1.0,0.4320715234312086,3.7259530902846314,0.1848483343316791,0.2778662645202312,2.8882269016535007,10.230408296456671,0.03522172922665825,-0.12146380591756742,TR
HEKTS,2015,13905032.0,147444189.0,64510452.0,2617932.0,37019980.0,115358415.0,4417329.0,-8115661.0,0.0,6271861.0,-42534418.0,24249577.0,30465266.0,4266716.0,161299568.0,17452454.0,186140728.0,70782313.0,17452454.0,25627677.0,159410368.0,0.0937594592409674,0.38026236257118323,1.0,0.37677048846485633,4.561548344614197,0.19888167623369346,0.2155469628394481,2.285586047358651,9.295225444478325,0.027385869998114317,-0.2285067779470595,TR
HEKTS,2016,19087369.0,161600271.0,49556645.0,2828445.0,40354786.0,123470877.0,4682064.0,-6075353.0,25000000.0,31701589.0,-3845600.0,29341908.0,36696241.0,4266716.0,176777933.0,2253820.0,204729111.0,81258234.0,27253820.0,17452454.0,186140728.0,0.13312137129340634,0.3969061048675193,0.08269739801613131,0.2717897268736822,6.642377158989774,0.19711308178346948,0.38516265578511216,3.2609203266282454,9.828142911255144,0.026485568195890152,-0.018783845547006746,TR
HEKTS,2017,7058883.0,256858249.0,167586869.0,3619230.0,68596552.0,142871954.0,9587707.0,-8403315.0,6256775.0,12284525.0,-62877183.0,49239871.0,61758321.0,0.0,252213516.0,65541090.0,322743348.0,179871394.0,71797865.0,27253820.0,204729111.0,0.22246117679859972,0.5573202208957688,0.9128556956394177,0.1696753568604108,8.16303470713641,0.21254210946587812,0.04212074037853169,1.5326871999738834,7.32680617742417,0.0380142474204277,-0.19482100371593097,TR
HEKTS,2022,2523329279.0,15444424164.0,13781668875.0,337343114.0,1663712705.0,8330870818.0,355070976.0,-952368851.0,359326831.0,1100941550.0,-299156580.0,1144705464.0,1179055068.0,55324867.0,10001274789.0,11661732895.0,23213481243.0,14882610425.0,12021059726.0,71797865.0,322743348.0,0.517848210708376,0.641119281903822,0.9701085562179828,0.1575093138794245,1.7469205374084626,0.07167010788188828,0.18309315815716112,1.1206497779101516,4.797038811427454,0.03550257177120344,-0.012887191579255712,TR
HEKTS,2023,6673440210.0,21844083146.0,22809342097.0,787514297.0,-2104251126.0,10885835437.0,365184792.0,-4263356508.0,1372340837.0,3056924587.0,1404346507.0,-1291407227.0,-2187127399.0,1719249068.0,8719027378.0,19470269240.0,36752102121.0,25866266684.0,20842610077.0,12021059726.0,23213481243.0,0.5671134132240729,0.7038037334256351,0.9341569586568051,0.259457116844012,-0.4935667758611005,-0.05725525900728382,0.29257486610618744,0.957681420757552,3.2873472372897705,0.04188366157920786,0.0382113246849508,TR
HEKTS,2024,2450706136.0,11581896358.0,9592579062.0,1081275977.0,-3682839997.0,17976991685.0,582381420.0,-3771218902.0,3552639464.0,3945847855.0,-5467917715.0,-3604980915.0,-4639967394.0,590662529.0,6370645075.0,5943854846.0,31515418602.0,13538426917.0,9496494310.0,20842610077.0,36752102121.0,0.30132851573157726,0.42958105960683124,0.6258999007392655,0.24860449760777575,-0.9765648965767726,-0.11685835569914604,0.2554793783986849,1.2073808600525873,4.3341332050847985,0.09141639710637937,-0.17349976479934812,TR
HEKTS,2025,1623266140.0,7280200974.0,13760720330.0,1375821824.0,-3713590107.0,16338191353.0,558614076.0,-2049540670.0,2118686864.0,2555402839.0,-6059261493.0,-4797890472.0,-4953312134.0,-3507332448.0,7216138261.0,9564302611.0,32654314522.0,16316123169.0,11682989475.0,9496494310.0,31515418602.0,0.357777820359049,0.49966209390209165,0.8186519924088179,0.19354019114021576,-1.8119133527611335,-0.11372433203269555,0.11796374761436634,0.5290566772241058,1.8851564210639726,0.07741177563338264,-0.1855577611013004,TR
HLGYO,2010,12965821.0,13045195.0,456697.0,97971.0,1669484.0,478829221.0,0.0,0.0,0.0,0.0,0.0,1829221.0,1829221.0,0.0,2441051.0,0.0,479285918.0,456697.0,0.0,,,0.0,0.0009528696397042903,,,inf,0.0034832736312524,28.390422971904787,28.56422310634841,1104.3302801991301,0.0,0.0,TR
HLGYO,2011,33112602.0,33620458.0,3868690.0,599190.0,29940123.0,509251011.0,0.0,-1547791.0,18325976.0,18333647.0,0.0,30421790.0,30421790.0,1829221.0,34004419.0,3309230.0,531453348.0,22202337.0,21635206.0,0.0,479285918.0,0.04070951115731799,0.041776643394106534,0.15295578881939004,0.14308077306959777,19.3437763884142,0.05633631458466228,8.559125181909122,8.69039855868524,28.090703134354165,0.0,0.0,TR
HLGYO,2012,6477468.0,45772597.0,33377032.0,1088292.0,20062575.0,521316710.0,0.0,-7996876.0,73121272.0,124340306.0,1214920.0,12065699.0,12065699.0,30797750.0,26806641.0,21081080.0,679034048.0,157717338.0,94202352.0,21635206.0,531453348.0,0.13872993891463895,0.23226720142316046,0.22378507067424389,0.13807052113443205,2.508801562009965,0.029545757033968348,0.1940696224877035,1.3713800855630303,7.186811905122495,0.0,0.0017891886328504105,TR
HLGYO,2013,72169331.0,235706098.0,102905640.0,1492512.0,35695268.0,769176013.0,0.0,-4184441.0,15212501.0,18050241.0,-11125756.0,31510827.0,31510827.0,31211098.0,58513850.0,3325159.0,890131894.0,120955881.0,18537660.0,94202352.0,679034048.0,0.020825745178837507,0.1358853466720068,0.17937317870756073,0.0742316933583438,8.530474679891531,0.04010109989385461,0.7013156033041532,2.29050708979605,11.289587520599163,0.0,-0.012498997143000923,TR
HLGYO,2014,8658261.0,183420241.0,87142074.0,1656689.0,63130488.0,1330651004.0,0.0,-1783342.0,13340555.0,13470697.0,4528778.0,61347146.0,61347146.0,424953925.0,86611117.0,3397361.0,1431263775.0,100612771.0,16737916.0,18537660.0,890131894.0,0.011694501245935606,0.07029645601140153,0.20297395446362618,0.10110916402895874,35.400101606982844,0.04410821338645282,0.09935798636144465,2.1048413536726245,18.842347175071115,0.0,0.003164181249539415,TR
HLGYO,2015,16436458.0,144495869.0,52951759.0,557026.0,204543529.0,1527802472.0,0.0,-1623127.0,11349972.0,42315152.0,888443.0,202920402.0,202920402.0,520046712.0,99656111.0,3396983.0,1623069383.0,95266911.0,14746955.0,16737916.0,1431263775.0,0.009085843867464537,0.058695525895457054,0.23035148612035503,0.10310520249550967,126.0181914292597,0.1260226649226369,0.3104043814672899,2.7288209443618294,22.350330489717074,0.0,0.0005473844860272372,TR
HLGYO,2016,51301426.0,233670563.0,31496435.0,417805.0,47408275.0,1630195744.0,0.0,-1440497.0,9152608.0,193147796.0,1082048.0,107667056.0,107667056.0,667368102.0,79567962.0,3397355.0,1854839975.0,224644231.0,12549963.0,14746955.0,1623069383.0,0.006766062393064393,0.12111245931067449,0.27070637578772144,0.1055428308792956,32.911054309727824,0.02555922647720594,1.6288010373237478,7.418952748144354,12.92935629776218,0.0,0.0005833646107395329,TR
HLGYO,2017,123145273.0,432080905.0,490493887.0,412293.0,49928120.0,1879401652.0,0.0,-5119449.0,6719830.0,7038201.0,9077052.0,252108771.0,252108771.0,741185806.0,82240682.0,220194590.0,2376933740.0,497532088.0,226914420.0,12549963.0,1854839975.0,0.09546518532737897,0.20931676791293308,0.9703860600837972,0.04275749851283729,9.752635488702007,0.02100526369742221,0.25106382824298074,0.8809098674862792,8.21281171964549,0.0,0.003818807334528391,TR
HLGYO,2018,28825032.0,213276049.0,353338299.0,176142.0,89503690.0,2261618820.0,0.0,-15039947.0,17306339.0,17836274.0,-21051646.0,381344886.0,381344886.0,954587570.0,319158974.0,297317863.0,2632793393.0,371174573.0,314624202.0,226914420.0,2376933740.0,0.11950204783881421,0.14098127638380928,0.9449936181324029,0.055545242348384156,5.9510641892554546,0.03399571354059532,0.08157913275062209,0.6036029765343949,10.709260189609221,0.0,-0.007995935441030637,TR
HLGYO,2019,74285277.0,192228287.0,452228381.0,1611292.0,69494855.0,2578219682.0,0.0,-10521639.0,8020447.0,8761067.0,-20841668.0,321408214.0,321408214.0,1255115292.0,129978874.0,425386688.0,3039209130.0,460989448.0,433407135.0,314624202.0,2632793393.0,0.14260523592201765,0.1516807262289318,0.9814944278663064,0.02813154604510907,6.604945769380607,0.022866098391853672,0.1642649601861233,0.42506904713704824,10.061192807892642,0.0,-0.006857595877253765,TR
HLGYO,2020,49553215.0,106170870.0,502826748.0,3508581.0,371621569.0,2926488712.0,0.0,-19169104.0,84593553.0,85410620.0,-26400952.0,352452465.0,352452465.0,1528632662.0,151865863.0,396623383.0,3514726080.0,588237368.0,481216936.0,433407135.0,3039209130.0,0.13691449206761513,0.1673636450212359,0.8242091109611321,0.04191690249096888,19.386486139362592,0.10573272583449804,0.09854928202825042,0.21114801553874377,9.861802930820721,0.0,-0.007511524767244451,TR
HLGYO,2021,53109547.0,283193921.0,1097541992.0,3148575.0,421207972.0,3300178143.0,0.0,-42651590.0,94209091.0,180501152.0,-127026227.0,378556382.0,378556382.0,1821583883.0,104596247.0,919404279.0,4578221287.0,1278043144.0,1013613370.0,481216936.0,3514726080.0,0.22139894654681422,0.27915713633787054,0.9070561875086552,0.05706546064634042,9.87555146244255,0.09200253670481874,0.04838953533178346,0.2580255908787133,6.709813491494678,0.0,-0.0277457595509188,TR
HLGYO,2022,169465833.0,1551068038.0,3181792894.0,8822972.0,6467974936.0,17523739279.0,0.0,548248653.0,1461631698.0,2857736166.0,-126692967.0,7016223589.0,7016223589.0,222191281.0,298257253.0,1214272333.0,23563268339.0,6039529060.0,2675904031.0,1013613370.0,4578221287.0,0.11356251571311361,0.2563111777666201,0.4537802249007487,0.2971926099881809,11.797520888756292,0.27449396420507316,0.05326111366945557,0.487482400543698,7.717929918569164,0.0,-0.005376714519280339,TR
HLGYO,2023,93362734.0,2941218211.0,4848223375.0,8816931.0,3717104876.0,28987614402.0,0.0,-1102897.0,2710902463.0,4444885144.0,-237026505.0,3716001979.0,3716001979.0,10331489624.0,1998587037.0,2408529010.0,38280722921.0,9293108519.0,5119431473.0,2675904031.0,23563268339.0,0.13373392878616688,0.2427620956421906,0.4704680632415216,0.00028296331811095837,3370.3100797263933,0.09710121942239691,0.019257102401970084,0.6066589724736022,7.730780577525934,0.0,-0.006191798036028527,TR
HLGYO,2024,86996199.0,4659733659.0,6814686990.0,18639407.0,6291880185.0,42071713950.0,0.0,-462109998.0,3985245308.0,8351617286.0,-177183955.0,2616899905.0,5829770187.0,16495595360.0,2252664731.0,3335089170.0,57238018225.0,15166304276.0,7320334478.0,5119431473.0,38280722921.0,0.12789287094504398,0.26496906682516436,0.45559245687789734,0.0742956097116686,13.615546541366976,0.1099248433142271,0.012765986042742662,0.6837780907381045,7.5939534496492325,0.0,-0.0030955641109637667,TR
HLGYO,2025,4957719834.0,14309104263.0,9404496748.0,39013659.0,25558883231.0,65767754293.0,0.0,-2221559230.0,5407060543.0,18286836480.0,-36967297.0,16252971787.0,23337324001.0,22272836695.0,19578064577.0,4478501685.0,93459087522.0,27691333228.0,9885562228.0,7320334478.0,57238018225.0,0.10577422153488249,0.2962936399468007,0.4530345954745023,0.25823231046427275,11.504929909521252,0.2734767041780021,0.527164819856451,1.5215172748125023,8.702716803766293,0.0,-0.00039554523781647243,TR
HOROZ,2021,32875565.0,751110387.0,1523125951.0,417595165.0,-154678838.0,416395032.0,420881535.0,310470763.0,427229081.0,548166002.0,172765208.0,320147025.0,220410076.0,-1053801040.0,3950457097.0,660561511.0,2487686985.0,2071291953.0,1087790592.0,,,0.437269881041726,0.8326175943715041,0.6072506196119041,0.2854140909871006,-0.49820742058085515,-0.06217777354332221,0.02158427212038225,0.49313741027579666,-0.37350512210069725,0.1065399584568631,0.06944812954432046,TR
HRKET,2022,69312270.0,763554485.0,935387855.0,172511340.0,329801959.0,2940538743.0,1065058672.0,434525615.0,712626825.0,1842218285.0,-565572137.0,275596099.0,662799836.0,1800834634.0,1670058565.0,556408584.0,5718144883.0,2777606140.0,1269035409.0,,,0.22193131425767687,0.48575301900058554,0.43845000703207326,0.3424062180758268,0.7589931355370154,0.05767639081347845,0.07410003201292367,0.8162971979147623,5.578728884740425,0.6377373191101235,-0.09890832578961781,TR
HRKET,2023,51165706.0,1144953906.0,1349610124.0,413180804.0,478307557.0,5725577069.0,1186200773.0,1454187773.0,1107219329.0,2646056360.0,-1215389989.0,1539050559.0,2120989804.0,2879215041.0,2300881498.0,959402618.0,9721243553.0,3995666484.0,2066621947.0,1269035409.0,5718144883.0,0.21258822862865476,0.41102421333399547,0.4642371186431613,0.8719047658682842,0.3289173282025663,0.04920230157718794,0.03791147168365491,0.8483590080123021,5.912668398587284,0.515541879940833,-0.12502412704441784,TR
HRKET,2024,90025957.0,3338348689.0,2131756611.0,969760821.0,95011024.0,8410386016.0,1854569416.0,-174094855.0,2177818783.0,5014992950.0,478330620.0,-119738835.0,-139432839.0,5727748818.0,4614012403.0,1488978444.0,15557135578.0,7146749561.0,3666797227.0,2066621947.0,9721243553.0,0.23569873828093213,0.4593872390690301,0.40607057107933175,0.060729854112006355,0.5457428595463089,0.006107231213846274,0.042230879705244175,1.5660083668904359,6.235730009867421,0.40194287618173097,0.030746702540564566,TR
HRKET,2025,468848584.0,3850676972.0,3689043570.0,1187110137.0,695306699.0,7338237164.0,3512554092.0,-475085822.0,4364434789.0,7995832445.0,-5034418554.0,-1753046887.0,-1395590598.0,6067062383.0,6545229890.0,2725257814.0,19023113178.0,11684876015.0,7089692603.0,3666797227.0,15557135578.0,0.3726883468894641,0.6142462543151673,0.3843971758164534,0.08833473177745756,1.4635391476700392,0.036550626203712744,0.12709217852908145,1.043814446463694,5.250485976850417,0.5366586278912199,-0.26464745843084425,TR
HTTBT,2018,17342157.0,29851784.0,11233722.0,3684486.0,16258625.0,51811708.0,48772159.0,0.0,0.0,3555033.0,6339127.0,15971536.0,16661910.0,35868417.0,60006658.0,0.0,66600463.0,14788755.0,0.0,,,0.0,0.2220518346846928,,,inf,0.2441218013754649,1.543758782707993,2.6573369004502694,12.158671660403812,0.8127791252763985,0.09518142539039105,TR
HTTBT,2019,23988350.0,43101967.0,15062016.0,4368719.0,31748818.0,82986937.0,79841920.0,0.0,0.0,6341980.0,11040845.0,31300316.0,32335453.0,51839953.0,93876905.0,0.0,104390933.0,21403996.0,0.0,0.0,66600463.0,0.0,0.20503692595601192,,,inf,0.30413386572567563,1.5926387277772112,2.8616333298278267,12.745756451697089,0.8504958700971235,0.10576440580332777,TR
HTTBT,2020,50726430.0,79498648.0,42838288.0,11401087.0,23600549.0,127402257.0,79790047.0,-1434853.0,0.0,8370559.0,7983651.0,22206331.0,23508062.0,83140269.0,88974220.0,29089279.0,178611104.0,51208847.0,29089279.0,0.0,104390933.0,0.1628637769351675,0.28670584220788425,1.0,0.09865167163476275,16.448060533030212,0.13213371661372184,1.1841376574152542,1.855784899714013,9.614156210451892,0.896777145110123,0.04469851437679933,TR
HTTBT,2021,66108548.0,124112117.0,76637016.0,20381907.0,27225000.0,266129335.0,108421952.0,-2064237.0,13694868.0,28427758.0,6592155.0,23351517.0,28848020.0,5546600.0,128265259.0,46450365.0,371194109.0,105064774.0,60145233.0,29089279.0,178611104.0,0.1620317551968477,0.2830453702054846,0.7723033511234382,0.04626544043856037,13.188892554488657,0.07334437519319575,0.8626190247282071,1.6194800303811412,7.2902526005332104,0.8452947652801294,0.017759320097399497,TR
HUBVC,2014,10661508.0,20868798.0,35972.0,813.0,1083584.0,21370815.0,0.0,-2026.0,0.0,9846.0,0.0,825773.0,825773.0,329207.0,354619883.0,0.0,21416633.0,45818.0,0.0,,,0.0,0.0021393652307531252,,inf,534.8390918065153,0.050595441402950685,296.38352051595683,580.1400533748471,499.77107743469315,0.0,0.0,TR
HUBVC,2015,10484565.0,12676683.0,77141.0,886.0,854271.0,22602276.0,0.0,-62410.0,0.0,0.0,1153488.0,1390503.0,1390503.0,1099242.0,26966216.0,0.0,22679417.0,77141.0,0.0,0.0,21416633.0,0.0,0.0034013660933171256,,inf,13.688046787373818,0.0376672380952297,135.91429978869863,164.33132834679353,314.95503385200044,0.0,0.05086056665389591,TR
HUBVC,2016,9792794.0,12157667.0,31591.0,887.0,816105.0,23856572.0,0.0,-9913.0,0.0,11179.0,304349.0,1105136.0,1105136.0,2445428.0,1088635.0,0.0,23899342.0,42770.0,0.0,0.0,22679417.0,0.0,0.0017895890188106434,,inf,82.32674266115202,0.03414759285004583,309.98683169257066,384.8459054794087,592.8183522693033,0.0,0.012734618384054255,TR
HUBVC,2017,8596935.0,9844311.0,22356.0,887.0,-6268022.0,18165049.0,0.0,-51644.0,0.0,13783.0,7992884.0,-5699003.0,-5699003.0,3495130.0,-492827.0,0.0,18201188.0,36139.0,0.0,0.0,23899342.0,0.0,0.0019855297357513147,,inf,-121.36980094493067,-0.34437433424675357,384.5471014492754,440.3431293612453,532.8779313393754,-0.0,0.43914078575530346,TR
HUNER,2022,82509256.0,175923957.0,492692921.0,136666052.0,132368309.0,1963238802.0,0.0,-775709623.0,1112461743.0,1745328065.0,236200828.0,173193916.0,158002678.0,379111086.0,459535535.0,286457729.0,4201259788.0,2238020986.0,1398919472.0,,,0.3329761887126605,0.5327023557058833,0.20477070677303433,0.5545062732531613,0.1706415713757363,0.031506813593884804,0.16746588490156122,0.3570661349120541,4.182367324087124,0.0,0.05622142879015888,TR
HUNER,2023,50006683.0,246499602.0,988281637.0,204900329.0,195767767.0,3007076510.0,0.0,-1297630872.0,1346267935.0,2343897243.0,19229140.0,64177705.0,68170250.0,549696217.0,557770850.0,459868063.0,6339255390.0,3332178880.0,1806135998.0,1398919472.0,4201259788.0,0.28491295694587876,0.5256419997301923,0.2546143056277205,0.8097400398502307,0.15086552826711724,0.030881823645852513,0.050599627806299105,0.24942242451075716,3.9201554372337615,0.0,0.0030333436369093815,TR
HUNER,2024,202141608.0,669802776.0,1289561187.0,312585396.0,437915739.0,5955417882.0,0.0,-1026120965.0,1752201840.0,3282528560.0,1341407789.0,648927413.0,744501570.0,802146995.0,1098779921.0,803104315.0,10527507628.0,4572089747.0,2555306155.0,1806135998.0,6339255390.0,0.24272660208800564,0.4342993525684672,0.31428888214766576,0.470542049626492,0.4267681432666177,0.041597285366507454,0.1567522425750551,0.5194036411395189,4.759428075053535,0.0,0.12741931294661418,TR
HUNER,2025,23594227.0,389046531.0,1234389082.0,401480122.0,452081087.0,5563621976.0,0.0,-1783396525.0,1622267717.0,3303931389.0,621599521.0,-256270308.0,-6009284.0,1221122675.0,1095793702.0,794851036.0,10101942447.0,4538320471.0,2417118753.0,2555306155.0,10527507628.0,0.23927267114037243,0.44925225963327053,0.3288423603571289,0.7173146132908881,0.25349443080248235,0.04475189691208899,0.01911409242357508,0.31517334094502303,4.683069867628461,0.0,0.06153267297465133,TR
HURGZ,2010,89534596.0,347621622.0,390538264.0,84346829.0,-23598543.0,773033107.0,240688797.0,-61833608.0,276186985.0,415354903.0,-465238184.0,-55527386.0,-49589350.0,69711978.0,794225971.0,230193446.0,1578926274.0,805893167.0,506380431.0,,,0.32071189094672065,0.5104058246864033,0.45458598300375475,0.12210899990327628,-0.38164590039772545,-0.014945943574816972,0.2292594714867683,0.8901089958242863,4.122377009973315,0.3030482580378878,-0.29465478639568193,TR
HURGZ,2011,281604096.0,553169468.0,549788007.0,85257001.0,-148483394.0,610115273.0,0.0,-188006576.0,337956619.0,490988711.0,-510341121.0,-255891439.0,-264592634.0,42086198.0,868738457.0,265185490.0,1650891991.0,1040776718.0,603142109.0,506380431.0,1578926274.0,0.3653431673835045,0.630432956046729,0.4396733142039665,0.3388963616728327,-0.7897776618196589,-0.08994131342902614,0.512204872450046,1.006150481561887,3.3576602427452755,0.0,-0.30913053293745124,TR
HURGZ,2012,108189130.0,445879948.0,431396001.0,76733019.0,63586260.0,744029619.0,0.0,-64551705.0,208378761.0,365701496.0,-297378853.0,147026516.0,171856916.0,-176732519.0,830402405.0,295748520.0,1541127116.0,797097497.0,504127281.0,603142109.0,1650891991.0,0.3271159632233737,0.5172172293411259,0.5866544643514343,0.1165962060957903,0.9850438497325517,0.04125958160092486,0.25078843973799375,1.0335745972758796,4.195163433877919,0.0,-0.19296192371973034,TR
HURGZ,2013,47206848.0,419004238.0,294282082.0,78446485.0,38610913.0,723141884.0,0.0,-101479505.0,266158639.0,420980088.0,-297503753.0,-78808142.0,-61287824.0,-145994420.0,805574612.0,151875550.0,1438404054.0,715262170.0,418034189.0,504127281.0,1541127116.0,0.29062361708276996,0.49726095251953456,0.3633089206490716,0.22009053360253708,0.3804799106972388,0.026842883884141223,0.1604135993573676,1.4238183825272788,4.729878805430668,0.0,-0.20682905625348022,TR
HURGZ,2014,56609424.0,283283769.0,303268721.0,69752786.0,39146247.0,427194173.0,178119494.0,-198577145.0,92128150.0,204515762.0,-201573368.0,-202168305.0,-198931187.0,-201896442.0,719582443.0,173111387.0,934978656.0,507784483.0,265239537.0,418034189.0,1438404054.0,0.2836851251072837,0.5430974062791868,0.6526605684732438,0.5812521027626928,0.19713369834177039,0.041868599618599206,0.1866642356433455,0.9341015059710032,3.5705388857124585,0.247531739737013,-0.21559141131880555,TR
HURGZ,2015,86987420.0,315814507.0,361956283.0,56817268.0,22537215.0,353219223.0,93507785.0,-40881440.0,62343476.0,158172934.0,-79991553.0,-48600645.0,-54453971.0,-383832770.0,596083249.0,253665681.0,873348440.0,520129217.0,316009157.0,265239537.0,934978656.0,0.3618362872440695,0.5955575039442448,0.8027162358462923,0.1406676364936486,0.5512823178439898,0.025805524997559965,0.24032576331877073,0.8725211353770035,2.357125839218357,0.15687034513529838,-0.09159179696937456,TR
HURGZ,2016,24295720.0,286251146.0,283312598.0,46927995.0,31405085.0,416594931.0,62560328.0,-47554881.0,139729311.0,233768358.0,-585521.0,-86660943.0,3581669.0,-443630506.0,544427099.0,147985321.0,933675887.0,517080956.0,287714632.0,316009157.0,873348440.0,0.3081525784332481,0.553812048912858,0.5143475671407632,0.15753853621958236,0.6603966688508799,0.03363596022695615,0.08575587591766745,1.0103721049496006,2.7936604763142503,0.1149103858255961,-0.0006271137641578613,TR
HURGZ,2017,65946767.0,312550446.0,251518848.0,32163606.0,8562311.0,303106910.0,46824853.0,-41530302.0,150478785.0,214508622.0,4764734.0,-271900705.0,-20352350.0,-494582896.0,485640732.0,111689993.0,769134380.0,466027470.0,262168778.0,287714632.0,933675887.0,0.34086212346924344,0.6059116353633809,0.4260232429355108,0.15105130012924012,0.20617020796044297,0.011132399256421226,0.2621941358446426,1.2426521848573353,2.4319733810886985,0.09641871019995085,0.006194930461956466,TR
HURGZ,2018,56867896.0,378730749.0,156671516.0,20084015.0,-36191069.0,640163559.0,57370209.0,-33090834.0,11733333.0,77333575.0,116021265.0,268508661.0,310526160.0,-671268213.0,422063269.0,15650595.0,874168650.0,234005091.0,27383928.0,262168778.0,769134380.0,0.03132568069101998,0.2676887245956487,0.5715248374886174,0.2285651856418845,-1.0936886329307989,-0.0414005569749041,0.3629753349677168,2.4173554878986425,5.007315587118937,0.13592798334697068,0.13272183233750146,TR
HURGZ,2019,14156497.0,292118290.0,147971116.0,20400394.0,-51735690.0,654580299.0,79649550.0,-27967356.0,11998580.0,94356580.0,108063017.0,-49452294.0,-50926354.0,-417649879.0,357434718.0,18009283.0,896907995.0,242327696.0,30007863.0,27383928.0,874168650.0,0.033457013614869156,0.2701812196467264,0.6001521334591536,0.9746117175538223,-1.8498598866478475,-0.057682270966934575,0.09567067805314113,1.9741575105779428,5.234914470246439,0.22283663558389982,0.12048394885809888,TR
HURGZ,2020,4591178.0,267402357.0,219285206.0,15200193.0,-67885132.0,639554191.0,71541930.0,-21644368.0,13020805.0,105923978.0,5898359.0,-82046836.0,-64022805.0,-467047129.0,315812065.0,5665179.0,964763375.0,325209184.0,18685984.0,30007863.0,896907995.0,0.019368463277329533,0.33708699192690644,0.30317798623824144,0.8889980699204152,-3.1363878122937106,-0.07036454094248758,0.020937016608407227,1.219427255845066,3.5910668408148276,0.2265332390008596,0.006113788264402139,TR
HURGZ,2021,2490122.0,221974155.0,283776854.0,19854891.0,-53874845.0,883661014.0,86782578.0,-25595076.0,37210988.0,162674514.0,-4661452.0,55032745.0,62099478.0,-547909813.0,350955516.0,10585707.0,1330112382.0,446451368.0,47796695.0,18685984.0,964763375.0,0.03593432829196834,0.33564935868704665,0.22147361862572298,0.7699772748327425,-2.104890995439904,-0.04050397976071168,0.008774929896150023,0.7822137424921907,3.4083887190604374,0.24727515039256429,-0.0035045550008269903,TR
ICUGS,2010,1299551.0,10607227.0,9915198.0,1056919.0,-5266544.0,13849809.0,1655843.0,-1253741.0,781282.0,2123135.0,-595828.0,-5456156.0,-5433290.0,-6854781.0,5162395.0,2657308.0,25888142.0,12038333.0,3438590.0,,,0.13282490493137747,0.465013402661342,0.7727900098586921,0.3646090403333925,-4.200663454413631,-0.20343460724218834,0.1310665707331311,1.0697947736394169,2.403079791614976,0.32075093052740056,-0.023015479442286744,TR
ICUGS,2011,5979579.0,13912442.0,12612241.0,1540651.0,-1298861.0,51661922.0,1324508.0,-1677585.0,2229254.0,3924963.0,-4034103.0,-14816343.0,-2222442.0,-11629477.0,17026019.0,2837618.0,68199126.0,16537204.0,5066872.0,3438590.0,25888142.0,0.0742952629627541,0.2424841045616919,0.5600334881165342,0.3944723990301761,-0.7742445241224737,-0.019045126765994038,0.4741091610919899,1.103090402411435,5.971359470188833,0.07779317055854337,-0.05915182842665755,TR
ICUGS,2012,1246405.0,5311587.0,9074525.0,1999021.0,-1978285.0,39540217.0,2142607.0,-507142.0,2291323.0,4017488.0,-176377.0,-10137206.0,-2485427.0,-25349448.0,13958593.0,2026743.0,52632230.0,13092013.0,4318066.0,5066872.0,68199126.0,0.08204223913750187,0.24874517002224683,0.46936359935211736,0.10807572729835828,-3.9008502549581774,-0.037586950049427886,0.1373520928092655,0.58532948005543,4.129471008711656,0.15349734747621052,-0.0033511215466264684,TR
ICUGS,2013,386803.0,31225051.0,10235368.0,1399376.0,-5385865.0,32527794.0,1533833.0,-663675.0,0.0,898684.0,135711.0,-8838710.0,-6049540.0,-34985164.0,9239731.0,5714664.0,43661846.0,11134052.0,5714664.0,4318066.0,52632230.0,0.1308846172010226,0.25500644200888806,1.0,0.13230197563375073,-8.115214525181752,-0.123354037756443,0.03779082491220638,3.0507013524086286,6.030053430952017,0.16600407522686536,0.0031082286351337505,TR
ICUGS,2014,11769.0,30555941.0,11418538.0,14786.0,-3833171.0,41519885.0,0.0,-1275062.0,0.0,304975.0,2815.0,-4397518.0,-4397518.0,-31637157.0,53390.0,9869940.0,53243398.0,11723513.0,9869940.0,5714664.0,43661846.0,0.18537396880642365,0.22018716761841534,1.0,0.1636309783681382,-3.0062624405715175,-0.0719933577492556,0.0010306923705994586,2.6759941596726304,6.905663824132467,0.0,5.2870404702569884e-05,TR
ICUGS,2015,79231.0,27718310.0,16747054.0,6816.0,-13804527.0,25899023.0,0.0,-2105512.0,1909000.0,2041646.0,222.0,-15620862.0,-15620862.0,-36034675.0,666310.0,10716992.0,44687723.0,18788700.0,12625992.0,9869940.0,53243398.0,0.2825382711936341,0.4204443354609945,0.8488039593245426,0.18719046625852176,-6.556375361432279,-0.30891095077724146,0.004731041053548881,1.655115580328337,1.6032637851924894,0.0,4.967807377431157e-06,TR
ICUGS,2016,74460.0,29612690.0,23955120.0,5427.0,-6661844.0,17035208.0,0.0,-2464213.0,588906.0,752595.0,371.0,-8863815.0,-8863815.0,-51655537.0,42710.0,13082485.0,41742923.0,24707715.0,13671391.0,12625992.0,44687723.0,0.32751398362783557,0.5919018895729942,0.9569242076391495,0.1874112720646005,-2.703436756481684,-0.1595921780561462,0.003108312544458137,1.2361737282050769,-0.24356228036762084,0.0,8.887734095669343e-06,TR
ICUGS,2017,29985059.0,46267173.0,24654346.0,6758.0,-27271790.0,24261668.0,0.0,-6714965.0,495247.0,624458.0,38244929.0,8355293.0,8355293.0,-60519352.0,0.0,14926653.0,49540472.0,25278804.0,15421900.0,13671391.0,41742923.0,0.3112990122500246,0.5102657076016555,0.9678867714094891,0.46161604749356133,-4.06134507030193,-0.5504951587865372,1.2162179844478536,1.8766335558039138,-0.5621334144624228,,0.7719936338111595,TR
ICUGS,2018,9339539.0,33250856.0,8901076.0,2959.0,-289299.0,25286257.0,0.0,-3686410.0,0.0,2228.0,11124719.0,1024589.0,1024589.0,-52345207.0,0.0,0.0,34189561.0,8903304.0,0.0,15421900.0,49540472.0,0.0,0.2604100122841589,,0.4780746859984827,-0.07847716341915305,-0.008461617860492564,1.049259550193707,3.7355996061599743,5.856113784511377,,0.3253834993669559,TR
ICUGS,2019,5392143.0,31853003.0,7050855.0,8327.0,-2077451.0,25794111.0,0.0,-1029251.0,0.0,24881.0,17636766.0,507854.0,507854.0,-51320618.0,0.0,0.0,32869847.0,7075736.0,0.0,0.0,34189561.0,0.0,0.2152652551136,,inf,-2.018410475190211,-0.06320233252074461,0.7647502324186216,4.517608573711983,6.512942489633132,,0.5365636779507978,TR
ICUGS,2020,28357449.0,32386875.0,8651395.0,9095.0,-2357677.0,24911864.0,0.0,-3676398.0,0.0,42407.0,11437466.0,-882247.0,-882247.0,-50883326.0,0.0,0.0,33605666.0,8693802.0,0.0,0.0,32869847.0,0.0,0.2587004822341566,,inf,-0.6413008058431106,-0.07015712767007802,3.2777891889111523,3.743543671280759,5.484518683243374,,0.34034338138098497,TR
ICUGS,2021,22254934.0,25604244.0,19244483.0,3843.0,-12285803.0,21921440.0,0.0,-4039129.0,0.0,86521.0,7540746.0,-2990424.0,-2990424.0,-51765573.0,0.0,0.0,41252444.0,19331004.0,0.0,0.0,33605666.0,0.0,0.4686026360038208,,inf,-3.0416961181482445,-0.29782000310090717,1.1564318979106896,1.3304719071954285,-0.6401177436288312,,0.18279513330167785,TR
IDGYO,2010,293677.0,9437034.0,18007.0,3064.0,-309708.0,9428367.0,0.0,-3.0,0.0,1815.0,0.0,-294186.0,-294186.0,-277447.0,366337.0,0.0,9448189.0,19822.0,0.0,,,0.0,0.0020979681926345884,,inf,-103236.0,-0.03277961522573268,16.309046481923698,524.0758593880157,508.9079753767513,0.0,0.0,TR
IDGYO,2011,385575.0,9225110.0,41355.0,4397.0,-269101.0,9190461.0,0.0,-320.0,0.0,2719.0,0.0,-237906.0,-237906.0,-571633.0,396040.0,0.0,9234535.0,44074.0,0.0,0.0,9448189.0,0.0,0.004772736255804976,,inf,-840.940625,-0.02914072013371545,9.323540079796881,223.0712126707774,228.32588795187556,0.0,0.0,TR
IDGYO,2012,1035681.0,9208684.0,53008.0,2236.0,-28131.0,9161742.0,0.0,-390.0,0.0,1123.0,0.0,-28521.0,-28521.0,-809539.0,986352.0,0.0,9215873.0,54131.0,0.0,0.0,9234535.0,0.0,0.0058736703511430765,,inf,-72.13076923076923,-0.0030524509181061848,19.538201780863265,173.7225324479324,187.17413673385605,0.0,0.0,TR
IDGYO,2013,645449.0,8837080.0,16015.0,1799.0,-394611.0,8821444.0,0.0,-385.0,0.0,5012.0,0.0,-340216.0,-340216.0,-838059.0,0.0,0.0,8842471.0,21027.0,0.0,0.0,9215873.0,0.0,0.0023779552118406723,,inf,-1024.9636363636364,-0.04462677909828599,40.3027786450203,551.8001873243834,449.691091250775,,0.0,TR
IDGYO,2018,80364.0,10009865.0,2451503.0,5731.0,-742487.0,7071227.0,0.0,-267449.0,501600.0,527056.0,0.0,-1008898.0,-1008898.0,-1905762.0,0.0,1119942.0,10049786.0,2978559.0,1621542.0,0.0,8842471.0,0.16135089841714043,0.29638034083511827,0.6906648116422517,0.3298699632818638,-2.776181627151345,-0.07388087666742356,0.03278152219271198,4.083154293508921,9.561787411169902,,0.0,TR
IDGYO,2019,2100670.0,16290928.0,6073403.0,2376.0,1309384.0,7328630.0,0.0,-1151785.0,2973678.0,3038546.0,0.0,273605.0,157599.0,-2914660.0,2970297.0,2779218.0,16440579.0,9111949.0,5752896.0,1621542.0,10049786.0,0.3499205228720959,0.5542352857524057,0.4830989470346761,0.31237227840277454,1.1368302243908368,0.07964342375046524,0.3458802256329771,2.6823393738238677,8.12868091256392,0.0,0.0,TR
IDGYO,2020,259001.0,29701177.0,15365505.0,9400.0,7316545.0,14442137.0,0.0,-240550.0,0.0,107660.0,16379015.0,7104738.0,7089898.0,-2641055.0,14907921.0,1167034.0,29915302.0,15473165.0,1167034.0,5752896.0,16440579.0,0.039011272558772764,0.517232451806771,1.0,0.06952382466296625,30.41590106007067,0.2445753347233466,0.016856003105657772,1.9329776014520836,8.729382944379367,0.0,0.5475129417045498,TR
IDGYO,2021,22349934.0,46758899.0,30255103.0,51734.0,-9570671.0,58495002.0,0.0,-528108.0,466316.0,536252.0,0.0,3653338.0,2373751.0,4175140.0,12051552.0,3812038.0,89286357.0,30791355.0,4278354.0,1167034.0,29915302.0,0.04791721987268447,0.3448606935547835,0.8910057466025485,0.19396524177891455,-18.12256394525362,-0.10719074359815128,0.7387161762430622,1.5454880123858774,5.889385662229088,0.0,0.0,TR
IDGYO,2022,13973782.0,108429515.0,77215560.0,112392.0,-6564566.0,198160338.0,0.0,-28103770.0,0.0,441787.0,0.0,26671501.0,26641361.0,-91935711.0,2038154.0,20007791.0,275817685.0,77657347.0,20007791.0,4278354.0,89286357.0,0.07253991345768855,0.2815531824944437,1.0,2.3143870713116472,-0.23358311002402882,-0.023800381037930907,0.18097106334526358,1.4042443647368483,5.425136839593758,0.0,0.0,TR
IDGYO,2023,464753.0,320544445.0,240730475.0,65237.0,-8655835.0,333684223.0,0.0,-35128541.0,38628185.0,39061776.0,0.0,-8919239.0,-29960121.0,-60609727.0,20085148.0,93330298.0,613476474.0,279792251.0,131958483.0,20007791.0,275817685.0,0.21509950029477415,0.45607657808895863,0.7072701646623204,0.4623202250783618,-0.24640462579985886,-0.014109481564243326,0.001930594786555379,1.3315490903260172,4.938813808064559,0.0,0.0,TR
IDGYO,2024,3413983.0,148027022.0,210940832.0,128966.0,-107824110.0,346894814.0,0.0,-36757672.0,3937345.0,36534226.0,0.0,-204219177.0,-143793499.0,-91008083.0,102346082.0,98497853.0,594369872.0,247475058.0,102435198.0,131958483.0,613476474.0,0.17234251402298534,0.4163654142954271,0.9615625773476808,0.3136404688315808,-2.9333770103830297,-0.18140911085748976,0.01618455264270504,0.7017466490318953,2.3092195740443437,0.0,0.0,TR
IDGYO,2025,1580723.0,75266078.0,359920714.0,99679.0,-30281266.0,208155585.0,0.0,39800829.0,75296943.0,92447351.0,0.0,-128569079.0,-129073710.0,-369895173.0,29198220.0,198576102.0,660523651.0,452368065.0,273873045.0,102435198.0,594369872.0,0.4146301871028688,0.6848627816962152,0.7250662510434351,0.21153312339214425,-0.7608199819154521,-0.04584433268082932,0.004391864481575795,0.20911849491385484,-1.2275811522050857,0.0,0.0,TR
IEYHO,2010,123405.0,3915691.0,9185381.0,680448.0,-1771293.0,5031902.0,73592.0,-1354724.0,0.0,1330853.0,-4479275.0,-2114174.0,-2326857.0,728309.0,4090310.0,5777319.0,15548136.0,10516234.0,5777319.0,,,0.3715763098547633,0.6763662216486915,1.0,0.23449008095277413,-1.3074936296987432,-0.1139231738132468,0.01343493536087398,0.4262959805368988,0.9161912513479418,0.017991790353298405,-0.28809080393945613,TR
IEYHO,2011,710723.0,143250291.0,39428200.0,975468.0,-6884760.0,134185830.0,617851.0,-2758934.0,13027.0,2966242.0,652457.0,-5985721.0,-6756119.0,-63756238.0,8642690.0,30859861.0,176580272.0,42394442.0,30872888.0,5777319.0,15548136.0,0.17483769647834727,0.2400859479931031,0.9995780440106543,0.1505548931824587,-2.4954420801657453,-0.03898940647231532,0.01802575314115278,3.633193780086334,8.991382244344797,0.07148827506250947,0.0036949597631155537,TR
IEYHO,2012,5935319.0,138846477.0,50832794.0,1898042.0,-6262041.0,153986923.0,3535221.0,-6398652.0,669645.0,9753383.0,112657759.0,1718684.0,1560802.0,-68896462.0,23686145.0,40993395.0,214573100.0,60586177.0,41663040.0,30872888.0,176580272.0,0.19416711600848383,0.2823568145308056,0.9839271210166133,0.17642710795676317,-0.9786500344134983,-0.029183718742004473,0.11676161259206015,2.7314350849965083,7.366626889948403,0.14925269603812694,0.5250320706556414,TR
IEYHO,2013,3124689.0,135944924.0,50098540.0,2586501.0,-6087955.0,154063920.0,2230448.0,-13072466.0,18483670.0,26865281.0,82327417.0,227673.0,1202155.0,-66439966.0,22700699.0,35960736.0,231027741.0,76963821.0,54444406.0,41663040.0,214573100.0,0.23566176842806077,0.33313670759564756,0.6605037806822615,0.27203856816671623,-0.4657082298014774,-0.026351618959906637,0.062370859510077536,2.7135506144490438,6.674847224080377,0.09825459559637349,0.3563529498390412,TR
IEYHO,2018,13698821.0,243082396.0,214185697.0,9446142.0,13930635.0,222115588.0,87986390.0,-30245521.0,6285136.0,26537178.0,13938956.0,298846.0,8067491.0,-313721685.0,296224806.0,14060192.0,462838463.0,240722875.0,20345328.0,54444406.0,231027741.0,0.043957729589124486,0.5201012755934245,0.6910771848947336,0.8088147766376599,0.46058505654440535,0.030098265623183525,0.06395768341151184,1.1349142328584154,2.6209658815738663,0.2970257325444919,0.030116243817878204,TR
IEYHO,2019,26465576.0,211454922.0,177271847.0,11285770.0,-3978860.0,295754797.0,109023467.0,-24891175.0,4775195.0,35463659.0,23765951.0,-27458868.0,-20882156.0,-343053007.0,330912392.0,26623365.0,508490303.0,212735506.0,31398560.0,20345328.0,462838463.0,0.061748591496738926,0.41836688869954713,0.8479167515962516,0.9620914068150426,-0.15985022804266974,-0.007824849316743017,0.14929373415960404,1.1928285600815114,2.898810310052517,0.3294632344865465,0.04673825805484436,TR
IEYHO,2020,23186850.0,196060023.0,136640761.0,20201136.0,23027596.0,352563981.0,127858403.0,-15762019.0,11598728.0,39317806.0,75339766.0,16101678.0,20003404.0,-423062221.0,364873040.0,23356392.0,528522548.0,175958567.0,34955120.0,31398560.0,508490303.0,0.06613742428260601,0.3329253740750527,0.6681822863145657,0.47509102735522735,1.4609547165245773,0.043569751351459844,0.16969204379650665,1.434857516638099,3.774651937877241,0.3504188826886196,0.14254787479757627,TR
IEYHO,2021,18212303.0,311361430.0,204529451.0,15443287.0,63348207.0,714003624.0,200954134.0,-27858631.0,3284492.0,61730752.0,214940640.0,248022432.0,274477411.0,-338585004.0,567653514.0,13547634.0,980263827.0,266260203.0,16832126.0,34955120.0,528522548.0,0.017171016145228014,0.2716209612822936,0.80486766793452,1.0758877195361962,2.273916726202375,0.06462363014441826,0.08904489261060013,1.522330542020572,6.088869307555255,0.3540084383235228,0.2192681542251788,TR
IEYHO,2022,137104307.0,999875214.0,461471907.0,110998886.0,416362022.0,2534386328.0,1220683879.0,-561532430.0,62407493.0,194425239.0,176956531.0,-150412450.0,-99177424.0,-3264018102.0,2907702730.0,131046194.0,3190283474.0,655897146.0,193453687.0,16832126.0,980263827.0,0.060638400498450505,0.20559212099658075,0.6774034448875611,5.340659191307404,0.7414745787700988,0.1305094125312828,0.2971021744125369,2.166708739650321,5.95596528597404,0.41981041129331675,0.055467337759215064,TR
IEYHO,2023,570480253.0,1962199454.0,1053485298.0,157986591.0,197091112.0,3283334187.0,1185960630.0,31279212.0,80938863.0,314567161.0,429189216.0,676334584.0,806688794.0,-5273117170.0,3304145244.0,176917519.0,4651386646.0,1368052459.0,257856382.0,193453687.0,3190283474.0,0.05543645403500176,0.2941171231543326,0.6861087463796028,0.13861517457081154,6.301025486191915,0.042372549736214724,0.5415170520965353,1.8625788681865403,3.640588705459058,0.35893114328239256,0.09227124052761448,TR
IEYHO,2024,124136025.0,1399286565.0,1261705145.0,240201633.0,260866477.0,3596163463.0,1009608725.0,-771043802.0,201470334.0,504191400.0,-119785681.0,-883648701.0,-788101768.0,-5739661491.0,4399797012.0,390410234.0,5362060007.0,1765896545.0,591880568.0,257856382.0,4651386646.0,0.11038305562177943,0.3293317386777988,0.6596098184456699,1.8147823323441448,0.33832899807162964,0.04865042104330184,0.09838750796248834,1.1090440350070856,2.3939515452083255,0.2294671145615115,-0.022339489085094828,TR
IEYHO,2025,11127147.0,579920538.0,483346818.0,80392242.0,-193664689.0,2651923740.0,838655281.0,-1083613878.0,0.0,159298892.0,5972605.0,-856203573.0,-838167583.0,-7213512251.0,3021985309.0,143648741.0,3294569450.0,642645710.0,143648741.0,591880568.0,5362060007.0,0.043601673353706356,0.19506212260907113,1.0,2.946487284030173,-0.17872112283892325,-0.058783003952155265,0.0230210411771036,1.199802122210309,0.24235012855976734,0.2775179874310898,0.0018128635898083739,TR
IHAAS,2022,268181083.0,347085485.0,70797740.0,19500385.0,9969680.0,348484372.0,156918828.0,-174397212.0,8436023.0,31240640.0,11349133.0,-122968110.0,-105289016.0,-240228761.0,322920894.0,1773699.0,450522752.0,102038380.0,10209722.0,,,0.022661945383837128,0.22648885000152003,0.1737264736493315,17.081484882742156,0.05716651020774346,0.022129137664505787,3.7879893199980676,4.902493850792412,9.269380997702108,0.48593581559947,0.025191031861582874,TR
IHAAS,2023,83799970.0,363181224.0,101627654.0,34368067.0,-14533333.0,397820292.0,227015270.0,-173088424.0,26043038.0,56086276.0,-26937864.0,-95098971.0,-83849913.0,-433211483.0,521928009.0,2490595.0,555534222.0,157713930.0,28533633.0,10209722.0,450522752.0,0.05136251174099586,0.28389597571902603,0.08728629123392734,8.93512830780917,-0.08396478900287405,-0.026161003993017733,0.8245784164219712,3.5736456535737804,6.269096414877076,0.4349551395698329,-0.04849001723605787,TR
IHAAS,2024,53607509.0,381415845.0,122804712.0,57810529.0,-82984411.0,426054189.0,112491504.0,-146897580.0,43069612.0,64581773.0,-22315219.0,-88483657.0,-105151475.0,-691517852.0,513083489.0,5735663.0,613440674.0,187386485.0,48805275.0,28533633.0,555534222.0,0.07955989400207264,0.3054679823855306,0.11752137448257387,3.798801503636436,-0.5649133974841519,-0.1352769950171253,0.4365264827948947,3.105873046630328,3.8188935529898926,0.21924600267150673,-0.0363771428041956,TR
IHAAS,2025,19816186.0,336301305.0,119589345.0,56160324.0,-131661805.0,399527617.0,103015054.0,-182401418.0,55291806.0,74976468.0,-22970110.0,-101073558.0,-118481754.0,-337067453.0,643797662.0,2834020.0,594093429.0,194565813.0,58125826.0,48805275.0,613440674.0,0.09783953695269705,0.3275003619001482,0.04875664046477378,3.41156906258732,-0.7218244597199348,-0.22161801254327626,0.16570193607131137,2.812134350263395,4.460163281331825,0.16001153791080402,-0.038664137455053385,TR
IHEVA,2010,40183783.0,171350532.0,51436254.0,2920776.0,2969953.0,231487629.0,11878810.0,-6468081.0,0.0,6464729.0,-19982193.0,5315288.0,5363313.0,-5874327.0,101924593.0,11557238.0,289388612.0,57900983.0,11557238.0,,,0.039936740841757794,0.20008037842207835,1.0,0.5596562950421199,0.4591706566445287,0.010262853743532935,0.7812346326775663,3.3313182565744386,10.168956668422819,0.11654508151923648,-0.06904968672367799,TR
IHEVA,2011,470744.0,164268072.0,75161693.0,1747803.0,-27747970.0,203455110.0,14145059.0,-15633495.0,0.0,7186012.0,-23192560.0,-25924366.0,-32043149.0,3467180.0,99508540.0,61377.0,285802815.0,82347705.0,61377.0,11557238.0,289388612.0,0.00021475295825900106,0.28812769041480574,1.0,2.69111163421802,-1.7749050995954518,-0.09708781209870168,0.006263084042026568,2.1855291631070632,7.276584507186343,0.1421491964408281,-0.081148815836541,TR
IHEVA,2012,1533382.0,209417001.0,78498510.0,1697574.0,1902283.0,218126699.0,17461056.0,-9764195.0,0.0,7597489.0,-17610183.0,17885510.0,23854067.0,-25280476.0,101540360.0,39342259.0,304222698.0,86095999.0,39342259.0,61377.0,285802815.0,0.12932059066809012,0.2830032064208437,1.0,0.49559868028422555,0.19482230742012013,0.006252929227522662,0.019533899433250387,2.6677831337180793,8.504338808249432,0.17196173029128517,-0.0578858287556177,TR
IHEVA,2013,694551.0,171427777.0,74495854.0,1926474.0,819484.0,186435287.0,19210250.0,-12360219.0,0.0,6340808.0,-24175847.0,-23699731.0,-28937584.0,-4734201.0,108097245.0,38692678.0,267271949.0,80836662.0,38692678.0,39342259.0,304222698.0,0.1447689446826311,0.3024509766268064,1.0,0.3167868002507646,0.06630011976325015,0.00306610552684674,0.009323351068637993,2.301172049118331,8.0136218339164,0.17771266973547753,-0.09045411271348944,TR
IHEVA,2014,39215.0,189204447.0,47606704.0,1535501.0,3921300.0,191299196.0,18475057.0,-7723914.0,0.0,6880302.0,-31712501.0,11328662.0,13515146.0,-20540437.0,98497013.0,1517367.0,245786202.0,54487006.0,1517367.0,38692678.0,267271949.0,0.006173523931176576,0.2216845598191879,1.0,0.38417833155869385,0.507683021846178,0.015954109580162683,0.0008237285236129769,3.97432359526507,10.550456402454333,0.1875697184847626,-0.12902474077857307,TR
IHEVA,2015,510267.0,221196582.0,56596414.0,1809562.0,3831503.0,210295898.0,20529619.0,-5708179.0,0.0,9699415.0,-29946842.0,12568387.0,10925833.0,-9227390.0,116627297.0,924617.0,276591727.0,66295829.0,924617.0,1517367.0,245786202.0,0.0033428946340105102,0.23968840181543102,1.0,4.675033906856065,0.6712303520965267,0.013852558214801558,0.00901588923990838,3.908314438437743,10.46888596122715,0.17602756411305664,-0.10827092453130385,TR
IHEVA,2016,727514.0,194991573.0,52383208.0,1410338.0,6672824.0,185498284.0,19368554.0,-7103142.0,138391.0,18874376.0,-36195908.0,-720019.0,430235.0,3249868.0,108724673.0,704277.0,256755868.0,71257584.0,842668.0,924617.0,276591727.0,0.0032819814657556335,0.2775304983487271,0.8357704339075412,8.038479362411834,0.9394186403706979,0.025988983433866446,0.013888305580673868,3.7224061000616837,9.8428584299059,0.17814313407960308,-0.14097402439892825,TR
IHEVA,2017,435359.0,183114530.0,59819266.0,1350437.0,2086455.0,184338509.0,31629276.0,-4716343.0,92797.0,15843657.0,-35433979.0,-1677388.0,-2317435.0,3202246.0,140952805.0,573413.0,260001432.0,75662923.0,666210.0,842668.0,256755868.0,0.00256233204130968,0.2910096395161393,0.8607090857237207,6.251457042915332,0.44238830805986756,0.008024782725042838,0.007277906084638351,3.061129670163455,9.013022678580901,0.22439621545665586,-0.13628378400623578,TR
IHGZT,2010,6068379.0,70353511.0,10881732.0,6913470.0,1624096.0,207427865.0,1169618.0,-3242255.0,1760230.0,26342437.0,-2085691.0,6136437.0,7589225.0,41839375.0,70744084.0,2456101.0,244652034.0,37224169.0,4216331.0,,,0.017233991195838575,0.15215147976247767,0.5825209168824743,0.7689754433416162,0.5009155664807364,0.006638391569636409,0.5576666471844739,6.465286132759013,11.297791055042154,0.016533085649960498,-0.008525132474475974,TR
IHGZT,2011,1406601.0,68951913.0,10840415.0,3100916.0,-4345305.0,208143999.0,1098630.0,-3086433.0,931613.0,26681105.0,-2962967.0,716134.0,1189765.0,47975812.0,80254032.0,2427862.0,245665519.0,37521520.0,3359475.0,4216331.0,244652034.0,0.013674996042077846,0.15273417349221077,0.7226908966430766,0.8148131037146411,-1.4078727774100395,-0.017687891315345722,0.12975527228431752,6.360634071666076,11.144219225757727,0.013689405661263225,-0.01206098036086212,TR
IHGZT,2012,403673.0,70720967.0,11768726.0,3490446.0,-1835426.0,206709921.0,2950219.0,-1343134.0,665265.0,26925206.0,-979972.0,-1134733.0,-1457503.0,48540192.0,75946848.0,1372554.0,245403853.0,38693932.0,2037819.0,3359475.0,245665519.0,0.008303940525334784,0.15767450888393345,0.6735406824649294,0.49770644326582913,-1.366524859023746,-0.007479206123141025,0.03430048418155032,6.009228781433096,11.029725473789481,0.03884583860544153,-0.00399330323472957,TR
IHGZT,2013,393608.0,72382601.0,14771698.0,3529631.0,-13885646.0,214144835.0,2154497.0,-1366901.0,1186640.0,31033995.0,-1376093.0,2272165.0,376308.0,47405459.0,81715889.0,2550267.0,259950528.0,45805693.0,3736907.0,2037819.0,245403853.0,0.014375454548028462,0.17620927086557023,0.6824539652712792,0.47340808897253306,-10.158486971624134,-0.05341649469548298,0.026646090381755708,4.900086706348857,9.848213649227233,0.026365704716251694,-0.005293672648358691,TR
IHGZT,2018,11228953.0,108294888.0,24913253.0,1977117.0,-12544398.0,252759266.0,3338274.0,-1853380.0,16332025.0,31732221.0,1587829.0,-5959963.0,-6217541.0,89293774.0,133348814.0,540413.0,309404740.0,56645474.0,16872438.0,3736907.0,259950528.0,0.054531931217343343,0.18307888237264885,0.0320293368391693,0.17985821480498287,-6.768389644865057,-0.0405436516583424,0.4507220715014615,4.346878667350265,10.3714684420299,0.025034148410198832,0.005131883241349179,TR
IHGZT,2019,7699686.0,136301356.0,23046015.0,4475321.0,20780406.0,271675504.0,4770685.0,-9659044.0,14018789.0,34861568.0,-2172878.0,20261421.0,25335636.0,85614931.0,148682306.0,4067941.0,329583087.0,57907583.0,18086730.0,16872438.0,309404740.0,0.054877603594992726,0.17569949819664138,0.2249130163384979,0.552590038756071,2.1513936575917865,0.06305058366056265,0.33410053755497426,5.914313429024498,11.700881055435328,0.03208643401051366,-0.006592807961653687,TR
IHGZT,2020,1005417.0,108101513.0,27368106.0,5194132.0,-19047789.0,251026914.0,4505844.0,-5255019.0,26224786.0,41424347.0,727174.0,-20170865.0,-26826952.0,85244504.0,140342871.0,6156942.0,319819367.0,68792453.0,32381728.0,18086730.0,329583087.0,0.10125005344032215,0.21509783364682852,0.1901363015587062,0.2082496358418559,-3.6246850867713323,-0.05955795979047135,0.036736813281854436,3.9499084445229786,9.2061586340866,0.03210596995696347,0.0022737022051575757,TR
IHGZT,2021,170452070.0,595229280.0,41687046.0,6723015.0,-25822457.0,988276680.0,8612402.0,-8410015.0,23265872.0,64558117.0,9196732.0,117224352.0,134616227.0,65612349.0,197672984.0,9682520.0,1094521843.0,106245163.0,32948392.0,32381728.0,319819367.0,0.030103000877251564,0.09706993394374862,0.2938692728919821,0.2574621017074513,-3.0704412536719614,-0.02359245470078755,4.088849807203897,14.27851903922384,16.371473632492297,0.04356893808007674,0.008402511159386701,TR
IHGZT,2022,86386754.0,1023563557.0,131674697.0,33469411.0,-195556501.0,2736843821.0,35877347.0,-628077164.0,27102158.0,247138512.0,1885618.0,-152193897.0,-23221659.0,-1183365035.0,888311525.0,18636614.0,3115657030.0,378813209.0,45738772.0,32948392.0,1094521843.0,0.014680297465218756,0.12158373189105477,0.40745768163605267,15.96390394753584,-0.3113574449269421,-0.06276573419892753,0.6560619159807142,7.773426332623344,11.053917218692307,0.04038824893102676,0.0006052071784037154,TR
IHGZT,2023,16261178.0,1062660646.0,319812273.0,59866329.0,-231422030.0,2854770365.0,50585635.0,-279660373.0,111574103.0,468014681.0,-4600690.0,-1058142157.0,-1015866358.0,-1928263578.0,1734386886.0,27085918.0,3642597319.0,787826954.0,138660021.0,45738772.0,3115657030.0,0.03806625022116533,0.21628164878139253,0.19534050121051114,3.033212619781085,-0.8275109824015002,-0.06353214745777394,0.05084600990281571,3.322763807754182,6.239919960345121,0.029166292370132692,-0.0012630245940177171,TR
IHGZT,2024,21961442.0,1282590899.0,599450861.0,88692346.0,-132277735.0,3873488357.0,46465121.0,-312405692.0,92859153.0,589527322.0,9030115.0,149674259.0,177372983.0,-3911680125.0,2334863521.0,23607874.0,5062466540.0,1188978183.0,116467027.0,138660021.0,3642597319.0,0.023005984549183806,0.2348614402891441,0.20270006548720437,2.4490205523014557,-0.42341653301246507,-0.026129108005916814,0.03663593369999347,2.13960973691887,4.861408427329224,0.019900572595394968,0.001783738209161576,TR
IHGZT,2025,39790938.0,1845515213.0,367311019.0,92959732.0,-82856605.0,4829879207.0,38783108.0,-189950367.0,111874775.0,612655588.0,13083725.0,272388013.0,209843699.0,-374162340.0,2927640771.0,10828781.0,5809845814.0,979966607.0,122703556.0,116467027.0,5062466540.0,0.02111993328709704,0.16867342755268513,0.08825156623822704,1.5884091146777863,-0.43620134200635685,-0.014261412032715262,0.10833036838461957,5.024393817600119,9.788328172040087,0.013247222263116925,0.0022519917772124204,TR
IHLAS,2010,142896724.0,958008694.0,447013860.0,20360144.0,65808736.0,822262809.0,32537622.0,-57243447.0,25572498.0,157590345.0,-84857479.0,37308820.0,42484886.0,27665009.0,675132906.0,165402104.0,1426867014.0,604604205.0,190974602.0,,,0.13384190686743286,0.4237284898086515,0.8660947700260163,0.29974376906935507,1.1496291619196168,0.04612114188239269,0.3196695601339967,2.1431297320400757,7.400434122944595,0.0481943950751528,-0.05947118979372523,TR
IHLAS,2011,78505615.0,1591634250.0,714588599.0,16737769.0,-82076255.0,1115982359.0,41232697.0,-125750620.0,49142775.0,440303414.0,-157380683.0,-106842234.0,-121641886.0,66968513.0,656864484.0,338998803.0,2270874372.0,1154892013.0,388141578.0,190974602.0,1426867014.0,0.17092164268785892,0.5085671084406426,0.8733895625064935,0.43428460244367545,-0.6526906587021201,-0.036143018747318005,0.10986127557850947,2.2273434703930954,6.65145133469873,0.06277199940680611,-0.06930400243206408,TR
IHLAS,2012,97590105.0,1788624178.0,871517212.0,19642270.0,2972588.0,1070140068.0,46253454.0,-150549182.0,68713136.0,551182715.0,-78647105.0,-48854658.0,-33836863.0,-13971440.0,651897908.0,421095905.0,2492839995.0,1422699927.0,489809041.0,388141578.0,2270874372.0,0.19648635370999815,0.5707144982644584,0.8597144392032567,0.34295592198904756,0.019744962812219068,0.0011924503802740055,0.11197725490245396,2.05231079016257,6.442941907971808,0.07095199023096113,-0.03154919896894546,TR
IHLAS,2013,206948736.0,1927310192.0,1286347971.0,15236586.0,-17994455.0,821391481.0,45303717.0,-206132797.0,140140462.0,595465894.0,-97442157.0,-249763971.0,-211107295.0,-30032987.0,1008231494.0,478976870.0,2703205346.0,1881813865.0,619117332.0,489809041.0,2492839995.0,0.229030818141923,0.6961416630018754,0.7736447442889549,0.37177003274319276,-0.08729544867137276,-0.00665671034818973,0.16088083525262545,1.4982805861634154,5.182815765306384,0.044933844330000666,-0.03604689415999698,TR
IHLAS,2014,130366214.0,2000323091.0,970874462.0,16793721.0,-89130843.0,791362084.0,43131467.0,-157893663.0,95121731.0,899629230.0,-128004815.0,-79119269.0,-76924154.0,-248838310.0,842441224.0,333422697.0,2661865776.0,1870503692.0,428544428.0,619117332.0,2703205346.0,0.160994003478258,0.702703986378613,0.778035310261927,0.30142106742542557,-0.5644991781589107,-0.03348434913721961,0.13427710698193235,2.060331350027827,5.701470816042111,0.05119819136486132,-0.04808838077190861,TR
IHLAS,2015,27676055.0,2190700876.0,1344662276.0,16994011.0,-47209925.0,740742718.0,38618665.0,-116856347.0,126808544.0,720528789.0,-98725971.0,-86060892.0,-93005879.0,-337321321.0,409473340.0,159867285.0,2805933783.0,2065191065.0,286675829.0,428544428.0,2661865776.0,0.10216770999260605,0.7360084822785713,0.557658751899868,0.3267702385560369,-0.40399966464808285,-0.016825031754500244,0.02058216066143288,1.6291829666827062,5.099597795896288,0.09431301437109434,-0.035184711627245124,TR
IHLAS,2016,24202969.0,1852217423.0,1264747033.0,12332490.0,161249987.0,788461236.0,35269862.0,-88202068.0,91416922.0,432167809.0,-127664521.0,60538162.0,85310352.0,-433327470.0,1082075506.0,182334015.0,2485376078.0,1696914842.0,273750937.0,286675829.0,2805933783.0,0.11014467364644845,0.6827597871488003,0.6660580489629521,0.31476750701803563,1.8281882801205975,0.06487951196897293,0.01913660864069408,1.464496357509937,5.156075261241781,0.03259464039656397,-0.05136627898291053,TR
IHLAS,2017,18109173.0,2062215760.0,1465243669.0,11624182.0,95770123.0,828321534.0,45363574.0,-86288344.0,202922007.0,414196651.0,-148635456.0,35214671.0,28036577.0,-349769331.0,712387940.0,115417390.0,2707761854.0,1879440320.0,318339397.0,273750937.0,2485376078.0,0.1175655076644713,0.6940936542198589,0.36256081115841277,0.2914701998833847,1.1098848182785845,0.035368739262843604,0.012359154578268305,1.4074217166946859,4.975601992150595,0.06367818916193331,-0.05489236646879803,TR
IHLAS,2018,38017127.0,1608984747.0,979948395.0,11410405.0,55160710.0,813608556.0,61224725.0,-136979706.0,249666903.0,682441614.0,-203480185.0,-32602285.0,-14850909.0,-301665632.0,1273608432.0,146970071.0,2475998565.0,1662390009.0,396636974.0,318339397.0,2707761854.0,0.1601927317756745,0.6714018467131059,0.3705405210155723,0.38317267970244573,0.4026925711170675,0.022278167192718062,0.03879502960969695,1.6419076302482234,5.183007751925459,0.04807185902801875,-0.08218105934160749,TR
IHLAS,2019,45748985.0,2072431825.0,1009916933.0,16337191.0,136271622.0,1242288613.0,75349794.0,-115372975.0,210049497.0,797888942.0,-187798235.0,5261565.0,36975680.0,-419183205.0,715883401.0,226522951.0,3050094488.0,1807805875.0,436572448.0,396636974.0,2475998565.0,0.14313407329432215,0.592704875902192,0.5188668044392943,0.276936318658192,1.1811398813283613,0.04467783622315113,0.04529975041026468,2.0520814705460535,6.108950408632135,0.10525428288286293,-0.061571284345076985,TR
IHLAS,2020,488598787.0,2725115875.0,649466224.0,21408829.0,35837309.0,1894776218.0,106002533.0,-108649310.0,321887953.0,1262679479.0,-190958807.0,31939316.0,12914414.0,-423734403.0,1113757826.0,167319583.0,3806921921.0,1912145703.0,489207536.0,436572448.0,3050094488.0,0.12850474639403564,0.502281303026493,0.3420216793226178,0.23471950545001197,0.329843871074745,0.009413723145282233,0.7523082324293434,4.195931634775822,7.567575296331511,0.09517556736791001,-0.05016094655018274,TR
IHLAS,2021,630035919.0,4157199758.0,1632756193.0,28343801.0,120527807.0,3570399087.0,156210256.0,-71266319.0,160442507.0,395238170.0,94363670.0,401120997.0,421176888.0,-430802783.0,2822664014.0,104575020.0,5598393450.0,2027994363.0,265017527.0,489207536.0,3806921921.0,0.047338138944128694,0.36224577302618843,0.39459661850968825,0.1889789202085956,1.6912309866881157,0.021528999002383444,0.38587262550349427,2.546124017672,7.950452626806776,0.05534142753980637,0.01685549092659788,TR
IHLGM,2014,180610.0,20545275.0,2965183.0,200216.0,-1656146.0,54412763.0,0.0,-16682.0,0.0,739107.0,435188.0,-63362.0,2163198.0,-103773677.0,13429982.0,0.0,58117053.0,3704290.0,0.0,,,0.0,0.06373843491341517,,inf,-99.27742476921233,-0.0284967305551436,0.06091023724336744,6.928838793423543,14.645394451464025,0.0,0.00748812917268878,TR
IHLGM,2015,64145.0,20103406.0,2482381.0,167740.0,-1338670.0,55532357.0,0.0,-22023.0,0.0,778299.0,943873.0,-381052.0,-631405.0,-103690322.0,962740.0,0.0,58793037.0,3260680.0,0.0,0.0,58117053.0,0.0,0.05546030901584485,,inf,-60.785088316759754,-0.022769192889287214,0.02584011076462477,8.098436944208,17.196067411886435,0.0,0.01605416301253497,TR
IHLGM,2016,66974.0,21329822.0,2835358.0,128399.0,232193.0,54661456.0,0.0,0.0,0.0,1401645.0,1101989.0,-683059.0,-579759.0,-103922751.0,3460665.0,0.0,58898459.0,4237003.0,0.0,0.0,58793037.0,0.0,0.0719374169025373,,,inf,0.003942259338228187,0.023621003062047192,7.522796768520942,13.130319209871482,0.0,0.018709980171128078,TR
IHLGM,2017,13676031.0,127723978.0,48249156.0,110173.0,-1262488.0,113284968.0,0.0,0.0,0.0,3233088.0,-360452.0,-2231092.0,-2685713.0,-104570492.0,10898258.0,0.0,164767212.0,51482244.0,0.0,0.0,58898459.0,0.0,0.31245442206062213,,,-inf,-0.007662252608850358,0.2834460150971346,2.6471753827155027,6.604211791665829,0.0,-0.002187643983440103,TR
IHLGM,2018,181873.0,211016703.0,44940558.0,421523.0,-6453462.0,110716112.0,0.0,-66787.0,0.0,96880090.0,-1841296.0,-1951047.0,-4134605.0,-106742240.0,17859678.0,0.0,252536760.0,141820648.0,0.0,0.0,164767212.0,0.0,0.5615841749137829,,inf,-96.62751733121715,-0.02555454500960573,0.004046967997148589,4.695462459544895,6.834110507724202,0.0,-0.007291199902936903,TR
IHLGM,2019,11592252.0,1175397285.0,604214462.0,1286917.0,30525214.0,518468594.0,0.0,-15214343.0,31584045.0,327045907.0,-2274308.0,42527981.0,53589861.0,-110391713.0,137678156.0,43783839.0,1449728963.0,931260369.0,75367884.0,0.0,252536760.0,0.05198756865837687,0.6423686032131787,0.5809349642879718,0.40373544253942434,2.0063445394914523,0.02105580751924317,0.019185657955999073,1.9453312671618905,6.3124261242434025,0.0,-0.0015687815157487475,TR
IHLGM,2020,242928695.0,1459834541.0,328715671.0,1732351.0,-11140808.0,857239417.0,0.0,-7128892.0,51004817.0,580692282.0,-3945474.0,3610581.0,-2407852.0,-67967788.0,337971031.0,16360464.0,1766647370.0,909407953.0,67365281.0,75367884.0,1449728963.0,0.03813170763104807,0.5147648412710681,0.24286195733377852,0.09989117805942298,-1.5627685199888004,-0.006306186616064756,0.7390237717020799,4.441025085779984,8.27209259957695,0.0,-0.0022333115634729076,TR
IHLGM,2021,191130610.0,1395856627.0,513006804.0,1887567.0,61555514.0,964655879.0,0.0,-5420323.0,35115886.0,55553528.0,26523297.0,108786812.0,102266004.0,-64496869.0,953110435.0,25015023.0,1533216211.0,568560332.0,60130909.0,67365281.0,1766647370.0,0.039218805911777566,0.3708285419374554,0.4160093937711801,0.08502721532306182,11.356429127932044,0.04014796710233844,0.37256934705294864,2.7209319956699836,8.941505551883312,0.0,0.01729912376983079,TR
IHLGM,2022,287372132.0,2051199140.0,383216245.0,12741662.0,-619083248.0,2079303241.0,0.0,-500864812.0,30081646.0,137310205.0,193430105.0,-1133315672.0,-1016550253.0,-3355516090.0,1146753832.0,33798166.0,2599829691.0,520526450.0,63879812.0,60130909.0,1533216211.0,0.02457076793189066,0.20021559558379548,0.5290899415921888,8.077766308608108,-1.2360286312147637,-0.23812453952007737,0.7498954852501099,5.352589215000528,5.845298086534791,0.0,0.07440106775824955,TR
IHLGM,2023,92623662.0,2262962854.0,433101438.0,13888119.0,-342240234.0,1305477521.0,0.0,-1228125549.0,24358900.0,1029622610.0,453824443.0,-1687902252.0,-1620760181.0,-6425379929.0,657141637.0,4642582.0,2768201569.0,1462724048.0,29001482.0,63879812.0,2599829691.0,0.010476651095345145,0.5284022899128702,0.16008085379912654,26.445056827050664,-0.2786687682531063,-0.12363269995675666,0.21386135873323978,5.225018103033867,0.12574828737168187,0.0,0.1639419788219909,TR
IHLGM,2024,52969623.0,2545764606.0,787098078.0,24800916.0,83916687.0,1089198521.0,0.0,-777935043.0,34317255.0,1360681130.0,475607858.0,-616958376.0,-551066982.0,-10604861049.0,630155971.0,8119790.0,3236977729.0,2147779208.0,42437045.0,29001482.0,2768201569.0,0.013110082475948972,0.6635137426983514,0.19133730918352115,21.779145670234772,0.10787107195529691,0.025924394304042492,0.0672973603678397,3.2343677073494264,-3.159508118291225,0.0,0.1469296046553059,TR
IHLGM,2025,35650339.0,4576689412.0,1479179037.0,39067143.0,-1070631632.0,1909500831.0,0.0,1595784356.0,50562975.0,1990720937.0,486185122.0,719711464.0,510093184.0,-4860776614.0,1895546654.0,2196553.0,5379400805.0,3469899974.0,52759528.0,42437045.0,3236977729.0,0.009807696045061659,0.645034660881715,0.04163329512728014,33.52608829731717,-0.6709124750938465,-0.19902432832386804,0.024101436072474572,3.0940740082973472,3.3219809576964963,0.0,0.09037904770882749,TR
IHYAY,2010,29115852.0,117760317.0,33905925.0,8886242.0,-338370.0,274807110.0,16838920.0,-6349293.0,2841906.0,33795273.0,4881261.0,4419987.0,6061376.0,-53780025.0,110602460.0,3238050.0,342508308.0,67701198.0,6079956.0,,,0.017751265759077588,0.1976629366899912,0.5325778673398295,1.0442991692703039,-0.0532925476899554,-0.0009879176419860742,0.8587246034432036,3.4731486311020863,8.599603325931636,0.15224724658022978,0.01425151123633474,TR
IHYAY,2011,10085865.0,111597159.0,27879473.0,5205100.0,-12061597.0,280153237.0,19755408.0,-7447550.0,3541907.0,35761520.0,-7142629.0,3926468.0,4110255.0,-52431569.0,153140536.0,3796722.0,343794230.0,63640993.0,7338629.0,6079956.0,342508308.0,0.02134599233966201,0.18511361578116073,0.5173612128368936,1.1100350744881073,-1.6195389087686554,-0.03508376798528585,0.3617667019746033,4.002843202954375,8.736683612093703,0.12900182091565882,-0.02077588387681783,TR
IHYAY,2012,2313550.0,116095464.0,50109901.0,6018414.0,-9042856.0,250063265.0,21161268.0,-2581279.0,3551038.0,38043731.0,-7288609.0,-6997811.0,-4950608.0,-47464208.0,152967183.0,11186892.0,338216897.0,88153632.0,14737930.0,7338629.0,343794230.0,0.043575380564147274,0.2606423061116311,0.7590544940843117,0.23384794704645773,-3.503246258928229,-0.02673685460487209,0.04616951847500158,2.3168168701830005,6.871185772736537,0.1383386134527953,-0.02155010309848594,TR
IHYAY,2013,1677775.0,126329709.0,67830970.0,6575467.0,-23822287.0,248922018.0,18866137.0,-3312765.0,4409568.0,41736073.0,-13379562.0,-6861470.0,-7757170.0,-53520132.0,170580498.0,14760645.0,358489061.0,109567043.0,19170213.0,14737930.0,338216897.0,0.05347502918645543,0.3056356662442205,0.769978142652875,0.19539642734195145,-7.191058526638623,-0.06645192166686503,0.024734645546127382,1.862419319670646,5.77267862919337,0.1105996126239472,-0.03732209279323031,TR
IHYAY,2018,16344854.0,141666252.0,65076833.0,4862880.0,-20296786.0,232116430.0,22318574.0,-4143346.0,16932358.0,70954264.0,-10463851.0,-12224295.0,-15053509.0,-68783288.0,214168090.0,1204527.0,368147527.0,136031097.0,18136885.0,19170213.0,358489061.0,0.04926526370500378,0.3695015911379462,0.06641311338744223,0.22212105589129447,-4.898646166648887,-0.05513220790968399,0.25116240675080176,2.1769075947503467,5.426833763886512,0.10421054789254552,-0.02842298326779199,TR
IHYAY,2019,14721341.0,164751176.0,77036775.0,8619609.0,15889939.0,226344399.0,31335666.0,-15830803.0,29264736.0,84328973.0,-12027477.0,11191861.0,15515981.0,-83521231.0,236569760.0,6392732.0,387710147.0,161365748.0,35657468.0,18136885.0,368147527.0,0.09196939588996622,0.4162020242405469,0.17928171456257075,0.5885674654363814,1.0037355022357362,0.04098406792536178,0.19109498028701227,2.138604270492891,5.780066118024482,0.13245845961039146,-0.03102182672562346,TR
IHYAY,2020,158473469.0,389846813.0,51991055.0,9854295.0,-1879918.0,482783054.0,34424383.0,-13116520.0,45807117.0,100689827.0,-4512047.0,-4351493.0,-12480283.0,-83466723.0,252468153.0,9159879.0,635463936.0,152680882.0,54966996.0,35657468.0,387710147.0,0.08649900157355271,0.24026679304740278,0.16664325261653376,0.2894697396499912,-0.1433244488629606,-0.002958339401340944,3.0480910418147893,7.498343955513117,9.609809694499102,0.13635138765403018,-0.00710039821992353,TR
IHYAY,2021,314040546.0,813545409.0,80932204.0,12911816.0,-39189434.0,1169358516.0,49027102.0,-14713366.0,39568497.0,129505448.0,20350345.0,110149803.0,130055523.0,-53363758.0,332872831.0,13289496.0,1379796168.0,210437652.0,52857993.0,54966996.0,635463936.0,0.038308551817923295,0.15251357909264754,0.25141885353081794,0.27291198703484215,-2.6635260755424692,-0.028402335728185613,3.8802915338868074,10.052184035418088,12.250769927693897,0.14728478095588401,0.014748805274258451,TR
IHYAY,2022,367529950.0,1405547512.0,259635222.0,78361820.0,-227563879.0,3131202760.0,210376574.0,-779710467.0,47202139.0,561066169.0,10860296.0,-349464452.0,-198889745.0,-3456057799.0,1374572862.0,24814987.0,3951904151.0,820701391.0,72017126.0,52857993.0,1379796168.0,0.018223398961175866,0.20767239276092453,0.34457063726758547,12.487843427000058,-0.2918568989788872,-0.05758334977391004,1.4155627544247444,5.413547134217406,5.920280974856174,0.1530486886623839,0.0027481172581708194,TR
IHYAY,2023,114652757.0,1342883461.0,440175124.0,123385555.0,-295901198.0,3248252323.0,333780570.0,-563563897.0,156612628.0,1196509151.0,-33363331.0,-1270006534.0,-1209345855.0,-5157629815.0,2559222497.0,33300643.0,4884936598.0,1636684275.0,189913271.0,72017126.0,3951904151.0,0.03887732567046104,0.3350471888765341,0.17534658228281477,4.303157659093687,-0.5250535024957428,-0.06057421464203823,0.2604707779897167,3.050793622312923,2.6970947448712552,0.13042264609320522,-0.006829839104495169,TR
IHYAY,2024,79931484.0,1512136738.0,865807081.0,186048207.0,-401468629.0,4049428933.0,222761614.0,-351385616.0,165519605.0,1636006296.0,-10350141.0,-264423082.0,-291576563.0,-7428464074.0,3248838997.0,35172240.0,6551242310.0,2501813377.0,200691845.0,189913271.0,4884936598.0,0.03063416608688986,0.3818838105226488,0.17525495368284646,1.7991859379537671,-1.1425300601946096,-0.061281297500962076,0.0923202012943574,1.7465053950049643,1.488391564020842,0.06856652921418993,-0.0015798745505415446,TR
IHYAY,2025,67386016.0,1626397578.0,766152472.0,191280094.0,-569761620.0,4207962563.0,163799421.0,-63881002.0,181201645.0,1593796743.0,-5947157.0,-221065214.0,-309498683.0,-1640949518.0,3711375885.0,16482889.0,6567911778.0,2359949215.0,197684534.0,200691845.0,6551242310.0,0.030098536746819258,0.3593149991607576,0.08337975999680379,0.3207067756394262,-8.919109002078583,-0.08674928032810736,0.08795379309302809,2.1228118911557856,4.583991165851042,0.04413441970726174,-0.0009054867362744896,TR
IMASM,2019,5171513.0,306724008.0,182175702.0,3059045.0,25297883.0,115539542.0,53466620.0,-10020994.0,96828230.0,101761896.0,2237063.0,38207596.0,38489863.0,30253951.0,161409790.0,42478596.0,399477140.0,283937598.0,139306826.0,,,0.34872289813629886,0.710773082034181,0.3049283170086726,0.07193469471481606,2.524488389075974,0.06332748602335543,0.02838750142431179,1.6836713383434636,6.394983542398117,0.33124768949888356,0.005599977510602984,TR
IMASM,2020,17866167.0,374813530.0,213275023.0,2789716.0,29227540.0,164438828.0,55098330.0,-23050601.0,87914330.0,100971450.0,9288387.0,40383842.0,48299167.0,44669178.0,202300667.0,46489865.0,478685301.0,314246473.0,134404195.0,139306826.0,399477140.0,0.28077777763224027,0.6564782171993203,0.3458959372510657,0.16843019996626296,1.2679730129379272,0.06105794336893582,0.08377055479206301,1.7574187766000147,6.727720857221952,0.27235861758181945,0.019403952827872606,TR
IMASM,2021,16829128.0,218612330.0,185523656.0,4424314.0,42629987.0,380848082.0,167961643.0,-30518567.0,55559927.0,95205476.0,-7385745.0,50775674.0,60761614.0,85842466.0,272797110.0,45981245.0,661577214.0,280729132.0,101541172.0,134404195.0,478685301.0,0.1534834783472455,0.4243331330936679,0.45283350678678397,0.2586918097866274,1.396854151113976,0.0644369033544133,0.09071149395632867,1.1783528565219736,5.858583128549077,0.615701694933645,-0.011163844285604432,TR
INDES,2014,111965405.0,962107748.0,843017116.0,2346456.0,58531765.0,171923298.0,5548828.0,-22584911.0,41804265.0,44797076.0,-7729727.0,29751447.0,37502979.0,52370539.0,2206019328.0,91602137.0,1059737490.0,887814192.0,133406402.0,,,0.12588627208045644,0.8377680325341703,0.6866397386236381,0.1692940568174532,2.591631421527408,0.05523232456369926,0.1328151028905088,1.1412671578544795,4.722791747982277,0.002515312504097879,-0.007294001649408478,TR
INDES,2015,136763531.0,1257203521.0,1108294894.0,2559592.0,90932937.0,207839425.0,8358011.0,-38260479.0,67160341.0,70580673.0,40001613.0,55149413.0,69331631.0,53656587.0,3384690880.0,255261739.0,1386714992.0,1178875567.0,322422080.0,133406402.0,1059737490.0,0.2325078201793898,0.8501210225612099,0.7917005528901743,0.16787226121600712,2.376680569001763,0.06557435199344841,0.12339994683761486,1.1343583082500424,4.706345885378244,0.002469357260772954,0.02884631177334239,TR
INDES,2016,249757802.0,1357649740.0,1193153515.0,2899354.0,81415124.0,223447664.0,36858003.0,-24287314.0,2066828.0,6057481.0,17433065.0,59381606.0,74829974.0,54591980.0,3793602651.0,194629612.0,1422658660.0,1199210996.0,196696440.0,322422080.0,1386714992.0,0.13825975656029818,0.8429365593571124,0.9894922958442969,0.09357136401144,3.352166649634455,0.057227447657753686,0.2093257899005561,1.1378667731620435,4.713816532245225,0.009715831200793834,0.012253863481209189,TR
INDES,2017,284175937.0,1864614443.0,1560273550.0,2877695.0,122124584.0,356465622.0,31914839.0,-39354537.0,16933426.0,21101867.0,164962168.0,168187257.0,211367261.0,70165709.0,4719624736.0,140011733.0,1937841039.0,1581375417.0,156945159.0,196696440.0,1422658660.0,0.08098969721530394,0.8160501223650677,0.8921060954801415,0.2225673513030349,3.1031894492876386,0.06302095039901774,0.18213212484439026,1.1950561124361814,5.058483158175388,0.006762156057993845,0.08512678010221457,TR
INDES,2018,447577112.0,1549014637.0,1133323749.0,3365704.0,140037697.0,495031892.0,81674843.0,-90917387.0,3604399.0,9911645.0,106057015.0,128965881.0,170552990.0,153911932.0,3903402780.0,299088987.0,1638267286.0,1143235394.0,302693386.0,156945159.0,1937841039.0,0.1847643474216331,0.6978320349613574,0.9880922439448346,0.395603841274887,1.54027410620589,0.08547915117191689,0.3949243209585296,1.3667891794968465,6.249872616464554,0.020924011075280323,0.06473730868358438,TR
INDES,2019,280477178.0,2319973503.0,1828692666.0,8836736.0,180881422.0,568307841.0,29565788.0,-97134616.0,12467394.0,19738343.0,33252067.0,114595087.0,147388393.0,238824749.0,5302709607.0,476317554.0,2416738850.0,1848431009.0,488784948.0,302693386.0,1638267286.0,0.20224979955943523,0.76484515859047,0.9744930893412045,0.2454511054247001,1.862172616196887,0.07484524941534333,0.15337578764041482,1.2686513956850964,5.731477224535841,0.005575600059443345,0.01375906503096104,TR
INDES,2020,1318962511.0,3926808175.0,3374864572.0,15278274.0,345612111.0,666930195.0,101492789.0,-213324766.0,10797435.0,19578375.0,233576387.0,166502505.0,225119813.0,311313750.0,10255020022.0,853800118.0,4061373142.0,3394442947.0,864597553.0,488784948.0,2416738850.0,0.2128830626417729,0.8357870179169072,0.9875116058765898,0.3152468217113441,1.620121833392753,0.08509735474091536,0.3908193893002235,1.1635454078896295,5.169550603195198,0.009896888429497793,0.057511678644966036,TR
INDES,2021,2095002284.0,6838701226.0,5840451964.0,17553134.0,567992178.0,1092952485.0,110601152.0,-256908113.0,6774488.0,18737277.0,611987408.0,437018783.0,631964280.0,227417678.0,13091576863.0,1120922956.0,6952141726.0,5859189241.0,1127697444.0,864597553.0,4061373142.0,0.16220863849518133,0.842789096069127,0.9939926369115721,0.25790167960754057,2.210876765888666,0.08170031630336184,0.3587055071959154,1.1709198651325472,5.04347229969242,0.008448268161842744,0.0880286150829256,TR
INDES,2022,3907198149.0,13670987073.0,11164698968.0,71030187.0,2499160344.0,3274146505.0,156499448.0,-2507551126.0,10604766.0,118350794.0,789461351.0,62797285.0,503691123.0,750892293.0,45706575698.0,1269894488.0,14557196267.0,11283049762.0,1280499254.0,1127697444.0,6952141726.0,0.08796331591013783,0.7750839897362497,0.9917182567917373,2.0825135488994846,0.9966537942485006,0.171678687170372,0.3499600087918824,1.2244832675008492,6.00595488019028,0.003424002905709867,0.054231689710033365,TR
INDES,2023,4497926860.0,23078802022.0,19926424845.0,109216543.0,2700035315.0,4930614440.0,281675152.0,-2395553869.0,29443884.0,188952796.0,-757805244.0,594990527.0,1208649470.0,-245842486.0,71083904135.0,2446337976.0,25045992081.0,20115377641.0,2475781860.0,1280499254.0,14557196267.0,0.09884942277363966,0.8031375868819991,0.9881072381716215,1.2754923267438925,1.1271027339189423,0.10780308906382904,0.22572673698305865,1.1582008414214355,5.025475082344236,0.0039625728978680275,-0.030256547297037372,TR
INDES,2024,5864481248.0,26695686368.0,22860752556.0,130257200.0,2722226620.0,6647116677.0,898553326.0,-2736739361.0,620376096.0,1289463096.0,-2325385518.0,404870014.0,876056597.0,160801886.0,87256545211.0,3097255102.0,30797332330.0,24150215652.0,3717631198.0,2475781860.0,25045992081.0,0.12071276687749403,0.7841658294694254,0.833125971093166,0.8837580621124463,0.9946970686332742,0.08839163700384045,0.2565305421872832,1.1677518621753984,4.966877555228377,0.010297832945679401,-0.07550606958690438,TR
INDES,2025,7443443751.0,36893278682.0,32935085326.0,195925271.0,3687845450.0,7855013625.0,343919543.0,-3037982136.0,2154871685.0,2840249635.0,-3294734599.0,537437133.0,1085057625.0,621692783.0,100796415995.0,4530675831.0,43630348586.0,35775334961.0,6685547516.0,3717631198.0,30797332330.0,0.15323158610163481,0.8199644541111804,0.6776820926269818,0.5840488219070308,1.2139128161088042,0.08452477620550909,0.22600347554356903,1.1201816639252875,4.690132282519455,0.0034120215446654385,-0.07551474388305039,TR
INFO,2010,13154774.0,33032007.0,15118073.0,111911.0,2452796.0,18208969.0,0.0,-373683.0,0.0,159446.0,0.0,2002691.0,2545806.0,290880.0,933942861.0,7061692.0,33486488.0,15277519.0,7061692.0,,,0.21088183389073228,0.4562293603318449,1.0,0.05291692132707006,6.563841544838807,0.07324733486533434,0.8701356317038553,2.184935011227952,8.531352085881519,0.0,0.0,TR
INFO,2011,14972455.0,31510472.0,8755045.0,114059.0,1453240.0,22972507.0,0.0,-482781.0,0.0,184868.0,7742.0,3339062.0,3094800.0,643.0,366275576.0,680000.0,31912420.0,8939913.0,680000.0,7061692.0,33486488.0,0.021308318203382883,0.2801389866390578,1.0,0.12472234751782943,3.01014331549916,0.045538382861594326,1.7101516896829199,3.599121649289067,10.931887832171665,0.0,0.0002426014698979269,TR
INFO,2012,9384930.0,32555350.0,12586322.0,107664.0,1132951.0,24774655.0,0.0,-356641.0,0.0,115311.0,0.0,948198.0,800231.0,1957165.0,703407892.0,3200000.0,37476288.0,12701633.0,3200000.0,680000.0,31912420.0,0.08538732544695996,0.33892452208713947,1.0,0.1838355670103093,3.176726736410003,0.030231142422643353,0.745645153524596,2.5865657973790914,9.166897593474731,0.0,0.0,TR
INFO,2013,15508719.0,36431340.0,10691291.0,130510.0,1260277.0,26202925.0,0.0,-86571.0,0.0,154530.0,0.0,1445240.0,1476211.0,2674815.0,161240505.0,0.0,37048746.0,10845821.0,0.0,3200000.0,37476288.0,0.0,0.29274461813093483,,0.054106875,14.557727183467906,0.03401672488456155,1.4505936654422744,3.4075716393838684,10.80833580905217,0.0,0.0,TR
INFO,2018,19353398.0,50791273.0,21586300.0,522873.0,1785886.0,31365594.0,0.0,-1831191.0,0.0,643492.0,3749365.0,1605591.0,2534298.0,9220906.0,30852148.0,0.0,53595386.0,22229792.0,0.0,0.0,37048746.0,0.0,0.41477062969562345,,inf,0.9752592711519443,0.03332163705286123,0.8965592991851313,2.352940198181254,9.090960786373392,0.0,0.06995686158506256,TR
INFO,2019,92260894.0,241556177.0,217617276.0,1618363.0,8045184.0,36168687.0,0.0,-3969764.0,1647769.0,1941530.0,4238134.0,4672057.0,6256566.0,10320760.0,88236558.0,55548336.0,255727493.0,219558806.0,57196105.0,0.0,53595386.0,0.22366036724881982,0.8585655121563328,0.9711908879109863,0.1388123894100831,2.0266151841771953,0.0314599885433515,0.4239594194718254,1.110004598164348,4.380037783980927,0.0,0.016572852415207465,TR
INFO,2020,398691363.0,1068236450.0,933918620.0,3150393.0,73753929.0,151940963.0,0.0,-13990348.0,1341280.0,2155115.0,10378909.0,48813943.0,62714667.0,952411.0,6852426650.0,223859816.0,1088014698.0,936073735.0,225201096.0,57196105.0,255727493.0,0.2069835052908449,0.8603502661505406,0.994044078719759,0.09908276675872577,5.271772296157322,0.0677876219278795,0.42690161054932174,1.1438217711089216,4.688666243277855,0.0,0.009539309550761235,TR
INFO,2021,435276937.0,1677361155.0,1447302000.0,7173446.0,190827395.0,262769333.0,0.0,-63989590.0,1669976.0,3591786.0,10523550.0,109530370.0,146332317.0,4654844.0,13166386336.0,376418852.0,1713663119.0,1450893786.0,378088828.0,225201096.0,1088014698.0,0.22063194557202814,0.8466621997715993,0.9955831120193798,0.21213545081518717,2.9821631143440674,0.11135642290729605,0.3007505945545574,1.158957256329363,5.07801390839715,0.0,0.006140967780260667,TR
INFO,2022,2685355029.0,10018904805.0,9157389088.0,31412442.0,1227150311.0,1255256666.0,0.0,-663656646.0,29531314.0,53746372.0,71019299.0,598112720.0,735513240.0,-206498781.0,15775900909.0,2569719282.0,10466392126.0,9211135460.0,2599250596.0,378088828.0,1713663119.0,0.24834255822912402,0.8800678733522925,0.9886385275642734,0.4458051646045715,1.8490740933527847,0.11724673566850079,0.2932446140700667,1.094078749818433,4.656639547844655,0.0,0.006785461326599641,TR
INFO,2023,5588647230.0,13262312931.0,12019561338.0,48217863.0,2431207366.0,1821006365.0,0.0,-1933541547.0,11912019.0,92281158.0,185544508.0,329509021.0,689026507.0,44327885.0,10933635542.0,3666120852.0,13932848861.0,12111842496.0,3678032871.0,2599250596.0,10466392126.0,0.26398282990748073,0.8693012187839594,0.9967613070851209,0.6160440442636458,1.2573856350654358,0.17449463424564166,0.4649626615183883,1.1033940888567226,5.175966906182003,0.0,0.013317054527115782,TR
INFO,2024,6562318632.0,16162152948.0,14281780214.0,71175329.0,1283962773.0,2438125076.0,0.0,-1412340332.0,86270724.0,196485422.0,72857012.0,54567437.0,319970058.0,489387950.0,45730346043.0,2990739328.0,16916390712.0,14478265636.0,3077010052.0,3678032871.0,13932848861.0,0.18189518700447477,0.8558720286431748,0.9719628072245244,0.41815880316353693,0.9091029576290539,0.07590051535574865,0.4594888405835539,1.1316623492186728,4.760370509898252,0.0,0.00430688869986417,TR
INFO,2025,13248002504.0,30061376712.0,27588839535.0,247382879.0,897337252.0,3509194185.0,0.0,-749137313.0,83546154.0,135387891.0,488609719.0,748766203.0,1027869033.0,647527581.0,35487143423.0,6100363370.0,31233421610.0,27724227426.0,6183909524.0,3077010052.0,16916390712.0,0.19799014021634115,0.8876461814585034,0.9864897515599551,0.1617846493217403,1.197827469581668,0.02873003359045042,0.48019426432174506,1.0896209198601219,4.162866014441764,0.0,0.01564381018196104,TR
INGRM,2014,22320361.0,336918124.0,262458140.0,1063071.0,22105649.0,76861179.0,0.0,-8028636.0,955099.0,1382031.0,4071407.0,12689671.0,17117909.0,11543498.0,733951749.0,57887159.0,340701350.0,263840171.0,58842258.0,,,0.1727092011816214,0.7744030688460729,0.9837684848871707,0.13644337034109058,2.7533505068606923,0.06488277489948308,0.08504350827145235,1.2837023229685314,5.536031534990034,0.0,0.011950075924266224,TR
INGRM,2015,95347717.0,423136729.0,268127515.0,1458642.0,21847554.0,107340220.0,0.0,-10479743.0,52442795.0,52984169.0,12735521.0,9835172.0,16595311.0,23185881.0,927269081.0,76962864.0,428451904.0,321111684.0,129405659.0,58842258.0,340701350.0,0.3020307712298088,0.7494696160808753,0.5947411001554422,0.11133980303218972,2.084741391081823,0.050991847150246294,0.35560586536596217,1.5781175199419575,6.493408702810927,0.0,0.029724505553836912,TR
INGRM,2016,49746515.0,544478163.0,348030401.0,1832491.0,22329091.0,139711769.0,0.0,-11655555.0,61762197.0,62455656.0,26058916.0,8003506.0,15800430.0,31320089.0,1044493999.0,54757724.0,550197826.0,410486057.0,116519921.0,129405659.0,428451904.0,0.21177822865479662,0.746069936306873,0.46994302373411323,0.09478928544155513,1.9157466976047044,0.04058374996196368,0.14293726886232563,1.5644557528179843,6.4079170910860075,0.0,0.04736281164440661,TR
INGRM,2017,82860106.0,750256830.0,519815462.0,1979468.0,28680117.0,163109915.0,0.0,-19643980.0,75649928.0,76500272.0,27073227.0,12552834.0,16914111.0,39323595.0,1336963050.0,109673546.0,759425649.0,596315734.0,185323474.0,116519921.0,550197826.0,0.24403109671635545,0.7852193757021763,0.5917952196385008,0.13016007854006545,1.459995225000229,0.03776553641263702,0.1594029267255617,1.4433138004655968,5.950372613368276,0.0,0.03564960840557546,TR
INGRM,2018,167194645.0,861863540.0,444369911.0,2135028.0,38745511.0,229391064.0,0.0,-45592256.0,198670019.0,199644830.0,10996996.0,-678386.0,17898702.0,51964533.0,1712794033.0,18712093.0,873405805.0,644014741.0,217382112.0,185323474.0,759425649.0,0.24889016165858893,0.7373602709224036,0.0860792676446165,0.2264297173171072,0.849826580198181,0.044361407696391485,0.37625104864492054,1.9395182226908247,7.251788119274098,0.0,0.01259093532129661,TR
INGRM,2019,201698075.0,1076184813.0,716269246.0,4264633.0,43731272.0,272497757.0,0.0,-43016045.0,112556025.0,113708144.0,-2095115.0,12939617.0,24336562.0,50929451.0,2033078653.0,140051672.0,1102475147.0,829977390.0,252607697.0,217382112.0,873405805.0,0.2291277927555858,0.7528309298023568,0.5544236128323516,0.18305096909026808,1.016626981862233,0.03966644701152615,0.2815953304241126,1.5024864169583514,6.153478208336352,0.0,-0.0019003739047552424,TR
INGRM,2020,250262728.0,1832295765.0,1292765566.0,4983600.0,51497822.0,370857656.0,0.0,-52735276.0,191106703.0,193244994.0,6602999.0,16253120.0,38871471.0,67919914.0,3101897311.0,204028249.0,1856868216.0,1486010560.0,395134952.0,252607697.0,1102475147.0,0.21279644327758798,0.8002778803555115,0.5163508010802345,0.16282786406426666,0.9765346065506513,0.0277336978231739,0.19358709311414318,1.417345737842773,5.723726465068894,0.0,0.003555986872468498,TR
INGRM,2021,140116127.0,3304609620.0,1938440782.0,5452148.0,103823904.0,642307139.0,0.0,-101157018.0,743630700.0,747891464.0,-31882304.0,-20206711.0,77157435.0,83666934.0,4776774980.0,30991917.0,3328639385.0,2686332246.0,774622617.0,395134952.0,1856868216.0,0.23271449003779662,0.8070361295685985,0.040009052562946276,0.17295381655273565,1.0263638257901198,0.03119109401513015,0.07228290299146213,1.7047771851923408,6.4850144808091255,0.0,-0.009578179043266953,TR
INTEK,2014,1248573.0,2504468.0,3211548.0,107953.0,-167995.0,468823.0,12458.0,-751465.0,1783807.0,2102694.0,-2752625.0,4327777.0,5824435.0,-9330495.0,3945471.0,981357.0,5783065.0,5314242.0,2765164.0,,,0.47814852504683936,0.91893174294254,0.3549001071907489,0.2717614579099106,-0.22355665267178113,-0.02904947462980271,0.3887760668686876,0.7798320311575602,-2.9143943399939074,0.0031575444351257427,-0.47598029764493394,TR
INTEK,2015,1310770.0,2616758.0,5581394.0,106857.0,-1143162.0,1955037.0,14490.0,-408244.0,753106.0,1540585.0,-75403.0,-516460.0,-524096.0,-4496835.0,1520075.0,1059828.0,9077016.0,7121979.0,1812934.0,2765164.0,5783065.0,0.1997279722763516,0.7846167727367672,0.584592709938696,0.17834655352506654,-2.800193021820284,-0.1259402869841807,0.23484634842120086,0.4688359216353477,-1.065674668192258,0.009532424386954591,-0.008307025128081739,TR
INTEK,2016,548804.0,2364931.0,7339075.0,47043.0,-1000376.0,1440039.0,0.0,-329501.0,0.0,1025827.0,-619422.0,-487162.0,-289504.0,-5013295.0,2055848.0,774851.0,9804941.0,8364902.0,774851.0,1812934.0,9077016.0,0.07902658465767412,0.8531312937018183,1.0,0.254658713919433,-3.0360332745575884,-0.10202774295123244,0.07477836103323647,0.32223829297288825,-2.249666998779143,0.0,-0.0631744749917414,TR
INTEK,2017,164279.0,1808732.0,7436105.0,149234.0,-1570104.0,3248643.0,0.0,-475602.0,0.0,1118811.0,-4174527.0,-1166533.0,-1123139.0,-5500457.0,2721844.0,9657.0,11803559.0,8554916.0,9657.0,774851.0,9804941.0,0.0008181430702383916,0.7247742820618764,1.0,1.2124847675230845,-3.30129814424666,-0.1330195409706513,0.02209207642979759,0.2432364793127585,-1.8918185881270368,0.0,-0.35366680507125015,TR
INTEK,2022,1858263.0,23073852.0,16350464.0,137599.0,7453018.0,54429161.0,0.0,4273848.0,0.0,6511043.0,-164445.0,30144696.0,30649641.0,-44523820.0,26256962.0,512.0,77290668.0,22861507.0,512.0,9657.0,11803559.0,6.624344351636345e-06,0.295786122588564,1.0,840.5640672632511,1.74386594937396,0.09642843299012502,0.11365200400429003,1.4112047217742567,5.090559570444237,0.0,-0.0021276177869235134,TR
INTEK,2023,500440.0,20286601.0,27008256.0,214379.0,-2507213.0,85644502.0,0.0,5563766.0,0.0,10383683.0,-2874664.0,6330756.0,11345611.0,-20760400.0,72645770.0,4331363.0,123036441.0,37391939.0,4331363.0,512.0,77290668.0,0.035203903532937855,0.30390946532661817,1.0,2.5687564853556486,-0.45063235944861807,-0.02037780823000236,0.018529149012805567,0.7511259149794789,4.609583316144972,0.0,-0.02336432992238454,TR
INTEK,2024,16569275.0,128144269.0,410219735.0,60531427.0,260429042.0,552404119.0,841733.0,-97521108.0,7459960.0,30983328.0,7915170.0,176083752.0,171503971.0,-18887297.0,347833569.0,6855852.0,993607182.0,441203063.0,14315812.0,4331363.0,123036441.0,0.01440791920523779,0.44404174103483884,0.4789006729062941,10.459612032385603,2.670488957118904,0.26210462919137795,0.0403912186233556,0.312379581153013,4.401696393512973,0.002419930320181374,0.007966095800623954,TR
INTEK,2025,28038755.0,240504925.0,688818955.0,92076828.0,119662770.0,542949747.0,0.0,-196672381.0,6438144.0,24878544.0,10716743.0,-107552890.0,-114445806.0,161533375.0,533022801.0,7463819.0,1256647246.0,713697499.0,13901963.0,14315812.0,993607182.0,0.011062740991356934,0.5679378212714438,0.5368895745154839,13.93960941286122,0.6084370840052016,0.09522383499497997,0.04070555085116669,0.3491554976154801,2.767441969481921,0.0,0.008528043994933484,TR
INTEM,2014,342322.0,165504868.0,184107119.0,5413613.0,540450.0,23448975.0,193564.0,-14862.0,0.0,3875562.0,5360466.0,1523142.0,1002968.0,-50631529.0,681649363.0,585965.0,211431656.0,187982681.0,585965.0,,,0.002771415648373865,0.8890943038349943,1.0,0.025363289616274008,36.364553895841745,0.002556145140347385,0.001859363189535327,0.8989596322997156,2.0403182060020506,0.00028396417646179184,0.025353185522985263,TR
INTEM,2015,285829.0,241716198.0,267473368.0,5955225.0,-3905219.0,18423518.0,13416.0,-12145.0,0.0,5417875.0,13191651.0,-3697964.0,-3812795.0,-49108387.0,793199023.0,642132.0,291314761.0,272891243.0,642132.0,585965.0,211431656.0,0.002204254936467157,0.9367573481798267,1.0,0.01977856797956513,-321.5495265541375,-0.013405496469161067,0.0010686260173760553,0.9037019266905107,2.101233118110691,1.691378785271146e-05,0.04528315336551037,TR
INTEM,2016,391592.0,284544547.0,333592789.0,6497060.0,-19175783.0,9862815.0,8314.0,-266580.0,0.0,4895916.0,6608600.0,-16951578.0,-19407582.0,-52806352.0,787089074.0,7218511.0,348351520.0,338488705.0,7218511.0,642132.0,291314761.0,0.020721916183974166,0.9716871767919945,1.0,0.06782651241126203,-71.93256433340835,-0.05504722069247753,0.0011738623043197735,0.8529697175198832,1.492841795784583,1.0562972190362282e-05,0.01897106692687892,TR
INTEM,2017,1751736.0,311542907.0,401559195.0,6890626.0,-24955845.0,9962158.0,50189.0,-3828262.0,0.0,4622759.0,3925589.0,-24965450.0,-25518046.0,-69757930.0,824609667.0,40762195.0,416144112.0,406181954.0,40762195.0,7218511.0,348351520.0,0.09795211280076936,0.976060797899743,1.0,0.15957505919150086,-6.518844582737545,-0.059969237291527505,0.004362335670087196,0.7758330798526478,0.9072919491199876,6.086394813026125e-05,0.009433244125775352,TR
INTEM,2022,28825694.0,1236329242.0,995738808.0,64344383.0,275758777.0,395279780.0,0.0,-43690760.0,27367721.0,55965212.0,16782002.0,151317226.0,232260881.0,-1062652660.0,1071018013.0,13411720.0,1446983800.0,1051704020.0,40779441.0,40762195.0,416144112.0,0.028182375642353426,0.7268250135212295,0.32888435130829774,1.0716184306137788,6.311604032523124,0.19057488895176297,0.02894905146651671,1.24162002331037,3.6219193491432975,0.0,0.011597919755563261,TR
INTEM,2023,61621261.0,2800668256.0,2310292743.0,131013213.0,415262103.0,691236868.0,0.0,-236541430.0,36631493.0,52402414.0,3149050.0,122574238.0,178683370.0,-1315774903.0,1838788867.0,10187727.0,3053932025.0,2362695157.0,46819220.0,40779441.0,1446983800.0,0.015330799643453099,0.7736567604185624,0.21759711075921384,5.400571819242762,1.7555575909049,0.13597621021050724,0.026672490396166215,1.2122568728511995,4.1197439742888085,0.0,0.0010311460681578202,TR
INTEM,2024,62209803.0,1693222643.0,1047172959.0,175884559.0,152631635.0,858469967.0,0.0,-182574026.0,47876895.0,67662224.0,16930242.0,-49332637.0,-29576804.0,-1561808137.0,1874567134.0,22705604.0,1973305150.0,1114835183.0,70582499.0,46819220.0,3053932025.0,0.03576866912854304,0.5649583304437228,0.3216888651108825,3.110244510133621,0.8359986266611659,0.07734821702563337,0.05940738104945661,1.6169464924084236,4.145847417556195,0.0,0.008579637062215137,TR
INTEM,2025,6859076.0,2654450623.0,1820843277.0,153174888.0,272945441.0,998880361.0,0.0,-176587160.0,42149270.0,95954148.0,8510432.0,-11552330.0,96743528.0,-1897254738.0,2254764111.0,29664653.0,2915677787.0,1916797425.0,71813923.0,70582499.0,1973305150.0,0.024630267212719277,0.6574105799846395,0.4130766258236582,2.480219060560384,1.5456698040786205,0.09361303303711042,0.0037669776892061426,1.4578138912501255,4.180484928902067,0.0,0.0029188520205988043,TR
INVEO,2014,9056894.0,10618628.0,82581.0,18855.0,259218.0,10591644.0,0.0,0.0,0.0,4224.0,0.0,222870.0,259218.0,64710.0,1864797372.0,0.0,10678449.0,86805.0,0.0,,,0.0,0.008128989518983516,,,inf,0.02427487362631034,109.67285453070319,128.58439592642375,138.02274749861536,0.0,0.0,TR
INVEO,2015,4081919.0,6813087.0,71562.0,18901.0,3821459.0,34335056.0,0.0,-21233.0,0.0,2727.0,0.0,3716546.0,3800226.0,276746.0,17696933.0,0.0,34409345.0,74289.0,0.0,0.0,10678449.0,0.0,0.0021589774522008482,,inf,179.97734658314886,0.1110587545331072,57.04031469215506,95.20537436069422,490.5991241719831,0.0,0.0,TR
INVEO,2016,3828747.0,8363334.0,9589696.0,18106.0,3249866.0,37279661.0,0.0,-304570.0,0.0,4102.0,0.0,2947960.0,2945296.0,3823976.0,14951416.0,9502702.0,46873459.0,9593798.0,9502702.0,0.0,34409345.0,0.20273097404652812,0.20467441926997537,1.0,0.06410176810763928,10.670341793348,0.06933275395784211,0.3992563476464739,0.8721166969213623,7.89033755333476,0.0,0.0,TR
INVEO,2017,2633690.0,3474134.0,9346247.0,8811.0,3808625.0,41136288.0,0.0,-1225978.0,0.0,1937.0,213030.0,2933615.0,2582758.0,6623958.0,17598203.0,9324378.0,50484472.0,9348184.0,9324378.0,9502702.0,46873459.0,0.18469794038848222,0.18516949132398572,1.0,0.1302355968105516,3.106601423516572,0.07544151397681251,0.28179118313479196,0.3717143362464099,8.04215714138811,0.0,0.004219713340767434,TR
INVEO,2018,7247.0,177443.0,35470326.0,1622.0,35838336.0,63949350.0,0.0,-3468229.0,0.0,19215561.0,0.0,25235230.0,32373381.0,6927148.0,4751474.0,25413531.0,118635237.0,54685887.0,25413531.0,9324378.0,50484472.0,0.21421570557489594,0.4609582142951339,1.0,0.1996797792290837,10.333324587274946,0.30208845960327957,0.00020431162656920604,0.005002575956025891,4.746711413021233,0.0,0.0,TR
INVEO,2019,30125.0,4055539.0,31111687.0,42455.0,108822923.0,167278668.0,0.0,-6604067.0,720792.0,7251324.0,0.0,83763532.0,102218856.0,134770858.0,35657596.0,19474210.0,205641679.0,38363011.0,20195002.0,25413531.0,118635237.0,0.09820480993057833,0.1865527026746363,0.9643083967013224,0.28959786976704555,16.47816762004383,0.5291870963570571,0.0009682856477695986,0.13035419776497495,12.657976253303456,0.0,0.0,TR
INVEO,2020,23675.0,22724802.0,32444632.0,168627.0,568222489.0,705153213.0,0.0,-2589465.0,579467.0,33562499.0,0.0,537876334.0,565633024.0,129788846.0,45293210.0,31423512.0,771160344.0,66007131.0,32002979.0,20195002.0,205641679.0,0.0414997727113416,0.08559456086346681,0.9818933418667056,0.09921705592405959,219.43624995896835,0.7368409091845106,0.0007297046858167478,0.7004179304607308,19.88469103880435,0.0,0.0,TR
INVEO,2021,22294.0,25358831.0,18346357.0,424567.0,344934305.0,1165381614.0,0.0,-1495134.0,407040.0,40612289.0,0.0,327130472.0,343491230.0,609390415.0,166062685.0,17144701.0,1224340260.0,58958646.0,17551741.0,32002979.0,771160344.0,0.014335672503328446,0.04815544169069471,0.9768091381931855,0.06034274837997269,230.70460908520573,0.28173075432478223,0.0012151731267411835,1.3822270546681283,27.557791337561092,0.0,0.0,TR
INVEO,2022,1807440.0,677574801.0,1186133961.0,906681.0,3494295915.0,5288774834.0,0.0,-1369350480.0,329925.0,627378947.0,0.0,2030860467.0,2195286417.0,2218054884.0,3547464702.0,1088695582.0,7102287742.0,1813512908.0,1089025507.0,17551741.0,1224340260.0,0.15333446722525088,0.2553420776344547,0.9996970456634126,2.4749297574569327,2.5517907694456716,0.4919958247166157,0.0015238076468834872,0.5712464386642749,10.166716781904373,0.0,0.0,TR
INVEO,2023,55192.0,196646754.0,1559655771.0,646620.0,990621544.0,9099455637.0,0.0,566901048.0,0.0,396006794.0,0.0,1622444875.0,1582367151.0,5953192938.0,1044275559.0,1296893042.0,11055118202.0,1955662565.0,1296893042.0,1089025507.0,7102287742.0,0.1173115491216889,0.17690109949671978,1.0,0.4752057007458221,1.747432902964046,0.089607503592389,3.5387295726551705e-05,0.126083433060307,9.684399479076006,0.0,0.0,TR
INVEO,2024,699959.0,41215060.0,1335549573.0,1877656.0,-1859589504.0,10288287567.0,0.0,-86217564.0,0.0,327988246.0,229823.0,-1870129662.0,-1945212955.0,10069851144.0,-1524578953.0,1195629441.0,11951825386.0,1663537819.0,1195629441.0,1296893042.0,11055118202.0,0.1000373919786783,0.13918692461392693,1.0,0.06918097195755565,-21.56856929987027,-0.15559041769287107,0.0005240981047432824,0.030860000132694437,10.73449243159289,-0.0,1.9229112924391248e-05,TR
INVEO,2025,231528.0,146427966.0,3077345269.0,2067203.0,80232895.0,12149930277.0,0.0,-410257778.0,0.0,818565.0,0.0,34097041.0,-329891671.0,9643849931.0,199038884.0,3037352888.0,15228094111.0,3078163834.0,3037352888.0,1195629441.0,11951825386.0,0.19945719181010124,0.20213716907465729,1.0,0.19383864430018508,0.1955670295664693,0.005268741735844924,7.523627664803316e-05,0.04758256003155036,8.231845984368432,0.0,0.0,TR
ISBIR,2010,184938.0,227231.0,10414825.0,134926.0,-1094084.0,37374421.0,0.0,-654526.0,0.0,400148.0,0.0,1290122.0,1290419.0,0.0,941485.0,0.0,48189393.0,10814973.0,0.0,,,0.0,0.22442642097608492,,inf,-1.671566904905229,-0.022703834430950396,0.01775718747074483,0.021818033428310124,5.339191348981864,0.0,0.0,TR
ISBIR,2011,3613528.0,197590364.0,200427049.0,1513670.0,25027170.0,101030263.0,170757843.0,-58700660.0,72579626.0,80594554.0,0.0,514207.0,1829555.0,54169504.0,384497191.0,128353060.0,382051866.0,281021603.0,200932686.0,0.0,48189393.0,0.5259303876819699,0.7355587762002974,0.6387863645041802,0.5842818425271038,0.42635244646312326,0.06550725759313528,0.01802914336178247,0.9858467955590166,4.4812093189381965,0.4441068673503001,0.0,TR
ISBIR,2012,3218247.0,188297651.0,206980225.0,1653670.0,15635436.0,95902243.0,57507933.0,-18684565.0,53817964.0,70703845.0,0.0,-2852771.0,-3049129.0,51471325.0,219578749.0,97582034.0,373586313.0,277684070.0,151399998.0,200932686.0,382051866.0,0.40526109424142637,0.7432929428546811,0.6445312766780882,0.1060620592326314,0.836810276289547,0.04185227203438794,0.015548572333419775,0.9097373964106957,4.014973472637925,0.26190117787764605,0.0,TR
ISBIR,2013,6467927.0,179391433.0,173274978.0,0.0,131347829.0,147938031.0,122816579.0,-30362110.0,33732637.0,47036170.0,-54439728.0,97559341.0,100985719.0,-499463.0,369914439.0,73501785.0,368249179.0,220311148.0,107234422.0,151399998.0,373586313.0,0.2912007089634272,0.5982665014984324,0.6854308871082458,0.23478785228973004,4.3260441715019144,0.3566819330233999,0.037327530348900115,1.0352991243779006,6.456510361429892,0.3320134767705026,-0.1478339426250289,TR
ISBIR,2022,752387829.0,3889830389.0,2157845992.0,159646751.0,224238452.0,4137623175.0,2605339639.0,-1180279051.0,536188614.0,896412515.0,564740793.0,-313753137.0,-90768431.0,2188328105.0,6716043181.0,1564661241.0,7191881682.0,3054258507.0,2100849855.0,107234422.0,368249179.0,0.29211407360302566,0.4246814174716285,0.7447753761536662,1.069052538704346,0.1899876574188217,0.031179385578774043,0.3486754067664714,1.8026450466906168,7.453723396970272,0.38792776770265974,0.0785247613866404,TR
ISBIR,2023,896293994.0,4175119952.0,2616355956.0,350076151.0,1308001130.0,6191220227.0,2794845910.0,-2101260423.0,396917268.0,455152325.0,-77904042.0,154649273.0,-53127548.0,3228698327.0,7939733916.0,1695644534.0,9262728508.0,3071508281.0,2092561802.0,2100849855.0,7191881682.0,0.22591203015317826,0.3315986513420112,0.8103199305173975,1.002172262049397,0.6224840651272286,0.1412112131830605,0.34257341473149305,1.595776730006993,8.555691691877088,0.352007502967811,-0.008410485304920263,TR
ISBIR,2024,1146995186.0,5399844956.0,3347714946.0,473210441.0,643122520.0,8975597579.0,3408940059.0,-1914895806.0,873225144.0,1578247798.0,-1055263302.0,-718516826.0,-688589866.0,4834538298.0,9303436594.0,2155197914.0,13901560323.0,4925962744.0,3028423058.0,2092561802.0,9262728508.0,0.2178477082885079,0.3543460323550905,0.7116568170047264,0.7478623188118545,0.33585248763138187,0.046262614056061024,0.34262032595412023,1.6129942492421516,7.57619698289952,0.36641729371257326,-0.07590970203927949,TR
ISBIR,2025,1565053319.0,7206523392.0,5150010304.0,417672036.0,1312995068.0,10353989772.0,7630045896.0,-2790274174.0,1695118825.0,2253274353.0,-2205168028.0,-556350403.0,-851856387.0,5221605878.0,10578781308.0,3934682509.0,17757274429.0,7403284657.0,5629801334.0,3028423058.0,13901560323.0,0.31704197378432036,0.4169155962870883,0.6989025501197197,0.6445372740808495,0.47056130907657534,0.07394125000713532,0.3038932403270003,1.3993221307543233,6.933727672647716,0.7212594413148445,-0.12418392455537355,TR
