total_assets,current_assets,cash,current_liabilities,equity,st_debt,lt_debt,total_debt_reported,retained_earnings,revenue,ebit,ebitda,interest_expense,pretax_income,net_income,ticker,year,total_debt,total_liabilities,total_debt_lag,debt_to_assets,leverage,st_debt_share,implied_rate,icr,roa,current_ratio,altman_z,country,source
,,,,,,,,,,,,,,,AAA,2021,,,,,,,,,,,,VN,yahoo
10795832681712.0,5658759199548.0,1642978052440.0,3206482597038.0,5519887308975.0,1887821444978.0,1242368724012.0,3130190168990.0,721688030767.0,15290297073087.0,359745884378.0,670746454578.0,173679772675.0,186066111703.0,152599331716.0,AAA,2022,3130190168990.0,5275945372737.0,,0.28994430177604563,0.4887020323753612,0.6031011993073674,0.0554853741461466,2.071317107555052,0.033322662084917715,1.7647871236772965,6.28050965942711,VN,yahoo
11583445505916.0,5681580248153.0,2435058282483.0,3737041187457.0,5344165531187.0,2625493361179.0,358856724282.0,2984350085461.0,562622505805.0,12621514144947.0,568371600794.0,899342372496.0,190476045845.0,377895554949.0,289410548684.0,AAA,2023,2984350085461.0,6239279974729.0,3130190168990.0,0.2576392390275248,0.5386376593684858,0.8797538110457418,0.062302654956387093,2.9839531699251713,0.04906757669846301,1.5203418863090534,5.738680772196531,VN,yahoo
13768215584455.0,6426369244563.0,2419517905105.0,4132594319010.0,5333818642383.0,2542897634861.0,1325809541397.0,3894476057853.0,539311728597.0,12782230561048.0,575091411112.0,975534527334.0,159525373952.0,415566037160.0,368580504091.0,AAA,2024,3868707176258.0,8434396942072.0,2984350085461.0,0.2809882771320027,0.6125991338772218,0.6572990715003179,0.04655597286282857,3.6050152829294775,0.04176949493450021,1.5550447850643356,5.4152873802027806,VN,yahoo
12891604733753.0,4532817492410.0,1617746098453.0,3279775954320.0,5468424843367.0,1892479618071.0,1124872338179.0,3031053312988.0,551744950554.0,10728147400851.0,671054221869.0,1175742991995.0,133833486614.0,537220735255.0,372912597362.0,AAA,2025,3017351956250.0,7423179890386.0,3868707176258.0,0.2340555748152844,0.5758150396087242,0.6271988304682214,0.038870850231939834,5.014098032164714,0.052053583376787484,1.382050955779324,5.150446896920581,VN,yahoo
,,,,,,,,,,,,,,,ACG,2021,,,,,,,,,,,,VN,yahoo
5467207015864.0,3839450781144.0,387855741942.0,1542319419092.0,3912217369890.0,813722672711.0,,813722672711.0,1135105404068.0,4475478438823.0,783816051931.0,894316985043.0,31879418791.0,751936633140.0,615581289335.0,ACG,2022,813722672711.0,1554989645974.0,,0.14883699672425973,0.28442121204884724,1.0,0.03917725271779692,24.586899060790973,0.1433668141075743,2.4894005311846334,10.2882614729957,VN,yahoo
5522084035551.0,4131503386110.0,66882261518.0,1430554990864.0,4076508222777.0,706566540805.0,,706566540805.0,1114384840934.0,3762129251748.0,567315474349.0,671445965976.0,38839429154.0,528476045195.0,411185657186.0,ACG,2023,706566540805.0,1445575812774.0,813722672711.0,0.1279528772572361,0.26178084278823527,1.0,0.05109479013427368,14.606689302759056,0.10273575532292539,2.888042341954804,10.76786900666746,VN,yahoo
5639637217365.0,4119782891159.0,155329618175.0,1450796352855.0,4176030790173.0,728008953225.0,,728008953225.0,1249409971617.0,3980864021638.0,551275901943.0,652336686328.0,27561125015.0,523714776928.0,419971985880.0,ACG,2024,728008953225.0,1463606427192.0,706566540805.0,0.12908790497789263,0.2595213789080991,1.0,0.03842408451795795,20.001937571233793,0.0977502418498777,2.839670008166027,10.72956705034245,VN,yahoo
6971999972968.0,5150094439590.0,387706924742.0,2489191555790.0,4335178632244.0,1207626546255.0,51900000000.0,1265040275429.0,1387559214388.0,4608703276728.0,684453605929.0,776767252541.0,35524102151.0,648929503778.0,503989024378.0,ACG,2025,1259526546255.0,2636821340724.0,728008953225.0,0.1806549843858958,0.37820157070389343,0.9587940403842092,0.035746885688627134,19.267302042417214,0.09817177403654323,2.0689827697714103,8.788473762834528,VN,yahoo
,,,,,,,,,,,,,,,AGG,2021,,,,,,,,,,,,VN,yahoo
11098528307189.0,8700817389038.0,722795598674.0,6015500152502.0,2355349798949.0,940240023732.0,593930579470.0,1534170603202.0,925126930749.0,6188634735154.0,640848076515.0,646746512798.0,421932301830.0,218915774685.0,18965726119.0,AGG,2022,1534170603202.0,8743178508240.0,,0.13823189532329713,0.7877781870031059,0.612865363063016,0.2750230651984702,1.5188409935326614,0.05774171662921243,1.4463996622822972,5.7798355397290235,VN,yahoo
9293398076764.0,8302397978032.0,772407784627.0,5284699369902.0,2798585897041.0,769264156753.0,691055000000.0,1460319156753.0,1368363028841.0,3891046850177.0,854398488702.0,859721951559.0,272355077379.0,582043411323.0,175358105258.0,AGG,2023,1460319156753.0,6494812179723.0,1534170603202.0,0.15713511297920096,0.6988630128695101,0.5267781040847594,0.1819041634546066,3.1370756768123265,0.09193606920145027,1.5710255961420867,6.930379590003794,VN,yahoo
7035483967227.0,5819046786567.0,167279797712.0,3210829019083.0,3096086444960.0,1046029080929.0,371116500000.0,1417145580929.0,1291766446760.0,1913398478509.0,497294948747.0,507129456657.0,195675419277.0,301619529470.0,297500547919.0,AGG,2024,1417145580929.0,3939397522267.0,1460319156753.0,0.20142830081489912,0.559932698392559,0.7381239408327286,0.13600543333478365,2.5414277919242605,0.07068382943711067,1.8123191088602084,7.580725392815939,VN,yahoo
5476945005978.0,1610367769615.0,90780442281.0,1591376546864.0,3514900646749.0,810679212113.0,192741700000.0,1003420912113.0,1710580648549.0,829088530750.0,499135774187.0,507601617148.0,138763237138.0,360372537049.0,379195499373.0,AGG,2025,1003420912113.0,1962044359229.0,1417145580929.0,0.18320814085549184,0.35823700203077796,0.8079154045194002,0.11465352225347215,3.5970317822047466,0.09113397590120059,1.0119338335030916,6.784363335637097,VN,yahoo
5467653137750.0,3255100959692.0,30253714794.0,2417509035225.0,2882202985499.0,1719359730972.0,26866666676.0,1922041208165.0,1612905156247.0,4896647040438.0,878863331158.0,1000113406268.0,105147390933.0,773715940225.0,673745234347.0,ANV,2022,1746226397648.0,2585450152251.0,,0.3193740264157634,0.47286286951899464,0.984614442484556,0.06021406564155912,8.358394091946726,0.1607386769087664,1.3464689944329595,7.467278477366277,VN,yahoo
5112670123139.0,2950604371240.0,39671072278.0,2135254725248.0,2815725590122.0,1691073986022.0,16816666680.0,1928573317460.0,1486427760870.0,4439122632880.0,201790058561.0,316324661575.0,137293023317.0,64497035244.0,36024357336.0,ANV,2023,1707890652702.0,2296944533017.0,1746226397648.0,0.3340506255180444,0.4492651545464382,0.9901535460403189,0.07949529290160466,1.469776494724578,0.03946862475005682,1.3818512313079185,6.796336776534564,VN,yahoo
4862270517905.0,2585543414472.0,219090199195.0,1943670022007.0,2793646592833.0,1502267344799.0,6816666684.0,1735030326263.0,133070013581.0,4911265972913.0,169860127715.0,287054110298.0,91346541557.0,78513586158.0,47832173647.0,ANV,2024,1509084011483.0,2068623925072.0,1707890652702.0,0.3103661151566731,0.4254440219758289,0.9954829110691451,0.05679033942913695,1.8595135055989802,0.03493432277975916,1.33023784140181,5.857980114822067,VN,yahoo
5824715466874.0,3476485727551.0,45722178140.0,2230874234646.0,3526868707406.0,1548827710943.0,150000000.0,1653463970958.0,866292128154.0,6951508258365.0,1220389064331.0,1355491226134.0,68099345481.0,1152289718850.0,999477864573.0,ANV,2025,1548977710943.0,2297846759468.0,1509084011483.0,0.2659319102799545,0.3944994004490326,0.9999031619377475,0.04453758731002715,17.92071650191548,0.2095190866011446,1.558351283797339,8.157270697756006,VN,yahoo
,,,,,,,,,,,,,,,APH,2021,,,,,,,,,,,,VN,yahoo
12554160168059.0,7137167042026.0,2004003607480.0,4235154770359.0,2856607007742.0,2574856330824.0,1852432246088.0,4483616740799.0,73420306452.0,17326614572624.0,447635660211.0,925298575554.0,290475921343.0,157159738868.0,-19476217687.0,APH,2022,4427288576912.0,9697553160317.0,,0.3526550974055721,0.7724573392802538,0.5815876435639853,0.06561034283100758,1.5410422252604632,0.03565636045889392,1.6852198866444275,5.334380255531813,VN,yahoo
12372475972629.0,6461141451648.0,2504566161779.0,4661655654126.0,2403193657622.0,3339916524657.0,443257105094.0,3816152473041.0,-171045714609.0,14521936086876.0,614837860663.0,1104420753558.0,299819925236.0,315017935427.0,34653893039.0,APH,2023,3783173629751.0,9969282315007.0,4427288576912.0,0.305773366472509,0.8057629157705811,0.8828345858598158,0.0730336289698011,2.050690460879266,0.04969400320705206,1.3860186017663676,4.746091871537686,VN,yahoo
13444850687026.0,6432616126697.0,2420846456524.0,4111902921704.0,2505939698405.0,2542897634861.0,1340050027279.0,3908716543735.0,-74803666113.0,14192572026459.0,620400436624.0,1138264707009.0,198556193056.0,421844243568.0,119051958721.0,APH,2024,3882947662140.0,10938910988621.0,3783173629751.0,0.2888055622578958,0.8136134229572978,0.6548884651871766,0.05180095265803503,3.1245584792664953,0.04614409271370142,1.5643891038242899,4.914810081778768,VN,yahoo
12607483533944.0,4557158110688.0,1625232966461.0,3276373084722.0,2529180367140.0,1902479618071.0,1126649555977.0,3042830530786.0,-55211598430.0,10741288129860.0,664647051191.0,1186325936981.0,148784408006.0,515862643185.0,163530096565.0,APH,2025,3029129174048.0,10078303166804.0,3882947662140.0,0.24026437678006607,0.7993905476592127,0.6280615677833926,0.0430505654182092,4.4671821469639275,0.052718454828953355,1.3909155010271592,4.5199178344391635,VN,yahoo
,,,,,,,,,,,,,,,ASM,2021,,,,,,,,,,,,VN,yahoo
19086345264791.0,9248626567434.0,847857871091.0,7597608876479.0,5220168092800.0,6127409896494.0,3409124741970.0,9820393882027.0,1314266286158.0,13749221971690.0,1534564061494.0,1947396530126.0,472579930979.0,1061984130515.0,628390227095.0,ASM,2022,9536534638464.0,13866177171991.0,,0.499652212414718,0.7264972408086027,0.6425195449697344,0.049554680908191616,3.2472053104645937,0.08040114753267322,1.2173075394899955,4.977523875988363,VN,yahoo
20307453158579.0,11090130251092.0,1365023440747.0,8203972540991.0,5234427637334.0,6473012996825.0,4117434060025.0,10781758702353.0,1312074954584.0,11973153752107.0,1061022024065.0,1511607551119.0,741880599909.0,319141424156.0,195034280361.0,ASM,2023,10590447056850.0,15073025521245.0,9536534638464.0,0.5215054282853783,0.7422410581741175,0.6112124409930546,0.07372000542751286,1.4301789589795801,0.05224791192571409,1.3518000207436538,5.108698376071178,VN,yahoo
22856055629167.0,13566530226970.0,2070302439363.0,7830527770434.0,5428557355166.0,6692847697361.0,6871065492526.0,13675896526191.0,897775219344.0,12013117890000.0,978233326893.0,1416682062114.0,661139329878.0,317093997015.0,180853915747.0,ASM,2024,13563913189887.0,17427498274001.0,10590447056850.0,0.5934494302060527,0.7624893182252092,0.49343044324045526,0.054742855792863566,1.4796175067568789,0.042799743873770585,1.7325179891697244,5.639045045752494,VN,yahoo
23476527657525.0,14126202427153.0,711806081865.0,8851860250732.0,5471060735560.0,7131470245583.0,6381407037123.0,13558685363246.0,566521292519.0,11317468565654.0,898500361417.0,1377956974551.0,694110889582.0,204389471835.0,37712105942.0,ASM,2025,13512877282706.0,18005466921965.0,13563913189887.0,0.5755909681291679,0.7669561352781085,0.5277536453846119,0.05126980542871769,1.2944622752685602,0.0382722851745497,1.595845621939732,5.3787054753825085,VN,yahoo
,,,,,,,,,,,,,,,BAF,2021,,,,,,,,,,,,VN,yahoo
4729096092916.0,2662699738155.0,151374475776.0,2291719028034.0,1733855201455.0,264400597034.0,692905367577.0,957305964611.0,298655201455.0,7083418349258.0,375208936634.0,434019086141.0,36331151929.0,338877784705.0,286687393478.0,BAF,2022,957305964611.0,2995240891461.0,,0.20242895170707287,0.6333643539085098,0.27619236357880506,0.03795145258889421,10.327471514452679,0.07934051862385462,1.1618787929859158,5.111468221659425,VN,yahoo
6533660695830.0,3148011679041.0,95165075409.0,3011074968540.0,1897715154565.0,703663315465.0,1608567727225.0,2312231042690.0,324866540588.0,5198785295390.0,165962786408.0,270591331973.0,141443303310.0,24519483098.0,26375283530.0,BAF,2023,2312231042690.0,4635945541265.0,957305964611.0,0.3538951822468747,0.7095479482465037,0.3043222335802452,0.08652191609646977,1.1733520253289114,0.02540119454227597,1.0454776822004526,4.150093852955228,VN,yahoo
7449030044505.0,3081018989584.0,148911935224.0,3064578385158.0,2926123523314.0,1134359863217.0,1427710733184.0,2579258802398.0,398258489337.0,5640685734268.0,607033638997.0,772237761918.0,200784626774.0,406249012223.0,317047520186.0,BAF,2024,2562070596401.0,4522906521191.0,2312231042690.0,0.34394687376660377,0.607180598570341,0.4427512125584914,0.0823849821536461,3.0233073554992207,0.0814916352021961,1.0053647198275701,4.665700692065569,VN,yahoo
10780028795300.0,4341827253256.0,365021213113.0,4331765436897.0,4059664069370.0,2151651737308.0,2200680479557.0,4477508871946.0,525179035393.0,5037851279304.0,357670806791.0,608934955662.0,257832397308.0,99838409483.0,126621177023.0,BAF,2025,4352332216865.0,6720364725930.0,2562070596401.0,0.40374031456785897,0.6234087917149184,0.49436753218664964,0.0745783560116925,1.3872221277287182,0.03317902146485373,1.0023227980613392,4.2721940054998715,VN,yahoo
,,,,,,,,,,,,,,,BCM,2021,,,,,,,,,,,,VN,yahoo
48305441510403.0,27849285308891.0,1070646673840.0,18837735330910.0,16757439424479.0,4950680794580.0,10935701571848.0,15886382366428.0,4986705736048.0,6565186159079.0,2795356453984.0,2984961261980.0,843537548154.0,1951818905830.0,1700055767317.0,BCM,2022,15886382366428.0,31548002085924.0,,0.3288735568850298,0.6530941670231885,0.31163046944168094,0.053098152159336866,3.313849466572491,0.057868355335951034,1.478377566075809,5.756936728017262,VN,yahoo
53423901937257.0,28440868532001.0,1332254152561.0,22997575585298.0,18562001317699.0,9385205395358.0,10331236566188.0,19716441961546.0,6302930324830.0,7882566359226.0,3573723712749.0,3841168046843.0,876565551224.0,2697158161525.0,2423168916542.0,BCM,2023,19716441961546.0,34861900619558.0,15886382366428.0,0.3690565691869852,0.6525524972043618,0.4760090798158437,0.049241349121578605,4.076961167089899,0.0668937232803795,1.2366898600469354,5.311595243329561,VN,yahoo
58801487262820.0,31724695841365.0,2205138245025.0,21889556740880.0,19650097159656.0,8444231302085.0,15183796695303.0,23628027997388.0,6871529636665.0,5259966055172.0,3841103620879.0,4103285558145.0,1261778151541.0,2579325469338.0,2193237102548.0,BCM,2024,23628027997388.0,39151390103164.0,19716441961546.0,0.40182704719320816,0.6658231266867854,0.35738197462007754,0.058220951957029386,3.044198868230433,0.06532323925261867,1.4493073668375072,5.694156342490333,VN,yahoo
60941012421870.0,31463515167154.0,2349813093288.0,21656542593559.0,22775060379636.0,9672434647493.0,14275455749523.0,23947890397016.0,9598842543649.0,6953015337399.0,5073772808797.0,5311472281578.0,1331034040533.0,3742738768264.0,3500888372407.0,BCM,2025,23947890397016.0,38165952042234.0,23628027997388.0,0.39296837130362117,0.6262769607112291,0.40389506078156356,0.05595410810564866,3.811903117643224,0.08325711384105865,1.4528411001538053,6.005218521826018,VN,yahoo
,,,,,,,,,,,,,,,BFC,2021,,,,,,,,,,,,VN,yahoo
4299656387184.0,3486914435132.0,541052131617.0,2917765290534.0,1091361770274.0,2058262667453.0,19030517894.0,2079962934080.0,277808492052.0,8581358101346.0,343491425438.0,438362032576.0,97903378436.0,245588047002.0,149798354980.0,BFC,2022,2077293185347.0,3208294616910.0,,0.48313004535404147,0.7461746539730417,0.9908387905817825,0.047130265061571364,3.508473669910608,0.0798881107015542,1.195063374852141,5.223012526081183,VN,yahoo
3454647947598.0,2743330306053.0,607044366543.0,2159289937729.0,1072858984556.0,1483912197317.0,7040000000.0,1493512384310.0,257722029290.0,8588309084029.0,313729790034.0,430731192918.0,117490941609.0,196238848425.0,148242218196.0,BFC,2023,1490952197317.0,2381788963042.0,2077293185347.0,0.4315786210151028,0.6894447709781966,0.9952781853015351,0.06585362216388996,2.6702466227402146,0.0908138238086271,1.2704779743188428,5.685463536071232,VN,yahoo
3280207925316.0,2608895504667.0,626550473599.0,1745367033397.0,1258198812584.0,771601318553.0,4480000000.0,780886940469.0,433465658893.0,9358243746877.0,591212281125.0,683602016444.0,56775268908.0,534437012217.0,357472777241.0,BFC,2024,776081318553.0,2022009112732.0,1490952197317.0,0.23659515988707816,0.6164271164417753,0.9942274090447726,0.05008771904831045,10.413200897084511,0.18023622117431637,1.4947546589036453,7.272294532437733,VN,yahoo
3968725269394.0,3313863634044.0,250246241891.0,2267619348126.0,1381292831372.0,1367515557390.0,1920000000.0,1372971745916.0,537861518882.0,10616456517603.0,545198834506.0,636768483941.0,50349598472.0,494849236034.0,309876241445.0,BFC,2025,1369435557390.0,2587432438022.0,776081318553.0,0.3450567787976678,0.6519555429990963,0.998597962503866,0.04693470280896326,10.828265786651535,0.13737379070062175,1.4613844412567014,6.9048646201626696,VN,yahoo
,,,,,,,,,,,,,,,BHN,2021,,,,,,,,,,,,VN,yahoo
7255422654526.0,4865553133429.0,511914329623.0,1815508334712.0,4644919680168.0,96475255531.0,0.0,96475255531.0,774761819165.0,8401769059657.0,644564963560.0,1087296717446.0,8740649818.0,635824313742.0,464709725382.0,BHN,2022,96475255531.0,2610502974358.0,,0.013296986285260423,0.35980026232235335,1.0,0.09059991362439462,73.74336885486699,0.08883906482800343,2.679994930566286,8.821101654785922,VN,yahoo
7149981347305.0,5135871007030.0,1164573830285.0,1726342324471.0,4633971615584.0,110788979230.0,6518120000.0,117307099230.0,760005147176.0,7754352899163.0,470074208634.0,885884336397.0,5738294772.0,464335913862.0,336125947746.0,BHN,2023,117307099230.0,2516009731721.0,96475255531.0,0.016406630105995433,0.3518903909685505,0.9444354174403363,0.05368352105967942,81.91879771107722,0.06574481607720309,2.9750015012832267,9.10040071209396,VN,yahoo
7259200002724.0,5352518818851.0,1036109602407.0,1869699422684.0,4592390105883.0,70681112774.0,915963000.0,71597075774.0,722092432295.0,8218412128598.0,509760971139.0,892855371659.0,2919404255.0,506841566884.0,370706599958.0,BHN,2024,71597075774.0,2666809896841.0,117307099230.0,0.009862942989190729,0.36736966826100464,0.9872066981772931,0.03090883782677839,174.6112996396246,0.07022274781624879,2.8627696804694556,9.001691625061593,VN,yahoo
7550755316813.0,5943328780153.0,801818312936.0,1953279777983.0,4720764835979.0,28204157872.0,303963000.0,28508120872.0,859335903652.0,8540018196174.0,612048615803.0,872169155324.0,1591462963.0,610457152840.0,467204926411.0,BHN,2025,28508120872.0,2829990480834.0,71597075774.0,0.003775532337608924,0.3747956809741352,0.9893376697340109,0.03179581113311947,384.5823811377004,0.08105793263359666,3.042743209214101,9.383753331431747,VN,yahoo
,,,,,,,,,,,,,,,BMP,2021,,,,,,,,,,,,VN,yahoo
3044791993793.0,2215147283810.0,358572233870.0,403473029077.0,2621318604133.0,55160000000.0,0.0,55160000000.0,598876151383.0,5808344375260.0,871370057296.0,1041516835777.0,27578302.0,871342478994.0,694268766316.0,BMP,2022,55160000000.0,423473389660.0,,0.01811618005842341,0.13908122148352897,1.0,0.0004999692168237853,31596.218552396735,0.28618377185447896,5.490199156254518,16.21715510206973,VN,yahoo
3255000928111.0,2593900147858.0,821414457106.0,546150418753.0,2689728981899.0,55170000000.0,0.0,55170000000.0,667286529149.0,5156984370216.0,1307221558088.0,1479330256535.0,38676662.0,1307182881426.0,1041006333282.0,BMP,2023,55170000000.0,565271946212.0,55160000000.0,0.01694930392293843,0.17366260676922407,1.0,0.0007011087102329375,33798.71712010721,0.40160405080026507,4.749424442043883,15.740250912625665,VN,yahoo
3200494976288.0,2596113208905.0,504172685550.0,480999507110.0,2701698690635.0,54900000000.0,0.0,54900000000.0,679256237885.0,4615678655546.0,1240553716921.0,1351666832461.0,20863234.0,1240532853687.0,990761729138.0,BMP,2024,54900000000.0,498796285653.0,55170000000.0,0.017153596680121695,0.15584973241592592,1.0,0.0003790902879985464,59461.237741042445,0.3876130805116338,5.397330289386957,16.569216595308482,VN,yahoo
3378833589624.0,2758363782639.0,297407970324.0,483661960403.0,2877457822179.0,54900000000.0,0.0,54900000000.0,855015369429.0,5509577971238.0,1538932425044.0,1631457545028.0,13860002.0,1538918565042.0,1228735173562.0,BMP,2025,54900000000.0,501375767445.0,54900000000.0,0.016248210675006734,0.1483872330927057,1.0,0.00025245905282331513,111034.06947877785,0.4554626276268474,5.703081921804762,17.578063732264198,VN,yahoo
,,,,,,942639040000.0,,,,,,,,,BSR,2021,942639040000.0,,,,,,,,,,,VN,yahoo
78487929061850.0,58471339394419.0,20118466780839.0,26015466987812.0,51255405261819.0,8954405974915.0,,8954405974915.0,14651541651825.0,167123712786024.0,15838597736664.0,18030661409959.0,252789589546.0,15585808147118.0,14725833852993.0,BSR,2022,8954405974915.0,27232523800031.0,942639040000.0,0.11408640897963757,0.34696448390900014,1.0,0.05108385162743873,62.655261101177025,0.20179660650980968,2.247560630828279,9.903525127385667,VN,yahoo
86594660994410.0,68680527655901.0,14265991551227.0,28442061214665.0,57393254965084.0,10970334445963.0,,10970334445963.0,16340184316581.0,147423365943576.0,9926989781857.0,12197271900973.0,287654759616.0,9639335022241.0,8649771483353.0,BSR,2023,10970334445963.0,29201406029326.0,8954405974915.0,0.12668603722198502,0.3372194739720854,1.0,0.028874128700274858,34.510083528980616,0.11463743454689225,2.4147521214281285,9.74749114543656,VN,yahoo
88386867728798.0,71515534342682.0,26260258222871.0,31984096504586.0,55505716940680.0,15856525639874.0,,15856525639874.0,11826112139950.0,123027063879559.0,996792237073.0,3217577307301.0,260793426455.0,735998810618.0,631130749304.0,BSR,2024,15856525639874.0,32881150788118.0,10970334445963.0,0.17939911264337818,0.37201398389870466,1.0,0.019442709703673712,3.8221524622860725,0.011277605629509456,2.2359716908816805,8.468436705086134,VN,yahoo
85068637113074.0,70173060674346.0,7625712976948.0,23726837131723.0,60453304875674.0,10504160808529.0,,10504160808529.0,7386664909835.0,141582149107302.0,6278344360573.0,8480242777619.0,273642324293.0,6004702036280.0,5213612063223.0,BSR,2025,10504160808529.0,24615332237400.0,15856525639874.0,0.12347865400225908,0.2893584883072839,1.0,0.020761395939260754,22.943615819643895,0.07380327901842094,2.9575396115702235,10.189409982132428,VN,yahoo
,,,,,,,,,,,,,,,BWE,2021,,,,,,,,,,,,VN,yahoo
9987292157923.0,2786194240014.0,275261970068.0,1989020330518.0,4493766109393.0,1328161975853.0,,4019927313607.0,956656429405.0,3483746674741.0,1008660346137.0,1487916398646.0,170492600996.0,838167745141.0,742842206787.0,BWE,2022,1328161975853.0,5493526048530.0,,0.1329851930685094,0.5500516017419137,1.0,0.12836732574466506,5.916153195179799,0.1009943766726421,1.400787210298847,5.623472325210416,VN,yahoo
12121720381528.0,2705825961123.0,655358928798.0,2384770328872.0,4802022634199.0,1435432986613.0,,5432917825707.0,1018524365687.0,3525936181744.0,1106298819125.0,1651959258399.0,344396591022.0,761902228103.0,674461285967.0,BWE,2023,1435432986613.0,7319697747329.0,1328161975853.0,0.11841825594330835,0.6038497438435647,1.0,0.24923810883971897,3.2122815613303497,0.09126582566702844,1.1346274852399978,4.9998181787821965,VN,yahoo
14199525343428.0,4473573577419.0,1006668267497.0,3397922534589.0,5336195858881.0,2464523846773.0,4480061462138.0,6944517598761.0,1070064860127.0,3958997823072.0,1088470559526.0,1724146684724.0,351835216080.0,736635343446.0,638928762826.0,BWE,2024,6944585308911.0,8863329484547.0,1435432986613.0,0.48907165140736053,0.6241989975143244,0.35488423529200896,0.08397003530837753,3.0936941777837967,0.076655418628467,1.316561378866192,5.139888353129355,VN,yahoo
15148255852020.0,3794456158624.0,1061535117825.0,2972406262588.0,5977866675209.0,2006141091505.0,5066102621804.0,7072243713309.0,1537007117680.0,4542868049098.0,1570931816923.0,2209778822826.0,389280023455.0,1181651793468.0,991038667809.0,BWE,2025,7072243713309.0,9170389176811.0,6944585308911.0,0.46686851492318343,0.6053759103618612,0.2836640213246209,0.0555446631813656,4.0354801743496,0.10370380803368319,1.2765604104602652,5.318113998985181,VN,yahoo
,,,,,,,,,,,,,,,CHP,2021,,,,,,,,,,,,VN,yahoo
3259700449355.0,628227540583.0,251256101502.0,458135420679.0,1997177349845.0,208796267372.0,804387678831.0,1013183946203.0,407388341967.0,1100534048069.0,633328411819.0,858997801698.0,97371062759.0,535957349060.0,510295093778.0,CHP,2022,1013183946203.0,1262523099510.0,,0.3108211818676405,0.3873126132678285,0.20607932859031494,0.09610403236639015,6.504277491419919,0.19429037166415622,1.3712703978485388,6.966348184812298,VN,yahoo
2967231114351.0,572564359212.0,113250882968.0,433121421760.0,1938518281144.0,208796267372.0,595591411447.0,804387678819.0,348729273266.0,881377927945.0,441083814823.0,665933493504.0,85652188743.0,355431626080.0,336954868099.0,CHP,2023,804387678819.0,1028712833207.0,1013183946203.0,0.2710903356764435,0.34669117219472223,0.2595716877197251,0.09424903818243009,5.149708621533013,0.1486516546317205,1.3219488356991673,6.918991237013305,VN,yahoo
2696249961096.0,525485984379.0,197904693647.0,321564471202.0,1987895836165.0,208801757706.0,386789653729.0,595591411435.0,398106828287.0,814199531520.0,386211259842.0,610560598480.0,54248785468.0,331962474374.0,313767090621.0,CHP,2024,595591411435.0,708354124931.0,804387678819.0,0.2208962151242453,0.26271826987549063,0.3505788594280084,0.07749942244945612,7.119260947691011,0.14324015407125265,1.634154365420864,8.136739102485576,VN,yahoo
2616813676825.0,662339684776.0,253128138132.0,202133289036.0,2108154352226.0,80469548000.0,306526035563.0,386995583563.0,531726049536.0,998866035683.0,521029127540.0,748086411097.0,36179344213.0,484849783327.0,458324072971.0,CHP,2025,386995583563.0,508659324599.0,595591411435.0,0.14788809267939348,0.19438117780558234,0.20793402151810386,0.07364099951897621,14.401287222690545,0.1991082254553823,3.27674717971881,10.75585933334673,VN,yahoo
,,,,,,,,,,,,,,,CII,2021,,,,,,,,,,,,VN,yahoo
28559496484792.0,7226742091969.0,275742966899.0,9570468969755.0,5385119416992.0,5166411914093.0,9415873137438.0,14582285051531.0,2449646951912.0,5747990668290.0,2160470443376.0,2928442518844.0,1119155480993.0,1041314962383.0,695146941142.0,CII,2022,14582285051531.0,23174377067800.0,,0.5105932122891628,0.8114420742725773,0.35429371294251144,0.07674760691058494,1.9304470916400875,0.0756480578894819,0.7551084607041991,3.743624477796007,VN,yahoo
33184094516398.0,6910759134552.0,1200711815688.0,8144174339900.0,6316119515712.0,4848246634880.0,14037633937872.0,18885880572752.0,2438402693582.0,3089709940045.0,1741424640639.0,2434121048892.0,1314472998728.0,426951641911.0,178239051119.0,CII,2023,18885880572752.0,26867975000686.0,14582285051531.0,0.569124481110054,0.8096642500644134,0.2567127657195349,0.07855064502096747,1.3248082252919278,0.05247769047241807,0.8485524555503137,3.845204432844167,VN,yahoo
36722431033992.0,8630482439506.0,1351810461900.0,8961342196450.0,6029911352041.0,4912233984717.0,18261404023740.0,23173638008457.0,2127251421516.0,3027742956120.0,1001525355337.0,1982888793581.0,1299557806901.0,595916748469.0,259680961017.0,CII,2024,23173638008457.0,30692519681951.0,18885880572752.0,0.6310485813699642,0.8357975988447107,0.21197508923390995,0.06179613322923794,0.770666260491555,0.0272728500575014,0.963079218526543,3.769299424358717,VN,yahoo
37524891642819.0,11401411859381.0,802141351233.0,7344951227483.0,8926424704373.0,3901916529879.0,17828046672371.0,21729963202250.0,1621156274302.0,2960267601553.0,1095053238268.0,2029861587329.0,1301082645855.0,396844169100.0,124063136205.0,CII,2025,21729963202250.0,28598466938446.0,23173638008457.0,0.5790813044601658,0.762119907251452,0.17956388115167085,0.05795003566639392,0.8416477168123253,0.02918204930986273,1.5522787703095593,4.623817831021299,VN,yahoo
,,,,,,,,,,,,,,,CMG,2022,,,,,,,,,,,,VN,yahoo
6561871141160.0,3535833245440.0,371043702907.0,2931044401899.0,2473808328194.0,882151399256.0,442881363105.0,1325032762361.0,308400731290.0,7663639988580.0,505423926006.0,836290273763.0,103258041352.0,402165884654.0,310516859797.0,CMG,2023,1325032762361.0,4088062812966.0,,0.20192910434488695,0.6230026047483945,0.6657581792046748,0.07792867035831658,4.894765767278526,0.0770243601456416,1.2063390248026138,5.160822714710818,VN,yahoo
6853772829898.0,3172994142785.0,510579888457.0,2774430728562.0,2638302303285.0,899409668650.0,667033109046.0,1566442777696.0,342109659777.0,7341773438715.0,544257580240.0,914424295841.0,83069123005.0,461188457235.0,336518503183.0,CMG,2024,1566442777696.0,4215470526613.0,1325032762361.0,0.22855189638949738,0.615058396482589,0.5741733317401453,0.057457946196814415,6.551863803921954,0.0794099241027952,1.1436559255633596,4.984994085566111,VN,yahoo
7677054951711.0,3791498827125.0,781437920271.0,3056272394922.0,2922717743152.0,898099854141.0,873831927858.0,1771931781999.0,413313754015.0,8202642306320.0,580889992551.0,960127028901.0,79345063446.0,501544929105.0,348640556012.0,CMG,2025,1771931781999.0,4754337208559.0,1566442777696.0,0.2308087923226453,0.6192918037533901,0.5068478726239738,0.047535147436091836,7.321060281794812,0.07566573330591257,1.2405631230464207,5.207715991483966,VN,yahoo
10451930540151.0,5839626032047.0,574427232671.0,3975887133178.0,3256340139826.0,1295206208607.0,2319233667714.0,3614439876321.0,542817282768.0,9560786161248.0,711084881926.0,1142004399906.0,99185431600.0,611899450326.0,413001464165.0,CMG,2026,3614439876321.0,7195590400325.0,1771931781999.0,0.3458155278047592,0.6884460600539969,0.3583421644643155,0.03682829106186696,7.169247241809653,0.06803383156770643,1.4687605146827392,5.521416462500011,VN,yahoo
,,,,,,,,,,,,,,,CRE,2021,,,,,,,,,,,,VN,yahoo
7617072451214.0,5105800891005.0,101302605509.0,1996521994156.0,5582400264881.0,1003076901962.0,2272720000.0,1005349621962.0,617131127936.0,3475714221927.0,395087608179.0,447977173323.0,149134995943.0,245952612236.0,190887249745.0,CRE,2022,1005349621962.0,2034672186333.0,,0.13198635412766338,0.26711997284582956,0.9977393734971873,0.1483414253958281,2.64919448101909,0.05186869505436192,2.5573476805916187,9.421282414170703,VN,yahoo
7101278142672.0,4960760376051.0,141770671952.0,1123000270553.0,5578517683263.0,439604331643.0,353985040000.0,793589371643.0,594159821343.0,933748541848.0,94085470076.0,143608800025.0,89178157416.0,4907312660.0,2003729301.0,CRE,2023,793589371643.0,1522760459409.0,1005349621962.0,0.11175303314403003,0.21443470158683722,0.5539443285799928,0.09914528256157329,1.0550281907834032,0.013249089556235638,4.417416901964029,11.003627626078153,VN,yahoo
7180709861791.0,4298280977836.0,31099676274.0,1446244717290.0,5619293568723.0,946016535646.0,511944452.0,946528480098.0,634935706803.0,1538002600367.0,130143444436.0,178662524792.0,72849382038.0,57294062398.0,41048046349.0,CRE,2024,946528480098.0,1561416293068.0,793589371643.0,0.13181544698450168,0.21744595215807178,0.9994591346559937,0.08372925082644683,1.7864728676506003,0.018124036055056518,2.972028818117447,10.04433928689028,VN,yahoo
7544856739832.0,6789964210138.0,114689116120.0,1360223645027.0,5691353144233.0,659799776652.0,174862942424.0,834662719076.0,706995282313.0,1323484651762.0,175410824469.0,216468396489.0,74010124697.0,101400699772.0,73302796260.0,CRE,2025,834662719076.0,1853503595599.0,946528480098.0,0.1106267153714817,0.24566451816290838,0.7904986787746082,0.0831018306527913,2.370092270309474,0.023249059659800227,4.991799866854411,11.656812815562429,VN,yahoo
,,,,,,,,,,,,,,,CSM,2021,,,,,,,,,,,,VN,yahoo
4204237007261.0,3012424468182.0,28148892095.0,2751263290340.0,1301434199207.0,2142586034691.0,112800136080.0,2279065862825.0,87157053882.0,5320632082488.0,227883734976.0,442367510875.0,126160343380.0,101723391596.0,79184939323.0,CSM,2022,2255386170771.0,2902802808054.0,,0.536455524956323,0.6904469950292204,0.9499863315906386,0.05593735787467044,1.8063024312608684,0.05420335118653622,1.0949240949635635,4.560080573583533,VN,yahoo
3884300875457.0,2862554201964.0,289674601758.0,2458352534924.0,1324200467209.0,1900032672320.0,86748616358.0,1986781288678.0,94086334019.0,5234906933729.0,228647365061.0,429949025852.0,158443519574.0,70203845487.0,60374641748.0,CSM,2023,1986781288678.0,2560100408248.0,2255386170771.0,0.5114900602143105,0.6590891103271695,0.9563371082401716,0.07469932344188018,1.443084360128795,0.058864483569156814,1.1644197328486476,4.950277341428557,VN,yahoo
3815256503260.0,2907846266290.0,473343496352.0,2384697160589.0,1360188407654.0,1864190717916.0,48712481428.0,1916741381170.0,111961881940.0,4712176016962.0,193134217130.0,386199256776.0,104032742222.0,89101474908.0,72071490392.0,CSM,2024,1912903199344.0,2455068095606.0,1986781288678.0,0.501382593204282,0.6434870351464528,0.9745347901322423,0.053354440617716506,1.8564753077243938,0.05062155505533474,1.2193775856938525,5.167087923724071,VN,yahoo
3822349117432.0,2964981655150.0,575049073746.0,2392267277713.0,1364168733071.0,1796236354894.0,53990690148.0,1850227045042.0,94320760239.0,4142874771945.0,143753096810.0,300029646997.0,82443614271.0,61309482539.0,42554678057.0,CSM,2025,1850227045042.0,2458180384361.0,1912903199344.0,0.48405495892668565,0.643107238203427,0.9708194244091949,0.04381650855374615,1.7436535028349183,0.03760857326046105,1.2394023371771874,5.1487769962466645,VN,yahoo
,,,,,,,,,,,,,,,CTD,2021,,,,,,,,,,,,VN,yahoo
,,,,,,,,,14536948503110.0,113997886011.0,220286583805.0,79172332132.0,34825553879.0,20712200279.0,CTD,2022,,,,,,,,1.4398702544335453,,,,VN,yahoo
21375030331774.0,19883997298772.0,1882761469151.0,12603037340776.0,8271200167873.0,696415534735.0,497728928697.0,1195051758848.0,388315212698.0,,,,,,,CTD,2023,1194144463432.0,13103830163901.0,,0.05586632836992532,0.6130438161026674,0.5831920308314162,,,,1.5777147017123487,,VN,yahoo
22868774738132.0,20456205370323.0,2210413091737.0,14223343211591.0,8590734069892.0,1519195776810.0,21116688705.0,1540312465515.0,697885426193.0,21045158770378.0,478104184939.0,521649328138.0,91542154308.0,386562030631.0,309570213495.0,CTD,2024,1540312465515.0,14278040668240.0,1194144463432.0,0.06735439406583696,0.6243465525257205,0.9862906461008613,0.0669545410197787,5.222776201337637,0.020906418923345133,1.4382135807320369,5.909656297256404,VN,yahoo
29583887882992.0,27845053113356.0,2712312888753.0,20587694661559.0,8962257578226.0,2984145681710.0,2826000000.0,2986971681710.0,1051793251975.0,24866699282843.0,694915699467.0,808616182734.0,142904534520.0,549077513161.0,453837839782.0,CTD,2025,2986971681710.0,20621630304766.0,1540312465515.0,0.10096616420140074,0.6970561268460435,0.9990538912647534,0.0631303580128026,4.86279670411539,0.02348966782917374,1.3525095243105494,5.589351506585871,VN,yahoo
38750874266153.0,36697278658916.0,3935562475908.0,27529651306286.0,9651289397452.0,5130225040597.0,1538981661808.0,6672848312281.0,1740565640447.0,34339621317795.0,1370955611018.0,1481743226440.0,350966535800.0,1019989075218.0,787855481043.0,CTD,2026,6669206702405.0,29099584868701.0,2986971681710.0,0.17210467708673677,0.7509400863793689,0.7692406712700892,0.0726926371570271,3.906228859948191,0.035378701435272206,1.333009207077632,5.534376618857032,VN,yahoo
,,,,,,,,,,,,,,,CTF,2021,,,,,,,,,,,,VN,yahoo
2526696305277.0,1733807215727.0,74549476681.0,1473296015671.0,893835350189.0,1187778188045.0,128755056886.0,1316533244931.0,128077046468.0,6306535903335.0,210209366803.0,237459700696.0,62168652296.0,148040714507.0,111714765882.0,CTF,2022,1316533244931.0,1632860955088.0,,0.5210492619082963,0.6462434569907642,0.9022014389824633,0.047221483039160385,3.3812759170352016,0.08319534340711156,1.1768220352767007,5.2254541197035085,VN,yahoo
3657456636415.0,2591993219472.0,61180164578.0,2220303698124.0,991835828198.0,1858337969859.0,329495133189.0,2187833103048.0,73283929477.0,7100782966457.0,211654739692.0,244395411774.0,157774499055.0,53880240637.0,40987323009.0,CTF,2023,2187833103048.0,2665620808217.0,1316533244931.0,0.5981842904889477,0.7288181578633324,0.8493965866363569,0.0900445235390358,1.3415015795310332,0.057869377748648226,1.1674048111805837,4.761551831106384,VN,yahoo
3917631338920.0,2780516388126.0,69029863474.0,2417958978583.0,1038267328791.0,2040362316204.0,359169376539.0,2403272793957.0,57141470070.0,8174074326868.0,233593311696.0,268902246742.0,176547072111.0,57046239585.0,46431500593.0,CTF,2024,2399531692743.0,2879364010129.0,2187833103048.0,0.6124955324164053,0.7349757445331172,0.8503168857384754,0.07697101929760873,1.3231219804604488,0.059626159658094896,1.1499435733833128,4.683951374748795,VN,yahoo
3950207141541.0,2988596058799.0,165517214598.0,2618903424471.0,999554958337.0,2273524087198.0,240394947402.0,2516339747146.0,18429099616.0,8442227380929.0,214596152059.0,252772660143.0,189212727995.0,25383424064.0,9111378546.0,CTF,2025,2513919034600.0,2950652183204.0,2399531692743.0,0.6364018251506944,0.7469613813854158,0.9043744273012156,0.0770182661818688,1.1341528359797801,0.05432529089481741,1.1411631413642813,4.599908515117612,VN,yahoo
,,,,,,,,,,,,,,,CTR,2021,,,,,,,,,,,,VN,yahoo
6060012376089.0,5009963242010.0,413861121979.0,4139842500551.0,1637040087840.0,1196684057443.0,268831885803.0,1465515943246.0,488751824367.0,9466997451987.0,593332406042.0,799775270014.0,23036834469.0,570295571573.0,455155190939.0,CTR,2022,1465515943246.0,4422972288249.0,,0.2418338201797225,0.7298619233354586,0.8165616095533161,0.015719265679208692,25.755813232084044,0.09790943800430385,1.2101820881695837,5.501416018895453,VN,yahoo
6991006086509.0,5688993457871.0,818525481502.0,4601942093102.0,1996694305242.0,1195895559062.0,377705688165.0,1573601247227.0,821732548852.0,11370408272724.0,740548949656.0,998950592327.0,84837242075.0,655711707581.0,524597395205.0,CTR,2023,1573601247227.0,4994311781267.0,1465515943246.0,0.2250893830951858,0.7143909931511645,0.759973698018737,0.05583018801706437,8.729054970944492,0.10592880917169928,1.2362157851569702,5.784842891769431,VN,yahoo
7106257863668.0,5421441349658.0,886977987638.0,4652946611620.0,1865063262319.0,1052105942834.0,572917389729.0,1625023332563.0,600843777609.0,12609519560081.0,732842229434.0,1051820831082.0,60826401868.0,672015827566.0,538221178258.0,CTR,2024,1625023332563.0,5241194601349.0,1573601247227.0,0.22867497404945283,0.7375463572952418,0.6474405146999397,0.038032848401354714,12.048094362450511,0.10312632098263497,1.165163025107317,5.301706209696374,VN,yahoo
8185544854669.0,6625395359470.0,1705197767269.0,5599950963827.0,2067176259430.0,1760320373405.0,502591431412.0,2262911804817.0,654331716437.0,13939517269142.0,838483149440.0,1193221535329.0,92827413128.0,745655736312.0,599717125636.0,CTR,2025,2262911804817.0,6118368595239.0,1625023332563.0,0.2764521904154303,0.7474601512627603,0.7779005658363941,0.0477515235455057,9.032710502056252,0.10243461667206341,1.1831166741042698,5.3755181368488625,VN,yahoo
,,,,,,,,,,,,,,,DBC,2021,,,,,,,,,,,,VN,yahoo
12974103921350.0,7065129967455.0,627011780110.0,7213028754790.0,4641227663231.0,3631550979889.0,642666159674.0,4590858830072.0,8099190503.0,11557594666247.0,258727927899.0,755761432423.0,179749859502.0,78978068397.0,5194587097.0,DBC,2022,4274217139563.0,8332876258119.0,,0.3294421846374615,0.6422698868941953,0.8496412000865948,0.042054451992670126,1.4393776363208854,0.019941872630852064,0.97949560547131,3.8960902608967936,VN,yahoo
13011704257872.0,7101240626454.0,592137027608.0,7141605465752.0,4666234857446.0,4732231081477.0,716468020646.0,5867135361510.0,27911797621.0,11110000756812.0,359548474138.0,906831817457.0,261799262786.0,97749211352.0,25007194215.0,DBC,2023,5448699102123.0,8345469400426.0,4274217139563.0,0.41875368469326923,0.6413817310193661,0.8685065907994737,0.053852004126820036,1.373374662372148,0.027632696456382753,0.9943479320593147,4.009425042754328,VN,yahoo
14121555827597.0,7838139952903.0,439331953874.0,6420694102809.0,6765079699901.0,4812308996463.0,571099677046.0,5692759123191.0,771988355861.0,13573523231898.0,1117917095530.0,1757124839108.0,263668549326.0,854248546204.0,769083752455.0,DBC,2024,5383408673509.0,7356476127696.0,5448699102123.0,0.3812192324438142,0.5209394926102713,0.8939148573549132,0.04868277804974411,4.239857572651967,0.07916387607556064,1.2207620901101455,5.584243583675858,VN,yahoo
15976734904060.0,9449733593939.0,426188880308.0,6646289319376.0,8068012698527.0,4680165898662.0,940171279399.0,5876659204039.0,1509701092032.0,14897670454474.0,1884582161790.0,2540672043373.0,261108596916.0,1623473564874.0,1506767998626.0,DBC,2025,5620337178061.0,7908722205533.0,5383408673509.0,0.3517825896098935,0.4950149234511765,0.8327197729223504,0.047458129338518916,7.217618201963224,0.11795790398394174,1.4218059340856692,6.572960719727046,VN,yahoo
,,,,,,,,,,,,,,,DCM,2021,,,,,,,,,,,,VN,yahoo
14166860720016.0,11624186590632.0,2125625291560.0,2874435985843.0,10576305481063.0,2559405532.0,1048481500.0,3607887032.0,3018455058084.0,15924526874399.0,4606587549120.0,6004616946857.0,10274784277.0,4596312764843.0,4315953289589.0,DCM,2022,3607887032.0,3590555238953.0,,0.0002546708902772304,0.2534474863496043,0.7093918155694626,2.8478675152154818,448.33910133099334,0.3251664317283411,4.043988680869133,13.274172453729703,VN,yahoo
15237966427299.0,13504495425086.0,2284399788772.0,4517257789256.0,9935792168306.0,845805808955.0,2964479875.0,848770288830.0,2044851345036.0,11784427075859.0,1264965297746.0,2348345996398.0,10155714106.0,1254809583640.0,1108892825082.0,DCM,2023,848770288830.0,5302174258993.0,3607887032.0,0.05570102105681358,0.3479581271090144,0.9965073236963956,0.02382912747790532,124.55700156020127,0.08301404939964951,2.989533928571788,10.081971473423815,VN,yahoo
15728847338145.0,12920862784796.0,1903248325989.0,4680730113512.0,10144390403802.0,1227370290186.0,112538527500.0,1348755511169.0,1882513091925.0,12453845780495.0,1566444293440.0,1834525751855.0,44380805249.0,1522063488191.0,1419657938042.0,DCM,2024,1339908817686.0,5584456934343.0,848770288830.0,0.08518798541813705,0.35504552967462455,0.9160103090489753,0.0405548763332845,35.29553564094684,0.09959053322624088,2.7604374683977118,9.653486143693819,VN,yahoo
17643638367886.0,14447094769514.0,3590267536235.0,5935262101827.0,10762913653748.0,2223416119408.0,50386745500.0,2282416835059.0,1911971169573.0,15605391296239.0,2277840245806.0,2619905520468.0,70405254339.0,2207434991467.0,1959812434496.0,DCM,2025,2273802864908.0,6880724714138.0,1339908817686.0,0.1288738080829549,0.38998332263836943,0.9778403192828949,0.03896561791474277,32.35327060730782,0.1291026373535292,2.4341123478046365,9.278011170532727,VN,yahoo
,,,,,,,,,,,,,,,DGC,2021,,,,,,,,,,,,VN,yahoo
13405182747367.0,10985294291433.0,1535474845085.0,2571428808329.0,10451206481475.0,467624949883.0,,467624949883.0,5083856880644.0,14444110660905.0,6393345785251.0,6678686751361.0,17597975233.0,6375747810018.0,5565005078678.0,DGC,2022,467624949883.0,2953976265892.0,,0.034883892200190204,0.2203607605776363,1.0,0.037632669594304204,363.30007859438837,0.47693089350137796,4.272058497536865,15.523664178243926,VN,yahoo
15600514164686.0,12466646825746.0,1060574918860.0,3492906503052.0,11707033457906.0,1328012657205.0,,1328012657205.0,5999140534512.0,9748014757873.0,3527323376155.0,3875097432839.0,31946744275.0,3495376631880.0,3110379605233.0,DGC,2023,1328012657205.0,3893480706780.0,467624949883.0,0.08512621078933072,0.24957387081468455,1.0,0.035582618841235224,110.41260874008107,0.22610302063887114,3.569132702193147,12.953657204965058,VN,yahoo
15821258623564.0,12700554128065.0,115781847631.0,2053342950641.0,13357954476840.0,864648943903.0,,864648943903.0,7205267275993.0,9864969760473.0,3421929883576.0,3790424553274.0,21654372047.0,3400275511529.0,2986646667039.0,DGC,2024,864648943903.0,2463304146724.0,1328012657205.0,0.05465108462453182,0.15569583971373702,1.0,0.01975167717267231,158.0248956722841,0.21628683058624787,6.185305832179773,16.29669887988475,VN,yahoo
19538123404072.0,16127235627095.0,1040520026762.0,4103239128703.0,15026587384312.0,1546200498646.0,,1546200498646.0,8490251089552.0,11262381399948.0,3608128342303.0,3922661583565.0,40759945619.0,3567368396684.0,2990397053977.0,DGC,2025,1546200498646.0,4511536019760.0,864648943903.0,0.07913761555645368,0.23090938297685934,1.0,0.03381376281706282,88.52142188877438,0.18467118195962562,3.930366990868672,13.4419579603301,VN,yahoo
,,,,,,,,,,,,,,,DGW,2021,,,,,,,,,,,,VN,yahoo
6355421123548.0,5782350104857.0,827783770177.0,3882267103764.0,2394355185778.0,1914826375993.0,41100000000.0,1955926375993.0,706724931528.0,22028134929534.0,956829801464.0,965513037378.0,94462125254.0,862367676210.0,683783287082.0,DGW,2022,1955926375993.0,3961065937770.0,,0.3077571632107799,0.6232578236387082,0.9789869391279444,0.04829533790914943,10.129242793248324,0.15055332807432228,1.4894261394974087,7.2201735396578695,VN,yahoo
7459032967112.0,6802459424682.0,1450368646470.0,4816000244315.0,2594382109960.0,2321492192887.0,5500000000.0,2326992192887.0,866943855710.0,18817475347721.0,592781481956.0,635031109022.0,122212057838.0,470569424118.0,354392478066.0,DGW,2023,2326992192887.0,4864650857152.0,1955926375993.0,0.3119696887179691,0.6521825119423629,0.9976364338407271,0.057069522043216865,4.850433684225907,0.07947162649228967,1.4124707391183993,6.46996175404542,VN,yahoo
8499324394371.0,7771702747632.0,1406664056957.0,5484791995656.0,2974026936391.0,2486579118759.0,0.0,2486579118759.0,725464422141.0,22078832142166.0,665052915652.0,720257904526.0,96102142900.0,568950772752.0,443877018277.0,DGW,2024,2486579118759.0,5525297457980.0,2326992192887.0,0.29256197356178465,0.6500866659048027,1.0,0.03992966414250042,6.920271448515224,0.0782477388546855,1.4169548733638855,6.38435042556213,VN,yahoo
11259354886919.0,10704379520381.0,1742001985979.0,7782454897947.0,3431984340450.0,2899171034481.0,,2899171034481.0,1163421826200.0,26631545770247.0,827366726982.0,878176366970.0,138276822812.0,689089904170.0,547331236542.0,DGW,2025,2899171034481.0,7827370546469.0,2486579118759.0,0.25748997732092327,0.6951881901833254,1.0,0.05134914129977396,5.9834085724321335,0.07348260493531703,1.375450248122196,6.2434302746504775,VN,yahoo
,,,,,,0.0,,,,,,,,,DHC,2021,0.0,,,,,,,,,,,VN,yahoo
2882483173364.0,1662756369635.0,189178341116.0,1131127570739.0,1748355602625.0,518363300196.0,,518363300196.0,730259104829.0,3934726759456.0,456269998966.0,557312170837.0,19111142447.0,437158856519.0,379458584417.0,DHC,2022,518363300196.0,1134127570739.0,0.0,0.17983220335369537,0.3934550533439601,1.0,0.07373647956857218,23.87455382279481,0.15829060276300258,1.4699989750481202,7.968168253531115,VN,yahoo
2915097525252.0,1785334756725.0,247229229877.0,1062496403155.0,1848880199676.0,701771824278.0,,701771824278.0,706824522659.0,3258908541602.0,391303209919.0,493597541898.0,33205155630.0,358098054289.0,309338388739.0,DHC,2023,701771824278.0,1066217325576.0,518363300196.0,0.24073699702974236,0.365757000011116,1.0,0.05442865296467018,11.784411260685905,0.1342333169059835,1.6803207534854594,8.389901306337618,VN,yahoo
3244657641103.0,2186220726161.0,570814931920.0,1236078204990.0,2000950089755.0,762873933477.0,5500000000.0,768373933477.0,843427493301.0,3596507144729.0,302108516780.0,407140559659.0,22885715787.0,279222800993.0,242066983472.0,DHC,2024,768373933477.0,1243707551348.0,701771824278.0,0.23681202101057305,0.38330933149705426,0.992842026830463,0.031133941197705253,13.200745809821237,0.09310952038603992,1.7686750865239038,8.333397421544872,VN,yahoo
3579098394545.0,2552207693716.0,407948218207.0,1367856007665.0,2211242386880.0,917580568886.0,0.0,917580568886.0,881608698427.0,3631039418696.0,490859414944.0,601973246255.0,33529232355.0,457330182589.0,393066391715.0,DHC,2025,917580568886.0,1367856007665.0,768373933477.0,0.2563719875051519,0.38217893359673655,1.0,0.039774777205441904,14.639745096066934,0.1371461079952795,1.8658452932284508,8.8427893166911,VN,yahoo
,,,,,,,,,,,,,,,DHG,2021,,,,,,,,,,,,VN,yahoo
5168186502845.0,4218772327716.0,34017813791.0,811536702268.0,4291536903457.0,114723409074.0,,114723409074.0,1018364345675.0,4676016007827.0,1112172013902.0,1193173100861.0,12558694966.0,1099613318936.0,988454646072.0,DHG,2022,114723409074.0,876649599388.0,,0.022198000983680966,0.1696242190380357,1.0,0.109469332086351,88.55792874283271,0.21519579707306769,5.198498497881618,14.803453564164421,VN,yahoo
6110474220572.0,4642192911354.0,94134026358.0,1189241981081.0,4852934674270.0,572164547560.0,,604725246545.0,1080572358298.0,5015395040721.0,1188703890146.0,1277407870785.0,29529505062.0,1159174385084.0,1050662658695.0,DHG,2023,572164547560.0,1257539546302.0,114723409074.0,0.09363668463467305,0.20580064671057266,1.0,0.08598055847915949,40.25478543071424,0.19453545620796772,3.903488932617673,12.892771573343847,VN,yahoo
5959243276265.0,4604003766930.0,62857547612.0,1790292694239.0,4094755097969.0,649913916414.0,,682474615399.0,322392781997.0,4884867655092.0,929295096704.0,1098990566126.0,24810529888.0,904484566816.0,778920119960.0,DHG,2024,649913916414.0,1864488178296.0,572164547560.0,0.1090598061338651,0.31287331156995185,1.0,0.04060382474513167,37.455673091184885,0.1559417955640909,2.5716486369772205,9.877648402399803,VN,yahoo
5173881628997.0,3888768378369.0,129895664996.0,965949656404.0,4137265175952.0,0.0,,32560698985.0,1464902859980.0,5266962684050.0,1012234544821.0,1131242509515.0,25635277644.0,986599267177.0,852354107582.0,DHG,2025,0.0,1036616453045.0,649913916414.0,0.0,0.20035565700523317,,0.07888822502969804,39.48599889878376,0.1956431587355875,4.025849952518184,13.384282012401897,VN,yahoo
,,,,,,,,,,,,,,,DIG,2021,,,,,,,,,,,,VN,yahoo
14747796227885.0,10877019373058.0,245914234531.0,3945743304514.0,7538010733228.0,1006741204345.0,2838326830713.0,3845068035058.0,297491097067.0,1896688722277.0,441951924880.0,506750511624.0,243164900279.0,198787024601.0,144128258788.0,DIG,2022,3845068035058.0,7209785494657.0,,0.26072153260348013,0.4888720581197618,0.2618266296372085,0.06324072761831691,1.8174988428548604,0.029967319730412417,2.7566464753585205,7.698058307345442,VN,yahoo
16827606938588.0,13978090756849.0,2307305744085.0,7807921730527.0,7649752814724.0,2150271176748.0,961364389681.0,3111635566429.0,405249380081.0,1025746701725.0,263580159217.0,329269079026.0,97694058059.0,165886101158.0,118727079683.0,DIG,2023,3111635566429.0,9177854123864.0,3845068035058.0,0.18491254150306988,0.5454045936156214,0.6910421001568996,0.028086307439666634,2.6980162811725665,0.015663555737837846,1.7902447333966218,6.714295519184247,VN,yahoo
18539323581176.0,15985757394009.0,785165517804.0,7961859074539.0,7795947668627.0,1572638801780.0,2276905408614.0,3849544210394.0,551444233984.0,1300998943328.0,205450041643.0,273777621991.0,47361629699.0,158088411944.0,114535926550.0,DIG,2024,3849544210394.0,10743375912549.0,3111635566429.0,0.2076421069807884,0.5794912562752474,0.40852597498004595,0.013607357148479014,4.337900594821337,0.01108185208286697,2.0077920551406634,7.022567483737791,VN,yahoo
18959638759856.0,16636364783345.0,3279178467269.0,7824348151318.0,9973519681963.0,1322933020741.0,914099917337.0,2237492306409.0,561812943400.0,4717667238827.0,921492406763.0,994099136431.0,97242285512.0,824250121251.0,646459231632.0,DIG,2025,2237032938078.0,8986119077893.0,3849544210394.0,0.11798921732699671,0.4739604584091375,0.591378427300954,0.03195302816014157,9.476252043143155,0.04860284620581024,2.1262301295402644,7.887527770763819,VN,yahoo
,,,,,,,,,,,,,,,DLG,2021,,,,,,,,,,,,VN,yahoo
5611845648134.0,1647393336524.0,117984852556.0,2592155370670.0,980812988338.0,1125558685787.0,1845660795288.0,2971219481075.0,-2069778374063.0,1347872097220.0,-821734333321.0,-593542064911.0,361994198994.0,-1183728532315.0,-1219413266472.0,DLG,2022,2971219481075.0,4631032659796.0,,0.5294549542828147,0.8252245250786377,0.3788204449237685,0.12183354386968039,-2.2700207229967795,-0.14642853436181655,0.6355303216636257,0.1816327568933775,VN,yahoo
5051949152577.0,1131710306910.0,194659449343.0,2769672370439.0,392128439678.0,1128314061722.0,1682860795288.0,2811174857010.0,-2664379511213.0,1122334254330.0,-208289799213.0,51510375524.0,353527402684.0,-561817201897.0,-594601137150.0,DLG,2023,2811174857010.0,4659820712899.0,2971219481075.0,0.5564535137049073,0.9223807627838109,0.4013674421242116,0.12227716825036888,-0.5891758252165238,-0.04122959137598432,0.4086080068490632,-0.7849244278073972,VN,yahoo
4348369468808.0,1513597804072.0,95024595087.0,2093435831695.0,593338540267.0,864746892856.0,1433391403555.0,2298138296411.0,-2456466005020.0,1058721888509.0,548494516530.0,799282277930.0,287399089090.0,261095427440.0,207913506193.0,DLG,2024,2298138296411.0,3755030928541.0,2811174857010.0,0.5285057566741169,0.8635491890642748,0.37628148584725046,0.1125000877652483,1.9084768788471598,0.1261379743521096,0.723020873702386,1.5471810546835754,VN,yahoo
4216045743243.0,1850417441563.0,29140262013.0,2002560856225.0,958167341666.0,706648173400.0,1154060000000.0,1860708173400.0,-2091637203621.0,699211698323.0,655603745482.0,897635543985.0,228136583441.0,427467162041.0,364693362743.0,DLG,2025,1860708173400.0,3257878401577.0,2298138296411.0,0.44133965490818783,0.7727331722617948,0.37977377833987214,0.10971147172517177,2.87373351346585,0.15550204751282107,0.9240255724618509,2.749727789030429,VN,yahoo
,,,,,,,,,,,,,,,DPG,2021,,,,,,,,,,,,VN,yahoo
6138985381151.0,3292870676403.0,1171279077469.0,2218915595502.0,1672983367272.0,999924715248.0,1661518096614.0,2661442811862.0,1015425738156.0,3319477249236.0,765173599832.0,900034755149.0,181070575358.0,584103024474.0,383255183201.0,DPG,2022,2661442811862.0,4466002013879.0,,0.43353138126597157,0.7274821060156472,0.3757077592617638,0.06803474211468001,4.225830719978399,0.12464170417824605,1.483999969659969,6.167758111115556,VN,yahoo
6689450921725.0,3768010308814.0,1432080508529.0,2879750939103.0,1810085780999.0,1080139937180.0,1458192015626.0,2538331952806.0,1152528151883.0,3450139573539.0,498486852879.0,640829558426.0,181379090447.0,317107762432.0,203043479885.0,DPG,2023,2538331952806.0,4879365140726.0,2661442811862.0,0.3794529599675191,0.7294119050757255,0.4255313951297658,0.0697642104344421,2.7483148782503166,0.07451835116393317,1.3084500668615737,5.573016081419295,VN,yahoo
6418594868132.0,3527394763967.0,1016565558779.0,2481447488907.0,1966284821398.0,1143534836414.0,1323836227593.0,2467371064007.0,1271571636726.0,3577535172372.0,456873526618.0,599991093354.0,113018336516.0,343855190102.0,223868297979.0,DPG,2024,2467371064007.0,4452310046734.0,2538331952806.0,0.38440984587722976,0.6936580572859482,0.4634628544913323,0.04515582971518586,4.042472581901083,0.0711796796657714,1.4215069147083612,5.906862010992059,VN,yahoo
8127916614037.0,4687777557118.0,796256459555.0,2479441966507.0,2226539246952.0,1064627454659.0,2723185043671.0,3787812498330.0,1153831282280.0,4483983693366.0,602399954971.0,748270827091.0,116270914765.0,486129040206.0,327129191404.0,DPG,2025,3787812498330.0,5901377367085.0,2467371064007.0,0.46602501947281383,0.7260627350547935,0.281066566818812,0.0371758601826099,5.181002972140846,0.07411492804080307,1.8906583095881326,6.389331210467091,VN,yahoo
,,,,,,,,,,,,,,,DPM,2021,,,,,,,,,,,,VN,yahoo
17698795735776.0,13578923480222.0,2083841053069.0,2995517551891.0,13831023003987.0,,,707152179119.0,6401099929390.0,18627179544265.0,6670369645855.0,7185171205494.0,64787709845.0,6605581936010.0,5564877377993.0,DPM,2022,707152179119.0,3867772731789.0,,0.0399548189422615,0.2185331018861786,,0.0916177758593847,102.9573303611655,0.37688268430442673,4.533080926750018,14.639159936082565,VN,yahoo
13309260029583.0,9565106752268.0,1241561362115.0,1484492945240.0,11370403526941.0,,,0.0,2838340934833.0,13569185518411.0,741604828076.0,1144903901834.0,50638299383.0,690966528693.0,519466561842.0,DPM,2023,0.0,1938856502642.0,707152179119.0,0.0,0.14567725766364392,,0.14321754461985065,14.645136924265813,0.05572096618652026,6.4433494163366305,14.46024144667415,VN,yahoo
16552286447507.0,13219573591341.0,1004912303570.0,5198718914842.0,11002431639788.0,3422025863029.0,,3422025863029.0,2470369047680.0,13495896461688.0,717169760777.0,1111008735160.0,47838183679.0,669331577098.0,537763664155.0,DPM,2024,3422025863029.0,5549854807719.0,0.0,0.20674037232749823,0.3352923371233032,1.0,0.027958984293973813,14.991575884011313,0.04332753441957353,2.5428521541335862,9.288123925906694,VN,yahoo
17776328981155.0,14509456783696.0,1168353223865.0,6028505903383.0,11352256977563.0,4164180521176.0,0.0,4164180521176.0,2656086182393.0,12383890195281.0,1494592610830.0,1884709526625.0,142016103915.0,1352576506915.0,1073241128259.0,DPM,2025,4164180521176.0,6424072003592.0,3422025863029.0,0.23425424482133073,0.3613835010818191,1.0,0.03744061174256667,10.524106559947237,0.08407768625425666,2.4068080907997067,9.287328140153875,VN,yahoo
,,,,,28984522200.0,24889515600.0,53874037800.0,,,,,4985930163.0,,,DPR,2021,53874037800.0,,,,,0.5380053803949331,0.09254792041965713,,,,,VN,yahoo
4198949704824.0,1875308422803.0,311048755901.0,356177136571.0,2285097330096.0,5000000000.0,0.0,5000000000.0,410224459577.0,1210731831577.0,357585740613.0,486194763118.0,956705419.0,356629035194.0,252292001241.0,DPR,2022,5000000000.0,1913852374728.0,53874037800.0,0.0011907739676556988,0.4557931171524284,1.0,0.032500078294273205,373.7678636614893,0.08516075822536871,5.265100508294917,7.767780884061549,VN,yahoo
4258257438099.0,2006038664631.0,319773928740.0,239216576860.0,2350057635730.0,,,0.0,373371656355.0,1041122401105.0,152075605207.0,282447928203.0,0.0,303963728310.0,208841302416.0,DPR,2023,0.0,1908199802369.0,5000000000.0,0.0,0.44811752931989746,,0.0,inf,0.03571310739608327,8.385868115674198,7.790823526765099,VN,yahoo
4488156217220.0,2200223977759.0,325585437397.0,255622730709.0,2480591581802.0,,,,401434240446.0,1224455210843.0,219438065056.0,355990176824.0,,377687553662.0,261993113128.0,DPR,2024,,2007564635418.0,0.0,,0.4473027537935169,,,,0.04889269767707009,8.607309575546813,8.009823779005702,VN,yahoo
4752318413852.0,2540602037710.0,286178224380.0,303416233049.0,2577571214331.0,,,,398412386551.0,1188005116810.0,269175488020.0,408076523325.0,,425127270985.0,288935107540.0,DPR,2025,,2174747199521.0,,,0.4576181581566743,,,,0.05664087811023154,8.373322719683582,8.23658343771313,VN,yahoo
,,,,,,,,,,,,,,,DRC,2021,,,,,,,,,,,,VN,yahoo
3417798778419.0,2457425816063.0,155305504390.0,1506929882468.0,1909762920951.0,685374254165.0,18000000.0,686992002922.0,318473704098.0,4898587722919.0,405234224532.0,408992951693.0,18773589085.0,386460635447.0,307184677256.0,DRC,2022,685392254165.0,1508035857468.0,,0.2005361633612754,0.4412301470145603,0.9999737376664376,0.027391014373034456,21.585335797925822,0.11856585211826093,1.6307499404274266,7.504590555864821,VN,yahoo
3384337031687.0,2291883109458.0,320742090585.0,1508140150790.0,1851377596883.0,563439044587.0,24022274880.0,589723312748.0,198970492179.0,4495174520942.0,328168546811.0,332414621240.0,21101389030.0,307067157781.0,246334432758.0,DRC,2023,587461319467.0,1532959434804.0,685392254165.0,0.1735823926419546,0.4529570844898569,0.9591083292057505,0.03315603533215315,15.551987897310473,0.09696686344723088,1.5196751497249488,6.880539537266884,VN,yahoo
4200077502846.0,2794028277059.0,220742923592.0,2138999850756.0,1915455791676.0,825551017572.0,132755443000.0,959103469705.0,189244071425.0,4673261002948.0,321039850936.0,325114522283.0,20518629626.0,300521221310.0,240817046518.0,DRC,2024,958306460572.0,2284621711170.0,587461319467.0,0.22816399457453945,0.5439475127832583,0.8614686966414062,0.02654813988357593,15.646261801480017,0.07643664925670093,1.306231169708352,5.813947462629038,VN,yahoo
4168085242678.0,2812833674492.0,208355557908.0,2080782308900.0,1941722819041.0,866297609291.0,120054610502.0,987515224833.0,146121244365.0,5003597408556.0,189918833588.0,193445383706.0,39888433714.0,150030399874.0,118489965190.0,DRC,2025,986352219793.0,2226362423637.0,958306460572.0,0.23664396536172266,0.534145127561393,0.8782842395516733,0.04102358333289952,4.761250716177971,0.0455650070788804,1.3518154505931939,5.738390502697649,VN,yahoo
,,,,,,,,,,,,,,,DXG,2021,,,,,,,,,,,,VN,yahoo
30320666425409.0,27370930591236.0,918978826275.0,12254999101487.0,9245152087200.0,2022884403190.0,3748480104516.0,5771364507706.0,2308311063143.0,5511715152194.0,1300528248957.0,1386189328313.0,532710548692.0,767817700265.0,214869190226.0,DXG,2022,5771364507706.0,21075514338209.0,,0.19034424991627305,0.6950874378060347,0.35050366347317324,0.09230235726416483,2.4413412727611163,0.042892469140030025,2.2334502323965784,7.5174158802630044,VN,yahoo
28786440854317.0,26229757136504.0,276068570931.0,11617574716082.0,9403158687183.0,2590756019445.0,2698543683373.0,5289299702818.0,1736225362990.0,3724825944342.0,1022569111729.0,1104394220119.0,569416033922.0,453153077807.0,171983289231.0,DXG,2023,5289299702818.0,19383282167134.0,5771364507706.0,0.18374274644045765,0.6733476453455745,0.48981078120128324,0.10296235797127122,1.7958207194936031,0.035522596103632204,2.2577653062299325,7.524606446226364,VN,yahoo
29183374176075.0,26133343597946.0,1249079279225.0,10466308212838.0,10467117951674.0,3230367385594.0,3325421884628.0,6555789270222.0,1487270873697.0,4795471317826.0,1144231464678.0,1202529385741.0,413985815718.0,730245648960.0,255935001805.0,DXG,2024,6555789270222.0,18716256224401.0,5289299702818.0,0.22464123684493417,0.6413328394269395,0.4927503390426412,0.06989999258937639,2.7639388144095998,0.039208333408412364,2.4969017791670587,7.788557347824239,VN,yahoo
38014588960817.0,33913372104043.0,3385608203909.0,14290960009735.0,14229202722920.0,2145043168404.0,2650742499363.0,4795785667767.0,510378659427.0,4191885173894.0,1012668747827.0,1079702946491.0,288260271286.0,724408476541.0,230881012655.0,DXG,2025,4795785667767.0,23785386237897.0,6555789270222.0,0.12615645200610187,0.625691001484021,0.4472766960419165,0.0507877141032321,3.5130361298462516,0.026638950348004394,2.373064656324083,7.487074671274833,VN,yahoo
16602259161541.0,15672588529439.0,492524780081.0,7349628744151.0,6045988467708.0,1375404881092.0,942178933673.0,2317583814765.0,679563765370.0,4096289769073.0,954453946033.0,1010222684537.0,293502913757.0,660951032276.0,344529067642.0,DXS,2022,2317583814765.0,10556270693833.0,,0.13959448483575443,0.6358333881624084,0.5934650010625244,0.12664176884871833,3.2519402748526764,0.05748940169805233,2.1324326812985754,7.659768824227907,VN,yahoo
15457119931404.0,14568551618148.0,206528873542.0,6754419467135.0,5866210534508.0,1606355163135.0,547674848160.0,2154030011295.0,89978362170.0,1997404377548.0,79707579989.0,134788075993.0,159244711328.0,-79537131339.0,-168120092464.0,DXS,2023,2154030011295.0,9590909396896.0,2317583814765.0,0.13935519817755243,0.6204848923640873,0.7457440958165952,0.07122471551543291,0.500535178369751,0.005156690272361755,2.1568917490295423,7.262171689270352,VN,yahoo
15068518802220.0,14276268088427.0,410815776976.0,6313080101657.0,6012271945573.0,1834434542987.0,377960774216.0,2212395317203.0,186039773235.0,2437886746721.0,439190232638.0,487868575356.0,97857939660.0,341332292978.0,140670849757.0,DXS,2024,2212395317203.0,9056246856647.0,2154030011295.0,0.14682234838350897,0.6010044501064544,0.8291621884764097,0.04482290766376715,4.488038826118077,0.029146211276804154,2.2613792092832616,7.649918372911916,VN,yahoo
16842602199479.0,16165157847255.0,789589840406.0,6882482807782.0,6344706505161.0,1967264418363.0,1026254758458.0,2993519176821.0,518474332823.0,3966298512855.0,758581794808.0,802141066729.0,96217032272.0,662364762536.0,351512195294.0,DXS,2025,2993519176821.0,10497895694318.0,2212395317203.0,0.1777349569482559,0.6232941661854803,0.6571744833290688,0.03696450734350322,7.884069762862079,0.04503946515054934,2.348739299279776,7.903112513695673,VN,yahoo
,,,,,,,,,,,,,,,FCN,2021,,,,,,,,,,,,VN,yahoo
7580974010059.0,5235382974606.0,174638758149.0,3152094491474.0,2646684802689.0,1588240768504.0,828826817824.0,2708009476261.0,207271473900.0,3045529728963.0,290704764171.0,445028195578.0,212398541759.0,78306222412.0,39609034957.0,FCN,2022,2417067586328.0,4934289207370.0,,0.3188333825074265,0.6508780007453947,0.6570940661683563,0.08787447358130149,1.368675894681287,0.03834662456107504,1.6609219643532327,5.962746415182,VN,yahoo
8581450628041.0,6136596079496.0,701731891550.0,4319113180277.0,2500744511260.0,2066715367800.0,819468447573.0,2945636920870.0,51175948576.0,2879566997423.0,241879969853.0,410947531228.0,260054678396.0,-18174708543.0,-32096317037.0,FCN,2023,2886183815373.0,6080706116781.0,2417067586328.0,0.3363281967668754,0.7085872051645331,0.7160719829387946,0.09807367544845727,0.9301119723932659,0.028186373182947172,1.420800016891995,5.280031216205925,VN,yahoo
9706061959679.0,6369718313734.0,472986710028.0,4808696076470.0,2507310165518.0,2380916619819.0,1395354188743.0,3891583723142.0,56538789870.0,3374697356483.0,273791767471.0,441825229395.0,214733028163.0,59058739308.0,9269008883.0,FCN,2024,3776270808562.0,7198751794161.0,2886183815373.0,0.3890631261421382,0.7416758541276691,0.6304941410506655,0.06446063509132725,1.2750333277243664,0.02820832677644012,1.3246248489070505,4.879304878636754,VN,yahoo
10176319108886.0,8187832233745.0,761240030475.0,5495403696441.0,2533781189526.0,2725230412044.0,1166889086466.0,4085478311386.0,82800878168.0,4862723628797.0,415182977973.0,547594324400.0,270803989514.0,144378988459.0,31587010141.0,FCN,2025,3892119498510.0,7642537919360.0,3776270808562.0,0.382468302817999,0.7510120150110571,0.700191865405799,0.07062864008480557,1.533149414519744,0.04079893461776967,1.4899419016382187,5.63443832025002,VN,yahoo
,,,,,,,,,,,,,,,FIT,2021,,,,,,,,,,,,VN,yahoo
6997712255913.0,4691054841743.0,129067828987.0,953671059756.0,3848759125996.0,703569002629.0,146654686995.0,868123689624.0,293405349182.0,1917209544428.0,174937001411.0,324794720449.0,59162043989.0,115774957422.0,48289456878.0,FIT,2022,850223689624.0,3148953129917.0,,0.12150023586716775,0.4499975155817767,0.8275104672043941,0.06958409264644651,2.956912736881201,0.024999170445052225,4.918944319169361,8.34163594270942,VN,yahoo
7721553529302.0,5632480189826.0,43305574290.0,1687293011175.0,3710215499870.0,1388515152095.0,220819293280.0,1609334445375.0,154861723056.0,1745767634549.0,52812844511.0,199396307674.0,68807184388.0,-15994339877.0,-135504717357.0,FIT,2023,1609334445375.0,4011338029432.0,850223689624.0,0.20842106957723544,0.5194988306704921,0.8627884378448473,0.05595085020263445,0.7675484032770651,0.0068396656593241395,3.338175499170499,7.684235680752948,VN,yahoo
7747808012890.0,5351692520963.0,101436456286.0,1366296163491.0,3834401310483.0,990095796598.0,403148637153.0,1393244433751.0,278532985676.0,1953658075141.0,277972038559.0,419740292265.0,50280915507.0,227691123052.0,119263581349.0,FIT,2024,1393244433751.0,3913406702407.0,1609334445375.0,0.17982433630687084,0.5050985641224305,0.7106404106940429,0.03349181988626785,5.528380614316805,0.03587750730226393,3.9169344567937467,8.01149531687409,VN,yahoo
8026704801207.0,4031824933474.0,253130302165.0,1430714824448.0,3872879102406.0,1148694393385.0,516512102908.0,1665206496293.0,317010777599.0,2073187800366.0,196595810977.0,353879287240.0,92748702881.0,103847108096.0,39983790608.0,FIT,2025,1665206496293.0,4153825698801.0,1393244433751.0,0.20745829546921893,0.5175007430416996,0.6898209897344062,0.06065077060410166,2.1196610288905027,0.02449271722904738,2.818049316731979,6.648139867208392,VN,yahoo
,,,,,,,,,,,,,,,FMC,2021,,,,,,,,,,,,VN,yahoo
2988806966543.0,1876998079284.0,585329354328.0,862554103579.0,1923942793271.0,515492089200.0,,515492089200.0,676372777269.0,5701563661676.0,345668630554.0,435098578863.0,17254552400.0,328414078154.0,309023014004.0,FMC,2022,515492089200.0,1064864173272.0,,0.17247419956205579,0.3562840240912828,1.0,0.033472002309051146,20.033474212521444,0.11565438465027977,2.176093153456418,8.888586844339128,VN,yahoo
3356184076994.0,2127050626036.0,451603648884.0,1111721604907.0,2028737268497.0,824121975749.0,,824121975749.0,781167252495.0,5087392999915.0,332811130213.0,487089908623.0,28215238714.0,304595891499.0,276067089402.0,FMC,2023,824121975749.0,1327446808497.0,515492089200.0,0.24555327027447588,0.39552264656649616,1.0,0.042124428896727316,11.795439109571094,0.0991635507999566,1.9132943145545296,8.264437166617853,VN,yahoo
3774888902983.0,2641239437985.0,1077460582378.0,1297239673765.0,2167700845925.0,901581043308.0,,901581043308.0,920130829923.0,6912623489158.0,445002469362.0,628808635726.0,23192064018.0,421810405344.0,305700512414.0,FMC,2024,901581043308.0,1607188057058.0,824121975749.0,0.23883644432437492,0.42575771058797646,1.0,0.026878395369179065,19.187704424091848,0.11788491815225324,2.0360458374814328,8.588606574338563,VN,yahoo
4835153987644.0,3806037069517.0,1159214053467.0,2209285229850.0,2332591244547.0,1527740583521.0,,1527740583521.0,1047717313762.0,8185250731730.0,462479351867.0,643192939361.0,51097396540.0,411381955327.0,348660609966.0,FMC,2025,1527740583521.0,2502562743097.0,901581043308.0,0.31596523863046894,0.5175766375780745,1.0,0.042067214135575424,9.050937683389847,0.09564935326751607,1.722745899032427,7.7442115299410865,VN,yahoo
,,,,,,,,,,,,,,,FPT,2021,,,,,,,,,,,,VN,yahoo
51650403735130.0,30937711076141.0,6440177174322.0,24521161696202.0,21046468414614.0,10891065218693.0,1457600204909.0,12382175179004.0,7711681484541.0,44009527680911.0,8308008516188.0,10141073015316.0,645725556308.0,7662282959880.0,5310108591408.0,FPT,2022,12348665423602.0,30603935320516.0,,0.2390816824380999,0.5925207376394765,0.8819629364867972,0.05229112087479712,12.866160298331483,0.16085079525791415,1.2616739557217975,6.354693957646083,VN,yahoo
60282827532899.0,36705751751876.0,8279156683221.0,29651673556227.0,24974156360546.0,13836430160156.0,204684140714.0,14045969471069.0,8674126708670.0,52617900827385.0,10035654709831.0,12322168868519.0,832648611261.0,9203006098570.0,6465190432622.0,FPT,2023,14041114300870.0,35308671172353.0,12348665423602.0,0.23292063221830703,0.5857169050851754,0.9854225144580357,0.06310386975218751,12.052688942376976,0.16647617771999995,1.237898147039583,6.3481053283072955,VN,yahoo
71999995678620.0,45535942846453.0,9315440438884.0,34836184067740.0,29794230483796.0,14445322290030.0,499673187459.0,14947353988398.0,11030528671431.0,62848794351367.0,11621305779605.0,14156604255270.0,551639361786.0,11069666417819.0,7856767812178.0,FPT,2024,14944995477489.0,42205765194824.0,14041114300870.0,0.20756939408993372,0.5861912184441529,0.9665658522137637,0.038062324748238785,21.066853790091407,0.1614070344042518,1.3071449719609645,6.550184473485778,VN,yahoo
88141991634625.0,58137438254908.0,10522105729992.0,41524928721230.0,36482943944772.0,19169163350577.0,1902831660038.0,21073487486139.0,14302416791936.0,70112825100710.0,13853392434953.0,16767570795685.0,809759601156.0,13043632833797.0,9376127629501.0,FPT,2025,21071995010615.0,51659047689853.0,14944995477489.0,0.23906874146847898,0.5860889541048182,0.9096985520792193,0.044965422717561834,17.108031093643245,0.15717131163066372,1.4000611210004246,6.813106229712591,VN,yahoo
,,,,,,,,,,,,,,,FRT,2021,,,,,,,,,,,,VN,yahoo
10523796935046.0,9326797408285.0,745556075005.0,8474374694877.0,2008230966594.0,5363331144812.0,,5363331144812.0,823505616594.0,30165800756670.0,717151318778.0,832437453955.0,231527904809.0,485623413969.0,390360854577.0,FRT,2022,5363331144812.0,8515565968452.0,,0.5096384107290414,0.8091723948125362,1.0,0.043168676063002204,3.097472502805298,0.06814568194391574,1.1005882727752543,4.742018821480564,VN,yahoo
13098449902604.0,11415308018413.0,960822549973.0,11378723422861.0,1599256142322.0,8108271528775.0,,8108271528775.0,236832252322.0,31849649616720.0,-9264309684.0,223807678821.0,284917373606.0,-294181683290.0,-345643489328.0,FRT,2023,8108271528775.0,11499193760282.0,5363331144812.0,0.6190252731480126,0.8779049311778439,1.0,0.042298957371214814,-0.03251577665043065,-0.000707282903922718,1.0032151757444512,3.468542584583355,VN,yahoo
15832550399101.0,14026158730456.0,2097787236988.0,13712183502929.0,1911810280157.0,8800349446066.0,,8800349446066.0,549386390157.0,40104492531184.0,780385919438.0,1098828869448.0,253428831252.0,526957088186.0,317516265617.0,FRT,2024,8800349446066.0,13920740118944.0,8108271528775.0,0.5558390293559842,0.8792481165722008,1.0,0.029976286254105134,3.0793099411093205,0.04928996906792172,1.0228975368846205,3.9686434391430394,VN,yahoo
23714236170376.0,21787052185671.0,2869851759629.0,18574474295299.0,4171460700502.0,10051507915817.0,,10051507915817.0,2468442850502.0,51082868444768.0,1607713425042.0,2010270443266.0,388595922369.0,1219117502673.0,794864943551.0,FRT,2025,10051507915817.0,19542775469874.0,8800349446066.0,0.423859653062468,0.8240946632001153,1.0,0.041226274409938084,4.1372369921971535,0.0677952860674622,1.1729565983563297,5.157733096270295,VN,yahoo
,,,,,,,,,,,,,,,GAS,2021,,,,,,,,,,,,VN,yahoo
82662652366363.0,55651707958020.0,10549337638537.0,12487956920689.0,59857674659929.0,44996858992.0,6037962890208.0,6082959749200.0,19241492510616.0,100723549227433.0,19143135883485.0,22166090714770.0,336861023097.0,18806274860388.0,14798317219715.0,GAS,2022,6082959749200.0,22804977706434.0,,0.07358776394253799,0.27588006256273695,0.007397198213898713,0.05537781556770982,56.827993062209174,0.23158143775307535,4.456430167998171,11.746482265343076,VN,yahoo
87754455330448.0,62217752152939.0,5668895193049.0,14971948871764.0,64048730810175.0,1604782571952.0,4270501721940.0,5875284293892.0,16879761088028.0,89953906513325.0,14979518265768.0,18006439496445.0,339976056558.0,14639542209210.0,11606030646959.0,GAS,2023,5875284293892.0,23705724520273.0,6082959749200.0,0.06695140744442024,0.2701369911192175,0.2731412629037112,0.056860531585219865,44.0605094882983,0.1706980940097133,4.155621468242997,11.392890709969006,VN,yahoo
81854881408158.0,57290495430038.0,5567983431468.0,14575489059608.0,60247781884449.0,933829846483.0,2290752009267.0,3224581855750.0,9553019715422.0,103564126562888.0,13490704449750.0,16218414253785.0,318596953375.0,13172107496375.0,10398370049725.0,GAS,2024,3224581855750.0,21607099523709.0,5875284293892.0,0.03939388586578081,0.2639683688009784,0.28959719066142364,0.07002233838077586,42.34411003256192,0.16481246100010183,3.930605360529755,11.089011949716802,VN,yahoo
93568198109790.0,69902465635326.0,6876468282085.0,20573719389418.0,66294978679123.0,1439827466686.0,1531862874096.0,2971690340782.0,12484110062726.0,135129055328395.0,14575491508566.0,17363859010312.0,216056324707.0,14359435183859.0,11414339911686.0,GAS,2025,2971690340782.0,27273219430667.0,3224581855750.0,0.03175961919556377,0.29147958367933363,0.48451463698169495,0.06973751889980716,67.46153591352731,0.15577398948586757,3.397658163417939,10.742472838755457,VN,yahoo
,,,,,,,,,,,,,,,GEE,2021,,,,,,,,,,,,VN,yahoo
17419623160026.0,7767527023963.0,709642327664.0,6165114622354.0,5289074244862.0,4402052983198.0,5159829973072.0,9561882956270.0,919904234036.0,16664672537614.0,2041827497160.0,2674766798727.0,921473402537.0,1120354094623.0,880462911763.0,GEE,2022,9561882956270.0,12130548915164.0,,0.5489144551767519,0.69637263698108,0.46037511683945553,0.0963694501126228,2.2158290098644646,0.11721421746054307,1.2599160761421753,5.2710960182589455,VN,yahoo
13722932430964.0,6563191996211.0,1125181472381.0,6458680884042.0,5434362934898.0,5140864447629.0,1235643872006.0,6376508319635.0,1055499015330.0,16607268526513.0,1722751245367.0,2304926623389.0,755661051421.0,967090193946.0,745377314586.0,GEE,2023,6376508319635.0,8288569496066.0,9561882956270.0,0.46466076778511595,0.6039940470277277,0.8062193586102417,0.09482275072056702,2.2797936219253505,0.12553812780421753,1.0161814949593229,5.082746419261042,VN,yahoo
12903267306413.0,6860778186670.0,691648524113.0,5380609149671.0,6397464938422.0,2971092931895.0,453424828476.0,3432430138239.0,2045153834099.0,21129621819327.0,2644670114764.0,3043701492295.0,491750453386.0,2152919661378.0,1588234634885.0,GEE,2024,3424517760371.0,6505802367991.0,6376508319635.0,0.26539927283913545,0.5041980618937948,0.8675945460925635,0.1003467288775338,5.378073566691892,0.20496127468812364,1.2750932089333242,6.929076685086076,VN,yahoo
16345960484828.0,12222866782819.0,1212884835166.0,6772070366591.0,8026313984168.0,4466889240113.0,1047942820263.0,5522744438244.0,3669249495706.0,25463150540154.0,4624009729751.0,4978012994274.0,361825524198.0,4262184205553.0,3257379502829.0,GEE,2025,5514832060376.0,8319646500660.0,3424517760371.0,0.33738195228691265,0.508972630172582,0.8099773830299464,0.0809511947632372,12.779667050853565,0.28288394151221125,1.804893647165672,9.083272564105119,VN,yahoo
,,,,,,,,,,,,,,,GEG,2021,,,,,,,,,,,,VN,yahoo
17118154447225.0,2118417280510.0,333840180277.0,2070603380359.0,4277689719241.0,658891948948.0,9254285221674.0,9927084699477.0,292430636129.0,2093232835402.0,998591856482.0,1650307184848.0,591825481199.0,406766375283.0,315693407917.0,GEG,2022,9913177170622.0,12840464727984.0,,0.5791031504701145,0.7501080077043907,0.06646627389053897,0.059700888122215016,1.6873079787962453,0.058335252176900436,1.0230917715118915,4.065825307847203,VN,yahoo
16132370906968.0,1458483967428.0,229105088949.0,1679163688421.0,4350056386995.0,1410416772923.0,8676280005748.0,10096508616146.0,178508233688.0,2163456147696.0,1036747185650.0,1733905654550.0,841733441926.0,195013743724.0,137243674272.0,GEG,2023,10086696778671.0,11782314519973.0,9913177170622.0,0.6252457767577292,0.7303523200600295,0.13982940142559072,0.08417387470142085,1.2316811166225998,0.06426502289271079,0.8685776005551216,4.01585959519604,VN,yahoo
15173556340436.0,1381711542204.0,163717707072.0,785159808730.0,4425039585052.0,584122187471.0,8563906278429.0,9193026012864.0,83075403683.0,2325314422750.0,967255619419.0,1771553359518.0,785725023247.0,181530596172.0,114823028545.0,GEG,2024,9148028465900.0,10748516755384.0,10086696778671.0,0.6028928394012302,0.7083716245703247,0.06385224856354149,0.08169859597747785,1.2310357832589152,0.06374613819710552,1.759783838705302,4.386403255297224,VN,yahoo
15110888031702.0,1776350024277.0,86364663248.0,884097465558.0,4964645938100.0,606058120923.0,7704677822661.0,8342908599037.0,705958927902.0,2998867342581.0,1643638266218.0,2443355584867.0,664973670829.0,978664595389.0,708521811800.0,GEG,2025,8310735943584.0,10146242093602.0,9148028465900.0,0.5499832919248975,0.6714524038769671,0.07292472351872581,0.07617648709066388,2.4717343532848934,0.10877178513729417,2.009224201492143,5.03437148194852,VN,yahoo
,,,,,,,,,,,,,,,GEX,2021,,,,,,,,,,,,VN,yahoo
52384834524135.0,19800289125653.0,3156250619707.0,17276008893499.0,12077056091103.0,8502056078519.0,9489578570496.0,18147928468006.0,2546226493501.0,32088752521984.0,3723035430639.0,7323990683576.0,1642482718709.0,2080552711930.0,368916322614.0,GEX,2022,17991634649015.0,40307778433032.0,,0.3434512070611926,0.7694551066007701,0.4725560653258634,0.09129146688174451,2.266712086666778,0.07107086362797814,1.1461147796181033,4.516762616309636,VN,yahoo
55076875644451.0,20299049443139.0,3312661845659.0,18590964345781.0,12352352099391.0,11633979368694.0,9979188699099.0,21765835479406.0,2616328460133.0,29997835848957.0,3016219983356.0,7213387279956.0,1619236996453.0,1396982986903.0,330357294753.0,GEX,2023,21613168067793.0,42724523545060.0,17991634649015.0,0.3924181939316401,0.7757252575630531,0.538282001611344,0.08176972919326307,1.862741519594194,0.054763817810349676,1.0918771649274681,4.279888946401638,VN,yahoo
53782318218822.0,22828907651783.0,4074201905889.0,16997351937504.0,13996013694652.0,8239063820719.0,8306581259300.0,16545645080019.0,3952152891868.0,33752305412973.0,4977637066913.0,7912555185180.0,1364803768556.0,3612833298357.0,1631297943916.0,GEX,2024,16545645080019.0,39786304524170.0,21613168067793.0,0.30764097993508543,0.7397655185165695,0.4979596613412633,0.07153282064980876,3.6471448728336067,0.09255155284792084,1.3430861310467954,5.1921670876750055,VN,yahoo
73592590903667.0,39414126385838.0,8659541542782.0,21795269254235.0,17816324388146.0,12168371064316.0,16668389829851.0,28836760894167.0,7263827855875.0,39512528150953.0,5977416555054.0,9215494798438.0,1356426037069.0,4620990517985.0,1477891529178.0,GEX,2025,28836760894167.0,55776266515521.0,16545645080019.0,0.391843262209839,0.7579060042679073,0.4219742678095783,0.05977761680773601,4.406739764425456,0.08122307533483177,1.8083798794171588,6.023522227337484,VN,yahoo
,,,,,,,,,,,,,,,GMD,2021,,,,,,,,,,,,VN,yahoo
13030653009572.0,2618727023263.0,1364349572162.0,3210578779512.0,6926052454122.0,177453697152.0,1462501308856.0,2048364237314.0,1227386551336.0,3898243608570.0,1439234947464.0,1832419973316.0,130756997659.0,1308477949805.0,993915564733.0,GMD,2022,1639955006008.0,6104600555450.0,,0.12585363180213063,0.46848001792125915,0.10820644255598214,0.07973206409930136,11.006943974175423,0.11044994801156727,0.8156557440590323,5.192626343308029,VN,yahoo
13546025168428.0,3380201263412.0,1471676297950.0,1915337161256.0,8580485386677.0,63358586830.0,1518367922844.0,1975473680643.0,2963514009028.0,3845826296568.0,3282480351605.0,3678898229484.0,134993138662.0,3147487212943.0,2250577339920.0,GMD,2023,1581726509674.0,4965539781751.0,1639955006008.0,0.11676683676629825,0.36656803158200874,0.040056600456837795,0.08380290727367147,24.31590512036153,0.24232055608870007,1.7648074353631826,8.115400211031998,VN,yahoo
17997853312717.0,6673567765409.0,3964316764607.0,2100758451703.0,12381889185812.0,62722074885.0,1745343469594.0,2294547849604.0,3617139919490.0,4832024798961.0,2257702397911.0,2663246592024.0,159112088295.0,2098590309616.0,1455479595602.0,GMD,2024,1808065544479.0,5615964126905.0,1581726509674.0,0.10046006671259229,0.31203522049692717,0.034690155496035165,0.09387719703930747,14.189383233567597,0.12544287136264984,3.176742076176825,8.729896940714651,VN,yahoo
19826401375577.0,6206216188548.0,1622294838770.0,2342521762972.0,13139827411904.0,307522460143.0,2081640014993.0,2528232306166.0,4212636741407.0,5956025297015.0,2633407895103.0,3048626931659.0,112580748513.0,2520827146590.0,1755629825296.0,GMD,2025,2389162475136.0,6686573963673.0,1808065544479.0,0.12050409097835936,0.3372560575672499,0.12871559106732358,0.053645285882431865,23.391280746360586,0.13282329179247543,2.649373972378408,8.17699417355927,VN,yahoo
,,,,,,,,,,,,,,,GVR,2021,,,,,,,,,,,,VN,yahoo
78447873682328.0,23450140039254.0,4370292544522.0,10390753370425.0,49070127614972.0,2817045890836.0,4595715762064.0,7412761652900.0,5020241316983.0,25421401285123.0,6259028651087.0,8717794201779.0,490848598668.0,5768180052419.0,3881881209633.0,GVR,2022,7412761652900.0,29377746067356.0,,0.09449283077980834,0.3744874741451908,0.38002650331188287,0.06621669785861407,12.751444474063742,0.07978582920466046,2.256827700867165,6.840672651452619,VN,yahoo
78062093620098.0,23842248926140.0,5564089010514.0,9652535590089.0,49858986849347.0,3002624606830.0,3577280067014.0,6579904673844.0,5187395112271.0,22138403152486.0,4591470260970.0,7079896237520.0,477578421406.0,4113891839564.0,2623175190293.0,GVR,2023,6579904673844.0,28203106770751.0,7412761652900.0,0.08429065079737916,0.36129067852069213,0.4563325390967796,0.06826124632061162,9.614065575769994,0.05881817983662012,2.470050351393749,6.910581368328244,VN,yahoo
83383682512004.0,27670285917606.0,5778855663194.0,11594062718132.0,52982087679667.0,4074441247912.0,2963853299554.0,7038787161267.0,6240538555066.0,26241944114845.0,5959296641613.0,8663025070176.0,352905202449.0,5606391439164.0,3988716618482.0,GVR,2024,7038294547466.0,30401594832337.0,6579904673844.0,0.08440853576420974,0.3645988509557653,0.5788960976887395,0.05182846817173414,16.886394987260655,0.07146837920902682,2.3865910156180483,7.068883526700387,VN,yahoo
86282461490860.0,32904606406685.0,8237433366831.0,10940794561573.0,56356745908915.0,1446438303307.0,1526123400920.0,2972916618455.0,7154047020674.0,29078055684320.0,7348382376283.0,10450745356490.0,240727726843.0,7107654649440.0,5318551565051.0,GVR,2025,2972561704227.0,29925715581945.0,7038294547466.0,0.0344515171781682,0.34683428201819516,0.4865965612253419,0.04809333403469638,30.525700020735606,0.08516658251644134,3.0075152422891467,7.739896815338482,VN,yahoo
,,,,,,,,,,,,,,,HAG,2021,,,,,,,,,,,,VN,yahoo
19798387553000.0,8038560913000.0,72372525000.0,9218063487000.0,4994329930000.0,4000485189000.0,4165134234000.0,8165619423000.0,-3341007157000.0,5110781887000.0,1821394800000.0,2158964017000.0,793176972000.0,1028217828000.0,1128745396000.0,HAG,2022,8165619423000.0,14804057623000.0,,0.412438609009989,0.7477405714667292,0.4899181533897946,0.09713616700845354,2.296328391137407,0.09199712830775497,0.872044429324725,3.281504710847543,VN,yahoo
20903255290000.0,8768525586000.0,41812548000.0,9710404280000.0,6358964507000.0,4528569090000.0,3340420808000.0,7868989898000.0,-1669170708000.0,6442397199000.0,2947010757000.0,3526025517000.0,1154134054000.0,1792876703000.0,1663970953000.0,HAG,2023,7868989898000.0,14544290783000.0,8165619423000.0,0.3764480598275275,0.6957907072951411,0.5754956034637929,0.14395536940067116,2.553438872015122,0.14098334044697017,0.9030031431399889,4.100577690327058,VN,yahoo
22280815839000.0,8435357672000.0,149708825000.0,11122837652000.0,8744246269000.0,5748318254000.0,1217151938000.0,6965470192000.0,-422660071000.0,5783050002000.0,1738916817000.0,2226639308000.0,716094685000.0,1022822132000.0,1013433083000.0,HAG,2024,6965470192000.0,13536569570000.0,7868989898000.0,0.31262186458216434,0.6075437123943098,0.8252591850299027,0.0965447587112016,2.428333645570907,0.07804547327015857,0.7583818029100907,3.599637339507818,VN,yahoo
26381628496000.0,8291578593000.0,679528813000.0,10119380225000.0,13211503162000.0,6471737916000.0,1429800331000.0,7901538247000.0,1392652658000.0,7432274242000.0,2943697310000.0,3618223588000.0,742062782000.0,2201634528000.0,2122808772000.0,HAG,2025,7901538247000.0,13170125334000.0,6965470192000.0,0.2995091166641982,0.499215783286345,0.8190478503925668,0.09982677887682875,3.966911400766088,0.11158133435342421,0.8193761286403288,4.770719418390305,VN,yahoo
,,,,,,,,,,,,,,,HAH,2021,,,,,,,,,,,,VN,yahoo
5049419497076.0,1744506986111.0,415481021778.0,910335413837.0,2311006224831.0,224056747522.0,750161178533.0,1322130156219.0,1025370124082.0,3205610066164.0,1329583472624.0,1607649729060.0,57167219413.0,1272416253211.0,821937122836.0,HAH,2022,974217926055.0,2738413272245.0,,0.1929366190745583,0.5423223944516297,0.22998627055580453,0.05868011446319105,23.257795048916595,0.26331412420654104,1.9163343088653721,7.651308542420018,VN,yahoo
5358949358065.0,1600183520090.0,245416444931.0,937258799894.0,2660928408850.0,300998535283.0,820711684841.0,1386799756011.0,750545194154.0,2612689733658.0,523419884535.0,887763732975.0,73375911674.0,450043972861.0,384900627280.0,HAH,2023,1121710220124.0,2698020949215.0,974217926055.0,0.2093153238023927,0.5034608034044189,0.2683389434124314,0.07001758319603522,7.133402128759764,0.09767210875901905,1.7073016761976243,6.209998686427428,VN,yahoo
7363840282301.0,1752839556274.0,921889788422.0,1210096529973.0,3276927139517.0,427939750174.0,1797936851289.0,2330258309936.0,1053223624821.0,3992094957163.0,1078481571152.0,1535653876125.0,101192550766.0,977289020386.0,650499312067.0,HAH,2024,2225876601463.0,4086913142784.0,1121710220124.0,0.3022711677781629,0.5549975265768462,0.19225672703182575,0.06045701346023782,10.657717025494355,0.14645640451275566,1.4485121747379193,6.025850393120651,VN,yahoo
8713614967858.0,1563782077526.0,533594787447.0,1513929796195.0,4509319245803.0,623644855015.0,1489156595643.0,2200201545471.0,1319269620157.0,5091077366754.0,1854894763477.0,2443260504247.0,131358274612.0,1723536488865.0,1206512800982.0,HAH,2025,2112801450658.0,4204295722055.0,2225876601463.0,0.24247128871903478,0.48249730307839267,0.29517437846361533,0.060552211080877216,14.12088251734352,0.2128731611758345,1.032929057513958,6.337791235330416,VN,yahoo
,,,,,,,,,,,,,,,HDC,2021,,,,,,,,,,,,VN,yahoo
4421840766471.0,2270925614282.0,11542397498.0,1588033476517.0,1841251453657.0,721810481389.0,968464537350.0,1690275018739.0,502888021205.0,1298030923383.0,623873824041.0,640102017549.0,83546237092.0,540327586949.0,419367318934.0,HDC,2022,1690275018739.0,2580589312814.0,,0.38225596714283794,0.5836006878360586,0.4270373006680854,0.04942759974902085,7.467407818188131,0.14108916557366305,1.430023767044743,6.33114979880762,VN,yahoo
4698875086826.0,2093843614134.0,12914620700.0,2061099495958.0,1886335092030.0,1009004663683.0,695723218158.0,1704727881841.0,235034789761.0,665457382553.0,247730617075.0,263930245959.0,83905071672.0,163825545403.0,131643451216.0,HDC,2023,1704727881841.0,2812539994796.0,1690275018739.0,0.36279489246702046,0.5985560251817242,0.5918860566727739,0.04942857142046372,2.9525106425440346,0.05272126040752815,1.0158867236832643,4.517285152126693,VN,yahoo
4877377354862.0,2320586228667.0,10294540974.0,2142023996761.0,2250455412563.0,1175639730958.0,422081759115.0,1597721490073.0,66944857623.0,546228347393.0,150042933317.0,166094323929.0,60308553245.0,89734380072.0,66057103130.0,HDC,2024,1597721490073.0,2626921942299.0,1704727881841.0,0.32757799403819265,0.5385931313434996,0.7358226939191291,0.036523529328201014,2.4879212855174835,0.030763035623526263,1.0833614526149136,4.641160114929621,VN,yahoo
6082166783535.0,3151564590498.0,498805059012.0,1916536483797.0,2889382672085.0,976773421891.0,1223780427648.0,2200553849539.0,705745297932.0,456497816007.0,896368174841.0,912749251108.0,82995864328.0,813372310513.0,639091078736.0,HDC,2025,2200553849539.0,3192784111450.0,1597721490073.0,0.36180425954383677,0.5249418875018633,0.44387617330774565,0.04370186829924666,10.80015470769181,0.14737645427079596,1.6444062594906566,6.900921463631928,VN,yahoo
,,,,,,,,,,,,,,,HDG,2021,,,,,,,,,,,,VN,yahoo
15104924433426.0,3856213993344.0,694458293386.0,3286819852605.0,5303236838082.0,958856356487.0,5160178968082.0,6119035324569.0,2340643775792.0,3581190677660.0,2115289969385.0,2643722987118.0,510868474337.0,1604421495048.0,1095618039141.0,HDG,2022,6119035324569.0,9801687595344.0,,0.40510201501094967,0.6489067614038269,0.1567005754382596,0.08348840090623003,4.140576441187141,0.14003975847135197,1.1732355791534244,5.511624875042756,VN,yahoo
14438351768092.0,3353883065245.0,245549342427.0,2328692228742.0,5916985167244.0,625124875681.0,4800919759838.0,5426044635519.0,2394212376883.0,2889383967575.0,1449946635688.0,1969802713614.0,486557619793.0,963389015895.0,665078031091.0,HDG,2023,5426044635519.0,8521366600848.0,6119035324569.0,0.3758077599626208,0.5901897070882961,0.11520820739087173,0.08428830661633482,2.980010129745501,0.10042327953889488,1.4402431647469471,5.66030757892274,VN,yahoo
13849363319491.0,3227665143710.0,332316767582.0,2139900369213.0,6098621240748.0,630955887983.0,4253054173685.0,4884010061668.0,2283896955873.0,2717613176856.0,915601850005.0,1440705862776.0,342746802894.0,572855047111.0,348309879490.0,HDG,2024,4884010061668.0,7750742078743.0,5426044635519.0,0.35265231686098186,0.5596460934658951,0.129188081108808,0.06648787285047386,2.67136510763651,0.06611147594896447,1.5083249622958155,5.573300405522791,VN,yahoo
14685890149474.0,3621267664514.0,265730670677.0,2185537567213.0,6861589442905.0,681143776613.0,4018328041468.0,4699471818081.0,2716972170049.0,2786540438389.0,1370242249084.0,1895438134524.0,299780784516.0,1070461464568.0,770390274176.0,HDG,2025,4699471818081.0,7824300706569.0,4884010061668.0,0.3199991127707924,0.5327767419565808,0.1449404960770976,0.06256197659213428,4.570814141060689,0.09330331598136579,1.6569230924416662,6.042245686714747,VN,yahoo
,,,,,109244927200.0,,,,,,,,,,HHS,2021,109244927200.0,,,,,1.0,,,,,,VN,yahoo
4492591095510.0,1231562458402.0,237757092560.0,315146608222.0,4088309349575.0,138303975600.0,,138303975600.0,852278552896.0,385295202184.0,237336448084.0,250308540207.0,9248499066.0,228087949018.0,221996674167.0,HHS,2022,138303975600.0,404281745935.0,109244927200.0,0.030784901777111254,0.08998854721923137,1.0,0.0747205821669269,25.66215840973736,0.052828410829821475,3.907903262390327,16.179738880019755,VN,yahoo
4673591233738.0,1036383290648.0,94879567912.0,171644230752.0,4436463839063.0,0.0,,0.0,943307442384.0,366575255679.0,362586492153.0,378682749880.0,1799147419.0,360787344734.0,348147604458.0,HHS,2023,0.0,237127394675.0,138303975600.0,0.0,0.05073772668931989,,0.02601729142195389,201.53239713649057,0.07758198653222792,6.037973348171645,25.287777173899745,VN,yahoo
5476784639289.0,1555096250134.0,72978921652.0,628822782860.0,4787042286729.0,,0.0,0.0,1085633340050.0,571225175340.0,381772407300.0,400436022611.0,0.0,381772407300.0,367192744446.0,HHS,2024,0.0,689742352560.0,0.0,0.0,0.12593928700646204,,,inf,0.06970739812576636,2.473027842695426,12.761471218994028,VN,yahoo
23428210948656.0,20296778941896.0,791036370676.0,4394771594015.0,8996704728025.0,,390000000000.0,390000000000.0,4495349781346.0,892760410909.0,3553784466075.0,3584732439522.0,961327196.0,3552823138879.0,3553215479345.0,HHS,2025,390000000000.0,14431506220631.0,0.0,0.016646597593589323,0.6159884018569881,,0.004929883056410256,3696.7480800106273,0.15168825625922874,4.618392220778226,10.002074297893031,VN,yahoo
,,,,,,,,,,,,,,,HHV,2021,,,,,,,,,,,,VN,yahoo
35653232484507.0,1183826382647.0,382261109037.0,3857252850108.0,7177984663341.0,872603704822.0,19780099074104.0,20652702778926.0,820521267159.0,2094582751424.0,1001531196300.0,1285249598307.0,647600236079.0,353930960221.0,264050336161.0,HHV,2022,20652702778926.0,28475247821166.0,,0.579265927371398,0.7986722615835697,0.042251307935947446,0.03135668212587704,1.546526916611291,0.028090894612016238,0.3069091990207108,3.28658232565647,VN,yahoo
36780154788883.0,1175974314357.0,296127587276.0,3143895667433.0,7496155880670.0,1004158155482.0,19279986194751.0,20284144350233.0,921898501789.0,2685542239251.0,1087156177493.0,1398049628498.0,662435560342.0,424720617151.0,322122856962.0,HHV,2023,20284144350233.0,29283998908213.0,20652702778926.0,0.5514969816376083,0.7961902030130729,0.04950458536203749,0.03236378015395095,1.6411500870088054,0.029558227357476995,0.37405004451600854,3.4481312400961155,VN,yahoo
38906360732239.0,1282949495901.0,308933876437.0,3678947981964.0,9463991118621.0,1077208950801.0,17912050154563.0,18992754192112.0,1116710675697.0,3308251591277.0,1375139612447.0,1724076846144.0,796572521099.0,578567091348.0,426416159039.0,HHV,2024,18989259105364.0,29442369613618.0,20284144350233.0,0.48807595333965326,0.7567495149763815,0.056727276447384664,0.040565494762867436,1.7263206751718896,0.0353448532981785,0.34872727263082953,3.514611700353649,VN,yahoo
40752075682457.0,1862409737591.0,586763423469.0,3561610617415.0,10615092164921.0,970099220883.0,17479169217555.0,18458989268376.0,1446743571997.0,3801371595413.0,1678661279023.0,2109286534554.0,905259434662.0,773401844361.0,580772601633.0,HHV,2025,18449268438438.0,30136983517536.0,18989259105364.0,0.4527197235840446,0.7395202087953867,0.05258198850106455,0.04835977769707275,1.854342760481439,0.04119204361768576,0.5229122264192733,3.738857483605183,VN,yahoo
3481462627130.0,465699762533.0,92664874209.0,163622258490.0,3226914344677.0,88591084002.0,90435371811.0,179026455813.0,739054558475.0,748752815653.0,282538902155.0,567047944232.0,33327955977.0,249210946178.0,236522121928.0,HNA,2023,179026455813.0,254548282453.0,,0.051422771112893825,0.07311532815816581,0.49484911936444065,0.18616218382724578,8.47753466639188,0.0811552305497289,2.8461883293308894,18.36747302517061,VN,yahoo
4012139112367.0,624846648003.0,416932431896.0,365447555147.0,3244846917882.0,97851723064.0,401383648747.0,499235371811.0,733334919487.0,788945850435.0,296254002156.0,588608705846.0,9892403392.0,286361598764.0,271598025205.0,HNA,2024,499235371811.0,767292194485.0,179026455813.0,0.12443122180688079,0.1912426695574692,0.19600318524915059,0.02916986623485447,29.947626518706365,0.07383941430216813,1.7098120898678817,9.206594422295332,VN,yahoo
3969431149991.0,881300843451.0,322092548755.0,175118446941.0,3466832513494.0,74343648747.0,327040000000.0,401383648747.0,928345241879.0,1153630423745.0,529287323384.0,856638171646.0,27980608103.0,501306715281.0,475813407612.0,HNA,2025,401383648747.0,502598636497.0,499235371811.0,0.1011186826474897,0.12661729540217356,0.1852184287503457,0.062136391669063235,18.916219455832746,0.13334084995659895,5.032598557409107,13.31824251474755,VN,yahoo
,,,,,,,,,,,,,,,HPG,2021,,,,,,,,,,,,VN,yahoo
170335521637132.0,80514710854456.0,8324588920227.0,62385392809685.0,96007377469468.0,46748670400471.0,11151651204402.0,57900321604873.0,33833829973987.0,141409274460632.0,13006579259102.0,19778720156052.0,3083638131818.0,9922941127284.0,8483510554031.0,HPG,2022,57900321604873.0,74328144167664.0,,0.33991924319942385,0.4363631464140887,0.8073991491704693,0.05325770300312935,4.217933072268048,0.07635858412909367,1.2906019699206979,6.465118202414038,VN,yahoo
187782586563801.0,82716439173043.0,12252001160884.0,71513492904733.0,102770649392888.0,54981883180636.0,10399119292481.0,65381002473117.0,40593031662654.0,118953027893654.0,11377806427054.0,18151839907755.0,3585077683881.0,7792728743173.0,6835064334356.0,HPG,2023,65381002473117.0,85011937170913.0,57900321604873.0,0.34817393704875377,0.45271469909181034,0.8409458573726083,0.058160921140220964,3.17365687170746,0.0605903168938845,1.1566550005218463,6.022587778310349,VN,yahoo
224489707553981.0,86674276272995.0,6887646139852.0,75225243262689.0,114356467351331.0,55882686213459.0,27080443256096.0,82963129469555.0,49599124109203.0,138855112131387.0,15980863072058.0,22908830295224.0,2287360810880.0,13693502261178.0,12021443836074.0,HPG,2024,82963129469555.0,110133240202650.0,65381002473117.0,0.3695631767421035,0.4905937176481343,0.6735845980106896,0.030838574885644374,6.986594767228611,0.07118750897840262,1.1521966897511464,5.873475351019662,VN,yahoo
257899200817547.0,103659402759724.0,8300890304205.0,94186268324508.0,129180998100172.0,64694957245143.0,27479194057074.0,92174151302217.0,51037901749343.0,156116094618482.0,21155447846854.0,29626131107010.0,3114855868974.0,18040591977880.0,15453174006223.0,HPG,2025,92174151302217.0,128718202717375.0,82963129469555.0,0.3574037880304499,0.49910275917620156,0.7018774388605294,0.0355704491385028,6.791790290387458,0.08202990850607793,1.1005787213331077,5.741127182221003,VN,yahoo
,,,,,,,,,,,,,,,HQC,2021,,,,,,,,,,,,VN,yahoo
7236859769013.0,3523512375551.0,32447898686.0,2670346048745.0,4359387509124.0,571654472892.0,207126211144.0,778780684036.0,49184753069.0,275926899008.0,42744969162.0,43413947658.0,16203150006.0,26541819156.0,18808226534.0,HQC,2022,778780684036.0,2877472259889.0,,0.10761306822202167,0.3976133781408679,0.7340378165639951,0.020805793387206034,2.6380653851980393,0.00590656314013803,1.3194965413591127,5.675974775781867,VN,yahoo
7299435440051.0,3584596693355.0,28130342211.0,2618605907947.0,4364489136353.0,564020330280.0,316340395751.0,880360726031.0,54154722713.0,292557169619.0,10724959933.0,11391157429.0,4570261501.0,6154698432.0,5158051909.0,HQC,2023,880360726031.0,2934946303698.0,778780684036.0,0.1206066870871385,0.40207853440203783,0.6406695728270587,0.005509188636085506,2.3466840859441667,0.0014692862237199356,1.3688950607177623,5.713625340123777,VN,yahoo
10101966534123.0,6675961961080.0,42062167302.0,3206261743364.0,5373575305462.0,614124963655.0,1130090435846.0,1744215399501.0,63204785459.0,-66581102478.0,129572675687.0,130222812558.0,87736265769.0,41836409918.0,33747822434.0,HQC,2024,1744215399501.0,4728391228661.0,880360726031.0,0.17266097582181544,0.4680664118901176,0.35209238711611773,0.06685747455788954,1.476842837466444,0.012826480393626528,2.0821637456446713,6.8030109056494705,VN,yahoo
8972958377638.0,5423397783677.0,35673109903.0,2496564247243.0,5443727964738.0,720827680025.0,510932445742.0,1231760125767.0,133160880769.0,69470850358.0,171753046722.0,172161513924.0,80878332954.0,90874713768.0,70236900976.0,HQC,2025,1231760125767.0,3529230412900.0,1744215399501.0,0.13727469513697252,0.3933184869881251,0.5852013431398834,0.05435416539369324,2.123597760350544,0.019141183932161677,2.172344569007649,7.186365873556437,VN,yahoo
,,,,,,1399362118340.0,,,,,,,,,HSG,2021,1399362118340.0,,,,,,,,,,,VN,yahoo
17025411187931.0,9834993231398.0,330134957719.0,6009187395647.0,10867525049509.0,4070493519978.0,116525575061.0,4187019095039.0,4542183640565.0,49710635951467.0,641371385799.0,1801307484888.0,260241924339.0,381129461460.0,251341330129.0,HSG,2022,4187019095039.0,6157886138422.0,1399362118340.0,0.2459276342181445,0.3616879539912206,0.9721698008974773,0.09317012727872506,2.464519840252671,0.03767141825353718,1.6366594322757149,7.700044821844983,VN,yahoo
17365305645644.0,11274839904924.0,596862912861.0,6568894350227.0,10764067345899.0,2936344523958.0,0.0,2936344523958.0,4369041219887.0,31650660956650.0,341512062670.0,1472213013686.0,195489503107.0,146022559563.0,30008235685.0,HSG,2023,2936344523958.0,6601238299745.0,4187019095039.0,0.16909259093257406,0.380139482393786,1.0,0.054886852212810595,1.7469585693461782,0.019666343319195572,1.7163984232041085,7.692245023278658,VN,yahoo
19565620935157.0,14174354519923.0,602071799277.0,8632413967195.0,10900798861013.0,5364084453144.0,0.0,5364084453144.0,4532690018176.0,39271893738448.0,684225672459.0,1673978531019.0,133022415113.0,551203257346.0,514634808368.0,HSG,2024,5364084453144.0,8664822074144.0,2936344523958.0,0.2741586618140702,0.4428595495568652,1.0,0.032051937431176784,5.143687038592431,0.03497081307700954,1.6419919820560676,7.419302792860611,VN,yahoo
18953042840245.0,11715671714140.0,427830965127.0,7598266235772.0,11322622586977.0,4403865722131.0,,4403865722131.0,4913032543029.0,36537815078167.0,1010388273157.0,1913448893007.0,185092843322.0,825295429835.0,735018776205.0,HSG,2025,4403865722131.0,7630420253268.0,5364084453144.0,0.23235665952169993,0.4025960537094087,1.0,0.03789799087847805,5.458818693488113,0.053310082274047085,1.541887497832545,7.436488946992501,VN,yahoo
,,,,,,,,,,,,,,,HT1,2021,,,,,,,,,,,,VN,yahoo
9385057537636.0,2372965174466.0,675607103925.0,4255382913679.0,5103318631632.0,1845022377695.0,,1845022377695.0,313196850998.0,8917959358754.0,400704456815.0,972576477237.0,76281316272.0,324423140543.0,257706300456.0,HT1,2022,1845022377695.0,4281738906004.0,,0.19659148282214392,0.456229371938675,1.0,0.041344385409188805,5.252982989782041,0.04269600428213607,0.5576384599463572,3.581404472129457,VN,yahoo
8623749977278.0,1968851936864.0,607069497529.0,3771124636797.0,4823370862889.0,1578035584184.0,,1578035584184.0,18249082255.0,7049026118206.0,148421949546.0,697074701703.0,123733708971.0,24688240575.0,17727945657.0,HT1,2023,1578035584184.0,3800379114389.0,1845022377695.0,0.1829871678030827,0.4406875343559707,1.0,0.07229425288672561,1.1995272006336308,0.01721083634579674,0.5220861484271286,3.334225275880451,VN,yahoo
8223355674148.0,1903995283234.0,848514761917.0,3327002972589.0,4865568043358.0,1511389960951.0,0.0,1511389960951.0,60446262724.0,6884245697137.0,134667395600.0,693402472109.0,53892973542.0,80774422058.0,60146180469.0,HT1,2024,1511389960951.0,3357787630790.0,1578035584184.0,0.18379236176083202,0.4083232884290745,1.0,0.03488866959546359,2.4987931960193417,0.01637620953491745,0.5722854169115313,3.770329888647078,VN,yahoo
7600347667748.0,1657313551722.0,518180034470.0,2460075502855.0,5078855669138.0,589338686137.0,28431860606.0,617770546743.0,273733888504.0,7363988059804.0,392757946444.0,975044779579.0,42394816479.0,350363129965.0,273733616880.0,HT1,2025,617770546743.0,2521491998610.0,1511389960951.0,0.08128187995458461,0.3317600863589341,0.9539766653559352,0.03982303478371009,9.264291700343842,0.051676313191653646,0.6736840189655285,5.136735951123148,VN,yahoo
,,,,,,,,,,,,,,,HVN,2021,,,,,,,,,,,,VN,yahoo
60636187661808.0,12329950221266.0,2490276442806.0,51800108824797.0,-11562896228947.0,10472117286212.0,4995434680489.0,28268155929569.0,-35072236866340.0,70410221317599.0,-9780925369681.0,-6244432970579.0,1164558952418.0,-10945484322099.0,-11298155189349.0,HVN,2022,15467551966701.0,72199083890755.0,,0.25508780421634775,1.1906929949725376,0.6770377955578673,0.07529045028748549,-8.398823734404036,-0.16130508441977073,0.238029426983821,-4.157856363298717,VN,yahoo
57716930720193.0,14884282536124.0,2551042006378.0,61171298216881.0,-17515195384526.0,13597891770193.0,3616859610476.0,27368060042646.0,-41057410026425.0,91539865185199.0,-3807673557828.0,2178405556902.0,1554935763903.0,-5362609321731.0,-5930301562765.0,HVN,2023,17214751380669.0,75232126104719.0,15467551966701.0,0.2982617260804238,1.30346720045524,0.7898976563473645,0.09515460078661367,-2.448765824428957,-0.06597151841436774,0.2433213446501041,-5.0177092839893325,VN,yahoo
58186613862766.0,17337695278340.0,4626738463941.0,57159224873616.0,-10016715152505.0,11366122802267.0,2604253679449.0,20482799942857.0,-33614194469572.0,106695893879475.0,9697376220364.0,14791889482612.0,1281733876235.0,8415642344129.0,7564092019695.0,HVN,2024,13970376481716.0,68203329015271.0,17214751380669.0,0.24009605567812112,1.1721481022444367,0.8135874374711829,0.08220161109430671,7.565826573024142,0.16665991671616098,0.30332278502158044,-2.1570516343729436,VN,yahoo
73174881280887.0,32050584150286.0,9895757265015.0,56433407840658.0,5930910977376.0,7454484352742.0,1981030836615.0,13103846798735.0,-26685826774100.0,121206881775022.0,9006346286526.0,13852086704256.0,838122182585.0,8168224103941.0,7204392412008.0,HVN,2025,9435515189357.0,67243970303511.0,13970376481716.0,0.12894472835750975,0.9189488131233207,0.790045291978381,0.07161634295871094,10.745863161320875,0.1230797526265126,0.5679363585623274,0.7949532547568235,VN,yahoo
,,,,,3620353836123.0,182811543097.0,,,,,,,,,IDI,2021,3803165379220.0,,,,,0.9519317397829034,,,,,,VN,yahoo
8084108337857.0,5449762497936.0,640790543399.0,4524450645218.0,3194645982842.0,3867339183100.0,113075522000.0,4074728198568.0,621485064349.0,7930524208467.0,851033600773.0,969815744729.0,233160673966.0,617872926807.0,547355662089.0,IDI,2022,3980414705100.0,4889462355015.0,3803165379220.0,0.49237523035906766,0.6048239522122903,0.9715920248573298,0.059910907690331736,3.6499877371991967,0.10527241412484568,1.2045136360799922,5.644954742782008,VN,yahoo
8277448262143.0,5537285855129.0,1112379542714.0,4530157213272.0,3247511537742.0,4090462799775.0,274817522000.0,4416197235571.0,657853134910.0,7221239488941.0,469305443723.0,618052840772.0,362135007028.0,107170436695.0,57765947119.0,IDI,2023,4365280321775.0,5029936724401.0,3980414705100.0,0.5273702937824036,0.6076675522582812,0.9370447023461131,0.08678366651593294,1.2959405597777893,0.05669687430960742,1.2223164880252755,5.366175465391342,VN,yahoo
9377380009091.0,7223258907795.0,1711692314347.0,4734278435590.0,3305973066284.0,4252720530591.0,1145304706521.0,5419696851225.0,201971424074.0,7136773393630.0,417246703716.0,558233766126.0,309079691970.0,108167011746.0,60461528542.0,IDI,2024,5398025237112.0,6071406942807.0,4365280321775.0,0.5756432214412583,0.6474523733623901,0.7878289455471775,0.06331455880506817,1.3499647972876165,0.04449501921768082,1.5257359713983143,5.9321423817495145,VN,yahoo
9644924297859.0,7317223824477.0,589727811834.0,4915322269255.0,3436860999035.0,,,5507949478978.0,328823599673.0,6945093701268.0,466477014996.0,607123276853.0,293729828794.0,172747186202.0,128040880599.0,IDI,2025,5507949478978.0,6208063298824.0,5398025237112.0,0.5710723390748298,0.6436611742201106,,0.05386585544905935,1.5881159122015895,0.048365026058270824,1.4886559667197667,5.901103456028198,VN,yahoo
6523412492143.0,4408199227685.0,225958220282.0,2011065784286.0,3816239356890.0,605237118787.0,404305000000.0,1009542118787.0,958469074670.0,1968122538640.0,717221152563.0,772656296492.0,76716671276.0,640504481287.0,511049064027.0,IJC,2022,1009542118787.0,2707173135253.0,,0.15475675039757547,0.4149934008486514,0.5995164614966372,0.07599155087078265,9.34896080126687,0.10994569995793511,2.1919716710063106,8.358557776939028,VN,yahoo
6403754434823.0,3742769257029.0,284172959342.0,2317793109768.0,3823586837172.0,781193167208.0,210032500000.0,991225667208.0,466824126039.0,1494344009912.0,564433931959.0,623757031460.0,70041284363.0,494392647596.0,394852892967.0,IJC,2023,991225667208.0,2580167597651.0,1009542118787.0,0.1547882070270856,0.40291482503143733,0.7881082916349396,0.0700144063226886,8.058589117722802,0.08814109561879241,1.6147986812350277,7.09571135328598,VN,yahoo
7842669672677.0,4497720660501.0,79913898794.0,2059749835849.0,5180913698528.0,646866826138.0,546780960000.0,1193647786138.0,468822019739.0,1020258859871.0,469069380136.0,535321611509.0,54178234330.0,414891145806.0,354137893485.0,IJC,2024,1193647786138.0,2661755974149.0,991225667208.0,0.15219916634976197,0.33939412027287924,0.5419243713683012,0.049593933458278186,8.657893449958062,0.05980991163891375,2.1836247209346675,7.929788818462967,VN,yahoo
10332808829278.0,6016656347470.0,923215618792.0,952508952111.0,8064309392042.0,85866074487.0,1190393925504.0,1276259999991.0,780058503711.0,1606575757231.0,774794155611.0,839976400075.0,66999733696.0,707794421915.0,597354379397.0,IJC,2025,1276259999991.0,2268499437236.0,1193647786138.0,0.12351530170331991,0.21954334728502958,0.06727945284472248,0.05425282196547616,11.564137838614373,0.07498388564159068,6.316640210189703,10.947734671456653,VN,yahoo
,,,,,,,,,,,,,,,KBC,2021,,,,,,,,,,,,VN,yahoo
34906513197012.0,27674080297628.0,1683149405060.0,10684165020680.0,16068109344272.0,3951376578333.0,3687089342314.0,7638465920647.0,5646308490449.0,950266163499.0,2219460305283.0,2295616654608.0,522875219589.0,1696585085694.0,1526351079824.0,KBC,2022,7638465920647.0,18838403852740.0,,0.21882637998059495,0.5396816275064841,0.5172997587974193,0.06845290991947123,4.244722683602372,0.0635829850078806,2.5901958874711077,8.29311500539992,VN,yahoo
33434220275901.0,25029443704757.0,841304457657.0,6578776212862.0,18175964596864.0,337323250730.0,3322049863699.0,3659373114429.0,7754163743041.0,5618475347527.0,3270828309431.0,3403344803441.0,379668497960.0,2891159811471.0,2030699360319.0,KBC,2023,3659373114429.0,15258255679037.0,7638465920647.0,0.10944993136468129,0.45636642796287896,0.09218061131835012,0.06721081735741795,8.614958383446389,0.09782875994833878,3.8045744215805004,9.534395528269144,VN,yahoo
44729924910530.0,36075390688153.0,6566036174506.0,7092665737443.0,18557888713128.0,371484360597.0,9741096426831.0,10112580787428.0,4811255659305.0,2775773466955.0,991167983301.0,1156247670538.0,268641265779.0,722526717522.0,381924116264.0,KBC,2024,10112580787428.0,26172036197402.0,3659373114429.0,0.226080880029543,0.5851124554702922,0.036734871978360936,0.03901280351261946,3.6895596826006347,0.02215894583511063,5.086295057964858,8.744635809743484,VN,yahoo
69581173766629.0,55045529492865.0,8368534552023.0,11947551940878.0,24801125998273.0,2287009577181.0,26351225596560.0,28638235173741.0,6883868092749.0,6687125604053.0,3609974538871.0,3791725125346.0,680631369467.0,2929343169404.0,2103625414463.0,KBC,2025,28638235173741.0,44780047768356.0,10112580787428.0,0.41158022527461074,0.643565570171977,0.07985860732361075,0.03512862129917676,5.3038615332965895,0.05188148379012165,4.6072642969250674,8.565907539983826,VN,yahoo
,,,,,,,,,,,,,,,KDC,2021,,,,,,,,,,,,VN,yahoo
14004792678863.0,6980387823046.0,1100151822205.0,5427179815958.0,6853480395352.0,4168303495655.0,751915330417.0,4920218826072.0,1619449221639.0,12535183485036.0,743541857891.0,1010897590831.0,232943464615.0,510598393276.0,362600497164.0,KDC,2022,4920218826072.0,7151312283511.0,,0.35132393166361786,0.5106332130360097,0.8471784778285394,0.04734412692798213,3.1919412683240433,0.053091957513459284,1.2861906293432492,5.717559532003374,VN,yahoo
12500840822267.0,6964136145544.0,2185022243991.0,4214062392084.0,6794497047469.0,2826214499530.0,501058615167.0,3327273114697.0,1518215329376.0,8649616206146.0,563552700083.0,810332789432.0,240963936871.0,322588763212.0,143303681956.0,KDC,2023,3327273114697.0,5706343774798.0,4920218826072.0,0.26616394544999944,0.45647679671543623,0.8494086304626577,0.05843326397928736,2.3387429148150822,0.04508118358560148,1.652594455797792,6.642237557690191,VN,yahoo
13479535412641.0,6299254818797.0,1352673438979.0,4581960775253.0,6621866634107.0,3188120075305.0,872796180110.0,4060916255415.0,1345555006014.0,8323814244595.0,235538976344.0,545330875675.0,130737823797.0,104801152547.0,37310662846.0,KDC,2024,4060916255415.0,6857668778534.0,3327273114697.0,0.30126529817983977,0.5087466717957455,0.7850740755990286,0.03539103215894373,1.801613102492263,0.01747382006379192,1.3747945754618942,5.542484154929167,VN,yahoo
13907212327484.0,6674909250681.0,1541628761456.0,5066436251287.0,7110771832850.0,3269132809556.0,374764818262.0,3643897627818.0,1834460204757.0,9054523968593.0,934289760011.0,1308336184625.0,207636987836.0,726652772175.0,522443281291.0,KDC,2025,3643897627818.0,6796440494634.0,4060916255415.0,0.26201495612580683,0.48869898111806326,0.8971527587929486,0.05389798922667134,4.499630676346256,0.06718023267428071,1.3174762139729692,5.988743229606697,VN,yahoo
,,,,,,,,,,,,,,,KDH,2021,,,,,,,,,,,,VN,yahoo
21539250652000.0,20505858919000.0,2752826623000.0,3502562996000.0,11557465135000.0,1194723968000.0,5576290560000.0,6771014528000.0,2780172037000.0,2911963203000.0,1419935346000.0,1419935346000.0,9345992000.0,1410589354000.0,1102953667000.0,KDH,2022,6771014528000.0,9981785517000.0,,0.3143570144289716,0.4634230632379569,0.17644681798561931,0.0013802941880203864,151.9298696168368,0.06592315438179618,5.854529652262677,10.508063740778697,VN,yahoo
26480719916000.0,24736915318000.0,3729624705000.0,5345531698000.0,13450759506000.0,1444346120000.0,4901499893000.0,6345846013000.0,3766498965000.0,2087770677000.0,1216214565000.0,1216214565000.0,147186146000.0,1069028419000.0,715673834000.0,KDH,2023,6345846013000.0,13029960410000.0,6771014528000.0,0.23964023761928602,0.4920546137466273,0.22760497450476033,0.0224422826696881,8.263104905267374,0.04592830439874662,4.627587434801888,9.91001259395652,VN,yahoo
30757719910000.0,28843541265000.0,3095618574000.0,4182246202000.0,17394675915000.0,1100000000000.0,5998206256000.0,7098206256000.0,3617810462000.0,3278584206000.0,1267010444000.0,1280562736000.0,215961728000.0,1051048716000.0,810413554000.0,KDH,2024,7098206256000.0,13363043995000.0,6345846013000.0,0.23077803805906366,0.43446146314166106,0.15496872876442377,0.03212747521042831,5.866828607705899,0.04119324994529479,6.8966626716539725,10.536810027015798,VN,yahoo
34074020087000.0,31619143989000.0,2544284739000.0,3515423431000.0,18522858402000.0,1801814754000.0,8347586360000.0,10149401114000.0,3595429609000.0,4651105050000.0,2218839430000.0,2232101852000.0,179874386000.0,2038965044000.0,1045471436000.0,KDH,2025,10149401114000.0,15551161685000.0,7098206256000.0,0.29786333071606724,0.4563935116928899,0.1775291698260493,0.02085789433180957,12.335494115321122,0.06511821688003691,8.994405541640711,10.69281571617631,VN,yahoo
,,,,,,,,,,,,,,,KHG,2021,,,,,,,,,,,,VN,yahoo
7044644778643.0,2179412706458.0,195704895683.0,1903939905609.0,5139846873034.0,1007905006771.0,0.0,1007905006771.0,632440368034.0,1396204291948.0,686564811368.0,686862402522.0,132260197088.0,554304614280.0,442468589784.0,KHG,2022,1007905006771.0,1904797905609.0,,0.14307392898313764,0.270389489528799,1.0,0.13122287933832047,5.191016091645399,0.09745911013844648,1.1446856594777273,7.287403494533171,VN,yahoo
6390734409707.0,1860333161277.0,50142629742.0,984926397420.0,5165208012287.0,765000000000.0,240000000000.0,1005000000000.0,657801507287.0,330530348080.0,216176943238.0,216619728126.0,181968722507.0,34208220731.0,25361139253.0,KHG,2023,1005000000000.0,1225526397420.0,1007905006771.0,0.15725892136488848,0.19176612871887247,0.7611940298507462,0.18080209636807948,1.1879895635893365,0.03382661981847423,1.888804245830059,9.13688069108645,VN,yahoo
6592547442904.0,1665762405239.0,106983017179.0,780692330029.0,5220923112875.0,442557706504.0,590457000000.0,1033014706504.0,713516607875.0,309842135613.0,143240044757.0,143785064582.0,71756335287.0,71483709470.0,55715100588.0,KHG,2024,1033014706504.0,1371624330029.0,1005000000000.0,0.15669431512637846,0.20805680079031832,0.4284137522124293,0.07041787780824256,1.9962006725133106,0.021727571321641204,2.133698950490679,8.626240896066975,VN,yahoo
6994483773731.0,1959232813454.0,94700606775.0,908776058511.0,5289631715220.0,528261424523.0,795600000000.0,1323861424523.0,782225210220.0,601301820586.0,157483863396.0,157750065049.0,70087258627.0,87396604769.0,68708602345.0,KHG,2025,1323861424523.0,1704852058511.0,1033014706504.0,0.1892722132682603,0.24374237094006398,0.39903075558934553,0.059474706968549715,2.246968514407437,0.022515437663528228,2.1559027607572974,8.008916052237833,VN,yahoo
,,,,,,,,,,,,,,,KOS,2021,,,,,,,,,,,,VN,yahoo
4835564262546.0,3340282524366.0,45752508349.0,1291296906829.0,2278107278749.0,728280303672.0,1251882891332.0,1980163195004.0,113293928749.0,1343460401347.0,131051995432.0,182081614904.0,98669246872.0,32382748560.0,21719114209.0,KOS,2022,1980163195004.0,2557456983797.0,,0.4094999233784173,0.5288849128954516,0.3677880214668513,0.049828845986505006,1.3281949501652623,0.027101696579045997,2.586765682393396,7.22349703262546,VN,yahoo
4752984722245.0,3285339437874.0,3595662841.0,1268871793303.0,2289799291358.0,762101457573.0,1168327579129.0,1930429036702.0,124985941358.0,1315815469460.0,154371566575.0,225880239881.0,122845127013.0,31526439562.0,13710744756.0,KOS,2023,1930429036702.0,2463185430887.0,1980163195004.0,0.4061509029614956,0.5182397114299059,0.3947834616469486,0.06282686597544264,1.256635654409505,0.03247886866804085,2.5891815510548417,7.313172534191823,VN,yahoo
4851309115879.0,3325467396381.0,41750550309.0,1352501407554.0,2311234001003.0,901758211288.0,1162007299874.0,2063765511162.0,146420651003.0,1438926718406.0,126136162468.0,199196425515.0,94510171662.0,31625990806.0,21434709645.0,KOS,2024,2063765511162.0,2540075114876.0,1930429036702.0,0.4254038367514064,0.5235855011922422,0.4369479993782174,0.04732376980111887,1.3346305508692242,0.026000438119916754,2.458753371942962,7.146387275303049,VN,yahoo
4866349020903.0,3366126458536.0,1428534566.0,1494630226346.0,2330180387557.0,1042180986855.0,1016575621200.0,2058756608055.0,165367037557.0,1555287684320.0,129500841800.0,198957472534.0,99515378693.0,29985463107.0,18946386554.0,KOS,2025,2058756608055.0,2536168633346.0,2063765511162.0,0.42305979271354793,0.5211645573410574,0.506218648079821,0.0482788816240002,1.3013148671172088,0.02661149893765117,2.2521466508578136,7.027167543182686,VN,yahoo
,,,,,,,,,,,,,,,LGC,2021,,,,,,,,,,,,VN,yahoo
12750083282364.0,1244384275923.0,97843229219.0,2222581550638.0,3509873137507.0,853563479817.0,5518385381420.0,6371948861237.0,1471639564814.0,1340701557272.0,779782056605.0,1198378571245.0,293974293452.0,485807763153.0,291247556840.0,LGC,2022,6371948861237.0,9240210144857.0,,0.49975743060837274,0.7247176304830981,0.13395642344362693,0.046135695664533335,2.652551852233034,0.061158977501237166,0.5598823924214592,3.9328152575603466,VN,yahoo
22913703339215.0,1727961289823.0,705492714069.0,3101256166008.0,3503178754068.0,1017431310220.0,12119698308621.0,13137129618841.0,1464945181375.0,1597024196656.0,1309215769029.0,1714505420548.0,344029156218.0,965186612811.0,691595269613.0,LGC,2023,13137129618841.0,19410524585147.0,6371948861237.0,0.5733307019104955,0.8471142485260083,0.07744700248377097,0.03526862189511521,3.8055372498701616,0.05713680366928642,0.557181089638031,3.6387208722576805,VN,yahoo
23463511747161.0,1942794069640.0,305454143139.0,1761657191893.0,3930519481289.0,601167082745.0,12367349124255.0,12968516207000.0,1892285908596.0,2503558386331.0,1832286240318.0,2529921711604.0,1007557010065.0,824729230253.0,531809949326.0,LGC,2024,12968516207000.0,19532992265872.0,13137129618841.0,0.5527099415785083,0.8324837507853198,0.046355887840160835,0.07719073619451752,1.8185434888689769,0.07809087829914037,1.102821864878466,4.2996119465090015,VN,yahoo
23490436105486.0,1885125115696.0,383278319129.0,2180738025476.0,4391081748757.0,894068578419.0,11765816955667.0,12659885534086.0,2160611664246.0,2598235749147.0,1793511032361.0,2502027918828.0,1024001223755.0,769509808606.0,510380261108.0,LGC,2025,12659885534086.0,19099354356729.0,12968516207000.0,0.5389378671913795,0.8130693815543297,0.0706221692140717,0.07991143841899273,1.7514735244008957,0.07635069116244037,0.8644436395722154,4.221775161070985,VN,yahoo
27899960446330.0,10393757226426.0,5677335607288.0,14600189597321.0,10700203478410.0,9066645462131.0,1764400000000.0,10831045462131.0,923140125757.0,30897225625237.0,9331841399311.0,10011727496721.0,327528532894.0,9004312866417.0,7803275518996.0,MCH,2024,10831045462131.0,17199756967920.0,,0.38821006513490347,0.616479618349512,0.8370979047065272,0.03023978932035237,28.49168992043548,0.33447507630923984,0.711891935179606,5.269716412294508,VN,yahoo
33966203646418.0,17764791621979.0,8275458100956.0,12641720377113.0,18061664984226.0,7169251263510.0,2455412722483.0,9624663985993.0,4961668835373.0,30556536605941.0,8259330529955.0,8935331043303.0,494407157679.0,7764923372276.0,6667152294616.0,MCH,2025,9624663985993.0,15904538662192.0,10831045462131.0,0.2833600153312393,0.4682459902718406,0.7448832784130002,0.04833928238302605,16.705523780700346,0.2431631929176757,1.4052511123518427,7.542112485037855,VN,yahoo
,,,,,,,,,,,,,,,MSH,2021,,,,,,,,,,,,VN,yahoo
3294196006727.0,2341793865862.0,424037510710.0,1269232052172.0,1609304799818.0,376478196291.0,305913036728.0,682391233019.0,673327847678.0,5520957568825.0,472957140692.0,606614203197.0,33904594116.0,439052546576.0,374889816121.0,MSH,2022,682391233019.0,1684891206909.0,,0.20714955382906935,0.5114726638816645,0.5517043274800068,0.04968497904933662,13.949647622202493,0.14357285957671778,1.8450478475189436,8.0199229300103,VN,yahoo
3453089147362.0,2552594388012.0,455323804538.0,1335421447648.0,1646392777321.0,526785657492.0,307913036728.0,834698694220.0,710415825181.0,4541907565790.0,351165594898.0,485899901226.0,44582381746.0,306583213152.0,244549614845.0,MSH,2023,834698694220.0,1806696370041.0,682391233019.0,0.24172520853035928,0.5232116209398279,0.6311087595318031,0.058773551844928384,7.876779596449154,0.10169606978327629,1.9114522928381417,7.8732468244099785,VN,yahoo
4523188931186.0,3249615903700.0,886350410790.0,1860132583008.0,1796053912325.0,812671847439.0,607523265370.0,1420195112809.0,852426960185.0,5280403155194.0,597170958987.0,724130687804.0,53363361515.0,543807597472.0,412522765304.0,MSH,2024,1420195112809.0,2727135018861.0,834698694220.0,0.313980940087908,0.6029230837691171,0.5722254921942511,0.04733115266772623,11.190654824455542,0.13202432356289376,1.7469807977047969,7.458262720350027,VN,yahoo
4677754975723.0,3275000080003.0,739632646576.0,1816616190768.0,1918091658452.0,647806244649.0,647913036728.0,1295719281377.0,599395506312.0,5538068232450.0,887402028051.0,1012139808224.0,64309874651.0,823092153400.0,613919710840.0,MSH,2025,1295719281377.0,2759663317271.0,1420195112809.0,0.2769959709522263,0.58995465380152,0.4999587904260842,0.04735780685036991,13.798845556250841,0.18970682146810008,1.802802428298543,7.717567183680437,VN,yahoo
,,,,,,,,,,,,,,,MSN,2021,,,,,,,,,,,,VN,yahoo
141342815000000.0,47674624000000.0,13853100000000.0,65320877000000.0,26152636000000.0,17983361000000.0,,71929291000000.0,11381940000000.0,76189225000000.0,9994852000000.0,14401375000000.0,4847702000000.0,5147150000000.0,3566996000000.0,MSN,2022,17983361000000.0,115190179000000.0,,0.1272322261304899,0.814970177295535,1.0,0.26956596155746415,2.0617711237200638,0.07071354847432464,0.7298527850445119,3.4071068416359207,VN,yahoo
147383472000000.0,43763477000000.0,10124515000000.0,50422500000000.0,26559580000000.0,19567161000000.0,,70071726000000.0,11798056000000.0,78251619000000.0,9509034000000.0,13632697000000.0,6946060000000.0,2562974000000.0,418695000000.0,MSN,2023,19567161000000.0,120823892000000.0,17983361000000.0,0.13276360459197215,0.8197926834021118,1.0,0.36995810604177487,1.368982415930758,0.06451899843966222,0.8679354851504785,3.8789511147613287,VN,yahoo
147584718000000.0,53569663000000.0,18617866000000.0,58712175000000.0,30242032000000.0,26733158000000.0,38590220000000.0,65570601000000.0,9326870000000.0,83177720000000.0,12429509000000.0,16562464000000.0,6404706000000.0,6024803000000.0,1999059000000.0,MSN,2024,65323378000000.0,117342686000000.0,19567161000000.0,0.4426161386167367,0.7950869682862423,0.40924334929525535,0.15089328152339804,1.940683772213744,0.0842194853805934,0.9124114887585071,4.064006741548542,VN,yahoo
128963171000000.0,36234495000000.0,12101850000000.0,40257475000000.0,35348156000000.0,24317604000000.0,40324610000000.0,64877178000000.0,14355609000000.0,81621329000000.0,13306248000000.0,16734954000000.0,5418158000000.0,7888090000000.0,4108306000000.0,MSN,2025,64642214000000.0,93615015000000.0,65323378000000.0,0.5012455377667474,0.7259050337712307,0.376187672037347,0.08337834524694814,2.4558619368427426,0.1031786664116688,0.9000687449970471,4.498081728768428,VN,yahoo
,,,,,,0.0,,,,,,,,,MWG,2021,0.0,,,,,,,,,,,VN,yahoo
55834095614049.0,44577607228189.0,5061020547422.0,26000264096473.0,23918073420446.0,10688138631456.0,5901250000000.0,16589388631456.0,8723934226370.0,133404777590524.0,7418499282661.0,11053721702117.0,1362143909103.0,6056355373558.0,4099763027305.0,MWG,2022,16589388631456.0,31916022193603.0,0.0,0.2971193219664468,0.5716224440030561,0.6442756191261724,0.16421869899655836,5.446193484465408,0.1328668298657703,1.7145059397391298,7.621777906370675,VN,yahoo
60111237212724.0,51950337976047.0,5365704857172.0,30765260553972.0,23346156936866.0,19128541817781.0,5985250000000.0,25113791817781.0,8160323595574.0,118279788455442.0,2137410722693.0,5574197535673.0,1447718354797.0,689692367896.0,167669392704.0,MWG,2023,25113791817781.0,36765080275858.0,16589388631456.0,0.41778863623963236,0.6116174276325789,0.7616747784075227,0.06942963770157666,1.476399546645735,0.03555758992497605,1.6886038681489361,6.910212443830912,VN,yahoo
70437775721604.0,65836422620040.0,4897331540730.0,42316198897749.0,27757556172457.0,27300246721779.0,0.0,27300246721779.0,12582145266842.0,134341152848802.0,5962999142826.0,8932010750549.0,1137236129748.0,4825763013078.0,3721868441661.0,MWG,2024,27300246721779.0,42680219549147.0,25113791817781.0,0.3875796253090049,0.605927985543367,1.0,0.043394333328833655,5.2434133834169865,0.08465626692123224,1.5558208046787054,7.274577779855769,VN,yahoo
83945619612034.0,77201650782999.0,4999925717187.0,50769502237457.0,32599766386099.0,29930942961668.0,,29930942961668.0,18068194576159.0,155928145619367.0,10103743177030.0,11994625285662.0,1470675593604.0,8633067583426.0,7033730770169.0,MWG,2025,29930942961668.0,51345853225935.0,27300246721779.0,0.35655157588922315,0.6116561348077099,1.0,0.05139419962221628,6.870137249146853,0.12036057656999628,1.5206304450635473,7.492708315034143,VN,yahoo
,,,,,,,,,,,,,,,NBB,2021,,,,,,,,,,,,VN,yahoo
6387256322627.0,2806084422141.0,12148248353.0,1884476593967.0,1813274628261.0,971948604185.0,2158200685697.0,3130149289882.0,608545980580.0,466361957012.0,205130690930.0,215240710028.0,181480483484.0,23650207446.0,6003517612.0,NBB,2022,3130149289882.0,4573981694366.0,,0.49006163707465056,0.71611055879542,0.31051190028755477,0.057978219783517554,1.1303181862422418,0.03211561906531289,1.4890524144075088,5.139200328368465,VN,yahoo
6910132131013.0,2680822497187.0,15804716334.0,2244732416752.0,1814942231280.0,1101012692962.0,2539396000000.0,3640408692962.0,610213583599.0,293035706646.0,319816282257.0,329968408080.0,283846376951.0,35969905306.0,1907743723.0,NBB,2023,3640408692962.0,5095189899733.0,3130149289882.0,0.5268218644653224,0.7373505749427781,0.3024420568741601,0.08384726271312994,1.1267231440202932,0.046282223869736065,1.194272634537883,4.636908620980963,VN,yahoo
7753558810731.0,3389657485670.0,33130364876.0,2572141469918.0,1812542079667.0,1717574769845.0,2713930000000.0,4431504769845.0,607813431986.0,64726492360.0,281669595065.0,293951076206.0,266765116562.0,14904478503.0,764962577.0,NBB,2024,4431504769845.0,5941016731064.0,3640408692962.0,0.5715446129990985,0.7662309496952,0.3875827419915144,0.06609712004252154,1.0558711674715386,0.036327782111508146,1.3178347790403855,4.761693277471285,VN,yahoo
7783257323233.0,5265538926797.0,4104148855.0,2020221614596.0,1815997891912.0,1285649571493.0,3176140322910.0,4461789894403.0,611269244231.0,35744469159.0,268020465719.0,277592652249.0,243314033789.0,24706431930.0,9330345971.0,NBB,2025,4461789894403.0,5967259431321.0,4431504769845.0,0.5732548352326179,0.7666789344749978,0.28814659630337064,0.05471853637485972,1.1015413354719408,0.03443551389711345,2.6064164885444967,6.7922450317911665,VN,yahoo
,,,,,,46499351598.0,,,,,,,,,NKG,2021,46499351598.0,,,,,,,,,,,VN,yahoo
13460759829882.0,10414909064976.0,1005403528970.0,8108870806964.0,5319650135071.0,5077501273272.0,0.0,5114372665531.0,1628041945897.0,23071247285247.0,155553729466.0,533333180867.0,262466234780.0,-106912505314.0,-124684837727.0,NKG,2022,5077501273272.0,8141109694811.0,46499351598.0,0.3772076270167366,0.6048031313015684,1.0,0.10244582465743121,0.592661869807313,0.011556088321305679,1.2843846341751488,5.531877476256959,VN,yahoo
12235401246591.0,9322639041423.0,785479050340.0,6784014554254.0,5423073956647.0,4764582394622.0,,4767655010639.0,1731465767473.0,18595974253087.0,469990748643.0,845818239901.0,292679834464.0,177310914179.0,117408565158.0,NKG,2023,4764582394622.0,6812327289944.0,5077501273272.0,0.3894095746103543,0.5567718747141239,1.0,0.059475177074292715,1.6058186909382357,0.03841236908956686,1.3742068161656764,6.166415303118052,VN,yahoo
13519085552805.0,10202370500547.0,391783760846.0,7620886731385.0,5871406574473.0,6311656122900.0,0.0,6311656122900.0,2171579785738.0,20609022190077.0,766011245058.0,1136181638782.0,207841259563.0,558169985495.0,453008144440.0,NKG,2024,6311656122900.0,7647678978332.0,4764582394622.0,0.46687004814393157,0.5656949908675758,1.0,0.03752921341197313,3.6855590976911388,0.05666146885941295,1.338737978945509,6.213183950808713,VN,yahoo
16493912202087.0,9702800286228.0,838864110479.0,6568226612207.0,7620510404562.0,4600984725577.0,2266130618919.0,6867115344496.0,2318648372605.0,14808145017155.0,460484840677.0,822636126267.0,219641639289.0,240843201388.0,197122282688.0,NKG,2025,6867115344496.0,8873401797525.0,6311656122900.0,0.4163424213951553,0.5379804190058823,0.6700025403337216,0.03333264255054255,2.096527972417395,0.027918472890787797,1.477232875643392,6.044324308395181,VN,yahoo
,,,,,,,,,,,,,,,NLG,2021,,,,,,,,,,,,VN,yahoo
27084709103488.0,23720012081453.0,3773258514376.0,8850913820358.0,8990009612668.0,1804070814139.0,3375233283030.0,5179304097169.0,2493257204347.0,4338841417665.0,1217461136172.0,1253097978243.0,147629336674.0,1069831799498.0,556273710440.0,NLG,2022,5179304097169.0,18094699490820.0,,0.19122612974647024,0.6680780443933121,0.34832301411402017,0.028503701251041423,8.246742575701184,0.04495012782009957,2.679950631413286,7.975175145325132,VN,yahoo
28611223391988.0,25313340937922.0,2540097046548.0,9886451797916.0,9383215667765.0,2402078188940.0,3705383528606.0,6107461717546.0,2879491549444.0,3181421790727.0,1245803326880.0,1294543748880.0,277720648082.0,968082678798.0,483736401573.0,NLG,2023,6107461717546.0,19228007724223.0,5179304097169.0,0.2134638436766836,0.6720442345575275,0.393302209662505,0.04921173215447151,4.485814560364137,0.04354246967394139,2.5604070555684992,7.920182787998284,VN,yahoo
30318114011075.0,27549227406220.0,5443293611458.0,10226506290209.0,9675163218377.0,2958461281843.0,4002718777782.0,6961180059625.0,3171439100056.0,7196050482193.0,2054334139909.0,2104424449771.0,229542438143.0,1824791701766.0,517894708641.0,NLG,2024,6961180059625.0,20642950792698.0,6107461717546.0,0.22960465341221847,0.6808784604859416,0.4249942188684562,0.03512873672059433,8.949692076674703,0.06775929858824879,2.6939041178311323,8.286638583498236,VN,yahoo
26564516185390.0,19246030470379.0,6814304742347.0,6453837316303.0,12662225295291.0,1016903725515.0,4504698075854.0,5521601801369.0,3655935571970.0,5645086579147.0,1452775297948.0,1504425152122.0,264554488969.0,1188220808979.0,701371622402.0,NLG,2025,5521601801369.0,13902290890099.0,6961180059625.0,0.20785629080667317,0.5233406395613185,0.18416824720371427,0.04238710439948898,5.491402937858422,0.05468856604838149,2.9821065402069737,8.18148579014783,VN,yahoo
,,,,,,,,,,,,,,,NT2,2021,,,,,,,,,,,,VN,yahoo
7444781926018.0,4556819822223.0,384299106224.0,2830940225213.0,4613841700805.0,630506983034.0,,630506983034.0,1553643997451.0,8787691488678.0,958402832138.0,1647240923745.0,15366963526.0,943035868612.0,852038416165.0,NT2,2022,630506983034.0,2830940225213.0,,0.08469112853803094,0.3802583142589361,1.0,0.024372392280342655,62.36774301679305,0.1287348429627706,1.6096489009689863,8.027470944359987,VN,yahoo
8451154114321.0,4770230874635.0,1152868962.0,4115304743990.0,4335849370331.0,1200000000000.0,,1200000000000.0,1231480796169.0,6385884555364.0,547445113071.0,1234658516920.0,33843493151.0,513601619920.0,444926742026.0,NT2,2023,1200000000000.0,4115304743990.0,630506983034.0,0.14199244076812256,0.48695180425314494,1.0,0.03697718005413519,16.175786306350123,0.06477755649294345,1.1591440176092562,5.774985281457027,VN,yahoo
8697847050278.0,5773811804064.0,56958238240.0,4508766939857.0,4189080110421.0,996392854961.0,,996392854961.0,1084711536259.0,5943678536835.0,138886470134.0,825956527889.0,34929818001.0,103956652133.0,54743960390.0,NT2,2024,996392854961.0,4508766939857.0,1200000000000.0,0.11455626308457026,0.5183773540502636,1.0,0.031806530350072755,3.976157852583825,0.01596791359185385,1.2805744632804468,5.69352058117769,VN,yahoo
9273311226003.0,8033411736979.0,22303884186.0,4413910356228.0,4859400869775.0,1762306137095.0,,1762306137095.0,1755032295613.0,7958219701044.0,1332655052766.0,1889006047722.0,64690698207.0,1267964354559.0,1102134802854.0,NT2,2025,1762306137095.0,4413910356228.0,996392854961.0,0.1900406547505246,0.47597996537106324,1.0,0.04689942497770472,20.60041226486248,0.1437086516657765,1.8200214976373288,8.54913133626879,VN,yahoo
,,,,,,,,,,,,,,,NVL,2021,,,,,,,,,,,,VN,yahoo
257734876168021.0,198114675000040.0,8600170523502.0,78174120549026.0,37441423016022.0,29202383656301.0,35666512929989.0,65722500327227.0,12888775711396.0,11134230477725.0,7294304977075.0,8150451822152.0,3312238629043.0,3982066348032.0,2162071222708.0,NVL,2022,64868896586290.0,220293453151999.0,,0.2516884697591375,0.8547289230984269,0.450175433729713,0.051060505162701345,2.202228098276401,0.028301582950379364,2.534274432621147,6.8344603838193345,VN,yahoo
241486379543125.0,191154819021853.0,3412524436724.0,87282658320119.0,38046854874897.0,30937469509389.0,26774936365837.0,58060157552634.0,13494207570271.0,4756902213820.0,4577358708940.0,5683818094456.0,2578477017390.0,1998881691550.0,605578220113.0,NVL,2023,57712405875226.0,203439524668228.0,64868896586290.0,0.2389882443242296,0.8424472015900899,0.5360627241268661,0.04206966259311047,1.7752179593104611,0.018954935336725973,2.1900664198467825,6.577611105641246,VN,yahoo
237777980657656.0,207831078798684.0,4607601921683.0,107222351548398.0,37833766046705.0,36978198251788.0,24587656403178.0,61908039355622.0,13281118742079.0,9073375473961.0,382661093868.0,1935693233913.0,2938325368217.0,-2555664274349.0,-6454779904770.0,NVL,2024,61565854654966.0,199944214610951.0,57712405875226.0,0.25892159772189444,0.8408861664058933,0.6006283589990784,0.04926841412938352,0.13023101457964198,0.0016093209842628002,1.9383186042592366,6.417255214623308,VN,yahoo
249907848818804.0,206852318779699.0,4395471320099.0,95996837653507.0,45339161212971.0,31718046299679.0,35672724217510.0,67894600292971.0,16975588189332.0,6965748286065.0,5966246225285.0,7009935765007.0,2939080647623.0,3027165577662.0,1743741158759.0,NVL,2025,67390770517189.0,204568687605833.0,61565854654966.0,0.269662480933325,0.8185764815820402,0.47065860883114324,0.0455824684260987,2.0299702323957116,0.023873784891049316,2.1547826348854957,6.77451015961409,VN,yahoo
,,,,,,151231166911.0,,,,,,,,,OGC,2021,151231166911.0,,,,,,,,,,,VN,yahoo
2986913515902.0,1309105460491.0,734575768905.0,782045882742.0,474708339615.0,,132331166911.0,151231166911.0,-2656756452297.0,1011062240758.0,128463423825.0,200546601032.0,14530485336.0,113932938489.0,40438624275.0,OGC,2022,132331166911.0,2512205176287.0,151231166911.0,0.04430364863478081,0.8410706111550587,,0.10248529937069281,8.840958911862735,0.043008752393088996,1.673949686815088,1.995323263992372,VN,yahoo
4767834482257.0,614489696098.0,197951313504.0,712586425247.0,549273163971.0,,,1672619195690.0,-2576832511589.0,984684855485.0,183259321224.0,237249115590.0,20207091779.0,163052229445.0,94080442324.0,OGC,2023,1672619195690.0,4218561318286.0,132331166911.0,0.3508131840386822,0.8847960922269716,,0.02239074513925229,9.069059676091056,0.038436594622984606,0.8623370784603464,1.7481324940053242,VN,yahoo
4508611101180.0,676236857416.0,190735461868.0,723732909020.0,677483224356.0,155296663881.0,1270000000000.0,1425296663881.0,-2448628588999.0,1006899164283.0,355100817356.0,401367658486.0,107769515970.0,247331301386.0,119297830833.0,OGC,2024,1425296663881.0,3831127876824.0,1672619195690.0,0.316127657031224,0.8497357148016851,0.10895743168172176,0.06957549582055075,3.2950024332933823,0.07876057823285369,0.934373508497335,2.125335583367152,VN,yahoo
4449008767415.0,579013136676.0,102712794410.0,687748652015.0,747222928956.0,160000000000.0,1110000000000.0,1270000000000.0,-2379145836314.0,1141407619111.0,265668500235.0,312572164698.0,107808012234.0,157860488001.0,67112139369.0,OGC,2025,1270000000000.0,3701785838459.0,1425296663881.0,0.28545684362359797,0.8320473237929451,0.12598425196850394,0.07999713996511652,2.4642741734107836,0.059714087816770234,0.8418964326277902,1.9595840187172433,VN,yahoo
,,,,,,,,,,,,,,,PAN,2021,,,,,,,,,,,,VN,yahoo
16081598046958.0,10114920098521.0,1837986935653.0,7812635745585.0,4492125162176.0,5120934554467.0,4215000000.0,5125149554467.0,1186121761820.0,13655102989686.0,1174765244329.0,1604091737621.0,242407268237.0,932357976092.0,373968532915.0,PAN,2022,5125149554467.0,11589472884782.0,,0.31869653373387696,0.7206667428784709,0.9991775849747982,0.04729759895996042,4.846245959838298,0.07305028025813759,1.294687276856219,5.327475115863069,VN,yahoo
20188140662749.0,14280778689366.0,1402442740869.0,10865676770435.0,4787365822105.0,8379312142168.0,602732920657.0,8982045062825.0,1452297491029.0,13204596686662.0,1465208150815.0,1965198947205.0,509196696928.0,956011453887.0,405921470417.0,PAN,2023,8982045062825.0,15400774840644.0,5125149554467.0,0.44491690507182763,0.7628624695022752,0.932895803078121,0.07218964659406461,2.8774895038688344,0.0725776670220349,1.3143018139673852,5.408349485192052,VN,yahoo
23840652907125.0,18283085243253.0,2958874263351.0,14391914757278.0,5069986968265.0,11493025595010.0,205686925496.0,11699678520506.0,1695341626460.0,16181632412859.0,1707171242129.0,2229178536218.0,353993461589.0,1353177780540.0,608889078461.0,PAN,2024,11698712520506.0,18770665938860.0,8982045062825.0,0.49070436812616536,0.7873385855657591,0.9824179861557019,0.034234090328907875,4.8226067071009675,0.07160757084881665,1.2703719797956163,5.317328086031172,VN,yahoo
15594873545966.0,10261026515094.0,2626720406458.0,5695059089044.0,5342197437103.0,3233744417045.0,454034175540.0,3696627944332.0,1919508096322.0,17586220703076.0,1767528723301.0,2271609718330.0,403543891745.0,1363984831556.0,672664976444.0,PAN,2025,3687778592585.0,10252676108863.0,11698712520506.0,0.23647377336630826,0.6574388742969389,0.876881389665604,0.052454310573989194,4.380016051433394,0.11334036907007912,1.8017418879522926,6.880692780571439,VN,yahoo
,,,,,,,,,,,,,,,PC1,2021,,,,,,,,,,,,VN,yahoo
21754413518378.0,7913404977944.0,2581357801353.0,5950347915950.0,5116107872172.0,3677264468074.0,8284189794923.0,11961454262997.0,1344532665968.0,8357602470324.0,1210475477499.0,1836989016869.0,605030533904.0,605444943595.0,459825388155.0,PC1,2022,11961454262997.0,16638305646206.0,,0.5498403463229213,0.7648243714844373,0.3074262031373302,0.0505816868585682,2.0006849401274445,0.05564275389342937,1.3299062659398444,4.740223919277516,VN,yahoo
20175144882940.0,6683571516940.0,2082217682721.0,4777754337912.0,5078491909885.0,2837121881541.0,7901191026326.0,10740714645325.0,852993584938.0,7693781062664.0,1099621246594.0,1871136353574.0,843641541921.0,255979704673.0,36167086850.0,PC1,2023,10738312907867.0,15096652973055.0,11961454262997.0,0.5322545622434297,0.7482797799296427,0.26420555127076756,0.07433041366202606,1.3034223564787073,0.05450375959995381,1.3988939246844765,4.726995993101501,VN,yahoo
20987644741128.0,8085980091224.0,2277327707879.0,5078147101360.0,5526261494253.0,2956530546998.0,7830630395563.0,10787160942561.0,826354445227.0,10088901620619.0,1535444034076.0,2413057116277.0,696433403263.0,839010630813.0,467582890486.0,PC1,2024,10787160942561.0,15461383246875.0,10738312907867.0,0.5139767265748579,0.7366897733206063,0.2740786535716676,0.06470783482883956,2.2047248550715444,0.07315942560563259,1.5923091493467094,5.185426071508266,VN,yahoo
24562870833213.0,11299127185804.0,3811436397959.0,7787578744336.0,6510023652348.0,4274994204928.0,7442927598263.0,11717921803191.0,1777265588035.0,13084794921097.0,2236322575201.0,3118089805300.0,677367658282.0,1558954916919.0,1041376121606.0,PC1,2025,11717921803191.0,18052847180865.0,10787160942561.0,0.477058316300164,0.7349648704928502,0.3648252887097986,0.06019686005463438,3.301490036995507,0.09104483716036676,1.4509165886793751,5.414169244184214,VN,yahoo
,,,,,,,,,,,,,,,PDR,2021,,,,,,,,,,,,VN,yahoo
22843295507162.0,18216542992545.0,261762460542.0,11028794139708.0,8150607365145.0,2667966838466.0,1771912500000.0,4439879338466.0,1155081291069.0,1504574748971.0,1988091893263.0,2002081999060.0,505710829277.0,1482381063986.0,1137262912956.0,PDR,2022,4439879338466.0,14692688142017.0,,0.1943624700330115,0.6431947674717267,0.6009097624233625,0.11390193082403126,3.9312820255506824,0.08703174603855554,1.6517257246608925,6.646307053068575,VN,yahoo
21067822665509.0,16916369227862.0,505106794464.0,9176987250177.0,9521220932475.0,814680676017.0,2290488404619.0,3105169080636.0,1831862790140.0,617515216109.0,1248952920207.0,1261638286543.0,359592740645.0,889360179562.0,684058609709.0,PDR,2023,3105169080636.0,11546601733034.0,4439879338466.0,0.1473891787460125,0.5480681091899172,0.26236274253063774,0.09531886892458091,3.4732428634870613,0.05928248685383669,1.8433467070073273,7.20751054095517,VN,yahoo
23985551811184.0,21482523941226.0,343676133736.0,8562372240181.0,11000301645836.0,1382725295267.0,3960639747338.0,5343365042605.0,1954616001307.0,821690538691.0,554144351291.0,570841961690.0,292437738314.0,261706612977.0,155087685811.0,PDR,2024,5343365042605.0,12985250165348.0,3105169080636.0,0.22277432200302733,0.5413780040404669,0.25877425259961145,0.0692280421782367,1.8949139549697824,0.02310325631251949,2.508945341153713,8.094046353479825,VN,yahoo
27270246564755.0,24175702852037.0,375924179668.0,10257721641617.0,12373068768457.0,1106136070424.0,4438055731121.0,5544191801545.0,1736087533354.0,1324974747132.0,1013953736604.0,1026475708675.0,362917562915.0,651036173689.0,515069907619.0,PDR,2025,5544191801545.0,14897177796298.0,5343365042605.0,0.20330552525001747,0.5462795417314497,0.19951259083709064,0.06666648323586011,2.7938954743876123,0.037181685695297985,2.3568296836943614,7.92753593242989,VN,yahoo
,,,,,,95462000603.0,,,,,,,,,PET,2021,95462000603.0,,,,,,,,,,,VN,yahoo
9039495579124.0,7756288698651.0,1092691918027.0,6860575272473.0,1934904152057.0,3626666260624.0,76091980774.0,3702758241398.0,350657121022.0,17543322605087.0,353088095396.0,419580570049.0,139992579835.0,213095515561.0,110430234145.0,PET,2022,3702758241398.0,7104591427067.0,95462000603.0,0.4096200068894582,0.785949986354824,0.9794499192728092,0.07371483006011695,2.5221915033794047,0.039060597165557445,1.1305595217024893,4.574933929333194,VN,yahoo
9479475648290.0,8259191973425.0,1072386056767.0,7240736850317.0,2027177613456.0,4515926256500.0,10870282966.0,4526796539466.0,178591836316.0,17217791485484.0,492017625600.0,561046766808.0,309587603886.0,182430021714.0,111424903698.0,PET,2023,4526796539466.0,7452298034834.0,3702758241398.0,0.47753659668745363,0.7861508707159681,0.997598680905751,0.07523799576761482,1.5892678499529862,0.05190346426901312,1.14065628183455,4.6506234017722,VN,yahoo
10165003468335.0,9021308150964.0,1766009708784.0,7799640650652.0,2168901462252.0,4980375100043.0,0.0,4980375100043.0,305159109648.0,19043708488035.0,429047669376.0,502104139620.0,145797904039.0,283249765337.0,149662157637.0,PET,2024,4980375100043.0,7996102006083.0,4526796539466.0,0.4899531136961601,0.7866305241303316,1.0,0.03067114165334029,2.9427560855829076,0.04220831509920545,1.1566312545706674,4.704718921723457,VN,yahoo
13417519878781.0,12329728764008.0,1474323607521.0,10727761753967.0,2414954213339.0,7055165610712.0,,7055165610712.0,551068436199.0,21815238024741.0,733230205877.0,804401013782.0,281520000784.0,451710205093.0,258133908515.0,PET,2025,7055165610712.0,11002565665442.0,4980375100043.0,0.5258174144291241,0.8200148585463917,1.0,0.046781446309667296,2.6045403659954545,0.054647223369242735,1.1493291002150203,4.764807299869826,VN,yahoo
,,,,,,,,,,,,,,,PGD,2021,,,,,,,,,,,,VN,yahoo
3611776725047.0,3191206172837.0,1590165068585.0,2056472096495.0,1555216628552.0,,,,464370474686.0,11274428298139.0,523668225609.0,582782038892.0,4002538440.0,519665687169.0,412712909288.0,PGD,2022,,2056560096495.0,,,0.5694039950568202,,,130.83402781985524,0.1449890913736329,1.5517867605770157,7.498497728631624,VN,yahoo
3362928365981.0,2955146117979.0,1135172579960.0,1961321306438.0,1401519059543.0,,,,310672905677.0,9890691872367.0,342760997748.0,395164016010.0,7354224800.0,335406772948.0,265787886267.0,PGD,2023,,1961409306438.0,,,0.5832444503663512,,,46.60735931651151,0.10192337167075313,1.5067118825858816,6.924998618140235,VN,yahoo
3768226596211.0,3378374535481.0,1384904766353.0,2290605160056.0,1477533436155.0,0.0,,0.0,306950916409.0,10937645849520.0,316148775171.0,371620077417.0,3237679620.0,312911095551.0,249168381705.0,PGD,2024,0.0,2290693160056.0,,0.0,0.6078968717962241,,inf,97.64671378170519,0.08389855734495681,1.4748829673458024,6.650284132898619,VN,yahoo
3574790891188.0,3203207292329.0,1118212744802.0,2099217966737.0,1475484924451.0,30476988514.0,,30476988514.0,230151890193.0,11452602860153.0,211514537486.0,260625007989.0,1694749580.0,209819787906.0,168351277967.0,PGD,2025,30476988514.0,2099305966737.0,0.0,0.008525530427283726,0.587252801810554,1.0,0.1112150289535001,124.8057766068306,0.059168366465124335,1.5259050480155847,6.621383143015379,VN,yahoo
,,,,,,,,,,,,,,,PGV,2021,,,,,,,,,,,,VN,yahoo
66300245754799.0,19886583521227.0,1727691330819.0,13266788567581.0,17222681136288.0,5380511397427.0,35118386991652.0,40498898389079.0,4599491275047.0,47189591261324.0,4597046862040.0,9066619160846.0,1576833210859.0,3020213651181.0,2494669384691.0,PGV,2022,40498898389079.0,49077564618511.0,,0.6108408487482503,0.7402320166356039,0.1328557469819455,0.038935212402819615,2.915366590697123,0.06933679973135322,1.4989749342823075,4.965563472012267,VN,yahoo
58841099128120.0,16976944445030.0,510183037967.0,11479894580236.0,15412535249544.0,5334832667958.0,30675457228499.0,36010289896457.0,3184022130153.0,45862195704877.0,3708733025143.0,8227508570939.0,2468022741831.0,1240710283312.0,1065134625680.0,PGV,2023,36010289896457.0,43428563878576.0,40498898389079.0,0.6119921352598898,0.7380651368189961,0.14814745127844378,0.06451572150053976,1.5027142830910587,0.0630296354095569,1.4788414933929641,4.83545158266834,VN,yahoo
55266948819641.0,16821305298169.0,618781821094.0,13814064825171.0,14249206266333.0,5884796778867.0,26009750976945.0,31894547755812.0,1752179202710.0,40690149938010.0,1390814308857.0,5899550629111.0,2261331784676.0,-870517475819.0,-878388855945.0,PGV,2024,31894547755812.0,41017742553308.0,36010289896457.0,0.5770998478656231,0.7421749061480836,0.1845079235461064,0.0666029656460106,0.6150421261850674,0.025165389777456405,1.2176941045997136,4.244176341942714,VN,yahoo
55031797692019.0,20851958662937.0,2143902978736.0,14369668242189.0,17577773937811.0,5452168906238.0,21926455280187.0,27378624186425.0,5070527411423.0,43561426190438.0,5959920107365.0,10286981851760.0,1663204471014.0,4296715636351.0,3721191392295.0,PGV,2025,27378624186425.0,37454023754208.0,31894547755812.0,0.49750553924564217,0.6805887745811324,0.1991396232737407,0.05611997524393765,3.5833959150743726,0.10829957147173731,1.4511092609442542,5.543639010635766,VN,yahoo
,,,,,,241840215887.0,,,,,,,,,PHR,2021,241840215887.0,,,,,,,,,,,VN,yahoo
6333298694846.0,3057893898601.0,165825300815.0,1294645330601.0,3288492839586.0,118544289947.0,145627382312.0,264171672259.0,503871666370.0,1708579398984.0,1148313101291.0,1272549330277.0,16630662310.0,1131682438981.0,889437710446.0,PHR,2022,264171672259.0,3044805855260.0,241840215887.0,0.041711544802707834,0.4807614486488446,0.44873959775208766,0.06573229878425917,69.04794769361173,0.18131358658726932,2.361954912533045,7.688189678360294,VN,yahoo
6160532490687.0,2761558839599.0,145835512937.0,882868362279.0,3646131223733.0,276792508096.0,41765300553.0,318557808649.0,767619915334.0,1351024069392.0,809282824969.0,947217178061.0,17321084432.0,791961740537.0,619711048513.0,PHR,2023,318557808649.0,2514401266954.0,264171672259.0,0.05170946003946415,0.40814674230759607,0.8688925544467858,0.05944811443213944,46.72241095216203,0.13136572628947402,3.1279395180391627,8.06209755390688,VN,yahoo
5931927851865.0,2570451321097.0,190403886202.0,604407813082.0,3741041795268.0,60000000000.0,0.0,60000000000.0,706639582951.0,1633090518901.0,557395886630.0,697553724662.0,14068806782.0,543327079848.0,460049066841.0,PHR,2024,60000000000.0,2190886056597.0,318557808649.0,0.010114755522715263,0.3693379473434062,1.0,0.074328445804401,39.61927228563171,0.0939653853771594,4.252842642767536,8.236927006760146,VN,yahoo
6148040165838.0,2641518383472.0,450879307367.0,520440276663.0,4025705920540.0,21935292156.0,,21935292156.0,838909162110.0,1794932447399.0,602635017847.0,755530977752.0,2571486108.0,600063531739.0,478236651959.0,PHR,2025,21935292156.0,2122334245298.0,60000000000.0,0.003567851146758105,0.345205006481723,1.0,0.06276870540972847,234.35281877361788,0.09802067026100157,5.0755456522486995,8.608406088055949,VN,yahoo
,,,,,,,,,,,,,,,PLX,2021,,,,,,,,,,,,VN,yahoo
74475615486233.0,50170189581865.0,11606028926698.0,45694575928857.0,24493103109531.0,13589749083158.0,823350989928.0,14413100073086.0,2706196720866.0,304063811426444.0,2914183665236.0,5082530699239.0,644056268958.0,2270127396278.0,1449740967084.0,PLX,2022,14413100073086.0,49982512376702.0,,0.19352777387587078,0.6711258718760289,0.9428748162606969,0.044685478189433026,4.524734570087755,0.03912936665524697,1.0979462783498897,4.540165386583757,VN,yahoo
79675619099330.0,57306926231393.0,14048245083619.0,49660611907033.0,25939535560053.0,19135323816408.0,646814450564.0,19782138266972.0,4194581632922.0,273979175973479.0,4845992792432.0,7030787662601.0,898602546828.0,3947390245604.0,2833906727712.0,PLX,2023,19782138266972.0,53736083539277.0,14413100073086.0,0.24828345848571323,0.6744357200699664,0.9673031073873387,0.0525571740656846,5.392809990955393,0.06082152667543879,1.1539714077360597,4.9667532527383305,VN,yahoo
81274634873472.0,59543529720085.0,14933068792315.0,51179621629763.0,26022862678242.0,17384522205263.0,487101948000.0,17871624153263.0,3928809359665.0,284017424539160.0,4540370398811.0,6717564397086.0,568190119356.0,3972180279455.0,2889803702540.0,PLX,2024,17871624153263.0,55251772195230.0,19782138266972.0,0.21989178027173506,0.6798156925742666,0.9727443939161475,0.030179726159352226,7.990935153812886,0.055864543788839274,1.1634226245521528,4.952618539747726,VN,yahoo
85855397411812.0,59561171811187.0,10675798547805.0,55354328118906.0,26206513501753.0,18085030169112.0,609034269222.0,18694064438334.0,4004042603717.0,309874515169939.0,4441702261211.0,6744982985346.0,798238675117.0,3643463586094.0,2675260283045.0,PLX,2025,18694064438334.0,59648883910059.0,17871624153263.0,0.21773895412383318,0.694759860279355,0.9674209816045612,0.043660530178033605,5.564378674786671,0.05173468873373254,1.0759984600164296,4.532442051672164,VN,yahoo
,,,,,,,,,,,,,,,PNJ,2021,,,,,,,,,,,,VN,yahoo
13337124649246.0,11966357761798.0,879548130711.0,4883064421396.0,8444094654850.0,2683045875772.0,,2683045875772.0,2522265955474.0,33876454559153.0,2406470986121.0,2485987363092.0,94143431408.0,2312327554713.0,1810691843397.0,PNJ,2022,2683045875772.0,4893029994396.0,,0.2011712379042422,0.36687292974146585,1.0,0.03508826750154313,25.561751363106847,0.1804340177818648,2.450583635424778,10.37505134663285,VN,yahoo
14427558015356.0,12958118192260.0,896147917336.0,4611956609380.0,9806180663976.0,2384288254693.0,,2384288254693.0,2740099284600.0,33136929196429.0,2607328806477.0,2688585897781.0,118568804103.0,2488760002374.0,1971099177135.0,PNJ,2023,2384288254693.0,4621377351380.0,2683045875772.0,0.16525930806552835,0.320315977690835,1.0,0.04679731040041744,21.99000678299858,0.18071864994075118,2.809679120984185,11.106463489895996,VN,yahoo
17207730777685.0,15692597267632.0,1122712392130.0,5941881733413.0,11255306630522.0,3341542016760.0,,3341542016760.0,3301351491146.0,37822837171385.0,2697787755137.0,2778609601408.0,46775305829.0,2651012449308.0,2112916282946.0,PNJ,2024,3341542016760.0,5952424147163.0,2384288254693.0,0.19418841798090627,0.3459156947575045,1.0,0.016338348715017076,57.6754701508421,0.15677765941314548,2.6410147444348775,10.631614514119441,VN,yahoo
20163630247041.0,18614031193890.0,522025257031.0,6874318773629.0,13274913459412.0,4223385635653.0,,4223385635653.0,4410968520036.0,34976042929392.0,3666922090118.0,3752213548521.0,119082599327.0,3547839490791.0,2828497462890.0,PNJ,2025,4223385635653.0,6888716787629.0,3341542016760.0,0.209455618056316,0.34164070176003725,1.0,0.0314828124731678,30.79309748730507,0.18185822915772415,2.707763751849338,11.028022182164294,VN,yahoo
,,,,,,,,,,,,,,,POW,2021,,,,,,,,,,,,VN,yahoo
56843244854790.0,24925080975647.0,8251731998519.0,18325681327490.0,30516497975507.0,5635216330148.0,3381845397269.0,9017061727416.0,3420458998695.0,28224118055975.0,3258174353495.0,6067568344739.0,448940180155.0,2809234173340.0,2060858298332.0,POW,2022,9017061727417.0,26326746879283.0,,0.15863031307328967,0.4631464468035999,0.6249503996422399,0.04978785703440028,7.25747994392057,0.05731858485239947,1.3601175601726396,5.810052440860515,VN,yahoo
70362090314609.0,29041954766360.0,8439446594373.0,26785158579904.0,31414870044135.0,5506591086310.0,7172278203632.0,12678869289942.0,3922654507752.0,28329357578690.0,2006816673892.0,4815572091116.0,564748639578.0,1442068034314.0,1038363942297.0,POW,2023,12678869289942.0,38947220270474.0,9017061727417.0,0.18019460810858737,0.5535256285924687,0.43431247380066573,0.05206032772930024,3.5534688058594774,0.028521277081436175,1.0842554722878959,4.680743308337236,VN,yahoo
79915032729562.0,29980558720344.0,11564063505286.0,33457348745405.0,32009212022343.0,13508102547690.0,9151300727761.0,22659403275451.0,4130274841945.0,30305634268649.0,1764887802806.0,4583049459053.0,381646636179.0,1383241166627.0,1111588278970.0,POW,2024,22659403275451.0,47905820707219.0,12678869289942.0,0.2835436901106202,0.5994594392438731,0.5961367289104458,0.021599620381713227,4.6244028782117494,0.022084553337774412,0.8960829188374199,3.9830740020107314,VN,yahoo
88611929063776.0,37007847543130.0,6737340026813.0,31611943025293.0,34215061762633.0,11249612952426.0,17637454141259.0,28887067093685.0,5002271987019.0,34306140471915.0,3889675181848.0,6748432398125.0,655412115805.0,3234263066043.0,2426656979064.0,POW,2025,28887067093685.0,54396867301143.0,22659403275451.0,0.3259952401317697,0.6138774753678181,0.38943423767950736,0.02542995130845797,5.9347013704050395,0.04389561566872687,1.1706919601088641,4.788911706268447,VN,yahoo
,,,,,,,,,,,,,,,PPC,2021,,,,,,,,,,,,VN,yahoo
5625532854817.0,2733701578913.0,60340860070.0,609077900582.0,5016454954235.0,,,,378394044564.0,5265601632028.0,546442991048.0,607980650820.0,0.0,546442991048.0,487450769328.0,PPC,2022,,609077900582.0,,,0.1082702592449464,,,inf,0.09713621894148122,4.488262628312127,15.247537697630754,VN,yahoo
5777917928994.0,2929235432033.0,23485928018.0,767100345273.0,5010817583721.0,,,,906411942763.0,5813760220061.0,382808866596.0,443865525152.0,419922537.0,382388944059.0,380102277161.0,PPC,2023,,767100345273.0,,,0.13276414699897973,,,911.6178172547095,0.06625377364310388,3.8185818192931813,13.520195522412909,VN,yahoo
5533688169131.0,2730492704426.0,25465520493.0,1009356204934.0,4524331964197.0,,,,376271688271.0,7681064352700.0,438620124295.0,496422183680.0,480124143.0,438140000152.0,427065519869.0,PPC,2024,,1009356204934.0,,,0.18240207508702236,,,913.5556515744721,0.07926361422781075,2.7051824629190664,10.751182745979222,VN,yahoo
5246239465443.0,2489984426836.0,395414669779.0,775180228897.0,4471059236546.0,,,,194879304659.0,6565788086672.0,200939315863.0,247103455073.0,0.0,200939315863.0,169857937710.0,PPC,2025,,775180228897.0,,,0.14775921572073009,,,inf,0.03830159053672408,3.2121361381713593,11.828864510610423,VN,yahoo
,,,,,,,,,,,,,,,PTB,2021,,,,,,,,,,,,VN,yahoo
5238297875783.0,3055259243612.0,272074930811.0,2310100111327.0,2687241541830.0,1475898017997.0,151713818921.0,1627611836918.0,492859984324.0,6886522253734.0,724921484190.0,1003802879598.0,110925843623.0,613995640567.0,487291811368.0,PTB,2022,1627611836918.0,2551056333953.0,,0.31071387605553286,0.48700100575545796,0.906787468928537,0.06815251714625402,6.535190182134352,0.13838874790633046,1.3225657315158326,6.525925794729993,VN,yahoo
5263776311415.0,2941135680146.0,428337603384.0,2352427924624.0,2723503357061.0,1553449538124.0,115510775343.0,1668960313467.0,418222554667.0,5618569890239.0,439569419184.0,680476968423.0,116816101883.0,322753317301.0,257762340542.0,PTB,2023,1668960313467.0,2540272954354.0,1627611836918.0,0.3170652046607111,0.48259515679744525,0.9307887824468128,0.07087125447526291,3.762918057514549,0.08350837748001409,1.250255384813159,5.929608765250872,VN,yahoo
5489132951980.0,3313721396506.0,470850849148.0,2351623639078.0,2903296701880.0,1470886838781.0,81524041035.0,1552410879816.0,585810663087.0,6466470034276.0,550029293781.0,798396967587.0,78047461664.0,471981832117.0,368669534364.0,PTB,2024,1552410879816.0,2585836250100.0,1668960313467.0,0.28281531771898977,0.4710828235937073,0.9474855258392272,0.0484560499123725,7.047369409000336,0.10020331053970873,1.4091206353943648,6.59997906243817,VN,yahoo
6393015167008.0,4075069409407.0,655288152328.0,2659183221717.0,3207268430023.0,1576129889443.0,359067844094.0,1935197733537.0,772638088369.0,7299511920938.0,710644373259.0,965186199861.0,77608581812.0,633035791447.0,497279636654.0,PTB,2025,1935197733537.0,3185746736985.0,1552410879816.0,0.3027050121081902,0.49831678069926494,0.814454183223063,0.04450532752721173,9.156775664068618,0.11115950059470753,1.5324515347896113,6.900946741188652,VN,yahoo
,,,,,,,,,,,,,,,PVD,2021,,,,,,,,,,,,VN,yahoo
20704046691470.0,5645895372740.0,2078586541400.0,2868228338410.0,13849267830380.0,835317024600.0,2999752062520.0,3835069087120.0,435921739099.0,5431604613820.0,29514782660.0,812469030120.0,168031934532.0,-138517151872.0,-102948793684.0,PVD,2022,3835069087120.0,6854778861090.0,,0.18523282642615155,0.3310840128618019,0.21781016342193024,0.04381457822919847,0.17564984145545978,0.0014255562257865268,1.9684260479309668,6.329712660126536,VN,yahoo
21632848207600.0,6927879980560.0,2256047157280.0,3146135991040.0,14660862545684.0,553352813440.0,2787681809360.0,3341034622800.0,693559803718.0,5804412484923.0,908879240802.0,1765622534130.0,250499968602.0,658379272200.0,584832279876.0,PVD,2023,3341034622800.0,6971985661916.0,3835069087120.0,0.1544426601036398,0.32228699591515736,0.1656231903925183,0.06981503577093442,3.628260897094354,0.042013850052472275,2.2020281387359515,6.991601732170237,VN,yahoo
23614557761223.0,7782381355167.0,2203268278194.0,4124097177363.0,15802334352227.0,507298751244.0,2541390152379.0,3048688903623.0,1021741898048.0,9288059307546.0,1175049571275.0,2058580896264.0,237839369526.0,937210201749.0,697851813973.0,PVD,2024,3048688903623.0,7812223408996.0,3341034622800.0,0.1291020960226997,0.33082234645208125,0.16639898896904057,0.07444433817597229,4.940517516577702,0.049759541684262484,1.8870509157456743,6.865597078231232,VN,yahoo
28309862682750.0,9657061718516.0,1821273980243.0,6619272245050.0,16841060687617.0,821033901691.0,3588223884700.0,4409257786391.0,1291401833485.0,10896989276040.0,1577081290420.0,2436684521810.0,190796075404.0,1386285215016.0,1038634292340.0,PVD,2025,4409257786391.0,11468801995133.0,3048688903623.0,0.1557498824986419,0.40511683591179215,0.1862068269687222,0.05116584586464558,8.265795232321308,0.05570783963501738,1.4589310366766843,6.018832654417532,VN,yahoo
,,,,,,,,,,,,,,,PVT,2021,,,,,,,,,,,,VN,yahoo
14251652954694.0,6286266493364.0,1793749749410.0,3055301138729.0,6002302053966.0,1099431218656.0,2591340920822.0,3690772139478.0,1489406154844.0,9047363208116.0,1441148776658.0,2636470967070.0,-15722954512.0,1456871731170.0,857338779296.0,PVT,2022,3690772139478.0,8249350900728.0,,0.2589715137753469,0.578834674613021,0.29788650642938275,0.004260071854293275,91.65890390117794,0.1011215177102201,2.057494894260759,6.521426085964307,VN,yahoo
17489953434753.0,6297471017134.0,979225965598.0,3392213586806.0,6810769517383.0,1387771910484.0,4540432047007.0,5928203957491.0,1836654737011.0,9555979392223.0,1928525312779.0,3282829082698.0,379914192992.0,1548611119787.0,972443846631.0,PVT,2023,5928203957491.0,10679183917370.0,3690772139478.0,0.338949098955947,0.6105896140438075,0.23409651901911757,0.07899264727598468,5.076212861622703,0.11026474827239786,1.856448851460293,6.092649551896401,VN,yahoo
19858153052749.0,6648001421674.0,1152030770539.0,3714296573614.0,7719133026592.0,1488402615113.0,5375530706560.0,6863933321673.0,1973676231272.0,11732148061983.0,2304981898231.0,4103621032231.0,436590838604.0,1868391059627.0,1093233969561.0,PVT,2024,6863933321673.0,12139020026157.0,5928203957491.0,0.3456481226345878,0.6112864572003374,0.21684397929877033,0.06825924848619704,5.279501295998752,0.11607232012505399,1.7898413037076126,5.990830737018188,VN,yahoo
22308656455937.0,7522113324368.0,1899525806593.0,4067395141144.0,8673012605009.0,1394164249726.0,6245363980337.0,7639528230063.0,1451819747325.0,16012813858007.0,2103892950550.0,4295134330710.0,450287472760.0,1653605477790.0,1037772781983.0,PVT,2025,7639528230063.0,13635643850928.0,6863933321673.0,0.34244680961187574,0.6112265827330515,0.1824935006116867,0.06209379342355723,4.6723328491782405,0.09430836656189984,1.849368714703318,5.779647706285689,VN,yahoo
,,,,,,,,,,,,,,,QCG,2021,,,,,,,,,,,,VN,yahoo
9948686949531.0,7835459051598.0,76888809921.0,5301241869253.0,4107242571032.0,286847943325.0,307725000000.0,594572943325.0,513465805211.0,1265783111229.0,101640122086.0,173884556645.0,57347441251.0,44292680835.0,22685350942.0,QCG,2022,594572943325.0,5841444378499.0,,0.0597639614495086,0.5871573211753714,0.4824436539625817,0.09645148151259428,1.7723567062240575,0.0102164358574768,1.4780421729186444,5.896205764452539,VN,yahoo
9567136211709.0,2169881514524.0,28484961022.0,4956569692976.0,4114696884337.0,313696650450.0,268237500000.0,581934150450.0,520920118516.0,432354267575.0,51978472702.0,123519262899.0,46947970889.0,5030501813.0,7454604473.0,QCG,2023,581934150450.0,5452439327372.0,594572943325.0,0.06082636826449529,0.5699134209774168,0.5390586722010103,0.07980907405897635,1.1071505694014703,0.005433023169293308,0.437778877113129,2.345620353870223,VN,yahoo
8884619693196.0,2053780926157.0,114845142800.0,4003607304615.0,4197878911398.0,136504740040.0,243237500000.0,379742240040.0,580201945577.0,729152742656.0,144245015979.0,216035895013.0,46103822155.0,98141193824.0,83182027061.0,QCG,2024,379742240040.0,4686740781798.0,581934150450.0,0.04274153009957347,0.5275116936504541,0.35946683209542696,0.09588219615438175,3.1286997310993336,0.01623536189055626,0.512982610404768,3.072806830546386,VN,yahoo
8743841386138.0,2240725053316.0,142343453988.0,3924626539489.0,4369204866107.0,820092814288.0,14000000000.0,834092814288.0,751527900286.0,473253757547.0,274786717163.0,342692777446.0,64190606782.0,210596110381.0,171325954709.0,QCG,2025,834092814288.0,4374636520031.0,379742240040.0,0.09539203394177809,0.5003105988366058,0.9832152971945326,0.10576495801983084,4.280793264600425,0.031426315394813956,0.5709396883423589,3.526741983482146,VN,yahoo
,,,,,,,,,,,,,,,RAL,2021,,,,,,,,,,,,VN,yahoo
6716483094288.0,6287008310624.0,795984374181.0,4093950814214.0,2621694793680.0,2297652485048.0,837486394.0,2298489971442.0,428458842083.0,6909236263291.0,677223712949.0,774572263161.0,68380855971.0,608842856978.0,485827389583.0,RAL,2022,2298489971442.0,4094788300608.0,,0.34221629670991643,0.6096625634463955,0.9996356362636316,0.02975033905764662,9.903703358674063,0.10083010757891159,1.5356824241258127,6.949767729590993,VN,yahoo
7751688239828.0,7310900417572.0,802447024719.0,4776578293674.0,2974272459760.0,3102786916832.0,837486394.0,3103624403226.0,525403060976.0,8316322039643.0,726043078705.0,821139187984.0,107816405730.0,618226672975.0,584271608477.0,RAL,2023,3103624403226.0,4777415780068.0,2298489971442.0,0.40038044709791704,0.6163064912133263,0.999730158587125,0.039916372831934395,6.734068658560169,0.09366257468593835,1.5305727171382082,6.898784252917855,VN,yahoo
8308862347606.0,7842099023673.0,1572970195920.0,5004470799542.0,3303554061670.0,3549377068781.0,837486394.0,3550214555175.0,534218051528.0,8356598448889.0,713834693011.0,812717678232.0,83651819000.0,630182874011.0,593086599028.0,RAL,2024,3550214555175.0,5005308285936.0,3103624403226.0,0.4272804635159119,0.6024059704609452,0.9997641025969038,0.025143926543152336,8.533403117163537,0.08591244663195971,1.5670186394914511,6.970303650855961,VN,yahoo
8136142824220.0,7432677418184.0,1851247945631.0,4736626797355.0,3398678540471.0,2939341968026.0,837486394.0,2940179454420.0,302264676059.0,6359556546795.0,518037064643.0,624897116709.0,104815645729.0,413221418914.0,361133223561.0,RAL,2025,2940179454420.0,4737464283749.0,3550214555175.0,0.36137264523768614,0.5822739824141636,0.9997151580687563,0.032298700379066965,4.9423639098916645,0.0636710878649876,1.5691921141717378,6.726024938611266,VN,yahoo
,,,,,,,,,,,,,,,REE,2021,,,,,,,,,,,,VN,yahoo
33914556733508.0,8573479385227.0,1151270686145.0,4086212882813.0,15506270781940.0,1455134067019.0,9945950959393.0,11401085026412.0,10704620223639.0,9371927777326.0,4766325742307.0,5991582430492.0,887764661798.0,3878561080509.0,2692516590418.0,REE,2022,11401085026412.0,18408285951568.0,,0.33617084003187303,0.5427842119894313,0.12763119156185618,0.07786668196416263,5.368906814395727,0.140539231568308,2.098147999407439,6.975823758977977,VN,yahoo
34912272846093.0,9524178397527.0,3022796235406.0,3944551522493.0,17318065871072.0,1237930873038.0,9504888072199.0,10742818945237.0,11802464925759.0,8569918341777.0,3998803149804.0,5262703696676.0,942709678643.0,3056093471161.0,2188316658468.0,REE,2023,10742818945237.0,17594206975021.0,11401085026412.0,0.30770895359908423,0.5039547855444179,0.11523333673857143,0.08514394569719576,4.24181828233709,0.11453860845532153,2.414514893066377,7.203706670438381,VN,yahoo
36362339883577.0,11285775224595.0,5635908856765.0,4070052841712.0,18900092813228.0,1254303152582.0,9142740044801.0,10397043197383.0,12761421317915.0,8383666601214.0,3429413434770.0,4727906907129.0,741806839468.0,2687606595302.0,1993385852649.0,REE,2024,10397043197383.0,17462247070349.0,10742818945237.0,0.2859288822081224,0.48022891613297414,0.12064037137959721,0.07018085874575747,4.6230544830639,0.09431223198919853,2.7728817446625156,7.4661004006131835,VN,yahoo
40074851708537.0,13701485517767.0,3045832588034.0,5147199579595.0,20946095133905.0,1472604495027.0,9379675887231.0,10852280382258.0,14103538019129.0,10011611124740.0,4211258700386.0,5596156057586.0,691541252469.0,3519717447917.0,2529125816261.0,REE,2025,10852280382258.0,19128756574632.0,10397043197383.0,0.2708002629975092,0.4773256982647068,0.13569539701853886,0.06508830738796471,6.089670985426541,0.10508482304599248,2.661930105077659,7.653499852699807,VN,yahoo
,,,,,,341226010423.0,,,,,,,,,SAB,2021,341226010423.0,,,,,,,,,,,VN,yahoo
34465075615756.0,26860224573663.0,4069464160642.0,9213862412096.0,23140293942272.0,658625815321.0,374432513250.0,1033058328571.0,15564895669872.0,34979083993835.0,6858934615962.0,7420039941360.0,45517297000.0,6813417318962.0,5223851427095.0,SAB,2022,1033058328571.0,11324781673484.0,341226010423.0,0.029974062441886204,0.32858717037912955,0.6375494946466945,0.06624145485543327,150.68853091083156,0.19901115820637805,2.915197055515044,11.563880620354059,VN,yahoo
34056624839705.0,26553405591714.0,5039908030600.0,8224608450196.0,24212312010833.0,530129396183.0,170828414155.0,700957810338.0,10217284050181.0,30461367282215.0,5420625130214.0,5990657152571.0,50214725919.0,5370410404295.0,4117605068688.0,SAB,2023,700957810338.0,9844312828872.0,1033058328571.0,0.020582127960043373,0.2890572062030934,0.7562928729296461,0.057917253239169804,107.94891400896745,0.15916507157498327,3.2285312732524316,11.410616489659287,VN,yahoo
33439406364651.0,25066732804106.0,4477501667326.0,8657140531800.0,23282119935171.0,245383983750.0,169444430406.0,414828414156.0,9217801321446.0,31872417486656.0,5674808176797.0,6223691803552.0,27449548631.0,5647358628166.0,4330113031371.0,SAB,2024,414828414156.0,10157286429480.0,700957810338.0,0.012405376149096882,0.30375199603475406,0.5915312822754738,0.04920216440823716,206.73593774100118,0.1697042140914282,2.8954979663353235,10.914984813059021,VN,yahoo
32597353623714.0,22140977869887.0,4016881626734.0,8880281129189.0,21152783990145.0,267584304493.0,,435520192610.0,7047144144801.0,25888192228121.0,5686311991079.0,6416584458513.0,34346202652.0,5651965788427.0,4423539822535.0,SAB,2025,267584304493.0,11444569633569.0,414828414156.0,0.008208773864953783,0.35108891861832847,1.0,0.10066108591878699,165.5586804950003,0.1744409088148281,2.493274429917631,9.73633666679472,VN,yahoo
,,,,,,,,,,,,,,,SAM,2021,,,,,,,,,,,,VN,yahoo
7237333687088.0,2852384184578.0,316341744567.0,2093379367236.0,3916195761399.0,1156764553160.0,238275966631.0,1395040519791.0,64040144742.0,2109064586562.0,131138774498.0,185643249269.0,90510963420.0,40627811078.0,2763158917.0,SAM,2022,1395040519791.0,3321137925689.0,,0.19275614198635987,0.4588897056956464,0.8291978166579006,0.06488052650510827,1.448871711700536,0.018119763460950043,1.362573945851083,5.326713144630718,VN,yahoo
6591891798964.0,2283692109389.0,480447926855.0,1723049165892.0,3928451932644.0,1048185189963.0,110775966622.0,1158961156585.0,84146505344.0,2200115744921.0,141247911603.0,183763465421.0,78363834048.0,62884077555.0,18332577266.0,SAM,2023,1158961156585.0,2663439866320.0,1395040519791.0,0.1758161680941343,0.40404787389541097,0.9044178780344866,0.06136553062815083,1.8024630024672066,0.021427522767470016,1.3253783783974398,5.542239839932489,VN,yahoo
6375567402549.0,2203990476359.0,547305862333.0,1320348118855.0,4023424431478.0,1037278982982.0,184560000000.0,1221838982982.0,176228596377.0,4038231222587.0,173210933196.0,214539384061.0,62607188014.0,110603745182.0,84340302128.0,SAM,2024,1221838982982.0,2352142971071.0,1158961156585.0,0.19164395979775847,0.3689307668727015,0.8489490001787585,0.05259340082648556,2.766630137697083,0.02716792439944231,1.6692495296394187,6.227945731269124,VN,yahoo
7170631250087.0,2913753658322.0,501354767582.0,1657360922126.0,4109375277986.0,1292451954831.0,387300000000.0,1679751954831.0,262179442885.0,6126008374920.0,214979647323.0,250787026237.0,79312731951.0,135666915372.0,96399920736.0,SAM,2025,1679751954831.0,3061255972101.0,1221838982982.0,0.2342544047026013,0.42691582725912147,0.7694302430271818,0.05466844476070769,2.7105313615450295,0.029980574906901213,1.7580682755475776,6.129567693860775,VN,yahoo
,,,,,,,,,,,,,,,SBT,2022,,,,,,,,,,,,VN,yahoo
29934286417628.0,20047095396345.0,3146177234431.0,17196872130583.0,9424729531496.0,11075691330840.0,540381619864.0,11687055761835.0,655098131324.0,24743113427112.0,2217509150143.0,2806682117661.0,1498900145403.0,718609004740.0,537211262996.0,SBT,2023,11616072950704.0,20509556886132.0,,0.3880524422276995,0.6851526907972033,0.9534798359000276,0.1290367365773265,1.479424201100996,0.07407923874334052,1.1657407954259977,4.926278214582059,VN,yahoo
34078294168788.0,23751777616556.0,4630062131344.0,19399728551707.0,10197582971740.0,12727314722172.0,3095942393924.0,16001165608298.0,1133016463101.0,29021272782017.0,2632558011247.0,3202929892393.0,1724693760133.0,907864251114.0,747939393437.0,SBT,2024,15823257116096.0,23880711197048.0,11616072950704.0,0.46432069157347605,0.700760169472336,0.8043422810355086,0.12570961141793907,1.5263915670710086,0.07725028718304028,1.2243355649667613,5.1636417547545905,VN,yahoo
32679097161189.0,20054307978992.0,3555316479347.0,15549665514059.0,10687904115119.0,10815392353242.0,5846979752706.0,16913010384584.0,1046883789037.0,28482166411441.0,2471921689752.0,3006559289751.0,1521852944972.0,950068744780.0,812495221190.0,SBT,2025,16662372105948.0,21991193046070.0,15823257116096.0,0.5098785937616691,0.6729437149869495,0.6490907947843277,0.09369391829044861,1.6242841977070788,0.07564228832759043,1.2896938497397383,5.277321623624259,VN,yahoo
38323773998469.0,24253525288010.0,2042118120052.0,19731079952491.0,11822773115513.0,11804971062504.0,5797533710958.0,17840428561954.0,1210890129307.0,26891843957756.0,2453687568880.0,2974306792880.0,1545873383471.0,907814185409.0,837793456490.0,SBT,2026,17602504773462.0,26501000882956.0,16662372105948.0,0.45931031672833694,0.6915029006280721,0.6706415487130835,0.0902307858225474,1.587250026500007,0.06402520714630096,1.2292041462711751,5.025806277630446,VN,yahoo
,,,,,,,,,,,,,,,SIP,2021,,,,,,,,,,,,VN,yahoo
19003421930801.0,8920057024714.0,439730433962.0,1842760736533.0,3244854677700.0,688946839410.0,1514477270.0,690461316680.0,1524385862993.0,6034522979800.0,1272088008315.0,1512776815440.0,26551999751.0,1245536008564.0,977156410577.0,SIP,2022,690461316680.0,15758567253101.0,,0.036333525572091366,0.8292489274028749,0.997806571876782,0.03845544871169914,47.90931079558671,0.06693994444512032,4.8405942496345675,6.620637551629121,VN,yahoo
21060427289745.0,7937162133818.0,829296650745.0,3061003883515.0,3566796682474.0,1595155697462.0,90688251481.0,1685843948943.0,1381622580006.0,6676517358980.0,1338382037182.0,1677396555361.0,64090697720.0,1274291339462.0,926896516175.0,SIP,2023,1685843948943.0,17493630607271.0,690461316680.0,0.08004794611949263,0.8306398710053339,0.9462060224863279,0.05394146841920769,20.882625479116097,0.06354961458135758,2.5929931603692147,5.623852680664615,VN,yahoo
25052880615092.0,11917346199317.0,645596058368.0,4143521088439.0,4339684324516.0,2465713007983.0,1132071200000.0,3597784207983.0,1697778058332.0,7801156924367.0,1649077914143.0,2034431933931.0,77337857516.0,1571740056627.0,1170162799820.0,SIP,2024,3597784207983.0,20713196290576.0,1685843948943.0,0.14360760597788,0.8267790282806142,0.6853421065421084,0.029274526979958766,21.323035924570725,0.06582388426621033,2.876139868714088,6.16879420316422,VN,yahoo
28670187894442.0,15725314675750.0,844596852229.0,5488821975461.0,5152643448490.0,3748418248839.0,1069109800000.0,4817528048839.0,1981761384742.0,8596226022275.0,2007545696152.0,2429433478684.0,169022005031.0,1838523691121.0,1322871907067.0,SIP,2025,4817528048839.0,23517544445952.0,3597784207983.0,0.1680326639844912,0.820278699691086,0.7780791748046698,0.04017010893302973,11.877422089412558,0.07002206276231565,2.8649707981154275,6.518143795707024,VN,yahoo
,,,,,,,,,,,,,,,SJS,2021,,,,,,,,,,,,VN,yahoo
6779527700632.0,4029801941036.0,76672773811.0,3375367236626.0,2518826198132.0,1177000000000.0,431000000000.0,1608000000000.0,406871991921.0,379810850969.0,176351077437.0,184526959298.0,0.0,176351077437.0,119686330323.0,SJS,2022,1608000000000.0,4260701502500.0,,0.2371846640364194,0.6284658298693594,0.7319651741293532,0.0,inf,0.02601229543181308,1.1938854822399028,4.874429567583333,VN,yahoo
7473978855442.0,4749599418611.0,68219290512.0,3057764277663.0,2707545155895.0,899095000000.0,556426870000.0,1455521870000.0,595590949684.0,416023571847.0,253085731571.0,260236783558.0,472898630.0,252612832941.0,185337121512.0,SJS,2023,1455521870000.0,4766433699547.0,1608000000000.0,0.19474524856866518,0.6377371132213513,0.6177131505416679,0.0003087287442801902,535.1796675135218,0.033862248805630706,1.5532915513817966,5.818729400006485,VN,yahoo
7844262549130.0,5038895124317.0,172907922346.0,2257149727818.0,2978191654420.0,197380000000.0,408046870000.0,605426870000.0,866237448209.0,646014829304.0,370500340492.0,378222200889.0,14870483483.0,355629857009.0,268508051562.0,SJS,2024,605426870000.0,4866070894710.0,1455521870000.0,0.07718085240111543,0.6203350364974323,0.32601790534998887,0.014430716489338788,24.915150937463302,0.047232016798455054,2.2324150951156128,6.896350897586473,VN,yahoo
7880010002298.0,4916016146912.0,153004638105.0,2181139358889.0,3430500180124.0,335880000000.0,728462018689.0,1064342018689.0,365392059263.0,750725677535.0,454563822935.0,462396813655.0,1289502659.0,453274320276.0,361321074397.0,SJS,2025,1064342018689.0,4449509822174.0,605426870000.0,0.1350686126513307,0.5646578901392785,0.31557525128409303,0.0015445283089594972,352.51096208480175,0.057685691109838476,2.253875309194391,6.875092751760031,VN,yahoo
,,,,,,,,,,,,,,,STG,2021,,,,,,,,,,,,VN,yahoo
2784034932782.0,994211815808.0,347435288802.0,484587095527.0,2012209393495.0,57435800136.0,106944960289.0,189978960425.0,1028859332046.0,2639254563108.0,323488954729.0,444730232233.0,17403277637.0,306085677092.0,238406244652.0,STG,2022,164380760425.0,771825539287.0,,0.059044072504054176,0.27723270645736425,0.3494070716518283,0.10587174309210219,18.5878178511185,0.11619428726267723,2.051667956049822,9.173837823789977,VN,yahoo
2868678174669.0,1171257229099.0,606879728298.0,480992542620.0,2138352904665.0,24065944925.0,84766901364.0,124191766289.0,1155002843216.0,1795635736766.0,235680475440.0,364295208462.0,15320715995.0,220359759445.0,142234299603.0,STG,2023,108832846289.0,730325270004.0,164380760425.0,0.03793832548036086,0.2545859889244174,0.2211275891939289,0.11215192522265353,15.383124099220664,0.08215647106082012,2.435083967662118,9.767468532722674,VN,yahoo
3052183340336.0,1127107316081.0,507906898731.0,526500411542.0,2273073930774.0,127173750631.0,65667419488.0,214479410119.0,1344221277119.0,2454337015222.0,279010819629.0,414358679997.0,14220756579.0,264790063050.0,192558114651.0,STG,2024,192841170119.0,779109409562.0,108832846289.0,0.06318138480428605,0.2552629782312591,0.659474066417055,0.09427896209507876,19.619970152714615,0.09141351895272617,2.1407529630982793,9.654323318748009,VN,yahoo
3616101720813.0,1257067587174.0,462602834914.0,538278084232.0,2557136015445.0,88976294493.0,336384634392.0,438208728885.0,1628306962762.0,2589232733593.0,404153837842.0,557789721338.0,22814998655.0,381338839187.0,293619263347.0,STG,2025,425360928885.0,1058965705368.0,192841170119.0,0.1176296912326258,0.2928473220963251,0.2091783434981531,0.07381080941574861,17.71439235888046,0.11176506333210533,2.3353497457871586,9.308465976456686,VN,yahoo
,,,,,,,,,,,,,,,STK,2021,,,,,,,,,,,,VN,yahoo
2125032943857.0,1199951103248.0,235284187347.0,583671887207.0,1541090058483.0,308095357806.0,0.0,308095357806.0,697818768611.0,2114531690812.0,317826886392.0,424187756500.0,48364243092.0,269462643300.0,242274378237.0,STK,2022,308095357806.0,583942885374.0,,0.1449838030495647,0.2747923918365829,1.0,0.15697816233392833,6.571526112533584,0.14956327491805113,2.0558658546842703,9.999111885815376,VN,yahoo
2973859144107.0,1395936217102.0,109476256782.0,935575186771.0,1628889391170.0,609537812760.0,409136361334.0,1018674174094.0,662887111298.0,1425063024378.0,108337030138.0,200220255998.0,17335099901.0,91001930237.0,87799332687.0,STK,2023,1018674174094.0,1344969752937.0,308095357806.0,0.3425428457540112,0.4522641079360441,0.5983638618325803,0.026131290302054605,6.249576336837287,0.036429778576662145,1.492062035035226,6.508634485748432,VN,yahoo
3811243831937.0,997061057465.0,105602398852.0,1311165536034.0,1707355003808.0,857624790695.0,792463828758.0,1650088619453.0,675289454956.0,1210252569729.0,36028628260.0,128865765863.0,17127583213.0,18901045047.0,12402343658.0,STK,2024,1650088619453.0,2103888828129.0,1018674174094.0,0.4329527818781331,0.5520215763943223,0.519744685578948,0.012835598018987718,2.1035441960459385,0.009453246721737312,0.7604387318483827,4.2025997272203535,VN,yahoo
4155126897386.0,1326044872890.0,57928953855.0,1372913349262.0,1757357666119.0,945955701985.0,1024598000000.0,1970553701985.0,290423679707.0,1352999170902.0,136292860087.0,230147575406.0,42918108540.0,93374751547.0,49996284751.0,STK,2025,1970553701985.0,2397769231267.0,1650088619453.0,0.474246334865171,0.5770628167277977,0.48004563439814374,0.023707455600283842,3.175649270749526,0.032801130615948734,0.9658620288037888,4.393846762700449,VN,yahoo
,,,,,,,,,,,,,,,SZC,2021,,,,,,,,,,,,VN,yahoo
6334995627469.0,1734819181422.0,265632283790.0,1540054515083.0,1534252108656.0,491191139798.0,2144008883404.0,2635200023202.0,441012031522.0,858888563926.0,276380022612.0,730520777910.0,32201898790.0,244178123822.0,197366644761.0,SZC,2022,2635200023202.0,4800743518813.0,,0.41597503426451976,0.7578132332083433,0.18639615037691123,0.012219906840647284,8.582724404370442,0.0436275001380579,1.1264660857336621,4.307370301459522,VN,yahoo
6961128667590.0,2064408677091.0,222415018720.0,1789360226862.0,1737315400168.0,601044159513.0,2066834155854.0,2667878315367.0,404135713034.0,817945615033.0,312725071460.0,650373439956.0,45847784189.0,266877287271.0,218873291512.0,SZC,2023,2667878315367.0,5223813267422.0,2635200023202.0,0.38325369961745603,0.7504261904744431,0.22528919555700158,0.01729100769851034,6.820941883927083,0.04492447796806319,1.1537132915440689,4.349559183285725,VN,yahoo
8225800130275.0,3066828196450.0,705293019852.0,1953283198673.0,3063813870054.0,675564972911.0,1656823281151.0,2332388254062.0,501845714155.0,870682607884.0,406782953639.0,720095951138.0,32182151129.0,374600802510.0,298603053891.0,SZC,2024,2332388254062.0,5161986260221.0,2667878315367.0,0.28354545662708985,0.6275360668225265,0.28964516166399884,0.01287217418597545,12.640017505617873,0.04945208334710664,1.5700888629633982,5.292459000359485,VN,yahoo
8171471413390.0,2531411574456.0,417191627627.0,1464251053824.0,3202888522535.0,515613759415.0,1960856027864.0,2476469787279.0,590920366636.0,1097946108948.0,470078354230.0,805945300914.0,26800760571.0,443277593659.0,344800515481.0,SZC,2025,2476469787279.0,4968582890855.0,2332388254062.0,0.30306289552956006,0.6080401728767406,0.2082051483380002,0.011146413697638007,17.53973932884026,0.057526769714903066,1.7288098020110905,5.405895529881852,VN,yahoo
,,,,,,,,,,,,,,,TCH,2022,,,,,,,,,,,,VN,yahoo
14176420431637.0,12286026001426.0,362970356876.0,2399784452552.0,8471880920224.0,43890280000.0,0.0,43890280000.0,946614860874.0,2093212050867.0,838230221586.0,891779322570.0,87343877818.0,750886343768.0,245967261596.0,TCH,2023,43890280000.0,5704539511413.0,,0.0030960058084939174,0.4023963269798621,1.0,1.990050594755832,9.596897258587893,0.05912848208955148,5.119637302575523,9.99915571582693,VN,yahoo
14624627589967.0,12441516369054.0,485789157952.0,2085363262860.0,8902680487422.0,33150000000.0,1000000000.0,34150000000.0,1120288828072.0,3803310818229.0,1568273609112.0,1633397891189.0,34206683598.0,1534066925514.0,743865129352.0,TCH,2024,34150000000.0,5721947102545.0,43890280000.0,0.002335102195930656,0.3912542091991767,0.9707174231332357,0.8766417444427416,45.84699374959851,0.10723511415688218,5.966114676821779,10.499362391334646,VN,yahoo
15331759635013.0,13260750350181.0,1268134021383.0,1488037105820.0,9749258859555.0,1050000000.0,303367282646.0,304417282646.0,1986360447776.0,4666987450641.0,1422385455629.0,1544481408957.0,0.0,1422385455629.0,854994167663.0,TCH,2025,304417282646.0,5582500775458.0,34150000000.0,0.01985533884517763,0.36411350740911,0.0034492128399326834,0.0,inf,0.0927737904513394,8.911572364906526,11.166707688555324,VN,yahoo
21840874772623.0,19405606286948.0,1691253431725.0,7382867751463.0,11495970888638.0,0.0,0.0,0.0,1294494966859.0,1447394456840.0,355053332853.0,416830509578.0,2082298302.0,352971034551.0,211060969763.0,TCH,2026,0.0,10344903883985.0,304417282646.0,0.0,0.4736487888732407,,0.013680552456816045,170.51031185684556,0.01625636960741383,2.628464566916095,8.330374258065596,VN,yahoo
,,,,,,,,,,,,,,,TCM,2021,,,,,,,,,,,,VN,yahoo
3477066569867.0,2166735823702.0,422224811098.0,1311885605713.0,1969299849046.0,789104774494.0,80073883300.0,959322002430.0,713995423064.0,4337389009868.0,381344516383.0,507100079128.0,31039722516.0,350304793867.0,279344882624.0,TCM,2022,869178657794.0,1507766720821.0,,0.2499746957180767,0.4336318245637365,0.907874080222782,0.035711556234916876,12.285693475076297,0.10967420632317278,1.6516194813528695,7.6406430085573245,VN,yahoo
3279364384954.0,2130754199483.0,434896282731.0,1173414840149.0,2000033253749.0,629350858443.0,48044329980.0,680489651995.0,687689678099.0,3324824506088.0,226668293707.0,355398777794.0,37848890155.0,188819403552.0,131907021874.0,TCM,2023,677395188423.0,1279331131205.0,869178657794.0,0.20656295211686332,0.39011557760237897,0.929074887449601,0.04894546774805529,5.988769889387527,0.06911958144906775,1.8158575523149487,7.954672395211952,VN,yahoo
3895534414371.0,2690037141466.0,563280117447.0,1518279328682.0,2261106168510.0,711645430860.0,59608479700.0,771253910560.0,921480854848.0,3810451106702.0,375312797991.0,497016695901.0,24884411885.0,350428386106.0,276064288479.0,TCM,2024,771253910560.0,1634428245861.0,677395188423.0,0.19798410911600994,0.41956457625722354,0.9227122496445835,0.03435533408672906,15.082245050654931,0.09634436718269901,1.771766953977559,8.094391215678232,VN,yahoo
4171199741030.0,2810959206998.0,814328555629.0,1512858062758.0,2435895821678.0,732620479361.0,142999339308.0,909759230049.0,1012483240644.0,3644420289027.0,379961774674.0,499092724067.0,41415680325.0,338546094349.0,269062774093.0,TCM,2025,875619818669.0,1735303919352.0,771253910560.0,0.20992037615843878,0.4160203363753324,0.8366878681145334,0.050296121177898875,9.174345844190839,0.09109172378788447,1.8580455603835764,8.168866864379465,VN,yahoo
3853630056769.0,1498058142293.0,41000286464.0,1951811835632.0,1173473928782.0,1016370006640.0,687423183336.0,1703793189976.0,38911984775.0,2492028565004.0,339780916179.0,367525477877.0,240769631795.0,99011284384.0,12969641821.0,TDC,2022,1703793189976.0,2680156127987.0,,0.44212681676157356,0.6954886920915611,0.5965336712340755,0.14131388317052232,1.411228291731998,0.08817164885408918,0.7675218045841629,3.56274023039699,VN,yahoo
3610466990626.0,798945279345.0,14069518738.0,2130115788942.0,764945874640.0,889800078141.0,689685706000.0,1579485784141.0,-367171280137.0,300723947693.0,-216804123421.0,-191825581671.0,184599174525.0,-401403297946.0,-402816426596.0,TDC,2023,1579485784141.0,2845521115986.0,1703793189976.0,0.4374740963542617,0.788131043262254,0.5633479497410708,0.11244805938224961,-1.1744587914808824,-0.0600487759572092,0.37507129119108845,0.3785516641735629,VN,yahoo
4411058948146.0,1812643858420.0,14502234992.0,3096042713445.0,1089563751305.0,1437807463273.0,152642153587.0,1590449616860.0,-42761029220.0,1170572089913.0,547643364646.0,567126416020.0,157249019316.0,390394345330.0,372380141550.0,TDC,2024,1590449616860.0,3321495196841.0,1579485784141.0,0.3605595925052141,0.752992702180289,0.9040257849296987,0.09921275951954353,3.482650429415286,0.12415235685666329,0.5854712050800654,2.4885031928438406,VN,yahoo
4552590970285.0,2429736367831.0,96256233520.0,2722779799280.0,1686291254660.0,1157182726857.0,108605241038.0,1265787967895.0,231725367490.0,2478767522605.0,470740629808.0,489068307821.0,147329960747.0,323410669061.0,275490387333.0,TDC,2025,1265787967895.0,2866299715625.0,1590449616860.0,0.278036831368525,0.6295974609477303,0.9141994996060754,0.10316365944721476,3.195145287633462,0.10340059822649317,0.8923734370563161,4.306259871819118,VN,yahoo
,,,,,,,,,,,,,,,TDP,2021,,,,,,,,,,,,VN,yahoo
3321100589906.0,2320048883518.0,353696089746.0,2219837611500.0,813727275015.0,1968769837694.0,251528637222.0,2266620482547.0,125665705570.0,3247695870017.0,279957945002.0,342614383445.0,156576430385.0,123381514617.0,93744633417.0,TDP,2022,2220298474916.0,2507373314891.0,,0.6685429768867203,0.7549826471717824,0.8867140431506553,0.07052044225311811,1.7879954493382033,0.0842967376094814,1.0451435147773196,4.478530461253842,VN,yahoo
3671189003568.0,2672567985143.0,260494385895.0,2611406132769.0,856071085149.0,2198621200719.0,183843643261.0,2411605689346.0,87088985704.0,3819708104766.0,282854835346.0,345206396131.0,212333810325.0,70521025021.0,42343810134.0,TDP,2023,2382464843980.0,2815117918419.0,2220298474916.0,0.6489627316012608,0.7668136714516766,0.9228346878966398,0.09226362322533217,1.3321233905851353,0.07704720053124359,1.0234210418695568,4.273683811657897,VN,yahoo
3943916237380.0,2977486027560.0,626000501793.0,2683387363973.0,1019903555466.0,2288379977626.0,229998726289.0,2535579948921.0,100806052132.0,4379117758945.0,311051308332.0,374777159523.0,182382271538.0,128669036794.0,93917546428.0,TDP,2024,2518378703915.0,2924012681914.0,2382464843980.0,0.6385477156046283,0.7413982716469819,0.908671906281827,0.07442893034866883,1.705490921397979,0.07886863959834904,1.109599779568001,4.718745917219811,VN,yahoo
4472013782002.0,3358915969899.0,1059186077414.0,3098303107940.0,1116289970230.0,2643225306506.0,234576921681.0,2908730391961.0,197374994896.0,4763794390629.0,319062125061.0,378742075141.0,189504056392.0,129558068669.0,96568942764.0,TDP,2025,2877802228187.0,3355723811772.0,2518378703915.0,0.6435137207691443,0.7503831551855668,0.9184874765251738,0.07023636115113789,1.683669105219583,0.07134640916025185,1.084114708238561,4.604908236715391,VN,yahoo
,,,,,,,,,,,,,,,TMS,2021,,,,,,,,,,,,VN,yahoo
5570603363655.0,1744350322596.0,556774624464.0,858786213245.0,3752925683496.0,278622398176.0,545535750068.0,824158148244.0,1773271320172.0,3648087847709.0,837774360435.0,962350844870.0,63544647746.0,774229712689.0,660744996699.0,TMS,2022,824158148244.0,1817677680159.0,,0.1479477346423837,0.3262981694260099,0.3380690936195308,0.07710249286668096,13.184027139213091,0.15039203219906094,2.0311810968702178,8.509144351585615,VN,yahoo
7999081302473.0,1816920221683.0,447183890000.0,948724617936.0,3908355832862.0,420596804664.0,1778225777886.0,2198822582550.0,1557286378577.0,2389818300795.0,318477447234.0,463395813549.0,81068276720.0,237409170514.0,160044252822.0,TMS,2023,2198822582550.0,4090725469611.0,824158148244.0,0.27488438976988655,0.5113994113731922,0.19128273831726297,0.05363466322771236,3.928508907793643,0.039814253061228336,1.9151186628168297,5.867410714771021,VN,yahoo
8360495591631.0,2025328189001.0,485654685668.0,1382555725063.0,3983435665727.0,760283897602.0,1692048762750.0,2452332660352.0,1514703392442.0,3325664683968.0,390084073675.0,664450402251.0,151930621588.0,238153452087.0,184459517490.0,TMS,2024,2452332660352.0,4377059925904.0,2198822582550.0,0.2933238386976518,0.5235407252992887,0.310024781667619,0.06533027329924415,2.5675144983795035,0.04665800841585047,1.464916134869508,5.614089870012221,VN,yahoo
8578743520159.0,2114942693643.0,489229783577.0,1893142967100.0,4172456314527.0,1209725803830.0,1236122462520.0,2445848266350.0,1703724041242.0,3476372097195.0,597879271525.0,877223484187.0,156733493580.0,441145777945.0,362070746439.0,TMS,2025,2445848266350.0,4406287205632.0,2452332660352.0,0.285105652197499,0.5136285046030066,0.4946037824477574,0.06399661258961718,3.8146235234642436,0.06969310483756237,1.1171595227605882,5.5296532312227225,VN,yahoo
,,,,,,,,,,,,,,,VCG,2021,,,,,,,,,,,,VN,yahoo
31999304114074.0,19974517525669.0,1710245033064.0,12763244121110.0,6856111690511.0,5319125995196.0,8077462187800.0,13513591494023.0,1683378272670.0,8452854897912.0,1742467306524.0,2018208781631.0,757108896483.0,985358410041.0,782276450772.0,VCG,2022,13396588182996.0,25143192423563.0,,0.41865248491775436,0.7857418503205659,0.3970507955113117,0.05651505339575803,2.3014751439565537,0.05445328749376223,1.5650031713043695,5.552083934980198,VN,yahoo
30694370036093.0,18680845505475.0,2580171701754.0,14422198827113.0,7252229011029.0,6097133767409.0,4862556085204.0,11098680452771.0,1582681058779.0,12703777892541.0,1388924790913.0,1727138385076.0,832937611206.0,555987179707.0,403504757243.0,VCG,2023,10959689852613.0,23442141025064.0,13396588182996.0,0.3570586345224119,0.7637277128508836,0.5563235684042032,0.06839613261010086,1.6675015898273498,0.04525014813074145,1.295284146988458,4.95716842078,VN,yahoo
29440638022507.0,17688521425552.0,2471352348020.0,12912024051661.0,8160434795380.0,4420642529623.0,4255916742354.0,8758975751210.0,1869009891225.0,12870215463529.0,1806829262438.0,2165447197861.0,434329226455.0,1372500035983.0,926542191578.0,VCG,2024,8676559271977.0,21280203227127.0,10959689852613.0,0.2947136969431124,0.7228173251835965,0.509492575461394,0.04423749400399489,4.1600453121365115,0.06137194652699787,1.3699263070437475,5.336331708855371,VN,yahoo
31268714831689.0,23627353292313.0,2330877242194.0,16136791693377.0,11336379732177.0,5495667337618.0,1860416539064.0,7419868788222.0,4495048854829.0,16071172929626.0,5252591858743.0,5584678313332.0,376331013403.0,4876260845340.0,3665305525137.0,VCG,2025,7356083876682.0,19932335099512.0,8676559271977.0,0.23525379652722544,0.6374529687837299,0.7470914456316462,0.04694559841612604,13.957371759627419,0.16798233912126787,1.4641915035694697,7.016142073320191,VN,yahoo
,,,,,,,,,,,,,,,VFG,2021,,,,,,,,,,,,VN,yahoo
2756470776119.0,2387283735919.0,208420873572.0,1614862991244.0,1139296722199.0,182407561586.0,,182407561586.0,498519835765.0,2976781079922.0,297307235132.0,318807237386.0,9626305429.0,287680929703.0,229164235398.0,VFG,2022,182407561586.0,1617174053920.0,,0.06617431360648145,0.5866828220819797,1.0,0.052773609522001476,30.884874506094377,0.10785793112981834,1.4783196771881992,7.142363203847696,VN,yahoo
2945607648935.0,2572762883973.0,129881543766.0,1697986612051.0,1245627587808.0,373737397248.0,,373737397248.0,604977199207.0,3262419854557.0,390876438096.0,413070884568.0,15143833635.0,375732604461.0,295577433645.0,VFG,2023,373737397248.0,1699980061127.0,182407561586.0,0.12687955824093775,0.5771237258097278,1.0,0.05446002303698012,25.810930542225282,0.13269806596181383,1.5151844341489575,7.528812118079355,VN,yahoo
2495777592059.0,2206932220207.0,800792811413.0,873604178729.0,1554559855856.0,172385892579.0,,172385892579.0,901389019076.0,3497261422831.0,576639247251.0,599494135934.0,6103281091.0,570535966160.0,470136174449.0,VFG,2024,172385892579.0,941217736203.0,373737397248.0,0.06907101543322328,0.37712404310293596,1.0,0.022351293946586262,94.48020477072927,0.23104592696309786,2.5262381682031885,11.218830171143209,VN,yahoo
2419903949604.0,2149025236955.0,653313311764.0,689408803914.0,1663211889183.0,87449061000.0,,87449061000.0,1006276590520.0,3530216200154.0,438414555286.0,465909888814.0,3927441860.0,434487113426.0,337129053469.0,VFG,2025,87449061000.0,756692060421.0,172385892579.0,0.036137409922534496,0.31269508054021206,1.0,0.03023028122970302,111.6285284197689,0.18117023006543026,3.117200164480463,12.087787478334178,VN,yahoo
,,,,,,,,,,,,,,,VGC,2021,,,,,,,,,,,,VN,yahoo
22958921409296.0,8107975056610.0,2018744609826.0,8390770390534.0,7615871596070.0,1907687092221.0,,3616558712543.0,1659864625390.0,14592449861977.0,2556580875854.0,5073657673491.0,251376723757.0,2305204152097.0,1728187379363.0,VGC,2022,1907687092221.0,15343049813226.0,,0.08309132028513252,0.6682826923660988,1.0,0.13177041705741055,10.170316637292906,0.11135457238068892,0.9662968570510482,4.674380349996973,VN,yahoo
24100190091285.0,9104809897619.0,1841653234658.0,8337206229771.0,7853244766958.0,2834128752018.0,,5134773348130.0,1462623130973.0,13193818428046.0,1950395917534.0,5006308386827.0,348457380117.0,1601938537417.0,1218120252933.0,VGC,2023,2834128752018.0,16246945324327.0,1907687092221.0,0.11759777583840987,0.674141791528945,1.0,0.14697212695020756,5.597229471446764,0.08092865285072143,1.0920696509949572,4.7081628637604025,VN,yahoo
24827418928138.0,9464267034186.0,2860122610379.0,8746167408966.0,8308950393800.0,2509193077187.0,,4812197069129.0,1426065505266.0,11906355941527.0,1923954518742.0,3874864820434.0,293628868632.0,1630325650110.0,1104734866668.0,VGC,2024,2509193077187.0,16518468534338.0,2834128752018.0,0.10106540210441375,0.6653316876051459,1.0,0.10990499094668503,6.5523343386009465,0.07749313467947722,1.0821044912179307,4.675904823511995,VN,yahoo
26436634618157.0,10364401828920.0,2424918695150.0,8357778358535.0,8670593428152.0,2660807871103.0,,5585397671908.0,1609184309958.0,13314757815595.0,2502341823372.0,4409648313125.0,300503133712.0,2201838689660.0,1403242274945.0,VGC,2025,2660807871103.0,17766041190005.0,2509193077187.0,0.10064850952229468,0.6720235554416245,1.0,0.11624877315018393,8.32717380501671,0.09465432569292921,1.2400905341472506,5.094881390322198,VN,yahoo
,,,,,,156425010023.0,,,,,,,,,VHC,2021,156425010023.0,,,,,,,,,,,VN,yahoo
11583289702919.0,7640362198885.0,553169450129.0,3698134021801.0,7523402009989.0,2213546608238.0,174909254819.0,2388455863057.0,5425873335830.0,13230800186919.0,2420038612482.0,2746970934072.0,97120949614.0,2322917662868.0,1975232341240.0,VHC,2022,2388455863057.0,4059887692930.0,156425010023.0,0.20619840514349796,0.35049522174230907,0.9267688980464841,0.07632651935998651,24.91778161251783,0.20892498370926077,2.066004680696814,10.359408608152368,VN,yahoo
11942549471150.0,7888156657832.0,232805453082.0,3232914913265.0,8347529278096.0,2157386405831.0,101863000000.0,2259249405831.0,6213263998030.0,10033016452094.0,1278374953473.0,1680628136102.0,133346693090.0,1145028260383.0,919191032965.0,VHC,2023,2259249405831.0,3595020193054.0,2388455863057.0,0.18917647452821873,0.30102619224970395,0.9549129017198822,0.05738173372680503,9.58685156601659,0.1070437226625028,2.4399518296834968,10.660566805103965,VN,yahoo
12234180221537.0,8238447590991.0,570012125911.0,3183722367033.0,8675301054742.0,2277106532564.0,0.0,2277106532564.0,6167569660225.0,12512793481045.0,1557954449401.0,2014133271294.0,73329339325.0,1484625110076.0,1226204938195.0,VHC,2024,2277106532564.0,3558879166795.0,2259249405831.0,0.18612661341667922,0.2908964149906803,1.0,0.03232962330153684,21.245990537239848,0.12734440895830385,2.5876777687335344,11.019094940142612,VN,yahoo
13408288560345.0,9321970265394.0,2008261260343.0,3311251179674.0,9610987145498.0,2046146063429.0,,2046146063429.0,7103129631931.0,12020897758218.0,1803494103563.0,2287949550144.0,54042653204.0,1749451450359.0,1418266289706.0,VHC,2025,2046146063429.0,3797301414847.0,2277106532564.0,0.15260307489805036,0.28320552602645466,1.0,0.02500092326508488,33.37167952793097,0.13450591367020784,2.8152410552894898,11.479183087347119,VN,yahoo
,,,,,,,,,,,,,,,VHM,2021,,,,,,,,,,,,VN,yahoo
361812647000000.0,196535229000000.0,10816783000000.0,187762383000000.0,145213275000000.0,14813419000000.0,20876302000000.0,35689721000000.0,99933635000000.0,62392603000000.0,40718213000000.0,41934761000000.0,2075514000000.0,38642699000000.0,28830869000000.0,VHM,2022,35689721000000.0,216599372000000.0,,0.09864144135348592,0.598650638102211,0.41506121608515795,0.05815439128818071,19.618375496383063,0.11253949616636812,1.0467231287749474,5.7696906333109075,VN,yahoo
444630675000000.0,242340589000000.0,14103181000000.0,211073231000000.0,179301793000000.0,18289641000000.0,38393923000000.0,56683564000000.0,133391779000000.0,103556722000000.0,47618883000000.0,49055176000000.0,4308598000000.0,43310285000000.0,33371406000000.0,VHM,2023,56683564000000.0,265328882000000.0,35689721000000.0,0.12748460056202826,0.5967399392765692,0.3226621565291837,0.0932866683262374,11.052059857986286,0.10709761084297659,1.1481351180908392,6.118588197458005,VN,yahoo
564209360000000.0,285478928000000.0,28780123000000.0,278532295000000.0,202635641000000.0,34268712000000.0,46987183000000.0,81292186000000.0,167205815000000.0,102323186000000.0,49616233000000.0,51416711000000.0,8768284000000.0,40847949000000.0,31801258000000.0,VHM,2024,81255895000000.0,361573719000000.0,56683564000000.0,0.14401727578571188,0.6408502670001788,0.42173816435102957,0.127132353041924,5.658602412969288,0.08793940072174627,1.0249401348594065,5.4762834615242495,VN,yahoo
787857267000000.0,496890087000000.0,49961891000000.0,343090159000000.0,238079067000000.0,43369058000000.0,102911282000000.0,146322754000000.0,202644241000000.0,153270923000000.0,64901763000000.0,67199904000000.0,12091857000000.0,52809906000000.0,41895255000000.0,VHM,2025,146280340000000.0,549778200000000.0,81255895000000.0,0.18566857999165984,0.6978144684676749,0.2964790620530414,0.1062851110285797,5.367394189329232,0.08237756471693496,1.448278459657014,6.377374446988703,VN,yahoo
,,,,,,,,,,,,,,,VIC,2021,,,,,,,,,,,,VN,yahoo
577407240000000.0,283116653000000.0,26213302000000.0,298411509000000.0,110092804000000.0,40594457000000.0,129671311000000.0,170265768000000.0,14346643000000.0,101793582000000.0,22356595000000.0,43640668000000.0,9601077000000.0,12755518000000.0,8781861000000.0,VIC,2022,170265768000000.0,467314436000000.0,,0.2948798633006403,0.8093324842965253,0.23841819454865407,0.056388768645497786,2.3285507448799754,0.03871893778124431,0.948745756987543,3.664789948005228,VN,yahoo
667655767000000.0,343536472000000.0,27982623000000.0,401298366000000.0,113741004000000.0,116177491000000.0,96887512000000.0,213253391000000.0,14105693000000.0,161427568000000.0,29442241000000.0,47048083000000.0,15672889000000.0,13769352000000.0,2156925000000.0,VIC,2023,213065003000000.0,553914763000000.0,170265768000000.0,0.3191240359644793,0.8296412468492914,0.5452678260821652,0.08177214137604413,1.8785458762580403,0.04409793557583395,0.8560624739747881,3.2632850444022807,VN,yahoo
836603903000000.0,396479911000000.0,42582366000000.0,505292040000000.0,137396834000000.0,94931737000000.0,132612893000000.0,227920057000000.0,44468350000000.0,189068040000000.0,38223790000000.0,60850914000000.0,21485084000000.0,16738706000000.0,11903028000000.0,VIC,2024,227544630000000.0,699207069000000.0,213065003000000.0,0.27198609662713946,0.8357683564380884,0.4172005157845298,0.09752434985914164,1.7790849689021462,0.0456892322196111,0.7846549710143861,3.0834202688546513,VN,yahoo
1118622625000000.0,658772464000000.0,73542242000000.0,587454564000000.0,147566342000000.0,113892582000000.0,224469083000000.0,338501032000000.0,54277387000000.0,331837561000000.0,55224560000000.0,86889807000000.0,28787185000000.0,26437375000000.0,11349934000000.0,VIC,2025,338361665000000.0,971056283000000.0,227544630000000.0,0.3024806198605182,0.8680821049905012,0.33660013465177857,0.10173834521490877,1.918373053843229,0.049368356017294036,1.1214015591510496,4.317732325699685,VN,yahoo
,,,,,,,,,,,,,,,VJC,2021,,,,,,,,,,,,VN,yahoo
68036964433312.0,33587472621916.0,1858261735520.0,30417318604359.0,14877858990317.0,8549901782085.0,10309745847108.0,18859647629193.0,9018933578880.0,40141863488029.0,-1265017664897.0,-1185284001841.0,1383641245573.0,-2648658910470.0,-2262499009854.0,VJC,2022,18859647629193.0,53159105442995.0,,0.2771970764168751,0.7813268255831743,0.45334366527880077,0.0733651695290028,-0.9142670970126544,-0.018593093848814142,1.1042220078236185,4.156726100705437,VN,yahoo
86925420916769.0,40826968900401.0,5050743180748.0,38861475794473.0,15231881944098.0,13248629473581.0,13812768435683.0,30810832871729.0,9249524468061.0,58340618715308.0,2746824197096.0,3160077876735.0,2140720590075.0,606103607021.0,230590889181.0,VJC,2023,27061397909264.0,71693538972671.0,18859647629193.0,0.3113174215765404,0.8247706852212713,0.48957668476710736,0.09323483666251606,1.283130647610469,0.031599780226846196,1.0505769033662777,4.180650249887781,VN,yahoo
99315254784593.0,38577508632397.0,4558984549152.0,33506383912017.0,17096613991908.0,12140904609919.0,26769280039951.0,42512499201367.0,10652687447061.0,72045286343724.0,5512429940326.0,6125722902090.0,3689813063627.0,1822616876699.0,1403162979000.0,VJC,2024,38910184649870.0,82218640792685.0,27061397909264.0,0.3917845726143797,0.827855106156761,0.31202382407505647,0.11186068062925776,1.49395913702669,0.0555043628723707,1.1513480157601026,4.525958583232303,VN,yahoo
139391011113158.0,49719146269227.0,10986580442252.0,46604740621386.0,24764641813906.0,25726583406664.0,39883863616253.0,68999694241945.0,12775221416068.0,82092949674406.0,6529664443592.0,7606899021358.0,3899330904827.0,2630333538765.0,2122533969007.0,VJC,2025,65610447022917.0,114626369299252.0,38910184649870.0,0.4706935296541774,0.8223368808638457,0.39211108251827625,0.07461361154100699,1.6745602266042356,0.0468442289889927,1.0668259410162206,4.236991730968455,VN,yahoo
,,,,,,,,,,,,,,,VNM,2021,,,,,,,,,,,,VN,yahoo
48482664236220.0,31560382174201.0,2299943527624.0,15308423081524.0,29849051303781.0,4867129839103.0,66028725000.0,4933158564103.0,3353468092666.0,59956247197418.0,10662415685530.0,13003405659432.0,166881008785.0,10495534676745.0,8516023694342.0,VNM,2022,4933158564103.0,18633612932439.0,,0.10175097927926122,0.3843355810986634,0.986615324818369,0.0338284299230394,63.892325215188805,0.21992223103870634,2.0616350884822205,8.834342982988531,VN,yahoo
52673371104460.0,35935879621477.0,2912027359925.0,17138689974862.0,31696814706151.0,8217757172267.0,238476074100.0,8456233246367.0,3926232003987.0,60368915511505.0,11322720537237.0,13622847516934.0,354821145751.0,10967899391486.0,8873812416864.0,VNM,2023,8456233246367.0,20976556398309.0,4933158564103.0,0.16054095397837537,0.39823835001388125,0.9717987823712816,0.0530003379949705,31.911064695064297,0.2149610002136027,2.096769337340578,8.865170573742656,VN,yahoo
55049061537061.0,37553650065098.0,2225943732075.0,18459546837640.0,32278819541005.0,9115435107250.0,157903902450.0,9273339009700.0,3471224745772.0,61782609528445.0,11879236680358.0,14220301887852.0,279582939023.0,11599653741335.0,9392310356250.0,VNM,2024,9273339009700.0,22770241996056.0,8456233246367.0,0.1684558964453346,0.41363542556899463,0.9829722711221027,0.03153859946365346,42.48913299885137,0.21579362751462117,2.0343755128660095,8.669542127370205,VN,yahoo
53312370717301.0,36261180908033.0,1794879718871.0,18520286019795.0,30685382906886.0,9393736731992.0,62907826150.0,9456644558142.0,8522576422223.0,63645886756227.0,11975908398755.0,14338811692674.0,325923173817.0,11649985224938.0,9410201646692.0,VNM,2025,9456644558142.0,22626987810415.0,9273339009700.0,0.1773818052152972,0.4244228404397717,0.993347764551874,0.034802291484823944,36.744574675378125,0.22463657566945458,1.9579168955207298,8.88764111362665,VN,yahoo
,,,,,,,,,,,,,,,VPI,2021,,,,,,,,,,,,VN,yahoo
11095990357248.0,5036551790344.0,488447100103.0,2636373189554.0,3514820516101.0,794742149056.0,3835222157803.0,4629964306859.0,999660328627.0,2152085505762.0,960594791251.0,999543327771.0,325070147215.0,635524644036.0,539690100341.0,VPI,2022,4629964306859.0,7581169841147.0,,0.4172646296357554,0.6832350783537687,0.17165189543224765,0.0702100762922576,2.955038472405978,0.08657134337031312,1.910409273732617,6.031262307245997,VN,yahoo
12530858055179.0,5950396721742.0,191400083310.0,4674559465239.0,3737776522481.0,2095649477706.0,3262826832127.0,5358476309833.0,1222616335007.0,1864841561755.0,1077348278882.0,1125169676715.0,458874243707.0,618474035175.0,496225033917.0,VPI,2023,5358476309833.0,8793081532698.0,4629964306859.0,0.42762245699673723,0.701714239677611,0.39109055569778417,0.09188105757772853,2.347807255815185,0.08597561907875353,1.272932083972916,5.2600754525193345,VN,yahoo
11138519411664.0,5259400630531.0,497531322936.0,2105572833456.0,4858728199709.0,1252191005803.0,3296632159633.0,4548823165436.0,1060809082247.0,1897330935760.0,526866702929.0,565122579822.0,186448115484.0,340418587445.0,328474750222.0,VPI,2024,4548823165436.0,6279791211955.0,5358476309833.0,0.40838669820627843,0.563790480571318,0.2752780137328066,0.037638534284629085,2.8258086790596333,0.04730132286498306,2.4978478763417735,6.548172496572696,VN,yahoo
14727969035197.0,8316806649540.0,706146479835.0,3092561615581.0,5249536677743.0,1078378812531.0,5210748937506.0,6289127750037.0,1440817560281.0,1976351741138.0,572691104269.0,612366846071.0,52481275104.0,520209829165.0,390644050404.0,VPI,2025,6289127750037.0,9478432357454.0,4548823165436.0,0.4270193490363267,0.64356683089178,0.17146715019815836,0.009684722788156226,10.912294015991826,0.03888459453576925,2.6892937581706096,6.738694526123546,VN,yahoo
,,,,,,,,,,,,,,,VRE,2021,,,,,,,,,,,,VN,yahoo
42701088000000.0,10534650000000.0,7019648000000.0,5819458000000.0,33392342000000.0,1045484000000.0,1948840000000.0,3186671000000.0,12064570000000.0,7361437000000.0,3845835000000.0,5297764000000.0,321345000000.0,3524490000000.0,2776057000000.0,VRE,2022,2994324000000.0,9308746000000.0,,0.07012289710276234,0.21799786459773576,0.3491552684345448,0.1073180457425449,11.96793166223218,0.09006409860095368,1.810245902625296,9.267233545660101,VN,yahoo
47653731000000.0,10036448000000.0,4101549000000.0,6244864000000.0,37803560000000.0,1791800000000.0,2143780000000.0,3935580000000.0,16475788000000.0,9791335000000.0,5856513000000.0,7310444000000.0,330426000000.0,5526087000000.0,4408600000000.0,VRE,2023,3935580000000.0,9850171000000.0,2994324000000.0,0.08258702765581985,0.20670303863510708,0.4552823217924677,0.09536235999806057,17.724128851845798,0.122897260657303,1.6071523735344757,9.754680714098058,VN,yahoo
55226155000000.0,12312424000000.0,2884680000000.0,5920740000000.0,41922279000000.0,1988427000000.0,2350770000000.0,4532855000000.0,20594507000000.0,8939117000000.0,5699430000000.0,7078534000000.0,566101000000.0,5133329000000.0,4095780000000.0,VRE,2024,4339197000000.0,13303876000000.0,3935580000000.0,0.07857141240414076,0.24089810344392074,0.4582476896070863,0.13682568122379613,10.067867747981367,0.10320164422093119,2.079541408675267,9.227129873112823,VN,yahoo
61279149000000.0,7961052000000.0,4434617000000.0,5173857000000.0,48368203000000.0,0.0,6208269000000.0,6401081000000.0,27040431000000.0,8837380000000.0,8786048000000.0,10167343000000.0,702870000000.0,8083178000000.0,6445924000000.0,VRE,2025,6208269000000.0,12910946000000.0,4339197000000.0,0.10131127963281605,0.21069068697412882,0.0,0.13327750949848996,12.500246133708936,0.14337744801253685,1.5387073898640802,9.884006254355246,VN,yahoo
,,,,,,,,,,,,,,,VSC,2021,,,,,,,,,,,,VN,yahoo
4366810324093.0,1305795538303.0,360383344706.0,433716636921.0,2793052157646.0,208400000000.0,700000000000.0,908400000000.0,664028970953.0,2007397494749.0,478017617703.0,679544139759.0,1104887671.0,476912730032.0,314293593407.0,VSC,2022,908400000000.0,1573758166447.0,,0.2080236906531262,0.36039077716843,0.2294143549097314,0.0012163008267283134,432.639109159722,0.10946608215741217,3.0107112043775395,7.654912936723093,VN,yahoo
5190925854088.0,1346116796163.0,370506274358.0,403171566331.0,2881403881665.0,117848968535.0,1446054810383.0,1568584923453.0,620034996643.0,2180945411694.0,435577443386.0,628944968831.0,170446855907.0,265130587479.0,123623359657.0,VSC,2023,1563903778918.0,2309521972423.0,908400000000.0,0.3012764625960476,0.4449152304119672,0.0753556389617108,0.1378850425748213,2.55550295174504,0.0839113205677886,3.3388187773585476,6.704919073263483,VN,yahoo
7795129594538.0,1811557308602.0,546631384396.0,715021123705.0,4521009895794.0,298766741896.0,1647591677437.0,1950052621960.0,719517346868.0,2787912700840.0,691727244532.0,945957673425.0,167149402470.0,524577842062.0,336159900134.0,VSC,2024,1946358419333.0,3274119698744.0,1563903778918.0,0.24968903925558872,0.420021201576707,0.15350037224818272,0.09523471070239867,4.138377010687497,0.08873838929075523,2.5335717345175994,6.519896275014095,VN,yahoo
12962909058393.0,4001843016254.0,915803506493.0,3015737357231.0,5414563462612.0,2353792443959.0,2929106945983.0,5373513825366.0,1394054678918.0,3205511845727.0,956344879648.0,1338117654488.0,274513425382.0,681831454266.0,340980036091.0,VSC,2025,5282899389942.0,7548345595781.0,1946358419333.0,0.40753964763191175,0.5823033673829354,0.44554936034563436,0.07594511985166845,3.4837818161978613,0.07377548321445658,1.3269865847762108,5.348569231383948,VN,yahoo
,,,,,,,,,,,,,,,VSH,2021,,,,,,,,,,,,VN,yahoo
9710316479989.0,1073888571905.0,131476931919.0,567662419508.0,5026370415560.0,135229134182.0,3914549447745.0,4049778581927.0,2273651217522.0,3084636671457.0,1787925797678.0,2379663555165.0,408091821298.0,1379833976380.0,1264844900711.0,VSH,2022,4049778581927.0,4683946064429.0,,0.41705938115125035,0.482368012832709,0.03339173523843719,0.10076892181691037,4.381185077395625,0.1841264186767294,1.8917732352896506,6.719404557747189,VN,yahoo
9533198918198.0,1461950650001.0,133464884244.0,1193995410086.0,4594864832470.0,196486094356.0,3542604478466.0,3739090572822.0,1842145634432.0,2572042429434.0,1484845394484.0,2072112406828.0,392412796174.0,1092432598310.0,993989892910.0,VSH,2023,3739090572822.0,4938334085728.0,4049778581927.0,0.3922178279196944,0.5180143756678752,0.05254916684398641,0.10076245687982563,3.7838862773109057,0.1557552094763875,1.2244189865819501,6.087976963572827,VN,yahoo
8607882329340.0,1099736290561.0,368164660113.0,485244654537.0,4683300432489.0,115370438196.0,3237603045138.0,3352973483334.0,1930581234451.0,1825139095390.0,799712939897.0,1389673405166.0,277799861038.0,521913078859.0,448329469019.0,VSH,2024,3352973483334.0,3924581896851.0,3739090572822.0,0.3895236197531856,0.45592885063891353,0.03440839564328508,0.07834104679211583,2.8787377247377672,0.09290472491371952,2.266354261254711,6.3267647881728095,VN,yahoo
8171336733738.0,1267737398112.0,68210983243.0,426842101423.0,4949775273145.0,111911228853.0,2592985161994.0,2704896390847.0,2197056075107.0,2304086752479.0,1158050115715.0,1748323219306.0,200617040004.0,957433075711.0,862609955656.0,VSH,2025,2704896390847.0,3221561460593.0,3352973483334.0,0.3310225094113381,0.39425146283492934,0.04137357321030569,0.06623352570151489,5.772441442122315,0.14172101254053288,2.9700383206943166,7.367243696290345,VN,yahoo
,,,,,,,,,,,,,,,VTP,2021,,,,,,,,,,,,VN,yahoo
5734637711352.0,5159724108806.0,459558841130.0,4333266761782.0,1388933207070.0,1296770636651.0,,1296770636651.0,234877612676.0,21628809150146.0,384605504281.0,468559345618.0,55589484981.0,329016019300.0,255756262185.0,VTP,2022,1296770636651.0,4345704504282.0,,0.22612947877840273,0.7577993106137223,1.0,0.0428676308746192,6.918673637873328,0.06706709711053835,1.190723856263151,5.115210021477131,VN,yahoo
6439394156721.0,5500055890773.0,894914736509.0,4801780217636.0,1584216879869.0,1670707830732.0,40790712116.0,1711498542848.0,344598779364.0,19587521805154.0,547367761006.0,629737676751.0,63945975580.0,483421785426.0,382878067973.0,VTP,2023,1711498542848.0,4855177276852.0,1296770636651.0,0.265785647095644,0.7539804457822321,0.9761666685102035,0.04251346655796914,8.559846902659453,0.08500299060505481,1.1454201653320928,5.049639265531944,VN,yahoo
6363556558123.0,4728456491813.0,389553167519.0,4676144433818.0,1588456546171.0,1375517858200.0,72502613634.0,1448020471834.0,305572253917.0,20734671115593.0,541130134757.0,674170792135.0,57801498674.0,483328636083.0,383085841715.0,VTP,2024,1448020471834.0,4775100011952.0,1711498542848.0,0.2275489278060427,0.7503822694648081,0.9499298421229009,0.03658879620942406,9.361870317739852,0.08503580188444372,1.0111870064612798,4.381196580983297,VN,yahoo
7518675499825.0,5680154668779.0,349825537243.0,5211678981607.0,1768209730795.0,1347951022687.0,502878862048.0,1850829884735.0,367876063959.0,20574073291686.0,588505998268.0,777782547445.0,73939554919.0,514566443349.0,404894289496.0,VTP,2025,1850829884735.0,5750465769030.0,1448020471834.0,0.2461643523221715,0.7648243057123352,0.7282954710232584,0.04482746831590235,7.959285106770011,0.07827256253866757,1.0898895900582786,4.667104493174029,VN,yahoo
