total_assets,current_assets,cash,current_liabilities,equity,st_debt,lt_debt,total_debt_reported,revenue,ebit,ebitda,interest_expense,pretax_income,net_income,ticker,year,retained_earnings
279685593000.0,52090586000.0,16417860000.0,30978400000.0,118430137000.0,15684079000.0,61091597000.0,77264282000.0,41281593000.0,-964079000.0,3612840000.0,6015871000.0,-6979950000.0,6558475000.0,AXIA3,2025,
289871330000.0,64451102000.0,26572522000.0,31630370000.0,121863225000.0,15242331000.0,62810702000.0,78235616000.0,40181552000.0,16738247000.0,20726022000.0,6117463000.0,10620784000.0,10378122000.0,AXIA3,2024,
267057654000.0,47897131000.0,13046371000.0,27159791000.0,112333372000.0,13044910000.0,48569496000.0,61831153000.0,37158908000.0,8191962000.0,11813304000.0,6463585000.0,1728377000.0,4549774000.0,AXIA3,2023,
270217462000.0,49623127000.0,10739126000.0,26440876000.0,110504796000.0,8814372000.0,51581752000.0,61149292000.0,34074233000.0,8052240000.0,10742509000.0,4705030000.0,3347210000.0,3635377000.0,AXIA3,2022,
,,,,,,,,,,,,,,AXIA3,2021,
145087200000.0,43875600000.0,18638200000.0,45599200000.0,87914100000.0,154300000.0,256900000.0,3386900000.0,88242500000.0,22142400000.0,28974500000.0,2720700000.0,19421700000.0,15503400000.0,ABEV3,2025,
162508300000.0,54156000000.0,28595700000.0,49389200000.0,98642100000.0,163600000.0,324000000.0,3452700000.0,89452700000.0,21885500000.0,29011900000.0,2398200000.0,19487300000.0,14437200000.0,ABEV3,2024,
132644300000.0,36563100000.0,16059000000.0,41005100000.0,78969300000.0,151200000.0,391000000.0,3501100000.0,79736900000.0,17851600000.0,24269500000.0,2815700000.0,15035900000.0,14501900000.0,ABEV3,2023,
137958000000.0,37816700000.0,14926400000.0,40540400000.0,81955600000.0,273300000.0,454300000.0,3845000000.0,79708800000.0,17128400000.0,23084700000.0,2892800000.0,14235600000.0,14457900000.0,ABEV3,2022,
,,,,,,,,,,,,,,ABEV3,2021,
12920200000.0,7150100000.0,1949800000.0,4761700000.0,3444700000.0,105300000.0,2488500000.0,2711900000.0,7577500000.0,464600000.0,724100000.0,197000000.0,267600000.0,351900000.0,EMBJ3,2025,
11824300000.0,6512400000.0,1563000000.0,4416300000.0,3075600000.0,113800000.0,2377300000.0,2602900000.0,6394700000.0,769500000.0,1013100000.0,212500000.0,557000000.0,352500000.0,EMBJ3,2024,
10782500000.0,6055400000.0,1629200000.0,3665600000.0,2786500000.0,127100000.0,2759300000.0,2982400000.0,5268500000.0,356500000.0,598200000.0,235800000.0,120700000.0,164000000.0,EMBJ3,2023,
10142100000.0,5756600000.0,1816900000.0,3217300000.0,2567500000.0,308500000.0,2894700000.0,3274200000.0,4540400000.0,18100000.0,228400000.0,223900000.0,-205800000.0,-185400000.0,EMBJ3,2022,
,,,,,,,,,,,,,,EMBJ3,2021,0.0
86525000000.0,18291000000.0,7372000000.0,15870000000.0,33509000000.0,522000000.0,20611000000.0,21801000000.0,38403000000.0,6694000000.0,9799000000.0,2041000000.0,4653000000.0,2352000000.0,VALE3,2025,0.0
80152000000.0,13481000000.0,4953000000.0,13090000000.0,33406000000.0,1020000000.0,15989000000.0,17722000000.0,38056000000.0,8033000000.0,11090000000.0,1337000000.0,6696000000.0,6166000000.0,VALE3,2024,0.0
94186000000.0,18700000000.0,3609000000.0,14655000000.0,39461000000.0,824000000.0,14521000000.0,16797000000.0,41784000000.0,12520000000.0,15590000000.0,1369000000.0,11151000000.0,7983000000.0,VALE3,2023,0.0
86894000000.0,15526000000.0,4736000000.0,13891000000.0,35867000000.0,307000000.0,13599000000.0,15437000000.0,43839000000.0,20726000000.0,23897000000.0,945000000.0,19781000000.0,18788000000.0,VALE3,2022,0.0
,,,,,,,,,,,,,,VALE3,2021,
128071708000.0,25220293000.0,7032339000.0,25246147000.0,68721743000.0,465688000.0,4448139000.0,20346681000.0,59595000000.0,8063746000.0,23008150000.0,792803000.0,7270943000.0,6167906000.0,VIVT3,2025,
124940673000.0,22814327000.0,6691098000.0,24257939000.0,69729582000.0,1927332000.0,3572592000.0,20746530000.0,55845048000.0,7341038000.0,21543323000.0,577229000.0,6763809000.0,5547948000.0,VIVT3,2024,
120737980000.0,19244962000.0,4358276000.0,20084184000.0,69566795000.0,598570000.0,4542618000.0,18737227000.0,52100151000.0,6134111000.0,19523684000.0,560195000.0,5573916000.0,5029389000.0,VIVT3,2023,
119121483000.0,17283910000.0,2273834000.0,22170720000.0,68403740000.0,2516778000.0,4752415000.0,19301796000.0,48041162000.0,5177015000.0,17836888000.0,345424000.0,4831591000.0,4085013000.0,VIVT3,2022,
,,,,,,,,,,,,,,VIVT3,2021,
104202767000.0,18556510000.0,4663226000.0,16552914000.0,42401124000.0,4936162000.0,34929690000.0,40142347000.0,38092050000.0,15158842000.0,17367604000.0,3456991000.0,11701851000.0,8462059000.0,SBSP3,2025,
80965430000.0,10608860000.0,1682606000.0,11972245000.0,36928054000.0,2927660000.0,21862569000.0,25258297000.0,36145477000.0,15436105000.0,18112747000.0,1793297000.0,13642808000.0,9579563000.0,SBSP3,2024,
61470957000.0,7783450000.0,838484000.0,8407842000.0,29857376000.0,2498023000.0,16586817000.0,19536350000.0,25572056000.0,6164882000.0,8955738000.0,1410898000.0,4753984000.0,3523531000.0,SBSP3,2023,
57207765000.0,7284664000.0,1867485000.0,6657342000.0,27333533000.0,2129398000.0,16370055000.0,18958671000.0,22055720000.0,5490731000.0,7941580000.0,1217981000.0,4272750000.0,3121267000.0,SBSP3,2022,
,,,,,,,,,,,,,,SBSP3,2021,
42645030000.0,26910845000.0,6296498000.0,17386401000.0,17417185000.0,3549314000.0,1041508000.0,5437975000.0,40804110000.0,8327035000.0,9328331000.0,179358000.0,8147677000.0,6376219000.0,WEGE3,2025,
41489701000.0,27221359000.0,7347599000.0,15454265000.0,22204221000.0,2850956000.0,744281000.0,4418355000.0,37986941000.0,8075235000.0,8887720000.0,166727000.0,7908508000.0,6042593000.0,WEGE3,2024,
31496270000.0,21562311000.0,6488454000.0,11219689000.0,17342085000.0,2170324000.0,664737000.0,3391960000.0,32503601000.0,6740859000.0,7368901000.0,150062000.0,6590797000.0,5731670000.0,WEGE3,2023,
28134660000.0,19653210000.0,4451002000.0,10262877000.0,14834795000.0,2307817000.0,1151875000.0,4009322000.0,29904722000.0,5194008000.0,5759565000.0,78366000.0,5115642000.0,4208084000.0,WEGE3,2022,
,,,,,,,,,,,,,,WEGE3,2021,
222337000000.0,25448000000.0,6471000000.0,36051000000.0,75565000000.0,2186000000.0,24255000000.0,69793000000.0,89195000000.0,30891000000.0,46038000000.0,4096000000.0,26795000000.0,19634000000.0,PETR3,2025,
181645000000.0,21836000000.0,3271000000.0,31460000000.0,59106000000.0,2566000000.0,20596000000.0,60311000000.0,91416000000.0,14983000000.0,27462000000.0,3841000000.0,11142000000.0,7528000000.0,PETR3,2024,
217067000000.0,32445000000.0,12727000000.0,33860000000.0,78583000000.0,4322000000.0,24479000000.0,62600000000.0,102409000000.0,39012000000.0,52292000000.0,3616000000.0,35396000000.0,24884000000.0,PETR3,2023,
187191000000.0,31250000000.0,7996000000.0,31380000000.0,69492000000.0,3576000000.0,26378000000.0,53799000000.0,124474000000.0,56715000000.0,69933000000.0,3190000000.0,53525000000.0,36623000000.0,PETR3,2022,
,,,,,,,,,,,,,,PETR3,2021,
106548532000.0,53778870000.0,3705415000.0,19272609000.0,19351708000.0,1712740000.0,44521391000.0,49958575000.0,55725852000.0,11223032000.0,12115129000.0,5286372000.0,5936660000.0,4688418000.0,RDOR3,2025,
102597882000.0,51361379000.0,6570751000.0,17855726000.0,24702627000.0,3915191000.0,34955408000.0,42473072000.0,50571261000.0,9004093000.0,9895477000.0,4106044000.0,4898049000.0,3846945000.0,RDOR3,2024,
90342356000.0,43123481000.0,3267408000.0,14237547000.0,22539706000.0,2918435000.0,31667514000.0,37758574000.0,46508558000.0,6550668000.0,7385269000.0,4000324000.0,2550344000.0,2040722000.0,RDOR3,2023,
86678327000.0,40623899000.0,1109796000.0,14751327000.0,21442803000.0,4973066000.0,27910159000.0,36215627000.0,22987443000.0,4671457000.0,6075599000.0,3346193000.0,1325264000.0,1194966000.0,RDOR3,2022,
,,,,,,,,,,,,,,RDOR3,2021,
167935519000.0,43867069000.0,15179753000.0,13772871000.0,43812045000.0,3004905000.0,91796352000.0,101731147000.0,50115679000.0,26558100000.0,37855358000.0,6146926000.0,20411174000.0,13408189000.0,SUZB3,2025,
165936105000.0,42182960000.0,9018818000.0,24477938000.0,32284269000.0,10501387000.0,90934144000.0,108408446000.0,47403282000.0,-8206166000.0,1017829000.0,4904887000.0,-13111053000.0,-7074198000.0,SUZB3,2024,
143593025000.0,38569072000.0,8345871000.0,14795040000.0,44692770000.0,4758247000.0,72414445000.0,83416474000.0,39755575000.0,22075542000.0,29396652000.0,4078326000.0,17997216000.0,14084848000.0,SUZB3,2023,
133197968000.0,37122650000.0,9505951000.0,14492543000.0,33061032000.0,3335029000.0,71239562000.0,80757121000.0,49830946000.0,32737524000.0,40175615000.0,4081943000.0,28655581000.0,23381617000.0,SUZB3,2022,24207869000.0
,,,,,,,,,,,,,,SUZB3,2021,3927824000.0
81099930000.0,16616314000.0,2229320000.0,17875963000.0,22489775000.0,4915121000.0,28553256000.0,33468377000.0,44367781000.0,10736410000.0,13133627000.0,2645164000.0,8091246000.0,5484324000.0,CPFE3,2025,0.0
77129194000.0,16551546000.0,1973401000.0,17370535000.0,20731762000.0,5402972000.0,25871060000.0,31274032000.0,42628212000.0,10457507000.0,12760631000.0,2368614000.0,8088893000.0,5457652000.0,CPFE3,2024,0.0
74971227000.0,18051353000.0,4435186000.0,19762108000.0,18879466000.0,7652663000.0,21924552000.0,29577215000.0,39743191000.0,10228666000.0,12478284000.0,2205884000.0,8022782000.0,5527101000.0,CPFE3,2023,
71146081000.0,15180037000.0,3746158000.0,14879172000.0,16256600000.0,4685626000.0,23499920000.0,28185546000.0,39354237000.0,9234631000.0,11266076000.0,1914983000.0,7319648000.0,5099586000.0,CPFE3,2022,
,,,,,,,,,,,,,,CPFE3,2021,
56939179000.0,13464205000.0,3610324000.0,15201168000.0,23977391000.0,925626000.0,1853097000.0,16543591000.0,26624721000.0,6849345000.0,13927032000.0,2289334000.0,4560011000.0,4311984000.0,TIMS3,2025,
56327311000.0,12662929000.0,3258743000.0,12827248000.0,26404636000.0,348353000.0,2687148000.0,15611347000.0,25447930000.0,5962863000.0,12988898000.0,2340400000.0,3622463000.0,3153881000.0,TIMS3,2024,
55260156000.0,11404293000.0,3077931000.0,12882966000.0,26015940000.0,1267237000.0,2503709000.0,16027721000.0,23833893000.0,5293068000.0,12410096000.0,2109035000.0,3184033000.0,2837422000.0,TIMS3,2023,
56408367000.0,10364415000.0,2548713000.0,13118009000.0,25397365000.0,1264967000.0,3704858000.0,17801690000.0,21530801000.0,3313672000.0,10140847000.0,1592764000.0,1720908000.0,1670755000.0,TIMS3,2022,
,,,,,,,,,,,,,,TIMS3,2021,
56840479000.0,9218039000.0,2148312000.0,8152226000.0,19822386000.0,1306743000.0,18565821000.0,23960163000.0,18416056000.0,3728956000.0,6522558000.0,1296976000.0,2431980000.0,1157575000.0,ENEV3,2025,-20071000.0
52770780000.0,8518296000.0,3194255000.0,5783912000.0,18909488000.0,1394104000.0,16284256000.0,22163006000.0,11387505000.0,269908000.0,1959539000.0,1619686000.0,-1349778000.0,42013000.0,ENEV3,2024,-677236000.0
43565879000.0,6061440000.0,2342061000.0,4736210000.0,12355130000.0,2144657000.0,17872962000.0,23609372000.0,10090895000.0,2074365000.0,3686113000.0,1792808000.0,281557000.0,217685000.0,ENEV3,2023,-297764000.0
41713969000.0,5583686000.0,1291295000.0,5026873000.0,13678298000.0,1230991000.0,17231044000.0,22129839000.0,6128603000.0,1466251000.0,2304773000.0,949458000.0,516793000.0,375774000.0,ENEV3,2022,-346969000.0
,,,,,,,,,,,,,,ENEV3,2021,
81688175000.0,28605081000.0,5929170000.0,9887420000.0,53585393000.0,941904000.0,13240247000.0,15571312000.0,69858532000.0,3881595000.0,7565180000.0,1357148000.0,2524447000.0,1387020000.0,GGBR3,2025,23054501000.0
86814493000.0,32669423000.0,7767813000.0,10851391000.0,57948759000.0,735037000.0,12901447000.0,14917153000.0,67026656000.0,6260648000.0,9386895000.0,796933000.0,5463715000.0,4566317000.0,GGBR3,2024,24238217000.0
74885144000.0,29197937000.0,3005645000.0,11284612000.0,49058959000.0,1797622000.0,9120678000.0,12195902000.0,68916447000.0,10186674000.0,13233886000.0,840069000.0,9346605000.0,7501565000.0,GGBR3,2023,25914830000.0
73798652000.0,31257422000.0,2475863000.0,13462581000.0,46116194000.0,3121148000.0,9511132000.0,13662923000.0,82412210000.0,16823634000.0,19690333000.0,964607000.0,15859027000.0,11425512000.0,GGBR3,2022,22172561000.0
,,,,,,,,,,,,,,GGBR3,2021,
64179605000.0,9573265000.0,3398291000.0,5262495000.0,25779881000.0,1474058000.0,25636759000.0,27755671000.0,15583960000.0,1162299000.0,7018217000.0,1394912000.0,-232613000.0,2251479000.0,PRIO3,2025,
55746165000.0,7952572000.0,3993359000.0,3688444000.0,25924192000.0,249223000.0,18152725000.0,20950434000.0,14360653000.0,7434737000.0,9929033000.0,1073618000.0,6361119000.0,10301606000.0,PRIO3,2024,
28310932000.0,5294874000.0,2335403000.0,3463811000.0,13878280000.0,1252062000.0,6141102000.0,9554402000.0,11905041000.0,6775695000.0,8830280000.0,671023000.0,6104672000.0,5179905000.0,PRIO3,2023,
20302520000.0,10602627000.0,9612961000.0,1387739000.0,9892017000.0,433772000.0,7198316000.0,9133446000.0,6363475000.0,4060179000.0,4914435000.0,398359000.0,3661820000.0,3427072000.0,PRIO3,2022,
,,,,,,,,,,,,,,PRIO3,2021,0.0
109603944000.0,26604996000.0,2659827000.0,17803899000.0,25751539000.0,4413485000.0,50058278000.0,54571895000.0,49253121000.0,7430138000.0,10568790000.0,4975134000.0,2455004000.0,1678352000.0,EQTL3,2025,
116412091000.0,28527347000.0,3306364000.0,19605209000.0,26113686000.0,6380400000.0,49446678000.0,55930933000.0,41563114000.0,6764310000.0,9521500000.0,4021005000.0,2743305000.0,2811675000.0,EQTL3,2024,
103643452000.0,27952915000.0,4612248000.0,18149382000.0,21093243000.0,5261942000.0,41190202000.0,46556454000.0,39486317000.0,7273563000.0,9720370000.0,4238774000.0,3034789000.0,2075593000.0,EQTL3,2023,
90617397000.0,21689299000.0,3166362000.0,22099849000.0,16614353000.0,10809088000.0,30374437000.0,41303400000.0,26217467000.0,5448669000.0,7173787000.0,2755932000.0,2692737000.0,1373938000.0,EQTL3,2022,
,,,,,,,,,,,,,,EQTL3,2021,
60414456000.0,10881654000.0,3130363000.0,11062317000.0,23130019000.0,2068365000.0,17946978000.0,20308305000.0,26116856000.0,3487611000.0,4969497000.0,240952000.0,3246659000.0,2688614000.0,CPLE3,2025,8214479000.0
57384156000.0,13041808000.0,4161939000.0,10342380000.0,25674718000.0,3256315000.0,13989844000.0,17574665000.0,22651036000.0,3150931000.0,4616409000.0,243697000.0,2907234000.0,2809631000.0,CPLE3,2024,9363866000.0
55819074000.0,13715730000.0,5634623000.0,9309433000.0,23886153000.0,1901629000.0,13060694000.0,15232765000.0,21479468000.0,2719808000.0,4101848000.0,230084000.0,2489724000.0,2258810000.0,CPLE3,2023,9000506000.0
49703700000.0,9327249000.0,2678457000.0,7156597000.0,20817364000.0,1625185000.0,10829033000.0,12727974000.0,20535341000.0,1176923000.0,2410020000.0,234035000.0,942888000.0,1112007000.0,CPLE3,2022,7911295000.0
,,,,,,,,,,,,,,CPLE3,2021,
55312909000.0,6911102000.0,3358552000.0,6158138000.0,12757728000.0,2964832000.0,26183772000.0,29148604000.0,12860075000.0,6000680000.0,7392851000.0,2374161000.0,3626519000.0,2582841000.0,EGIE3,2025,
50112301000.0,7198390000.0,3958758000.0,7273026000.0,11266701000.0,2620932000.0,21514004000.0,24134936000.0,11218635000.0,7487182000.0,8559206000.0,1781211000.0,5705971000.0,4279349000.0,EGIE3,2024,
42224473000.0,8913451000.0,5255767000.0,6113665000.0,8862771000.0,2549863000.0,18127381000.0,20677244000.0,10747784000.0,5952513000.0,6876772000.0,1555213000.0,4397300000.0,3429555000.0,EGIE3,2023,
38186752000.0,7378528000.0,2235887000.0,5890219000.0,8436522000.0,1652968000.0,16288157000.0,17941125000.0,11906605000.0,5222191000.0,6211991000.0,1936897000.0,3285294000.0,2663079000.0,EGIE3,2022,
,,,,,,,,,,,,,,EGIE3,2021,
1948841000.0,437659000.0,19948000.0,549169000.0,1281813000.0,,,20822000.0,2420159000.0,872249000.0,1182526000.0,42599000.0,829650000.0,582570000.0,SAUD3,2025,
2122069000.0,490076000.0,16531000.0,764626000.0,1227769000.0,,,25785000.0,2281192000.0,799832000.0,1080227000.0,36455000.0,763377000.0,539244000.0,SAUD3,2024,
2163973000.0,517175000.0,14391000.0,648332000.0,1386994000.0,,,30892000.0,2118667000.0,757945000.0,1019973000.0,33553000.0,724392000.0,511394000.0,SAUD3,2023,
1872893000.0,325303000.0,15837000.0,627112000.0,1127791000.0,,,20421000.0,1854392000.0,552287000.0,589310000.0,34993000.0,517294000.0,365860000.0,SAUD3,2022,140000.0
,,,,,,,,,,,,,,SAUD3,2021,
60963000000.0,22913000000.0,3647000000.0,11771000000.0,20607000000.0,1132000000.0,21233000000.0,23216000000.0,189256000000.0,5165000000.0,6233000000.0,2713000000.0,2452000000.0,1979000000.0,VBBR3,2025,
49000000000.0,25841000000.0,10480000000.0,8514000000.0,20385000000.0,2695000000.0,17754000000.0,20808000000.0,172272000000.0,9879000000.0,10433000000.0,1341000000.0,8538000000.0,6367000000.0,VBBR3,2024,
43481000000.0,23599000000.0,6666000000.0,9996000000.0,15731000000.0,1349000000.0,13421000000.0,15518000000.0,162947000000.0,7848000000.0,8402000000.0,1389000000.0,6459000000.0,4766000000.0,VBBR3,2023,
41110000000.0,22244000000.0,4145000000.0,9624000000.0,12613000000.0,1674000000.0,14883000000.0,17391000000.0,181446000000.0,3072000000.0,3625000000.0,1142000000.0,1930000000.0,1537000000.0,VBBR3,2022,
,,,,,,,,,,,,,,VBBR3,2021,
49348994000.0,19176470000.0,3175125000.0,11847344000.0,15666272000.0,4251131000.0,15842130000.0,21832894000.0,142369540000.0,6219405000.0,7805568000.0,2407496000.0,3811909000.0,2453853000.0,UGPA3,2025,
39558074000.0,16047721000.0,2071593000.0,10493201000.0,15158718000.0,3478673000.0,10381837000.0,15345662000.0,133498913000.0,5381032000.0,6593765000.0,1369515000.0,4011517000.0,2362740000.0,UGPA3,2024,
38251974000.0,18648895000.0,5925688000.0,11229658000.0,13506495000.0,1993254000.0,9777881000.0,13295069000.0,126048701000.0,5203883000.0,6358677000.0,1625188000.0,3578695000.0,2439795000.0,UGPA3,2023,
36441003000.0,18564600000.0,5621769000.0,12766252000.0,11708741000.0,3360677000.0,8393176000.0,13277622000.0,143634708000.0,3473053000.0,4500376000.0,1593328000.0,1879725000.0,1800839000.0,UGPA3,2022,
,,,,,,,,,,,,,,UGPA3,2021,
67028000000.0,14478000000.0,1902000000.0,14462000000.0,28576000000.0,3052000000.0,16414000000.0,19883000000.0,42751000000.0,7173000000.0,8706000000.0,1503000000.0,5670000000.0,4897000000.0,CMIG3,2025,
59727000000.0,12232000000.0,1898000000.0,14146000000.0,27377000000.0,2877000000.0,9403000000.0,12709000000.0,39820000000.0,10347000000.0,11723000000.0,989000000.0,9358000000.0,7117000000.0,CMIG3,2024,
55000000000.0,11869000000.0,1537000000.0,13093000000.0,24650000000.0,2630000000.0,7201000000.0,10264000000.0,36850000000.0,7864000000.0,9138000000.0,1013000000.0,6851000000.0,5764000000.0,CMIG3,2023,0.0
53671000000.0,13465000000.0,1441000000.0,11203000000.0,21778000000.0,955000000.0,9626000000.0,10935000000.0,31805000000.0,5048000000.0,6230000000.0,928000000.0,4120000000.0,4092000000.0,CMIG3,2022,0.0
,,,,,,,,,,,,,,CMIG3,2021,0.0
25170475000.0,14904448000.0,509619000.0,10193900000.0,7322129000.0,508137000.0,3359618000.0,8834067000.0,44250449000.0,2514058000.0,3562987000.0,1066003000.0,1448055000.0,1296861000.0,RADL3,2025,0.0
22163756000.0,12703710000.0,528002000.0,9194959000.0,6433460000.0,637110000.0,2656820000.0,7718467000.0,38871522000.0,2231720000.0,3143685000.0,812726000.0,1418994000.0,1199864000.0,RADL3,2024,0.0
20094412000.0,11561674000.0,412321000.0,8079497000.0,5956001000.0,604601000.0,2526102000.0,7067464000.0,33973790000.0,1954480000.0,2752170000.0,737787000.0,1216693000.0,1054973000.0,RADL3,2023,
17185306000.0,9577068000.0,433541000.0,6367168000.0,5340862000.0,186356000.0,2131548000.0,6057912000.0,29067380000.0,1752432000.0,2452598000.0,559223000.0,1193209000.0,996112000.0,RADL3,2022,
,,,,,,,,,,,,,,RADL3,2021,
53783092000.0,9719857000.0,7018132000.0,6181527000.0,13842639000.0,846430000.0,22277407000.0,27268985000.0,13847776000.0,4769291000.0,6982622000.0,3214809000.0,1554482000.0,847057000.0,RAIL3,2025,0.0
50593023000.0,10872559000.0,7461618000.0,6668802000.0,14731244000.0,1241113000.0,17882105000.0,23155408000.0,13936389000.0,3043720000.0,5347100000.0,3192477000.0,-148757000.0,-959247000.0,RAIL3,2024,0.0
49238436000.0,10251830000.0,7233993000.0,5477537000.0,15671352000.0,1356905000.0,17607936000.0,22371684000.0,10937716000.0,4477016000.0,6652850000.0,3557924000.0,919092000.0,719666000.0,RAIL3,2023,0.0
45951745000.0,9754895000.0,7385421000.0,5690421000.0,15191169000.0,1357026000.0,15401062000.0,20012098000.0,9841508000.0,3539116000.0,5506061000.0,2831979000.0,707137000.0,514940000.0,RAIL3,2022,0.0
,,,,,,,,,,,,,,RAIL3,2021,
71013870000.0,23927061000.0,3651544000.0,15510041000.0,15791252000.0,1857013000.0,35383678000.0,37267609000.0,18850645000.0,7188698000.0,8720779000.0,,4144115000.0,3279585000.0,MOTV3,2025,
59097099000.0,10441129000.0,4187905000.0,6131865000.0,13608891000.0,1677058000.0,32432276000.0,34132711000.0,18115933000.0,4547845000.0,5884846000.0,3153005000.0,2149860000.0,1248695000.0,MOTV3,2024,
54643132000.0,10994963000.0,4548717000.0,8482420000.0,12462153000.0,4368702000.0,26485709000.0,30870635000.0,18932725000.0,6543467000.0,8116615000.0,3532140000.0,3011327000.0,1704840000.0,MOTV3,2023,
50547300000.0,12621169000.0,5229073000.0,10766539000.0,11464563000.0,7574719000.0,21921590000.0,29517970000.0,19181691000.0,10357394000.0,12090314000.0,3352390000.0,7005004000.0,4133088000.0,MOTV3,2022,
,,,,,,,,,,,1679293000.0,,,MOTV3,2021,
63796777000.0,18049685000.0,10106016000.0,8767398000.0,7885946000.0,1770665000.0,34950377000.0,38458573000.0,20697507000.0,5543077000.0,10533514000.0,3163674000.0,2379403000.0,1403135000.0,KLBN3,2025,0.0
59390832000.0,13818844000.0,6736171000.0,7163343000.0,6651853000.0,1813049000.0,37891188000.0,41562440000.0,19645264000.0,5360483000.0,9324037000.0,3090803000.0,2269680000.0,1831011000.0,KLBN3,2024,0.0
55434690000.0,16497088000.0,9558829000.0,5875741000.0,11585122000.0,1560843000.0,29780401000.0,33264538000.0,18023749000.0,5898451000.0,9225033000.0,2084394000.0,3814057000.0,2694538000.0,KLBN3,2023,
47639430000.0,12515679000.0,4683945000.0,6461750000.0,9559484000.0,1952980000.0,25013211000.0,28611079000.0,20032699000.0,7756211000.0,10925366000.0,1157057000.0,6599154000.0,4461250000.0,KLBN3,2022,
,,,,,,,,,,,,,,KLBN3,2021,1624044000.0
33553574000.0,12084606000.0,8871892000.0,10039250000.0,6680126000.0,1650923000.0,7535494000.0,9321031000.0,18025121000.0,3780084000.0,5056078000.0,1331743000.0,2448341000.0,1649647000.0,CMIN3,2025,
36390919000.0,17832106000.0,15185928000.0,7545988000.0,10269114000.0,1340018000.0,8788702000.0,10251048000.0,16496317000.0,6965171000.0,8115647000.0,1216045000.0,5749126000.0,4527719000.0,CMIN3,2024,
29690605000.0,12987583000.0,9795878000.0,6069785000.0,10698697000.0,445182000.0,7733799000.0,8178981000.0,18880426000.0,5674315000.0,6716444000.0,867757000.0,4806558000.0,3568737000.0,CMIN3,2023,
25053595000.0,9617117000.0,6489572000.0,4642823000.0,11393427000.0,1045990000.0,7350418000.0,8396408000.0,13272564000.0,4419280000.0,5419549000.0,438878000.0,3980402000.0,2950298000.0,CMIN3,2022,
,,,,,,,,,,,,,,CMIN3,2021,
17737247000.0,2533931000.0,503654000.0,1841630000.0,8578303000.0,749653000.0,6832383000.0,7679028000.0,8330190000.0,2273442000.0,3219881000.0,524297000.0,1749145000.0,1415744000.0,CSMG3,2025,
15511789000.0,2406411000.0,642082000.0,1673202000.0,8048229000.0,707778000.0,5405391000.0,6192523000.0,7878006000.0,2035425000.0,2836430000.0,362419000.0,1673006000.0,1316920000.0,CSMG3,2024,
14189863000.0,2543503000.0,1031425000.0,2011670000.0,7573825000.0,681656000.0,4061858000.0,4835792000.0,7404379000.0,1793409000.0,2582979000.0,7137000.0,1786272000.0,1379346000.0,CSMG3,2023,
13189607000.0,2449939000.0,1122299000.0,1937386000.0,7254514000.0,940871000.0,3199049000.0,4245836000.0,6176855000.0,1223824000.0,1953957000.0,326761000.0,1045954000.0,843362000.0,CSMG3,2022,
,,,,,,,,,,,,,,CSMG3,2021,
141988425000.0,54394393000.0,4711133000.0,50453066000.0,11319023000.0,14855314000.0,55069720000.0,75838258000.0,163962737000.0,5849868000.0,13082507000.0,6595879000.0,-746011000.0,358228000.0,MBRF3,2025,
137510139000.0,54934666000.0,4516687000.0,42965775000.0,2824144000.0,8573504000.0,52809936000.0,66279640000.0,149135143000.0,6015466000.0,13212970000.0,5687147000.0,328319000.0,2795401000.0,MBRF3,2024,
130954636000.0,52100800000.0,6460212000.0,42170873000.0,7631324000.0,7706111000.0,44139417000.0,56084089000.0,132218010000.0,857391000.0,7597623000.0,5398619000.0,-4541228000.0,-1517776000.0,MBRF3,2023,
136104323000.0,50598078000.0,6403788000.0,40420580000.0,5569860000.0,13630185000.0,48477267000.0,65710550000.0,125371360000.0,6371072000.0,11703765000.0,3379240000.0,2991832000.0,4165827000.0,MBRF3,2022,
,,,,,,,,,,,,,,MBRF3,2021,
47201372000.0,7087439000.0,1356062000.0,1886771000.0,21151467000.0,586083000.0,15365630000.0,16007349000.0,9411153000.0,4100140000.0,4134832000.0,1319831000.0,2780309000.0,2447899000.0,ISAE3,2025,
43304632000.0,7939449000.0,2914747000.0,3264818000.0,19714581000.0,1191970000.0,12044325000.0,13273804000.0,7966581000.0,5046383000.0,5083740000.0,877722000.0,4168661000.0,3498416000.0,ISAE3,2024,
35911156000.0,5978428000.0,245819000.0,2444736000.0,17380140000.0,646626000.0,8593669000.0,9268665000.0,6215521000.0,3891104000.0,3915993000.0,770105000.0,3120999000.0,2841117000.0,ISAE3,2023,0.0
32243550000.0,4670170000.0,336523000.0,1293346000.0,16177452000.0,166893000.0,7817836000.0,8041697000.0,5450570000.0,3659533000.0,3687031000.0,981399000.0,2678134000.0,2262245000.0,ISAE3,2022,0.0
,,,,,,,,,,,,,,ISAE3,2021,11045897000.0
9452171000.0,3875770000.0,1785703000.0,1978222000.0,5105280000.0,100079000.0,1477270000.0,1836282000.0,5771867000.0,1303950000.0,1645034000.0,261972000.0,1041978000.0,891741000.0,TOTS3,2025,
8531721000.0,2763558000.0,1942162000.0,1144197000.0,4681352000.0,62845000.0,1472286000.0,1661549000.0,4914747000.0,963759000.0,1277022000.0,204326000.0,759433000.0,717513000.0,TOTS3,2024,
8828860000.0,3906298000.0,3129162000.0,1348729000.0,4720574000.0,87291000.0,1491495000.0,1744067000.0,4440443000.0,920586000.0,1203387000.0,237300000.0,683286000.0,734820000.0,TOTS3,2023,
10616193000.0,6230161000.0,2735765000.0,3336366000.0,4308616000.0,58871000.0,1488713000.0,1759542000.0,3792932000.0,900818000.0,1136946000.0,239223000.0,661595000.0,498136000.0,TOTS3,2022,
,,,,,,,,,,,,,,TOTS3,2021,
83471647000.0,20931903000.0,1386005000.0,13448826000.0,19198419000.0,6193651000.0,38369066000.0,44710830000.0,35441353000.0,7114589000.0,9236421000.0,3779681000.0,3334908000.0,2214439000.0,ENGI3,2025,
77181653000.0,18016017000.0,899139000.0,14653391000.0,17279498000.0,6321362000.0,28796199000.0,35247233000.0,33715476000.0,7330787000.0,9188823000.0,2955628000.0,4375159000.0,3789678000.0,ENGI3,2024,
68068471000.0,17206180000.0,1298424000.0,15349661000.0,11897510000.0,6910613000.0,25466758000.0,32459439000.0,28531858000.0,6353469000.0,7930650000.0,2783631000.0,3569838000.0,1894219000.0,ENGI3,2023,0.0
59670668000.0,14724256000.0,916207000.0,13224879000.0,11019892000.0,6638407000.0,21574285000.0,28278171000.0,26503137000.0,5568605000.0,6843069000.0,2429821000.0,3138784000.0,2135461000.0,ENGI3,2022,0.0
,,,,,,,,,,,,,,ENGI3,2021,-397289000.0
14946780000.0,4094006000.0,1260666000.0,2678036000.0,1441482000.0,1366818000.0,8173805000.0,9584076000.0,11589616000.0,3079204000.0,3767620000.0,986580000.0,2092624000.0,1546478000.0,CGAS3,2025,
15591493000.0,5277580000.0,2188418000.0,3675447000.0,1133863000.0,1638128000.0,8151073000.0,9825090000.0,15443193000.0,3435720000.0,4089164000.0,800870000.0,2634850000.0,1792464000.0,CGAS3,2024,
13738834000.0,4633445000.0,1845136000.0,3877440000.0,1694174000.0,1165556000.0,5812535000.0,7018828000.0,15158674000.0,2747443000.0,3323235000.0,608059000.0,2139384000.0,1408787000.0,CGAS3,2023,
12664111000.0,4810931000.0,1241256000.0,3844998000.0,1032753000.0,1554840000.0,5425800000.0,7024310000.0,16999571000.0,3036836000.0,3535323000.0,923138000.0,2113698000.0,1811479000.0,CGAS3,2022,
,,,,,,,,,,,,,,CGAS3,2021,
33347589000.0,7758697000.0,3430108000.0,5170128000.0,5326247000.0,1961085000.0,13359708000.0,17251026000.0,16604055000.0,3970649000.0,5218297000.0,1882015000.0,2088634000.0,1283757000.0,PASS3,2025,1671731000.0
34250119000.0,9376762000.0,5271256000.0,7757086000.0,4649551000.0,2697201000.0,11751832000.0,16571339000.0,18383448000.0,4244879000.0,5333489000.0,1429723000.0,2815156000.0,1966575000.0,PASS3,2024,1029852000.0
28836503000.0,8334477000.0,3931532000.0,5773108000.0,6588964000.0,1937294000.0,8079856000.0,11654093000.0,17767327000.0,3428928000.0,4328563000.0,814795000.0,2614133000.0,1602989000.0,PASS3,2023,1300881000.0
25122186000.0,7563371000.0,3403635000.0,4582545000.0,6521263000.0,1685123000.0,6593716000.0,8355445000.0,19719205000.0,3297309000.0,4073557000.0,1040671000.0,2256638000.0,1848640000.0,PASS3,2022,1223952000.0
,,,,,,,,,,,,,,PASS3,2021,
81758415000.0,28674799000.0,5958028000.0,9897300000.0,19131267000.0,941904000.0,13240247000.0,15571312000.0,69858532000.0,3794241000.0,7477826000.0,1274472000.0,2519769000.0,476492000.0,GOAU3,2025,
86948529000.0,32802961000.0,7861818000.0,10905469000.0,20035526000.0,735037000.0,12901447000.0,14917153000.0,67026656000.0,6275332000.0,9401579000.0,796933000.0,5478399000.0,1544820000.0,GOAU3,2024,
75232462000.0,29540169000.0,3005688000.0,11304213000.0,16761023000.0,1797622000.0,9120678000.0,12195902000.0,68916447000.0,10261719000.0,13308931000.0,840069000.0,9421650000.0,2560346000.0,GOAU3,2023,
74769525000.0,32219794000.0,2475896000.0,13493868000.0,16456648000.0,3121148000.0,9511132000.0,13662923000.0,82412210000.0,16835993000.0,19702692000.0,964607000.0,15871386000.0,3744624000.0,GOAU3,2022,0.0
,,,,,,,,,,,,,,GOAU3,2021,
32899734000.0,8432683000.0,352971000.0,5389521000.0,6189214000.0,1896919000.0,17152724000.0,19079674000.0,17211641000.0,3625673000.0,4623214000.0,1588709000.0,2036964000.0,1203331000.0,REDE3,2025,57316000.0
30059241000.0,8455659000.0,225695000.0,6113287000.0,4303727000.0,2560510000.0,13185089000.0,15769632000.0,16322525000.0,3447744000.0,4323813000.0,1173824000.0,2273920000.0,1476129000.0,REDE3,2024,57316000.0
27652729000.0,7989174000.0,376132000.0,6599184000.0,4022096000.0,2737004000.0,9710812000.0,12453210000.0,15057036000.0,4000535000.0,4781912000.0,1059385000.0,2941150000.0,1657927000.0,REDE3,2023,57316000.0
25256054000.0,6838370000.0,343498000.0,5233583000.0,3850558000.0,2034484000.0,8912960000.0,10955215000.0,15119769000.0,4217476000.0,4905949000.0,1689614000.0,2527862000.0,1486267000.0,REDE3,2022,0.0
,,,,,,,,,,,,,,REDE3,2021,
25158004000.0,6048363000.0,1645541000.0,4110967000.0,12522029000.0,1329908000.0,8007541000.0,9337449000.0,7699157000.0,1943743000.0,2260966000.0,1043670000.0,900073000.0,1195369000.0,HYPE3,2025,
24559083000.0,6681876000.0,1739327000.0,3940088000.0,12096281000.0,1409003000.0,7988364000.0,9397367000.0,7442466000.0,1949411000.0,2230466000.0,970173000.0,979238000.0,1340990000.0,HYPE3,2024,
24508751000.0,8077766000.0,2580893000.0,4644236000.0,11504124000.0,2140996000.0,7820840000.0,9961836000.0,7914658000.0,2638624000.0,2876936000.0,1129149000.0,1509475000.0,1647960000.0,HYPE3,2023,
23755633000.0,8530120000.0,2862473000.0,5225194000.0,10645760000.0,2298757000.0,7382212000.0,9680969000.0,7546355000.0,2597186000.0,2766287000.0,986082000.0,1611104000.0,1696697000.0,HYPE3,2022,
,,,,,,,,,,,,,,HYPE3,2021,
22506506000.0,3579382000.0,741596000.0,2285134000.0,7608982000.0,1340342000.0,9633486000.0,10974442000.0,4624113000.0,2614428000.0,2677686000.0,915554000.0,1698874000.0,1579863000.0,TAEE3,2025,
20431093000.0,3022657000.0,750976000.0,2462741000.0,6939504000.0,1482103000.0,8316356000.0,9799865000.0,3718138000.0,2640684000.0,2665404000.0,778170000.0,1862514000.0,1693915000.0,TAEE3,2024,
19337412000.0,3537816000.0,1306121000.0,1763666000.0,6523260000.0,1153762000.0,8546036000.0,9702640000.0,3360901000.0,2210831000.0,2228755000.0,782708000.0,1428123000.0,1367720000.0,TAEE3,2023,
17309081000.0,3089668000.0,1083174000.0,1021517000.0,6570476000.0,634734000.0,7515178000.0,8156188000.0,2616517000.0,2327231000.0,2352209000.0,623500000.0,1703731000.0,1449215000.0,TAEE3,2022,
,,,,,,,,,,,,,,TAEE3,2021,
135117518000.0,40087633000.0,27243683000.0,15548376000.0,5304228000.0,3918720000.0,60308411000.0,70639931000.0,40418596000.0,-255001000.0,3635831000.0,7736284000.0,-7991285000.0,-9722125000.0,CSAN3,2025,-9722125000.0
141265902000.0,30774403000.0,16903542000.0,17912834000.0,10903764000.0,4403148000.0,62052278000.0,72965179000.0,43950742000.0,2288360000.0,6156943000.0,7533479000.0,-5245119000.0,-9423795000.0,CSAN3,2024,-649805000.0
139865382000.0,28610189000.0,14658481000.0,16158805000.0,20955307000.0,4882398000.0,52022256000.0,62180448000.0,39468497000.0,10751574000.0,14116517000.0,5637823000.0,5113751000.0,1094391000.0,CSAN3,2023,9490391000.0
134484992000.0,25577934000.0,13301716000.0,15798213000.0,20653167000.0,4542205000.0,48445011000.0,56519374000.0,39322786000.0,8121370000.0,11135850000.0,5468745000.0,2652625000.0,1176032000.0,CSAN3,2022,9470289000.0
,,,,,,,,,,,,,,CSAN3,2021,
24732735000.0,5559596000.0,4377047000.0,3614487000.0,8651391000.0,1019211000.0,8643109000.0,12175745000.0,7585058000.0,2899455000.0,4053877000.0,746687000.0,2152768000.0,1555063000.0,MRSA3B,2025,
20613082000.0,5372741000.0,4144613000.0,3390158000.0,7465937000.0,556333000.0,7612425000.0,9740919000.0,7024973000.0,2653689000.0,3668708000.0,605948000.0,2047741000.0,1415510000.0,MRSA3B,2024,
18065072000.0,4627422000.0,3385798000.0,3342471000.0,6385802000.0,998552000.0,5876731000.0,8909779000.0,6449125000.0,2215878000.0,3127177000.0,438297000.0,1777581000.0,1200149000.0,MRSA3B,2023,
14531453000.0,2014023000.0,866856000.0,2659693000.0,5513634000.0,731250000.0,3604792000.0,6737102000.0,5592118000.0,1553084000.0,2607754000.0,324123000.0,1228961000.0,874176000.0,MRSA3B,2022,
,,,,,,,,,,,,,,MRSA3B,2021,
18809559000.0,6293150000.0,807202000.0,3329665000.0,5179045000.0,489150000.0,7707000000.0,8210283000.0,11270073000.0,2445937000.0,3059839000.0,641275000.0,1804662000.0,1552654000.0,EQPA3,2025,
17824899000.0,6838508000.0,1318174000.0,4395233000.0,4988501000.0,1645111000.0,6030295000.0,7692580000.0,10133436000.0,2582073000.0,3006973000.0,387945000.0,2194128000.0,1976074000.0,EQPA3,2024,
14273319000.0,4303949000.0,342099000.0,2925099000.0,4646848000.0,387380000.0,4494871000.0,4903554000.0,9847046000.0,2964827000.0,3403900000.0,411758000.0,2553069000.0,2225811000.0,EQPA3,2023,
12790538000.0,4422555000.0,220828000.0,3259202000.0,2890074000.0,768820000.0,4812815000.0,5598066000.0,8084135000.0,2081499000.0,2461904000.0,345791000.0,1735708000.0,1556399000.0,EQPA3,2022,
,,,,,,,,,,,,,,EQPA3,2021,
19626027000.0,11633757000.0,978066000.0,6866734000.0,10456281000.0,21087000.0,358788000.0,2885366000.0,15829460000.0,1968655000.0,3259613000.0,253979000.0,1714676000.0,1457566000.0,LREN3,2025,
20364590000.0,12316659000.0,1926110000.0,7647557000.0,10772951000.0,931760000.0,13740000.0,3576911000.0,14436366000.0,1638517000.0,2882771000.0,317520000.0,1320997000.0,1196668000.0,LREN3,2024,0.0
20490638000.0,12191644000.0,2532187000.0,7492553000.0,10047221000.0,1090731000.0,836169000.0,4669167000.0,13647849000.0,1236943000.0,2335306000.0,396276000.0,840667000.0,976259000.0,LREN3,2023,0.0
21148892000.0,13043405000.0,2848351000.0,7005579000.0,10087515000.0,704175000.0,1701200000.0,5315285000.0,13271137000.0,1927417000.0,2968442000.0,543132000.0,1384285000.0,1291704000.0,LREN3,2022,0.0
,,,,,,,,,,,,,,LREN3,2021,
48727388000.0,8460107000.0,3826127000.0,6401179000.0,12508762000.0,1938340000.0,22582913000.0,24685323000.0,13176952000.0,2769433000.0,4319671000.0,2887247000.0,-117814000.0,-664032000.0,AURE3,2025,
52754236000.0,11133287000.0,7200549000.0,7148376000.0,13201696000.0,2698720000.0,24346016000.0,27215299000.0,8059951000.0,1676356000.0,2313719000.0,1145983000.0,530373000.0,250938000.0,AURE3,2024,
28994557000.0,5937861000.0,3238394000.0,3850751000.0,12368953000.0,851786000.0,5500048000.0,6418563000.0,6181890000.0,1441026000.0,2082835000.0,605119000.0,835907000.0,-317689000.0,AURE3,2023,0.0
32282893000.0,6268496000.0,3125959000.0,4199004000.0,15253078000.0,276615000.0,5553602000.0,5874521000.0,5515706000.0,3555351000.0,4170909000.0,502011000.0,3053340000.0,2674400000.0,AURE3,2022,0.0
,,,,,,,,,,,,,,AURE3,2021,1861941000.0
45593000000.0,16448000000.0,5628000000.0,16312000000.0,5255000000.0,2084000000.0,14481000000.0,26209000000.0,73819000000.0,3939000000.0,5579000000.0,3004000000.0,935000000.0,769000000.0,ASAI3,2024,
43177000000.0,14616000000.0,5459000000.0,16425000000.0,4630000000.0,2115000000.0,13069000000.0,24368000000.0,66503000000.0,3173000000.0,4649000000.0,2619000000.0,554000000.0,710000000.0,ASAI3,2023,
40618000000.0,14179000000.0,5842000000.0,16416000000.0,3896000000.0,1260000000.0,11331000000.0,20951000000.0,54520000000.0,2740000000.0,3730000000.0,1405000000.0,1335000000.0,1220000000.0,ASAI3,2022,
22854000000.0,8772000000.0,2550000000.0,8644000000.0,2766000000.0,613000000.0,7420000000.0,12084000000.0,41898000000.0,2684000000.0,3371000000.0,835000000.0,1849000000.0,1610000000.0,ASAI3,2021,
29046526000.0,12210956000.0,1315030000.0,7509016000.0,13040825000.0,176698000.0,6157010000.0,6890749000.0,21823488000.0,1017201000.0,1831133000.0,468151000.0,549050000.0,-1785238000.0,NATU3,2025,
20315234000.0,13380033000.0,1741187000.0,6875710000.0,9209915000.0,36345000.0,2353054000.0,3072549000.0,21271580000.0,1351443000.0,2045493000.0,301266000.0,1050177000.0,760639000.0,NATU3,2024,
19557366000.0,12924564000.0,1598054000.0,6288156000.0,9373003000.0,158692000.0,2353610000.0,3193599000.0,14928232000.0,352662000.0,912612000.0,485409000.0,-132747000.0,6439948000.0,NATU3,2023,
24648800000.0,10435037000.0,2054667000.0,7396063000.0,5992009000.0,134105000.0,7488087000.0,10356726000.0,13063619000.0,766989000.0,1271411000.0,486718000.0,280271000.0,123717000.0,NATU3,2022,
,,,,,,,,,,,,,,NATU3,2021,
32114316000.0,6225759000.0,685881000.0,2544363000.0,9163894000.0,1444647000.0,11142704000.0,12611435000.0,4397883000.0,3567974000.0,3753766000.0,1325292000.0,2242682000.0,1215559000.0,ALUP3,2025,0.0
30689036000.0,6244064000.0,807229000.0,3053989000.0,8240131000.0,1969051000.0,10714020000.0,12729626000.0,4002104000.0,3163919000.0,3342074000.0,1222402000.0,1941517000.0,1086090000.0,ALUP3,2024,15809000.0
28436081000.0,5419566000.0,823209000.0,3248718000.0,7355541000.0,2135557000.0,9638874000.0,11820516000.0,3311381000.0,2646476000.0,2800388000.0,1166213000.0,1480263000.0,694063000.0,ALUP3,2023,0.0
27933932000.0,5391721000.0,850481000.0,2558195000.0,6958063000.0,1151029000.0,10485077000.0,11680900000.0,3833708000.0,3080659000.0,3230241000.0,1180830000.0,1899829000.0,918466000.0,ALUP3,2022,
,,,,,,,,,,,,,,ALUP3,2021,
26465924000.0,7222564000.0,5601480000.0,6024748000.0,12347781000.0,859151000.0,5971199000.0,7392664000.0,7205727000.0,2900961000.0,3527212000.0,598306000.0,2302655000.0,2079568000.0,SAPR3,2025,
20508000000.0,3296187000.0,1800434000.0,1850428000.0,10828707000.0,466293000.0,5677641000.0,6631335000.0,6848219000.0,2591497000.0,3151446000.0,509335000.0,2082162000.0,1545347000.0,SAPR3,2024,
18803905000.0,2776732000.0,1252172000.0,1970093000.0,9744200000.0,566212000.0,4703272000.0,5777660000.0,6292736000.0,2456589000.0,2936697000.0,432268000.0,2024321000.0,1503363000.0,SAPR3,2023,
16657196000.0,2469829000.0,1174973000.0,1629658000.0,8786887000.0,480085000.0,4103308000.0,5083244000.0,5673647000.0,1941729000.0,2375149000.0,396182000.0,1545547000.0,1151538000.0,SAPR3,2022,
,,,,,,,,,,,,,,SAPR3,2021,
21497648000.0,4798000000.0,1330801000.0,3646028000.0,5661543000.0,939130000.0,6538069000.0,13751505000.0,7241694000.0,2065759000.0,3822960000.0,1321328000.0,744431000.0,638688000.0,SMFT3,2025,
18350301000.0,4112295000.0,1490624000.0,2791653000.0,5455896000.0,759724000.0,5154890000.0,11315226000.0,5580304000.0,1524378000.0,2936647000.0,1028044000.0,496334000.0,436440000.0,SMFT3,2024,
14230177000.0,3346134000.0,1103433000.0,2244232000.0,5068262000.0,594402000.0,3225497000.0,7927313000.0,4244743000.0,1395355000.0,2552750000.0,823769000.0,571586000.0,1036554000.0,SMFT3,2023,0.0
12049550000.0,3516159000.0,1251418000.0,1748885000.0,4186386000.0,488226000.0,2931668000.0,6749341000.0,2930438000.0,615466000.0,1517721000.0,697781000.0,-82315000.0,-89431000.0,SMFT3,2022,-1375832000.0
,,,,,,,,,,,,,,SMFT3,2021,-1286401000.0
24352014000.0,12753545000.0,1801712000.0,7297138000.0,10383957000.0,1204737000.0,1775192000.0,6899198000.0,38424403000.0,1738664000.0,2278260000.0,393295000.0,1345369000.0,1832920000.0,GMAT3,2025,1275906000.0
18228167000.0,10861474000.0,1664167000.0,4673250000.0,9155610000.0,420986000.0,1905416000.0,4495165000.0,32085428000.0,1690701000.0,2067447000.0,266169000.0,1424532000.0,1275752000.0,GMAT3,2024,129809000.0
15688402000.0,9357059000.0,1289138000.0,4235730000.0,8020025000.0,465402000.0,1343200000.0,3771770000.0,26773586000.0,1511742000.0,1865134000.0,234454000.0,1277288000.0,1220856000.0,GMAT3,2023,-227292000.0
13263938000.0,8800267000.0,1795647000.0,2753346000.0,7455606000.0,192831000.0,1663319000.0,3193485000.0,21768477000.0,1237109000.0,1566277000.0,148795000.0,1088314000.0,1052419000.0,GMAT3,2022,
,,,,,,,,,,,,,,GMAT3,2021,
13220481000.0,4421465000.0,21772000.0,2245680000.0,5001340000.0,232103000.0,3798366000.0,5271443000.0,8291182000.0,1476938000.0,2377249000.0,723731000.0,753207000.0,612831000.0,FLRY3,2025,332450000.0
13062410000.0,4375794000.0,21788000.0,1742813000.0,5289068000.0,206757000.0,3898314000.0,5391562000.0,7684659000.0,1331958000.0,2111941000.0,545547000.0,786411000.0,616172000.0,FLRY3,2024,632684000.0
11579968000.0,2803557000.0,21920000.0,1686616000.0,5083451000.0,308095000.0,2501478000.0,4241049000.0,6470850000.0,1008645000.0,1684023000.0,477317000.0,531328000.0,423758000.0,FLRY3,2023,397549000.0
7791770000.0,2391404000.0,17256000.0,1234135000.0,2681536000.0,360919000.0,2198917000.0,3678085000.0,4463040000.0,818553000.0,1273892000.0,413160000.0,405393000.0,307908000.0,FLRY3,2022,381073000.0
,,,,,,,,,,,,,,FLRY3,2021,
42708275000.0,8217389000.0,889391000.0,5778076000.0,11774188000.0,1039635000.0,15408422000.0,20688536000.0,11622991000.0,3539052000.0,5974811000.0,2085606000.0,1453446000.0,1411225000.0,BRAV3,2025,0.0
44463747000.0,9205489000.0,3171958000.0,5438248000.0,10523671000.0,962974000.0,18002620000.0,23481486000.0,8726361000.0,-113003000.0,1133202000.0,1216790000.0,-1329793000.0,-909691000.0,BRAV3,2024,-631995000.0
20119858000.0,3965496000.0,1754106000.0,3336511000.0,5492437000.0,989646000.0,8316885000.0,9351844000.0,5619989000.0,1287970000.0,1908070000.0,697176000.0,590794000.0,405234000.0,BRAV3,2023,0.0
7971135000.0,1570700000.0,800442000.0,891485000.0,4282439000.0,147957000.0,904085000.0,1102608000.0,1722422000.0,590874000.0,870176000.0,805007000.0,-214133000.0,149569000.0,BRAV3,2022,-15486000.0
,,,,,,,,,,,,,,BRAV3,2021,
15621244000.0,8728936000.0,3892614000.0,2931380000.0,3950638000.0,210718000.0,6010271000.0,6331829000.0,17283159000.0,1921240000.0,2341029000.0,952680000.0,968560000.0,684022000.0,GGPS3,2025,615579000.0
14370413000.0,7563555000.0,1468264000.0,3162289000.0,3477230000.0,425586000.0,4781706000.0,5512003000.0,14774369000.0,1571505000.0,1967723000.0,616981000.0,954524000.0,657826000.0,GGPS3,2024,1528501000.0
10019062000.0,5475713000.0,989728000.0,2450842000.0,2982265000.0,478526000.0,2551965000.0,3333066000.0,10631154000.0,1586214000.0,1824943000.0,670488000.0,915726000.0,642510000.0,GGPS3,2023,1306947000.0
8996499000.0,5198747000.0,889159000.0,1960993000.0,2590384000.0,328811000.0,2967313000.0,3366019000.0,9218683000.0,1091438000.0,1177460000.0,317765000.0,773673000.0,516683000.0,GGPS3,2022,931849000.0
,,,,,,,,,,,,,,GGPS3,2021,
35861000000.0,7623000000.0,2355000000.0,6384000000.0,7848000000.0,2374000000.0,17934000000.0,20356000000.0,15772000000.0,3845000000.0,4905000000.0,1747000000.0,2098000000.0,1954000000.0,CEEB3,2025,0.0
31283000000.0,6346000000.0,1525000000.0,6673000000.0,7424000000.0,2642000000.0,13667000000.0,16359000000.0,14607000000.0,3539000000.0,4505000000.0,1333000000.0,2206000000.0,1808000000.0,CEEB3,2024,0.0
27883000000.0,6075000000.0,956000000.0,6962000000.0,6437000000.0,2697000000.0,11564000000.0,14301000000.0,13524000000.0,3258000000.0,4130000000.0,1233000000.0,2025000000.0,1839000000.0,CEEB3,2023,0.0
25633000000.0,5388000000.0,1002000000.0,5738000000.0,5911000000.0,2254000000.0,10897000000.0,13189000000.0,12141000000.0,2974000000.0,3746000000.0,1087000000.0,1887000000.0,1567000000.0,CEEB3,2022,0.0
,,,,,,,,,,,,,,CEEB3,2021,
15390846000.0,3610752000.0,152720000.0,1889204000.0,3932600000.0,463871000.0,8208816000.0,8682762000.0,8005452000.0,1748821000.0,2132982000.0,769946000.0,978875000.0,871279000.0,ENMT3,2025,
14164988000.0,4047402000.0,97844000.0,2647166000.0,4259878000.0,1154070000.0,5798487000.0,6961037000.0,7513055000.0,1720701000.0,2048408000.0,503681000.0,1217020000.0,1088082000.0,ENMT3,2024,
13011019000.0,3604854000.0,162215000.0,3014192000.0,3761112000.0,1355281000.0,4072785000.0,5430000000.0,7064527000.0,2122506000.0,2401033000.0,450692000.0,1671814000.0,1379044000.0,ENMT3,2023,
11807373000.0,3017672000.0,154900000.0,2725405000.0,3099193000.0,1256318000.0,3716720000.0,4975586000.0,7131856000.0,2223066000.0,2465143000.0,822089000.0,1400977000.0,1190704000.0,ENMT3,2022,
,,,,,,,,,,,,,,ENMT3,2021,-218253000.0
23637914000.0,6303526000.0,991644000.0,29473151000.0,-29038062000.0,13872255000.0,9584715000.0,36168033000.0,21640393000.0,6951218000.0,9964593000.0,6826348000.0,124870000.0,124858000.0,AZUL3,2025,-34693646000.0
26274943000.0,5658020000.0,1210009000.0,21342297000.0,-30435270000.0,2331520000.0,13832265000.0,37542632000.0,19526208000.0,-4332353000.0,-1768371000.0,4857821000.0,-9190174000.0,-9151371000.0,AZUL3,2024,-34818504000.0
20532909000.0,5044147000.0,1897336000.0,14748880000.0,-21327848000.0,1416705000.0,9774664000.0,26337780000.0,18554425000.0,2214733000.0,4618956000.0,4555663000.0,-2340930000.0,-2380456000.0,AZUL3,2023,-25667133000.0
18721293000.0,4871936000.0,668348000.0,15056105000.0,-19007500000.0,1881081000.0,7508689000.0,23972603000.0,15948067000.0,3517759000.0,5612207000.0,4240126000.0,-722367000.0,-722367000.0,AZUL3,2022,-23286677000.0
,,,,,,,,,,,,,,AZUL3,2021,
35684766000.0,16801273000.0,5141617000.0,4078513000.0,20813879000.0,754402000.0,6205848000.0,7064706000.0,26263450000.0,-569398000.0,705393000.0,911357000.0,-1480755000.0,-3078192000.0,USIM3,2025,
39871790000.0,17430918000.0,5200342000.0,4783005000.0,23881787000.0,1014846000.0,6617591000.0,7757953000.0,25869799000.0,587119000.0,1813186000.0,682703000.0,-95584000.0,-145946000.0,USIM3,2024,
40161751000.0,17931648000.0,5323851000.0,5514389000.0,23855650000.0,1700092000.0,5793223000.0,7600578000.0,27638348000.0,1856874000.0,2918845000.0,691049000.0,1165825000.0,1390926000.0,USIM3,2023,
40000451000.0,20358661000.0,2916047000.0,5392626000.0,23155025000.0,1066350000.0,6066582000.0,7252112000.0,32470510000.0,3867322000.0,4770003000.0,588408000.0,3278914000.0,1615538000.0,USIM3,2022,
,,,,,,,,,,,,,,USIM3,2021,
13966017000.0,4468334000.0,1268235000.0,2429356000.0,4291888000.0,136193000.0,4139337000.0,4494929000.0,8788797000.0,773547000.0,1531782000.0,420516000.0,353031000.0,121040000.0,CBAV3,2025,
13833020000.0,4561891000.0,1141965000.0,2345979000.0,3784334000.0,117289000.0,4512089000.0,4813104000.0,8173649000.0,69285000.0,712620000.0,427950000.0,-358665000.0,-180671000.0,CBAV3,2024,-401048000.0
13561932000.0,5108165000.0,1350229000.0,2181494000.0,4458435000.0,103107000.0,4241385000.0,4392965000.0,7348067000.0,-683417000.0,-113125000.0,296582000.0,-979999000.0,-907637000.0,CBAV3,2023,-234106000.0
12274705000.0,4348413000.0,849082000.0,2187580000.0,5095552000.0,107593000.0,2861135000.0,3000547000.0,8824627000.0,1396592000.0,1936103000.0,266266000.0,1130326000.0,867549000.0,CBAV3,2022,
,,,,,,,,,,,,,,CBAV3,2021,
6096758000.0,2711014000.0,555595000.0,1687083000.0,3323904000.0,380547000.0,854986000.0,1398951000.0,4564874000.0,678257000.0,938791000.0,120637000.0,557620000.0,568809000.0,ALPA3,2025,-214308000.0
6839725000.0,3459140000.0,1488511000.0,1349606000.0,4035592000.0,251373000.0,1172151000.0,1613284000.0,4108311000.0,241720000.0,491535000.0,178221000.0,63499000.0,107979000.0,ALPA3,2024,-151521000.0
6327389000.0,3199595000.0,922525000.0,985107000.0,3726783000.0,127437000.0,1358168000.0,1670590000.0,3734146000.0,-1908875000.0,-1697625000.0,175992000.0,-2084867000.0,-1866620000.0,ALPA3,2023,-2199924000.0
8499680000.0,3773385000.0,647517000.0,1494762000.0,5758103000.0,256176000.0,1019075000.0,1426978000.0,4181866000.0,323074000.0,486583000.0,52124000.0,270950000.0,121462000.0,ALPA3,2022,0.0
,,,,,,,,,,,,,,ALPA3,2021,
21341432000.0,9845683000.0,2647586000.0,5465900000.0,5031103000.0,1591681000.0,6344568000.0,11354139000.0,9759214000.0,1922144000.0,2638998000.0,1208463000.0,713681000.0,555573000.0,SLCE3,2025,
17574342000.0,8390257000.0,1979575000.0,6145505000.0,3997670000.0,1685130000.0,3913274000.0,8665451000.0,7803627000.0,1385010000.0,1960314000.0,870794000.0,514216000.0,509410000.0,SLCE3,2024,
15856318000.0,7367273000.0,1613703000.0,4040317000.0,4927058000.0,1413552000.0,2979827000.0,7669322000.0,9122124000.0,2009874000.0,2529104000.0,785969000.0,1223905000.0,895600000.0,SLCE3,2023,
14868389000.0,7032683000.0,1235775000.0,4589690000.0,4598797000.0,1281537000.0,2172734000.0,6722464000.0,9518344000.0,2457987000.0,2946544000.0,652162000.0,1805825000.0,1267459000.0,SLCE3,2022,0.0
,,,,,,,,,,,,,,SLCE3,2021,789306000.0
4293945000.0,1345247000.0,851334000.0,569473000.0,1442102000.0,178483000.0,1943929000.0,2226489000.0,1050340000.0,368817000.0,549995000.0,271948000.0,96869000.0,60142000.0,ORVR3,2025,-727704000.0
3334198000.0,911748000.0,493299000.0,423093000.0,778156000.0,140957000.0,1726341000.0,1974999000.0,903473000.0,306505000.0,462472000.0,204157000.0,102348000.0,60897000.0,ORVR3,2024,-787846000.0
2262344000.0,592636000.0,289426000.0,258431000.0,706005000.0,45583000.0,1079806000.0,1177775000.0,776276000.0,270107000.0,435767000.0,199191000.0,70916000.0,40115000.0,ORVR3,2023,-848743000.0
2073296000.0,580211000.0,168875000.0,322882000.0,550491000.0,37616000.0,977538000.0,1071165000.0,626224000.0,134726000.0,270072000.0,231580000.0,-96854000.0,-149006000.0,ORVR3,2022,-888858000.0
,,,,,,,,,,,,,,ORVR3,2021,
7234816000.0,2460010000.0,520271000.0,1075144000.0,1803799000.0,227615000.0,3288226000.0,3526567000.0,5142676000.0,1034010000.0,1350160000.0,385290000.0,648720000.0,488622000.0,UNIP3,2025,
7111789000.0,2932966000.0,845342000.0,1018758000.0,2790457000.0,95286000.0,2210733000.0,2317982000.0,5431599000.0,1133365000.0,1456343000.0,349321000.0,784044000.0,555596000.0,UNIP3,2024,
6396491000.0,3043657000.0,1343204000.0,1290184000.0,2422333000.0,415411000.0,1636010000.0,2061387000.0,4897288000.0,1346485000.0,1593462000.0,181024000.0,1165461000.0,787508000.0,UNIP3,2023,
5994445000.0,2603075000.0,402122000.0,1495805000.0,2317404000.0,171206000.0,1220540000.0,1391746000.0,7270406000.0,2263378000.0,2510672000.0,211388000.0,2051990000.0,1325921000.0,UNIP3,2022,0.0
,,,,,,,,,,,,,,UNIP3,2021,
7222660000.0,3418527000.0,1316248000.0,1420074000.0,2459834000.0,255782000.0,2493018000.0,3067710000.0,5490878000.0,645241000.0,891250000.0,324344000.0,320897000.0,276895000.0,FRAS3,2025,793404000.0
4869614000.0,3078097000.0,844881000.0,1499219000.0,2218850000.0,388411000.0,722767000.0,1283441000.0,3965776000.0,673640000.0,832352000.0,130340000.0,543300000.0,367742000.0,FRAS3,2024,1032039000.0
3911999000.0,2372623000.0,1050412000.0,1113326000.0,1838188000.0,304819000.0,573323000.0,1033115000.0,3388657000.0,635776000.0,760471000.0,109094000.0,526682000.0,377385000.0,FRAS3,2023,837180000.0
3765876000.0,2289336000.0,567855000.0,862126000.0,1763901000.0,166058000.0,755812000.0,1071522000.0,3058171000.0,360855000.0,480934000.0,112014000.0,248841000.0,204838000.0,FRAS3,2022,588042000.0
,,,,,,,,,,,,,,FRAS3,2021,
100575369000.0,30330629000.0,14421022000.0,28074399000.0,12876059000.0,9791476000.0,42495988000.0,54018286000.0,44797946000.0,2708093000.0,6858568000.0,4387611000.0,-1679518000.0,-2002374000.0,CSNA3,2025,-202989000.0
103906654000.0,39785693000.0,23310197000.0,25116475000.0,12271438000.0,8163699000.0,48092942000.0,57754926000.0,43687460000.0,3057637000.0,6849050000.0,4600986000.0,-1543349000.0,-2591851000.0,CSNA3,2024,0.0
91529720000.0,33077700000.0,16046218000.0,25017103000.0,17500675000.0,7285494000.0,37245708000.0,45592836000.0,45437950000.0,5205191000.0,8584332000.0,4169824000.0,1035367000.0,-318206000.0,CSNA3,2023,
85354359000.0,30612360000.0,11991356000.0,22475119000.0,19489467000.0,5131449000.0,35725106000.0,41612588000.0,44362120000.0,7194468000.0,10072124000.0,3068031000.0,4126437000.0,1554060000.0,CSNA3,2022,
,,,,,,,,,,,,,,CSNA3,2021,
13831031000.0,3848163000.0,418813000.0,2952505000.0,3968465000.0,473238000.0,4532508000.0,5018859000.0,11154142000.0,1249365000.0,1632049000.0,292448000.0,956917000.0,729495000.0,CLSC3,2025,
13037758000.0,3898270000.0,1019482000.0,3049785000.0,3671279000.0,416104000.0,3786903000.0,4208985000.0,9911967000.0,1167146000.0,1514562000.0,234719000.0,932427000.0,715802000.0,CLSC3,2024,
12302261000.0,3409987000.0,906196000.0,3730676000.0,2932567000.0,522329000.0,2648942000.0,3188302000.0,9733298000.0,938514000.0,1253115000.0,255199000.0,683315000.0,557034000.0,CLSC3,2023,
11628067000.0,3678616000.0,940684000.0,3757419000.0,2883176000.0,507699000.0,1941569000.0,2457563000.0,9274237000.0,960380000.0,1237462000.0,240726000.0,719654000.0,540562000.0,CLSC3,2022,0.0
,,,,,,,,,,,,,,CLSC3,2021,
12559343000.0,5830994000.0,1888270000.0,2235103000.0,8238162000.0,33962000.0,1068384000.0,1424351000.0,10437548000.0,891995000.0,1304053000.0,183725000.0,708270000.0,659817000.0,MDIA3,2025,
12768867000.0,5999125000.0,2152587000.0,2732737000.0,7997943000.0,1074884000.0,1015730000.0,2446079000.0,9662833000.0,1007161000.0,1376130000.0,183976000.0,823185000.0,645948000.0,MDIA3,2024,
12340992000.0,5700122000.0,2267837000.0,2425812000.0,7604694000.0,455230000.0,1406616000.0,2219953000.0,10840280000.0,1120406000.0,1485377000.0,184379000.0,936027000.0,888654000.0,MDIA3,2023,0.0
11439492000.0,4877015000.0,648046000.0,2467420000.0,6708721000.0,374607000.0,1498265000.0,2204789000.0,10129205000.0,519008000.0,836258000.0,167317000.0,351691000.0,481839000.0,MDIA3,2022,0.0
,,,,,,,,,,,,,,MDIA3,2021,
13104355000.0,8134041000.0,2560066000.0,6000713000.0,4694617000.0,2344340000.0,2316623000.0,4706471000.0,16423694000.0,1300077000.0,1419465000.0,264053000.0,1036024000.0,815667000.0,TTEN3,2025,
8889423000.0,5776390000.0,1696858000.0,3666344000.0,4037714000.0,921068000.0,1145811000.0,2090138000.0,12825771000.0,1228477000.0,1323840000.0,227451000.0,1001026000.0,758623000.0,TTEN3,2024,
6883789000.0,4422008000.0,1028483000.0,2784746000.0,3347737000.0,466884000.0,710383000.0,1196260000.0,8998985000.0,598993000.0,656590000.0,170273000.0,428720000.0,575287000.0,TTEN3,2023,
6081989000.0,4257219000.0,724314000.0,2739186000.0,2816976000.0,599144000.0,496926000.0,1119887000.0,6885839000.0,856603000.0,894349000.0,316282000.0,540321000.0,571437000.0,TTEN3,2022,
,,,,,,,,,,,,,,TTEN3,2021,
23418195000.0,7246028000.0,95263000.0,2764398000.0,7364220000.0,930399000.0,8453753000.0,9944601000.0,7431765000.0,1329962000.0,2415992000.0,789391000.0,540571000.0,836177000.0,SMTO3,2026,
21769383000.0,6305241000.0,898588000.0,2589623000.0,6699362000.0,906297000.0,7322440000.0,8875052000.0,7162034000.0,1264462000.0,2449674000.0,761688000.0,502774000.0,556731000.0,SMTO3,2025,0.0
20371449000.0,6229157000.0,204560000.0,2854430000.0,6862371000.0,1104742000.0,5614121000.0,7355766000.0,6891738000.0,2894463000.0,4044477000.0,1107842000.0,1786621000.0,1476279000.0,SMTO3,2024,0.0
18823785000.0,5687475000.0,273408000.0,2615781000.0,5912363000.0,1028509000.0,5758360000.0,9828640000.0,6627566000.0,2451043000.0,3532142000.0,1257431000.0,1193612000.0,1015744000.0,SMTO3,2023,16057000.0
,,,,,,,,,,,,,,SMTO3,2022,
10400830000.0,7149843000.0,1857070000.0,7752754000.0,1828770000.0,2199538000.0,1896000.0,2390345000.0,12561821000.0,952932000.0,1197286000.0,291262000.0,661670000.0,448526000.0,WHRL3,2025,
10569338000.0,7479488000.0,2865334000.0,7101828000.0,2691025000.0,1086951000.0,4342000.0,1307673000.0,12931658000.0,1235368000.0,1475659000.0,246828000.0,988540000.0,908716000.0,WHRL3,2024,
9021134000.0,6388922000.0,1233891000.0,6329202000.0,1952050000.0,1391286000.0,5659000.0,1603798000.0,11487988000.0,675194000.0,894847000.0,351786000.0,323408000.0,251919000.0,WHRL3,2023,
8444124000.0,5937849000.0,1299061000.0,5702408000.0,2176471000.0,1122339000.0,0.0,1278320000.0,10798149000.0,664413000.0,870717000.0,111384000.0,553029000.0,416714000.0,WHRL3,2022,
,,,,,,,,,,,,,,WHRL3,2021,
25733415000.0,5312680000.0,110772000.0,6505836000.0,5448695000.0,1205383000.0,8490932000.0,10072122000.0,14319321000.0,1173647000.0,2089486000.0,542711000.0,630936000.0,213095000.0,LIGT3,2025,-366718000.0
25343661000.0,6934107000.0,185797000.0,5034239000.0,5218457000.0,703993000.0,8801850000.0,9781557000.0,14302991000.0,2004245000.0,2898183000.0,258689000.0,1745556000.0,1643779000.0,LIGT3,2024,-593681000.0
23716936000.0,5144542000.0,292066000.0,15504479000.0,3095688000.0,10645470000.0,0.0,10874320000.0,13721983000.0,1630172000.0,2416795000.0,813623000.0,816549000.0,255162000.0,LIGT3,2023,-2252788000.0
24106103000.0,4772892000.0,43886000.0,5644466000.0,2844757000.0,961478000.0,9727212000.0,10928563000.0,12999899000.0,-4425930000.0,-3695163000.0,931808000.0,-5357738000.0,-5672203000.0,LIGT3,2022,-5657372000.0
,,,,,,,,,,,,,,LIGT3,2021,
9722646000.0,5949062000.0,2221811000.0,3146501000.0,3832368000.0,1193030000.0,2499504000.0,3762242000.0,9057548000.0,1760522000.0,1916993000.0,193073000.0,1567449000.0,1223349000.0,POMO3,2025,
9441753000.0,5660221000.0,2093398000.0,3079587000.0,4026610000.0,1169327000.0,2086659000.0,3338487000.0,8593837000.0,1670099000.0,1837691000.0,199478000.0,1470621000.0,1200019000.0,POMO3,2024,
7959303000.0,4810225000.0,1536121000.0,2386866000.0,3545663000.0,720506000.0,1699078000.0,2488332000.0,6683218000.0,997628000.0,1143997000.0,132078000.0,865550000.0,816159000.0,POMO3,2023,
7395350000.0,4145740000.0,1171473000.0,2288932000.0,3162365000.0,749712000.0,1618315000.0,2442014000.0,5415618000.0,550892000.0,670700000.0,137608000.0,413284000.0,449114000.0,POMO3,2022,
,,,,,,,,,,,,,,POMO3,2021,
4722692000.0,3064599000.0,398644000.0,843949000.0,2949564000.0,232973000.0,298303000.0,1228469000.0,2692526000.0,734611000.0,897466000.0,146813000.0,587798000.0,619502000.0,VIVA3,2025,
4273730000.0,2781888000.0,278153000.0,995687000.0,2496942000.0,113370000.0,285191000.0,973694000.0,2305102000.0,732647000.0,887177000.0,106409000.0,626238000.0,653394000.0,VIVA3,2024,
3313399000.0,2056580000.0,221495000.0,695588000.0,2005530000.0,111463000.0,160000000.0,791810000.0,2186975000.0,481330000.0,615415000.0,80488000.0,400842000.0,381120000.0,VIVA3,2023,
2932172811.0,1761018595.0,160035979.0,726251925.0,1657953267.0,116970427.0,108186217.0,719565278.0,1843735000.0,408577600.0,522517537.0,77543000.0,331034600.0,360854417.0,VIVA3,2022,-53041000.0
,,,,,,,,,,,,,,VIVA3,2021,
11099201000.0,2515499000.0,41861000.0,1813095000.0,4422970000.0,240305000.0,3865159000.0,4105832000.0,6976919000.0,1172646000.0,1563488000.0,294289000.0,878357000.0,751680000.0,EQMA3B,2025,
11250010000.0,3400863000.0,130195000.0,2506315000.0,4088221000.0,924859000.0,3636097000.0,4561524000.0,6212072000.0,1034301000.0,1341265000.0,218557000.0,815744000.0,741337000.0,EQMA3B,2024,
9350413000.0,2567345000.0,314583000.0,1789774000.0,3756466000.0,362527000.0,2785763000.0,3148692000.0,5669353000.0,968065000.0,1219982000.0,149059000.0,819006000.0,777391000.0,EQMA3B,2023,
8412859000.0,2636138000.0,103361000.0,1885048000.0,3450251000.0,271649000.0,2178860000.0,2451635000.0,4842716000.0,891861000.0,1122184000.0,151664000.0,740197000.0,648145000.0,EQMA3B,2022,
,,,,,,,,,,,,,,EQMA3B,2021,1384827000.0
19000785000.0,6048101000.0,2178462000.0,2701138000.0,6846834000.0,514544000.0,7067100000.0,8482309000.0,8248752000.0,828975000.0,2081878000.0,917184000.0,-88209000.0,1182000.0,DXCO3,2025,
18144110000.0,5066196000.0,1231419000.0,3641566000.0,6976900000.0,1263794000.0,5215800000.0,7252994000.0,8234647000.0,1121288000.0,2342557000.0,776814000.0,344474000.0,172414000.0,DXCO3,2024,
17970887000.0,5899747000.0,2785454000.0,3608696000.0,6403611000.0,1091758000.0,5872773000.0,7713970000.0,7383409000.0,1517113000.0,2682681000.0,765866000.0,751247000.0,789601000.0,DXCO3,2023,
15624811000.0,5173901000.0,1771730000.0,3264920000.0,5872342000.0,761916000.0,4837703000.0,6202052000.0,8486650000.0,1833614000.0,2679059000.0,916069000.0,917545000.0,755861000.0,DXCO3,2022,
,,,,,,,,,,,,,,DXCO3,2021,
6487308000.0,1658772000.0,1083247000.0,558107000.0,2162052000.0,67059000.0,3413938000.0,3728137000.0,2241099000.0,464999000.0,836932000.0,272656000.0,192343000.0,-140918000.0,HBSA3,2025,-955685000.0
7271762000.0,1734569000.0,988450000.0,2325138000.0,1051892000.0,1265209000.0,3538713000.0,5119667000.0,1432424000.0,-288219000.0,85604000.0,303154000.0,-591373000.0,-569415000.0,HBSA3,2024,-844542000.0
6249047000.0,1320223000.0,663919000.0,743223000.0,1383523000.0,210457000.0,3809278000.0,4257323000.0,1924350000.0,347120000.0,694101000.0,277366000.0,69754000.0,17599000.0,HBSA3,2023,-326660000.0
6363529000.0,1289396000.0,401545000.0,692282000.0,1330805000.0,192819000.0,4072960000.0,4550256000.0,1767900000.0,396325000.0,752797000.0,312580000.0,83745000.0,-8163000.0,HBSA3,2022,-344259000.0
,,,,,,,,,,,,,,HBSA3,2021,
24122987000.0,4701959000.0,78452000.0,2830490000.0,13453669000.0,394063000.0,3477274000.0,6649824000.0,7016663000.0,1480371000.0,2395622000.0,901388000.0,578983000.0,625519000.0,COGN3,2025,
24200400000.0,4627366000.0,94965000.0,2881057000.0,12395676000.0,660209000.0,3339438000.0,6873212000.0,6390593000.0,1626743000.0,2553116000.0,963913000.0,662830000.0,879871000.0,COGN3,2024,
25135863000.0,5048489000.0,624483000.0,3672854000.0,11665394000.0,1454845000.0,3479705000.0,7775596000.0,5814798000.0,892107000.0,1809152000.0,1063685000.0,-171578000.0,-492879000.0,COGN3,2023,
26396751000.0,5059727000.0,121772000.0,4069278000.0,12176562000.0,2038312000.0,3152882000.0,8204323000.0,5004793000.0,678899000.0,1609464000.0,1159389000.0,-480490000.0,-528930000.0,COGN3,2022,
,,,,,,,,,,,,,,COGN3,2021,
3793564000.0,2301925000.0,635305000.0,1818917000.0,861531000.0,789427000.0,867682000.0,1700691000.0,5406682000.0,907729000.0,1035229000.0,115944000.0,791785000.0,608649000.0,LEVE3,2025,
3593297000.0,2167878000.0,291793000.0,1571065000.0,768444000.0,87427000.0,947696000.0,1068530000.0,4557980000.0,768467000.0,873192000.0,69304000.0,699163000.0,541390000.0,LEVE3,2024,
2800925000.0,1672991000.0,200328000.0,1059262000.0,910379000.0,314665000.0,536491000.0,893998000.0,4338825000.0,970341000.0,1071922000.0,32420000.0,937921000.0,748245000.0,LEVE3,2023,221265000.0
3157199000.0,1920049000.0,427406000.0,1039127000.0,1586639000.0,209875000.0,204218000.0,463187000.0,4224030000.0,729200000.0,825080000.0,17319000.0,711881000.0,565240000.0,LEVE3,2022,419703000.0
,,,,,,,,,,,,,,LEVE3,2021,404428000.0
5325682000.0,3866307000.0,1070774000.0,1598740000.0,2991500000.0,251163000.0,620762000.0,889227000.0,4460379000.0,585024000.0,701649000.0,104835000.0,480189000.0,482772000.0,INTB3,2025,
5569521000.0,4076783000.0,887969000.0,1796371000.0,2941909000.0,211119000.0,712397000.0,941730000.0,4756146000.0,596922000.0,694756000.0,82087000.0,514835000.0,528934000.0,INTB3,2024,
4888285000.0,3613750000.0,1303169000.0,1366286000.0,2600824000.0,120483000.0,793532000.0,927327000.0,4103676000.0,631046000.0,710286000.0,114352000.0,516694000.0,544231000.0,INTB3,2023,
4987382000.0,3821998000.0,1556826000.0,1746489000.0,2231037000.0,235540000.0,829675000.0,1097474000.0,4232623000.0,540575000.0,610223000.0,70512000.0,470063000.0,480262000.0,INTB3,2022,
,,,,,,,,,,,,,,INTB3,2021,
3878996000.0,2378877000.0,203970000.0,728132000.0,2427005000.0,331926000.0,644343000.0,1014699000.0,3560287000.0,946163000.0,1077115000.0,92019000.0,854144000.0,1165321000.0,VULC3,2025,
2993308000.0,2127758000.0,307660000.0,668880000.0,2109976000.0,200209000.0,136643000.0,367140000.0,3048578000.0,651123000.0,757400000.0,47992000.0,603131000.0,569873000.0,VULC3,2024,
2775153000.0,1960627000.0,361020000.0,511680000.0,1994987000.0,234497000.0,203253000.0,453045000.0,2817679000.0,590722000.0,689442000.0,52977000.0,537745000.0,494892000.0,VULC3,2023,
2520756000.0,1593107000.0,197197000.0,569971000.0,1711488000.0,283638000.0,151858000.0,456064000.0,2536936000.0,528587000.0,610840000.0,43722000.0,484865000.0,469900000.0,VULC3,2022,
,,,,,,,,,,,,,,VULC3,2021,0.0
37100478000.0,5828053000.0,1186197000.0,3842257000.0,4102821000.0,1769052000.0,24594575000.0,26656851000.0,11521073000.0,3773832000.0,5132099000.0,1980630000.0,1793202000.0,885851000.0,ECOR3,2025,
29296082000.0,4726035000.0,2337602000.0,7054690000.0,3427360000.0,5465536000.0,14569385000.0,20277116000.0,9872372000.0,3211928000.0,4196738000.0,1491676000.0,1720252000.0,904097000.0,ECOR3,2024,
25959901000.0,5185647000.0,3524241000.0,5279172000.0,2737986000.0,3638692000.0,14327978000.0,18154929000.0,8845179000.0,2555502000.0,3353616000.0,1274771000.0,1280731000.0,569564000.0,ECOR3,2023,
18108909000.0,2066402000.0,1379459000.0,3300389000.0,2303694000.0,2198772000.0,9292240000.0,11645342000.0,6061329000.0,1349599000.0,1930811000.0,839308000.0,510291000.0,245695000.0,ECOR3,2022,
,,,,,,,,,,,,,,ECOR3,2021,
21448777000.0,4766656000.0,316498000.0,7004132000.0,9884098000.0,3429224000.0,939641000.0,4541043000.0,8928260000.0,653207000.0,1354737000.0,757703000.0,-104496000.0,-9034000.0,CBEE3,2025,
19631323000.0,4301772000.0,421090000.0,6520761000.0,8442090000.0,3556613000.0,1179701000.0,4864130000.0,8031875000.0,861981000.0,1697191000.0,769699000.0,92282000.0,670153000.0,CBEE3,2024,
17656687000.0,3110977000.0,65262000.0,7846753000.0,5340880000.0,5416147000.0,536084000.0,6025450000.0,7325226000.0,579221000.0,1291145000.0,851047000.0,-271826000.0,-191679000.0,CBEE3,2023,
16936317000.0,3232384000.0,68143000.0,4575450000.0,5234890000.0,2258138000.0,2914047000.0,5237060000.0,7363568000.0,663654000.0,1260070000.0,760026000.0,-96372000.0,-92387000.0,CBEE3,2022,
,,,,,,,,,,,,,,CBEE3,2021,
81879000000.0,30448000000.0,10501000000.0,40218000000.0,-16147000000.0,20772000000.0,46393000000.0,71316000000.0,70717000000.0,2405000000.0,7078000000.0,5250000000.0,-2845000000.0,-9880000000.0,BRKM3,2025,-23902000000.0
101575000000.0,37037000000.0,14986000000.0,28272000000.0,-4782000000.0,3135000000.0,66281000000.0,73722000000.0,77411000000.0,-12296000000.0,-7346000000.0,5437000000.0,-17733000000.0,-11320000000.0,BRKM3,2024,-14034000000.0
91741000000.0,37441000000.0,14187000000.0,24494000000.0,3992000000.0,2768000000.0,53208000000.0,59909000000.0,70569000000.0,-1942000000.0,3264000000.0,4250000000.0,-6192000000.0,-4579000000.0,BRKM3,2023,-2738000000.0
88049000000.0,34457000000.0,12466000000.0,24186000000.0,7322000000.0,2250000000.0,47334000000.0,53825000000.0,96519000000.0,3375000000.0,8108000000.0,3328000000.0,47000000.0,-336000000.0,BRKM3,2022,
,,,,,,,,,,,,,,BRKM3,2021,
14872670000.0,10027107000.0,1415443000.0,6412388000.0,5352712000.0,497730000.0,1965516000.0,3532769000.0,10497046000.0,2326649000.0,3088797000.0,447662000.0,1878987000.0,1475168000.0,RIAA3,2025,
13633267000.0,8781164000.0,1158206000.0,5940448000.0,5403620000.0,691399000.0,1279597000.0,3048068000.0,9634207000.0,834775000.0,1526970000.0,472830000.0,361945000.0,235138000.0,RIAA3,2024,
14272668000.0,9142435000.0,1285983000.0,5519087000.0,5223165000.0,1028604000.0,2480252000.0,4610804000.0,8795386000.0,646846000.0,1271208000.0,668060000.0,-21214000.0,-34260000.0,RIAA3,2023,
15221939000.0,10203609000.0,2044149000.0,6307421000.0,5263088000.0,1377835000.0,2706111000.0,5029167000.0,8458663000.0,579422000.0,1178828000.0,623571000.0,-44149000.0,51980000.0,RIAA3,2022,
,,,,,,,,,,,,,,RIAA3,2021,
88642122000.0,28898090000.0,3029953000.0,24251860000.0,4512820000.0,10176508000.0,47519787000.0,60101049000.0,43528375000.0,7798179000.0,12680310000.0,7544065000.0,254114000.0,39471000.0,SIMH3,2025,
84025791000.0,27220964000.0,1903850000.0,21080863000.0,2751515000.0,7712577000.0,48086335000.0,58144963000.0,40738086000.0,6611975000.0,10622468000.0,6207283000.0,404692000.0,-198156000.0,SIMH3,2024,
70140840000.0,22160575000.0,1345475000.0,15328767000.0,3326246000.0,4069908000.0,39473205000.0,45679822000.0,31843613000.0,4016646000.0,7497695000.0,5045701000.0,-1029055000.0,-495221000.0,SIMH3,2023,-537800000.0
61659514000.0,21632846000.0,1718025000.0,13959865000.0,2881776000.0,4167684000.0,34111709000.0,40203639000.0,24081881000.0,4891628000.0,6787403000.0,3904243000.0,987385000.0,482083000.0,SIMH3,2022,-769101000.0
,,,,,,,,,,,,,,SIMH3,2021,-255956000.0
72289824000.0,10538651000.0,875444000.0,5549886000.0,48248551000.0,847169000.0,12021051000.0,15454114000.0,31577240000.0,2484749000.0,4046978000.0,2718592000.0,-233843000.0,-141747000.0,HAPV3,2025,
73499646000.0,11069835000.0,596753000.0,5249738000.0,48675201000.0,950843000.0,11803848000.0,16519683000.0,28914698000.0,1592218000.0,3308935000.0,2059495000.0,-467277000.0,-649301000.0,HAPV3,2024,
73208390000.0,9139151000.0,1430144000.0,6246759000.0,49681588000.0,2109941000.0,9416473000.0,14864423000.0,27949573000.0,1745987000.0,3371108000.0,2290059000.0,-544072000.0,-615151000.0,HAPV3,2023,
71959769000.0,7550468000.0,1267915000.0,6371937000.0,49291882000.0,1726508000.0,9991173000.0,14067725000.0,23748803000.0,159067000.0,2346350000.0,1606876000.0,-1447809000.0,-777234000.0,HAPV3,2022,0.0
,,,,,,,,,,,,,,HAPV3,2021,
45876559000.0,28504458000.0,15031399000.0,21235396000.0,1310215000.0,5306024000.0,22480845000.0,27825614000.0,54830072000.0,3886323000.0,4860740000.0,3188062000.0,698261000.0,810488000.0,BEEF3,2025,0.0
42141896000.0,24456769000.0,14460929000.0,16573215000.0,-478639000.0,5109420000.0,24972689000.0,30118044000.0,34068866000.0,1532716000.0,2201397000.0,3037687000.0,-1504971000.0,-1558712000.0,BEEF3,2024,-577295000.0
28594154000.0,18135700000.0,12678589000.0,9746503000.0,174379000.0,3794555000.0,17762327000.0,21584854000.0,26891609000.0,1972364000.0,2484790000.0,1631211000.0,341153000.0,421054000.0,BEEF3,2023,0.0
21400128000.0,12986719000.0,7071463000.0,8129741000.0,506828000.0,2077939000.0,11688535000.0,13804839000.0,30977769000.0,1609477000.0,2024002000.0,1221368000.0,388109000.0,652533000.0,BEEF3,2022,
,,,,,,,,,,,,,,BEEF3,2021,
4501382000.0,2705848000.0,70158000.0,1322215000.0,3153958000.0,55636000.0,13433000.0,70567000.0,2395211000.0,692805000.0,793075000.0,15028000.0,677777000.0,644808000.0,GRND3,2025,
4500059000.0,3042039000.0,76109000.0,428642000.0,4040946000.0,56629000.0,12310000.0,88824000.0,2426910000.0,822786000.0,907157000.0,9967000.0,812819000.0,735236000.0,GRND3,2024,
4075361000.0,2701852000.0,73735000.0,384800000.0,3659443000.0,82413000.0,10017000.0,116427000.0,2234430000.0,601075000.0,696871000.0,9106000.0,591969000.0,557671000.0,GRND3,2023,
4821920000.0,2968359000.0,127409000.0,407981000.0,4364132000.0,98815000.0,7824000.0,150546000.0,2336709000.0,584096000.0,677842000.0,8779000.0,575317000.0,568027000.0,GRND3,2022,0.0
,,,,,,,,,,,,,,GRND3,2021,
15448601000.0,6924640000.0,320633000.0,3765563000.0,7977304000.0,1031073000.0,2195487000.0,3996575000.0,11819492000.0,836986000.0,1534492000.0,480670000.0,356316000.0,911249000.0,AZZA3,2025,
15253545000.0,6831683000.0,181160000.0,4517132000.0,7702653000.0,1476529000.0,1178202000.0,3530401000.0,8379753000.0,239289000.0,654144000.0,249347000.0,-10058000.0,341727000.0,AZZA3,2024,0.0
5975904000.0,2915054000.0,73316000.0,2292283000.0,2909553000.0,882205000.0,198919000.0,1596309000.0,4846768000.0,518686000.0,741630000.0,142745000.0,375941000.0,399400000.0,AZZA3,2023,0.0
4659264000.0,2383445000.0,28826000.0,1635360000.0,2653792000.0,392254000.0,9619000.0,776410000.0,4233726000.0,597740000.0,763770000.0,124869000.0,472871000.0,424709000.0,AZZA3,2022,-8414000.0
,,,,,,,,,,,,,,AZZA3,2021,-9107000.0
8668015000.0,2158236000.0,229508000.0,619377000.0,4330716000.0,64914000.0,3040102000.0,3131311000.0,3157609000.0,1076793000.0,1797870000.0,300599000.0,776194000.0,638352000.0,RECV3,2025,
7437571000.0,1569425000.0,295548000.0,732356000.0,4235277000.0,20907000.0,1771414000.0,1814558000.0,3264554000.0,537678000.0,1232494000.0,174273000.0,363405000.0,437498000.0,RECV3,2024,0.0
6829184000.0,1147431000.0,197184000.0,1065860000.0,4517883000.0,142772000.0,760208000.0,946437000.0,2814361000.0,821600000.0,1419927000.0,92771000.0,728829000.0,708938000.0,RECV3,2023,0.0
6585094000.0,2132604000.0,361028000.0,1391367000.0,3810502000.0,14011000.0,641570000.0,683075000.0,2975939000.0,1328911000.0,1680131000.0,93150000.0,1324600000.0,1153391000.0,RECV3,2022,
,,,,,,,,,,,,,,RECV3,2021,
37911158000.0,19839054000.0,1575837000.0,17182792000.0,11278030000.0,998359000.0,3946177000.0,8528408000.0,38703387000.0,1051408000.0,2336195000.0,1176904000.0,-125496000.0,204603000.0,MGLU3,2025,
37311858000.0,19550824000.0,1827197000.0,16710550000.0,11319262000.0,1402168000.0,3179992000.0,8115695000.0,38038068000.0,1028667000.0,2361955000.0,941283000.0,87384000.0,448717000.0,MGLU3,2024,
37455067000.0,20221163000.0,2593346000.0,17408127000.0,9610534000.0,2954347000.0,4400508000.0,10933010000.0,36768149000.0,-768716000.0,473974000.0,1295651000.0,-2064367000.0,-979104000.0,MGLU3,2023,
37765845000.0,21938136000.0,2420045000.0,14832925000.0,10648701000.0,124297000.0,6984460000.0,10802273000.0,37299002000.0,-73753000.0,1089871000.0,1195645000.0,-1269398000.0,-498975000.0,MGLU3,2022,
,,,,,,,,,,,,,,MGLU3,2021,
28529287000.0,15451511000.0,255863000.0,7625531000.0,5327812000.0,1237427000.0,7364579000.0,8602006000.0,10906236000.0,-224594000.0,27014000.0,615871000.0,-840465000.0,-1042256000.0,MRVE3,2025,-403935000.0
29430687000.0,13695089000.0,414563000.0,8141830000.0,6432589000.0,3177766000.0,6602852000.0,9780618000.0,9009035000.0,155179000.0,327795000.0,488788000.0,-333609000.0,-503202000.0,MRVE3,2024,0.0
25071702000.0,11661860000.0,406767000.0,5626218000.0,6745355000.0,1365635000.0,6481636000.0,7847271000.0,7429915000.0,330751000.0,464160000.0,404138000.0,-73387000.0,-29815000.0,MRVE3,2023,
22601329000.0,10303472000.0,733748000.0,5063732000.0,5827443000.0,1148218000.0,6280944000.0,7429176000.0,6645285000.0,386785000.0,563166000.0,261192000.0,125593000.0,-176648000.0,MRVE3,2022,
,,,,,,,,,,,,,,MRVE3,2021,
3890716000.0,1326989000.0,300109000.0,937486000.0,1089428000.0,326022000.0,1373705000.0,2040425000.0,3081024000.0,673181000.0,958761000.0,272150000.0,401031000.0,93602000.0,LOGN3,2025,-223465000.0
3812832000.0,990429000.0,289792000.0,885462000.0,968669000.0,317133000.0,1372012000.0,1963475000.0,2795756000.0,325656000.0,604218000.0,242956000.0,82700000.0,53600000.0,LOGN3,2024,-317067000.0
3619288000.0,1109082000.0,436406000.0,715165000.0,939015000.0,259725000.0,1366765000.0,1872093000.0,2338625000.0,346975000.0,574629000.0,202271000.0,144704000.0,60103000.0,LOGN3,2023,-370667000.0
3449063000.0,1067048000.0,337268000.0,680130000.0,875514000.0,256359000.0,1265002000.0,1759924000.0,2067050000.0,446907000.0,622928000.0,198357000.0,248550000.0,406702000.0,LOGN3,2022,-430770000.0
,,,,,,,,,,,,,,LOGN3,2021,
18562235000.0,5654258000.0,2665170000.0,4563222000.0,6865116000.0,1902059000.0,5732463000.0,8841926000.0,11170362000.0,915237000.0,2038541000.0,1527995000.0,-612758000.0,-1151989000.0,DASA3,2025,-4030758000.0
26458471000.0,8203062000.0,1742762000.0,5299051000.0,7926007000.0,937851000.0,9459158000.0,12993387000.0,15322079000.0,621434000.0,1988252000.0,1688791000.0,-1067357000.0,-1198990000.0,DASA3,2024,-2878769000.0
26213200000.0,7031514000.0,1585194000.0,5641375000.0,7330427000.0,1518796000.0,9132641000.0,13294628000.0,14252235000.0,795180000.0,2091485000.0,1791134000.0,-995954000.0,-1166016000.0,DASA3,2023,-1679779000.0
26844191000.0,7722005000.0,1284992000.0,6165915000.0,7078622000.0,1163400000.0,10298699000.0,13903907000.0,13128893000.0,1098993000.0,2210516000.0,1677788000.0,-578795000.0,-386924000.0,DASA3,2022,-448290000.0
,,,,,,,,,,,,,,DASA3,2021,
16214965000.0,3061440000.0,184198000.0,5564801000.0,5461400000.0,1753728000.0,4119302000.0,6021507000.0,8010831000.0,1126256000.0,1729811000.0,712603000.0,413653000.0,393974000.0,COCE3,2025,
14406941000.0,3081678000.0,214124000.0,5673718000.0,5139622000.0,2822213000.0,2625279000.0,5524417000.0,7531475000.0,1045942000.0,1692150000.0,550364000.0,495578000.0,464914000.0,COCE3,2024,
13097413000.0,2852767000.0,96665000.0,5112763000.0,4191147000.0,2756001000.0,3099480000.0,5892555000.0,7951706000.0,967968000.0,1509648000.0,511504000.0,456464000.0,315476000.0,COCE3,2023,
12309404000.0,2849930000.0,182558000.0,4162838000.0,3956902000.0,1466544000.0,3192568000.0,4696711000.0,8022507000.0,1241297000.0,1649381000.0,436745000.0,804552000.0,640570000.0,COCE3,2022,
,,,,,,,,,,,,,,COCE3,2021,
4459480000.0,1785074000.0,372724000.0,582545000.0,3284363000.0,31632000.0,332621000.0,411674000.0,2334454000.0,211127000.0,413328000.0,38367000.0,172760000.0,188378000.0,FESA3,2025,
4387880000.0,1745724000.0,464086000.0,652462000.0,3339257000.0,41132000.0,159768000.0,263844000.0,2236704000.0,352250000.0,547149000.0,32415000.0,319835000.0,327505000.0,FESA3,2024,
4110697000.0,1584250000.0,341787000.0,499147000.0,3190099000.0,72221000.0,199164000.0,342471000.0,2435135000.0,450284000.0,601879000.0,30647000.0,419637000.0,382649000.0,FESA3,2023,
4067385000.0,1694947000.0,474102000.0,505951000.0,3039676000.0,69829000.0,268163000.0,388069000.0,3139016000.0,1280615000.0,1401890000.0,36253000.0,1244362000.0,1062276000.0,FESA3,2022,0.0
,,,,,,,,,,,,,,FESA3,2021,
9318633000.0,4559829000.0,774521000.0,3116161000.0,3707054000.0,139796000.0,820676000.0,2740715000.0,7982958000.0,1093082000.0,1813394000.0,366101000.0,726981000.0,587089000.0,CEAB3,2025,
10053899000.0,4993393000.0,1403225000.0,3850272000.0,3308484000.0,456541000.0,1041472000.0,3324889000.0,7636540000.0,871585000.0,1579275000.0,358666000.0,512919000.0,452477000.0,CEAB3,2024,
9725565000.0,4441842000.0,1155588000.0,3035263000.0,2991072000.0,511427000.0,1176427000.0,3632366000.0,6719317000.0,385542000.0,1132813000.0,433629000.0,-48087000.0,-6822000.0,CEAB3,2023,
9931795000.0,4753223000.0,1674091000.0,3517369000.0,2987708000.0,746015000.0,1404817000.0,4166533000.0,6183550000.0,385627000.0,1055642000.0,428903000.0,-43276000.0,831000.0,CEAB3,2022,0.0
,,,,,,,,,,,,,,CEAB3,2021,
105409478000.0,42328419000.0,13416988000.0,97419312000.0,-8732236000.0,68612415000.0,318794000.0,75806929000.0,225849347000.0,-16949881000.0,-7280860000.0,3546366000.0,-20496247000.0,-27048083000.0,RAIZ4,2026,-19850111000.0
140999678000.0,61120378000.0,21721393000.0,45937522000.0,17588530000.0,4772603000.0,53197768000.0,68416269000.0,255268454000.0,-61267000.0,9290941000.0,3084983000.0,-3146250000.0,-4256528000.0,RAIZ4,2025,0.0
128183310000.0,56481123000.0,14819906000.0,51460167000.0,21379405000.0,6204463000.0,29395358000.0,47164757000.0,220454239000.0,4723294000.0,13928529000.0,3111206000.0,1612088000.0,520715000.0,RAIZ4,2024,499635000.0
111551463000.0,47482431000.0,8733396000.0,44830685000.0,22251749000.0,4855395000.0,24599543000.0,40269447000.0,245831790000.0,7045508000.0,15698986000.0,3781928000.0,3263580000.0,2441126000.0,RAIZ4,2023,1820634000.0
,,,,,,,,,,,,,,RAIZ4,2022,
3638385000.0,1324903000.0,371931000.0,1054525000.0,2467887000.0,0.0,,75473000.0,1488531000.0,-297049000.0,-155022000.0,7375000.0,-304424000.0,-225450000.0,LWSA3,2025,
4010622000.0,1334539000.0,447378000.0,1129811000.0,2745843000.0,2000.0,,74427000.0,1370032000.0,71365000.0,201778000.0,6449000.0,64916000.0,42194000.0,LWSA3,2024,0.0
4604388000.0,1950393000.0,1188223000.0,1441553000.0,2882146000.0,60000.0,0.0,77429000.0,1292756000.0,-103710000.0,14437000.0,5943000.0,-109653000.0,-73735000.0,LWSA3,2023,-71851000.0
4727321000.0,2191142000.0,1448231000.0,1113337000.0,2975579000.0,380000.0,41000.0,77291000.0,1135391000.0,66701000.0,169651000.0,6630000.0,60071000.0,28273000.0,LWSA3,2022,0.0
,,,,,,321000.0,,,,,,,,LWSA3,2021,
1336745000.0,616898000.0,113860000.0,293890000.0,872233000.0,29767000.0,96183000.0,202017000.0,2225428000.0,365745000.0,427465000.0,27372000.0,338373000.0,242963000.0,TGMA3,2025,
1329394000.0,712728000.0,241335000.0,262914000.0,921409000.0,29089000.0,76907000.0,177073000.0,2090127000.0,399137000.0,454772000.0,21669000.0,377468000.0,269817000.0,TGMA3,2024,
1199711000.0,612732000.0,232539000.0,198094000.0,835170000.0,12759000.0,88840000.0,172269000.0,1583468000.0,257844000.0,312608000.0,22367000.0,235477000.0,181412000.0,TGMA3,2023,
1111080000.0,552717000.0,190299000.0,240365000.0,766189000.0,59172000.0,42568000.0,155303000.0,1370509000.0,224727000.0,277822000.0,16832000.0,207895000.0,159296000.0,TGMA3,2022,
,,,,,,,,,,,,,,TGMA3,2021,230950000.0
3858352000.0,767322000.0,464637000.0,546128000.0,1407988000.0,59011000.0,1567252000.0,1717548000.0,1218547000.0,410820000.0,617192000.0,286900000.0,123920000.0,71484000.0,DESK3,2025,
3510912000.0,651527000.0,290953000.0,425605000.0,1348244000.0,10321000.0,1337018000.0,1418352000.0,1128842000.0,395793000.0,576742000.0,234984000.0,160809000.0,89673000.0,DESK3,2024,
3247841000.0,611739000.0,329655000.0,482101000.0,1283594000.0,129765000.0,1038602000.0,1211894000.0,986391000.0,339517000.0,480522000.0,214252000.0,125265000.0,102336000.0,DESK3,2023,
2520418000.0,393219000.0,68629000.0,453927000.0,933576000.0,91451000.0,789798000.0,919159000.0,710765000.0,256709000.0,359661000.0,183021000.0,73688000.0,47979000.0,DESK3,2022,0.0
,,,,,,,,,,,,,,DESK3,2021,0.0
3635027000.0,1897234000.0,45601000.0,768448000.0,2271764000.0,278521000.0,283333000.0,599134000.0,1702382000.0,460350000.0,529761000.0,71878000.0,388472000.0,294955000.0,BLAU3,2025,
3411729000.0,1676152000.0,33317000.0,537942000.0,2163989000.0,66974000.0,450000000.0,558952000.0,1754376000.0,350203000.0,401964000.0,58314000.0,291889000.0,217206000.0,BLAU3,2024,
3053528000.0,1553869000.0,31495000.0,335926000.0,2001464000.0,70219000.0,500000000.0,608538000.0,1372633000.0,366343000.0,405232000.0,32110000.0,334233000.0,249809000.0,BLAU3,2023,
2499048000.0,1677861000.0,14114000.0,371113000.0,1822156000.0,79870000.0,200000000.0,311713000.0,1406909000.0,500991000.0,523276000.0,32431000.0,468560000.0,363368000.0,BLAU3,2022,
,,,,,,,,,,,,,,BLAU3,2021,
9391641000.0,5947055000.0,1853156000.0,2478815000.0,2503342000.0,437672000.0,3881960000.0,4319632000.0,9692948000.0,-99901000.0,281593000.0,353440000.0,-453341000.0,-656815000.0,TUPY3,2025,
11510863000.0,7460379000.0,2376203000.0,3390939000.0,3491580000.0,799061000.0,4132189000.0,4931250000.0,10665110000.0,727894000.0,1114992000.0,468766000.0,259128000.0,79514000.0,TUPY3,2024,
10284745000.0,6186653000.0,1593098000.0,3246790000.0,3324253000.0,847074000.0,3127748000.0,3974822000.0,11368190000.0,835864000.0,1202404000.0,297724000.0,538140000.0,508140000.0,TUPY3,2023,0.0
10243258000.0,6426680000.0,1509829000.0,3390345000.0,3039843000.0,465751000.0,3235576000.0,3701327000.0,10178416000.0,830613000.0,1179164000.0,187535000.0,643078000.0,508272000.0,TUPY3,2022,
,,,,,,,,,,,,,,TUPY3,2021,
6689685000.0,848786000.0,19468000.0,820619000.0,3606441000.0,478364000.0,1760393000.0,2373657000.0,248759000.0,679733000.0,686302000.0,254039000.0,425694000.0,354605000.0,LOGG3,2025,
6774201000.0,1218659000.0,226237000.0,837665000.0,3586009000.0,243042000.0,1823160000.0,2253242000.0,219742000.0,562575000.0,568246000.0,165737000.0,396838000.0,343389000.0,LOGG3,2024,
6254445000.0,933017000.0,396515000.0,528276000.0,3729945000.0,240843000.0,1656894000.0,2016456000.0,220156000.0,360471000.0,364443000.0,175974000.0,184497000.0,192176000.0,LOGG3,2023,
6150606000.0,648297000.0,297733000.0,479729000.0,3584653000.0,181379000.0,1592705000.0,1875799000.0,217230000.0,544853000.0,546500000.0,147377000.0,397476000.0,386072000.0,LOGG3,2022,
,,,,,,,,,,,,,,LOGG3,2021,
974206000.0,681166000.0,35255000.0,250716000.0,562494000.0,,,170923000.0,1046512000.0,197758000.0,237365000.0,17980000.0,179778000.0,142318000.0,TFCO4,2025,
825166000.0,568521000.0,23410000.0,212423000.0,472809000.0,,,151284000.0,831759000.0,159697000.0,193873000.0,12257000.0,147440000.0,117753000.0,TFCO4,2024,
682102000.0,502705000.0,54477000.0,177724000.0,413633000.0,,,101927000.0,683690000.0,146503000.0,174119000.0,9573000.0,136930000.0,114410000.0,TFCO4,2023,
579859000.0,427793000.0,60489000.0,166436000.0,328328000.0,,,94758000.0,567426000.0,128358000.0,147645000.0,7937000.0,120421000.0,96460000.0,TFCO4,2022,
,,,,,,,,,,,,,,TFCO4,2021,
9919168000.0,2768747000.0,982314000.0,1969181000.0,2945027000.0,962342000.0,3183057000.0,5726171000.0,5521740000.0,875474000.0,1691093000.0,735868000.0,139606000.0,181491000.0,YDUQ3,2025,
9938424000.0,2516953000.0,677472000.0,1436490000.0,3124958000.0,439041000.0,3512048000.0,5605972000.0,5351785000.0,986000000.0,1810641000.0,683745000.0,302255000.0,341378000.0,YDUQ3,2024,
9287596000.0,2109291000.0,501971000.0,1430185000.0,3042336000.0,565950000.0,2908396000.0,5143079000.0,5147562000.0,843644000.0,1628912000.0,733375000.0,110269000.0,152344000.0,YDUQ3,2023,
9049207000.0,2100461000.0,401050000.0,1107611000.0,2946247000.0,279726000.0,3249702000.0,5040497000.0,4564940000.0,648970000.0,1357512000.0,736183000.0,-87213000.0,-58244000.0,YDUQ3,2022,
,,,,,,,,,,,,,,YDUQ3,2021,
9522546000.0,5070858000.0,679969000.0,3739772000.0,3059794000.0,431728000.0,926217000.0,2937837000.0,7736413000.0,668474000.0,1132120000.0,377293000.0,291181000.0,328062000.0,SBFG3,2025,
8945967000.0,4874554000.0,996713000.0,3222231000.0,3012211000.0,458595000.0,833773000.0,2917310000.0,7151714000.0,876834000.0,1304834000.0,328765000.0,548069000.0,536256000.0,SBFG3,2024,
8614447000.0,4688724000.0,875914000.0,2841671000.0,2540943000.0,624004000.0,973496000.0,3191384000.0,6988671000.0,608592000.0,1023874000.0,418763000.0,189829000.0,169145000.0,SBFG3,2023,
8470247000.0,4526488000.0,418311000.0,2948338000.0,2408597000.0,277918000.0,855644000.0,2769804000.0,6260707000.0,522174000.0,875954000.0,303961000.0,218213000.0,205017000.0,SBFG3,2022,1257000.0
,,,,,,,,,,,,,,SBFG3,2021,0.0
4984659000.0,1978943000.0,529114000.0,852402000.0,2767612000.0,248711000.0,853949000.0,1489748000.0,3104252000.0,595441000.0,730212000.0,146984000.0,448457000.0,319114000.0,EUCA3,2025,
4569192000.0,1654280000.0,246225000.0,964722000.0,2570790000.0,329585000.0,476123000.0,1202178000.0,2857809000.0,337958000.0,455268000.0,110850000.0,227108000.0,198025000.0,EUCA3,2024,
4109828000.0,1473075000.0,33237000.0,830327000.0,2407330000.0,307215000.0,396742000.0,1021880000.0,2677586000.0,438311000.0,562934000.0,112869000.0,325442000.0,422208000.0,EUCA3,2023,
3683261000.0,1358091000.0,22762000.0,895467000.0,2012889000.0,263541000.0,361609000.0,846744000.0,2510647000.0,409490000.0,510009000.0,87208000.0,322282000.0,257503000.0,EUCA3,2022,
,,,,,,,,,,,,,,EUCA3,2021,
6093744000.0,1130851000.0,69510000.0,506586000.0,2925765000.0,132419000.0,2218275000.0,2715454000.0,2259078000.0,660236000.0,884836000.0,398394000.0,261842000.0,369891000.0,VTRU3,2025,
5825334000.0,812562000.0,21553000.0,355339000.0,2558217000.0,14024000.0,2336558000.0,2677038000.0,2141809000.0,450572000.0,666775000.0,446496000.0,4076000.0,288752000.0,VTRU3,2024,
5861224000.0,570640000.0,12971000.0,1865790000.0,2250233000.0,1505191000.0,676628000.0,2509653000.0,1962525000.0,473649000.0,686285000.0,363781000.0,109868000.0,122671000.0,VTRU3,2023,
3477655000.0,1298989000.0,696563000.0,500824000.0,1014122000.0,148288000.0,1790709000.0,2088447000.0,2133917000.0,406676000.0,730698000.0,264576000.0,142100000.0,105489000.0,OPCT3,2025,1020000.0
3031483000.0,1021612000.0,515103000.0,554063000.0,994268000.0,271210000.0,1397559000.0,1708698000.0,1721058000.0,199751000.0,459137000.0,188225000.0,11526000.0,-15598000.0,OPCT3,2024,-85094000.0
2383270000.0,695407000.0,214287000.0,564991000.0,788369000.0,250882000.0,888265000.0,1200397000.0,1648883000.0,313444000.0,561250000.0,189050000.0,124394000.0,73315000.0,OPCT3,2023,-69496000.0
2274211000.0,524503000.0,84251000.0,647565000.0,763659000.0,330392000.0,708871000.0,1205493000.0,1200957000.0,58968000.0,282613000.0,176852000.0,-117884000.0,-92975000.0,OPCT3,2022,-142811000.0
,,,,,,,,,,,,,,OPCT3,2021,
18738010000.0,10189331000.0,3821860000.0,4727677000.0,3232963000.0,1530379000.0,8076979000.0,10148814000.0,13143266000.0,1110413000.0,1580477000.0,1111353000.0,-940000.0,-250743000.0,RAPT3,2025,
15437636000.0,8911878000.0,2252138000.0,4659918000.0,3229923000.0,1524655000.0,5208157000.0,7000610000.0,11915741000.0,1675167000.0,2017687000.0,663818000.0,1011349000.0,408501000.0,RAPT3,2024,
12820143000.0,7387648000.0,2864807000.0,4070902000.0,2777775000.0,1217464000.0,4121368000.0,5617962000.0,10887843000.0,1630918000.0,1916570000.0,689678000.0,941240000.0,381687000.0,RAPT3,2023,
12882347000.0,7829913000.0,2504862000.0,3900956000.0,2744765000.0,947454000.0,4470224000.0,5683381000.0,11152417000.0,1530036000.0,1782744000.0,648081000.0,881955000.0,471720000.0,RAPT3,2022,
,,,,,,,,,,,,,,RAPT3,2021,
1865280000.0,1275580000.0,241156000.0,686239000.0,954572000.0,429000.0,18857000.0,24771000.0,1696407000.0,199722000.0,269125000.0,1268000.0,198454000.0,156660000.0,BMOB3,2025,
1627212000.0,1068748000.0,378610000.0,405790000.0,1166497000.0,0.0,0.0,7226000.0,1498065000.0,165194000.0,231819000.0,904000.0,164290000.0,119467000.0,BMOB3,2024,
1443377000.0,928963000.0,262973000.0,314623000.0,1083608000.0,,,4271000.0,1307844000.0,136814000.0,195466000.0,4911000.0,131903000.0,86600000.0,BMOB3,2023,
1349318000.0,879896000.0,359295000.0,259101000.0,1058526000.0,,,4935000.0,1475824000.0,147632000.0,211172000.0,11402000.0,136230000.0,85566000.0,BMOB3,2022,0.0
,,,,,,,,,,,,,,BMOB3,2021,
2495168000.0,524328000.0,212960000.0,478052000.0,1117763000.0,143113000.0,395828000.0,743282000.0,1185580000.0,371740000.0,641296000.0,82155000.0,289585000.0,209022000.0,FIQE3,2025,
2282619000.0,667899000.0,447756000.0,453669000.0,1197858000.0,109000000.0,440337000.0,651376000.0,1025379000.0,295243000.0,535340000.0,79696000.0,215547000.0,174566000.0,FIQE3,2024,
2016925000.0,552708000.0,272267000.0,399274000.0,1097381000.0,108430000.0,215303000.0,464613000.0,883156000.0,271223000.0,489862000.0,79663000.0,191560000.0,145109000.0,FIQE3,2023,
1919412000.0,705427000.0,368092000.0,381770000.0,997274000.0,85391000.0,284773000.0,391125000.0,678448000.0,246444000.0,409521000.0,74707000.0,171737000.0,130208000.0,FIQE3,2022,
,,,,,,,,,,,,,,FIQE3,2021,
1356384000.0,729116000.0,424671000.0,109122000.0,914717000.0,,,,510334000.0,318442000.0,318442000.0,5625000.0,312817000.0,185575000.0,CEBR3,2025,
1484640000.0,839759000.0,708612000.0,115321000.0,1065393000.0,,,,350369000.0,294774000.0,294774000.0,3762000.0,291012000.0,174228000.0,CEBR3,2024,
1415858000.0,785777000.0,682918000.0,112807000.0,1008340000.0,,,,352571000.0,311804000.0,311804000.0,731000.0,311073000.0,183510000.0,CEBR3,2023,
1436827000.0,817870000.0,739509000.0,177013000.0,977096000.0,,,,322217000.0,365289000.0,369440000.0,421000.0,364868000.0,196342000.0,CEBR3,2022,
,,,,,0.0,0.0,0.0,,,,,,,CEBR3,2021,
3949686000.0,1396763000.0,839834000.0,503645000.0,1451934000.0,233566000.0,1676145000.0,1961917000.0,1686311000.0,562393000.0,767146000.0,245446000.0,316947000.0,242050000.0,RANI3,2025,
3620637000.0,1230009000.0,604232000.0,493233000.0,1366538000.0,185281000.0,1500833000.0,1705563000.0,1555346000.0,401357000.0,596591000.0,182365000.0,218992000.0,304519000.0,RANI3,2024,
3467066000.0,1134869000.0,484152000.0,302837000.0,1279704000.0,55831000.0,1570322000.0,1650379000.0,1594245000.0,724098000.0,836704000.0,218259000.0,505839000.0,383434000.0,RANI3,2023,
3515338000.0,1505181000.0,735194000.0,577460000.0,1125085000.0,273595000.0,1518580000.0,1812862000.0,1686666000.0,647760000.0,750788000.0,129400000.0,518360000.0,378210000.0,RANI3,2022,
,,,,,,,,,,,,,,RANI3,2021,
4312889000.0,1494093000.0,599130000.0,491106000.0,1464488000.0,112332000.0,1290122000.0,2179252000.0,2175285000.0,438516000.0,549621000.0,271431000.0,167085000.0,110511000.0,MATD3,2025,
4340852000.0,1477702000.0,622581000.0,467424000.0,1448435000.0,75897000.0,1347024000.0,2164755000.0,2226001000.0,-264673000.0,-155632000.0,233937000.0,-498610000.0,-338440000.0,MATD3,2024,
5171451000.0,1258173000.0,227302000.0,485575000.0,1655141000.0,52205000.0,1202660000.0,2098367000.0,2187665000.0,452632000.0,554634000.0,243839000.0,208793000.0,119654000.0,MATD3,2023,
4933164000.0,1160148000.0,246414000.0,443433000.0,1617491000.0,52973000.0,1150207000.0,1980457000.0,1763132000.0,410472000.0,500544000.0,224638000.0,185834000.0,103505000.0,MATD3,2022,0.0
,,,,,,,,,,,,,,MATD3,2021,239725000.0
3830510000.0,2297587000.0,43745000.0,1320670000.0,1281851000.0,191815000.0,520159000.0,1506265000.0,5512118000.0,279478000.0,512018000.0,133938000.0,145540000.0,124605000.0,PNVL3,2025,0.0
3377453000.0,2012581000.0,79995000.0,1184660000.0,1234714000.0,162925000.0,391732000.0,1235805000.0,4942462000.0,217444000.0,427647000.0,104880000.0,112564000.0,105509000.0,PNVL3,2024,795000.0
3077470000.0,1840064000.0,27953000.0,1134412000.0,1173416000.0,102535000.0,280000000.0,1022687000.0,4461017000.0,194157000.0,394311000.0,102573000.0,91584000.0,92905000.0,PNVL3,2023,0.0
2733126000.0,1558547000.0,25715000.0,1008234000.0,1108162000.0,118395000.0,116429000.0,871540000.0,3990475000.0,148455000.0,333023000.0,70025000.0,78430000.0,86345000.0,PNVL3,2022,
,,,,,,,,,,,,,,PNVL3,2021,
10774545000.0,5513437000.0,1997608000.0,2834451000.0,3015317000.0,1074636000.0,3913747000.0,5270946000.0,11115003000.0,707533000.0,993456000.0,669825000.0,37708000.0,148369000.0,CAML3,2026,
11106595000.0,6210390000.0,2530204000.0,3781989000.0,3457322000.0,2110647000.0,3127027000.0,5512744000.0,12262939000.0,814372000.0,1080648000.0,637740000.0,176632000.0,216950000.0,CAML3,2025,
10621358000.0,6350714000.0,2800256000.0,2945363000.0,3087100000.0,1669005000.0,3817029000.0,5754294000.0,11249647000.0,807076000.0,1069023000.0,578708000.0,228368000.0,360337000.0,CAML3,2024,
9213881000.0,5087060000.0,1225614000.0,2558795000.0,2999193000.0,1147143000.0,2835058000.0,4176642000.0,10205488000.0,794748000.0,1028780000.0,399523000.0,395225000.0,353421000.0,CAML3,2023,266200000.0
,,,,,,,,,,,,,,CAML3,2022,1470839000.0
3299058000.0,915478000.0,261932000.0,725246000.0,1342852000.0,251665000.0,464770000.0,1463739000.0,2216531000.0,422316000.0,646956000.0,191576000.0,230740000.0,214436000.0,SEER3,2025,
3456087000.0,986134000.0,370728000.0,730864000.0,1208464000.0,292483000.0,671850000.0,1748840000.0,1981354000.0,184592000.0,407026000.0,170961000.0,13631000.0,-1162000.0,SEER3,2024,
3488933000.0,874528000.0,215267000.0,656430000.0,1209487000.0,241164000.0,613392000.0,1700357000.0,1830934000.0,140617000.0,366480000.0,164277000.0,-23660000.0,-28044000.0,SEER3,2023,
3392077000.0,752637000.0,180764000.0,552227000.0,1237531000.0,191548000.0,574391000.0,1471669000.0,1676343000.0,-54310000.0,160008000.0,160601000.0,-214911000.0,-222148000.0,SEER3,2022,0.0
,,,,,,,,,,,,,,SEER3,2021,
4730611000.0,1075996000.0,808247000.0,705437000.0,1590655000.0,129437000.0,1235078000.0,2515120000.0,2836184000.0,683810000.0,950363000.0,396791000.0,287019000.0,296866000.0,CSED3,2025,0.0
4569487000.0,847519000.0,555331000.0,912162000.0,1470789000.0,172311000.0,851097000.0,2250026000.0,2568352000.0,509576000.0,763699000.0,362856000.0,146720000.0,144306000.0,CSED3,2024,
4515809000.0,861873000.0,522915000.0,796404000.0,1386483000.0,198080000.0,645867000.0,2169830000.0,2297787000.0,489027000.0,753427000.0,384671000.0,104356000.0,100455000.0,CSED3,2023,
4707622000.0,1121194000.0,852743000.0,656683000.0,1405394000.0,235913000.0,831242000.0,2373821000.0,2028320000.0,399607000.0,638379000.0,391567000.0,8040000.0,6606000.0,CSED3,2022,
,,,,,,,,,,,,,,CSED3,2021,
12133203000.0,4381513000.0,241424000.0,3301394000.0,1324556000.0,1297010000.0,5728351000.0,7854063000.0,9640608000.0,1155618000.0,1972988000.0,1158359000.0,-2741000.0,81704000.0,JSLG3,2025,
12480182000.0,4618574000.0,442823000.0,3008405000.0,1770360000.0,1512051000.0,5821267000.0,8000390000.0,9056258000.0,1371548000.0,1980583000.0,1103189000.0,268359000.0,207312000.0,JSLG3,2024,
11888867000.0,3978862000.0,610869000.0,2367201000.0,1663443000.0,953304000.0,5867108000.0,7449222000.0,7574644000.0,1202936000.0,1649522000.0,825186000.0,377750000.0,351783000.0,JSLG3,2023,
8242132000.0,2406151000.0,475625000.0,1758397000.0,1412613000.0,323000000.0,3917698000.0,4738734000.0,6022405000.0,779480000.0,1080977000.0,613083000.0,166397000.0,194182000.0,JSLG3,2022,
,,,,,,,,,,,,,,JSLG3,2021,
5253490000.0,3653890000.0,656538000.0,1900228000.0,2968098000.0,381781000.0,147138000.0,573149000.0,3923762000.0,199065000.0,254248000.0,56348000.0,142717000.0,121899000.0,MLAS3,2025,
5308700000.0,3651399000.0,744553000.0,1582283000.0,2891745000.0,260238000.0,421983000.0,711507000.0,3388498000.0,-200914000.0,-139034000.0,53173000.0,-254087000.0,-321233000.0,MLAS3,2024,0.0
5458038000.0,4012088000.0,1045987000.0,1217725000.0,3217030000.0,400375000.0,462587000.0,913574000.0,3499079000.0,-792377000.0,-724510000.0,76250000.0,-868627000.0,-836178000.0,MLAS3,2023,-836178000.0
6877963000.0,5524085000.0,663125000.0,2203989000.0,4053574000.0,1058301000.0,151700000.0,1249781000.0,4383845000.0,193277000.0,252486000.0,52497000.0,140780000.0,89967000.0,MLAS3,2022,0.0
,,,,,,,,,,,,,,MLAS3,2021,0.0
14392484000.0,6217917000.0,1599733000.0,3498964000.0,4321723000.0,356196000.0,5275350000.0,5631546000.0,15366537000.0,938851000.0,1490390000.0,575213000.0,363638000.0,98383000.0,MYPK3,2025,
15961371000.0,7390947000.0,2463475000.0,4306159000.0,4557905000.0,614709000.0,5774050000.0,6388759000.0,15331813000.0,1140810000.0,1643845000.0,555347000.0,585463000.0,264719000.0,MYPK3,2024,
14534116000.0,7514152000.0,2962366000.0,4617386000.0,3693626000.0,1631599000.0,5133934000.0,6765533000.0,14955220000.0,877567000.0,1347854000.0,612867000.0,264700000.0,30733000.0,MYPK3,2023,
15195455000.0,7886325000.0,2287054000.0,4768463000.0,3919807000.0,1043611000.0,5433377000.0,6476988000.0,16947869000.0,1156405000.0,1647636000.0,528385000.0,628020000.0,278933000.0,MYPK3,2022,
,,,,,,,,,,,,,,MYPK3,2021,
1565822000.0,1023334000.0,250821000.0,288001000.0,796836000.0,52144000.0,437439000.0,503588000.0,1224992000.0,252221000.0,290527000.0,32956000.0,219265000.0,222311000.0,OFSA3,2025,
1384706000.0,891593000.0,233957000.0,291255000.0,756398000.0,56890000.0,302464000.0,375132000.0,1024792000.0,208591000.0,246274000.0,31488000.0,177103000.0,134330000.0,OFSA3,2024,
1279009000.0,828889000.0,304029000.0,232656000.0,689374000.0,98852000.0,333122000.0,437495000.0,943281000.0,91841000.0,128030000.0,37589000.0,54252000.0,-49975000.0,OFSA3,2023,
1346505000.0,842904000.0,165036000.0,259425000.0,735950000.0,88229000.0,324140000.0,412369000.0,1041107000.0,184514000.0,216508000.0,37451000.0,147063000.0,130663000.0,OFSA3,2022,
,,,,,,,,,,,,,,OFSA3,2021,
3147366000.0,1600153000.0,699196000.0,660397000.0,1706866000.0,,,784594000.0,2062563000.0,314747000.0,433288000.0,80469000.0,234278000.0,261266000.0,VLID3,2025,0.0
2943849000.0,1552569000.0,569472000.0,539370000.0,1794711000.0,,,599216000.0,2171344000.0,513079000.0,616413000.0,77184000.0,435895000.0,380914000.0,VLID3,2024,0.0
2545626000.0,1267435000.0,422029000.0,551170000.0,1298463000.0,,,709954000.0,2255510000.0,376266000.0,497205000.0,103103000.0,273163000.0,213286000.0,VLID3,2023,0.0
2663351000.0,1311719000.0,365161000.0,702216000.0,1235367000.0,,,867155000.0,1879437000.0,273862000.0,418135000.0,157788000.0,116074000.0,24479000.0,VLID3,2022,0.0
,,,,,,,,,,,,,,VLID3,2021,
18426000000.0,5860000000.0,1990000000.0,7084000000.0,2106000000.0,1700000000.0,2402000000.0,8472000000.0,19113000000.0,-173000000.0,980000000.0,1260000000.0,-1433000000.0,-824000000.0,PCAR3,2025,-533000000.0
19703000000.0,6116000000.0,2631000000.0,6356000000.0,2926000000.0,849000000.0,3196000000.0,8373000000.0,18790000000.0,-533000000.0,634000000.0,1144000000.0,-1677000000.0,-2407000000.0,PCAR3,2024,
22050000000.0,7523000000.0,2971000000.0,6225000000.0,4717000000.0,972000000.0,4302000000.0,9574000000.0,19250000000.0,1048000000.0,2184000000.0,1380000000.0,-332000000.0,-2271000000.0,PCAR3,2023,-2443000000.0
43839000000.0,28559000000.0,3751000000.0,17747000000.0,11493000000.0,1001000000.0,4862000000.0,9900000000.0,17321000000.0,-6000000.0,1896000000.0,1309000000.0,-1315000000.0,-172000000.0,PCAR3,2022,-172000000.0
,,,,,,,,,,,,,,PCAR3,2021,0.0
4685456000.0,1197628000.0,82153000.0,804764000.0,1543823000.0,457750000.0,1944928000.0,2518146000.0,1677263000.0,324217000.0,830943000.0,278543000.0,45674000.0,40841000.0,BRST3,2025,43511000.0
4026085000.0,877012000.0,238791000.0,782527000.0,1517175000.0,423688000.0,1467900000.0,1981443000.0,1427794000.0,260147000.0,672141000.0,181192000.0,78955000.0,60790000.0,BRST3,2024,28744000.0
3195271000.0,720908000.0,323210000.0,338126000.0,1536082000.0,115019000.0,1086689000.0,1248251000.0,1227870000.0,324464000.0,650654000.0,145186000.0,179278000.0,172493000.0,BRST3,2023,59823000.0
4412466000.0,2310040000.0,698510000.0,367137000.0,1752089000.0,0.0,,19879000.0,491009000.0,455346000.0,729450000.0,272910000.0,182436000.0,140504000.0,TELB3,2025,-1999280000.0
4089985000.0,1776003000.0,389319000.0,314577000.0,1482012000.0,46210000.0,0.0,55723000.0,414315000.0,145005000.0,415049000.0,211577000.0,-66572000.0,-66572000.0,TELB3,2024,-2139784000.0
4003587000.0,1607349000.0,353707000.0,280660000.0,1425651000.0,45710000.0,44892000.0,104723000.0,416840000.0,96353000.0,349894000.0,223710000.0,-127357000.0,-127357000.0,TELB3,2023,-2073212000.0
4035411000.0,1528710000.0,285681000.0,321615000.0,1663398000.0,47175000.0,89635000.0,153467000.0,347840000.0,48271000.0,290358000.0,216730000.0,-168459000.0,-168459000.0,TELB3,2022,-1837560000.0
,,,,,,144769000.0,,,,,,,,TELB3,2021,
1825499000.0,22239000.0,19237000.0,5529000.0,1696382000.0,,120943000.0,121796000.0,,,,,,,OBTC3,2025,-423823000.0
1512406000.0,987373000.0,316431000.0,504840000.0,774231000.0,132536000.0,162537000.0,313076000.0,1490300000.0,237434000.0,275434000.0,48799000.0,188635000.0,156270000.0,KEPL3,2025,
1594030000.0,1070027000.0,389817000.0,541088000.0,740781000.0,92506000.0,221296000.0,335897000.0,1607297000.0,319537000.0,359016000.0,31761000.0,287776000.0,199183000.0,KEPL3,2024,
1471280000.0,981908000.0,322923000.0,607901000.0,726203000.0,127976000.0,63433000.0,192697000.0,1512134000.0,332440000.0,367389000.0,26724000.0,305716000.0,245214000.0,KEPL3,2023,
1273778000.0,912707000.0,254454000.0,574303000.0,597270000.0,78505000.0,88043000.0,170617000.0,1815401000.0,537322000.0,567432000.0,17590000.0,519732000.0,382468000.0,KEPL3,2022,0.0
,,,,,,,,,,,,,,KEPL3,2021,
3433244000.0,2917337000.0,526805000.0,983183000.0,1449541000.0,424637000.0,636092000.0,1060729000.0,1378596000.0,307375000.0,335806000.0,54234000.0,253141000.0,203785000.0,TRIS3,2025,
3042594000.0,2266110000.0,449769000.0,477996000.0,1459011000.0,99085000.0,722633000.0,821718000.0,1346694000.0,259974000.0,284713000.0,50475000.0,209499000.0,171556000.0,TRIS3,2024,
2757738000.0,2063152000.0,362013000.0,765567000.0,1347166000.0,476993000.0,563788000.0,1040781000.0,1046690000.0,208982000.0,234686000.0,50639000.0,158343000.0,123880000.0,TRIS3,2023,
2575050000.0,1694212000.0,310361000.0,423997000.0,1261562000.0,174142000.0,729974000.0,904116000.0,760270000.0,153193000.0,176522000.0,61693000.0,91500000.0,67913000.0,TRIS3,2022,
,,,,,,,,,,,,,,TRIS3,2021,
9920927000.0,5688716000.0,185757000.0,3577888000.0,3085174000.0,188701000.0,1544416000.0,3690009000.0,14906429000.0,679180000.0,1205528000.0,504206000.0,174974000.0,260282000.0,PGMN3,2025,0.0
9021606000.0,4614664000.0,149126000.0,3381427000.0,2714843000.0,369751000.0,1046625000.0,3507097000.0,12641825000.0,439391000.0,957520000.0,437000000.0,2391000.0,103099000.0,PGMN3,2024,0.0
8988598000.0,4493557000.0,438500000.0,3242528000.0,2652989000.0,430286000.0,1205139000.0,3757346000.0,11202122000.0,270658000.0,797921000.0,552398000.0,-281740000.0,2516000.0,PGMN3,2023,
8597426000.0,4127912000.0,163742000.0,2935820000.0,2334552000.0,472810000.0,1100597000.0,3812899000.0,9189075000.0,720242000.0,1107570000.0,491020000.0,229222000.0,263664000.0,PGMN3,2022,
,,,,,,,,,,,,,,PGMN3,2021,
1890643000.0,846970000.0,343246000.0,573925000.0,482834000.0,202682000.0,607927000.0,841406000.0,1563623000.0,113134000.0,202121000.0,105453000.0,7681000.0,-11811000.0,PRNR3,2025,
1229162000.0,609764000.0,232537000.0,546806000.0,340742000.0,267358000.0,196225000.0,488508000.0,1100583000.0,88563000.0,137299000.0,50685000.0,37878000.0,10150000.0,PRNR3,2024,
837004000.0,445227000.0,125891000.0,277072000.0,224735000.0,77019000.0,271542000.0,373969000.0,1046411000.0,79221000.0,118282000.0,36810000.0,42411000.0,13701000.0,PRNR3,2023,
619939000.0,353888000.0,105039000.0,259122000.0,215595000.0,35653000.0,100695000.0,157213000.0,813494000.0,98073000.0,124371000.0,13893000.0,84180000.0,20235000.0,PRNR3,2022,
,,,,,,,,,,,,,,PRNR3,2021,
524230000.0,281059000.0,22304000.0,126222000.0,313508000.0,45693000.0,50911000.0,96604000.0,269299000.0,4022000.0,12588000.0,10970000.0,-6948000.0,-6687000.0,BIOM3,2025,-660329000.0
465659000.0,242110000.0,77620000.0,88894000.0,262784000.0,44503000.0,76880000.0,121383000.0,142905000.0,-64987000.0,-53103000.0,11607000.0,-76594000.0,-77238000.0,BIOM3,2024,-653642000.0
344698000.0,128265000.0,25999000.0,84152000.0,122940000.0,47660000.0,105940000.0,153600000.0,118194000.0,-67674000.0,-56194000.0,13127000.0,-80801000.0,-81141000.0,BIOM3,2023,-576404000.0
405093000.0,183511000.0,75931000.0,92458000.0,159109000.0,51060000.0,121224000.0,172284000.0,104954000.0,-78913000.0,-66662000.0,14276000.0,-93189000.0,-92559000.0,BIOM3,2022,-495263000.0
,,,,,,,,,,,,,,BIOM3,2021,
2530252000.0,469966000.0,245313000.0,688324000.0,356129000.0,240297000.0,789272000.0,1452803000.0,1872588000.0,289103000.0,550081000.0,263256000.0,25847000.0,7056000.0,ALPK3,2025,5028000.0
2507306000.0,438646000.0,217996000.0,638059000.0,349775000.0,199798000.0,817785000.0,1462748000.0,1584808000.0,228085000.0,477004000.0,232033000.0,-3948000.0,-15938000.0,ALPK3,2024,-1055099000.0
2515092000.0,338698000.0,189524000.0,684318000.0,367314000.0,222914000.0,705948000.0,1411972000.0,1356341000.0,191978000.0,430678000.0,254363000.0,-62385000.0,-73911000.0,ALPK3,2023,-1046652000.0
2564006000.0,274860000.0,137413000.0,899120000.0,445916000.0,452683000.0,418034000.0,1370067000.0,1112959000.0,79486000.0,314398000.0,232417000.0,-152931000.0,-160871000.0,ALPK3,2022,-988162000.0
,,,,,,,,,,,,,,ALPK3,2021,
1613764000.0,1044291000.0,395276000.0,286487000.0,1001959000.0,44169000.0,249951000.0,297026000.0,2136827000.0,239865000.0,274298000.0,25521000.0,214344000.0,143653000.0,DEXP3,2025,451753000.0
1557125000.0,988510000.0,341761000.0,301071000.0,951170000.0,62000000.0,215064000.0,283202000.0,1810394000.0,256605000.0,288292000.0,32971000.0,223634000.0,144196000.0,DEXP3,2024,516279000.0
1462436000.0,965751000.0,452932000.0,291891000.0,727788000.0,101860000.0,194440000.0,304730000.0,1745275000.0,304841000.0,335393000.0,43579000.0,261262000.0,180791000.0,DEXP3,2023,506824000.0
1307748000.0,778648000.0,198753000.0,286233000.0,570700000.0,107902000.0,192402000.0,311363000.0,2098108000.0,286595000.0,312308000.0,63207000.0,223388000.0,149891000.0,DEXP3,2022,356418000.0
,,,,,,,,,,,,,,DEXP3,2021,
6234275000.0,4494065000.0,235121000.0,3484929000.0,1345730000.0,311139000.0,563531000.0,1401782000.0,11450521000.0,318635000.0,518799000.0,201173000.0,117462000.0,118898000.0,PFRM3,2025,
5616238000.0,4020094000.0,229552000.0,2989131000.0,1303101000.0,248539000.0,551180000.0,1246712000.0,10153623000.0,277247000.0,446768000.0,149386000.0,127861000.0,114579000.0,PFRM3,2024,
4937926000.0,3539367000.0,193743000.0,2446645000.0,1248348000.0,206276000.0,573628000.0,1143698000.0,8661744000.0,243489000.0,392009000.0,161896000.0,81593000.0,70397000.0,PFRM3,2023,
4364933000.0,2980433000.0,183255000.0,1956323000.0,1191014000.0,131015000.0,532648000.0,1024191000.0,7816218000.0,228166000.0,366387000.0,149196000.0,78970000.0,80874000.0,PFRM3,2022,
,,,,,,,,,,,,,,PFRM3,2021,
3608313000.0,2221613000.0,526878000.0,328033000.0,1331144000.0,61572000.0,1256636000.0,1387676000.0,2617205000.0,206740000.0,246174000.0,133622000.0,73118000.0,20000000.0,SOJA3,2025,0.0
2666602000.0,1747904000.0,238527000.0,430083000.0,1346795000.0,140956000.0,273051000.0,429016000.0,1831973000.0,215173000.0,245829000.0,39700000.0,175473000.0,93460000.0,SOJA3,2024,76444000.0
2364604000.0,1555426000.0,465589000.0,344162000.0,1012629000.0,38533000.0,535057000.0,592550000.0,2062189000.0,304721000.0,320276000.0,50742000.0,253979000.0,301501000.0,SOJA3,2023,27656000.0
1449473000.0,937849000.0,254739000.0,292280000.0,957122000.0,95326000.0,187964000.0,293737000.0,1757166000.0,218446000.0,222960000.0,26401000.0,192045000.0,169335000.0,SOJA3,2022,233662000.0
,,,,,,,,,,,,,,SOJA3,2021,
10173712000.0,2588253000.0,220007000.0,1164141000.0,2300465000.0,345238000.0,4175350000.0,5696451000.0,4023697000.0,1143545000.0,1571013000.0,890686000.0,252859000.0,123755000.0,ANIM3,2025,
9688873000.0,2084653000.0,99601000.0,962892000.0,2274252000.0,146947000.0,3974119000.0,5309792000.0,3801379000.0,922284000.0,1403319000.0,736216000.0,186068000.0,85146000.0,ANIM3,2024,
9655477000.0,1770484000.0,139411000.0,1692177000.0,2404485000.0,875973000.0,2921129000.0,5101068000.0,3732940000.0,557724000.0,1092155000.0,775599000.0,-217875000.0,-329630000.0,ANIM3,2023,
10732094000.0,2379589000.0,422431000.0,1821441000.0,2763347000.0,885446000.0,3224715000.0,5616859000.0,3563231000.0,326558000.0,888318000.0,742509000.0,-415951000.0,-102250000.0,ANIM3,2022,0.0
,,,,,,,,,,,,,,ANIM3,2021,0.0
3738885000.0,2177662000.0,286727000.0,2807313000.0,478791000.0,86015000.0,309320000.0,463123000.0,1488493000.0,323638000.0,553355000.0,324362000.0,-724000.0,-40935000.0,CVCB3,2025,-2389024000.0
3840648000.0,2226986000.0,400233000.0,2531686000.0,531632000.0,9450000.0,532871000.0,612806000.0,1420763000.0,184559000.0,407062000.0,267926000.0,-83367000.0,-103341000.0,CVCB3,2024,-2348089000.0
4030884000.0,2301361000.0,482830000.0,2478268000.0,607959000.0,161497000.0,628514000.0,858552000.0,1432690000.0,-155590000.0,62906000.0,296914000.0,-452504000.0,-456880000.0,CVCB3,2023,-2244748000.0
3917566000.0,1962441000.0,687545000.0,3130395000.0,316480000.0,693735000.0,202950000.0,956992000.0,1221595000.0,-34193000.0,168987000.0,312881000.0,-347074000.0,-433441000.0,CVCB3,2022,-1787868000.0
,,,,,,,,,,,,,,CVCB3,2021,
1583215000.0,941434000.0,122259000.0,508500000.0,778663000.0,234726000.0,215805000.0,450531000.0,3015706000.0,175926000.0,198215000.0,48057000.0,127869000.0,86482000.0,WLMM3,2025,
1311805000.0,809745000.0,38618000.0,336048000.0,773222000.0,216821000.0,154490000.0,371311000.0,3124270000.0,208204000.0,218563000.0,17756000.0,190448000.0,129397000.0,WLMM3,2024,
1008709000.0,631472000.0,42069000.0,246564000.0,702229000.0,127376000.0,13105000.0,140481000.0,2390660000.0,164927000.0,169740000.0,8249000.0,156678000.0,114641000.0,WLMM3,2023,
811565000.0,455021000.0,22775000.0,133419000.0,622011000.0,49783000.0,6482000.0,56265000.0,1980299000.0,167457000.0,171438000.0,2050000.0,165407000.0,117298000.0,WLMM3,2022,
,,,,,,,,,,,,,,WLMM3,2021,
2586405000.0,1504546000.0,67547000.0,955097000.0,1247453000.0,662127000.0,245168000.0,907295000.0,1463029000.0,127340000.0,181108000.0,81901000.0,45439000.0,17673000.0,TASA3,2025,
2628647000.0,1551087000.0,112614000.0,1016957000.0,1294361000.0,554318000.0,193220000.0,747538000.0,1672674000.0,153795000.0,197410000.0,74835000.0,78960000.0,76592000.0,TASA3,2024,
2153861000.0,1194992000.0,83362000.0,800467000.0,1091805000.0,412994000.0,117968000.0,531103000.0,1781887000.0,257315000.0,292755000.0,48606000.0,208709000.0,152790000.0,TASA3,2023,
2276173000.0,1467612000.0,201219000.0,998666000.0,1024231000.0,392967000.0,95258000.0,488225000.0,2540021000.0,797828000.0,829138000.0,42623000.0,755205000.0,519984000.0,TASA3,2022,304700000.0
,,,,,,,,,,,,,,TASA3,2021,0.0
7420477000.0,2660333000.0,1805147000.0,548167000.0,2010249000.0,184297000.0,3343241000.0,4900729000.0,2148915000.0,440138000.0,1543845000.0,497778000.0,-57640000.0,9496000.0,JALL3,2026,
7137606000.0,2301201000.0,1237342000.0,1050586000.0,2003170000.0,575240000.0,2401837000.0,4547700000.0,2337911000.0,329606000.0,1391688000.0,475874000.0,-146268000.0,-55950000.0,JALL3,2025,
6701940000.0,2120283000.0,1049863000.0,735404000.0,2074758000.0,237577000.0,2399176000.0,4016479000.0,1909528000.0,392108000.0,1418530000.0,350963000.0,41145000.0,85118000.0,JALL3,2024,
6160219000.0,2051383000.0,999121000.0,830358000.0,1937245000.0,230719000.0,1894010000.0,3349084000.0,1707488000.0,951080000.0,1508922000.0,243393000.0,707687000.0,692329000.0,JALL3,2023,0.0
,,,,,,,,,,,,,,JALL3,2022,
1416094000.0,981170000.0,21699000.0,470832000.0,742060000.0,135167000.0,183338000.0,318505000.0,1928530000.0,145599000.0,163019000.0,68406000.0,77193000.0,49866000.0,PATI3,2025,
1617428000.0,1204075000.0,25070000.0,548199000.0,749036000.0,179430000.0,303558000.0,482988000.0,2109725000.0,179815000.0,194457000.0,59812000.0,120003000.0,84659000.0,PATI3,2024,
1564781701.0,1163977654.0,433669387.0,457758409.0,840564177.0,172269191.0,233923281.0,406192472.0,1879266353.0,128133281.0,141309279.0,95271437.0,32861844.0,13417745.0,PATI3,2023,
1899575511.0,1575442078.0,598719585.0,557279978.0,840373480.0,248254650.0,371741942.0,619996592.0,2331132161.0,216005097.0,227246966.0,127864394.0,88140703.0,55692835.0,PATI3,2022,
,,,,,,,,,,,,,,PATI3,2021,394898876.0
1263495000.0,540501000.0,4981000.0,239165000.0,878113000.0,,,144354000.0,744815000.0,100976000.0,157361000.0,13847000.0,87129000.0,83855000.0,CGRA3,2025,0.0
1353420000.0,628497000.0,9175000.0,254268000.0,952978000.0,,,145936000.0,728592000.0,135842000.0,193696000.0,14241000.0,121601000.0,104649000.0,CGRA3,2024,0.0
1274618000.0,570025000.0,168715000.0,249976000.0,884240000.0,,,140900000.0,676829000.0,122574000.0,180102000.0,13900000.0,108674000.0,95652000.0,CGRA3,2023,0.0
1171754000.0,522135000.0,125350000.0,213109000.0,832361000.0,,,135812000.0,682351000.0,149139000.0,197496000.0,13641000.0,135498000.0,119071000.0,CGRA3,2022,10983000.0
,,,,,,,,,,,,,,CGRA3,2021,
16249000000.0,7771000000.0,879000000.0,4664000000.0,4759000000.0,0.0,1995000000.0,5578000000.0,12305000000.0,1044000000.0,1852000000.0,877000000.0,167000000.0,-271000000.0,AMER3,2025,-35125000000.0
17465000000.0,7078000000.0,1129000000.0,4382000000.0,4970000000.0,49000000.0,1733000000.0,5968000000.0,12452000000.0,16729000000.0,17617000000.0,3452000000.0,13277000000.0,8281000000.0,AMER3,2024,-34854000000.0
27115000000.0,10727000000.0,1758000000.0,49275000000.0,-28850000000.0,23523000000.0,0.0,28489000000.0,14759000000.0,-3031000000.0,-1676000000.0,3975000000.0,-7006000000.0,-2272000000.0,AMER3,2023,-43136000000.0
31872000000.0,16978000000.0,2479000000.0,50181000000.0,-26670000000.0,22749000000.0,0.0,28877000000.0,25821000000.0,-9838000000.0,-8190000000.0,3511000000.0,-13349000000.0,-13220000000.0,AMER3,2022,-40864000000.0
,,,,,,,,,,,,,,AMER3,2021,
2740776000.0,1776753000.0,5571000.0,684591000.0,1064288000.0,95459000.0,509018000.0,604477000.0,1117283000.0,186481000.0,190799000.0,2316000.0,184165000.0,112060000.0,MELK3,2025,
2594695000.0,1987247000.0,5140000.0,677526000.0,1211564000.0,125530000.0,234803000.0,360333000.0,1028992000.0,164515000.0,168648000.0,66000.0,164449000.0,71368000.0,MELK3,2024,
2421373000.0,1991437000.0,1580000.0,685825000.0,1205197000.0,145523000.0,139736000.0,285259000.0,1183709000.0,182428000.0,186997000.0,92000.0,182336000.0,103885000.0,MELK3,2023,
2301121000.0,1844235000.0,16058000.0,601828000.0,1206101000.0,46358000.0,118641000.0,164999000.0,1029568000.0,148827000.0,152759000.0,76000.0,148751000.0,84378000.0,MELK3,2022,
,,,,,,,,,,,,,,MELK3,2021,
750929000.0,239964000.0,75674000.0,162686000.0,465112000.0,167000.0,82536000.0,123595000.0,623529000.0,118078000.0,180199000.0,6806000.0,111272000.0,106051000.0,CSUD3,2025,0.0
696188000.0,201426000.0,96197000.0,165025000.0,477140000.0,1677000.0,0.0,70541000.0,567639000.0,137441000.0,199147000.0,8768000.0,128673000.0,91177000.0,CSUD3,2024,0.0
611536000.0,170503000.0,75290000.0,122960000.0,429356000.0,4929000.0,1689000.0,68751000.0,530233000.0,126743000.0,190645000.0,9962000.0,116781000.0,88423000.0,CSUD3,2023,
607219000.0,182482000.0,86455000.0,155994000.0,381846000.0,9587000.0,6763000.0,85704000.0,537168000.0,110905000.0,172479000.0,9933000.0,100972000.0,73572000.0,CSUD3,2022,
,,,,,,,,,,,,,,CSUD3,2021,
929946000.0,575948000.0,47963000.0,217187000.0,644605000.0,124930000.0,48627000.0,199537000.0,819983000.0,98227000.0,123348000.0,25419000.0,72808000.0,66528000.0,VITT3,2025,
953178000.0,590289000.0,54473000.0,221417000.0,634772000.0,132057000.0,67440000.0,233177000.0,786619000.0,111519000.0,133426000.0,18553000.0,92966000.0,75526000.0,VITT3,2024,
925757000.0,571633000.0,82829000.0,277657000.0,620370000.0,167549000.0,0.0,199538000.0,756109000.0,134261000.0,154509000.0,39946000.0,94315000.0,97359000.0,VITT3,2023,
958471000.0,648351000.0,88630000.0,293204000.0,577565000.0,168133000.0,60102000.0,256501000.0,851191000.0,240284000.0,256035000.0,69803000.0,170481000.0,150003000.0,VITT3,2022,
,,,,,,,,,,,,,,VITT3,2021,
693048000.0,459750000.0,37264000.0,124490000.0,437800000.0,6357000.0,40705000.0,50072000.0,478423000.0,91161000.0,102609000.0,11339000.0,79822000.0,71475000.0,TECN3,2025,
724487000.0,495693000.0,119913000.0,171209000.0,410409000.0,53985000.0,53778000.0,111193000.0,400280000.0,98821000.0,109397000.0,13721000.0,85100000.0,64833000.0,TECN3,2024,
665615000.0,437690000.0,125152000.0,95547000.0,402679000.0,16060000.0,77759000.0,98737000.0,342347000.0,83752000.0,93381000.0,18520000.0,65232000.0,56213000.0,TECN3,2023,26869000.0
642766000.0,417062000.0,98325000.0,86216000.0,364947000.0,18012000.0,102253000.0,124273000.0,351232000.0,65598000.0,75349000.0,19966000.0,45632000.0,39925000.0,TECN3,2022,20198000.0
,,,,,,,,,,,,,,TECN3,2021,
1777362000.0,507218000.0,17087000.0,1786460000.0,-277542000.0,463708000.0,4980000.0,697166000.0,1153825000.0,-1151632000.0,-1061526000.0,123939000.0,-1275571000.0,-1372344000.0,AALR3,2025,-2007318000.0
2889222000.0,694432000.0,43621000.0,666400000.0,1094793000.0,293991000.0,427722000.0,951062000.0,1177550000.0,83282000.0,185513000.0,176651000.0,-93369000.0,-129119000.0,AALR3,2024,-634974000.0
2669811000.0,524747000.0,218595000.0,734820000.0,917456000.0,375976000.0,669306000.0,1309243000.0,1179584000.0,32745000.0,125875000.0,202812000.0,-199469000.0,-227878000.0,AALR3,2023,-505855000.0
2615454000.0,484284000.0,218744000.0,678389000.0,949696000.0,424490000.0,610467000.0,1335223000.0,1085009000.0,-43116000.0,74621000.0,151483000.0,-233234000.0,-227810000.0,AALR3,2022,-277977000.0
,,,,,,,,,,,,,,AALR3,2021,
3369335000.0,2347432000.0,375871000.0,1305823000.0,1551768000.0,62785000.0,353667000.0,484904000.0,5504620000.0,514059000.0,562147000.0,106132000.0,407927000.0,332712000.0,ALLD3,2025,37659000.0
3480239000.0,2452534000.0,427961000.0,1342037000.0,1588986000.0,123214000.0,382514000.0,593830000.0,5521381000.0,235616000.0,288510000.0,134595000.0,101021000.0,145532000.0,ALLD3,2024,116023000.0
3395751000.0,2289747000.0,535620000.0,1135058000.0,1599166000.0,81660000.0,462053000.0,651245000.0,5854915000.0,257532000.0,322442000.0,158412000.0,99120000.0,122444000.0,ALLD3,2023,
3688953000.0,2567150000.0,141942000.0,1529603000.0,1499921000.0,221185000.0,408395000.0,756915000.0,5127781000.0,233867000.0,307406000.0,181520000.0,52347000.0,76146000.0,ALLD3,2022,0.0
,,,,,,,,,,,,,,ALLD3,2021,53228000.0
633890000.0,195869000.0,72857000.0,95420000.0,511484000.0,,,,460204000.0,71228000.0,88896000.0,,30665000.0,-621000.0,CASH3,2025,-10212000.0
486794000.0,326207000.0,37365000.0,104240000.0,342465000.0,,,226000.0,365018000.0,38432000.0,49522000.0,,17120000.0,-7959000.0,CASH3,2024,-9591000.0
978995000.0,740911000.0,69361000.0,131572000.0,776479000.0,0.0,,846000.0,326589000.0,-45705000.0,-25776000.0,0.0,-19766000.0,-18559000.0,CASH3,2023,-109555000.0
1357951000.0,922992000.0,455772000.0,471614000.0,786456000.0,132000.0,0.0,132000.0,320121000.0,-47192000.0,-33509000.0,122000.0,-47314000.0,-56593000.0,CASH3,2022,-90996000.0
,,,,,305000.0,152000.0,1958000.0,,,,309000.0,,,CASH3,2021,
2759061000.0,1715048000.0,376534000.0,730114000.0,1246630000.0,129811000.0,481472000.0,611283000.0,1326712000.0,127945000.0,198031000.0,20277000.0,107668000.0,85113000.0,ROMI3,2025,
2546623000.0,1576066000.0,262220000.0,761139000.0,1226745000.0,147148000.0,317259000.0,464407000.0,1220011000.0,137924000.0,198537000.0,16604000.0,121320000.0,113883000.0,ROMI3,2024,
2282042000.0,1400895000.0,282418000.0,628279000.0,1169511000.0,176839000.0,216532000.0,393371000.0,1227247000.0,200391000.0,256429000.0,17033000.0,183358000.0,164086000.0,ROMI3,2023,
2244933000.0,1388934000.0,131999000.0,597847000.0,1093127000.0,53714000.0,276169000.0,329883000.0,1592302000.0,297764000.0,348510000.0,18675000.0,279089000.0,215027000.0,ROMI3,2022,248144000.0
,,,,,,,,,,,,,,ROMI3,2021,
3938536000.0,1224040000.0,222668000.0,1349739000.0,1290436000.0,660721000.0,1082515000.0,1762322000.0,1426845000.0,363907000.0,664232000.0,257261000.0,106646000.0,10665000.0,QUAL3,2025,
4366325000.0,1657879000.0,322307000.0,1503375000.0,1282265000.0,570002000.0,1293162000.0,1881851000.0,1541924000.0,272540000.0,672062000.0,260509000.0,12031000.0,6579000.0,QUAL3,2024,
4509325000.0,1618706000.0,394589000.0,1303623000.0,1270214000.0,566646000.0,1640101000.0,2237213000.0,1749906000.0,216504000.0,691821000.0,328131000.0,-111627000.0,-82435000.0,QUAL3,2023,
4512028000.0,1197620000.0,377129000.0,674376000.0,1346450000.0,20439000.0,2186141000.0,2257712000.0,1951408000.0,411063000.0,826482000.0,264331000.0,146732000.0,92818000.0,QUAL3,2022,
,,,,,,,,,,,,,,QUAL3,2021,
8428130000.0,4667104000.0,264820000.0,3287735000.0,2018964000.0,1210020000.0,2302485000.0,3967905000.0,12815400000.0,221433000.0,435635000.0,564724000.0,-343291000.0,-285575000.0,AMOB3,2025,-71985000.0
8909802000.0,5362972000.0,78741000.0,3369924000.0,2302582000.0,1295751000.0,2338811000.0,4100388000.0,11986551000.0,258676000.0,467184000.0,424501000.0,-165825000.0,-105482000.0,AMOB3,2024,213590000.0
7630665000.0,4744477000.0,115153000.0,2089258000.0,2637841000.0,437965000.0,1859507000.0,2659520000.0,9521565000.0,248085000.0,421317000.0,233336000.0,14749000.0,134782000.0,AMOB3,2023,-1661000.0
2013281000.0,1632969000.0,23712000.0,605020000.0,771731000.0,169865000.0,317894000.0,532884000.0,2683188000.0,328961000.0,346912000.0,49034000.0,279927000.0,247541000.0,AMOB3,2022,261325000.0
,,,,,,,,,,,,,,AMOB3,2021,
4473551000.0,2821028000.0,618362000.0,1667997000.0,1575992000.0,454045000.0,819532000.0,1296652000.0,3080456000.0,219574000.0,302186000.0,199375000.0,20199000.0,8638000.0,POSI3,2025,
4466987000.0,2967747000.0,566929000.0,1503102000.0,1635829000.0,341080000.0,941744000.0,1318010000.0,3332332000.0,271603000.0,329020000.0,169467000.0,102136000.0,80378000.0,POSI3,2024,
4581833000.0,3575173000.0,591375000.0,1934265000.0,1587400000.0,694839000.0,690894000.0,1419095000.0,3474259000.0,496609000.0,552839000.0,242458000.0,254151000.0,246760000.0,POSI3,2023,
4199825000.0,3430062000.0,426576000.0,1773213000.0,1396026000.0,655704000.0,876281000.0,1561600000.0,4398539000.0,586842000.0,636733000.0,279858000.0,306984000.0,303117000.0,POSI3,2022,
,,,,,,,,,,,,,,POSI3,2021,
752623000.0,153371000.0,56564000.0,396353000.0,-183235000.0,115272000.0,203669000.0,360948000.0,592928000.0,-17619000.0,86084000.0,155789000.0,-173408000.0,-202170000.0,SEQL3,2025,-2421568000.0
1232156000.0,186901000.0,21853000.0,781818000.0,-758374000.0,144455000.0,756673000.0,1007113000.0,769016000.0,-1113102000.0,-969575000.0,162316000.0,-1275418000.0,-1094265000.0,SEQL3,2024,-2065678000.0
1561132000.0,333835000.0,30045000.0,791939000.0,117566000.0,269552000.0,184191000.0,717469000.0,744741000.0,-739490000.0,-588519000.0,210618000.0,-950108000.0,-822222000.0,SEQL3,2023,-971413000.0
1982851000.0,590655000.0,119350000.0,516640000.0,498328000.0,20605000.0,489660000.0,879639000.0,1804323000.0,32866000.0,189162000.0,164821000.0,-131955000.0,-106872000.0,SEQL3,2022,-149191000.0
,,,,,,,,,,,,,,SEQL3,2021,
2197127000.0,221774000.0,77898000.0,974678000.0,513188000.0,740132000.0,534501000.0,1275353000.0,1054757000.0,-368568000.0,-132163000.0,91564000.0,-460132000.0,-386079000.0,TPIS3,2025,-359344000.0
2767000000.0,232678000.0,42700000.0,1118479000.0,923024000.0,874998000.0,553276000.0,1430501000.0,1152704000.0,38147000.0,215689000.0,59836000.0,-21689000.0,35588000.0,TPIS3,2024,0.0
2823549000.0,171848000.0,50869000.0,523379000.0,897436000.0,285625000.0,1238973000.0,1527397000.0,1031011000.0,-32869000.0,147715000.0,61020000.0,-93889000.0,-8021000.0,TPIS3,2023,
2952556000.0,155392000.0,57580000.0,546014000.0,911429000.0,337011000.0,1329260000.0,1670293000.0,1121819000.0,145166000.0,321759000.0,50051000.0,95115000.0,8382000.0,TPIS3,2022,0.0
,,,,,,,,,,,,,,TPIS3,2021,32506000.0
33638000000.0,14403000000.0,1225000000.0,21822000000.0,2774000000.0,5613000000.0,685000000.0,9515000000.0,29197000000.0,530000000.0,1567000000.0,2874000000.0,-2344000000.0,-2988000000.0,BHIA3,2025,-7297000000.0
33889000000.0,14140000000.0,2131000000.0,19262000000.0,2477000000.0,5224000000.0,4222000000.0,12796000000.0,27206000000.0,550000000.0,1622000000.0,2227000000.0,-1677000000.0,-1045000000.0,BHIA3,2024,-4309000000.0
31996000000.0,13350000000.0,2573000000.0,18829000000.0,3454000000.0,6795000000.0,2164000000.0,12442000000.0,28847000000.0,-2049000000.0,-910000000.0,2153000000.0,-4202000000.0,-2625000000.0,BHIA3,2023,-3264000000.0
35574000000.0,17123000000.0,2019000000.0,19750000000.0,5284000000.0,6373000000.0,3005000000.0,13077000000.0,30898000000.0,781000000.0,1899000000.0,1864000000.0,-1083000000.0,-342000000.0,BHIA3,2022,-639000000.0
,,,,,,,,,,,,,,BHIA3,2021,
372970000.0,185822000.0,813000.0,48788000.0,305569000.0,1048000.0,924000.0,1972000.0,383122000.0,75350000.0,89009000.0,1266000.0,74084000.0,68390000.0,CAMB3,2025,
368932000.0,174302000.0,1684000.0,61907000.0,281302000.0,1254000.0,1979000.0,3233000.0,437894000.0,101274000.0,114670000.0,1725000.0,99549000.0,76418000.0,CAMB3,2024,
335593000.0,147281000.0,19517000.0,66356000.0,232830000.0,7113000.0,3095000.0,10208000.0,459161000.0,94799000.0,106997000.0,21383000.0,73416000.0,71881000.0,CAMB3,2023,
386493000.0,182934000.0,8066000.0,107745000.0,171668000.0,39813000.0,71832000.0,111645000.0,440404000.0,86124000.0,96459000.0,26392000.0,59732000.0,56743000.0,CAMB3,2022,
,,,,,,,,,,,,,,CAMB3,2021,
343723000.0,112579000.0,28251000.0,50679000.0,247344000.0,27362000.0,0.0,27362000.0,49163000.0,32950000.0,33100000.0,1603000.0,31347000.0,23830000.0,AFLT3,2025,0.0
342757000.0,70441000.0,7321000.0,17993000.0,252912000.0,88000.0,30706000.0,30794000.0,85999000.0,44796000.0,44989000.0,105000.0,44691000.0,34029000.0,AFLT3,2024,0.0
289786000.0,55111000.0,2936000.0,16720000.0,254149000.0,134000.0,0.0,134000.0,67307000.0,31847000.0,32045000.0,14000.0,31833000.0,28712000.0,AFLT3,2023,0.0
300719000.0,68628000.0,21331000.0,20564000.0,260732000.0,202000.0,134000.0,336000.0,72058000.0,41172000.0,41345000.0,25000.0,41147000.0,37490000.0,AFLT3,2022,0.0
,,,,,,,,,,,,,,AFLT3,2021,
1949154000.0,620264000.0,45913000.0,573366000.0,919277000.0,55974000.0,49854000.0,509751000.0,2666765000.0,75676000.0,210413000.0,55893000.0,19783000.0,22565000.0,DMVF3,2025,-84727000.0
1834454000.0,602480000.0,57598000.0,528585000.0,896712000.0,10663000.0,52948000.0,412724000.0,2160645000.0,63390000.0,181036000.0,34926000.0,28464000.0,25857000.0,DMVF3,2024,-107292000.0
1548519000.0,472346000.0,44229000.0,407884000.0,870855000.0,9288000.0,17546000.0,283952000.0,1748909000.0,55253000.0,159838000.0,28980000.0,26273000.0,21362000.0,DMVF3,2023,-133149000.0
1470715000.0,411100000.0,56465000.0,342648000.0,849493000.0,2362000.0,26541000.0,282063000.0,1483148000.0,42404000.0,139864000.0,29627000.0,12777000.0,11355000.0,DMVF3,2022,-154511000.0
,,,,,,,,,,,,,,DMVF3,2021,
434059000.0,244293000.0,40891000.0,86414000.0,189537000.0,0.0,0.0,5056000.0,436344000.0,406891000.0,417805000.0,15180000.0,391711000.0,510624000.0,MNPR3,2025,0.0
375004000.0,210998000.0,379000.0,592554000.0,-311861000.0,0.0,0.0,7045000.0,354888000.0,50476000.0,58922000.0,34218000.0,16258000.0,12025000.0,MNPR3,2024,-472284000.0
327297000.0,178029000.0,291000.0,560972000.0,-323886000.0,274000.0,163000.0,7467000.0,368066000.0,38613000.0,49251000.0,31864000.0,6749000.0,11885000.0,MNPR3,2023,-487051000.0
297888000.0,162438000.0,10550000.0,539808000.0,-335771000.0,126000.0,160000.0,286000.0,365740000.0,41704000.0,48721000.0,28712000.0,12992000.0,6534000.0,MNPR3,2022,-499180000.0
,,,,,,,,,,,,,,MNPR3,2021,
1655516000.0,500532000.0,40503000.0,327219000.0,1065477000.0,31586000.0,122588000.0,314144000.0,1230948000.0,87160000.0,263394000.0,62751000.0,24409000.0,24409000.0,VSTE3,2025,
1656533000.0,488209000.0,35290000.0,321773000.0,1043284000.0,48378000.0,113385000.0,347894000.0,1111555000.0,45883000.0,218574000.0,56526000.0,-10643000.0,665000.0,VSTE3,2024,
1652876000.0,525229000.0,31208000.0,309620000.0,1032693000.0,506000.0,145515000.0,314791000.0,1109824000.0,40299000.0,211227000.0,90818000.0,-50519000.0,22779000.0,VSTE3,2023,0.0
1591681000.0,499379000.0,48835000.0,375533000.0,935229000.0,26000.0,128222000.0,290261000.0,1065898000.0,210212000.0,390256000.0,241751000.0,-31539000.0,55275000.0,VSTE3,2022,0.0
,,,,,,,,,,,,,,VSTE3,2021,-1151328000.0
2207516000.0,1027574000.0,145317000.0,606840000.0,858551000.0,23105000.0,651137000.0,753035000.0,1092985000.0,180099000.0,280898000.0,144210000.0,35889000.0,15676000.0,ESPA3,2025,
2291655000.0,1039775000.0,224068000.0,697277000.0,855794000.0,150106000.0,626566000.0,864806000.0,1029771000.0,143610000.0,242156000.0,125079000.0,18531000.0,2518000.0,ESPA3,2024,
2284617000.0,952695000.0,157962000.0,950454000.0,857790000.0,424015000.0,350857000.0,869018000.0,1006447000.0,136143000.0,230161000.0,134398000.0,1745000.0,-23111000.0,ESPA3,2023,
2330517000.0,980322000.0,238394000.0,563366000.0,880957000.0,92818000.0,765887000.0,919342000.0,906515000.0,61135000.0,149240000.0,105276000.0,-44141000.0,-50198000.0,ESPA3,2022,
,,,,,,,,,,,,,,ESPA3,2021,
14655272000.0,6243543000.0,2293127000.0,2144528000.0,1628304000.0,516582000.0,7093209000.0,8998695000.0,6413676000.0,1161287000.0,1784003000.0,1246115000.0,-84828000.0,-287668000.0,AMBP3,2024,-48343000.0
11642697000.0,4840740000.0,2739836000.0,2045901000.0,1742602000.0,981067000.0,6043142000.0,7259873000.0,4872707000.0,1226881000.0,1640403000.0,994005000.0,232876000.0,-56801000.0,AMBP3,2023,0.0
9882911000.0,4394313000.0,2853123000.0,1822364000.0,1055280000.0,928568000.0,6172833000.0,7209108000.0,3789791000.0,867972000.0,1203007000.0,665439000.0,202533000.0,63784000.0,AMBP3,2022,0.0
4861369000.0,1500173000.0,793241000.0,897523000.0,1177228000.0,342094000.0,2325558000.0,2743863000.0,1916332000.0,367017000.0,555212000.0,144351000.0,222666000.0,144163000.0,AMBP3,2021,
641114000.0,242249000.0,30061000.0,168883000.0,355837000.0,44145000.0,63085000.0,107230000.0,556054000.0,77433000.0,100552000.0,4191000.0,73242000.0,91040000.0,EALT3,2025,
618724000.0,266560000.0,12904000.0,230771000.0,295589000.0,83658000.0,37169000.0,120942000.0,564238000.0,84896000.0,108893000.0,3412000.0,81484000.0,66541000.0,EALT3,2024,
560724000.0,219742000.0,14898000.0,199060000.0,243576000.0,69689000.0,56685000.0,127355000.0,495480000.0,59614000.0,80479000.0,4981000.0,54633000.0,49313000.0,EALT3,2023,
512986000.0,180706000.0,12611000.0,182045000.0,215087000.0,73014000.0,53045000.0,127694000.0,492141000.0,51052000.0,68279000.0,7805000.0,43247000.0,37002000.0,EALT3,2022,
,,,,,,,,,,,,,,EALT3,2021,0.0
1174330000.0,241417000.0,30070000.0,533273000.0,111704000.0,198634000.0,11312000.0,240224000.0,349427000.0,-396933000.0,-181139000.0,140982000.0,-537915000.0,-620309000.0,AZEV3,2025,-1097277000.0
688233000.0,126058000.0,3151000.0,313856000.0,136381000.0,69810000.0,2668000.0,109446000.0,151818000.0,-263919000.0,-224230000.0,83358000.0,-347277000.0,-266491000.0,AZEV3,2024,-514813000.0
724477000.0,156636000.0,2090000.0,318015000.0,317120000.0,29315000.0,8352000.0,39103000.0,429819000.0,-91579000.0,-54619000.0,37935000.0,-129514000.0,-50805000.0,AZEV3,2023,-248322000.0
546838000.0,179373000.0,11671000.0,228221000.0,97000000.0,33874000.0,9664000.0,67301000.0,384468000.0,-126712000.0,-87827000.0,25669000.0,-152381000.0,-79972000.0,AZEV3,2022,-197516000.0
,,,,,,,,,,,,,,AZEV3,2021,
3024583000.0,291207000.0,35730000.0,328561000.0,1190207000.0,44249000.0,693193000.0,805317000.0,514958000.0,-7922000.0,104038000.0,146801000.0,-154723000.0,-162231000.0,RNEW3,2025,-3474918000.0
3061346000.0,288269000.0,144215000.0,362642000.0,815951000.0,33691000.0,1110499000.0,1169162000.0,259226000.0,14023000.0,119290000.0,140889000.0,-126866000.0,-117069000.0,RNEW3,2024,-3312687000.0
3076138000.0,138882000.0,17600000.0,437914000.0,933020000.0,172754000.0,901872000.0,1099684000.0,227838000.0,191733000.0,294460000.0,140963000.0,50770000.0,-9238000.0,RNEW3,2023,-3195618000.0
2814419000.0,116702000.0,63773000.0,341621000.0,910962000.0,49939000.0,950914000.0,1027313000.0,206403000.0,1006030000.0,1059684000.0,218104000.0,787926000.0,777120000.0,RNEW3,2022,-3186380000.0
,,,,,,,,,,,,,,RNEW3,2021,
2056813000.0,565173000.0,47990000.0,925935000.0,224157000.0,198773000.0,138398000.0,805583000.0,1483225000.0,182251000.0,351973000.0,236634000.0,-54383000.0,-59982000.0,AMAR3,2025,-2092805000.0
1904258000.0,576502000.0,92052000.0,884880000.0,284608000.0,118826000.0,4342000.0,639135000.0,1392169000.0,-105922000.0,60659000.0,139336000.0,-245258000.0,-315784000.0,AMAR3,2024,-2032823000.0
2453892000.0,961732000.0,92328000.0,1626522000.0,467000.0,116804000.0,100273000.0,773297000.0,1646097000.0,-298634000.0,-90355000.0,134853000.0,-433487000.0,-520752000.0,AMAR3,2023,-1717039000.0
2610965000.0,1292671000.0,147559000.0,1288461000.0,523050000.0,251725000.0,67840000.0,908677000.0,2422581000.0,-302182000.0,-36023000.0,148336000.0,-450518000.0,-519382000.0,AMAR3,2022,-1190421000.0
,,,,,,,,,,,,,,AMAR3,2021,
6568047000.0,3004497000.0,110290000.0,1335200000.0,1445736000.0,535097000.0,1329714000.0,1864811000.0,1128462000.0,162956000.0,177598000.0,47036000.0,115920000.0,11260000.0,HBOR3,2025,
6697413000.0,2926495000.0,226566000.0,1921140000.0,1452150000.0,836026000.0,1155652000.0,1991678000.0,1270376000.0,282138000.0,312891000.0,89976000.0,192162000.0,56508000.0,HBOR3,2024,
6080884000.0,3203364000.0,128866000.0,1457487000.0,1409509000.0,803573000.0,1119735000.0,1923308000.0,1276089000.0,264001000.0,292945000.0,63120000.0,200881000.0,50848000.0,HBOR3,2023,
5197531000.0,3006275000.0,153144000.0,990136000.0,1372150000.0,644290000.0,1171660000.0,1815950000.0,906437000.0,182812000.0,206270000.0,56392000.0,126420000.0,51053000.0,HBOR3,2022,0.0
,,,,,,,,,,,,,,HBOR3,2021,90835000.0
1363317000.0,505744000.0,42844000.0,315648000.0,842543000.0,115744000.0,38881000.0,180684000.0,1150164000.0,72784000.0,134752000.0,26917000.0,45867000.0,48977000.0,ETER3,2025,
1306516000.0,537741000.0,16190000.0,289658000.0,806063000.0,69163000.0,57094000.0,142782000.0,1142972000.0,43115000.0,94328000.0,25470000.0,17645000.0,38771000.0,ETER3,2024,0.0
1300366000.0,568035000.0,16539000.0,296283000.0,769697000.0,82746000.0,59551000.0,158531000.0,1129213000.0,77641000.0,115293000.0,14679000.0,62962000.0,127181000.0,ETER3,2023,0.0
1222267000.0,715330000.0,112469000.0,284164000.0,676188000.0,26296000.0,58295000.0,100538000.0,1187383000.0,174485000.0,196707000.0,9481000.0,165004000.0,137602000.0,ETER3,2022,0.0
,,,,,,,,,,,,,,ETER3,2021,0.0
1432278000.0,128803000.0,487000.0,116799000.0,811958000.0,45097000.0,160323000.0,206785000.0,177091000.0,-14705000.0,11102000.0,20057000.0,-34762000.0,-32702000.0,MSPA3,2025,
1423973000.0,125337000.0,122000.0,98226000.0,846585000.0,44618000.0,128685000.0,176757000.0,163122000.0,31483000.0,47505000.0,13232000.0,18251000.0,3312000.0,MSPA3,2024,
1416676000.0,118402000.0,400000.0,71358000.0,838565000.0,23522000.0,114380000.0,144806000.0,176279000.0,31220000.0,64151000.0,12143000.0,19077000.0,7878000.0,MSPA3,2023,
1418108000.0,99592000.0,1417000.0,69886000.0,825895000.0,27351000.0,106021000.0,138342000.0,200966000.0,3550000.0,30326000.0,12353000.0,-8803000.0,1512000.0,MSPA3,2022,39065000.0
,,,,,,,,,,,,,,MSPA3,2021,0.0
8983758000.0,4653627000.0,573643000.0,3499523000.0,1937089000.0,997921000.0,2442465000.0,3870580000.0,11566926000.0,636575000.0,966947000.0,590901000.0,45674000.0,18239000.0,VVEO3,2025,-337186000.0
9545108000.0,5261680000.0,543666000.0,2850768000.0,1926522000.0,402752000.0,3469652000.0,4195000000.0,11583371000.0,-1102102000.0,-790975000.0,489445000.0,-1591547000.0,-1415491000.0,VVEO3,2024,-344580000.0
10186693000.0,5974663000.0,472702000.0,3056590000.0,3289360000.0,391746000.0,2835178000.0,3418335000.0,11083830000.0,798867000.0,1059478000.0,660370000.0,138497000.0,359916000.0,VVEO3,2023,937940000.0
9559624000.0,5633112000.0,1042558000.0,3215396000.0,2280442000.0,275483000.0,3056954000.0,3480053000.0,8746531000.0,544760000.0,721119000.0,336678000.0,208082000.0,259733000.0,VVEO3,2022,
,,,,,,,,,,,,,,VVEO3,2021,467851000.0
806908000.0,547683000.0,159049000.0,145066000.0,184775000.0,23089000.0,279933000.0,303022000.0,365614000.0,64048000.0,69742000.0,9561000.0,54487000.0,26597000.0,CALI3,2025,0.0
243669000.0,72483000.0,6868000.0,54428000.0,37096000.0,27602000.0,42475000.0,70077000.0,75149000.0,11683000.0,13772000.0,2235000.0,9448000.0,7950000.0,CALI3,2024,0.0
218306000.0,37785000.0,7435000.0,36378000.0,31030000.0,17160000.0,27243000.0,44403000.0,95712000.0,15674000.0,16378000.0,3276000.0,12398000.0,9678000.0,CALI3,2023,
227220000.0,115990000.0,26022000.0,70392000.0,23651000.0,39242000.0,58925000.0,98167000.0,149193000.0,18093000.0,18434000.0,9517000.0,8576000.0,7000000.0,CALI3,2022,
,,,,,,,,,,,,,,CALI3,2021,0.0
3771234000.0,2773364000.0,438289000.0,1727801000.0,404936000.0,95301000.0,486858000.0,1092999000.0,2788412000.0,-13410000.0,124893000.0,140398000.0,-153808000.0,-161941000.0,LJQQ3,2025,
3702247000.0,2639842000.0,489905000.0,1694929000.0,545997000.0,196132000.0,338390000.0,1061439000.0,2666330000.0,102482000.0,233759000.0,117714000.0,-15232000.0,146000.0,LJQQ3,2024,
3305723000.0,2218074000.0,421357000.0,1307156000.0,533802000.0,111282000.0,390008000.0,1024321000.0,2398127000.0,101954000.0,226895000.0,104861000.0,-2907000.0,19679000.0,LJQQ3,2023,
3031361000.0,2032988000.0,416779000.0,1074985000.0,536822000.0,64121000.0,348944000.0,946427000.0,2312668000.0,70529000.0,176847000.0,95259000.0,-24730000.0,-18703000.0,LJQQ3,2022,
,,,,,,,,,,,,,,LJQQ3,2021,
274810000.0,201650000.0,16140000.0,88012000.0,153044000.0,2835000.0,18662000.0,21497000.0,213729000.0,40577000.0,46113000.0,10732000.0,29845000.0,18077000.0,BALM3,2025,
286670000.0,211794000.0,16862000.0,74953000.0,177960000.0,2724000.0,14001000.0,16725000.0,194386000.0,48118000.0,53103000.0,8650000.0,39468000.0,31606000.0,BALM3,2024,
249925000.0,176902000.0,13859000.0,62641000.0,144240000.0,3961000.0,16340000.0,20301000.0,169950000.0,24178000.0,29046000.0,9564000.0,14614000.0,8941000.0,BALM3,2023,
248609000.0,175989000.0,8855000.0,69990000.0,133538000.0,6666000.0,18976000.0,25649000.0,164544000.0,12166000.0,16272000.0,2489000.0,9677000.0,5709000.0,BALM3,2022,
,,,,,,,,,,,,,,BALM3,2021,
574847000.0,227953000.0,69630000.0,85231000.0,284013000.0,,,2728000.0,570113000.0,64009000.0,68465000.0,17396000.0,46613000.0,39213000.0,AHEB3,2025,-73084000.0
556434000.0,352283000.0,91089000.0,74362000.0,244413000.0,,,4357000.0,726361000.0,153303000.0,160558000.0,11070000.0,142233000.0,150235000.0,AHEB3,2024,-113539000.0
449983000.0,241059000.0,58006000.0,119656000.0,80542000.0,,,3827000.0,571365000.0,130723000.0,137663000.0,18743000.0,111980000.0,85929000.0,AHEB3,2023,-279189000.0
331423000.0,116459000.0,46930000.0,95269000.0,-5685000.0,,,4895000.0,177657000.0,85985000.0,92673000.0,17467000.0,68518000.0,64734000.0,AHEB3,2022,-366359000.0
,,,,,,,,,,,,,,AHEB3,2021,
3483526000.0,1122340000.0,171306000.0,1307496000.0,26475000.0,219270000.0,1068046000.0,2019412000.0,2606148000.0,5398000.0,212115000.0,244313000.0,-238915000.0,-291738000.0,PTBL3,2025,-199554000.0
3346770000.0,1016380000.0,79440000.0,1359104000.0,371103000.0,406014000.0,757689000.0,1739160000.0,2407806000.0,71562000.0,255015000.0,181134000.0,-109572000.0,-102038000.0,PTBL3,2024,0.0
3296008000.0,1331755000.0,486472000.0,1321165000.0,385934000.0,456037000.0,884904000.0,1785496000.0,2190834000.0,121937000.0,260057000.0,145501000.0,-23564000.0,-35130000.0,PTBL3,2023,-33911000.0
2479770000.0,1103098000.0,256088000.0,945107000.0,467216000.0,165903000.0,717668000.0,961286000.0,2196681000.0,330256000.0,422225000.0,122438000.0,207818000.0,153098000.0,PTBL3,2022,0.0
,,,,,,,,,,,,,,PTBL3,2021,
396987000.0,115008000.0,46663000.0,76794000.0,236388000.0,,,10651000.0,203138000.0,67893000.0,87497000.0,14000.0,67879000.0,44196000.0,LPSB3,2025,72335000.0
409416000.0,121302000.0,52831000.0,78487000.0,227465000.0,,,15973000.0,192348000.0,46435000.0,65874000.0,13000.0,46422000.0,18592000.0,LPSB3,2024,66430000.0
398903000.0,110978000.0,31332000.0,70743000.0,211067000.0,,,18914000.0,182153000.0,48266000.0,65500000.0,11000.0,48255000.0,23490000.0,LPSB3,2023,55372000.0
392122000.0,99346000.0,22446000.0,67409000.0,190467000.0,,,25917000.0,194985000.0,42223000.0,57953000.0,167000.0,42056000.0,11961000.0,LPSB3,2022,38635000.0
,,,,,0.0,,,,,,,,,LPSB3,2021,
390008000.0,44841000.0,12088000.0,209593000.0,19087000.0,11755000.0,34067000.0,133216000.0,332743000.0,-31201000.0,-1099000.0,30368000.0,-61569000.0,-67246000.0,BIED3,2025,-375829000.0
528180000.0,51903000.0,15715000.0,164722000.0,93476000.0,11929000.0,45037000.0,218973000.0,354632000.0,-48163000.0,-9073000.0,26177000.0,-74340000.0,-72046000.0,BIED3,2024,-308583000.0
595360000.0,58555000.0,36972000.0,174990000.0,122640000.0,45573000.0,75003000.0,294728000.0,377697000.0,69371000.0,118818000.0,68038000.0,1333000.0,-6694000.0,BIED3,2023,-236537000.0
649077000.0,42728000.0,19670000.0,229965000.0,70790000.0,97896000.0,89732000.0,390935000.0,357122000.0,-56103000.0,-13760000.0,47318000.0,-103421000.0,-109422000.0,BIED3,2022,-229843000.0
,,,,,,,,,,,,,,BIED3,2021,
2305789000.0,609742000.0,171189000.0,606305000.0,859642000.0,234894000.0,234639000.0,983763000.0,1729658000.0,49293000.0,249534000.0,134383000.0,-85090000.0,-148968000.0,MEAL3,2025,-795629000.0
2796869000.0,485566000.0,217796000.0,624544000.0,1041298000.0,159762000.0,418767000.0,1267281000.0,1810794000.0,67813000.0,283071000.0,130421000.0,-62608000.0,-76278000.0,MEAL3,2024,-646661000.0
2740000000.0,504263000.0,229159000.0,547024000.0,1022851000.0,76883000.0,452671000.0,1179970000.0,2226345000.0,77669000.0,305735000.0,134688000.0,-57019000.0,-81997000.0,MEAL3,2023,-570383000.0
2954544000.0,684625000.0,285255000.0,739917000.0,1130789000.0,264471000.0,399861000.0,1300505000.0,2091689000.0,249336000.0,465136000.0,128897000.0,120439000.0,72669000.0,MEAL3,2022,-488386000.0
,,,,,,,,,,,,,,MEAL3,2021,
2148678000.0,1285547000.0,100542000.0,1765914000.0,-1319464000.0,98998000.0,552063000.0,662712000.0,4094770000.0,209701000.0,301056000.0,272948000.0,-63247000.0,-172242000.0,FHER3,2025,-1940502000.0
3115896000.0,2257506000.0,98405000.0,2843265000.0,-1147224000.0,119308000.0,400371000.0,524962000.0,4608584000.0,-815135000.0,-753012000.0,207606000.0,-1022741000.0,-1154741000.0,FHER3,2024,-1768746000.0
3003463000.0,2203653000.0,40932000.0,1971651000.0,7517000.0,75273000.0,308234000.0,383507000.0,5335669000.0,-249287000.0,-201831000.0,142577000.0,-391864000.0,-361003000.0,FHER3,2023,-614610000.0
3017250000.0,2340350000.0,62393000.0,1551261000.0,368520000.0,26276000.0,332856000.0,359132000.0,5675134000.0,22844000.0,54461000.0,242014000.0,-219170000.0,-150571000.0,FHER3,2022,-254211000.0
,,,,,,,,,,,,,,FHER3,2021,
455101000.0,333025000.0,210352000.0,134818000.0,304368000.0,,,8872000.0,263964000.0,-2772000.0,36781000.0,14002000.0,-16774000.0,-16788000.0,ENJU3,2025,-384764000.0
422174000.0,237806000.0,198800000.0,68071000.0,320453000.0,,,11063000.0,265221000.0,-11787000.0,24302000.0,13523000.0,-25310000.0,-23935000.0,ENJU3,2024,-367976000.0
412862000.0,296486000.0,261693000.0,60946000.0,339836000.0,,,3948000.0,194555000.0,-38645000.0,-13462000.0,14566000.0,-53211000.0,-52971000.0,ENJU3,2023,-344041000.0
430696000.0,357013000.0,309098000.0,42929000.0,380850000.0,,,5193000.0,138901000.0,-55350000.0,-37547000.0,11165000.0,-66515000.0,-66515000.0,ENJU3,2022,-291070000.0
,,,,,,,,,,,,,,ENJU3,2021,
1453609000.0,617539000.0,2929000.0,797190000.0,134482000.0,,,542510000.0,1018848000.0,107533000.0,124058000.0,137705000.0,-30172000.0,-21970000.0,MNDL3,2025,33706000.0
1448472000.0,621186000.0,1728000.0,735553000.0,163739000.0,,,500483000.0,969980000.0,122686000.0,138228000.0,114056000.0,8630000.0,3818000.0,MNDL3,2024,50310000.0
1349974000.0,514769000.0,1531000.0,680671000.0,146648000.0,,,430009000.0,836065000.0,87959000.0,103893000.0,106768000.0,-18809000.0,-6827000.0,MNDL3,2023,40414000.0
1285218000.0,464777000.0,2571000.0,609351000.0,158482000.0,,,378290000.0,761241000.0,697515000.0,712937000.0,92102000.0,605413000.0,881992000.0,MNDL3,2022,47079000.0
,,,,,278488000.0,,,,,,,,,MNDL3,2021,
230132000.0,178857000.0,161881000.0,19942000.0,190263000.0,,,2705000.0,14494000.0,96934000.0,98843000.0,693000.0,96241000.0,59048000.0,BMKS3,2025,
232040000.0,178493000.0,164596000.0,8415000.0,202045000.0,,,4244000.0,15064000.0,20028000.0,21859000.0,256000.0,19772000.0,15036000.0,BMKS3,2024,
239811000.0,181381000.0,168964000.0,9232000.0,206472000.0,,,5702000.0,15910000.0,24483000.0,26208000.0,261000.0,24222000.0,17833000.0,BMKS3,2023,
231266000.0,191314000.0,172341000.0,12444000.0,203449000.0,,,771000.0,18515000.0,32600000.0,34122000.0,237000.0,32363000.0,26249000.0,BMKS3,2022,
,,,,,,,,,,,,,,BMKS3,2021,
653086000.0,380529000.0,80358000.0,128499000.0,134974000.0,22760000.0,339339000.0,374292000.0,291854000.0,34079000.0,53651000.0,26647000.0,7432000.0,6961000.0,PDTC3,2025,-9138000.0
719682000.0,494837000.0,158084000.0,218598000.0,121931000.0,76473000.0,305014000.0,398873000.0,298759000.0,-8064000.0,15312000.0,19380000.0,-27444000.0,-27838000.0,PDTC3,2024,-16099000.0
516506000.0,362587000.0,50456000.0,159442000.0,152540000.0,13374000.0,120190000.0,152517000.0,368687000.0,26499000.0,52362000.0,11019000.0,15480000.0,15413000.0,PDTC3,2023,10965000.0
496619000.0,362706000.0,49620000.0,193596000.0,135679000.0,34112000.0,89602000.0,148667000.0,365725000.0,24052000.0,41490000.0,13930000.0,10122000.0,9754000.0,PDTC3,2022,-60780000.0
,,,,,,,,,,,,,,PDTC3,2021,
1188024000.0,587451000.0,171983000.0,349998000.0,465514000.0,257911000.0,357732000.0,622422000.0,871849000.0,-120574000.0,70710000.0,92113000.0,-212687000.0,-191723000.0,WDCN3,2025,
1455435000.0,643340000.0,102030000.0,365508000.0,665846000.0,185219000.0,394818000.0,590413000.0,837881000.0,114915000.0,313364000.0,72946000.0,41969000.0,28657000.0,WDCN3,2024,
1353051000.0,543219000.0,101959000.0,198427000.0,635111000.0,63633000.0,509913000.0,585076000.0,900717000.0,79208000.0,274431000.0,95320000.0,-16112000.0,-11876000.0,WDCN3,2023,
1638623000.0,929119000.0,152470000.0,421971000.0,647794000.0,218820000.0,567067000.0,787762000.0,1070905000.0,107860000.0,276367000.0,99966000.0,7894000.0,23169000.0,WDCN3,2022,
,,,,,,,,,,,,,,WDCN3,2021,0.0
1613490000.0,491733000.0,28741000.0,606525000.0,-696291000.0,131763000.0,1686425000.0,1834561000.0,746006000.0,-560290000.0,-469057000.0,265313000.0,-825603000.0,-901213000.0,AERI3,2025,-1861384000.0
2402493000.0,1025463000.0,290842000.0,2071260000.0,206967000.0,1473872000.0,82945000.0,1574182000.0,1516484000.0,-805318000.0,-701992000.0,181171000.0,-986489000.0,-933993000.0,AERI3,2024,-960171000.0
4014481000.0,2724116000.0,1063522000.0,1695579000.0,1138258000.0,549362000.0,1146231000.0,1746966000.0,2831915000.0,121845000.0,187032000.0,248682000.0,-126837000.0,-106567000.0,AERI3,2023,-104439000.0
4371157000.0,3188855000.0,1061718000.0,1956006000.0,857585000.0,259160000.0,1557566000.0,1816726000.0,2911749000.0,83333000.0,136252000.0,224266000.0,-140933000.0,-119992000.0,AERI3,2022,0.0
,,,,,,,,,,,,,,AERI3,2021,
191888000.0,,47916000.0,,189501000.0,,,,26282000.0,,,,20429000.0,19885000.0,KIVO11,2025,57262000.0
197943000.0,,13153000.0,,194577000.0,,,,16826000.0,,,,16549000.0,15871000.0,KIVO11,2024,37377000.0
112984000.0,,6637000.0,,111128000.0,,,,13116000.0,,,,12944000.0,12745000.0,KIVO11,2023,21506000.0
119519000.0,,32537000.0,,117308000.0,,,,9071000.0,,,,8941000.0,8515000.0,KIVO11,2022,8761000.0
,,,,,,,,,,,,,,KIVO11,2021,
370591000.0,134907000.0,17320000.0,905734000.0,-1684678000.0,500068000.0,500627000.0,1000695000.0,6503000.0,-298195000.0,-292295000.0,215655000.0,-513850000.0,-498816000.0,INEP3,2025,-3689380000.0
932845000.0,96883000.0,447000.0,1255766000.0,-1449448000.0,576499000.0,499119000.0,1075618000.0,4402000.0,-95319000.0,-88900000.0,140905000.0,-236224000.0,-232695000.0,INEP3,2024,-3266305000.0
1166605000.0,107082000.0,2041000.0,1076186000.0,-1129648000.0,517434000.0,475146000.0,992580000.0,6483000.0,-63421000.0,-54347000.0,187285000.0,-250706000.0,474828000.0,INEP3,2023,-2952300000.0
1320033000.0,108979000.0,1919000.0,1213641000.0,-1623777000.0,507017000.0,472285000.0,979302000.0,10722000.0,-72673000.0,-64996000.0,293575000.0,-366248000.0,-353872000.0,INEP3,2022,-3445620000.0
,,,,,,,,,,,,,,INEP3,2021,
206369000.0,93708000.0,21966000.0,266134000.0,-246890000.0,30527000.0,81425000.0,115015000.0,230776000.0,32264000.0,59543000.0,19878000.0,12386000.0,-469000.0,DOTZ3,2025,-585510000.0
194574000.0,68446000.0,6418000.0,285332000.0,-246421000.0,44942000.0,24521000.0,70566000.0,154016000.0,-2516000.0,26683000.0,13969000.0,-16485000.0,-16487000.0,DOTZ3,2024,-585041000.0
282312000.0,140802000.0,50877000.0,338319000.0,-229934000.0,81335000.0,19870000.0,101205000.0,138661000.0,-41507000.0,-12367000.0,18858000.0,-60365000.0,-60503000.0,DOTZ3,2023,-568554000.0
394106000.0,251428000.0,166547000.0,362734000.0,-169431000.0,58887000.0,44082000.0,102969000.0,139111000.0,-79421000.0,-56249000.0,14990000.0,-94411000.0,-95195000.0,DOTZ3,2022,-508051000.0
,,,,,,,,,,,,,,DOTZ3,2021,
415063000.0,127334000.0,38944000.0,87178000.0,180413000.0,12078000.0,123077000.0,156964000.0,238958000.0,-4404000.0,13554000.0,7726000.0,-12130000.0,-11549000.0,UCAS3,2025,
366975000.0,106980000.0,10341000.0,74812000.0,192382000.0,1577000.0,70831000.0,100970000.0,226559000.0,14304000.0,28539000.0,3718000.0,10586000.0,12449000.0,UCAS3,2024,
349181000.0,122833000.0,26100000.0,83281000.0,189995000.0,4749000.0,49228000.0,79171000.0,217397000.0,14766000.0,23727000.0,1329000.0,13437000.0,15167000.0,UCAS3,2023,
279263000.0,105572000.0,23528000.0,78091000.0,188732000.0,5264000.0,4744000.0,11808000.0,245678000.0,36653000.0,45916000.0,1737000.0,34916000.0,32947000.0,UCAS3,2022,0.0
,,,,,,,,,,,,,,UCAS3,2021,
171659000.0,169159000.0,1434000.0,36236000.0,116223000.0,,,707000.0,70943000.0,-450397000.0,-438024000.0,7301000.0,-457698000.0,-459708000.0,ARND3,2025,-445744000.0
1115380000.0,1080891000.0,2216000.0,807241000.0,290225000.0,,,1028000.0,60084000.0,-21795000.0,-17437000.0,188000.0,-21983000.0,33665000.0,ARND3,2024,14119000.0
297689000.0,287041000.0,24285000.0,16213000.0,280335000.0,,,1042000.0,61699000.0,3943000.0,7146000.0,256000.0,3687000.0,3687000.0,ARND3,2023,4608000.0
298030000.0,232864000.0,1857000.0,17930000.0,278757000.0,,,1321000.0,57028000.0,-15619000.0,-14518000.0,224000.0,-15843000.0,-15843000.0,ARND3,2022,-96700000.0
,,,,,,,,,,,,,,ARND3,2021,
32671000.0,11033000.0,248000.0,17634000.0,-22673000.0,,,,1575000.0,-10103000.0,-10049000.0,6862000.0,-16965000.0,-16965000.0,RCSL3,2025,-312039000.0
46867000.0,14710000.0,5000.0,23137000.0,-17204000.0,,,,19854000.0,-14861000.0,-13674000.0,4858000.0,-19719000.0,-19535000.0,RCSL3,2024,-295074000.0
60626000.0,27981000.0,531000.0,20828000.0,476000.0,0.0,,0.0,56747000.0,-2294000.0,-964000.0,2883000.0,-5177000.0,-5174000.0,RCSL3,2023,-275540000.0
58155000.0,29437000.0,1555000.0,22383000.0,-5533000.0,0.0,,0.0,74091000.0,4398000.0,5544000.0,17022000.0,-12624000.0,-12844000.0,RCSL3,2022,-270362000.0
,,,,,38000.0,0.0,38000.0,,,,,,,RCSL3,2021,
8693163000.0,8268498000.0,93092000.0,10076152000.0,-6510190000.0,,,,6983506000.0,-933299000.0,-900598000.0,107975000.0,-1041274000.0,-1041119000.0,RPMG3,2024,-6738432000.0
5973871000.0,5580496000.0,6000.0,10574138000.0,-5469071000.0,,,,5041332000.0,-916363000.0,-903472000.0,62846000.0,-979209000.0,-979063000.0,RPMG3,2023,-5705697000.0
5044804000.0,4685130000.0,1011000.0,8931289000.0,-4490008000.0,2906000.0,,2906000.0,4981609000.0,-861918000.0,-857191000.0,74034000.0,-935952000.0,-935854000.0,RPMG3,2022,-4736854000.0
4196772000.0,3922555000.0,13000.0,7092326000.0,-3554154000.0,0.0,,0.0,2211159000.0,-289172000.0,-285267000.0,72676000.0,-361848000.0,-361848000.0,RPMG3,2021,-3811221000.0
97969000.0,,3754000.0,,96131000.0,,,,17291000.0,,,,17074000.0,17056000.0,DVFF11,2025,-10251000.0
88589000.0,85691000.0,8037000.0,872000.0,87717000.0,,,,-6061000.0,-6224000.0,-6224000.0,,-6224000.0,-6236000.0,DVFF11,2024,-18665000.0
104103000.0,93149000.0,6505000.0,957000.0,103146000.0,,,,13259000.0,12922000.0,12922000.0,,12922000.0,12725000.0,DVFF11,2023,-3236000.0
101946000.0,85377000.0,5652000.0,1651000.0,100295000.0,,,,3927000.0,10292000.0,10292000.0,,7253000.0,7201000.0,DVFF11,2022,-6087000.0
,92625000.0,,1592000.0,,,,,,4253000.0,4253000.0,,,,DVFF11,2021,
1309190000.0,647421000.0,77595000.0,417546000.0,195075000.0,67066000.0,367388000.0,458138000.0,709955000.0,-189716000.0,-114219000.0,143529000.0,-333245000.0,-341892000.0,IFCM3,2025,-667662000.0
1561466000.0,718075000.0,104776000.0,1244125000.0,-100673000.0,718578000.0,50666000.0,806678000.0,1027088000.0,-1590142000.0,-1460650000.0,149985000.0,-1740127000.0,-1751013000.0,IFCM3,2024,-2295087000.0
3443461000.0,1131846000.0,414148000.0,1027165000.0,1619869000.0,300652000.0,402657000.0,762147000.0,1072489000.0,43605000.0,206082000.0,334428000.0,-290823000.0,-294872000.0,IFCM3,2023,-545468000.0
3209582000.0,997882000.0,293119000.0,1006037000.0,1443344000.0,280487000.0,231810000.0,631857000.0,891301000.0,-118097000.0,23106000.0,145309000.0,-263406000.0,-264939000.0,IFCM3,2022,-325483000.0
,,,,,,,,,,,,,,IFCM3,2021,
1207162000.0,200038000.0,2166000.0,7387573000.0,-7544086000.0,5654769000.0,44203000.0,5703303000.0,561814000.0,-144514000.0,-59162000.0,1177731000.0,-1322245000.0,-1331490000.0,PMAM3,2025,-9888662000.0
1627102000.0,397927000.0,8524000.0,6261203000.0,-6285846000.0,4862767000.0,354311000.0,5223734000.0,459926000.0,-1119587000.0,-1025856000.0,1033637000.0,-2153224000.0,-2138610000.0,PMAM3,2024,-8560807000.0
1784257000.0,388298000.0,85000.0,3867545000.0,-4223510000.0,3245159000.0,466305000.0,3724041000.0,972820000.0,-621035000.0,-510628000.0,756281000.0,-1377316000.0,-1389934000.0,PMAM3,2023,-6426611000.0
1988597000.0,569963000.0,2500000.0,3475280000.0,-2817566000.0,2810146000.0,382145000.0,3204845000.0,2005986000.0,-2370990000.0,-2254379000.0,356835000.0,-2727825000.0,-2701084000.0,PMAM3,2022,-5042338000.0
,,,,,,,,,,,,,,PMAM3,2021,
268373000.0,5322000.0,12000.0,8758000.0,248016000.0,2051000.0,131000.0,2182000.0,2873000.0,-8073000.0,-4202000.0,3200000.0,-11273000.0,-9854000.0,AZTE3,2025,-48505000.0
192262000.0,281000.0,32000.0,9514000.0,154638000.0,1982000.0,307000.0,4021000.0,2198000.0,-57175000.0,-52912000.0,389000.0,-57564000.0,-38651000.0,AZTE3,2024,-38651000.0
1000.0,1000.0,1000.0,0.0,1000.0,0.0,0.0,0.0,,,,,,,AZTE3,2023,0.0
337637000.0,180594000.0,71440000.0,138754000.0,103032000.0,38953000.0,,49960000.0,180765000.0,-49780000.0,-42993000.0,1829000.0,-51609000.0,-52219000.0,SHOW3,2025,-236683000.0
410471000.0,238864000.0,111913000.0,200357000.0,133740000.0,76057000.0,,89189000.0,165654000.0,-50578000.0,-45019000.0,9427000.0,-60005000.0,-69465000.0,SHOW3,2024,-184491000.0
503259000.0,290349000.0,146200000.0,238221000.0,177035000.0,39368000.0,0.0,55312000.0,700768000.0,75317000.0,80211000.0,11880000.0,63437000.0,57374000.0,SHOW3,2023,-115044000.0
513195000.0,315570000.0,180011000.0,281566000.0,111519000.0,41966000.0,40000000.0,91769000.0,328491000.0,16520000.0,22555000.0,20480000.0,-3960000.0,-11065000.0,SHOW3,2022,-172438000.0
,,,,,,80000000.0,,,,,,,,SHOW3,2021,
143689000.0,66771000.0,9140000.0,8099000.0,112748000.0,,,106000.0,22335000.0,-86355000.0,-78046000.0,190000.0,-86545000.0,-86707000.0,ECOM3,2025,-489673000.0
216781000.0,67034000.0,33112000.0,15904000.0,198545000.0,,,2610000.0,23868000.0,-87013000.0,-76021000.0,831000.0,-87844000.0,-87807000.0,ECOM3,2024,-403724000.0
309631000.0,113076000.0,83457000.0,23384000.0,283949000.0,,,547000.0,53988000.0,-203418000.0,-178637000.0,327000.0,-203745000.0,-243817000.0,ECOM3,2023,-317783000.0
583781000.0,209612000.0,147613000.0,49558000.0,532365000.0,,,3995000.0,82437000.0,-93089000.0,-75755000.0,1282000.0,-94371000.0,-81973000.0,ECOM3,2022,-73551000.0
,,,,,,,,,,,,,,ECOM3,2021,
22812000.0,10274000.0,3132000.0,1707000.0,18149000.0,,,1354000.0,26465000.0,-2927000.0,-1665000.0,84000.0,-3011000.0,-4321000.0,ATED3,2025,51000.0
27599000.0,14776000.0,4384000.0,2463000.0,22470000.0,,,1295000.0,34365000.0,2184000.0,3288000.0,53000.0,2131000.0,-1322000.0,ATED3,2024,4372000.0
25945000.0,25307000.0,19559000.0,755000.0,25102000.0,,,190000.0,21243000.0,700000.0,910000.0,17000.0,683000.0,144000.0,ATED3,2023,18103000.0
34991000.0,34287000.0,23650000.0,817000.0,31619000.0,,,305000.0,35894000.0,11333000.0,11534000.0,30000.0,11303000.0,10578000.0,ATED3,2022,23741000.0
,,,,,,,,,,,,,,ATED3,2021,
19760628000.0,8049705000.0,1525981000.0,8078833000.0,-16316375000.0,15678000.0,11938381000.0,11954059000.0,3180421000.0,13098712000.0,13886517000.0,2874698000.0,10224014000.0,9610795000.0,OIBR3,2024,-53687338000.0
26123961000.0,7776492000.0,1790329000.0,14285499000.0,-27318349000.0,4616235000.0,20869622000.0,25485857000.0,4258044000.0,-627635000.0,620724000.0,6217168000.0,-6844803000.0,-5430918000.0,OIBR3,2023,-63298133000.0
29616098000.0,9550596000.0,3005731000.0,10185041000.0,-21878805000.0,1623554000.0,20678937000.0,22302491000.0,10485230000.0,-15776416000.0,-11553502000.0,5847087000.0,-21623503000.0,-19268496000.0,OIBR3,2022,-57902972000.0
76035217000.0,44634067000.0,2917251000.0,26397031000.0,-2670933000.0,2900410000.0,30082708000.0,33659192000.0,10483479000.0,-7170816000.0,-3045524000.0,6335476000.0,-13506292000.0,-10431444000.0,OIBR3,2021,-38689361000.0
608138000.0,181661000.0,25900000.0,661038000.0,-723222000.0,132664000.0,76131000.0,265410000.0,1152103000.0,-125224000.0,-59507000.0,78722000.0,-203946000.0,-203946000.0,PLAS3,2025,-1654987000.0
662858000.0,236174000.0,35510000.0,495741000.0,-519276000.0,127078000.0,116374000.0,318378000.0,1131800000.0,-44143000.0,13129000.0,90060000.0,-134203000.0,-109995000.0,PLAS3,2024,-1451037000.0
679089000.0,214298000.0,16841000.0,479800000.0,-409281000.0,118968000.0,85469000.0,295120000.0,947129000.0,41067000.0,95043000.0,100451000.0,-59384000.0,-714000.0,PLAS3,2023,-1341047000.0
747739000.0,260286000.0,24815000.0,626719000.0,-408567000.0,113959000.0,124964000.0,326987000.0,848190000.0,-30351000.0,22513000.0,65565000.0,-95916000.0,-97121000.0,PLAS3,2022,-1340338000.0
,,,,,,,,,,,,,,PLAS3,2021,
129991000.0,86322000.0,3008000.0,54306000.0,50539000.0,24604000.0,4897000.0,29501000.0,216119000.0,7812000.0,8700000.0,9657000.0,-1845000.0,5386000.0,NUTR3,2025,
107024000.0,75755000.0,1991000.0,38668000.0,45155000.0,13461000.0,1080000.0,14541000.0,200267000.0,19268000.0,20109000.0,5577000.0,13691000.0,10276000.0,NUTR3,2024,
103283000.0,71637000.0,3404000.0,34939000.0,34879000.0,5891000.0,2881000.0,8772000.0,179054000.0,10107000.0,10908000.0,5383000.0,4724000.0,3507000.0,NUTR3,2023,19540000.0
96648000.0,64473000.0,662000.0,26346000.0,31337000.0,3523000.0,6031000.0,9554000.0,174794000.0,16732000.0,17351000.0,5316000.0,11416000.0,8319000.0,NUTR3,2022,17520000.0
,,,,,,,,,,,,,,NUTR3,2021,9617000.0
307039000.0,184374000.0,121348000.0,67888000.0,220337000.0,,,10659000.0,150962000.0,-9060000.0,4824000.0,1273000.0,-10333000.0,-9913000.0,WEST3,2025,-240804000.0
315028000.0,187780000.0,126936000.0,68170000.0,230203000.0,,,10447000.0,167739000.0,-24181000.0,-5286000.0,2019000.0,-26200000.0,-25560000.0,WEST3,2024,-230891000.0
351210000.0,211022000.0,139348000.0,73863000.0,255404000.0,,,15767000.0,196569000.0,-51320000.0,-28876000.0,3433000.0,-54753000.0,-53738000.0,WEST3,2023,-205331000.0
422041000.0,265397000.0,155213000.0,79225000.0,308614000.0,0.0,,30519000.0,256800000.0,-60805000.0,-40537000.0,4513000.0,-65318000.0,-54271000.0,WEST3,2022,-151593000.0
,,,,,2998000.0,,,,,,,,,WEST3,2021,
3638761000.0,1811716000.0,475482000.0,5209502000.0,-1745041000.0,2060266000.0,,2159147000.0,4612367000.0,-1816284000.0,-1816284000.0,1025315000.0,-2841599000.0,-2996138000.0,AGXY3,2024,-3150865000.0
7714016000.0,5553467000.0,738306000.0,6147186000.0,1113385000.0,2420785000.0,0.0,2586818000.0,9399096000.0,604653000.0,604653000.0,1093142000.0,-488489000.0,-374135000.0,AGXY3,2023,-154727000.0
9910493000.0,8207602000.0,1077875000.0,7190670000.0,1485032000.0,1739303000.0,953785000.0,2849948000.0,11592510000.0,939225000.0,1048136000.0,982778000.0,-43553000.0,27957000.0,AGXY3,2022,0.0
6774910000.0,5405111000.0,643563000.0,4860330000.0,1458744000.0,1220184000.0,267428000.0,1600441000.0,6580618000.0,541509000.0,630865000.0,402721000.0,138788000.0,118338000.0,AGXY3,2021,
6991000.0,5885000.0,4433000.0,3847000.0,951000.0,0.0,0.0,0.0,7952000.0,115000.0,933000.0,418000.0,-303000.0,-303000.0,DTCY3,2025,-73812000.0
9755000.0,8877000.0,2613000.0,4451000.0,1244000.0,231000.0,462000.0,693000.0,5913000.0,-764000.0,92000.0,375000.0,-1139000.0,-1139000.0,DTCY3,2024,-73509000.0
5935000.0,2358000.0,890000.0,4735000.0,-3997000.0,1351000.0,716000.0,2067000.0,6334000.0,-3349000.0,-1334000.0,608000.0,-3957000.0,-3957000.0,DTCY3,2023,-72370000.0
11568000.0,4775000.0,501000.0,5415000.0,-40000.0,256000.0,978000.0,1234000.0,9769000.0,466000.0,2782000.0,738000.0,-272000.0,-272000.0,DTCY3,2022,-68413000.0
,,,,,,,,,,,,,,DTCY3,2021,
70200033.0,62587150.0,17413.0,24080005.0,-49168061.0,20754086.0,,20754086.0,28473425.0,5477897.0,5477897.0,2924918.0,2552979.0,2144306.0,HAGA3,2025,-68131284.0
65364391.0,58109098.0,28104.0,23957764.0,-51312367.0,20754086.0,,20754086.0,29529985.0,5358814.0,5358814.0,2365377.0,2993437.0,2563841.0,HAGA3,2024,-70275590.0
61698275.0,52969270.0,22722.0,24832012.0,-53876208.0,20754086.0,0.0,20754086.0,28764252.0,6731674.0,6731674.0,2447109.0,4284565.0,2484364.0,HAGA3,2023,-72839431.0
59270565.0,50054488.0,3605.0,29160501.0,-56360572.0,20754086.0,0.0,20754086.0,28178330.0,8384395.0,8384395.0,2412794.0,5971601.0,5545845.0,HAGA3,2022,-75323795.0
,,,,,,5969271.0,,,,,,,,HAGA3,2021,
480101000.0,236427000.0,384000.0,189547000.0,74470000.0,61703000.0,116445000.0,178148000.0,52054000.0,-31412000.0,-27643000.0,28625000.0,-60037000.0,-60176000.0,LUPA3,2025,-2072638000.0
508795000.0,156539000.0,3515000.0,112399000.0,138380000.0,56264000.0,123437000.0,179701000.0,123127000.0,-14258000.0,-8760000.0,28649000.0,-42907000.0,-31772000.0,LUPA3,2024,-2012462000.0
482769000.0,145711000.0,19907000.0,102918000.0,159563000.0,50633000.0,95027000.0,145660000.0,86269000.0,77027000.0,83524000.0,23766000.0,53261000.0,52649000.0,LUPA3,2023,-1980690000.0
526894000.0,181288000.0,13171000.0,118650000.0,187706000.0,54308000.0,101346000.0,155654000.0,110390000.0,-47573000.0,-38061000.0,21912000.0,-69485000.0,54866000.0,LUPA3,2022,-2041877000.0
,,,,,,,,,,,,,,LUPA3,2021,
54983000.0,7601000.0,3932000.0,2689000.0,39424000.0,0.0,0.0,0.0,2391000.0,-2528000.0,-1519000.0,85000.0,-2613000.0,-2865000.0,EPAR3,2025,-9655000.0
68946000.0,7542000.0,5387000.0,477000.0,55289000.0,0.0,0.0,0.0,24373000.0,968000.0,2456000.0,145000.0,823000.0,-6790000.0,EPAR3,2024,-6790000.0
101563000.0,32267000.0,6896000.0,7582000.0,80079000.0,416000.0,201000.0,617000.0,457471000.0,27500000.0,50653000.0,4480000.0,23020000.0,15554000.0,EPAR3,2023,0.0
315681000.0,232441000.0,33542000.0,157028000.0,114866000.0,56212000.0,23099000.0,88319000.0,1086530000.0,96295000.0,103147000.0,7761000.0,88534000.0,63450000.0,EPAR3,2022,0.0
,,,,,,,,,,,,,,EPAR3,2021,
1834292000.0,585442000.0,30718000.0,662133000.0,443085000.0,25840000.0,559559000.0,892119000.0,1405857000.0,85725000.0,291190000.0,243267000.0,-157542000.0,-94089000.0,TOKY3,2025,-868897000.0
2019441000.0,697717000.0,23036000.0,591058000.0,360011000.0,0.0,614658000.0,1074577000.0,803853000.0,-118080000.0,-13939000.0,45998000.0,-164078000.0,-149179000.0,TOKY3,2024,-774872000.0
798795000.0,454728000.0,152632000.0,195375000.0,471027000.0,36042000.0,0.0,181177000.0,541944000.0,-55051000.0,12600000.0,30094000.0,-85145000.0,-85145000.0,TOKY3,2023,-625693000.0
906980000.0,544896000.0,236323000.0,191278000.0,554049000.0,12623000.0,,175835000.0,637059000.0,-64507000.0,12893000.0,25333000.0,-89840000.0,-89838000.0,TOKY3,2022,-540548000.0
,,,,,,0.0,,,,,,,,TOKY3,2021,
1175825000.0,213020000.0,24803000.0,468535000.0,114904000.0,101969000.0,128926000.0,247785000.0,447089000.0,-1579000.0,15990000.0,28580000.0,-30159000.0,-34365000.0,CTAX3,2025,-1859871000.0
1105551000.0,158203000.0,68431000.0,383260000.0,149270000.0,59539000.0,142056000.0,220713000.0,371753000.0,-77591000.0,-17081000.0,26071000.0,-103662000.0,-140758000.0,CTAX3,2024,-1424150000.0
1444456000.0,344011000.0,59329000.0,401355000.0,290027000.0,83320000.0,119700000.0,228038000.0,307605000.0,486638000.0,587036000.0,11316000.0,475322000.0,589953000.0,CTAX3,2023,-1283393000.0
1707149000.0,401822000.0,99243000.0,1272141000.0,-299926000.0,227449000.0,0.0,394246000.0,672022000.0,-395480000.0,-283568000.0,59761000.0,-455241000.0,-455241000.0,CTAX3,2022,-1509151000.0
,,,,,,,,,,,,,,CTAX3,2021,
18915000.0,802000.0,11000.0,197783000.0,-184053000.0,102956000.0,0.0,102956000.0,2743000.0,-10875000.0,-10875000.0,1359000.0,-12234000.0,-12234000.0,NORD3,2025,-291970000.0
19700000.0,1977000.0,19000.0,125998000.0,-171819000.0,29884000.0,57799000.0,87683000.0,2539000.0,31667000.0,31667000.0,5406000.0,26261000.0,35913000.0,NORD3,2024,-279736000.0
19331000.0,1731000.0,26000.0,167873000.0,-162544000.0,29147000.0,8801000.0,37948000.0,2504000.0,579000.0,579000.0,7604000.0,-7025000.0,-7025000.0,NORD3,2023,-270461000.0
18161000.0,1123000.0,32000.0,159673000.0,-155519000.0,29147000.0,8801000.0,37948000.0,1611000.0,5291000.0,5291000.0,13158000.0,-7867000.0,-7867000.0,NORD3,2022,-263436000.0
,,,,,,,,,,,,,,NORD3,2021,
81814000.0,50729000.0,661000.0,36379000.0,38866000.0,,,18808000.0,77084000.0,-22568000.0,-14130000.0,852000.0,-23420000.0,-23420000.0,FICT3,2025,-43806000.0
1000.0,1000.0,0.0,43000.0,-8483000.0,,,0.0,0.0,-366000.0,-366000.0,0.0,-366000.0,-366000.0,FICT3,2024,-20385000.0
25103000.0,1000.0,0.0,72000.0,16924000.0,,,191000.0,0.0,0.0,0.0,17000.0,0.0,-515000.0,FICT3,2023,2468000.0
35041000.0,34337000.0,23650000.0,3254000.0,23460000.0,,,305000.0,35894000.0,10779000.0,10980000.0,30000.0,10749000.0,10024000.0,FICT3,2022,8125000.0
,,,,,,,,,,,,,,FICT3,2021,
170973000.0,72182000.0,9941000.0,17387000.0,132043000.0,,,,1134000.0,26008000.0,26927000.0,149000.0,25859000.0,12042000.0,RVEE3,2025,0.0
0.0,0.0,0.0,,0.0,,,,0.0,-113000.0,-113000.0,2000.0,-115000.0,-115000.0,RVEE3,2024,-115000.0
1000.0,1000.0,1000.0,0.0,1000.0,,,,,,,,,,RVEE3,2023,0.0
210706000.0,83903000.0,7702000.0,93608000.0,-45467000.0,3878000.0,18053000.0,22190000.0,28779000.0,-16394000.0,-15996000.0,105000.0,-16499000.0,-16883000.0,VIVR3,2025,-2952857000.0
262192000.0,118084000.0,19637000.0,92668000.0,99596000.0,0.0,20117000.0,20526000.0,112726000.0,-207646000.0,-207230000.0,876000.0,-208522000.0,-211508000.0,VIVR3,2024,-2761544000.0
317514000.0,145894000.0,14097000.0,137136000.0,5293000.0,15241000.0,25447000.0,41241000.0,69536000.0,-68304000.0,-67570000.0,3912000.0,-72216000.0,-72724000.0,VIVR3,2023,-2674618000.0
366771000.0,204232000.0,38974000.0,399038000.0,-202328000.0,270036000.0,0.0,271132000.0,121982000.0,-58629000.0,-57392000.0,508000.0,-59137000.0,-34050000.0,VIVR3,2022,-2601894000.0
,,,,,,,,,,,,,,VIVR3,2021,
,635326000.0,3335000.0,623373000.0,-282970000.0,127575000.0,220855000.0,350712000.0,174975000.0,-230505000.0,-229574000.0,3700000.0,-234205000.0,-223216000.0,JFEN3,2025,-3419424000.0
,784020000.0,8363000.0,653546000.0,1525000.0,121444000.0,143444000.0,267709000.0,166984000.0,-216976000.0,-199711000.0,15034000.0,-232010000.0,-223022000.0,JFEN3,2024,-3092319000.0
,846239000.0,20845000.0,1138710000.0,-766921000.0,533579000.0,112175000.0,649031000.0,83904000.0,-102582000.0,-101154000.0,10909000.0,-113491000.0,-61228000.0,JFEN3,2023,-2869297000.0
,965835000.0,7739000.0,1174889000.0,-705693000.0,586851000.0,43249000.0,630715000.0,6597000.0,-112554000.0,-110853000.0,14599000.0,-127153000.0,-123289000.0,JFEN3,2022,-2808069000.0
,,,,,,,,,,,,,,JFEN3,2021,
773000.0,0.0,0.0,5000.0,-6507000.0,,,,0.0,-102000.0,-102000.0,1000.0,-103000.0,-103000.0,MAPT3,2025,-30057000.0
774000.0,1000.0,1000.0,13000.0,-6404000.0,,,,0.0,-159000.0,-159000.0,1000.0,-160000.0,-160000.0,MAPT3,2024,-29954000.0
773000.0,,,5000.0,-6244000.0,,,,0.0,-151000.0,-151000.0,0.0,-151000.0,-151000.0,MAPT3,2023,-29794000.0
773000.0,,,5000.0,-6093000.0,,,,0.0,-167000.0,-167000.0,0.0,-167000.0,-167000.0,MAPT3,2022,-29643000.0
,,,,,,,,,,,,,,MAPT3,2021,
690943000.0,23909000.0,9315000.0,602445000.0,-9899384000.0,,7675526000.0,8578470000.0,82656000.0,-151455000.0,-151033000.0,1032415000.0,-1183870000.0,-1103864000.0,OSXB3,2025,-11560855000.0
1024382000.0,7557000.0,614000.0,955472000.0,-8798348000.0,,6721366000.0,7562194000.0,64419000.0,-1072597000.0,-1072262000.0,850047000.0,-1922644000.0,-1595451000.0,OSXB3,2024,-10456991000.0
1996550000.0,9564000.0,2141000.0,832860000.0,-7198452000.0,,6049337000.0,6839668000.0,45246000.0,-518067000.0,-508856000.0,790002000.0,-1308069000.0,-1188770000.0,OSXB3,2023,-8861540000.0
2746315000.0,27364000.0,17807000.0,770687000.0,-5613922000.0,,5344755000.0,5826848000.0,31857000.0,546382000.0,557847000.0,672824000.0,-126442000.0,-287712000.0,OSXB3,2022,-7270464000.0
,,,,,,,,,,,,,,OSXB3,2021,
393588000.0,149680000.0,7809000.0,339007000.0,-244690000.0,174984000.0,5627000.0,180611000.0,48072000.0,-22205000.0,-20493000.0,27225000.0,-49430000.0,-20752000.0,BDLL3,2025,-464615000.0
545083000.0,239787000.0,17626000.0,495185000.0,-223937000.0,177440000.0,5654000.0,183094000.0,33086000.0,-12079000.0,-10424000.0,27921000.0,-40000000.0,-30783000.0,BDLL3,2024,-444084000.0
571194000.0,265963000.0,26941000.0,308604000.0,-193155000.0,18578000.0,169406000.0,187984000.0,25787000.0,-70316000.0,-68536000.0,22440000.0,-92756000.0,-82440000.0,BDLL3,2023,-413592000.0
661640000.0,301747000.0,8790000.0,285025000.0,-110715000.0,224000.0,166929000.0,167153000.0,27227000.0,-24943000.0,-22355000.0,14093000.0,-39036000.0,65690000.0,BDLL3,2022,-397850000.0
,,,,,,,,,,,,,,BDLL3,2021,
5072000.0,0.0,,1498000.0,1593000.0,1437000.0,,1437000.0,0.0,-3424000.0,-3424000.0,1000.0,-3425000.0,-3425000.0,CCTY3,2025,-3574000.0
0.0,0.0,,0.0,0.0,0.0,,0.0,0.0,-148000.0,-148000.0,1000.0,-149000.0,-149000.0,CCTY3,2024,-149000.0
