total_assets,current_assets,cash,current_liabilities,equity,total_debt_reported,retained_earnings,revenue,ebit,ebitda,interest_expense,pretax_income,net_income,ticker,year,st_debt,lt_debt
646565000.0,637993000.0,85440000.0,26746000.0,615690000.0,4005000.0,160907000.0,168354000.0,114949000.0,117266000.0,285000.0,114664000.0,103664000.0,NXSN,2025,,
159156000.0,154265000.0,74708000.0,20866000.0,137692000.0,496000.0,90451000.0,114934000.0,76944000.0,78086000.0,40000.0,76904000.0,66396000.0,NXSN,2024,,
96490000.0,93030000.0,68631000.0,15917000.0,79934000.0,671000.0,37857000.0,51944000.0,31909000.0,32921000.0,29000.0,31880000.0,27572000.0,NXSN,2023,,
64265000.0,61941000.0,45276000.0,7291000.0,56679000.0,257000.0,15886000.0,26049000.0,13553000.0,14126000.0,16000.0,13537000.0,11149000.0,NXSN,2022,,
,,,,,,,,,,,,,NXSN,2021,,
,7735135000.0,635141000.0,5976438000.0,4129598000.0,964810000.0,3151172000.0,7938627000.0,633489000.0,804923000.0,71574000.0,561915000.0,534339000.0,ESLT,2025,133984000.0,255625000.0
,6355181000.0,265351000.0,5311168000.0,3277540000.0,1370310000.0,2741070000.0,6827871000.0,474412000.0,632803000.0,132666000.0,341746000.0,321138000.0,ESLT,2024,525417000.0,305924000.0
,5508080000.0,197429000.0,4823846000.0,2947503000.0,1466444000.0,2508914000.0,5974744000.0,323817000.0,488616000.0,97323000.0,226494000.0,215131000.0,ESLT,2023,651880000.0,384074000.0
,5031777000.0,211108000.0,4277289000.0,2755221000.0,1285616000.0,2382564000.0,5511549000.0,333708000.0,494998000.0,41150000.0,292558000.0,275448000.0,ESLT,2022,191631000.0,680078000.0
,,,,,,,,,,,,,ESLT,2021,,
15938000000.0,4582000000.0,643000000.0,4034000000.0,2953000000.0,9765000000.0,-1742000000.0,8702000000.0,2045000000.0,3732000000.0,354000000.0,1691000000.0,1417000000.0,BEZQ,2025,992000000.0,6818000000.0
15161000000.0,4513000000.0,784000000.0,4014000000.0,2502000000.0,9614000000.0,-2180000000.0,8884000000.0,1740000000.0,3584000000.0,346000000.0,1394000000.0,1072000000.0,BEZQ,2024,1123000000.0,6523000000.0
13878000000.0,3489000000.0,563000000.0,3680000000.0,2196000000.0,9004000000.0,-2466000000.0,9103000000.0,1834000000.0,3701000000.0,299000000.0,1535000000.0,1189000000.0,BEZQ,2023,1074000000.0,5889000000.0
13412000000.0,3464000000.0,741000000.0,3534000000.0,1623000000.0,9181000000.0,-3035000000.0,8986000000.0,1590000000.0,3458000000.0,254000000.0,1336000000.0,1000000000.0,BEZQ,2022,921000000.0,6352000000.0
,,,,,,,,,,,,,BEZQ,2021,,
8629902000.0,1095849000.0,528497000.0,1629205000.0,1688141000.0,5121070000.0,240023000.0,582264000.0,330275000.0,480197000.0,125698000.0,204577000.0,132104000.0,ENLT,2025,1057691000.0,3819848000.0
5546885000.0,707945000.0,387427000.0,592040000.0,1180526000.0,3118174000.0,107919000.0,398795000.0,182429000.0,291318000.0,97649000.0,84780000.0,44209000.0,ENLT,2024,257208000.0,2638785000.0
4633921000.0,664645000.0,403805000.0,583292000.0,1168759000.0,2699558000.0,63710000.0,261142000.0,187316000.0,253112000.0,60847000.0,126469000.0,70924000.0,ENLT,2023,350899000.0,2219992000.0
3533367000.0,423704000.0,193869000.0,385349000.0,804094000.0,2160952000.0,-7214000.0,192172000.0,106831000.0,149098000.0,55775000.0,51056000.0,24749000.0,ENLT,2022,181459000.0,1879870000.0
,,,,,,,,,,,,,ENLT,2021,,
4715933227.395019,1118960336.065703,916628644.251798,361239163.611762,2035903648.578486,1785113044.572759,179360908.761938,944634119.479539,256769300.964458,335121697.949936,85589766.988153,171179533.976305,108875218.301106,OPCE,2025,118000597.869696,1657987067.134473
3303466079.724488,368207663.64709,263357451.619703,176301661.999053,1300909158.104812,1277365768.458976,61322317.217062,760779997.974173,185883274.064219,277045468.855654,94173558.583345,91709715.480874,30387398.263812,OPCE,2024,84318186.17346,1180728366.773159
3323762610.963306,440428838.606011,265258277.796802,337960645.892053,1013618523.299002,1520164370.571346,29765824.618708,672233490.503912,138819376.761584,218633933.040065,76390169.375445,62429207.386139,37931670.310566,OPCE,2023,161999841.951374,1299686536.891184
2704880817.253121,419125993.189557,240919409.761635,184165720.77185,995175936.435868,1198354143.019296,-8796821.793417,546821793.416572,138195232.690125,195232690.124858,58172531.214529,80022701.475596,47389330.30647,OPCE,2022,39160045.402951,1122304199.772985
,,,,,,,,,,,,,OPCE,2021,,
40748000000.0,13946000000.0,3556000000.0,13456000000.0,7910000000.0,17094000000.0,-13762000000.0,17257000000.0,2139000000.0,3141000000.0,916000000.0,1223000000.0,1410000000.0,TEVA,2025,1820000000.0,14986000000.0
39326000000.0,12552000000.0,3300000000.0,12796000000.0,5373000000.0,18079000000.0,-15173000000.0,16544000000.0,-282000000.0,777000000.0,1002000000.0,-1284000000.0,-1639000000.0,TEVA,2024,1781000000.0,16002000000.0
43479000000.0,12485000000.0,3226000000.0,12247000000.0,7506000000.0,20153000000.0,-13534000000.0,15845000000.0,405000000.0,1558000000.0,1029000000.0,-624000000.0,-559000000.0,TEVA,2023,1672000000.0,18161000000.0
44011000000.0,12051000000.0,2801000000.0,11469000000.0,7804000000.0,21561000000.0,-12975000000.0,14925000000.0,-2233000000.0,-925000000.0,930000000.0,-3163000000.0,-2446000000.0,TEVA,2022,2109000000.0,19103000000.0
,,,,,,,,,,,,,TEVA,2021,,
3965800000.0,468200000.0,107700000.0,201800000.0,1891400000.0,1394800000.0,1763300000.0,1012700000.0,563000000.0,737900000.0,83500000.0,479500000.0,343000000.0,NWMD,2025,0.0,1392300000.0
3992300000.0,734100000.0,51200000.0,603000000.0,1787300000.0,1627900000.0,1660600000.0,1136300000.0,789600000.0,874800000.0,108400000.0,681200000.0,524600000.0,NWMD,2024,485600000.0,1140000000.0
3846200000.0,568300000.0,29100000.0,211000000.0,1512500000.0,1817700000.0,1386300000.0,1094400000.0,698400000.0,782700000.0,124100000.0,574300000.0,433600000.0,NWMD,2023,80000000.0,1735100000.0
3939000000.0,771300000.0,22400000.0,581600000.0,1287400000.0,2158700000.0,1162500000.0,1143900000.0,734500000.0,872100000.0,139900000.0,594600000.0,469700000.0,NWMD,2022,424800000.0,1731000000.0
,,,,,,,,,,,,,NWMD,2021,,
12413000000.0,4164000000.0,291000000.0,3131000000.0,5983000000.0,2756000000.0,5769000000.0,7153000000.0,589000000.0,1204000000.0,148000000.0,441000000.0,226000000.0,ICL,2025,797000000.0,1704000000.0
11321000000.0,3586000000.0,327000000.0,2328000000.0,5724000000.0,2293000000.0,5764000000.0,6841000000.0,782000000.0,1378000000.0,146000000.0,636000000.0,407000000.0,ICL,2024,306000000.0,1723000000.0
11627000000.0,4034000000.0,420000000.0,2638000000.0,5768000000.0,2687000000.0,5583000000.0,7536000000.0,1134000000.0,1670000000.0,160000000.0,974000000.0,647000000.0,ICL,2023,786000000.0,1625000000.0
11750000000.0,4548000000.0,417000000.0,2606000000.0,5464000000.0,2824000000.0,5385000000.0,10015000000.0,3542000000.0,4040000000.0,138000000.0,3404000000.0,2159000000.0,ICL,2022,444000000.0,2110000000.0
,,,,,,,,,,,,,ICL,2021,,
5106030000.0,1379132000.0,379388000.0,887627000.0,3876528000.0,88801000.0,3314498000.0,2945399000.0,704017000.0,903061000.0,0.0,704017000.0,612101000.0,NICE,2025,,
5295906000.0,2504773000.0,481712000.0,1474424000.0,3589742000.0,563603000.0,2702397000.0,2735272000.0,604982000.0,810002000.0,156000.0,604826000.0,442588000.0,NICE,2024,458791000.0,
5117634000.0,2312882000.0,511795000.0,1120321000.0,3341132000.0,782966000.0,2262898000.0,2377508000.0,461401000.0,628761000.0,3701000.0,457700000.0,338301000.0,NICE,2023,209229000.0,457081000.0
4854419000.0,2417133000.0,529596000.0,1141217000.0,3042085000.0,777461000.0,1926398000.0,2181294000.0,349046000.0,525592000.0,3714000.0,345332000.0,265945000.0,NICE,2022,209292000.0,455382000.0
,,,,,,,,,,,,,NICE,2021,395946000.0,429267000.0
8816000000.0,3097000000.0,535000000.0,2998000000.0,3272000000.0,2628000000.0,4232000000.0,7823000000.0,820000000.0,1173000000.0,167000000.0,653000000.0,404000000.0,STRS,2025,500000000.0,1605000000.0
8959000000.0,3582000000.0,1142000000.0,3335000000.0,3279000000.0,2812000000.0,4167000000.0,7089000000.0,1078000000.0,1428000000.0,162000000.0,916000000.0,624000000.0,STRS,2024,845000000.0,1463000000.0
8170000000.0,2539000000.0,517000000.0,2497000000.0,3037000000.0,2630000000.0,3784000000.0,6795000000.0,849000000.0,1181000000.0,128000000.0,721000000.0,488000000.0,STRS,2023,389000000.0,1687000000.0
7412000000.0,2478000000.0,517000000.0,2806000000.0,2483000000.0,2614000000.0,3269000000.0,6105000000.0,238000000.0,545000000.0,87000000.0,151000000.0,64000000.0,STRS,2022,789000000.0,1488000000.0
,,,,,,,,,,,,,STRS,2021,,
3003600000.0,822550000.0,591906000.0,522386000.0,966554000.0,1623550000.0,152071000.0,466590000.0,-1115000.0,90265000.0,-25240000.0,24125000.0,167806000.0,NVPT,2025,294947000.0,1324623000.0
1576449000.0,174331000.0,118829000.0,116128000.0,387863000.0,986859000.0,-15735000.0,98291000.0,-27324000.0,-14091000.0,-43249000.0,15925000.0,1418000.0,NVPT,2024,70746000.0,912891000.0
1127638000.0,115617000.0,86286000.0,80964000.0,311696000.0,674812000.0,-17153000.0,118495000.0,12198000.0,27737000.0,-19379000.0,31577000.0,14674000.0,NVPT,2023,57608000.0,615137000.0
876313000.0,92677000.0,65866000.0,41529000.0,291084000.0,451272000.0,-31827000.0,119319000.0,82899000.0,97780000.0,12583000.0,70316000.0,48802000.0,NVPT,2022,11456000.0,437667000.0
,,,,,,,,,,,,,NVPT,2021,,
16959000000.0,4417000000.0,613000000.0,4038000000.0,3231000000.0,10266000000.0,2692000000.0,6073000000.0,929000000.0,1254000000.0,548000000.0,381000000.0,235000000.0,SPEN,2025,1665000000.0,8244000000.0
15526000000.0,3970000000.0,678000000.0,3350000000.0,3121000000.0,9103000000.0,2587000000.0,5085000000.0,841000000.0,1132000000.0,559000000.0,282000000.0,178000000.0,SPEN,2024,1345000000.0,7387000000.0
14877000000.0,3464000000.0,820000000.0,3674000000.0,2986000000.0,8547000000.0,2405000000.0,5207000000.0,790000000.0,1054000000.0,547000000.0,243000000.0,158000000.0,SPEN,2023,1571000000.0,6644000000.0
14328000000.0,3448000000.0,765000000.0,3299000000.0,2863000000.0,8121000000.0,2316000000.0,4548000000.0,978000000.0,1179000000.0,451000000.0,527000000.0,383000000.0,SPEN,2022,1184000000.0,6615000000.0
,,,,,,,,,,,,,SPEN,2021,,
7047995000.0,1508621000.0,1090485000.0,759109000.0,1992302000.0,4754988000.0,678993000.0,503089000.0,-237169000.0,-133497000.0,237478000.0,-474647000.0,-390604000.0,DORL,2025,571000000.0,3926873000.0
5849849000.0,888625000.0,465323000.0,1166696000.0,1984004000.0,3527759000.0,1067169000.0,310120000.0,-104839000.0,-53163000.0,133218000.0,-238057000.0,20015000.0,DORL,2024,1000279000.0,2323277000.0
4525392000.0,936717000.0,543912000.0,838302000.0,1982659000.0,2087066000.0,1044564000.0,78671000.0,11252000.0,28818000.0,70953000.0,-59701000.0,-41141000.0,DORL,2023,746592000.0,1279378000.0
3343019000.0,792061000.0,387115000.0,273013000.0,1958491000.0,1042153000.0,1083905000.0,46994000.0,1893000.0,9479000.0,56958000.0,-55065000.0,1086586000.0,DORL,2022,234557000.0,779767000.0
,,,,,,,,,,,,,DORL,2021,,
13207471000.0,1610222000.0,956844000.0,2391721000.0,2596469000.0,8008396000.0,306024000.0,762172000.0,60679000.0,323612000.0,167779000.0,-107100000.0,250238000.0,ENRG,2025,1240757000.0,6096897000.0
11170447000.0,741670000.0,463633000.0,2001662000.0,2307423000.0,6172163000.0,276253000.0,897628000.0,351941000.0,573771000.0,157501000.0,194440000.0,337787000.0,ENRG,2024,618598000.0,4916327000.0
9810878000.0,1394608000.0,567667000.0,2048868000.0,2369967000.0,5408140000.0,256405000.0,681906000.0,316198000.0,468951000.0,62999000.0,253199000.0,258257000.0,ENRG,2023,1049097000.0,3844072000.0
6082231000.0,700775000.0,465119000.0,554664000.0,2328630000.0,2851859000.0,234665000.0,527325000.0,275012000.0,380811000.0,39151000.0,235861000.0,236690000.0,ENRG,2022,151884000.0,2311429000.0
,,,,,,,,,,,,,ENRG,2021,,
14625000000.0,4024000000.0,1340000000.0,4744000000.0,4106000000.0,5903000000.0,2228000000.0,14489000000.0,1222000000.0,2208000000.0,266000000.0,956000000.0,711000000.0,SAE,2025,393000000.0,1386000000.0
14922000000.0,3974000000.0,945000000.0,4610000000.0,3936000000.0,6472000000.0,2053000000.0,15644000000.0,1127000000.0,2163000000.0,295000000.0,832000000.0,657000000.0,SAE,2024,340000000.0,1750000000.0
14913000000.0,3316000000.0,683000000.0,4390000000.0,3469000000.0,7029000000.0,1582000000.0,15183000000.0,734000000.0,1701000000.0,291000000.0,443000000.0,312000000.0,SAE,2023,318000000.0,2049000000.0
14547000000.0,3286000000.0,631000000.0,4228000000.0,3135000000.0,7168000000.0,1257000000.0,14662000000.0,305000000.0,1205000000.0,271000000.0,34000000.0,1000000.0,SAE,2022,316000000.0,2264000000.0
,,,,,,,,,,,,,SAE,2021,,
56536000000.0,29650000000.0,2480000000.0,21825000000.0,10083000000.0,15104000000.0,10204000000.0,4148000000.0,2356000000.0,3178000000.0,801000000.0,1555000000.0,3256000000.0,DLEKG,2025,933000000.0,13820000000.0
52353000000.0,8779000000.0,2260000000.0,8322000000.0,8725000000.0,15057000000.0,7983000000.0,4634000000.0,3070000000.0,3545000000.0,833000000.0,2237000000.0,1404000000.0,DLEKG,2024,2154000000.0,12678000000.0
43841000000.0,6731000000.0,1597000000.0,5891000000.0,9524000000.0,14508000000.0,7519000000.0,3799000000.0,2735000000.0,3104000000.0,994000000.0,1741000000.0,1593000000.0,DLEKG,2023,1015000000.0,13333000000.0
43070000000.0,7594000000.0,2159000000.0,7909000000.0,8557000000.0,16858000000.0,7026000000.0,11995000000.0,10478000000.0,13389000000.0,1324000000.0,9154000000.0,3977000000.0,DLEKG,2022,2872000000.0,13779000000.0
,,,,,,,,,,,,,DLEKG,2021,,
4999800000.0,2452100000.0,503900000.0,2224200000.0,1052100000.0,1276500000.0,-25500000.0,3476000000.0,645800000.0,918500000.0,98900000.0,546900000.0,403300000.0,ELAL,2025,144300000.0,531300000.0
4376000000.0,1874200000.0,512800000.0,2060400000.0,545900000.0,1528900000.0,-428800000.0,3432200000.0,796000000.0,1062300000.0,118400000.0,677600000.0,541400000.0,ELAL,2024,182400000.0,650200000.0
3318500000.0,805100000.0,386100000.0,1549000000.0,-187300000.0,1906800000.0,-970100000.0,2503400000.0,253000000.0,501600000.0,127900000.0,125100000.0,112600000.0,ELAL,2023,246200000.0,856800000.0
3188400000.0,594100000.0,283100000.0,1436100000.0,-320900000.0,2092800000.0,-1082800000.0,1985800000.0,107900000.0,318000000.0,122300000.0,-14400000.0,108700000.0,ELAL,2022,293300000.0,890600000.0
,,,,,,,,,,,,,ELAL,2021,,
29682106000.0,1891945000.0,674850000.0,3752714000.0,4591581000.0,22633140000.0,958207000.0,7649687000.0,1276288000.0,2526162000.0,1150028000.0,126260000.0,53303000.0,FTAL,2025,1916406000.0,7641719000.0
28498621000.0,1437073000.0,573657000.0,2902502000.0,4098911000.0,22114661000.0,844152000.0,7444403000.0,1485106000.0,2727614000.0,1135394000.0,349712000.0,278220000.0,FTAL,2024,1186571000.0,6822227000.0
26612815000.0,1502884000.0,886045000.0,2769436000.0,3260581000.0,21312985000.0,132724000.0,6928460000.0,1056371000.0,2205522000.0,1000501000.0,55870000.0,45185000.0,FTAL,2023,976175000.0,5727194000.0
23559200000.0,1587237000.0,829643000.0,2811700000.0,2481392000.0,19249656000.0,47302000.0,5471418000.0,733343000.0,1738677000.0,866998000.0,-133655000.0,-78775000.0,FTAL,2022,1160534000.0,4925268000.0
,,,,,,,,,,,,,FTAL,2021,,
27128000000.0,10506000000.0,2365000000.0,9291000000.0,5898000000.0,13977000000.0,3895000000.0,9300000000.0,1016000000.0,1331000000.0,709000000.0,307000000.0,97000000.0,SKBN,2025,4182000000.0,9710000000.0
29641000000.0,13389000000.0,2744000000.0,13692000000.0,5691000000.0,13275000000.0,3799000000.0,8496000000.0,646000000.0,951000000.0,794000000.0,-148000000.0,-950000000.0,SKBN,2024,5272000000.0,7919000000.0
30037000000.0,12923000000.0,3274000000.0,11714000000.0,6629000000.0,14428000000.0,3204000000.0,7730000000.0,1882000000.0,2180000000.0,646000000.0,1236000000.0,358000000.0,SKBN,2023,4961000000.0,9400000000.0
26120000000.0,13766000000.0,2911000000.0,12088000000.0,4116000000.0,12710000000.0,2627000000.0,6794000000.0,1031000000.0,1304000000.0,714000000.0,317000000.0,54000000.0,SKBN,2022,4282000000.0,8371000000.0
,,,,,,,,,,,,,SKBN,2021,,
10359000000.0,2778000000.0,745000000.0,3286000000.0,3392000000.0,4722000000.0,1346000000.0,,893000000.0,1383000000.0,172000000.0,721000000.0,578000000.0,PAZ,2025,874000000.0,2144000000.0
10491000000.0,2934000000.0,764000000.0,3115000000.0,3253000000.0,5054000000.0,1194000000.0,,995000000.0,1495000000.0,225000000.0,770000000.0,650000000.0,PAZ,2024,770000000.0,2582000000.0
11348000000.0,3674000000.0,1093000000.0,3290000000.0,3171000000.0,5981000000.0,1098000000.0,,634000000.0,1113000000.0,230000000.0,404000000.0,-5000000.0,PAZ,2023,947000000.0,3298000000.0
15365000000.0,8262000000.0,1533000000.0,6132000000.0,4051000000.0,6896000000.0,2350000000.0,,677000000.0,1366000000.0,229000000.0,448000000.0,300000000.0,PAZ,2022,1577000000.0,3683000000.0
,,,,,,,7731000000.0,,,,,,PAZ,2021,,
6476981000.0,1122232000.0,612600000.0,858393000.0,1861218000.0,4325365000.0,-79940000.0,311299000.0,191192000.0,319025000.0,165290000.0,25902000.0,90130000.0,NOFR,2025,699319000.0,3364265000.0
6227754000.0,701405000.0,362634000.0,476690000.0,1628333000.0,3415278000.0,-174634000.0,313207000.0,36581000.0,133547000.0,102097000.0,-65516000.0,-26905000.0,NOFR,2024,303391000.0,2744575000.0
5668267000.0,1005699000.0,661388000.0,350050000.0,1822007000.0,2530383000.0,-153354000.0,320779000.0,-19169000.0,61057000.0,109181000.0,-128350000.0,-88661000.0,NOFR,2023,196767000.0,2022270000.0
4597703000.0,1099193000.0,237865000.0,739586000.0,1618014000.0,1591565000.0,-68533000.0,324568000.0,201912000.0,216608000.0,48621000.0,153291000.0,153746000.0,NOFR,2022,452060000.0,931287000.0
,,,,,,,,,,,,,NOFR,2021,,
4606771000.0,2972397000.0,902938000.0,2683376000.0,1136467000.0,1122365000.0,800723000.0,6238940000.0,500165000.0,699266000.0,62718000.0,437447000.0,307281000.0,MTRX,2025,458989000.0,294041000.0
4479636000.0,2872386000.0,668495000.0,2652668000.0,1088733000.0,1157888000.0,708634000.0,5579538000.0,440315000.0,627126000.0,57113000.0,383202000.0,272422000.0,MTRX,2024,469981000.0,315098000.0
4035232000.0,2618322000.0,640208000.0,2240366000.0,1048587000.0,1171986000.0,665981000.0,5232105000.0,394556000.0,598175000.0,69370000.0,325186000.0,227333000.0,MTRX,2023,487774000.0,468456000.0
4002776000.0,2579491000.0,839313000.0,2125802000.0,916409000.0,1402768000.0,561777000.0,4672689000.0,492580000.0,654805000.0,37814000.0,454766000.0,334669000.0,MTRX,2022,521287000.0,699873000.0
,,,,,,,,,,,,,MTRX,2021,,
13477000000.0,,1338000000.0,8427000000.0,1826000000.0,5403000000.0,1839000000.0,13953000000.0,481000000.0,939000000.0,194000000.0,287000000.0,168000000.0,ELTR,2025,2970000000.0,1790000000.0
12145000000.0,,1191000000.0,6567000000.0,1806000000.0,4847000000.0,1765000000.0,12326000000.0,511000000.0,931000000.0,152000000.0,359000000.0,224000000.0,ELTR,2024,1890000000.0,2494000000.0
11159000000.0,7136000000.0,711000000.0,6501000000.0,1627000000.0,4151000000.0,1624000000.0,11615000000.0,471000000.0,881000000.0,126000000.0,345000000.0,213000000.0,ELTR,2023,1831000000.0,1866000000.0
10525325000.0,,680336000.0,6179416000.0,1539016000.0,3816351000.0,1496038000.0,10852000000.0,582000000.0,975000000.0,99000000.0,483000000.0,306000000.0,ELTR,2022,1794152000.0,1617468000.0
,5009380000.0,,,,,,,,,,,,ELTR,2021,,
5265149000.0,575476000.0,115478000.0,884170000.0,2711601000.0,1629916000.0,1897197000.0,2176346000.0,398304000.0,609729000.0,73147000.0,325157000.0,254547000.0,ISRO,2025,227972000.0,290738000.0
4809449000.0,710259000.0,92175000.0,863340000.0,2506362000.0,1403307000.0,1701819000.0,1915415000.0,432679000.0,617086000.0,54969000.0,377710000.0,303659000.0,ISRO,2024,231903000.0,340604000.0
4233024000.0,695830000.0,127491000.0,607288000.0,2218018000.0,1271042000.0,1398075000.0,1796338000.0,358294000.0,527798000.0,52198000.0,306096000.0,233421000.0,ISRO,2023,142496000.0,329574000.0
4073532000.0,731279000.0,255852000.0,688339000.0,2025908000.0,1237063000.0,1214430000.0,1872021000.0,363920000.0,515627000.0,46670000.0,317250000.0,252790000.0,ISRO,2022,148597000.0,301276000.0
,,,,,,,,,,,,,ISRO,2021,,
9823612000.0,3158204000.0,701073000.0,2792507000.0,2748570000.0,5019487000.0,1370214000.0,2899274000.0,421714000.0,483895000.0,162631000.0,259083000.0,201537000.0,TDHR,2025,1174065000.0,3803523000.0
6897181000.0,2568451000.0,706892000.0,2400963000.0,2080313000.0,2936313000.0,1284938000.0,2688372000.0,434790000.0,490902000.0,180801000.0,253989000.0,180228000.0,TDHR,2024,872137000.0,1998035000.0
,,,,,,,2443319000.0,246157000.0,299581000.0,152325000.0,93832000.0,63519000.0,TDHR,2023,,
4643844000.0,593937000.0,508264000.0,403571000.0,2240785000.0,1955192000.0,-230257000.0,132947000.0,36487000.0,105068000.0,83983000.0,-47496000.0,-86813000.0,MSKE,2025,317310000.0,1414294000.0
3957786000.0,102931000.0,52774000.0,188852000.0,2327978000.0,1179547000.0,-137449000.0,100458000.0,16260000.0,76116000.0,47754000.0,-31494000.0,-52159000.0,MSKE,2024,102364000.0,878168000.0
3317542000.0,331402000.0,296422000.0,108986000.0,2373576000.0,902367000.0,-85290000.0,72073000.0,21540000.0,66471000.0,27307000.0,-5767000.0,1803000.0,MSKE,2023,60907000.0,669298000.0
2426616000.0,77278000.0,43585000.0,56007000.0,1700689000.0,711033000.0,-87093000.0,59246000.0,16071000.0,53889000.0,33818000.0,-17747000.0,-10880000.0,MSKE,2022,32656000.0,566919000.0
,,,,,,,,,,,,,MSKE,2021,,
4613000000.0,1501000000.0,662000000.0,1220000000.0,2322000000.0,1348000000.0,1205000000.0,3200000000.0,458000000.0,1158000000.0,57000000.0,401000000.0,304000000.0,PTNR,2025,206000000.0,584000000.0
4820000000.0,1547000000.0,481000000.0,1226000000.0,2251000000.0,1572000000.0,1134000000.0,3324000000.0,423000000.0,1133000000.0,63000000.0,360000000.0,277000000.0,PTNR,2024,156000000.0,790000000.0
4831000000.0,1448000000.0,648000000.0,1334000000.0,1960000000.0,1844000000.0,843000000.0,3347000000.0,291000000.0,1019000000.0,69000000.0,222000000.0,163000000.0,PTNR,2023,226000000.0,945000000.0
4967000000.0,1574000000.0,560000000.0,1386000000.0,1782000000.0,2097000000.0,665000000.0,3463000000.0,3000000.0,713000000.0,75000000.0,-72000000.0,-100000000.0,PTNR,2022,238000000.0,1171000000.0
,,,,,,,,,,,,,PTNR,2021,,
467193000.0,287123000.0,5613000.0,125836000.0,298631000.0,15052000.0,174723000.0,314083000.0,53416000.0,67938000.0,5395000.0,48021000.0,42711000.0,BSEN,2025,6915000.0,7031000.0
326828000.0,189711000.0,102000.0,101899000.0,193269000.0,36341000.0,131513000.0,258981000.0,48942000.0,60295000.0,4005000.0,44937000.0,36413000.0,BSEN,2024,21953000.0,13927000.0
288938000.0,161331000.0,370000.0,87551000.0,154274000.0,53596000.0,94534000.0,209687000.0,88563000.0,99364000.0,6763000.0,81800000.0,59935000.0,BSEN,2023,29896000.0,23290000.0
259174000.0,129243000.0,596000.0,75820000.0,137875000.0,78291000.0,79493000.0,163722000.0,10118000.0,20587000.0,4353000.0,5765000.0,4714000.0,BSEN,2022,44111000.0,33693000.0
,,,,,,,,,,,,,BSEN,2021,,
4450000000.0,1874000000.0,615000000.0,1190000000.0,1746000000.0,1407000000.0,905000000.0,5841000000.0,163000000.0,369000000.0,103000000.0,60000000.0,47000000.0,ORL,2025,191000000.0,1070000000.0
4452000000.0,2084000000.0,752000000.0,1298000000.0,1764000000.0,1262000000.0,909000000.0,7542000000.0,248000000.0,430000000.0,109000000.0,139000000.0,113000000.0,ORL,2024,218000000.0,915000000.0
4657000000.0,2320000000.0,763000000.0,1394000000.0,1857000000.0,1319000000.0,970000000.0,8324000000.0,600000000.0,773000000.0,110000000.0,490000000.0,408000000.0,ORL,2023,273000000.0,927000000.0
4526534000.0,2221029000.0,751060000.0,1262634000.0,1743947000.0,1424515000.0,810391000.0,10828000000.0,625000000.0,780000000.0,109000000.0,516000000.0,441000000.0,ORL,2022,266278000.0,1057512000.0
,,,,,,,,,,,,,ORL,2021,,
23138918000.0,5283691000.0,945552000.0,5441949000.0,5545780000.0,14883138000.0,3751363000.0,4652436000.0,949977000.0,1089777000.0,666075000.0,283902000.0,270655000.0,ASHG,2025,3466735000.0,11022217000.0
21832287000.0,4206901000.0,938321000.0,4440920000.0,4904889000.0,14390654000.0,3535396000.0,4459489000.0,863709000.0,994064000.0,642646000.0,221063000.0,169661000.0,ASHG,2024,2526590000.0,11575459000.0
21376759000.0,4931584000.0,1409337000.0,4603561000.0,4741882000.0,14246498000.0,3359572000.0,4818920000.0,497041000.0,581666000.0,495026000.0,2015000.0,30955000.0,ASHG,2023,2946370000.0,10968011000.0
18233572000.0,5177586000.0,921891000.0,4484925000.0,4855284000.0,10631360000.0,3530034000.0,5152913000.0,1498963000.0,1582885000.0,377909000.0,1121054000.0,930846000.0,ASHG,2022,2457786000.0,8037531000.0
,,,,,,,,,,,,,ASHG,2021,,
13590000000.0,4902000000.0,524000000.0,3335000000.0,3012000000.0,3435000000.0,2677000000.0,7153000000.0,606000000.0,1337000000.0,181000000.0,425000000.0,87000000.0,ILCO,2025,989000000.0,2191000000.0
12490000000.0,4476000000.0,618000000.0,2566000000.0,2816000000.0,3026000000.0,2603000000.0,6841000000.0,813000000.0,1427000000.0,182000000.0,631000000.0,190000000.0,ILCO,2024,526000000.0,2236000000.0
12891000000.0,5025000000.0,537000000.0,2862000000.0,2776000000.0,3565000000.0,2441000000.0,7536000000.0,1165000000.0,1705000000.0,203000000.0,962000000.0,273000000.0,ILCO,2023,981000000.0,
13092000000.0,5619000000.0,762000000.0,2895000000.0,2456000000.0,3956000000.0,2157000000.0,10015000000.0,3523000000.0,4062000000.0,192000000.0,3331000000.0,953000000.0,ILCO,2022,682000000.0,
,,,,,,,,,,,,,ILCO,2021,,3535000000.0
5573677000.0,978298000.0,150289000.0,1027236000.0,1984716000.0,2497192000.0,424371000.0,2607032000.0,450270000.0,790411000.0,171215000.0,279055000.0,206553000.0,VRDS,2025,404226000.0,1786522000.0
5567071000.0,1023578000.0,93003000.0,1149413000.0,1756861000.0,2772084000.0,217818000.0,2729773000.0,155669000.0,502141000.0,184162000.0,-28493000.0,-18475000.0,VRDS,2024,526961000.0,1913346000.0
5632551000.0,1053014000.0,108045000.0,1043043000.0,1765667000.0,2764666000.0,236293000.0,2537388000.0,63766000.0,383993000.0,162655000.0,-98889000.0,-81357000.0,VRDS,2023,393817000.0,2058172000.0
1673403000.0,493945000.0,127247000.0,410296000.0,891723000.0,518311000.0,317650000.0,1053879000.0,186469000.0,312057000.0,19668000.0,166801000.0,142144000.0,VRDS,2022,213542000.0,288892000.0
,,,,,,,,,,,,,VRDS,2021,,
6451000000.0,1616000000.0,476000000.0,1935000000.0,2835000000.0,2209000000.0,2041000000.0,4244000000.0,823000000.0,1784000000.0,109000000.0,714000000.0,564000000.0,CEL,2025,612000000.0,942000000.0
6504000000.0,1558000000.0,371000000.0,2083000000.0,2452000000.0,2660000000.0,1658000000.0,4444000000.0,364000000.0,1308000000.0,131000000.0,233000000.0,173000000.0,CEL,2024,697000000.0,1348000000.0
6620000000.0,1635000000.0,473000000.0,1981000000.0,2263000000.0,2990000000.0,1469000000.0,4398000000.0,337000000.0,1215000000.0,147000000.0,190000000.0,134000000.0,CEL,2023,596000000.0,1739000000.0
6998000000.0,2012000000.0,773000000.0,1924000000.0,2104000000.0,3610000000.0,1310000000.0,4300000000.0,367000000.0,1197000000.0,165000000.0,202000000.0,157000000.0,CEL,2022,587000000.0,2317000000.0
,,,,,,,,,,,,,CEL,2021,,
3583255000.0,2165817000.0,1280121000.0,1330331000.0,1353263000.0,592264000.0,1105586000.0,2627124000.0,180471000.0,332985000.0,30428000.0,150043000.0,606479000.0,FORTY,2025,254595000.0,186965000.0
3014896000.0,1487045000.0,507799000.0,1138476000.0,679338000.0,644213000.0,536014000.0,2218434000.0,187210000.0,302705000.0,26268000.0,160942000.0,79670000.0,FORTY,2024,228564000.0,250823000.0
2812601000.0,1375856000.0,451946000.0,985663000.0,625762000.0,669989000.0,475219000.0,2110447000.0,161897000.0,283729000.0,27870000.0,134027000.0,64014000.0,FORTY,2023,218858000.0,322428000.0
2793955000.0,1371499000.0,544342000.0,1000987000.0,551875000.0,772144000.0,419448000.0,2572357000.0,275144000.0,390452000.0,18434000.0,256710000.0,81393000.0,FORTY,2022,226175000.0,421506000.0
,,,,,,,,,,,,,FORTY,2021,,
5090777000.0,533922000.0,32722000.0,228809000.0,2965293000.0,1690546000.0,1478905000.0,229596000.0,736912000.0,736912000.0,50543000.0,686369000.0,543079000.0,GNRS,2025,199567000.0,1490979000.0
4240213000.0,583691000.0,50297000.0,183184000.0,2198386000.0,1758491000.0,1000826000.0,106973000.0,148665000.0,148665000.0,45280000.0,103385000.0,90112000.0,GNRS,2024,159131000.0,1599360000.0
4052839000.0,171660000.0,95999000.0,159941000.0,2082728000.0,1717961000.0,910714000.0,121807000.0,378762000.0,378762000.0,33587000.0,345175000.0,277202000.0,GNRS,2023,153860000.0,1564101000.0
3481100000.0,256121000.0,253239000.0,85831000.0,1805526000.0,1481760000.0,633512000.0,103886000.0,223347000.0,223347000.0,19342000.0,204005000.0,175449000.0,GNRS,2022,70113000.0,1411647000.0
,,,,,,,,,,,,,GNRS,2021,,
713934000.0,257749000.0,143095000.0,114473000.0,249784000.0,205595000.0,,275148000.0,44375000.0,62518000.0,14163000.0,30212000.0,17718000.0,TRPZ,2025,51951000.0,127344000.0
390750000.0,123719000.0,25926000.0,70136000.0,115101000.0,120255000.0,,188948000.0,27529000.0,39869000.0,6477000.0,21052000.0,13819000.0,TRPZ,2024,27772000.0,74146000.0
222028000.0,79782000.0,23817000.0,41463000.0,112393000.0,32203000.0,,127355000.0,18378000.0,26558000.0,2988000.0,15390000.0,12393000.0,TRPZ,2023,10977000.0,3675000.0
213406000.0,89913000.0,35675000.0,46674000.0,102684000.0,35099000.0,,118556000.0,27322000.0,33660000.0,1505000.0,25817000.0,21174000.0,TRPZ,2022,12036000.0,4532000.0
,,,,,,,,,,,,,TRPZ,2021,,
852638000.0,620164000.0,319538000.0,274418000.0,231015000.0,337625000.0,-19635000.0,400433000.0,47182000.0,72669000.0,12616000.0,34566000.0,35516000.0,NYAX,2025,3220000.0,324529000.0
432893000.0,287657000.0,83130000.0,219478000.0,165245000.0,54904000.0,-63311000.0,314013000.0,2327000.0,23697000.0,6711000.0,-4384000.0,-5631000.0,NYAX,2024,29254000.0,18605000.0
323859000.0,203409000.0,38386000.0,203782000.0,97590000.0,55199000.0,-65585000.0,235491000.0,-10362000.0,2143000.0,4310000.0,-14672000.0,-15887000.0,NYAX,2023,48578000.0,327000.0
230488000.0,150460000.0,33880000.0,110207000.0,104635000.0,29518000.0,-56550000.0,173514000.0,-35735000.0,-26707000.0,1323000.0,-37058000.0,-37509000.0,NYAX,2022,12862000.0,8506000.0
,,,,,,,,,,,,,NYAX,2021,,
4240010000.0,1017549000.0,378974000.0,948487000.0,1552038000.0,1837918000.0,,4917556000.0,344190000.0,573546000.0,99372000.0,244818000.0,185363000.0,YHNF,2025,42569000.0,222047000.0
4185326000.0,932014000.0,346184000.0,940760000.0,1481377000.0,1865062000.0,,4603544000.0,374154000.0,594085000.0,90934000.0,283220000.0,210350000.0,YHNF,2024,53955000.0,264632000.0
3976547000.0,833576000.0,326572000.0,834351000.0,1404070000.0,1813824000.0,,4089872000.0,278671000.0,480651000.0,94299000.0,184372000.0,139306000.0,YHNF,2023,51016000.0,305187000.0
3796005000.0,796277000.0,330502000.0,755401000.0,1324898000.0,1780818000.0,,3724623000.0,244893000.0,419987000.0,76593000.0,168300000.0,126456000.0,YHNF,2022,50455000.0,343491000.0
,,,,,,,,,,,,,YHNF,2021,,
1413330000.0,189014000.0,29626000.0,161600000.0,607730000.0,436007000.0,103878000.0,514417000.0,172912000.0,231796000.0,20906000.0,152006000.0,115708000.0,ISRA,2025,41519000.0,394488000.0
1326693000.0,154247000.0,51042000.0,199649000.0,621565000.0,356414000.0,118304000.0,532850000.0,206407000.0,260092000.0,17733000.0,188674000.0,144844000.0,ISRA,2024,110086000.0,246328000.0
1291055000.0,188520000.0,50626000.0,188380000.0,586215000.0,396654000.0,83480000.0,476421000.0,188977000.0,238158000.0,16668000.0,172309000.0,132522000.0,ISRA,2023,109432000.0,287222000.0
1220619000.0,178024000.0,82373000.0,170625000.0,532425000.0,405309000.0,30970000.0,518690000.0,216757000.0,272049000.0,18569000.0,198188000.0,158553000.0,ISRA,2022,102069000.0,303240000.0
,,,,,,,,,,,,,ISRA,2021,,
2972815000.0,1716825000.0,442674000.0,1376192000.0,1263784000.0,269877000.0,1150156000.0,3010856000.0,359411000.0,481138000.0,16487000.0,342924000.0,261375000.0,HLAN,2025,20000000.0,10000000.0
3107122000.0,1804939000.0,343005000.0,1595447000.0,1139616000.0,302137000.0,1001109000.0,2838589000.0,336663000.0,450727000.0,16619000.0,320044000.0,246520000.0,HLAN,2024,22330000.0,30000000.0
2346401000.0,1255895000.0,300633000.0,1021571000.0,995637000.0,290309000.0,820608000.0,2588797000.0,290118000.0,396533000.0,10047000.0,280071000.0,216160000.0,HLAN,2023,24375000.0,50000000.0
2033907000.0,1072920000.0,186976000.0,951961000.0,833222000.0,253533000.0,660211000.0,2232859000.0,237951000.0,338486000.0,8614000.0,229337000.0,173513000.0,HLAN,2022,51431000.0,74375000.0
,,,,,,,,,,,,,HLAN,2021,,
1194237000.0,184833000.0,88529000.0,88243000.0,499317000.0,520085000.0,178479000.0,335044000.0,193968000.0,223455000.0,36860000.0,157108000.0,125286000.0,RATI,2025,33282000.0,486803000.0
1185992000.0,231321000.0,111375000.0,59311000.0,503158000.0,527934000.0,183193000.0,375910000.0,230777000.0,259202000.0,49387000.0,181390000.0,139444000.0,RATI,2024,18121000.0,509813000.0
1163108000.0,230756000.0,87524000.0,82806000.0,423712000.0,598224000.0,103747000.0,362294000.0,227305000.0,253918000.0,60927000.0,166378000.0,126817000.0,RATI,2023,28766000.0,569458000.0
1118530000.0,232905000.0,91253000.0,108692000.0,350417000.0,663222000.0,30452000.0,379944000.0,250456000.0,280130000.0,53760000.0,196696000.0,149546000.0,RATI,2022,72456000.0,590766000.0
,,,,,,,,,,,,,RATI,2021,,
2049518000.0,1078051000.0,293754000.0,910961000.0,594910000.0,826816000.0,282015000.0,1472167000.0,143222000.0,217168000.0,42260000.0,100962000.0,66063000.0,RMON,2025,381318000.0,343124000.0
1554975000.0,863435000.0,368657000.0,657028000.0,529189000.0,647553000.0,215952000.0,910792000.0,98388000.0,143124000.0,26233000.0,72155000.0,60021000.0,RMON,2024,303497000.0,304242000.0
1123659000.0,530917000.0,134752000.0,442257000.0,503184000.0,325489000.0,188531000.0,748934000.0,95344000.0,129832000.0,15987000.0,79357000.0,63878000.0,RMON,2023,205872000.0,82597000.0
980157000.0,552753000.0,262184000.0,359542000.0,476887000.0,260667000.0,150153000.0,460925000.0,74539000.0,97565000.0,9755000.0,64784000.0,51765000.0,RMON,2022,161679000.0,92573000.0
,,,,,,,,,,,,,RMON,2021,,
2704335000.0,1826903000.0,641944000.0,1477797000.0,993501000.0,318685000.0,,4650802000.0,374983000.0,502048000.0,19093000.0,355890000.0,262760000.0,ONE,2025,112079000.0,43103000.0
2343109000.0,1500580000.0,429177000.0,1353726000.0,735677000.0,362652000.0,,4000500000.0,334187000.0,453859000.0,18531000.0,315656000.0,230121000.0,ONE,2024,128979000.0,60583000.0
2126890000.0,1281957000.0,335614000.0,1158749000.0,659891000.0,426247000.0,,3695303000.0,267773000.0,376448000.0,19366000.0,248407000.0,181931000.0,ONE,2023,132791000.0,100692000.0
1973244000.0,1146545000.0,315252000.0,1016717000.0,608134000.0,461797000.0,,3210149000.0,240775000.0,348744000.0,16218000.0,224557000.0,163454000.0,ONE,2022,157380000.0,145678000.0
,,,,,,,,,,,,,ONE,2021,,
1366711000.0,507205000.0,161847000.0,342662000.0,282374000.0,810347000.0,250587000.0,1427083000.0,241495000.0,334199000.0,64460000.0,177035000.0,124917000.0,MAXO,2025,12480000.0,20218000.0
1286035000.0,461608000.0,97149000.0,294380000.0,270941000.0,794579000.0,235675000.0,1331219000.0,191253000.0,279943000.0,30718000.0,160535000.0,108763000.0,MAXO,2024,17657000.0,31765000.0
1109147000.0,389957000.0,128857000.0,263593000.0,221702000.0,688222000.0,186912000.0,1119156000.0,149775000.0,226704000.0,27505000.0,122270000.0,81008000.0,MAXO,2023,14424000.0,20504000.0
995323000.0,341034000.0,80534000.0,211359000.0,202067000.0,644875000.0,165904000.0,1048801000.0,123735000.0,188561000.0,19096000.0,104639000.0,64163000.0,MAXO,2022,25395000.0,22167000.0
,,,,,,,,,,,,,MAXO,2021,,
1105921000.0,120036000.0,84647000.0,136476000.0,259833000.0,542034000.0,-5340000.0,9347000.0,12205000.0,22777000.0,8376000.0,3829000.0,-4231000.0,ECNR,2025,36634000.0,461153000.0
783672000.0,220239000.0,182028000.0,198462000.0,161255000.0,524664000.0,-1109000.0,2585000.0,28552000.0,36041000.0,4350000.0,24202000.0,19923000.0,ECNR,2024,163343000.0,335200000.0
372138000.0,76806000.0,52412000.0,155134000.0,114114000.0,205378000.0,-21032000.0,1099000.0,-9938000.0,-8978000.0,2394000.0,-12332000.0,-11287000.0,ECNR,2023,131501000.0,62762000.0
201574000.0,32599000.0,20017000.0,15072000.0,100737000.0,70060000.0,-9745000.0,1817000.0,4809000.0,5492000.0,2515000.0,2294000.0,2370000.0,ECNR,2022,,60784000.0
,,,,,,,,,,,,,ECNR,2021,,
7870952000.0,6522708000.0,226816000.0,4900444000.0,1612320000.0,3321700000.0,729181000.0,1904524000.0,484755000.0,493517000.0,114526000.0,370229000.0,280748000.0,AURA,2025,2385723000.0,919787000.0
5835344000.0,4497064000.0,109921000.0,3773233000.0,1243642000.0,2343921000.0,488433000.0,1707262000.0,448880000.0,455166000.0,94779000.0,354101000.0,332813000.0,AURA,2024,1633405000.0,692951000.0
3142124000.0,2659733000.0,104500000.0,1974389000.0,882030000.0,1360494000.0,202261000.0,1143296000.0,279266000.0,283657000.0,89424000.0,189842000.0,144944000.0,AURA,2023,1156671000.0,196664000.0
2599356000.0,2222041000.0,67261000.0,1786531000.0,652638000.0,845626000.0,102575000.0,849015000.0,211484000.0,214602000.0,38651000.0,172833000.0,140538000.0,AURA,2022,738539000.0,106220000.0
,,,,,,,,,,,,,AURA,2021,,
2079018000.0,860726000.0,133973000.0,644244000.0,872612000.0,657539000.0,678210000.0,2118914000.0,168966000.0,257161000.0,43635000.0,125331000.0,84891000.0,DELG,2025,151821000.0,179729000.0
1880258000.0,855078000.0,120509000.0,571945000.0,779409000.0,521090000.0,625912000.0,2045666000.0,165214000.0,239975000.0,40829000.0,124385000.0,86410000.0,DELG,2024,52750000.0,188875000.0
1788587000.0,831043000.0,174463000.0,481671000.0,737886000.0,549139000.0,571846000.0,1857682000.0,145736000.0,220407000.0,38735000.0,107001000.0,79210000.0,DELG,2023,54524000.0,237286000.0
1850670000.0,966498000.0,126649000.0,611287000.0,682068000.0,614780000.0,517751000.0,2031541000.0,183268000.0,255519000.0,35488000.0,147780000.0,109476000.0,DELG,2022,139517000.0,263120000.0
,,,,,,,,,,,,,DELG,2021,,
5463175000.0,686736000.0,246896000.0,439044000.0,1682875000.0,3235873000.0,-61883000.0,286129000.0,-49236000.0,31323000.0,133565000.0,-182801000.0,-200508000.0,SBEN,2025,188372000.0,2743074000.0
5395932000.0,532329000.0,248655000.0,549496000.0,1942015000.0,2891361000.0,139448000.0,190420000.0,365346000.0,423061000.0,129230000.0,236116000.0,172787000.0,SBEN,2024,340648000.0,2287503000.0
4758080000.0,474686000.0,228458000.0,247118000.0,1674750000.0,2620497000.0,-33339000.0,118227000.0,409345000.0,466483000.0,150097000.0,259248000.0,159550000.0,SBEN,2023,106267000.0,2275333000.0
4810025000.0,585113000.0,385453000.0,416692000.0,1689228000.0,2647196000.0,-192889000.0,142436000.0,245502000.0,284526000.0,144422000.0,101080000.0,52952000.0,SBEN,2022,254082000.0,2153455000.0
,,,,,,,,,,,,,SBEN,2021,,
10039786000.0,3842804000.0,895652000.0,2862137000.0,1755750000.0,5934256000.0,1084737000.0,7079042000.0,651629000.0,1501473000.0,247928000.0,403701000.0,229268000.0,FOX,2025,702135000.0,1080420000.0
8733774000.0,3547481000.0,1055842000.0,2547435000.0,1762815000.0,4774297000.0,1039180000.0,6422096000.0,735835000.0,1483312000.0,211443000.0,524392000.0,290983000.0,FOX,2024,586977000.0,693792000.0
7705562000.0,3590222000.0,1013397000.0,2026131000.0,1588160000.0,4166785000.0,854397000.0,5384222000.0,436376000.0,1049059000.0,150825000.0,285551000.0,149200000.0,FOX,2023,367686000.0,875484000.0
6951176000.0,3386008000.0,699259000.0,1968705000.0,1538214000.0,3434991000.0,827653000.0,4842732000.0,448586000.0,975245000.0,89775000.0,358811000.0,213383000.0,FOX,2022,339507000.0,565268000.0
,,,,,,,,,,,,,FOX,2021,,
9600611000.0,5785571000.0,1007404000.0,3940336000.0,2598551000.0,2446299000.0,,8019229000.0,603536000.0,734899000.0,85197000.0,518339000.0,260411000.0,LAPD,2025,1299837000.0,936678000.0
8526536000.0,5519408000.0,1151913000.0,3828873000.0,2340917000.0,1981865000.0,1228993000.0,7670797000.0,644449000.0,756162000.0,87895000.0,556554000.0,272018000.0,LAPD,2024,1123916000.0,684643000.0
7635487000.0,4776102000.0,1055639000.0,3405137000.0,2009396000.0,1950584000.0,,7093305000.0,562610000.0,663572000.0,71360000.0,491250000.0,240151000.0,LAPD,2023,920037000.0,887082000.0
7628932000.0,5233086000.0,976806000.0,3472117000.0,1809148000.0,2170838000.0,,6527642000.0,635168000.0,725428000.0,70670000.0,564498000.0,233348000.0,LAPD,2022,1007619000.0,1038307000.0
,,,,,,670588000.0,,,,,,,LAPD,2021,,
2700337000.0,1421502000.0,294598000.0,404728000.0,2218315000.0,38240000.0,2197096000.0,2239742000.0,360306000.0,408288000.0,1847000.0,358459000.0,282201000.0,SANO1,2025,,0.0
2523104000.0,1420715000.0,358788000.0,437356000.0,2010319000.0,39031000.0,1980771000.0,2273947000.0,344651000.0,390599000.0,2097000.0,342554000.0,263466000.0,SANO1,2024,,456000.0
2368168000.0,1469411000.0,522844000.0,389736000.0,1899317000.0,40113000.0,1861204000.0,2129458000.0,309550000.0,350445000.0,1326000.0,308224000.0,237557000.0,SANO1,2023,0.0,481000.0
2152994000.0,1414858000.0,327479000.0,385582000.0,1698208000.0,41772000.0,1663742000.0,1912614000.0,188717000.0,232468000.0,1335000.0,187382000.0,143989000.0,SANO1,2022,12892000.0,450000.0
,,,,,,,,,,,,,SANO1,2021,11726000.0,
4614946000.0,1731199000.0,729046000.0,1995654000.0,529417000.0,2182634000.0,376060000.0,7840184000.0,365924000.0,704302000.0,79640000.0,286284000.0,208135000.0,RMLI,2025,0.0,0.0
4287662000.0,1674878000.0,878104000.0,1814860000.0,543695000.0,2013919000.0,360802000.0,7383222000.0,407978000.0,724602000.0,74693000.0,333285000.0,241174000.0,RMLI,2024,3549000.0,10159000.0
4196657000.0,1619811000.0,789224000.0,1694190000.0,550269000.0,2020323000.0,352662000.0,7181901000.0,351038000.0,643803000.0,71943000.0,279095000.0,199356000.0,RMLI,2023,6574000.0,4420000.0
4076712000.0,1548727000.0,772092000.0,1608818000.0,552679000.0,1988371000.0,356841000.0,7042166000.0,320503000.0,599571000.0,62719000.0,257784000.0,173270000.0,RMLI,2022,12369000.0,2523000.0
,,,,,,,,,,,,,RMLI,2021,,
105652000.0,78298000.0,12202000.0,10507000.0,77099000.0,13726000.0,-190136000.0,0.0,-42159000.0,-40927000.0,347000.0,-42506000.0,-42627000.0,DRTS,2025,,6352000.0
86204000.0,64229000.0,13724000.0,8675000.0,62666000.0,12536000.0,-147509000.0,0.0,-31441000.0,-30339000.0,303000.0,-31744000.0,-31750000.0,DRTS,2024,,5561000.0
107388000.0,85756000.0,12657000.0,7102000.0,84475000.0,13276000.0,-115759000.0,0.0,-29066000.0,-27992000.0,75000.0,-29141000.0,-29157000.0,DRTS,2023,,5610000.0
120149000.0,106477000.0,5836000.0,4338000.0,105657000.0,5193000.0,-86602000.0,0.0,-33742000.0,-32763000.0,0.0,-33742000.0,-33762000.0,DRTS,2022,,
,,,,,,,,,,,,,DRTS,2021,,
147031000.0,101525000.0,41583000.0,59009000.0,74865000.0,21648000.0,41273000.0,136322000.0,41168000.0,44329000.0,785000.0,40383000.0,36479000.0,TLSY,2025,8135000.0,11567000.0
114070000.0,67950000.0,22443000.0,30271000.0,77369000.0,9587000.0,44802000.0,106004000.0,32221000.0,38875000.0,752000.0,31469000.0,26244000.0,TLSY,2024,2742000.0,4113000.0
115145273.029002,66299554.829703,17706977.846851,34461449.305903,69309064.088718,7996733.661723,50265521.692174,148820000.0,53156000.0,58691000.0,764000.0,52392000.0,34821000.0,TLSY,2023,4729341.727471,0.0
126052780.93076,71055334.846765,17622587.968218,50632519.863791,64219069.239501,4029795.68672,59309591.373439,122869750.283768,38648978.433598,43644721.906924,433314.415437,38215664.018161,25268444.948922,TLSY,2022,0.0,0.0
,,,,,,,,,,,,,TLSY,2021,,
2508142000.0,1934735000.0,423127000.0,556018000.0,1262684000.0,991464000.0,722303000.0,2070212000.0,245649000.0,291244000.0,41315000.0,204334000.0,154035000.0,SCOP,2025,366390000.0,607443000.0
2234959000.0,1643545000.0,234549000.0,675400000.0,1106373000.0,897974000.0,627739000.0,1803849000.0,225194000.0,270161000.0,36172000.0,189022000.0,142903000.0,SCOP,2024,506062000.0,376014000.0
2120979000.0,1538137000.0,289579000.0,524883000.0,984826000.0,924819000.0,484322000.0,1637805000.0,236521000.0,276603000.0,33811000.0,202710000.0,153906000.0,SCOP,2023,369563000.0,539021000.0
2115947000.0,1583758000.0,448914000.0,519301000.0,805470000.0,1077898000.0,331065000.0,1647194000.0,315764000.0,350921000.0,33308000.0,282456000.0,214421000.0,SCOP,2022,334587000.0,724588000.0
,,,,,,,,,,,,,SCOP,2021,,
2142645000.0,1043483000.0,130091000.0,355957000.0,1229647000.0,452304000.0,640945000.0,1398654000.0,234373000.0,340409000.0,13396000.0,220977000.0,156129000.0,INRM,2025,12800000.0,195210000.0
2034839000.0,980277000.0,124167000.0,505921000.0,1138559000.0,424665000.0,554669000.0,1115223000.0,173454000.0,252742000.0,16964000.0,156490000.0,109628000.0,INRM,2024,146302000.0,41600000.0
1415870000.0,792849000.0,136401000.0,347900000.0,811028000.0,326706000.0,481969000.0,1119134000.0,270594000.0,329169000.0,14531000.0,256063000.0,192972000.0,INRM,2023,101196000.0,54400000.0
1275258000.0,691731000.0,14631000.0,392777000.0,645224000.0,343083000.0,323503000.0,1194015000.0,180682000.0,236128000.0,11785000.0,168897000.0,129069000.0,INRM,2022,119359000.0,73200000.0
,,,,,,,,,,,,,INRM,2021,,
2116336000.0,1271055000.0,282642000.0,810489000.0,660321000.0,764412000.0,416333000.0,1683328000.0,126023000.0,189255000.0,41358000.0,84665000.0,76966000.0,AFHL,2025,145146000.0,550739000.0
1948282000.0,1152663000.0,176649000.0,918048000.0,529424000.0,662512000.0,359367000.0,1783953000.0,89979000.0,146484000.0,37946000.0,52033000.0,59798000.0,AFHL,2024,181830000.0,422060000.0
1863569000.0,1149338000.0,185043000.0,924448000.0,450869000.0,627341000.0,299569000.0,2154709000.0,40001000.0,95767000.0,40231000.0,-230000.0,-8563000.0,AFHL,2023,168815000.0,413757000.0
1862606000.0,1188029000.0,222670000.0,924364000.0,455722000.0,653630000.0,307980000.0,2093575000.0,-976000.0,46347000.0,39342000.0,-40318000.0,-53824000.0,AFHL,2022,197611000.0,410218000.0
,,,,,,,,,,,,,AFHL,2021,,
395805000.0,46058000.0,27839000.0,3022000.0,262315000.0,117303000.0,250462000.0,883000.0,44286000.0,44438000.0,2665000.0,41621000.0,37368000.0,PRTC,2025,0.0,117303000.0
317240000.0,2704000.0,1896000.0,44326000.0,241826000.0,64937000.0,213094000.0,787000.0,36517000.0,36699000.0,1005000.0,35512000.0,32483000.0,PRTC,2024,40952000.0,23985000.0
308161000.0,8099000.0,3095000.0,2544000.0,234702000.0,64988000.0,185439000.0,670000.0,27256000.0,27446000.0,986000.0,26270000.0,23516000.0,PRTC,2023,0.0,64988000.0
285439000.0,16450000.0,8266000.0,2302000.0,212448000.0,66073000.0,161786000.0,659000.0,45167000.0,45374000.0,1021000.0,44146000.0,37503000.0,PRTC,2022,,66073000.0
,,,,,,,,,,,,,PRTC,2021,,
3270935000.0,2490625000.0,384342000.0,2007825000.0,908490000.0,157832000.0,293748000.0,6510415000.0,222719000.0,333475000.0,6585000.0,216134000.0,168560000.0,DNYA,2025,79000.0,
2739106000.0,2331623000.0,728571000.0,1880375000.0,766986000.0,130031000.0,290798000.0,6025593000.0,228117000.0,316245000.0,4597000.0,223520000.0,173635000.0,DNYA,2024,9657000.0,
2487007000.0,2130832000.0,645019000.0,1655456000.0,759210000.0,109975000.0,283305000.0,5415466000.0,260352000.0,336105000.0,5289000.0,255063000.0,196051000.0,DNYA,2023,21479000.0,
2297570000.0,1904307000.0,464957000.0,1529074000.0,704899000.0,84096000.0,248903000.0,4486210000.0,231278000.0,300774000.0,1878000.0,229400000.0,175310000.0,DNYA,2022,13552000.0,
,,,,,,,,,,,,,DNYA,2021,,0.0
27104000000.0,12056000000.0,1987000000.0,13359000000.0,2093000000.0,12663000000.0,2714000000.0,22590000000.0,784000000.0,1746000000.0,562000000.0,222000000.0,19000000.0,ELCO,2025,4536000000.0,4791000000.0
26047000000.0,10811000000.0,1752000000.0,10837000000.0,2106000000.0,12381000000.0,2595000000.0,20461000000.0,430000000.0,1344000000.0,505000000.0,-75000000.0,-118000000.0,ELCO,2024,2950000000.0,6098000000.0
23979000000.0,9811000000.0,1150000000.0,10476000000.0,2248000000.0,10453000000.0,2724000000.0,18455000000.0,101000000.0,988000000.0,416000000.0,-315000000.0,-289000000.0,ELCO,2023,2762000000.0,5085000000.0
22852228000.0,9040880000.0,1325243000.0,9485374000.0,2581028000.0,9342227000.0,3080630000.0,18626000000.0,1580000000.0,2355000000.0,290000000.0,1290000000.0,429000000.0,ELCO,2022,2380401000.0,4422961000.0
,,,,,,,,,,,,,ELCO,2021,,
335513000.0,220460000.0,138357000.0,119782000.0,200835000.0,5691000.0,201543000.0,269679000.0,114881000.0,131051000.0,474000.0,114407000.0,98642000.0,BGRA,2025,,
236877000.0,147888000.0,90037000.0,120671000.0,104240000.0,5112000.0,104901000.0,173577000.0,72233000.0,83187000.0,421000.0,71812000.0,61887000.0,BGRA,2024,,
,,,,,,,106030000.0,24424000.0,32060000.0,562000.0,23862000.0,19901000.0,BGRA,2023,,
8408787000.0,4358201000.0,135564000.0,4164512000.0,2367795000.0,4462788000.0,935863000.0,1879394000.0,515090000.0,517020000.0,211352000.0,303738000.0,240175000.0,AZRM,2025,2781474000.0,1681314000.0
7703792000.0,3904036000.0,192079000.0,3557815000.0,2236429000.0,3717078000.0,735503000.0,1751922000.0,382708000.0,384720000.0,161234000.0,221474000.0,170485000.0,AZRM,2024,1957846000.0,1759232000.0
6859187000.0,3148582000.0,122791000.0,2838657000.0,2066540000.0,3018495000.0,565956000.0,1474321000.0,385124000.0,387568000.0,129368000.0,255756000.0,174587000.0,AZRM,2023,1194489000.0,1824006000.0
6919983000.0,3313592000.0,274555000.0,2956905000.0,1879561000.0,2722334000.0,389935000.0,1104256000.0,296646000.0,299384000.0,85663000.0,210983000.0,171543000.0,AZRM,2022,710154000.0,2012180000.0
,,,,,,,,,,,,,AZRM,2021,,
2572057000.0,450874000.0,55720000.0,903562000.0,1275131000.0,742548000.0,887833000.0,1556509000.0,22409000.0,162980000.0,30413000.0,-8004000.0,-2006000.0,DANH,2025,516294000.0,38028000.0
2348990000.0,266432000.0,32623000.0,620730000.0,1290626000.0,568862000.0,888953000.0,1497264000.0,107424000.0,243171000.0,28829000.0,78595000.0,68366000.0,DANH,2024,300113000.0,88322000.0
2369282000.0,214536000.0,51271000.0,601082000.0,1221621000.0,680380000.0,818670000.0,1615580000.0,190758000.0,319897000.0,35799000.0,154959000.0,123199000.0,DANH,2023,294383000.0,191108000.0
2451529000.0,295607000.0,22486000.0,682347000.0,1113700000.0,849884000.0,712671000.0,1465228000.0,160771000.0,283502000.0,28445000.0,132326000.0,102315000.0,DANH,2022,352385000.0,294789000.0
,,,,,,,,,,,,,DANH,2021,,
5436321000.0,433751000.0,228438000.0,304657000.0,3776065000.0,790070000.0,3429140000.0,355490000.0,435034000.0,454821000.0,37994000.0,397040000.0,308233000.0,VILR,2025,134652000.0,652944000.0
5039626000.0,395899000.0,198056000.0,544898000.0,3513294000.0,701689000.0,3160170000.0,328455000.0,488934000.0,507933000.0,30209000.0,458725000.0,354625000.0,VILR,2024,364565000.0,332409000.0
4449770000.0,240392000.0,190629000.0,239829000.0,3194620000.0,591420000.0,2877965000.0,312249000.0,341882000.0,363030000.0,24628000.0,317254000.0,246662000.0,VILR,2023,154382000.0,430175000.0
4004159000.0,230878000.0,185995000.0,224128000.0,2954816000.0,446036000.0,2656991000.0,279971000.0,555216000.0,571870000.0,19424000.0,535792000.0,419948000.0,VILR,2022,157695000.0,282119000.0
,,,,,,,,,,,,,VILR,2021,,
2443246000.0,1424054000.0,349746000.0,1145434000.0,732872000.0,881289000.0,584791000.0,1911291000.0,117376000.0,131903000.0,56375000.0,61001000.0,54270000.0,BSTG,2025,350654000.0,501553000.0
2187430000.0,1173783000.0,306444000.0,973195000.0,707160000.0,784769000.0,543021000.0,1538954000.0,151947000.0,164710000.0,45787000.0,106160000.0,84143000.0,BSTG,2024,347120000.0,409947000.0
,,,,,,,1309980000.0,137897000.0,147340000.0,33734000.0,104163000.0,84510000.0,BSTG,2023,,
1240572000.0,714264000.0,70743000.0,360749000.0,326261000.0,582246000.0,58235000.0,1011803000.0,245179000.0,261366000.0,9638000.0,235541000.0,124336000.0,MRIN,2025,136227000.0,435059000.0
762522000.0,349039000.0,52455000.0,249474000.0,280822000.0,264150000.0,59095000.0,783335000.0,157228000.0,173056000.0,10125000.0,147103000.0,78271000.0,MRIN,2024,104003000.0,149412000.0
694732000.0,343417000.0,71954000.0,132547000.0,268153000.0,256045000.0,46825000.0,648534000.0,132503000.0,144628000.0,10575000.0,121928000.0,66429000.0,MRIN,2023,32126000.0,212493000.0
711726000.0,386715000.0,187062000.0,162518000.0,238813000.0,272811000.0,17182000.0,497853000.0,74954000.0,84166000.0,5303000.0,69651000.0,41460000.0,MRIN,2022,17406000.0,243094000.0
,,,,,,,,,,,,,MRIN,2021,,
7342307000.0,2605146000.0,46333000.0,3195656000.0,1604903000.0,4254863000.0,,6389741000.0,500057000.0,801318000.0,190917000.0,309140000.0,248913000.0,DRAL,2025,1804673000.0,944770000.0
6178997000.0,2112356000.0,46001000.0,2470248000.0,1452288000.0,3453354000.0,,6760063000.0,297186000.0,595222000.0,161774000.0,135412000.0,127838000.0,DRAL,2024,1187441000.0,811834000.0
5870124000.0,2023442000.0,46541000.0,2359814000.0,1322287000.0,3400841000.0,,7444596000.0,216293000.0,509010000.0,172762000.0,43531000.0,66436000.0,DRAL,2023,1213782000.0,756460000.0
6778332000.0,3066939000.0,125995000.0,3136163000.0,1350617000.0,3969807000.0,,8164538000.0,210880000.0,500290000.0,164130000.0,46750000.0,26561000.0,DRAL,2022,1658481000.0,953518000.0
,,,,,,,,,,,,,DRAL,2021,,
2825389000.0,532969000.0,15535000.0,560820000.0,2044170000.0,464815000.0,1720238000.0,69645000.0,201983000.0,202174000.0,24355000.0,177628000.0,154728000.0,RLRE,2024,355305000.0,109510000.0
2484005000.0,450814000.0,16650000.0,367863000.0,1885775000.0,403701000.0,1565510000.0,73742000.0,137649000.0,137942000.0,21573000.0,116076000.0,107850000.0,RLRE,2023,256097000.0,147604000.0
,,,,,,,64639000.0,27188000.0,27416000.0,8524000.0,18664000.0,44895000.0,RLRE,2022,,
6913884000.0,3443560000.0,74125000.0,3548887000.0,2194619000.0,3968439000.0,1853257000.0,979686000.0,250410000.0,261060000.0,11630000.0,238780000.0,208219000.0,PRSK,2025,2969980000.0,979932000.0
5685742000.0,2774618000.0,32084000.0,2721683000.0,1974328000.0,2913151000.0,1645038000.0,625817000.0,231624000.0,241480000.0,1285000.0,230339000.0,210954000.0,PRSK,2024,2090794000.0,814876000.0
5012293000.0,2144607000.0,31057000.0,2582400000.0,1799122000.0,2328878000.0,1473885000.0,374894000.0,202017000.0,211347000.0,303000.0,201714000.0,154884000.0,PRSK,2023,1860207000.0,461776000.0
4784926000.0,2109889000.0,90675000.0,2012125000.0,1649425000.0,1894223000.0,1334802000.0,715231000.0,373961000.0,383845000.0,413000.0,373548000.0,309111000.0,PRSK,2022,943129000.0,943397000.0
,,,,,,,,,,,,,PRSK,2021,,
6530699000.0,3961319000.0,122159000.0,3560059000.0,1484955000.0,4128478000.0,1020172000.0,1581961000.0,356165000.0,372592000.0,139602000.0,216563000.0,156507000.0,AMRM,2025,2777026000.0,1351452000.0
5240617000.0,3174181000.0,48425000.0,3053782000.0,1201143000.0,3109302000.0,863665000.0,1080283000.0,258799000.0,270040000.0,100728000.0,158071000.0,115094000.0,AMRM,2024,2231975000.0,877327000.0
4137482000.0,2889532000.0,28618000.0,2761108000.0,795859000.0,2918299000.0,768571000.0,788807000.0,266382000.0,273120000.0,45958000.0,220424000.0,149553000.0,AMRM,2023,2434427000.0,483872000.0
,,,,,,,1012205000.0,439976000.0,444685000.0,83700000.0,356276000.0,264434000.0,AMRM,2022,,
91391000.0,69537000.0,36319000.0,15636000.0,73074000.0,1271000.0,15113000.0,45674000.0,11412000.0,12947000.0,82000.0,11330000.0,10266000.0,RPOL,2025,,
24183000.0,21999000.0,5206000.0,8651000.0,14551000.0,1114000.0,10536000.0,29702000.0,6625000.0,7103000.0,88000.0,6537000.0,5635000.0,RPOL,2024,,
,,,,,,,23322000.0,7548000.0,7967000.0,75000.0,7473000.0,6482000.0,RPOL,2023,,
12346573000.0,5947870000.0,50763000.0,7509309000.0,2283952000.0,7774747000.0,1119779000.0,8360833000.0,779231000.0,1501709000.0,347747000.0,431484000.0,327139000.0,CRSM,2025,5290276000.0,2138955000.0
9855578000.0,4544378000.0,129828000.0,5801195000.0,1934689000.0,6262017000.0,792640000.0,6441262000.0,605736000.0,1228564000.0,241692000.0,364044000.0,270922000.0,CRSM,2024,4213757000.0,1817171000.0
7101418000.0,2531135000.0,101731000.0,3098102000.0,1880546000.0,4449751000.0,751824000.0,4694717000.0,451265000.0,961771000.0,187836000.0,263429000.0,200188000.0,CRSM,2023,2372333000.0,1877717000.0
5565133000.0,1705734000.0,105471000.0,2253558000.0,1894285000.0,2809284000.0,775833000.0,3548530000.0,562516000.0,1009896000.0,72534000.0,489982000.0,380016000.0,CRSM,2022,1428540000.0,1191806000.0
,,,,,,,,,,,,,CRSM,2021,,
1313851000.0,556540000.0,202925000.0,360920000.0,528607000.0,500629000.0,176635000.0,1299070000.0,221032000.0,328790000.0,24653000.0,196379000.0,151627000.0,DLTI,2025,,
1162734000.0,547230000.0,125930000.0,360371000.0,470577000.0,369654000.0,111475000.0,1188117000.0,227454000.0,319075000.0,19226000.0,208228000.0,158727000.0,DLTI,2024,,
1195648000.0,675636000.0,346909000.0,315722000.0,571781000.0,373464000.0,215362000.0,945878000.0,162466000.0,240886000.0,12762000.0,149704000.0,116051000.0,DLTI,2023,,
960177000.0,621780000.0,104080000.0,252952000.0,508255000.0,233039000.0,142999000.0,918766000.0,136419000.0,211227000.0,9045000.0,127374000.0,96866000.0,DLTI,2022,,
,,,,,,,,,,,,,DLTI,2021,,
2377859000.0,2055104000.0,24483000.0,776141000.0,1532733000.0,285682000.0,1421234000.0,5222181000.0,325872000.0,377267000.0,12430000.0,313442000.0,226991000.0,NTML,2025,234253000.0,1382000.0
2075907000.0,1720158000.0,38536000.0,551055000.0,1441561000.0,97950000.0,1316228000.0,4801083000.0,280059000.0,329778000.0,10266000.0,269793000.0,204145000.0,NTML,2024,36038000.0,1424000.0
1917461000.0,1563140000.0,6084000.0,553300000.0,1272181000.0,303926000.0,1155693000.0,4361424000.0,138091000.0,182933000.0,23427000.0,114664000.0,88282000.0,NTML,2023,234255000.0,846000.0
1915532000.0,1587660000.0,8297000.0,630124000.0,1184948000.0,445399000.0,1064582000.0,4194320000.0,182080000.0,220187000.0,13189000.0,168891000.0,127817000.0,NTML,2022,368336000.0,225000.0
,,,,,,,,,,,,,NTML,2021,,
1360787000.0,680959000.0,213427000.0,557117000.0,507556000.0,326895000.0,181367000.0,2904421000.0,208596000.0,248895000.0,21270000.0,187326000.0,116950000.0,DANE,2025,39175000.0,35267000.0
1312213000.0,684990000.0,251202000.0,543232000.0,452259000.0,363565000.0,145676000.0,2759238000.0,98050000.0,138390000.0,20989000.0,77061000.0,20509000.0,DANE,2024,53957000.0,60478000.0
1300168000.0,555938000.0,185149000.0,473713000.0,471438000.0,376071000.0,173478000.0,2499310000.0,64327000.0,102707000.0,18370000.0,45957000.0,-11223000.0,DANE,2023,34814000.0,87261000.0
1265931000.0,488980000.0,139981000.0,435299000.0,493169000.0,335481000.0,211664000.0,2363937000.0,167008000.0,206171000.0,10915000.0,156093000.0,115786000.0,DANE,2022,25579000.0,92799000.0
,,,,,,,,,,,,,DANE,2021,,
2003533000.0,855930000.0,321289000.0,747244000.0,943700000.0,602914000.0,-347718000.0,1577474000.0,61686000.0,186059000.0,27370000.0,34316000.0,27310000.0,ISHI,2025,312529000.0,161541000.0
1673410000.0,704791000.0,277605000.0,453885000.0,961892000.0,344145000.0,-355028000.0,1308444000.0,105946000.0,200390000.0,24196000.0,81750000.0,65685000.0,ISHI,2024,124225000.0,116062000.0
1739646000.0,930079000.0,268243000.0,499389000.0,927198000.0,423186000.0,-390713000.0,1531539000.0,138665000.0,229884000.0,18357000.0,120308000.0,96750000.0,ISHI,2023,185143000.0,142376000.0
1591507000.0,852036000.0,175219000.0,489462000.0,857216000.0,343743000.0,-452463000.0,1476352000.0,167490000.0,239379000.0,12287000.0,155203000.0,126395000.0,ISHI,2022,167033000.0,100842000.0
,,,,,,,,,,,,,ISHI,2021,,
2104301000.0,1588716000.0,133860000.0,1389641000.0,250047000.0,855696000.0,209289000.0,2042246000.0,110815000.0,150889000.0,71534000.0,39281000.0,29581000.0,ORON,2025,387015000.0,380954000.0
1612949000.0,1249249000.0,102941000.0,1023683000.0,238211000.0,676932000.0,199708000.0,1860108000.0,103809000.0,134305000.0,55908000.0,47901000.0,35780000.0,ORON,2024,323246000.0,286778000.0
1403935000.0,1111814000.0,106592000.0,980327000.0,214495000.0,586870000.0,178928000.0,1518770000.0,74775000.0,96955000.0,41203000.0,33572000.0,24642000.0,ORON,2023,374587000.0,178793000.0
1189848000.0,977656000.0,116496000.0,852750000.0,197747000.0,442757000.0,164286000.0,1207114000.0,58640000.0,75077000.0,19965000.0,38675000.0,29410000.0,ORON,2022,303877000.0,114445000.0
,,,,,,,,,,,,,ORON,2021,,
1201065000.0,113993000.0,60472000.0,130264000.0,447991000.0,642848000.0,365694000.0,299704000.0,101542000.0,146452000.0,36751000.0,64791000.0,49737000.0,TMRP,2025,54634000.0,588214000.0
1224241000.0,135361000.0,23224000.0,116070000.0,427776000.0,699001000.0,345978000.0,310443000.0,115101000.0,157045000.0,39764000.0,75337000.0,58564000.0,TMRP,2024,56154000.0,642847000.0
1222168000.0,143035000.0,32173000.0,101766000.0,392772000.0,751960000.0,311415000.0,277567000.0,106446000.0,144989000.0,42658000.0,63788000.0,49510000.0,TMRP,2023,52959000.0,699001000.0
1265949000.0,194487000.0,78654000.0,130926000.0,362258000.0,804296000.0,281905000.0,302194000.0,115179000.0,158890000.0,45586000.0,69593000.0,33822000.0,TMRP,2022,52336000.0,751960000.0
,,,,,,,,,,,,,TMRP,2021,,
5723520000.0,1264283000.0,468583000.0,620517000.0,1358163000.0,1398491000.0,1347360000.0,2461562000.0,662971000.0,881096000.0,30592000.0,632379000.0,222691000.0,NFTA,2025,133317000.0,1265174000.0
5953574000.0,1116658000.0,391449000.0,895427000.0,1225652000.0,1340604000.0,1125678000.0,2658980000.0,1042584000.0,1268839000.0,49373000.0,993211000.0,337724000.0,NFTA,2024,434774000.0,905830000.0
5725689000.0,1110531000.0,382940000.0,865945000.0,1075813000.0,1543099000.0,958473000.0,2236785000.0,789452000.0,1002256000.0,60645000.0,728807000.0,166041000.0,NFTA,2023,461318000.0,1081781000.0
5563957000.0,1289293000.0,723355000.0,778468000.0,1203889000.0,1585528000.0,1121104000.0,2044027000.0,885032000.0,1096020000.0,68567000.0,816465000.0,233072000.0,NFTA,2022,420710000.0,1164818000.0
,,,,,,,,,,,,,NFTA,2021,,
1699977000.0,555798000.0,73538000.0,380086000.0,394337000.0,934641000.0,-49530000.0,129001000.0,19672000.0,25597000.0,23230000.0,-3558000.0,5318000.0,SOLR,2025,71849000.0,769264000.0
1524741000.0,386166000.0,61918000.0,477875000.0,222003000.0,992528000.0,-80501000.0,105720000.0,-50291000.0,-28193000.0,22604000.0,-72895000.0,-52431000.0,SOLR,2024,224635000.0,634588000.0
1355660000.0,278935000.0,152578000.0,96725000.0,289454000.0,934136000.0,-30576000.0,47671000.0,32739000.0,54469000.0,28179000.0,4560000.0,10181000.0,SOLR,2023,63522000.0,727471000.0
1034333000.0,137417000.0,69616000.0,74972000.0,158979000.0,786498000.0,-64943000.0,38694000.0,17056000.0,34561000.0,25188000.0,-8132000.0,-11148000.0,SOLR,2022,47921000.0,604259000.0
,,,,,,,,,,,,,SOLR,2021,,
1904330000.0,556595000.0,38866000.0,349967000.0,1243114000.0,196442000.0,726329000.0,896019000.0,95959000.0,145069000.0,9496000.0,86463000.0,63715000.0,ACKR,2025,112611000.0,46536000.0
1944990000.0,571277000.0,21401000.0,356943000.0,1235296000.0,149178000.0,711621000.0,902353000.0,175182000.0,220400000.0,8136000.0,167046000.0,123406000.0,ACKR,2024,29730000.0,74840000.0
1887630000.0,588049000.0,133861000.0,367593000.0,1150285000.0,184816000.0,637223000.0,1036962000.0,141772000.0,187676000.0,18249000.0,123523000.0,93500000.0,ACKR,2023,41775000.0,101301000.0
1933864000.0,661886000.0,177570000.0,455894000.0,1082531000.0,232023000.0,582731000.0,782253000.0,109138000.0,148909000.0,10902000.0,98236000.0,75621000.0,ACKR,2022,53623000.0,134945000.0
,,,,,,,,,,,,,ACKR,2021,,
77179000.0,71543000.0,34868000.0,8903000.0,65814000.0,3116000.0,56660000.0,61258000.0,25786000.0,26920000.0,316000.0,25470000.0,21574000.0,QLTU,2025,,
61557000.0,53460000.0,35308000.0,10554000.0,47913000.0,3685000.0,39719000.0,46247000.0,17074000.0,18169000.0,290000.0,16784000.0,13907000.0,QLTU,2024,,
47354000.0,43795000.0,25766000.0,7369000.0,39982000.0,73000.0,31979000.0,41112000.0,14229000.0,15235000.0,77000.0,14152000.0,12300000.0,QLTU,2023,,
40462000.0,37779000.0,14937000.0,8741000.0,31634000.0,609000.0,23799000.0,41171000.0,14273000.0,15156000.0,89000.0,14184000.0,11641000.0,QLTU,2022,,
,,,,,,,,,,,,,QLTU,2021,0.0,
7339905000.0,403543000.0,225690000.0,2947992000.0,1755759000.0,1413841000.0,1474643000.0,280802000.0,591899000.0,592515000.0,45084000.0,546815000.0,388203000.0,MDTR,2025,63507000.0,1350334000.0
6175202000.0,360234000.0,285097000.0,2722578000.0,1487278000.0,1050369000.0,1206440000.0,252187000.0,398769000.0,403856000.0,26640000.0,372129000.0,267105000.0,MDTR,2024,54332000.0,996037000.0
5691750000.0,402661000.0,297994000.0,2539493000.0,1299600000.0,992847000.0,1019335000.0,240790000.0,345592000.0,346749000.0,23151000.0,322441000.0,220579000.0,MDTR,2023,560000.0,992287000.0
5080189000.0,358007000.0,279424000.0,2521360000.0,1133532000.0,692990000.0,858753000.0,234293000.0,195615000.0,210866000.0,22715000.0,172900000.0,120919000.0,MDTR,2022,24096000.0,668894000.0
,,,,,,,,,,,,,MDTR,2021,,
1010049000.0,687472000.0,72389000.0,153289000.0,491020000.0,330982000.0,296904000.0,1509836000.0,188944000.0,212573000.0,25552000.0,163392000.0,126319000.0,BLDI,2025,3481000.0,305129000.0
921807000.0,600457000.0,1790000.0,374848000.0,210904000.0,597634000.0,210585000.0,1232471000.0,162807000.0,187476000.0,37163000.0,125644000.0,97362000.0,BLDI,2024,272778000.0,298199000.0
744551000.0,416389000.0,2676000.0,582896000.0,139445000.0,514549000.0,139223000.0,1009463000.0,2007000.0,25246000.0,39763000.0,-37756000.0,-31540000.0,BLDI,2023,497604000.0,258000.0
,,,,,,,1083798000.0,20443000.0,38361000.0,19654000.0,789000.0,968000.0,BLDI,2022,,
1227146000.0,1210343000.0,697672000.0,170432000.0,937937000.0,4026000.0,290193000.0,523785000.0,382339000.0,385048000.0,4025000.0,378314000.0,344726000.0,ARYT,2025,0.0,
225386000.0,207893000.0,24090000.0,119883000.0,101363000.0,5071000.0,-31590000.0,126536000.0,64914000.0,66915000.0,764000.0,64150000.0,59677000.0,ARYT,2024,163000.0,0.0
91853000.0,83136000.0,17390000.0,27250000.0,52600000.0,3464000.0,-79853000.0,57883000.0,12610000.0,13899000.0,478000.0,12132000.0,10685000.0,ARYT,2023,325000.0,163000.0
64552000.0,54338000.0,8027000.0,10588000.0,50526000.0,4185000.0,-81845000.0,36364000.0,9523000.0,10782000.0,388000.0,9135000.0,8276000.0,ARYT,2022,325000.0,488000.0
,,,,,,,,,,,,,ARYT,2021,,813000.0
3898085000.0,1811568000.0,260715000.0,1044935000.0,753152000.0,2260746000.0,-290659000.0,959082000.0,186737000.0,196625000.0,31454000.0,155283000.0,94470000.0,LUZN,2025,511779000.0,1696230000.0
2545726000.0,1713785000.0,594500000.0,752734000.0,608000000.0,1037410000.0,-349326000.0,843020000.0,88201000.0,98558000.0,51498000.0,36703000.0,2208000.0,LUZN,2024,204187000.0,791921000.0
2205765000.0,1575000000.0,274098000.0,940742000.0,571048000.0,1012446000.0,-311732000.0,897352000.0,189916000.0,200699000.0,42790000.0,147126000.0,106097000.0,LUZN,2023,408611000.0,558688000.0
1578438000.0,1159832000.0,143238000.0,687337000.0,402352000.0,665877000.0,-418248000.0,886697000.0,117713000.0,127876000.0,36123000.0,81590000.0,40154000.0,LUZN,2022,251436000.0,382264000.0
,,,,,,,,,,,,,LUZN,2021,,
1678731000.0,295395000.0,138903000.0,175841000.0,461325000.0,1054022000.0,95574000.0,198386000.0,59612000.0,117878000.0,76423000.0,-16811000.0,-19554000.0,ZPRS,2025,82463000.0,841954000.0
1492863000.0,158825000.0,112693000.0,133096000.0,479712000.0,875248000.0,115128000.0,196743000.0,169461000.0,229393000.0,79427000.0,90034000.0,82409000.0,ZPRS,2024,61111000.0,721183000.0
1563687000.0,181328000.0,109655000.0,134686000.0,413989000.0,950802000.0,32719000.0,243107000.0,445764000.0,499820000.0,76818000.0,368946000.0,297617000.0,ZPRS,2023,59733000.0,806270000.0
1499969000.0,226779000.0,152366000.0,333271000.0,126316000.0,962561000.0,-264898000.0,249912000.0,-53654000.0,-17681000.0,52506000.0,-106160000.0,-62220000.0,ZPRS,2022,154043000.0,735852000.0
,,,,,,,,,,,,,ZPRS,2021,,
112917000.0,84889000.0,67700000.0,22163000.0,73221000.0,6817000.0,-90748000.0,52225000.0,9919000.0,11457000.0,2209000.0,7710000.0,7633000.0,BWAY,2025,,
94316000.0,79670000.0,69345000.0,15346000.0,62313000.0,5624000.0,-98381000.0,41016000.0,4975000.0,6746000.0,1516000.0,3459000.0,2921000.0,BWAY,2024,,
62972000.0,55465000.0,10520000.0,9761000.0,41581000.0,471000.0,-101302000.0,31785000.0,-3898000.0,-2561000.0,48000.0,-3946000.0,-4197000.0,BWAY,2023,,
64477000.0,58089000.0,47581000.0,8141000.0,45397000.0,488000.0,-97105000.0,27177000.0,-12988000.0,-11454000.0,46000.0,-13034000.0,-13349000.0,BWAY,2022,,
,,,,,,,,,,,,,BWAY,2021,,
2231952000.0,727136000.0,23517000.0,803056000.0,1007695000.0,602498000.0,375603000.0,166646000.0,-10661000.0,-9165000.0,1883000.0,-12544000.0,-11902000.0,DUNI,2025,539153000.0,0.0
1959714000.0,576514000.0,22971000.0,693361000.0,1029227000.0,539671000.0,400417000.0,174841000.0,39467000.0,40634000.0,1293000.0,38174000.0,30343000.0,DUNI,2024,457622000.0,34658000.0
1948221000.0,733180000.0,22375000.0,742016000.0,995959000.0,543073000.0,370074000.0,308433000.0,10185000.0,11429000.0,10666000.0,-481000.0,485000.0,DUNI,2023,493042000.0,10000000.0
1910891000.0,637571000.0,29529000.0,637246000.0,1005954000.0,448464000.0,371720000.0,207225000.0,64677000.0,65703000.0,3847000.0,60830000.0,62687000.0,DUNI,2022,379828000.0,44172000.0
,,,,,,,,,,,,,DUNI,2021,,
1032400000.0,369484000.0,5754000.0,331157000.0,562510000.0,68956000.0,-265966000.0,458732000.0,71456000.0,89978000.0,5413000.0,66043000.0,41047000.0,ASHO,2025,51938000.0,
767715000.0,291145000.0,14542000.0,260212000.0,430114000.0,88819000.0,-263991000.0,393590000.0,56204000.0,72398000.0,4606000.0,51598000.0,27817000.0,ASHO,2024,67970000.0,
680555000.0,270243000.0,4969000.0,236522000.0,396644000.0,90993000.0,-270489000.0,326681000.0,41219000.0,53819000.0,7305000.0,33914000.0,12686000.0,ASHO,2023,84465000.0,
594813000.0,239639000.0,10655000.0,180882000.0,383600000.0,74616000.0,-263497000.0,315870000.0,21497000.0,33298000.0,4139000.0,17358000.0,-3610000.0,ASHO,2022,66661000.0,0.0
,,,,,,,,,,,,,ASHO,2021,,1259000.0
1450794000.0,254813000.0,171160000.0,226531000.0,112004000.0,1265860000.0,-109332000.0,28569000.0,-1804000.0,14700000.0,36684000.0,-38488000.0,-32273000.0,PRIM,2025,161871000.0,927565000.0
384368000.0,142213000.0,91142000.0,88952000.0,37026000.0,337911000.0,-77400000.0,13201000.0,-4402000.0,4076000.0,15339000.0,-19741000.0,-11131000.0,PRIM,2024,81874000.0,220630000.0
277590000.0,70452000.0,30370000.0,58269000.0,46703000.0,172163000.0,-66603000.0,10216000.0,-10151000.0,-3677000.0,11764000.0,-21915000.0,-19505000.0,PRIM,2023,4778000.0,150839000.0
258557000.0,34456000.0,27565000.0,10249000.0,62269000.0,193509000.0,-47279000.0,6279000.0,-9433000.0,-3156000.0,13726000.0,-23159000.0,-20091000.0,PRIM,2022,3602000.0,178389000.0
,,,,,,,,,,,,,PRIM,2021,,
1598099000.0,1078539000.0,41421000.0,521822000.0,428083000.0,529111000.0,343885000.0,1859445000.0,11781000.0,146927000.0,34494000.0,-22713000.0,-48644000.0,TDRN,2025,47796000.0,403571000.0
1646562000.0,1047701000.0,51694000.0,580024000.0,480662000.0,446744000.0,397416000.0,1931580000.0,69102000.0,204973000.0,28984000.0,40118000.0,17093000.0,TDRN,2024,38346000.0,345302000.0
1516590000.0,894845000.0,39127000.0,526972000.0,510169000.0,362657000.0,409749000.0,1954542000.0,160861000.0,211687000.0,25436000.0,135425000.0,96213000.0,TDRN,2023,100121000.0,228142000.0
1642006000.0,1053841000.0,120836000.0,792871000.0,412629000.0,409040000.0,342476000.0,2281590000.0,158538000.0,201166000.0,14941000.0,143597000.0,87235000.0,TDRN,2022,227699000.0,136541000.0
,,,,,,,,,,,,,TDRN,2021,,
2658364000.0,1601923000.0,500850000.0,1340027000.0,533650000.0,971413000.0,763657000.0,4138004000.0,165527000.0,301254000.0,57216000.0,108311000.0,50088000.0,MLTH,2025,443208000.0,241424000.0
2504007000.0,1483387000.0,468536000.0,1146800000.0,495167000.0,938376000.0,711628000.0,3781339000.0,174927000.0,285829000.0,58242000.0,116685000.0,59038000.0,MLTH,2024,321200000.0,320179000.0
11675434000.0,10880751000.0,368356000.0,5784203000.0,3144592000.0,731529000.0,3358560000.0,3028947000.0,140291000.0,251529000.0,58828000.0,81463000.0,315804000.0,MLTH,2023,252616000.0,402249000.0
11292739000.0,2232818000.0,1075075000.0,1684688000.0,2989821000.0,4276059000.0,3040520000.0,2704086000.0,93635000.0,212929000.0,24425000.0,69210000.0,356912000.0,MLTH,2022,865197000.0,3333634000.0
,,,,,,,,,,,,,MLTH,2021,,
5583264000.0,2479280000.0,132133000.0,2027548000.0,1493638000.0,2639609000.0,,581836000.0,133539000.0,135912000.0,115014000.0,18525000.0,15417000.0,CRSR,2025,760612000.0,1878997000.0
4407917000.0,1525467000.0,101923000.0,1172945000.0,1410875000.0,2154053000.0,,663618000.0,232850000.0,235702000.0,79594000.0,153256000.0,119083000.0,CRSR,2024,511520000.0,1642533000.0
3753242000.0,1243424000.0,155698000.0,914318000.0,1282421000.0,1743822000.0,,456507000.0,87847000.0,90579000.0,73468000.0,14379000.0,15894000.0,CRSR,2023,328237000.0,1415585000.0
3235041000.0,981450000.0,222101000.0,831856000.0,1274971000.0,1303380000.0,,748503000.0,198782000.0,200853000.0,63495000.0,135287000.0,109205000.0,CRSR,2022,316123000.0,987257000.0
,,,,,,,,,,,,,CRSR,2021,,
169729000.0,142827000.0,15291000.0,9743000.0,153825000.0,1001000.0,,121369000.0,50086000.0,53450000.0,80000.0,50006000.0,41631000.0,FBRT,2025,,
181215000.0,160419000.0,72291000.0,13987000.0,162003000.0,1094000.0,,128068000.0,53084000.0,56703000.0,64000.0,53020000.0,43382000.0,FBRT,2024,,
166468000.0,146760000.0,7007000.0,12339000.0,148527000.0,1181000.0,,113418000.0,45895000.0,49589000.0,69000.0,45826000.0,37706000.0,FBRT,2023,,
142456000.0,121238000.0,4980000.0,11305000.0,125610000.0,1267000.0,,94711000.0,31592000.0,34646000.0,93000.0,31499000.0,24889000.0,FBRT,2022,,
,,,,,,,,,,,,,FBRT,2021,,
3968182000.0,1242100000.0,83946000.0,1293694000.0,1694669000.0,1653739000.0,1250693000.0,507429000.0,195889000.0,201210000.0,58022000.0,137867000.0,82490000.0,LEVI,2025,1028712000.0,618682000.0
3755304000.0,789725000.0,119959000.0,799673000.0,1253050000.0,1480466000.0,1190820000.0,630995000.0,123786000.0,130536000.0,55179000.0,68607000.0,31077000.0,LEVI,2024,496206000.0,978180000.0
3709543000.0,863884000.0,188505000.0,1047055000.0,1217007000.0,1397373000.0,1177693000.0,615344000.0,174827000.0,183316000.0,57752000.0,117075000.0,59287000.0,LEVI,2023,683919000.0,707920000.0
3570238000.0,823498000.0,222479000.0,707105000.0,1173313000.0,1269479000.0,1136679000.0,716652000.0,376739000.0,386140000.0,33563000.0,343176000.0,187494000.0,LEVI,2022,313572000.0,951194000.0
,,,,,,,,,,,,,LEVI,2021,,
195401000.0,148095000.0,9753000.0,74236000.0,100194000.0,47020000.0,51402000.0,281123000.0,19292000.0,24864000.0,2002000.0,17290000.0,14892000.0,HIPR,2025,25373000.0,7439000.0
174995000.0,142444000.0,8334000.0,67911000.0,91279000.0,32994000.0,42064000.0,273739000.0,23145000.0,27960000.0,2069000.0,21076000.0,15839000.0,HIPR,2024,15550000.0,4503000.0
173049000.0,146262000.0,12621000.0,80471000.0,79495000.0,37004000.0,30756000.0,285567000.0,21509000.0,26294000.0,2165000.0,19344000.0,14307000.0,HIPR,2023,23871000.0,6455000.0
176990000.0,149491000.0,6061000.0,91145000.0,70175000.0,49019000.0,22345000.0,300583000.0,22593000.0,28034000.0,1666000.0,20927000.0,15551000.0,HIPR,2022,34149000.0,9320000.0
,,,,,,,,,,,,,HIPR,2021,,
1399000000.0,734000000.0,289000000.0,618000000.0,477000000.0,312000000.0,98000000.0,3028000000.0,35000000.0,104000000.0,45000000.0,-10000000.0,3000000.0,ARF,2025,36000000.0,254000000.0
1390000000.0,698000000.0,257000000.0,608000000.0,476000000.0,308000000.0,97000000.0,3216000000.0,-3000000.0,64000000.0,43000000.0,-46000000.0,-34000000.0,ARF,2024,26000000.0,254000000.0
1377000000.0,655000000.0,225000000.0,553000000.0,565000000.0,240000000.0,186000000.0,3774000000.0,189000000.0,256000000.0,50000000.0,139000000.0,116000000.0,ARF,2023,22000000.0,199000000.0
1371000000.0,542000000.0,31000000.0,873000000.0,449000000.0,241000000.0,69000000.0,4193000000.0,85000000.0,152000000.0,22000000.0,63000000.0,52000000.0,ARF,2022,219000000.0,0.0
,,,,,,,,,,,,,ARF,2021,,
2023495000.0,1271398000.0,54766000.0,742724000.0,990279000.0,516502000.0,482272000.0,3753771000.0,165503000.0,254788000.0,28370000.0,137133000.0,109512000.0,DIPL,2025,224453000.0,121152000.0
1914377000.0,1289708000.0,77595000.0,723146000.0,832817000.0,525601000.0,429262000.0,3555976000.0,180302000.0,262654000.0,22914000.0,157388000.0,111772000.0,DIPL,2024,244620000.0,116712000.0
1850949000.0,1179837000.0,79614000.0,728480000.0,815672000.0,552874000.0,395540000.0,3372866000.0,127585000.0,204946000.0,25772000.0,101813000.0,73066000.0,DIPL,2023,312178000.0,124213000.0
1522098000.0,1047062000.0,102947000.0,506026000.0,766848000.0,340136000.0,362474000.0,2909012000.0,108551000.0,166121000.0,11311000.0,97240000.0,75186000.0,DIPL,2022,87639000.0,137490000.0
,,,,,,,,,,,,,DIPL,2021,,
4407269000.0,725141000.0,180617000.0,1258375000.0,1581978000.0,2120284000.0,953468000.0,586847000.0,341582000.0,355980000.0,80394000.0,261188000.0,187890000.0,ISTA,2025,915299000.0,1187883000.0
3808763000.0,383179000.0,37127000.0,915278000.0,1457799000.0,1806805000.0,851450000.0,417445000.0,213349000.0,226566000.0,73970000.0,139379000.0,97262000.0,ISTA,2024,672094000.0,1116518000.0
3508620000.0,306848000.0,72000000.0,908791000.0,1402419000.0,1678750000.0,805454000.0,406150000.0,237607000.0,249780000.0,69385000.0,168222000.0,127205000.0,ISTA,2023,699296000.0,978827000.0
3142286000.0,388867000.0,48077000.0,1059939000.0,1115535000.0,1570817000.0,678250000.0,370950000.0,356628000.0,367909000.0,59714000.0,296914000.0,214617000.0,ISTA,2022,803405000.0,766243000.0
,,,,,,,,,,,,,ISTA,2021,,
2252401000.0,1356168000.0,155573000.0,714176000.0,1200050000.0,581313000.0,1174894000.0,1865204000.0,240319000.0,342414000.0,35558000.0,204761000.0,161460000.0,PLSN,2025,306621000.0,122193000.0
2211349000.0,1368796000.0,167987000.0,725367000.0,1140977000.0,640046000.0,1089818000.0,1706884000.0,236068000.0,332894000.0,34094000.0,201974000.0,143791000.0,PLSN,2024,371969000.0,96547000.0
2173903000.0,1299438000.0,125806000.0,666204000.0,1108694000.0,671065000.0,1012863000.0,1644861000.0,212203000.0,308264000.0,44144000.0,168059000.0,129110000.0,PLSN,2023,342206000.0,148940000.0
2042414000.0,1233861000.0,95209000.0,650348000.0,972257000.0,724582000.0,902849000.0,1585144000.0,164192000.0,252101000.0,35228000.0,128964000.0,90023000.0,PLSN,2022,368265000.0,170209000.0
,,,,,,,,,,,,,PLSN,2021,,
10243896000.0,2961026000.0,179601000.0,4048466000.0,1257460000.0,5796368000.0,223876000.0,6202746000.0,312573000.0,780229000.0,248536000.0,64037000.0,-109733000.0,DLEA,2025,2622194000.0,2595785000.0
10950871000.0,3914004000.0,145664000.0,4394895000.0,1568102000.0,5957026000.0,527561000.0,6388036000.0,531078000.0,945164000.0,339661000.0,191417000.0,160726000.0,DLEA,2024,2585142000.0,2808820000.0
10211719000.0,3153135000.0,133273000.0,3677848000.0,1396993000.0,5533846000.0,366835000.0,5804257000.0,684852000.0,1074983000.0,307034000.0,377818000.0,333289000.0,DLEA,2023,2086766000.0,2887372000.0
5825470000.0,2235089000.0,142908000.0,2256539000.0,1350706000.0,2131191000.0,324474000.0,5237404000.0,1136451000.0,1334010000.0,146530000.0,989921000.0,715919000.0,DLEA,2022,812017000.0,1019327000.0
,,,,,,,,,,,,,DLEA,2021,,
7783000000.0,2145000000.0,315000000.0,3653000000.0,656000000.0,3732000000.0,231000000.0,7477000000.0,412000000.0,793000000.0,228000000.0,184000000.0,100000000.0,ECP,2025,654000000.0,599000000.0
8004000000.0,2345000000.0,293000000.0,3382000000.0,650000000.0,4049000000.0,211000000.0,7256000000.0,316000000.0,706000000.0,229000000.0,87000000.0,52000000.0,ECP,2024,519000000.0,882000000.0
7009000000.0,2186000000.0,376000000.0,3129000000.0,632000000.0,3288000000.0,159000000.0,6257000000.0,14000000.0,379000000.0,185000000.0,-171000000.0,-101000000.0,ECP,2023,409000000.0,949000000.0
6696470000.0,2189770000.0,563490000.0,2657788000.0,671960000.0,3077040000.0,295044000.0,6180000000.0,212000000.0,511000000.0,122000000.0,90000000.0,103000000.0,ECP,2022,268672000.0,911168000.0
,,,,,,,,,,,,,ECP,2021,,
435134000.0,314152000.0,33004000.0,122316000.0,287160000.0,26919000.0,77223000.0,720762000.0,64670000.0,86957000.0,5222000.0,59448000.0,45914000.0,GAD,2025,0.0,0.0
310071000.0,212364000.0,110000.0,208130000.0,86415000.0,94739000.0,81309000.0,676199000.0,57884000.0,78839000.0,5678000.0,52206000.0,38515000.0,GAD,2024,76339000.0,898000.0
303898000.0,206409000.0,4430000.0,201847000.0,83305000.0,101420000.0,77794000.0,611500000.0,41648000.0,61264000.0,6496000.0,35152000.0,24547000.0,GAD,2023,79400000.0,266000.0
,,,,,,,577541000.0,37474000.0,55923000.0,3105000.0,34369000.0,28836000.0,GAD,2022,,
206004000.0,87657000.0,31408000.0,79945000.0,90904000.0,51256000.0,-14059000.0,100950000.0,-13786000.0,-8040000.0,1128000.0,-14914000.0,-15941000.0,TPGM,2025,14184000.0,22081000.0
108200000.0,47115000.0,9808000.0,23440000.0,62578000.0,31201000.0,1868000.0,59267000.0,-5055000.0,-2611000.0,694000.0,-5749000.0,-6486000.0,TPGM,2024,7920000.0,15542000.0
104843000.0,45919000.0,11375000.0,12916000.0,67588000.0,25062000.0,8349000.0,45597000.0,4205000.0,6272000.0,235000.0,3970000.0,3213000.0,TPGM,2023,0.0,17436000.0
63683000.0,29338000.0,4327000.0,11058000.0,46275000.0,7993000.0,5118000.0,43911000.0,4447000.0,6390000.0,137000.0,4310000.0,3633000.0,TPGM,2022,944000.0,0.0
,,,,,,,,,,,,,TPGM,2021,,
2740836000.0,1063430000.0,426150000.0,601008000.0,732753000.0,1436014000.0,168339000.0,2123991000.0,172985000.0,405671000.0,84334000.0,88651000.0,55092000.0,CAST,2025,63599000.0,
2301572000.0,829386000.0,170490000.0,600960000.0,669530000.0,1239765000.0,312766000.0,2084055000.0,240739000.0,451877000.0,76885000.0,163854000.0,135402000.0,CAST,2024,36980000.0,0.0
2152403000.0,797043000.0,270697000.0,466392000.0,595484000.0,1286579000.0,239380000.0,1764529000.0,125155000.0,340205000.0,68364000.0,56791000.0,42522000.0,CAST,2023,37768000.0,152536000.0
2058605000.0,778952000.0,233882000.0,524863000.0,554153000.0,1247381000.0,198070000.0,1671912000.0,65345000.0,268763000.0,55331000.0,10014000.0,-1109000.0,CAST,2022,103187000.0,101222000.0
,,,,,,,,,,,,,CAST,2021,,146789000.0
1424234000.0,225303000.0,138035000.0,99676000.0,411127000.0,888205000.0,-83777000.0,75912000.0,14998000.0,43003000.0,39119000.0,-24121000.0,-6770000.0,TRLT,2025,33410000.0,754547000.0
1264925000.0,254547000.0,2951000.0,177772000.0,336628000.0,805559000.0,-77007000.0,20093000.0,-35769000.0,-23829000.0,11569000.0,-47338000.0,-40413000.0,TRLT,2024,85026000.0,630168000.0
1169064000.0,294739000.0,62272000.0,82413000.0,378468000.0,701514000.0,-36594000.0,20208000.0,-11070000.0,-3642000.0,11542000.0,-22612000.0,-11376000.0,TRLT,2023,37482000.0,579701000.0
587287000.0,142393000.0,54859000.0,60802000.0,352289000.0,159642000.0,-25218000.0,56233000.0,-8788000.0,-4558000.0,1906000.0,-10694000.0,-9460000.0,TRLT,2022,11942000.0,77853000.0
,,,,,,,,,,,,,TRLT,2021,,
55769000.0,51256000.0,34750000.0,22332000.0,32709000.0,1124000.0,-52538000.0,87637000.0,5805000.0,7614000.0,69000.0,5736000.0,5487000.0,SOFW,2025,,
43029000.0,38805000.0,21616000.0,17502000.0,24526000.0,1395000.0,-58025000.0,59651000.0,-3979000.0,-2192000.0,77000.0,-4056000.0,-4546000.0,SOFW,2024,,
43536000.0,39770000.0,24422000.0,16419000.0,26343000.0,1329000.0,-53479000.0,50315000.0,-8118000.0,-6613000.0,144000.0,-8262000.0,-8278000.0,SOFW,2023,,
46077000.0,41929000.0,32005000.0,12408000.0,32339000.0,1924000.0,-45201000.0,35630000.0,-18665000.0,-17546000.0,542000.0,-19207000.0,-19528000.0,SOFW,2022,,
,,,,,,,,,,,,,SOFW,2021,,
402695000.0,296497000.0,18830000.0,156507000.0,191175000.0,96857000.0,159718000.0,420759000.0,42885000.0,59232000.0,7438000.0,35447000.0,29215000.0,ARD,2025,41718000.0,28185000.0
354209000.0,259092000.0,17551000.0,139803000.0,163311000.0,92274000.0,142003000.0,394039000.0,35130000.0,51058000.0,5772000.0,29358000.0,24294000.0,ARD,2024,42013000.0,26612000.0
348046000.0,253009000.0,14301000.0,138761000.0,156656000.0,91196000.0,129709000.0,361201000.0,36167000.0,51281000.0,4681000.0,31486000.0,27023000.0,ARD,2023,40020000.0,29640000.0
317882000.0,234486000.0,16680000.0,132179000.0,138805000.0,77678000.0,115605000.0,324078000.0,30862000.0,44096000.0,1831000.0,29031000.0,17417000.0,ARD,2022,33029000.0,27288000.0
,,,,,,,,,,,,,ARD,2021,,
1300102000.0,516488000.0,103110000.0,304096000.0,778626000.0,191957000.0,383841000.0,939438000.0,160344000.0,220240000.0,28448000.0,131896000.0,102897000.0,SUGT,2025,56776000.0,21892000.0
1088902000.0,444218000.0,27356000.0,427828000.0,337840000.0,457320000.0,280944000.0,947498000.0,48174000.0,102857000.0,30265000.0,17909000.0,12196000.0,SUGT,2024,238251000.0,155827000.0
1100127000.0,454377000.0,37628000.0,428352000.0,328756000.0,462238000.0,270098000.0,964438000.0,23277000.0,76897000.0,30766000.0,-7489000.0,-12994000.0,SUGT,2023,214982000.0,188783000.0
,,,,,,,850059000.0,39742000.0,82672000.0,12142000.0,27600000.0,18345000.0,SUGT,2022,,
1542860000.0,441320000.0,52489000.0,491448000.0,385884000.0,729556000.0,23175000.0,2038305000.0,124169000.0,248147000.0,28398000.0,95771000.0,73316000.0,TTAM,2025,15000000.0,45000000.0
1261541000.0,307301000.0,23627000.0,383757000.0,332443000.0,593705000.0,-29632000.0,1858975000.0,104016000.0,217022000.0,27954000.0,76062000.0,58034000.0,TTAM,2024,480000.0,0.0
1244553000.0,282175000.0,15013000.0,387141000.0,287064000.0,633818000.0,-73146000.0,1675539000.0,81932000.0,187236000.0,32930000.0,49002000.0,37654000.0,TTAM,2023,22520000.0,
1184287000.0,302766000.0,43484000.0,384973000.0,262691000.0,610566000.0,-95654000.0,1599167000.0,103551000.0,201261000.0,24138000.0,79413000.0,61097000.0,TTAM,2022,31144000.0,
,,,,,,,,,,,,,TTAM,2021,,0.0
37934000.0,35183000.0,14719000.0,14342000.0,22025000.0,1898000.0,-29872000.0,36802000.0,6910000.0,7500000.0,868000.0,6042000.0,6043000.0,SMSH,2025,0.0,
30223000.0,26891000.0,6736000.0,19737000.0,8868000.0,8377000.0,-36041000.0,24537000.0,990000.0,1529000.0,404000.0,586000.0,580000.0,SMSH,2024,6502000.0,
1740037000.0,708264000.0,181464000.0,678327000.0,576256000.0,417483000.0,455480000.0,795060000.0,22687000.0,39230000.0,18781000.0,3906000.0,12470000.0,RPAC,2025,217189000.0,153174000.0
1150565000.0,528773000.0,132939000.0,385264000.0,563504000.0,101502000.0,442990000.0,753979000.0,88436000.0,104959000.0,12670000.0,75766000.0,202693000.0,RPAC,2024,39728000.0,41320000.0
3188481000.0,2729519000.0,83672000.0,2335838000.0,410481000.0,179976000.0,285945000.0,580221000.0,72903000.0,89585000.0,11232000.0,61671000.0,50034000.0,RPAC,2023,62191000.0,102693000.0
3164916000.0,2776197000.0,105828000.0,2405237000.0,361765000.0,166702000.0,238718000.0,587078000.0,78802000.0,204032000.0,10594000.0,68208000.0,76073000.0,RPAC,2022,42041000.0,113689000.0
,,,,,,,,,,,,,RPAC,2021,,
25131000000.0,4141000000.0,1120000000.0,5371000000.0,1877000000.0,13655000000.0,-3322000000.0,910000000.0,,1402000000.0,543000000.0,853000000.0,98000000.0,DISI,2025,3364000000.0,10286000000.0
23829000000.0,4525000000.0,1387000000.0,5151000000.0,1828000000.0,13383000000.0,-3420000000.0,973000000.0,,1135000000.0,631000000.0,494000000.0,31000000.0,DISI,2024,2976000000.0,10401000000.0
29443000000.0,11560000000.0,1148000000.0,9552000000.0,1710000000.0,13860000000.0,-3450000000.0,1131000000.0,,459000000.0,628000000.0,-181000000.0,-698000000.0,DISI,2023,3116000000.0,10724000000.0
33166000000.0,14683000000.0,2090000000.0,11677000000.0,2362000000.0,15830000000.0,-2796000000.0,1098000000.0,2456000000.0,2471000000.0,635000000.0,1821000000.0,523000000.0,DISI,2022,4446000000.0,11268000000.0
,,,,,,,,1070000000.0,,,,,DISI,2021,,
75876000.0,39723000.0,35146000.0,5475000.0,68132000.0,,33184000.0,27674000.0,23508000.0,23766000.0,,37067000.0,31714000.0,CDEV,2025,,
33727000.0,8720000.0,4453000.0,4500000.0,29227000.0,,22958000.0,29334000.0,25256000.0,25290000.0,,27958000.0,21937000.0,CDEV,2024,,
34218000.0,9699000.0,2385000.0,5443000.0,28775000.0,,22509000.0,26468000.0,23347000.0,23435000.0,,27681000.0,22084000.0,CDEV,2023,,
29900000.0,8239000.0,3039000.0,4676000.0,25224000.0,,18983000.0,21932000.0,18971000.0,18994000.0,2000.0,19824000.0,15468000.0,CDEV,2022,,
,,,,,,,,,,2000.0,,,CDEV,2021,,
1321568000.0,631990000.0,342156000.0,219217000.0,596979000.0,591852000.0,60405000.0,984144000.0,120500000.0,208211000.0,37046000.0,83454000.0,63623000.0,URBC,2025,,
990594000.0,415309000.0,84350000.0,217467000.0,331935000.0,507918000.0,196328000.0,952357000.0,174772000.0,246972000.0,31005000.0,143767000.0,110392000.0,URBC,2024,,
865296000.0,397087000.0,178837000.0,135141000.0,341439000.0,447512000.0,206387000.0,737096000.0,105143000.0,166880000.0,25696000.0,79447000.0,60578000.0,URBC,2023,,30000000.0
,,,,,,,659544000.0,89982000.0,143175000.0,21117000.0,68865000.0,52877000.0,URBC,2022,,
1254010000.0,890778000.0,577825000.0,165470000.0,744105000.0,89993000.0,686716000.0,790151000.0,112500000.0,168227000.0,1795000.0,110705000.0,42647000.0,KRUR,2025,862000.0,11083000.0
1252278000.0,780653000.0,562501000.0,198879000.0,700869000.0,96286000.0,643762000.0,833087000.0,142411000.0,199794000.0,2165000.0,140246000.0,77308000.0,KRUR,2024,609000.0,11083000.0
1291669000.0,830613000.0,517369000.0,228532000.0,697895000.0,123646000.0,641164000.0,975643000.0,143258000.0,201770000.0,2313000.0,140945000.0,83170000.0,KRUR,2023,19535000.0,11083000.0
1227679000.0,808130000.0,539844000.0,182071000.0,688913000.0,86321000.0,632933000.0,854672000.0,110052000.0,171667000.0,2684000.0,107368000.0,61533000.0,KRUR,2022,0.0,
,,,,,,,,,,,,,KRUR,2021,,
1960867000.0,1247396000.0,301501000.0,271046000.0,1287334000.0,242725000.0,1203728000.0,1725552000.0,242969000.0,317904000.0,17923000.0,225046000.0,176279000.0,PLRM,2025,,
1972629000.0,1304417000.0,255691000.0,314293000.0,1268311000.0,241525000.0,1125243000.0,1868407000.0,313071000.0,378437000.0,9237000.0,303834000.0,231693000.0,PLRM,2024,,
1704462000.0,1181392000.0,275393000.0,288285000.0,1130764000.0,150436000.0,983550000.0,1717746000.0,219214000.0,278962000.0,7574000.0,211640000.0,164335000.0,PLRM,2023,0.0,0.0
1615560000.0,1109028000.0,149860000.0,329276000.0,983341000.0,187219000.0,859215000.0,1812339000.0,206745000.0,267336000.0,13184000.0,193561000.0,154425000.0,PLRM,2022,12463000.0,17900000.0
,,,,,,,,,,,,,PLRM,2021,14528000.0,30355000.0
20923000.0,19530000.0,14144000.0,8363000.0,12243000.0,5157000.0,-199991000.0,1016000.0,-28654000.0,-28192000.0,789000.0,-29443000.0,-29443000.0,SVRE-L,2025,4484000.0,
23818000.0,21618000.0,13298000.0,11861000.0,10630000.0,7411000.0,-170548000.0,1683000.0,-33515000.0,-33097000.0,1423000.0,-34938000.0,-34938000.0,SVRE-L,2024,6336000.0,
26990000.0,24209000.0,17112000.0,14804000.0,10572000.0,8471000.0,-135610000.0,2720000.0,-33221000.0,-32698000.0,614000.0,-33835000.0,-33835000.0,SVRE-L,2023,7139000.0,
34435000.0,33114000.0,19240000.0,6781000.0,26554000.0,648000.0,-101775000.0,1193000.0,-24919000.0,-24412000.0,43000.0,-24962000.0,-24962000.0,SVRE-L,2022,,
,,,,,,,,,,,,,SVRE-L,2021,,
2794826000.0,1901709000.0,642774000.0,1481092000.0,429676000.0,325081000.0,,4654101000.0,375878000.0,504479000.0,19747000.0,356131000.0,97350000.0,CMDR,2025,116272000.0,45306000.0
2370286000.0,1510694000.0,429670000.0,1375897000.0,274221000.0,385481000.0,,4003967000.0,334496000.0,455134000.0,18902000.0,315594000.0,86911000.0,CMDR,2024,148952000.0,63439000.0
2251910000.0,1384990000.0,415552000.0,1178733000.0,334099000.0,449602000.0,,3697528000.0,268244000.0,377570000.0,19595000.0,248649000.0,70939000.0,CMDR,2023,146170000.0,110668000.0
2023915000.0,1172089000.0,316565000.0,1040530000.0,251921000.0,493991000.0,,3210511000.0,239513000.0,347944000.0,16349000.0,223164000.0,64533000.0,CMDR,2022,174557000.0,160695000.0
,,,,,,,,,,,,,CMDR,2021,,
749414000.0,527251000.0,111223000.0,411302000.0,302596000.0,112497000.0,205372000.0,795056000.0,56878000.0,69017000.0,7575000.0,49303000.0,35062000.0,ELMR,2025,74139000.0,18646000.0
652560000.0,453250000.0,73433000.0,353664000.0,282272000.0,57450000.0,187599000.0,724793000.0,59841000.0,68072000.0,6402000.0,53439000.0,38291000.0,ELMR,2024,39728000.0,1320000.0
531277000.0,313644000.0,43632000.0,245320000.0,263406000.0,50861000.0,168336000.0,560726000.0,50864000.0,60465000.0,4733000.0,46131000.0,35875000.0,ELMR,2023,28358000.0,12090000.0
510846000.0,316270000.0,37238000.0,245456000.0,240690000.0,41984000.0,148279000.0,488672000.0,45034000.0,56544000.0,3718000.0,41316000.0,31036000.0,ELMR,2022,17708000.0,16004000.0
,,,,,,,,,,,,,ELMR,2021,,
557138000.0,305070000.0,8077000.0,285091000.0,169457000.0,102816000.0,41022000.0,1012935000.0,63193000.0,95610000.0,10303000.0,52890000.0,38656000.0,GOSS,2025,23421000.0,0.0
546031000.0,269002000.0,15301000.0,293493000.0,140019000.0,125194000.0,20071000.0,964595000.0,40109000.0,72201000.0,9601000.0,30508000.0,20580000.0,GOSS,2024,46044000.0,1680000.0
435200000.0,250307000.0,7627000.0,241809000.0,130143000.0,94658000.0,12371000.0,878665000.0,48337000.0,78557000.0,6772000.0,41565000.0,31230000.0,GOSS,2023,27526000.0,2539000.0
424440000.0,241473000.0,9570000.0,233777000.0,126355000.0,94588000.0,10032000.0,827093000.0,45053000.0,76287000.0,4394000.0,40659000.0,30705000.0,GOSS,2022,24408000.0,3369000.0
,,,,,,,,,,,,,GOSS,2021,,
662236000.0,316731000.0,149513000.0,198174000.0,283971000.0,179110000.0,-280732000.0,430256000.0,34879000.0,59358000.0,14601000.0,20278000.0,16344000.0,TSG,2025,32543000.0,81460000.0
528186000.0,233023000.0,90601000.0,169102000.0,162166000.0,171970000.0,-292076000.0,322112000.0,27107000.0,46159000.0,10786000.0,16321000.0,9926000.0,TSG,2024,18234000.0,96133000.0
439636000.0,188949000.0,46075000.0,93527000.0,104468000.0,189513000.0,-302002000.0,295445000.0,28974000.0,46623000.0,11097000.0,17877000.0,10924000.0,TSG,2023,18821000.0,117583000.0
1805817000.0,891982000.0,194424000.0,423354000.0,659655000.0,495764000.0,439833000.0,1109685000.0,156467000.0,191095000.0,27946000.0,128521000.0,130321000.0,MEDN,2025,30594000.0,393192000.0
1280396000.0,607172000.0,70791000.0,297685000.0,513282000.0,424637000.0,310994000.0,965331000.0,-65494000.0,-16369000.0,26286000.0,-91780000.0,-73891000.0,MEDN,2024,2879000.0,343392000.0
1317962000.0,623359000.0,114779000.0,586467000.0,579458000.0,434324000.0,389719000.0,1133365000.0,-148494000.0,-105028000.0,25929000.0,-174423000.0,-154802000.0,MEDN,2023,328553000.0,20137000.0
1318715000.0,622890000.0,112427000.0,530382000.0,613984000.0,431816000.0,542931000.0,1020659000.0,-76353000.0,-40550000.0,17459000.0,-93812000.0,-87110000.0,MEDN,2022,267781000.0,79666000.0
,,,,,,,,,,,,,MEDN,2021,,
2247008000.0,213381000.0,8916000.0,550792000.0,1237438000.0,95696000.0,696340000.0,109623000.0,143120000.0,143454000.0,4804000.0,138316000.0,106731000.0,BKFR,2025,,95696000.0
2007219000.0,141450000.0,76582000.0,512649000.0,1156426000.0,0.0,619609000.0,103398000.0,175012000.0,175335000.0,1378000.0,173634000.0,133185000.0,BKFR,2024,,0.0
1827906000.0,106696000.0,72699000.0,471786000.0,1052156000.0,0.0,516424000.0,99100000.0,169983000.0,170323000.0,1601000.0,168382000.0,125664000.0,BKFR,2023,0.0,
1737551000.0,175568000.0,42811000.0,514719000.0,954816000.0,54920000.0,420760000.0,92986000.0,127675000.0,128044000.0,1919000.0,125756000.0,97021000.0,BKFR,2022,54920000.0,0.0
,,,,,,,,,,,,,BKFR,2021,3113000.0,10500000.0
396013782.469831,186473984.801523,12044557.025756,126305637.281896,182214320.552557,139743860.035558,93202536.226184,291245299.642852,24126244.906308,36749791.532277,5608647.083812,18517597.822496,15222077.125191,POLP,2025,86072468.100505,12888811.969981
315737387.176518,167834528.297238,14314928.425358,97362592.838977,176935143.436733,99723502.051834,76055551.44915,274075716.636142,32441422.130239,43182409.25529,4348956.836206,28092465.294032,24416411.385145,POLP,2024,59096645.614496,14696002.825207
275647340.831863,137227300.266049,12943655.664726,65258804.625556,160384058.161894,70796565.076522,60224165.63496,263637225.71978,29346468.930274,39454732.239286,4387956.694676,24958512.235598,21514896.083028,POLP,2023,27969075.152122,19817190.422253
325944948.92168,181670828.603859,8236946.651532,103553632.236095,164972758.229285,119241486.946652,58598751.418842,313386776.390465,36746311.010216,46644154.370034,3481555.051078,33264755.959137,28555902.383655,POLP,2022,68640749.148695,26083144.15437
,,,,,,,,,,,,,POLP,2021,,
622459000.0,392796000.0,108144000.0,205688000.0,255466000.0,182446000.0,-40386000.0,560243000.0,47955000.0,89438000.0,7843000.0,40112000.0,28358000.0,TRX,2025,20677000.0,7137000.0
595870000.0,388042000.0,168106000.0,175802000.0,261044000.0,198383000.0,-30595000.0,492341000.0,42123000.0,82488000.0,7312000.0,34811000.0,25212000.0,TRX,2024,24500000.0,25000000.0
538423000.0,357289000.0,115454000.0,153016000.0,235371000.0,194243000.0,-55807000.0,423695000.0,8453000.0,46660000.0,6120000.0,2333000.0,-2063000.0,TRX,2023,20000000.0,45000000.0
562093000.0,373542000.0,87656000.0,155835000.0,229624000.0,217863000.0,-53744000.0,382952000.0,-302000.0,32777000.0,5679000.0,-5981000.0,-8334000.0,TRX,2022,20000000.0,65000000.0
3712793000.0,1177308000.0,357626000.0,918037000.0,906640000.0,2187488000.0,92504000.0,2573344000.0,183386000.0,540913000.0,91328000.0,92058000.0,65937000.0,RTLS,2025,99765000.0,212180000.0
3055872000.0,1042288000.0,275542000.0,778271000.0,930525000.0,1554666000.0,97354000.0,2411407000.0,227128000.0,518606000.0,74708000.0,152420000.0,112331000.0,RTLS,2024,38039000.0,103237000.0
2814735000.0,1229391000.0,403317000.0,665790000.0,940926000.0,1400669000.0,87789000.0,1933965000.0,217787000.0,430364000.0,45048000.0,172739000.0,130229000.0,RTLS,2023,35538000.0,120000000.0
2450634000.0,1187845000.0,313404000.0,608657000.0,966692000.0,1022548000.0,131970000.0,1526926000.0,167482000.0,315924000.0,25288000.0,142194000.0,102305000.0,RTLS,2022,6428000.0,0.0
,,,,,,,,,,,,,RTLS,2021,,
2453374000.0,1242863000.0,137900000.0,1088779000.0,763920000.0,1097040000.0,612652000.0,450163000.0,304054000.0,306317000.0,50165000.0,253889000.0,207858000.0,ROTS,2025,571510000.0,525530000.0
2473962000.0,1440219000.0,98965000.0,1212086000.0,571173000.0,1170066000.0,452837000.0,779741000.0,189147000.0,192626000.0,55338000.0,133809000.0,100746000.0,ROTS,2024,603909000.0,566157000.0
2126560000.0,1227601000.0,114715000.0,1148371000.0,468775000.0,1138606000.0,372091000.0,702592000.0,148697000.0,151250000.0,48367000.0,100330000.0,73913000.0,ROTS,2023,767917000.0,370689000.0
1943944000.0,1056504000.0,135233000.0,1036463000.0,426150000.0,855644000.0,322178000.0,825141000.0,279444000.0,280947000.0,30966000.0,248478000.0,176042000.0,ROTS,2022,501905000.0,353739000.0
,,,,,,,,,,,,,ROTS,2021,,
165673000.0,97460000.0,3801000.0,62865000.0,90541000.0,31405000.0,18959000.0,181632000.0,15344000.0,23381000.0,1612000.0,13732000.0,13074000.0,PCBT,2025,17190000.0,
142650000.0,78946000.0,2028000.0,48645000.0,81782000.0,20817000.0,11219000.0,152875000.0,10500000.0,18454000.0,1122000.0,9378000.0,8481000.0,PCBT,2024,7471000.0,
124076000.0,60656000.0,4682000.0,33520000.0,77097000.0,15445000.0,6815000.0,136091000.0,-289000.0,7827000.0,1073000.0,-1362000.0,-1386000.0,PCBT,2023,1500000.0,
131274000.0,71343000.0,3130000.0,35118000.0,84250000.0,18427000.0,16160000.0,128462000.0,977000.0,7573000.0,873000.0,104000.0,-484000.0,PCBT,2022,6207000.0,
,,,,,,,,,,,,,PCBT,2021,,
1103209000.0,600937000.0,50173000.0,462097000.0,443547000.0,421004000.0,31498000.0,703507000.0,69501000.0,107082000.0,21095000.0,48406000.0,33506000.0,GAGR,2025,258627000.0,61672000.0
989667000.0,547819000.0,48728000.0,402612000.0,408779000.0,351553000.0,-1865000.0,654138000.0,41692000.0,76721000.0,23862000.0,17830000.0,11234000.0,GAGR,2024,226623000.0,67776000.0
,,,,,,,633503000.0,-3944000.0,29122000.0,24655000.0,-28599000.0,-28606000.0,GAGR,2023,,
1902737000.0,128838000.0,28817000.0,287632000.0,394407000.0,1393802000.0,-110659000.0,299966000.0,-63191000.0,-6000000.0,59067000.0,-122258000.0,-123289000.0,ICHO,2025,150732000.0,386525000.0
1358773000.0,66869000.0,26237000.0,181789000.0,309815000.0,990855000.0,10787000.0,290173000.0,34201000.0,84080000.0,48181000.0,-13980000.0,1599000.0,ICHO,2024,105296000.0,342240000.0
80658000.0,66942000.0,66698000.0,685000.0,79187000.0,,-73537000.0,308991000.0,49465000.0,97499000.0,45058000.0,4407000.0,7040000.0,ICHO,2023,,
81988000.0,65931000.0,65729000.0,789000.0,80106000.0,,,560000.0,-5699000.0,-5699000.0,,-23536000.0,-23536000.0,ICHO,2022,,
,,,,,0.0,-48824000.0,,,,43000.0,,,ICHO,2021,0.0,
1274026000.0,1023969000.0,71033000.0,638957000.0,494710000.0,562979000.0,281456000.0,379240000.0,129618000.0,129874000.0,43541000.0,86077000.0,67220000.0,MGDO,2025,440093000.0,122886000.0
908680000.0,521549000.0,2846000.0,495424000.0,254862000.0,505378000.0,221559000.0,176453000.0,51588000.0,51756000.0,32203000.0,19385000.0,15348000.0,MGDO,2024,388776000.0,116602000.0
,,,,,,,207649000.0,65275000.0,65410000.0,29145000.0,36130000.0,29879000.0,MGDO,2023,,
764516000.0,571440000.0,148766000.0,47862000.0,430698000.0,4930000.0,265644000.0,610605000.0,117742000.0,125720000.0,336000.0,117406000.0,55057000.0,WLFD,2025,,
700771000.0,537024000.0,123680000.0,60486000.0,375641000.0,4700000.0,210587000.0,575795000.0,96360000.0,103662000.0,619000.0,95741000.0,44107000.0,WLFD,2024,,
602645000.0,486569000.0,137774000.0,38920000.0,331594000.0,2206000.0,166480000.0,543262000.0,40062000.0,47012000.0,1444000.0,38618000.0,17973000.0,WLFD,2023,0.0,
617340000.0,520929000.0,151023000.0,69716000.0,313597000.0,29908000.0,148507000.0,498325000.0,50823000.0,57331000.0,1050000.0,49773000.0,20524000.0,WLFD,2022,26430000.0,
,,,,,,,,,,,,,WLFD,2021,0.0,
3246458000.0,1735315000.0,242440000.0,1471791000.0,649197000.0,1518789000.0,618980000.0,525114000.0,152534000.0,162244000.0,45441000.0,107093000.0,96790000.0,KRDI,2025,715128000.0,792725000.0
2339588000.0,842420000.0,97989000.0,762933000.0,552794000.0,1061461000.0,522137000.0,572211000.0,103093000.0,111605000.0,40019000.0,63074000.0,28592000.0,KRDI,2024,413327000.0,638927000.0
2197706000.0,804678000.0,155782000.0,615183000.0,527945000.0,1048768000.0,493290000.0,606992000.0,117702000.0,126078000.0,36590000.0,81112000.0,36497000.0,KRDI,2023,367482000.0,670208000.0
2065880000.0,626161000.0,127342000.0,473971000.0,496614000.0,889090000.0,461348000.0,620550000.0,207330000.0,214475000.0,20449000.0,186881000.0,102771000.0,KRDI,2022,225465000.0,655906000.0
,,,,,,,,,,,,,KRDI,2021,,
2445726000.0,1522437000.0,239827000.0,959861000.0,751370000.0,957692000.0,233768000.0,484753000.0,56178000.0,65650000.0,29351000.0,26827000.0,24267000.0,KARE,2025,236798000.0,709957000.0
1817944000.0,729445000.0,96210000.0,479046000.0,755309000.0,660625000.0,243519000.0,537318000.0,93246000.0,101506000.0,26536000.0,66710000.0,49616000.0,KARE,2024,145918000.0,505500000.0
1732339000.0,784707000.0,155681000.0,410092000.0,732596000.0,695182000.0,223519000.0,604478000.0,112632000.0,120979000.0,23980000.0,88652000.0,70452000.0,KARE,2023,180155000.0,503949000.0
1666197000.0,612389000.0,121376000.0,346406000.0,694759000.0,588186000.0,187871000.0,620173000.0,171194000.0,178219000.0,15621000.0,155573000.0,119971000.0,KARE,2022,111009000.0,469458000.0
,,,,,,,,,,,,,KARE,2021,,
1181700000.0,159579000.0,52860000.0,55146000.0,893851000.0,113576000.0,468975000.0,252329000.0,41510000.0,76977000.0,4971000.0,36539000.0,30833000.0,GOLD,2025,5000000.0,17500000.0
1119970000.0,141566000.0,77524000.0,48000000.0,886460000.0,65575000.0,454211000.0,194125000.0,39457000.0,71673000.0,2579000.0,36878000.0,30851000.0,GOLD,2024,5000000.0,22500000.0
1082962000.0,115382000.0,55087000.0,39749000.0,863150000.0,58448000.0,428554000.0,184716000.0,34204000.0,67071000.0,3147000.0,31057000.0,27907000.0,GOLD,2023,5000000.0,27500000.0
1095134000.0,122504000.0,30541000.0,53508000.0,842380000.0,82492000.0,406930000.0,201558000.0,45424000.0,76090000.0,3722000.0,41702000.0,37843000.0,GOLD,2022,17371000.0,32500000.0
,,,,,,,,,,,,,GOLD,2021,,
2350242000.0,2056879000.0,24495000.0,984659000.0,464274000.0,492689000.0,376227000.0,5222181000.0,331217000.0,383162000.0,28142000.0,303075000.0,86698000.0,NTO,2025,440502000.0,1382000.0
2073051000.0,1726999000.0,38559000.0,785500000.0,354071000.0,449290000.0,288427000.0,4811703000.0,298482000.0,348374000.0,32050000.0,266432000.0,81400000.0,NTO,2024,277380000.0,110873000.0
1925553000.0,1569242000.0,6238000.0,812236000.0,270648000.0,649273000.0,204755000.0,4375583000.0,156913000.0,202125000.0,42169000.0,114744000.0,43033000.0,NTO,2023,492434000.0,87707000.0
1917878000.0,1588789000.0,8440000.0,971489000.0,231941000.0,785803000.0,160123000.0,4197681000.0,191031000.0,229605000.0,20750000.0,170281000.0,61593000.0,NTO,2022,708786000.0,225000.0
,,,,,,,,,,,,,NTO,2021,,
492004000.0,255683000.0,1965000.0,143342000.0,235905000.0,113297000.0,219566000.0,530940000.0,76130000.0,97602000.0,14877000.0,61253000.0,46922000.0,ZNKL,2025,889000.0,0.0
484229000.0,259496000.0,28461000.0,158719000.0,212622000.0,123459000.0,192620000.0,481595000.0,78891000.0,98228000.0,13316000.0,65575000.0,49839000.0,ZNKL,2024,9682000.0,0.0
442465000.0,233122000.0,32269000.0,134479000.0,188399000.0,133698000.0,158747000.0,398568000.0,97622000.0,114305000.0,9544000.0,88078000.0,67648000.0,ZNKL,2023,13953000.0,9686000.0
327008000.0,161538000.0,185000.0,138777000.0,136444000.0,93404000.0,107050000.0,255911000.0,39184000.0,54211000.0,4025000.0,35159000.0,27017000.0,ZNKL,2022,65689000.0,23617000.0
,,,,,,,,,,,,,ZNKL,2021,,
240797000.0,111180000.0,3338000.0,99880000.0,129959000.0,3928000.0,39042000.0,399236000.0,60761000.0,80118000.0,2689000.0,58072000.0,44883000.0,RSTC,2025,0.0,
234333000.0,114412000.0,5093000.0,137348000.0,85108000.0,46901000.0,-5841000.0,364756000.0,43858000.0,59481000.0,1449000.0,42409000.0,33054000.0,RSTC,2024,42006000.0,
,,,,,,,364197000.0,31897000.0,45116000.0,1056000.0,30841000.0,23587000.0,RSTC,2023,,
431741000.0,282490000.0,32723000.0,198045000.0,136632000.0,7000000.0,-460100000.0,62815000.0,-9028000.0,-8446000.0,4946000.0,-13974000.0,301000.0,ILDR,2025,7000000.0,
277672000.0,153910000.0,72960000.0,105413000.0,131022000.0,12971000.0,-460401000.0,38481000.0,-14877000.0,-14351000.0,15958000.0,-30835000.0,-31102000.0,ILDR,2024,12526000.0,
158473000.0,99718000.0,9381000.0,82091000.0,-42842000.0,7862000.0,-429299000.0,55766000.0,-14205000.0,-14068000.0,15044000.0,-29249000.0,-26154000.0,ILDR,2023,7061000.0,
141931000.0,106938000.0,390000.0,111600000.0,-21204000.0,16643000.0,-403145000.0,12246000.0,-24523000.0,-24523000.0,10119000.0,-34642000.0,-36911000.0,ILDR,2022,16643000.0,0.0
,,,,,,,,,,,,,ILDR,2021,,15274000.0
254622000.0,98459000.0,35757000.0,66941000.0,178553000.0,60976000.0,-31213000.0,60834000.0,24545000.0,55576000.0,1644000.0,22901000.0,18767000.0,ISI,2025,54018000.0,0.0
232320000.0,47424000.0,14481000.0,36518000.0,159524000.0,58833000.0,-50005000.0,58003000.0,-7651000.0,15290000.0,1536000.0,-9187000.0,-8309000.0,ISI,2024,21711000.0,30831000.0
269893000.0,65020000.0,37107000.0,72583000.0,167261000.0,48674000.0,-41677000.0,43913000.0,7662000.0,19761000.0,1804000.0,5858000.0,4673000.0,ISI,2023,20977000.0,20642000.0
293633000.0,83775000.0,27173000.0,49272000.0,161795000.0,46448000.0,-46376000.0,33692000.0,5426000.0,9174000.0,1726000.0,3700000.0,2819000.0,ISI,2022,9955000.0,29863000.0
,,,,,,,,,,,,,ISI,2021,,
1150353000.0,502582000.0,34974000.0,427978000.0,531472000.0,442151000.0,413597000.0,1292701000.0,91982000.0,155307000.0,21708000.0,70274000.0,47106000.0,KAFR,2025,276202000.0,95949000.0
1166577000.0,532270000.0,31328000.0,485238000.0,528517000.0,449092000.0,386491000.0,1354047000.0,124819000.0,183319000.0,25460000.0,99359000.0,71464000.0,KAFR,2024,321038000.0,56785000.0
931569000.0,506787000.0,42668000.0,291106000.0,486652000.0,296130000.0,333027000.0,1123038000.0,79749000.0,121447000.0,13164000.0,66585000.0,46883000.0,KAFR,2023,158116000.0,92653000.0
857444000.0,462048000.0,36895000.0,244637000.0,440128000.0,271184000.0,302144000.0,1063195000.0,68747000.0,102510000.0,6520000.0,62227000.0,44393000.0,KAFR,2022,118268000.0,104988000.0
,,,,,,,,,,,,,KAFR,2021,,
1422104000.0,45958000.0,6292000.0,466000.0,870925000.0,516404000.0,726233000.0,0.0,-30005000.0,-30003000.0,51711000.0,-81716000.0,-81716000.0,PTCH,2025,,516404000.0
1598550000.0,6486000.0,6029000.0,303000.0,1089564000.0,462129000.0,808775000.0,0.0,132943000.0,132944000.0,54371000.0,78572000.0,78572000.0,PTCH,2024,,462129000.0
,,,,,,,0.0,354267000.0,354267000.0,73744000.0,280523000.0,280523000.0,PTCH,2023,,
539915000.0,449400000.0,67697000.0,354197000.0,164547000.0,124341000.0,63181000.0,666355000.0,57211000.0,73978000.0,11123000.0,46088000.0,41254000.0,CMER,2025,99842000.0,958000.0
523769000.0,431775000.0,52534000.0,344609000.0,121188000.0,170570000.0,21818000.0,663696000.0,56140000.0,70675000.0,15967000.0,40173000.0,34433000.0,CMER,2024,108766000.0,30507000.0
473885000.0,374075000.0,43280000.0,305670000.0,94396000.0,190605000.0,-13088000.0,646147000.0,36509000.0,58352000.0,16663000.0,19846000.0,16283000.0,CMER,2023,112294000.0,38537000.0
444459000.0,350837000.0,44875000.0,342079000.0,76762000.0,193265000.0,-29792000.0,513264000.0,9478000.0,32609000.0,11714000.0,-2236000.0,-5643000.0,CMER,2022,166598000.0,501000.0
,,,,,,,,,,,,,CMER,2021,,
1497556000.0,594050000.0,10809000.0,626096000.0,474193000.0,702172000.0,222752000.0,1761805000.0,120786000.0,218306000.0,29484000.0,91302000.0,69691000.0,ALBA,2025,306543000.0,142752000.0
1509956000.0,597108000.0,25158000.0,657455000.0,426675000.0,712921000.0,173053000.0,1719768000.0,105512000.0,199737000.0,38805000.0,66707000.0,44885000.0,ALBA,2024,286592000.0,157025000.0
1582603000.0,594242000.0,19133000.0,713183000.0,394079000.0,829030000.0,127911000.0,1710479000.0,89183000.0,183415000.0,34181000.0,55002000.0,30227000.0,ALBA,2023,392243000.0,163422000.0
1596590000.0,712626000.0,27186000.0,910734000.0,346826000.0,836532000.0,97291000.0,1453877000.0,-6117000.0,87017000.0,25549000.0,-31666000.0,-144500000.0,ALBA,2022,538805000.0,73151000.0
,,,,,,,,,,,,,ALBA,2021,,
912179000.0,653078000.0,88973000.0,479677000.0,273572000.0,264403000.0,106906000.0,727400000.0,49980000.0,75486000.0,17855000.0,32125000.0,25918000.0,BRAN,2025,155016000.0,84764000.0
784186000.0,549882000.0,126838000.0,379514000.0,264292000.0,196841000.0,100943000.0,656283000.0,56125000.0,75768000.0,14308000.0,41817000.0,41924000.0,BRAN,2024,106229000.0,65472000.0
729740000.0,530817000.0,68992000.0,395921000.0,208753000.0,178566000.0,78929000.0,660617000.0,54475000.0,69114000.0,10881000.0,43594000.0,42797000.0,BRAN,2023,105460000.0,52447000.0
593270000.0,471295000.0,67655000.0,321613000.0,165442000.0,158695000.0,36132000.0,386905000.0,26720000.0,41321000.0,4615000.0,22105000.0,14166000.0,BRAN,2022,79510000.0,63968000.0
,,,,,,,,,,,,,BRAN,2021,,
129798000.0,64477000.0,22538000.0,15932000.0,104830000.0,4236000.0,-512632000.0,15968000.0,-101042000.0,-98213000.0,586000.0,-101628000.0,-101628000.0,ELWS,2025,,
193053000.0,127642000.0,90391000.0,18102000.0,165294000.0,4596000.0,-407324000.0,31648000.0,-84589000.0,-81907000.0,534000.0,-85123000.0,-85123000.0,ELWS,2024,,
129162000.0,86125000.0,53831000.0,16608000.0,110778000.0,320000.0,-322201000.0,23097000.0,-75373000.0,-73055000.0,460000.0,-75833000.0,-75833000.0,ELWS,2023,,
146476000.0,98926000.0,67600000.0,20535000.0,125634000.0,1321000.0,-246368000.0,8650000.0,-82085000.0,-80316000.0,497000.0,-82582000.0,-82582000.0,ELWS,2022,,
,,,,,,,,,,,,,ELWS,2021,,
961524000.0,716596000.0,16711000.0,321808000.0,474312000.0,186040000.0,259473000.0,1039344000.0,73496000.0,104737000.0,11022000.0,62474000.0,39822000.0,MNIN,2025,48391000.0,32448000.0
984165000.0,738453000.0,19924000.0,346457000.0,458236000.0,232940000.0,243657000.0,1023898000.0,84001000.0,115829000.0,12866000.0,71135000.0,47931000.0,MNIN,2024,75782000.0,49577000.0
979100000.0,722401000.0,12303000.0,352671000.0,422687000.0,308305000.0,208572000.0,1059188000.0,74136000.0,103810000.0,15367000.0,58769000.0,37443000.0,MNIN,2023,126553000.0,71408000.0
1078182000.0,817246000.0,15840000.0,434640000.0,410216000.0,384417000.0,196892000.0,1114888000.0,109175000.0,134111000.0,12996000.0,96179000.0,74993000.0,MNIN,2022,171603000.0,99558000.0
,,,,,,,,,,,,,MNIN,2021,,
992738000.0,723663000.0,175590000.0,255391000.0,684714000.0,46596000.0,610798000.0,930833000.0,76331000.0,125835000.0,2195000.0,74136000.0,55555000.0,ILX,2025,0.0,
994067000.0,718467000.0,177249000.0,267870000.0,646487000.0,51346000.0,568576000.0,920371000.0,64020000.0,113118000.0,2422000.0,61598000.0,38981000.0,ILX,2024,311000.0,0.0
1016111000.0,686006000.0,148383000.0,278539000.0,623506000.0,48265000.0,544924000.0,916247000.0,75887000.0,123611000.0,1849000.0,74038000.0,50885000.0,ILX,2023,414000.0,311000.0
899181000.0,634826000.0,200955000.0,225825000.0,613104000.0,51551000.0,515411000.0,863283000.0,144659000.0,194698000.0,1574000.0,143085000.0,102123000.0,ILX,2022,559000.0,725000.0
,,,,,,,,,,,,,ILX,2021,,1285000.0
2092577000.0,597686000.0,26620000.0,544451000.0,400392000.0,1269008000.0,303793000.0,2519849000.0,79598000.0,243553000.0,48106000.0,31492000.0,23981000.0,VCTR,2025,16598000.0,0.0
2112641000.0,625586000.0,80975000.0,549823000.0,404122000.0,1273310000.0,306812000.0,2582279000.0,102028000.0,252814000.0,45522000.0,56506000.0,43746000.0,VCTR,2024,16666000.0,16438000.0
1920346000.0,603360000.0,104060000.0,528325000.0,398112000.0,1108269000.0,293066000.0,2450735000.0,90559000.0,238029000.0,30395000.0,60164000.0,46461000.0,VCTR,2023,16666000.0,33774000.0
1934013000.0,576270000.0,73441000.0,523944000.0,367798000.0,1167035000.0,261605000.0,2315218000.0,77497000.0,208429000.0,30411000.0,47086000.0,36901000.0,VCTR,2022,31666000.0,49117000.0
,,,,,,,,,,,,,VCTR,2021,,
1377310000.0,749848000.0,8080000.0,611292000.0,449293000.0,624909000.0,267340000.0,2127245000.0,104075000.0,163663000.0,13783000.0,90292000.0,71064000.0,BKRY,2025,287400000.0,
1253639000.0,650528000.0,4720000.0,512903000.0,405596000.0,553709000.0,223643000.0,2210841000.0,88325000.0,147383000.0,14766000.0,73559000.0,58706000.0,BKRY,2024,197565000.0,
1147297000.0,543981000.0,13952000.0,459278000.0,357087000.0,558943000.0,175134000.0,1777272000.0,65560000.0,122318000.0,16220000.0,49340000.0,39816000.0,BKRY,2023,210731000.0,0.0
1095363000.0,520408000.0,8115000.0,456737000.0,317109000.0,542117000.0,135141000.0,1695302000.0,54943000.0,107274000.0,13275000.0,41668000.0,32711000.0,BKRY,2022,205897000.0,4985000.0
,,,,,,,,,,,,,BKRY,2021,,16820000.0
1516196000.0,91825000.0,20825000.0,245410000.0,176322000.0,1181535000.0,-271828000.0,588566000.0,100428000.0,234513000.0,63913000.0,36515000.0,27608000.0,HLMS,2025,12632000.0,71790000.0
1383609000.0,93550000.0,27181000.0,237054000.0,124383000.0,1121161000.0,-251117000.0,552222000.0,95916000.0,213943000.0,52371000.0,43545000.0,46501000.0,HLMS,2024,27939000.0,81823000.0
1266407000.0,67415000.0,16368000.0,212603000.0,121468000.0,1020806000.0,-249642000.0,508515000.0,84876000.0,192807000.0,45070000.0,39806000.0,40063000.0,HLMS,2023,15787000.0,42394000.0
1242171000.0,106138000.0,52765000.0,226711000.0,123491000.0,990894000.0,-245941000.0,461187000.0,66993000.0,165712000.0,37412000.0,29581000.0,31707000.0,HLMS,2022,39109000.0,18644000.0
,,,,,,,,,,,,,HLMS,2021,,
528170000.0,393528000.0,14317000.0,306907000.0,195467000.0,117667000.0,,1507432000.0,51891000.0,74668000.0,0.0,51891000.0,38230000.0,TIGBUR,2025,92105000.0,
476683000.0,340752000.0,12901000.0,262743000.0,176144000.0,102885000.0,,1330722000.0,40086000.0,59255000.0,0.0,40086000.0,27996000.0,TIGBUR,2024,75593000.0,
418653000.0,281759000.0,10218000.0,218088000.0,164737000.0,85518000.0,,1197100000.0,29544000.0,44053000.0,187000.0,29357000.0,18736000.0,TIGBUR,2023,60364000.0,0.0
408898000.0,277552000.0,21208000.0,238850000.0,138375000.0,111396000.0,,1089524000.0,38932000.0,49416000.0,286000.0,38646000.0,29010000.0,TIGBUR,2022,93062000.0,8588000.0
,,,,,,,,,,,,,TIGBUR,2021,,
293709000.0,235103000.0,109877000.0,107714000.0,169547000.0,29012000.0,51945000.0,535123000.0,40127000.0,51392000.0,4310000.0,35817000.0,27864000.0,ELAD,2025,6022000.0,
226540000.0,176864000.0,15330000.0,147911000.0,62450000.0,63554000.0,24961000.0,488084000.0,36806000.0,47474000.0,8193000.0,28613000.0,22593000.0,ELAD,2024,40904000.0,
1062615000.0,539911000.0,17009000.0,506462000.0,364949000.0,339159000.0,164991000.0,926766000.0,54048000.0,99893000.0,21589000.0,32459000.0,19679000.0,SHAN,2025,256280000.0,39389000.0
1073778000.0,546463000.0,10747000.0,496992000.0,343723000.0,354878000.0,153935000.0,864829000.0,45905000.0,90859000.0,19759000.0,26146000.0,12466000.0,SHAN,2024,245922000.0,62689000.0
,,,,,,,808049000.0,41104000.0,85810000.0,15636000.0,25468000.0,15481000.0,SHAN,2023,,
1181566000.0,470539000.0,17786000.0,479711000.0,229203000.0,754446000.0,-43754000.0,751869000.0,50698000.0,118078000.0,47309000.0,3389000.0,2384000.0,BRIH,2025,251255000.0,235766000.0
1118052000.0,449413000.0,12939000.0,437683000.0,198112000.0,706638000.0,-46109000.0,633833000.0,-26187000.0,34630000.0,42597000.0,-68784000.0,-52264000.0,BRIH,2024,201335000.0,254202000.0
1114248000.0,455125000.0,30640000.0,535076000.0,243982000.0,640229000.0,6424000.0,656831000.0,36079000.0,88363000.0,23629000.0,12450000.0,7511000.0,BRIH,2023,289471000.0,108111000.0
909343000.0,454933000.0,30972000.0,466829000.0,233999000.0,463403000.0,-1182000.0,708074000.0,19352000.0,66717000.0,13914000.0,5438000.0,1205000.0,BRIH,2022,253008000.0,88756000.0
,,,,,,,,,,,,,BRIH,2021,,
1174200000.0,14876000.0,4798000.0,120288000.0,701117000.0,364361000.0,51006000.0,26452000.0,34817000.0,35197000.0,9074000.0,25743000.0,20529000.0,SMNR,2025,96076000.0,268057000.0
939944000.0,59216000.0,14543000.0,76087000.0,673012000.0,163771000.0,30477000.0,11432000.0,-10971000.0,-10693000.0,1612000.0,-12583000.0,-9685000.0,SMNR,2024,50391000.0,113113000.0
799263000.0,68748000.0,1771000.0,16237000.0,682697000.0,10933000.0,40162000.0,8558000.0,26609000.0,26980000.0,102000.0,26507000.0,20705000.0,SMNR,2023,0.0,10800000.0
454886000.0,97469000.0,5381000.0,20234000.0,360475000.0,405000.0,20243000.0,5778000.0,99033000.0,99425000.0,81000.0,98952000.0,71701000.0,SMNR,2022,,0.0
,,,,,,,,,,,,,SMNR,2021,0.0,
669258000.0,263412000.0,58362000.0,171003000.0,352944000.0,123603000.0,6528000.0,554008000.0,30416000.0,59913000.0,8659000.0,21757000.0,13541000.0,ABRA,2025,22670000.0,26106000.0
602967000.0,220819000.0,63793000.0,127753000.0,344965000.0,121315000.0,-7013000.0,444683000.0,29685000.0,55951000.0,9555000.0,20130000.0,13638000.0,ABRA,2024,16528000.0,29651000.0
589043000.0,206418000.0,94396000.0,138530000.0,290778000.0,136059000.0,-20651000.0,408001000.0,22153000.0,44333000.0,6797000.0,15356000.0,14464000.0,ABRA,2023,19084000.0,43166000.0
516521000.0,196460000.0,80635000.0,134674000.0,240785000.0,87258000.0,-35115000.0,371834000.0,15614000.0,34881000.0,3561000.0,12053000.0,2835000.0,ABRA,2022,18340000.0,59105000.0
,,,,,,,,,,,,,ABRA,2021,,
119622000.0,97560000.0,30514000.0,8327000.0,80992000.0,,53764000.0,47825000.0,17248000.0,18169000.0,42000.0,17206000.0,10835000.0,PAYT,2025,,
106704000.0,92815000.0,23590000.0,5540000.0,73058000.0,,46311000.0,50826000.0,17282000.0,18050000.0,71000.0,17211000.0,9900000.0,PAYT,2024,,
84915000.0,72776000.0,26958000.0,7731000.0,50051000.0,,42855000.0,54856000.0,18430000.0,19258000.0,62000.0,18368000.0,9970000.0,PAYT,2023,,
75192000.0,62553000.0,19242000.0,5020000.0,45405000.0,,38209000.0,60270000.0,17802000.0,18681000.0,60000.0,17742000.0,9064000.0,PAYT,2022,,
,,,,,,,,,,,,,PAYT,2021,,
1780212000.0,409813000.0,62057000.0,525506000.0,757530000.0,696443000.0,11848000.0,1021935000.0,23884000.0,99502000.0,31375000.0,-7491000.0,5075000.0,SPGS,2025,225125000.0,447462000.0
1853240000.0,358229000.0,24232000.0,441301000.0,804534000.0,745225000.0,6773000.0,856255000.0,35079000.0,106822000.0,31710000.0,3369000.0,7430000.0,SPGS,2024,178950000.0,542399000.0
1846910000.0,349619000.0,38452000.0,358432000.0,800557000.0,740717000.0,9343000.0,707184000.0,-2820000.0,68727000.0,29199000.0,-32019000.0,-71513000.0,SPGS,2023,100586000.0,620432000.0
1716108000.0,307228000.0,29969000.0,284303000.0,802432000.0,627630000.0,80856000.0,773761000.0,36490000.0,101346000.0,14143000.0,22347000.0,14579000.0,SPGS,2022,52292000.0,550014000.0
,,,,,,,,,,,,,SPGS,2021,,
1485816000.0,587453000.0,25621000.0,625431000.0,555298000.0,515106000.0,33818000.0,954151000.0,70645000.0,146355000.0,27483000.0,43162000.0,30493000.0,HAMAT,2025,230976000.0,16655000.0
1554162000.0,598032000.0,12381000.0,651480000.0,541930000.0,571255000.0,18325000.0,887069000.0,39825000.0,119319000.0,27723000.0,12102000.0,10192000.0,HAMAT,2024,240200000.0,34631000.0
1533428000.0,577565000.0,32751000.0,621502000.0,535438000.0,597390000.0,8133000.0,967354000.0,84503000.0,165109000.0,30575000.0,53928000.0,41305000.0,HAMAT,2023,243993000.0,77264000.0
1582649000.0,655941000.0,52253000.0,663971000.0,497465000.0,571125000.0,-23175000.0,1063078000.0,131857000.0,209682000.0,17434000.0,114423000.0,90461000.0,HAMAT,2022,206529000.0,126654000.0
,,,,,,,,,,,,,HAMAT,2021,,
988265000.0,681972000.0,81887000.0,706120000.0,242191000.0,498082000.0,69060000.0,625200000.0,51365000.0,65185000.0,4234000.0,47131000.0,37229000.0,ETGA,2025,472595000.0,
738006000.0,566856000.0,38472000.0,444475000.0,258224000.0,299085000.0,68831000.0,556164000.0,47204000.0,58697000.0,2728000.0,44476000.0,33518000.0,ETGA,2024,278399000.0,
485841000.0,383260000.0,35601000.0,225730000.0,247020000.0,142633000.0,55313000.0,354791000.0,36650000.0,44080000.0,1739000.0,34911000.0,26581000.0,ETGA,2023,129395000.0,
497581000.0,373932000.0,40257000.0,248947000.0,235773000.0,150564000.0,40232000.0,642441000.0,46595000.0,52742000.0,1315000.0,45280000.0,33379000.0,ETGA,2022,137454000.0,
,,,,,,,,,,,,,ETGA,2021,,0.0
988018000.0,736813000.0,22600000.0,520366000.0,425824000.0,144510000.0,327473000.0,1268383000.0,69800000.0,87378000.0,10168000.0,59632000.0,45240000.0,AMRK,2025,113277000.0,
908324000.0,675677000.0,22584000.0,462061000.0,392743000.0,86117000.0,295473000.0,1253631000.0,68063000.0,86723000.0,8982000.0,59081000.0,44694000.0,AMRK,2024,51243000.0,
880360000.0,684636000.0,21057000.0,469397000.0,358047000.0,134336000.0,262289000.0,1248636000.0,43834000.0,64751000.0,10574000.0,33260000.0,20816000.0,AMRK,2023,95286000.0,
908925000.0,715502000.0,14556000.0,516917000.0,346117000.0,131536000.0,253294000.0,1258681000.0,5205000.0,24762000.0,5001000.0,204000.0,-12362000.0,AMRK,2022,100472000.0,
,,,,,,,,,,,,,AMRK,2021,,
1019257000.0,511754000.0,65531000.0,292911000.0,315680000.0,617022000.0,,281338000.0,122953000.0,123762000.0,26078000.0,96875000.0,74675000.0,RTSN,2025,214011000.0,402703000.0
817843000.0,537350000.0,58330000.0,330724000.0,255733000.0,465322000.0,,417901000.0,100110000.0,100923000.0,19658000.0,80452000.0,61970000.0,RTSN,2024,258858000.0,205306000.0
628567000.0,394305000.0,28486000.0,357407000.0,202883000.0,331643000.0,,280838000.0,91262000.0,92098000.0,14582000.0,76680000.0,58690000.0,RTSN,2023,275411000.0,54345000.0
,,,,,,,289862000.0,48203000.0,48698000.0,7640000.0,40563000.0,31188000.0,RTSN,2022,,
1410440000.0,1117200000.0,49679000.0,787969000.0,585424000.0,640805000.0,395175000.0,408789000.0,68669000.0,69235000.0,42264000.0,26405000.0,20987000.0,SRFT,2025,613105000.0,27700000.0
1379921000.0,953223000.0,31348000.0,738276000.0,524642000.0,637811000.0,383916000.0,481461000.0,115150000.0,116103000.0,46054000.0,69096000.0,54356000.0,SRFT,2024,529317000.0,108494000.0
1322056000.0,926584000.0,65393000.0,637906000.0,501419000.0,509066000.0,360764000.0,294741000.0,68400000.0,69577000.0,29036000.0,39364000.0,30619000.0,SRFT,2023,350647000.0,158419000.0
1226325000.0,950990000.0,136651000.0,659757000.0,483517000.0,308544000.0,342528000.0,469510000.0,167905000.0,169064000.0,17262000.0,150643000.0,113533000.0,SRFT,2022,244960000.0,63584000.0
,,,,,,,,,,,,,SRFT,2021,,
735622000.0,593520000.0,9842000.0,386341000.0,262755000.0,193945000.0,170703000.0,1619118000.0,63407000.0,85894000.0,11531000.0,51876000.0,41138000.0,ICON,2025,103775000.0,
843746000.0,691633000.0,10318000.0,491339000.0,260821000.0,290743000.0,168791000.0,1597360000.0,57457000.0,79861000.0,10894000.0,46563000.0,36165000.0,ICON,2024,194538000.0,
568644000.0,433473000.0,11424000.0,261257000.0,240297000.0,127230000.0,148586000.0,1444095000.0,54465000.0,76105000.0,11825000.0,42640000.0,32732000.0,ICON,2023,49410000.0,0.0
619524000.0,475317000.0,7072000.0,317311000.0,217083000.0,202133000.0,124958000.0,1520929000.0,70854000.0,90556000.0,8551000.0,62303000.0,46857000.0,ICON,2022,115611000.0,688000.0
,,,,,,,,,,,,,ICON,2021,,0.0
545471000.0,262935000.0,24013000.0,179964000.0,189058000.0,129206000.0,27829000.0,446647000.0,13770000.0,32034000.0,6369000.0,7401000.0,809000.0,ACCL,2025,52756000.0,41334000.0
,,,,,,,,,,,,,ACCL,2024,,
,,,,,,,,10552000.0,20679000.0,2049000.0,,,ACCL,2023,,
219029000.0,163042000.0,20438000.0,91319000.0,108854000.0,29654000.0,9725000.0,,,,,,,ACCL,2022,21870000.0,4966000.0
,,,,,,,115522000.0,5459000.0,9138000.0,703000.0,4756000.0,4278000.0,ACCL,2021,,
1606176000.0,310738000.0,28898000.0,330048000.0,359340000.0,1046113000.0,152979000.0,1076472000.0,43030000.0,132356000.0,59330000.0,-16300000.0,-12966000.0,ORIN,2025,61044000.0,198856000.0
1680978000.0,340954000.0,58305000.0,344197000.0,346962000.0,1113183000.0,165945000.0,1049012000.0,73505000.0,157723000.0,45205000.0,28300000.0,21481000.0,ORIN,2024,60085000.0,251009000.0
1500385074.9,340877369.6,88043789.6,285599445.3,348500340.0,952039910.3,165735069.1,933377000.0,56666000.0,138882469.1,32809000.0,23857000.0,17899000.0,ORIN,2023,45589766.7,318915774.1
1320404036.0,335872440.0,33181984.0,366080168.0,304776664.0,774779592.0,135385032.0,1274035244.0,97889672.0,168471868.0,31116920.0,66772752.0,40423804.0,ORIN,2022,93590392.0,186736760.0
,,,,,,,,,,,,,ORIN,2021,,
4417000.0,4417000.0,3990000.0,731000.0,3686000.0,0.0,,0.0,-1004000.0,-1004000.0,0.0,-1004000.0,-1004000.0,STRK,2025,,
5296000.0,5296000.0,908000.0,616000.0,4680000.0,0.0,,3851000.0,-59952000.0,-59062000.0,26000.0,-59978000.0,-60074000.0,STRK,2024,,
234399000.0,221534000.0,15854000.0,8126000.0,222792000.0,4625000.0,,11158000.0,-50076000.0,-31176000.0,189000.0,-50265000.0,-50298000.0,STRK,2023,,
283393032.0,266601172.0,63449620.0,14522404.0,264638304.0,5085132.0,,14828992.0,-75420648.0,-70857068.0,232584.0,-75653232.0,-75716664.0,STRK,2022,,
,,,,,,,,,,,,,STRK,2021,,
636611000.0,194210000.0,138676000.0,65219000.0,275656000.0,334312000.0,16848000.0,140217000.0,74373000.0,137219000.0,29959000.0,44414000.0,27652000.0,SNFL,2025,40596000.0,239386000.0
829707000.0,191124000.0,150828000.0,78470000.0,259833000.0,540047000.0,-10804000.0,174640000.0,75964000.0,137082000.0,30034000.0,45930000.0,6407000.0,SNFL,2024,49626000.0,417521000.0
862496000.0,211678000.0,89620000.0,153044000.0,253904000.0,548279000.0,-19190000.0,184326000.0,46457000.0,112384000.0,33501000.0,12956000.0,6071000.0,SNFL,2023,96646000.0,384210000.0
834220000.0,86815000.0,57055000.0,80654000.0,205821000.0,599379000.0,-25261000.0,119987000.0,9135000.0,72363000.0,38352000.0,-29217000.0,-20807000.0,SNFL,2022,54597000.0,464128000.0
,,,,,,,,,,,,,SNFL,2021,,
482877000.0,124994000.0,25220000.0,265770000.0,110662000.0,140016000.0,13930000.0,690023000.0,27501000.0,65308000.0,9615000.0,17886000.0,13681000.0,ISRG,2025,44502000.0,49800000.0
412058000.0,112313000.0,36354000.0,219805000.0,91965000.0,148072000.0,249000.0,453158000.0,33113000.0,59004000.0,9670000.0,23443000.0,21867000.0,ISRG,2024,54956000.0,42582000.0
283439000.0,47552000.0,22533000.0,126619000.0,71221000.0,106232000.0,-21618000.0,389921000.0,24576000.0,38731000.0,6999000.0,17577000.0,17047000.0,ISRG,2023,27237000.0,43023000.0
296779000.0,90410000.0,35965000.0,138152000.0,49565000.0,119608000.0,-37695000.0,357931000.0,24576000.0,38612000.0,3983000.0,20593000.0,18776000.0,ISRG,2022,21244000.0,52523000.0
,,,,,,,,,,,,,ISRG,2021,,
1142133000.0,369777000.0,72462000.0,300857000.0,216746000.0,786546000.0,-113864000.0,919362000.0,81317000.0,206716000.0,37934000.0,43383000.0,44511000.0,GOLF,2025,52618000.0,4238000.0
879832000.0,376803000.0,25492000.0,265130000.0,221112000.0,496685000.0,-108375000.0,871493000.0,86472000.0,202057000.0,23676000.0,62796000.0,64870000.0,GOLF,2024,4501000.0,9024000.0
814153000.0,395330000.0,42277000.0,329710000.0,156299000.0,495603000.0,-173245000.0,852161000.0,-20397000.0,101495000.0,24454000.0,-44851000.0,-44782000.0,GOLF,2023,59909000.0,13538000.0
1006395000.0,448044000.0,8705000.0,374197000.0,199945000.0,608427000.0,-128463000.0,953821000.0,-6296000.0,120437000.0,24088000.0,-30384000.0,-17616000.0,GOLF,2022,72776000.0,19525000.0
,,,,,,,,,,,,,GOLF,2021,,
551318000.0,293561000.0,68604000.0,106900000.0,381183000.0,11955000.0,314093000.0,381573000.0,9130000.0,32290000.0,,13561000.0,9761000.0,KLIL,2025,,
483031000.0,301677000.0,66365000.0,82825000.0,373965000.0,14623000.0,308300000.0,313684000.0,3743000.0,27335000.0,,9145000.0,6610000.0,KLIL,2024,,
462002000.0,272332000.0,59389000.0,66938000.0,370713000.0,13141000.0,301198000.0,375676000.0,25202000.0,47699000.0,,21956000.0,15865000.0,KLIL,2023,,
468681000.0,275629000.0,33270000.0,78157000.0,357614000.0,13052000.0,285034000.0,453985000.0,47082000.0,68570000.0,334000.0,42807000.0,32674000.0,KLIL,2022,,
,,,,,,,,,,287000.0,,,KLIL,2021,,
168954000.0,9864000.0,3014000.0,20623000.0,92501000.0,65573000.0,31689000.0,26152000.0,7775000.0,13338000.0,4038000.0,3737000.0,5423000.0,TOEN,2025,9743000.0,55830000.0
178604000.0,16351000.0,10456000.0,16790000.0,94078000.0,74722000.0,33266000.0,27264000.0,7907000.0,13262000.0,4297000.0,3610000.0,2604000.0,TOEN,2024,9149000.0,65573000.0
161922000.0,19588000.0,16214000.0,10245000.0,98974000.0,56360000.0,38162000.0,22786000.0,10082000.0,14541000.0,3360000.0,6722000.0,4638000.0,TOEN,2023,6063000.0,50297000.0
,,,,,,,24139000.0,10906000.0,16062000.0,3755000.0,7151000.0,2589000.0,TOEN,2022,,
264313000.0,20409000.0,6473000.0,11221000.0,121866000.0,53576000.0,-60320000.0,78000.0,-6888000.0,-6360000.0,-7000.0,-6881000.0,-5122000.0,GEFR,2025,7200000.0,46160000.0
102303000.0,26540000.0,14469000.0,2577000.0,45247000.0,44819000.0,-55198000.0,131000.0,-5915000.0,-5576000.0,284000.0,-6199000.0,-5073000.0,GEFR,2024,0.0,44509000.0
105801000.0,38659000.0,31056000.0,2735000.0,48423000.0,45276000.0,-50125000.0,142000.0,-6624000.0,-6106000.0,48000.0,-6672000.0,-6910000.0,GEFR,2023,0.0,45276000.0
10656000.0,4699000.0,1656000.0,6226000.0,4399000.0,3195000.0,-43215000.0,60000.0,-18621000.0,-14147000.0,404000.0,-19025000.0,-20082000.0,GEFR,2022,3013000.0,0.0
,,,,,,,,,,,,,GEFR,2021,,
1369834000.0,813428000.0,42696000.0,577854000.0,409072000.0,776022000.0,336842000.0,517801000.0,61084000.0,64334000.0,36230000.0,24854000.0,16775000.0,SHVL,2025,414664000.0,360574000.0
1240182000.0,609983000.0,9388000.0,767414000.0,320102000.0,645011000.0,320101000.0,443718000.0,47845000.0,50432000.0,29114000.0,18731000.0,14604000.0,SHVL,2024,506461000.0,137070000.0
,,,,,,,330026000.0,138529000.0,140299000.0,13788000.0,124741000.0,103045000.0,SHVL,2023,,
241139000.0,175696000.0,17268000.0,40649000.0,175371000.0,31234000.0,127323000.0,261464000.0,19787000.0,28891000.0,2847000.0,16940000.0,16362000.0,GSFI,2025,4349000.0,800000.0
244965000.0,178534000.0,19687000.0,50974000.0,169494000.0,30205000.0,121251000.0,308287000.0,51791000.0,59922000.0,1025000.0,50766000.0,42471000.0,GSFI,2024,4034000.0,1700000.0
217660000.0,144185000.0,8119000.0,50488000.0,138676000.0,42015000.0,90394000.0,258633000.0,19107000.0,27839000.0,1828000.0,17279000.0,14836000.0,GSFI,2023,11641000.0,3678000.0
216707000.0,135869000.0,2069000.0,57060000.0,123692000.0,59651000.0,75558000.0,224968000.0,-1061000.0,7784000.0,2216000.0,-3277000.0,-8692000.0,GSFI,2022,21446000.0,7446000.0
,,,,,,,,,,,,,GSFI,2021,,
75199000.0,31359000.0,21506000.0,8028000.0,39113000.0,9069000.0,-723096000.0,354000.0,-49144000.0,-39520000.0,5033000.0,-54177000.0,-54177000.0,PNRG,2025,,
103645000.0,47321000.0,37401000.0,9452000.0,66467000.0,10467000.0,-668828000.0,4843000.0,-55471000.0,-49045000.0,4260000.0,-59731000.0,-59731000.0,PNRG,2024,,
115816000.0,64701000.0,19129000.0,19825000.0,61610000.0,13366000.0,-608962000.0,3176000.0,-29176000.0,-24031000.0,4087000.0,-33263000.0,-33263000.0,PNRG,2023,,
176254000.0,118752000.0,52071000.0,12684000.0,91800000.0,14549000.0,-575699000.0,2831000.0,-45168000.0,-39535000.0,2534000.0,-47702000.0,-47702000.0,PNRG,2022,,
,,,,,,,,,,,,,PNRG,2021,,
22348000.0,19638000.0,12576000.0,30416000.0,-18027000.0,1664000.0,-173189000.0,0.0,-38817000.0,-38201000.0,34728000.0,-73545000.0,-73545000.0,TURB,2025,914000.0,
4739000.0,1467000.0,1227000.0,22054000.0,-27549000.0,3656000.0,-99644000.0,0.0,-15277000.0,-14543000.0,5841000.0,-21118000.0,-21118000.0,TURB,2024,2452000.0,
4286000.0,2232000.0,1655000.0,19090000.0,-20316000.0,2235000.0,-78526000.0,0.0,-16152000.0,-15838000.0,2706000.0,-18858000.0,-18858000.0,TURB,2023,1684000.0,370000.0
10593000.0,7230000.0,6794000.0,11736000.0,-6391000.0,1761000.0,-59668000.0,0.0,-18736000.0,-17855000.0,437000.0,-19173000.0,-19173000.0,TURB,2022,914000.0,0.0
,,,,,,,,,,,,,TURB,2021,,
641888000.0,120128000.0,4362000.0,164787000.0,212407000.0,348182000.0,120261000.0,377840000.0,52978000.0,103867000.0,20179000.0,32799000.0,25080000.0,OVRS,2025,56762000.0,94889000.0
670714000.0,109545000.0,6329000.0,144400000.0,197227000.0,409827000.0,105081000.0,326018000.0,37122000.0,94035000.0,22020000.0,15102000.0,11354000.0,OVRS,2024,56177000.0,135494000.0
691638000.0,85932000.0,4110000.0,143379000.0,186760000.0,428273000.0,95519000.0,341185000.0,437000.0,55346000.0,22009000.0,-21572000.0,-27647000.0,OVRS,2023,44862000.0,150912000.0
748564000.0,97842000.0,10776000.0,133876000.0,217688000.0,447039000.0,128169000.0,352881000.0,49488000.0,98158000.0,16501000.0,32987000.0,24446000.0,OVRS,2022,28027000.0,155044000.0
,,,,,,,,,,,,,OVRS,2021,,
751410000.0,673340000.0,77819000.0,388514000.0,241123000.0,245734000.0,-13654000.0,109645000.0,-13535000.0,-12277000.0,4655000.0,-18190000.0,-13731000.0,BVGG,2025,123535000.0,103253000.0
418837000.0,337892000.0,37231000.0,165995000.0,252104000.0,93524000.0,77000.0,136391000.0,-3258000.0,-3001000.0,1094000.0,-4352000.0,-3858000.0,BVGG,2024,93524000.0,0.0
368230000.0,268330000.0,33897000.0,114484000.0,252827000.0,0.0,3579000.0,128332000.0,-8173000.0,-7985000.0,0.0,-8173000.0,-7274000.0,BVGG,2023,0.0,
421279000.0,374406000.0,76460000.0,166462000.0,253702000.0,,9932000.0,271885000.0,14427000.0,14564000.0,2000.0,14425000.0,9932000.0,BVGG,2022,,
477692000.0,420672000.0,52453000.0,177621000.0,269000000.0,137805000.0,-395249000.0,999794000.0,54395000.0,67439000.0,4751000.0,49644000.0,38111000.0,SNCM,2025,97365000.0,0.0
489680000.0,430835000.0,81616000.0,105303000.0,256185000.0,152001000.0,-406936000.0,1057419000.0,66093000.0,80235000.0,5885000.0,60208000.0,48003000.0,SNCM,2024,14258000.0,96143000.0
439610000.0,385446000.0,5852000.0,69228000.0,227269000.0,166461000.0,-435521000.0,853701000.0,33083000.0,47231000.0,5731000.0,27352000.0,22336000.0,SNCM,2023,14010000.0,108439000.0
521608000.0,462564000.0,190306000.0,71703000.0,293577000.0,177895000.0,-368616000.0,953308000.0,96751000.0,110296000.0,6716000.0,90035000.0,73240000.0,SNCM,2022,13775000.0,120356000.0
,,,,,,,,,,,,,SNCM,2021,,
1000565000.0,398351000.0,22898000.0,443470000.0,513938000.0,351375000.0,87277000.0,462417000.0,-12887000.0,15068000.0,16229000.0,-29116000.0,-29387000.0,CRML,2025,327285000.0,
1006541000.0,463430000.0,100271000.0,421103000.0,541729000.0,337487000.0,116664000.0,485335000.0,39507000.0,58010000.0,17227000.0,22280000.0,20880000.0,CRML,2024,314847000.0,0.0
910105000.0,421803000.0,42629000.0,390936000.0,475936000.0,305179000.0,95784000.0,325712000.0,40006000.0,58780000.0,12320000.0,27686000.0,29797000.0,CRML,2023,285016000.0,1850000.0
741706000.0,316739000.0,8396000.0,247424000.0,444122000.0,150239000.0,65987000.0,275806000.0,-170000.0,18238000.0,662000.0,-832000.0,-4071000.0,CRML,2022,123375000.0,7889000.0
,,,,,,,,,,,,,CRML,2021,,15738000.0
212182000.0,86769000.0,14050000.0,36266000.0,170040000.0,2272000.0,124677000.0,181844000.0,38823000.0,46970000.0,55000.0,38768000.0,34321000.0,RIMO,2025,,
226720000.0,95246000.0,21533000.0,39552000.0,181218000.0,2557000.0,135821000.0,182974000.0,46096000.0,54295000.0,96000.0,46000000.0,41271000.0,RIMO,2024,,
222206000.0,87230000.0,13154000.0,35384000.0,180676000.0,1784000.0,135392000.0,213114000.0,47701000.0,56158000.0,441000.0,47260000.0,41911000.0,RIMO,2023,0.0,
230933000.0,92642000.0,2402000.0,66850000.0,157577000.0,24034000.0,113986000.0,213295000.0,54373000.0,62976000.0,798000.0,53575000.0,47833000.0,RIMO,2022,21430000.0,
,,,,,,,,,,,,,RIMO,2021,25278000.0,
141504000.0,80720000.0,5254000.0,47865000.0,84868000.0,13098000.0,26782000.0,154779000.0,28558000.0,41853000.0,774000.0,27784000.0,22684000.0,UNIT,2025,11342000.0,0.0
142989000.0,81105000.0,2677000.0,44747000.0,91099000.0,5400000.0,32954000.0,192236000.0,51687000.0,65200000.0,495000.0,51192000.0,43708000.0,UNIT,2024,2693000.0,142000.0
151339000.0,91419000.0,13259000.0,72300000.0,69980000.0,5593000.0,13261000.0,211671000.0,52409000.0,65240000.0,356000.0,52053000.0,41213000.0,UNIT,2023,867000.0,344000.0
152623000.0,93135000.0,6937000.0,58150000.0,76633000.0,6062000.0,20425000.0,155520000.0,23632000.0,35215000.0,254000.0,23378000.0,18861000.0,UNIT,2022,2313000.0,969000.0
,,,,,,,,,,,,,UNIT,2021,,
179470000.0,68871000.0,17412000.0,18171000.0,103121000.0,34421000.0,,31686000.0,33627000.0,35939000.0,3910000.0,29717000.0,28880000.0,KNFM,2025,5774000.0,28395000.0
167414000.0,31855000.0,10325000.0,11519000.0,78393000.0,62744000.0,,28559000.0,29541000.0,31036000.0,5229000.0,24312000.0,22550000.0,KNFM,2024,6422000.0,56188000.0
181067000.0,40606000.0,11360000.0,40867000.0,58945000.0,97878000.0,,27844000.0,18055000.0,16446000.0,7622000.0,10433000.0,14311000.0,KNFM,2023,35028000.0,62665000.0
205392000.0,45805000.0,12711000.0,28888000.0,47180000.0,129637000.0,,29330000.0,7591000.0,29142000.0,7853000.0,-262000.0,5105000.0,KNFM,2022,20009000.0,109628000.0
,,,,,,,,,,,,,KNFM,2021,,
460554000.0,122721000.0,51167000.0,144075000.0,203562000.0,176612000.0,202396000.0,374941000.0,14419000.0,44120000.0,13398000.0,1021000.0,-2077000.0,AVGL,2025,85976000.0,88145000.0
469002000.0,138675000.0,60892000.0,148194000.0,191391000.0,198169000.0,204473000.0,350027000.0,18575000.0,44711000.0,9985000.0,8590000.0,-620000.0,AVGL,2024,87980000.0,107271000.0
441638000.0,123824000.0,49804000.0,114308000.0,198694000.0,179959000.0,205093000.0,318067000.0,16369000.0,42352000.0,10398000.0,5971000.0,3993000.0,AVGL,2023,71344000.0,107711000.0
465681000.0,144392000.0,61511000.0,121686000.0,209484000.0,187423000.0,200700000.0,426824000.0,45874000.0,72397000.0,9869000.0,36005000.0,27507000.0,AVGL,2022,75070000.0,111461000.0
,,,,,,,,,,,,,AVGL,2021,,
1762350000.0,1039604000.0,36214000.0,1020859000.0,281002000.0,1380103000.0,147291000.0,381141000.0,49250000.0,55764000.0,35388000.0,13862000.0,8638000.0,NTGR,2025,920801000.0,453452000.0
1666583000.0,986978000.0,74636000.0,888960000.0,280514000.0,1304252000.0,138653000.0,143177000.0,11007000.0,15741000.0,36688000.0,-25681000.0,-15911000.0,NTGR,2024,797415000.0,481521000.0
1372314000.0,852373000.0,76407000.0,837603000.0,299440000.0,912503000.0,156868000.0,364214000.0,187654000.0,189847000.0,15309000.0,172345000.0,126441000.0,NTGR,2023,674366000.0,220919000.0
1576241000.0,1236351000.0,62335000.0,860064000.0,337430000.0,921531000.0,195304000.0,241139000.0,27515000.0,29772000.0,23739000.0,3776000.0,2840000.0,NTGR,2022,542718000.0,378062000.0
,,,,,,,,,,,,,NTGR,2021,,
1642774000.0,984820000.0,109087000.0,868138000.0,372002000.0,879391000.0,276333000.0,1405646000.0,-128766000.0,-13107000.0,63323000.0,-192089000.0,-227803000.0,MTRN,2025,533173000.0,189754000.0
2092999000.0,1261413000.0,84439000.0,933492000.0,634819000.0,1047528000.0,504136000.0,1626453000.0,46878000.0,140846000.0,61992000.0,-15114000.0,-35402000.0,MTRN,2024,609206000.0,255821000.0
2179305000.0,1437261000.0,130044000.0,1007909000.0,758224000.0,995818000.0,609428000.0,1889565000.0,242334000.0,330760000.0,55879000.0,186455000.0,143320000.0,MTRN,2023,644702000.0,190409000.0
2091614000.0,1406405000.0,120891000.0,955393000.0,674077000.0,876640000.0,555179000.0,1786896000.0,284487000.0,354165000.0,20752000.0,263735000.0,218296000.0,MTRN,2022,477422000.0,248157000.0
266334455.65,167379448.55,79563156.2,173334926.85,77294099.9,98106494.45,-32945807.65,240866364.35,30003025.95,71630993.0,11408840.5,18594185.45,20179982.5,GLTL,2025,52833418.75,0.0
238624772.58,97870274.19,40243228.11,133273502.55,57871785.69,106092794.52,-61152027.03,254207745.36,16317191.61,53082925.56,9259924.05,7057267.56,6523954.38,GLTL,2024,25679394.9,5263728.03
175723134.4,95473148.7,46371804.5,127616420.8,43422079.4,50931160.8,-70394790.9,209381130.2,11180103.5,39143649.3,7596396.3,3583707.2,2714354.5,GLTL,2023,39329668.0,1104723.3
157272596.0,78236324.0,38401028.0,80114616.0,34658540.0,63840784.0,-67900432.0,151521428.0,-5564396.0,35951848.0,7460308.0,-13024704.0,-14321536.0,GLTL,2022,8891052.0,40455520.0
,,,,,,,,,,,,,GLTL,2021,,
940344000.0,627189000.0,67283000.0,594260000.0,168022000.0,256659000.0,139114000.0,1497012000.0,53239000.0,85090000.0,16984000.0,36255000.0,19660000.0,PEAX,2025,160355000.0,62949000.0
926257000.0,623332000.0,68533000.0,595288000.0,161537000.0,226062000.0,129501000.0,1452991000.0,63288000.0,93883000.0,14996000.0,48292000.0,25498000.0,PEAX,2024,135737000.0,57441000.0
876286000.0,602262000.0,58151000.0,565794000.0,150549000.0,222042000.0,116400000.0,1357381000.0,57008000.0,88157000.0,14270000.0,42738000.0,22292000.0,PEAX,2023,128174000.0,61720000.0
855582000.0,579983000.0,47968000.0,541886000.0,136749000.0,239069000.0,102988000.0,1168249000.0,44169000.0,74984000.0,6926000.0,37243000.0,16760000.0,PEAX,2022,134103000.0,72792000.0
,,,,,,,,,,,,,PEAX,2021,,
15441000.0,1753000.0,228000.0,13994000.0,-5664000.0,8898000.0,-362094000.0,0.0,-23796000.0,-21040000.0,694000.0,-24490000.0,-24490000.0,BONS,2025,,
23406000.0,7190000.0,6859000.0,7916000.0,6957000.0,10192000.0,-337604000.0,0.0,-27047000.0,-24254000.0,779000.0,-27826000.0,-27826000.0,BONS,2024,,
44889000.0,26440000.0,12937000.0,5910000.0,29305000.0,11158000.0,-309778000.0,0.0,-27681000.0,-24920000.0,848000.0,-28529000.0,-28529000.0,BONS,2023,,
74610000.0,54434000.0,53624000.0,7623000.0,56389000.0,11952000.0,-281249000.0,0.0,-37812000.0,-35149000.0,891000.0,-38703000.0,-38703000.0,BONS,2022,,
,,,,,,,,,,,,,BONS,2021,,
796096000.0,193579000.0,15565000.0,383456000.0,338023000.0,326183000.0,-65796000.0,111543000.0,47015000.0,48971000.0,25103000.0,21912000.0,37050000.0,CILO,2025,309722000.0,0.0
950491000.0,368761000.0,23499000.0,298261000.0,301769000.0,390538000.0,-102846000.0,228343000.0,444091000.0,460344000.0,132620000.0,311471000.0,325133000.0,CILO,2024,113487000.0,260664000.0
2997391000.0,2401016000.0,4073000.0,2917085000.0,-204442000.0,2654067000.0,-427979000.0,400280000.0,-836221000.0,-831430000.0,69036000.0,-905257000.0,-869402000.0,CILO,2023,2637975000.0,0.0
4073003000.0,2750226000.0,60482000.0,2623878000.0,667595000.0,2929162000.0,441423000.0,815460000.0,193624000.0,196919000.0,17546000.0,176078000.0,117623000.0,CILO,2022,2350382000.0,562877000.0
,,,,,,,,,,,,,CILO,2021,,
114360000.0,53643000.0,4260000.0,42767000.0,15482000.0,64305000.0,-22295000.0,4786000.0,-1163000.0,-892000.0,1252000.0,-2415000.0,-1990000.0,SADE,2025,35639000.0,27351000.0
13998000.0,9787000.0,1088000.0,7289000.0,113000.0,763000.0,-20305000.0,4429000.0,-2482000.0,-2078000.0,23000.0,-2505000.0,-1034000.0,SADE,2024,28000.0,338000.0
9853000.0,7920000.0,1917000.0,8118000.0,-556000.0,467000.0,-19271000.0,4895000.0,-2275000.0,-1902000.0,40000.0,-2315000.0,-4406000.0,SADE,2023,56000.0,28000.0
10511000.0,9077000.0,1150000.0,10345000.0,-2529000.0,583000.0,-14665000.0,8511000.0,-141000.0,507000.0,95000.0,-236000.0,-251000.0,SADE,2022,57000.0,121000.0
,,,,,,,,,,,,,SADE,2021,,
138788000.0,91892000.0,8652000.0,51522000.0,71354000.0,41128000.0,32627000.0,120260000.0,-2642000.0,5930000.0,2474000.0,-5116000.0,-4780000.0,AMD,2025,22830000.0,
144454000.0,97487000.0,11566000.0,55612000.0,75278000.0,40074000.0,39472000.0,130791000.0,3279000.0,12169000.0,2391000.0,888000.0,48000.0,AMD,2024,23823000.0,
144443000.0,93743000.0,12185000.0,49222000.0,79180000.0,34964000.0,42424000.0,123656000.0,8317000.0,16453000.0,2063000.0,6254000.0,4279000.0,AMD,2023,16110000.0,
131434000.0,86322000.0,13581000.0,29687000.0,83271000.0,19569000.0,38145000.0,121243000.0,8436000.0,15665000.0,919000.0,7517000.0,4211000.0,AMD,2022,2018000.0,0.0
,,,,,,,,,,,,,AMD,2021,,21000.0
51680000.0,44437000.0,35225000.0,28125000.0,-2998000.0,6174000.0,-121757000.0,34620000.0,-15823000.0,-12171000.0,1010000.0,-16833000.0,-16891000.0,RZR,2025,,
79932000.0,60625000.0,55289000.0,32229000.0,11143000.0,18278000.0,-106899000.0,17219000.0,-14184000.0,-10814000.0,1243000.0,-15427000.0,-15480000.0,RZR,2024,,
82822000.0,61128000.0,51347000.0,17805000.0,25565000.0,20679000.0,-91419000.0,5288000.0,-17081000.0,-13703000.0,1309000.0,-18390000.0,-18329000.0,RZR,2023,,
71299000.0,46828000.0,44516000.0,6714000.0,42805000.0,23235000.0,-73090000.0,5143000.0,-26468000.0,-23317000.0,994000.0,-27462000.0,-27562000.0,RZR,2022,0.0,
,,,,,,,,,,,,,RZR,2021,339000.0,0.0
213252000.0,169195000.0,53759000.0,89226000.0,94718000.0,27197000.0,,263402000.0,33637000.0,41453000.0,978000.0,32659000.0,18687000.0,ARAN,2025,8440000.0,7499000.0
192411000.0,144774000.0,20258000.0,60793000.0,104096000.0,37183000.0,,218029000.0,11037000.0,18898000.0,1657000.0,9380000.0,6816000.0,ARAN,2024,15169000.0,10712000.0
227121000.0,163106000.0,12970000.0,87307000.0,96963000.0,71504000.0,,171948000.0,12516000.0,17952000.0,1708000.0,10808000.0,16086000.0,ARAN,2023,35671000.0,25346000.0
228784000.0,139281000.0,48800000.0,64552000.0,86752000.0,101076000.0,,172818000.0,41467000.0,45937000.0,1936000.0,39531000.0,23496000.0,ARAN,2022,26808000.0,60441000.0
,,,,,,,,,,,,,ARAN,2021,,
365450000.0,210774000.0,4732000.0,102299000.0,258696000.0,48353000.0,223410000.0,246225000.0,12003000.0,16917000.0,2065000.0,9938000.0,5742000.0,SHNP,2025,42416000.0,
383289000.0,218235000.0,20773000.0,113968000.0,267978000.0,69125000.0,232692000.0,250371000.0,32787000.0,37266000.0,2620000.0,30167000.0,28039000.0,SHNP,2024,67934000.0,0.0
454751000.0,249340000.0,8427000.0,133563000.0,250939000.0,97249000.0,215653000.0,234633000.0,25794000.0,36055000.0,1311000.0,24483000.0,37607000.0,SHNP,2023,86864000.0,528000.0
585271000.0,355231000.0,7421000.0,202693000.0,223132000.0,156435000.0,187846000.0,214597000.0,24567000.0,33948000.0,1199000.0,23368000.0,25152000.0,SHNP,2022,127998000.0,14769000.0
,,,,,,,,,,,,,SHNP,2021,,27664000.0
5562000.0,457000.0,105000.0,29241000.0,-32504000.0,24546000.0,-198319000.0,0.0,-5491000.0,-5327000.0,4265000.0,-9756000.0,-9756000.0,GIVO,2025,17208000.0,7338000.0
5511000.0,222000.0,58000.0,24710000.0,-26770000.0,20370000.0,-188563000.0,0.0,-2179000.0,-2008000.0,3714000.0,-5893000.0,-5893000.0,GIVO,2024,14293000.0,6077000.0
5800000.0,333000.0,9000.0,19411000.0,-24578000.0,18666000.0,-182670000.0,0.0,-7013000.0,-6835000.0,2554000.0,-9567000.0,-9567000.0,GIVO,2023,8932000.0,9734000.0
6323000.0,748000.0,34000.0,17692000.0,-19030000.0,12020000.0,-173103000.0,132000.0,-19083000.0,-18838000.0,1596000.0,-20679000.0,-20679000.0,GIVO,2022,6657000.0,5363000.0
,,,,,,,,,,,,,GIVO,2021,,
23461000.0,17503000.0,6445000.0,4967000.0,9323000.0,9840000.0,-28778000.0,13251000.0,-584000.0,508000.0,660000.0,-1244000.0,-1270000.0,FGAS,2025,1382000.0,5090000.0
19853000.0,13898000.0,4276000.0,5217000.0,5272000.0,9263000.0,-27508000.0,10323000.0,-4022000.0,-3453000.0,446000.0,-4468000.0,-4511000.0,FGAS,2024,0.0,5758000.0
18011000.0,16093000.0,7216000.0,4336000.0,8630000.0,6071000.0,-22997000.0,8967000.0,-1293000.0,-759000.0,386000.0,-1679000.0,-1679000.0,FGAS,2023,1234000.0,4363000.0
10826000.0,8763000.0,1651000.0,1823000.0,3467000.0,5578000.0,-21318000.0,5618000.0,-1925000.0,-1446000.0,907000.0,-2832000.0,-2832000.0,FGAS,2022,0.0,4826000.0
,,,,,,,,,,,,,FGAS,2021,,
173485000.0,81243000.0,2122000.0,30398000.0,117817000.0,33130000.0,41988000.0,98632000.0,26530000.0,33435000.0,3985000.0,22545000.0,17539000.0,SLRM,2025,9409000.0,17202000.0
149024000.0,57855000.0,147000.0,62765000.0,60158000.0,51901000.0,24449000.0,76982000.0,16712000.0,20837000.0,3772000.0,12940000.0,9878000.0,SLRM,2024,26790000.0,20880000.0
,,,,,,,69406000.0,13025000.0,15346000.0,2069000.0,10956000.0,9571000.0,SLRM,2023,,
213192000.0,197936000.0,5938000.0,127737000.0,82198000.0,107049000.0,18799000.0,54753000.0,27798000.0,30992000.0,4026000.0,23772000.0,18188000.0,PMNT,2025,104241000.0,
166563000.0,155516000.0,10920000.0,97039000.0,68081000.0,83346000.0,9611000.0,42602000.0,21801000.0,23941000.0,4585000.0,17216000.0,13291000.0,PMNT,2024,82410000.0,
,,,,,,,36882000.0,20440000.0,20657000.0,7168000.0,13272000.0,10298000.0,PMNT,2023,,
39854000.0,34743000.0,29111000.0,4549000.0,35195000.0,248000.0,-30749000.0,9672000.0,-29518000.0,-29326000.0,116000.0,-29634000.0,-29634000.0,JEEN,2025,81000.0,0.0
2855000.0,1076000.0,159000.0,2184000.0,-420000.0,2080000.0,-1115000.0,3333000.0,-8413000.0,-7971000.0,48000.0,-8461000.0,-8464000.0,JEEN,2024,989000.0,1091000.0
27085000.0,25303000.0,17859000.0,2122000.0,24296000.0,1071000.0,-66726000.0,2723000.0,-11601000.0,-10588000.0,106000.0,-11707000.0,-11712000.0,JEEN,2023,,
39008000.0,36342000.0,26509000.0,2152000.0,35851000.0,1395000.0,-55014000.0,5549000.0,-7712000.0,-6450000.0,143000.0,-7855000.0,-7878000.0,JEEN,2022,0.0,
,,,,,,,,,,,,,JEEN,2021,1555000.0,0.0
562886000.0,313804000.0,10543000.0,138924000.0,299540000.0,178270000.0,201385000.0,427217000.0,25308000.0,54221000.0,7152000.0,18156000.0,17045000.0,GRIN,2025,58924000.0,64368000.0
534461000.0,294299000.0,14261000.0,133064000.0,292431000.0,129431000.0,189794000.0,406260000.0,39593000.0,66102000.0,6490000.0,33103000.0,25399000.0,GRIN,2024,27928000.0,35435000.0
501538000.0,277010000.0,5028000.0,98303000.0,292241000.0,140118000.0,184507000.0,430240000.0,50959000.0,74788000.0,6787000.0,44172000.0,38436000.0,GRIN,2023,36359000.0,33061000.0
496802000.0,299491000.0,17808000.0,103029000.0,287603000.0,134113000.0,190854000.0,414857000.0,50280000.0,72945000.0,4050000.0,46230000.0,42050000.0,GRIN,2022,27817000.0,32202000.0
,,,,,,,,,,,,,GRIN,2021,,
34965000.0,28722000.0,1130000.0,27293000.0,3337000.0,15650000.0,-80723000.0,20933000.0,-11591000.0,-10576000.0,1420000.0,-13011000.0,-13063000.0,THES,2025,11519000.0,
27321000.0,25292000.0,7932000.0,10906000.0,14316000.0,4530000.0,-67660000.0,17555000.0,-4786000.0,-4146000.0,2363000.0,-7149000.0,-7149000.0,THES,2024,3389000.0,0.0
17162000.0,15195000.0,2089000.0,12808000.0,-763000.0,7415000.0,-60511000.0,14820000.0,564000.0,1068000.0,1065000.0,-501000.0,-501000.0,THES,2023,3007000.0,3138000.0
11430000.0,8697000.0,674000.0,10171000.0,-4800000.0,7958000.0,-60010000.0,10422000.0,-7267000.0,-6782000.0,890000.0,-8157000.0,-8231000.0,THES,2022,2517000.0,3852000.0
,,,,,,,,,,,,,THES,2021,,0.0
13444000.0,5864000.0,771000.0,5000000.0,6680000.0,1910000.0,-79510000.0,9736000.0,-22913000.0,-19477000.0,138000.0,-23051000.0,-21608000.0,ARDM,2025,0.0,0.0
39091000.0,14403000.0,2522000.0,4332000.0,28748000.0,6044000.0,-57902000.0,14450000.0,-22828000.0,-18515000.0,152000.0,-22980000.0,-22798000.0,ARDM,2024,479000.0,351000.0
59509000.0,21246000.0,1874000.0,9705000.0,42278000.0,8328000.0,-35104000.0,33868000.0,-1196000.0,2961000.0,219000.0,-1415000.0,-545000.0,ARDM,2023,1950000.0,182000.0
62952000.0,23194000.0,4636000.0,10859000.0,43392000.0,10745000.0,-34559000.0,24473000.0,-11819000.0,-7721000.0,171000.0,-11990000.0,-10897000.0,ARDM,2022,3324000.0,325000.0
,,,,,,,,,,,,,ARDM,2021,,
577537000.0,344111000.0,8242000.0,250466000.0,275847000.0,195027000.0,236260000.0,430642000.0,51998000.0,72137000.0,16862000.0,35136000.0,27502000.0,BRMG,2025,141562000.0,20251000.0
552630000.0,308630000.0,8824000.0,222809000.0,260502000.0,194541000.0,219750000.0,402769000.0,50225000.0,71901000.0,15257000.0,34968000.0,29151000.0,BRMG,2024,123297000.0,32001000.0
533271000.0,290620000.0,14092000.0,210293000.0,231819000.0,221486000.0,190230000.0,462946000.0,20667000.0,39589000.0,20452000.0,215000.0,-25000.0,BRMG,2023,127285000.0,45083000.0
621409000.0,387856000.0,7958000.0,267431000.0,243074000.0,272064000.0,197383000.0,516589000.0,39231000.0,57001000.0,12922000.0,26309000.0,25887000.0,BRMG,2022,158167000.0,56926000.0
,,,,,,,,,,,,,BRMG,2021,,
202531000.0,179797000.0,75302000.0,42698000.0,151533000.0,8238000.0,101370000.0,183550000.0,16918000.0,22760000.0,413000.0,16505000.0,11224000.0,STG,2025,4175000.0,1776000.0
198031000.0,173710000.0,64094000.0,39937000.0,147697000.0,10964000.0,105146000.0,179938000.0,28915000.0,34239000.0,596000.0,28319000.0,21336000.0,STG,2024,4059000.0,5957000.0
,,,,,,,170732000.0,25477000.0,30713000.0,840000.0,24637000.0,18398000.0,STG,2023,,
378256000.0,288054000.0,78965000.0,159815000.0,127970000.0,124223000.0,124203000.0,437311000.0,2867000.0,9032000.0,7176000.0,-4309000.0,-5927000.0,NXTM,2025,34697000.0,77375000.0
363021000.0,272771000.0,56823000.0,148349000.0,138720000.0,108215000.0,133630000.0,447246000.0,19711000.0,25805000.0,6816000.0,12895000.0,8677000.0,NXTM,2024,34205000.0,67522000.0
365877000.0,277604000.0,50787000.0,142857000.0,130627000.0,124276000.0,124953000.0,472079000.0,30612000.0,37762000.0,7912000.0,22700000.0,17164000.0,NXTM,2023,32491000.0,84467000.0
337429000.0,253026000.0,22396000.0,133813000.0,113100000.0,135646000.0,107789000.0,440413000.0,17286000.0,23422000.0,6814000.0,10472000.0,7262000.0,NXTM,2022,45803000.0,81984000.0
,,,,,,,,,,,,,NXTM,2021,,
601534000.0,215527000.0,10390000.0,275366000.0,177178000.0,187000000.0,50867000.0,437492000.0,27738000.0,64093000.0,3393000.0,24345000.0,16623000.0,SHGR,2025,46026000.0,79217000.0
485559000.0,139985000.0,11967000.0,184740000.0,164779000.0,136864000.0,39244000.0,366625000.0,23797000.0,57154000.0,3027000.0,20770000.0,13973000.0,SHGR,2024,19829000.0,56883000.0
483954000.0,136007000.0,13307000.0,175679000.0,150107000.0,165461000.0,25271000.0,329015000.0,14526000.0,45924000.0,2522000.0,12004000.0,8466000.0,SHGR,2023,34957000.0,78622000.0
499674000.0,140624000.0,8190000.0,166879000.0,138193000.0,214358000.0,16805000.0,294570000.0,11427000.0,42858000.0,2326000.0,9101000.0,8849000.0,SHGR,2022,47572000.0,106191000.0
,,,,,,,,,,,,,SHGR,2021,,
790218000.0,206755000.0,50327000.0,356306000.0,117512000.0,402494000.0,36972000.0,752168000.0,27256000.0,123175000.0,21169000.0,6087000.0,4689000.0,MRG,2025,9229000.0,11468000.0
853939000.0,216594000.0,10562000.0,369181000.0,116049000.0,461212000.0,36283000.0,786102000.0,37058000.0,134082000.0,22197000.0,14861000.0,11405000.0,MRG,2024,12060000.0,20697000.0
850876000.0,185389000.0,11490000.0,353530000.0,103926000.0,481841000.0,24878000.0,745209000.0,-33921000.0,65472000.0,24215000.0,-58136000.0,-44667000.0,MRG,2023,9753000.0,32757000.0
982645000.0,232143000.0,45371000.0,378396000.0,131585000.0,553318000.0,69545000.0,745869000.0,10176000.0,96592000.0,18165000.0,-7989000.0,-6834000.0,MRG,2022,12686000.0,50010000.0
,,,,,,,,,,,,,MRG,2021,,
46101000.0,38818000.0,11559000.0,13904000.0,27411000.0,4104000.0,19390000.0,48498000.0,2911000.0,4305000.0,888000.0,2023000.0,2046000.0,CISY,2025,,
40677000.0,34088000.0,9180000.0,11371000.0,25251000.0,3337000.0,17257000.0,33601000.0,830000.0,2070000.0,311000.0,519000.0,344000.0,CISY,2024,,
39968000.0,31792000.0,9927000.0,10733000.0,25201000.0,3179000.0,17256000.0,36799000.0,5658000.0,6774000.0,58000.0,5600000.0,5046000.0,CISY,2023,,
34428000.0,26758000.0,9411000.0,9519000.0,20652000.0,3580000.0,12790000.0,35173000.0,5204000.0,6043000.0,92000.0,5112000.0,4351000.0,CISY,2022,,
,,,,,,,,,,,,,CISY,2021,,
252045000.0,122966000.0,2980000.0,72283000.0,175132000.0,35730000.0,88012000.0,273315000.0,33658000.0,43306000.0,2734000.0,30924000.0,22796000.0,PRMG,2025,31239000.0,2282000.0
275942000.0,141534000.0,4945000.0,90110000.0,176732000.0,50527000.0,90216000.0,302307000.0,37424000.0,46733000.0,2682000.0,34742000.0,26429000.0,PRMG,2024,41707000.0,4518000.0
296143000.0,159193000.0,3318000.0,108429000.0,169933000.0,73794000.0,83787000.0,311958000.0,37023000.0,45897000.0,4314000.0,32709000.0,25154000.0,PRMG,2023,56468000.0,10834000.0
291961000.0,199933000.0,5476000.0,117491000.0,144225000.0,103522000.0,58633000.0,275696000.0,26638000.0,36434000.0,3133000.0,23505000.0,18000000.0,PRMG,2022,74271000.0,22120000.0
,,,,,,,,,,,,,PRMG,2021,,
178778000.0,171463000.0,282000.0,69310000.0,107761000.0,30563000.0,83678000.0,301454000.0,38956000.0,40878000.0,6923000.0,32033000.0,24847000.0,RLCO,2025,28731000.0,
181951000.0,172982000.0,3809000.0,66671000.0,112692000.0,20913000.0,88831000.0,325923000.0,51807000.0,53796000.0,4549000.0,47258000.0,36577000.0,RLCO,2024,17970000.0,
148126000.0,139920000.0,4486000.0,49180000.0,96187000.0,3140000.0,72254000.0,272106000.0,33943000.0,35937000.0,4229000.0,29714000.0,22869000.0,RLCO,2023,0.0,
174285000.0,163877000.0,4869000.0,76132000.0,94457000.0,13809000.0,69385000.0,274942000.0,36708000.0,40656000.0,4027000.0,32681000.0,25427000.0,RLCO,2022,9105000.0,
,,,,,,,,,,,,,RLCO,2021,,0.0
156163000.0,97574000.0,7663000.0,59639000.0,78432000.0,32187000.0,-50241000.0,237254000.0,7962000.0,15167000.0,2941000.0,5021000.0,2688000.0,TFRLF,2025,14520000.0,8470000.0
149787000.0,108511000.0,6216000.0,62438000.0,76792000.0,12091000.0,-50869000.0,293863000.0,23010000.0,31118000.0,3451000.0,19559000.0,15112000.0,TFRLF,2024,5000000.0,0.0
140844000.0,107375000.0,3321000.0,61560000.0,63182000.0,21786000.0,-63986000.0,243463000.0,18976000.0,25872000.0,4520000.0,14456000.0,10933000.0,TFRLF,2023,7457000.0,7650000.0
155238000.0,124356000.0,3690000.0,92818000.0,52150000.0,58560000.0,-74919000.0,222310000.0,13159000.0,19229000.0,3354000.0,9805000.0,7447000.0,TFRLF,2022,46710000.0,3429000.0
,,,,,,,,,,,,,TFRLF,2021,,
236999000.0,134179000.0,23555000.0,50022000.0,106134000.0,63306000.0,-253011000.0,162025000.0,26259000.0,40290000.0,4570000.0,21689000.0,15956000.0,TGI,2025,19600000.0,24024000.0
230012000.0,123817000.0,8718000.0,54185000.0,93684000.0,64658000.0,-253855000.0,162765000.0,26058000.0,40662000.0,4442000.0,21616000.0,17258000.0,TGI,2024,14434000.0,27796000.0
281579000.0,175657000.0,14967000.0,91480000.0,94103000.0,88046000.0,-254113000.0,181772000.0,27573000.0,43755000.0,6436000.0,21137000.0,15750000.0,TGI,2023,24530000.0,38837000.0
317079000.0,192490000.0,33124000.0,98334000.0,77248000.0,110917000.0,-269863000.0,72527000.0,10676000.0,17289000.0,1447000.0,9229000.0,9994000.0,TGI,2022,22206000.0,61621000.0
,,,,,,,,,,,,,TGI,2021,,
252559000.0,55665000.0,21454000.0,21333000.0,164248000.0,72533000.0,-391226000.0,19673000.0,-76166000.0,-58208000.0,3988000.0,-80154000.0,-80154000.0,APLP,2025,,
269810000.0,57921000.0,37168000.0,19757000.0,179605000.0,76445000.0,-311072000.0,12893000.0,-81843000.0,-64911000.0,4826000.0,-86669000.0,-86669000.0,APLP,2024,,
274581000.0,47708000.0,20575000.0,23071000.0,167156000.0,87901000.0,-224403000.0,10423000.0,-61060000.0,-56391000.0,5021000.0,-66081000.0,-66081000.0,APLP,2023,,
282065000.0,92208000.0,71410000.0,23369000.0,173965000.0,88854000.0,-158322000.0,6568000.0,-65394000.0,-62495000.0,4650000.0,-70044000.0,-70044000.0,APLP,2022,,
,,,,,,,,,,,,,APLP,2021,,
373272000.0,326702000.0,2858000.0,234444000.0,125996000.0,116061000.0,118215000.0,354556000.0,36455000.0,45235000.0,8549000.0,27906000.0,21211000.0,IMCO,2025,101057000.0,3704000.0
331671000.0,291909000.0,4602000.0,199724000.0,118790000.0,93471000.0,109411000.0,303062000.0,35981000.0,43023000.0,5596000.0,30385000.0,24944000.0,IMCO,2024,78185000.0,3857000.0
,,,,,,,266316000.0,19707000.0,27366000.0,4872000.0,14835000.0,6205000.0,IMCO,2023,,
690552000.0,316746000.0,46466000.0,214365000.0,396521000.0,183013000.0,-314615000.0,270200000.0,-24441000.0,-7293000.0,19662000.0,-44103000.0,-35710000.0,INCR,2025,99802000.0,59460000.0
762574000.0,391801000.0,78318000.0,226750000.0,396969000.0,211404000.0,-277579000.0,238845000.0,-66678000.0,-51307000.0,20645000.0,-87323000.0,-67795000.0,INCR,2024,69435000.0,113979000.0
786614000.0,418804000.0,101139000.0,225868000.0,455112000.0,195677000.0,-203995000.0,355553000.0,-37066000.0,-23900000.0,24219000.0,-61285000.0,-61959000.0,INCR,2023,88194000.0,82202000.0
958007000.0,527493000.0,232589000.0,312719000.0,501305000.0,255160000.0,-141649000.0,388684000.0,58531000.0,70230000.0,14689000.0,43842000.0,44819000.0,INCR,2022,128025000.0,99684000.0
,,,,,,,,,,,,,INCR,2021,,
543060000.0,282183000.0,4433000.0,306747000.0,199984000.0,175521000.0,52720000.0,406531000.0,14304000.0,27811000.0,17499000.0,-3195000.0,-2675000.0,YACO,2025,137168000.0,28341000.0
513769000.0,213839000.0,2582000.0,257675000.0,203575000.0,167642000.0,55082000.0,313865000.0,7801000.0,19339000.0,15861000.0,-8060000.0,-16645000.0,YACO,2024,113630000.0,35086000.0
499615000.0,211303000.0,2337000.0,170167000.0,219903000.0,151735000.0,71439000.0,344830000.0,11459000.0,20659000.0,14339000.0,-2880000.0,-4568000.0,YACO,2023,48151000.0,87672000.0
505676000.0,263574000.0,4024000.0,180660000.0,224456000.0,142909000.0,75968000.0,308294000.0,35344000.0,44666000.0,10916000.0,24428000.0,21648000.0,YACO,2022,50918000.0,85957000.0
,,,,,,,,,,,,,YACO,2021,,
408508000.0,103665000.0,81767000.0,89655000.0,270760000.0,63676000.0,214876000.0,48854000.0,7425000.0,8299000.0,3104000.0,4321000.0,7267000.0,GOHO,2025,49350000.0,14326000.0
655500000.0,351732000.0,327539000.0,97633000.0,458680000.0,119489000.0,402796000.0,39820000.0,10864000.0,11658000.0,5661000.0,5203000.0,115624000.0,GOHO,2024,56240000.0,63249000.0
629951000.0,187340000.0,167236000.0,109312000.0,350599000.0,165153000.0,307000000.0,54296000.0,36501000.0,37681000.0,6326000.0,30175000.0,16147000.0,GOHO,2023,46183000.0,118970000.0
813741000.0,71847000.0,42135000.0,210686000.0,349394000.0,204703000.0,310973000.0,55974000.0,104751000.0,105943000.0,7940000.0,96811000.0,83675000.0,GOHO,2022,39536000.0,165167000.0
558308000.0,211810000.0,16987000.0,205950000.0,265916000.0,177471000.0,226970000.0,651777000.0,24614000.0,52399000.0,12095000.0,12519000.0,11192000.0,SPNTC,2025,127425000.0,34726000.0
644899000.0,263979000.0,15690000.0,249243000.0,293986000.0,202502000.0,216091000.0,664079000.0,28753000.0,58383000.0,13274000.0,15479000.0,14592000.0,SPNTC,2024,145153000.0,45758000.0
639158000.0,238783000.0,24524000.0,210864000.0,299467000.0,191865000.0,224561000.0,733914000.0,54242000.0,85218000.0,14809000.0,39433000.0,33140000.0,SPNTC,2023,108498000.0,69001000.0
662300000.0,254558000.0,18163000.0,208678000.0,276854000.0,234401000.0,211749000.0,684647000.0,-10483000.0,17961000.0,9208000.0,-19691000.0,-19932000.0,SPNTC,2022,106370000.0,115789000.0
,,,,,,,,,,,,,SPNTC,2021,,
56305000.0,51626000.0,19957000.0,10155000.0,43071000.0,1230000.0,-299646000.0,12191000.0,-15807000.0,-13927000.0,112000.0,-15919000.0,-15942000.0,ARNG,2025,,
68976000.0,57131000.0,17498000.0,10049000.0,55330000.0,1030000.0,-283704000.0,14022000.0,-14087000.0,-11593000.0,154000.0,-14241000.0,-14267000.0,ARNG,2024,,
75328000.0,67624000.0,19298000.0,11265000.0,59056000.0,3206000.0,-269437000.0,2192000.0,-26050000.0,-21920000.0,428000.0,-26478000.0,-26532000.0,ARNG,2023,,
115485000.0,93714000.0,51840000.0,10582000.0,90137000.0,13234000.0,-242905000.0,4256000.0,-76711000.0,-55142000.0,605000.0,-77316000.0,-77448000.0,ARNG,2022,,
,,,,,,,,,,,,,ARNG,2021,,
1764000.0,675000.0,321000.0,11906000.0,-10405000.0,993000.0,-122732000.0,0.0,-17257000.0,-16326000.0,188000.0,-17445000.0,-17763000.0,VRYX,2025,280000.0,
7119000.0,3823000.0,2635000.0,2468000.0,3652000.0,1430000.0,-104969000.0,0.0,-13461000.0,-12170000.0,391000.0,-13852000.0,-14214000.0,VRYX,2024,0.0,
19371000.0,12913000.0,5418000.0,2377000.0,14019000.0,4113000.0,-90755000.0,0.0,-16408000.0,-14875000.0,421000.0,-16829000.0,-17009000.0,VRYX,2023,,
37861000.0,28026000.0,2775000.0,2650000.0,30455000.0,5660000.0,-73746000.0,27000.0,-22644000.0,-21420000.0,397000.0,-23041000.0,-23181000.0,VRYX,2022,,
,,,,,,,,,,,,,VRYX,2021,,
215157000.0,117569000.0,27719000.0,74657000.0,101111000.0,75348000.0,,200743000.0,7816000.0,27848000.0,937000.0,6879000.0,4558000.0,RVL,2025,35784000.0,12363000.0
218379000.0,126209000.0,32495000.0,83699000.0,98297000.0,85157000.0,,221571000.0,7119000.0,28875000.0,800000.0,6319000.0,4037000.0,RVL,2024,48564000.0,18365000.0
217659000.0,118314000.0,30779000.0,83390000.0,96363000.0,80920000.0,,233115000.0,5226000.0,27148000.0,864000.0,4362000.0,56000.0,RVL,2023,42348000.0,18502000.0
256312000.0,143510000.0,30917000.0,111744000.0,102941000.0,103500000.0,,244817000.0,10049000.0,36838000.0,946000.0,9103000.0,2433000.0,RVL,2022,60612000.0,19320000.0
,,,,,,,,,,,,,RVL,2021,,
122565000.0,28902000.0,27028000.0,2933000.0,119200000.0,724000.0,-113760000.0,247000.0,-55429000.0,-55065000.0,160000.0,-55589000.0,-55589000.0,ZOOZ,2025,,
12837000.0,10653000.0,7532000.0,5190000.0,6718000.0,3953000.0,-58171000.0,1041000.0,-10819000.0,-10445000.0,171000.0,-10990000.0,-10990000.0,ZOOZ,2024,3041000.0,
13477000.0,10272000.0,6672000.0,3252000.0,9190000.0,1344000.0,-47181000.0,764000.0,-11755000.0,-11516000.0,0.0,-11755000.0,-11755000.0,ZOOZ,2023,,
25433000.0,22933000.0,20569000.0,2920000.0,21261000.0,1573000.0,-35426000.0,0.0,-7825000.0,-7694000.0,0.0,-7825000.0,-7825000.0,ZOOZ,2022,,
,,,,,,,,,,,,,ZOOZ,2021,,
423679000.0,232684000.0,4336000.0,151865000.0,144160000.0,132387000.0,3386000.0,300989000.0,-4784000.0,25991000.0,6414000.0,-11198000.0,-18074000.0,REKA,2025,25263000.0,68502000.0
447220000.0,229052000.0,7028000.0,158043000.0,161928000.0,134155000.0,21192000.0,321712000.0,14637000.0,47296000.0,6709000.0,7928000.0,6206000.0,REKA,2024,29546000.0,63619000.0
484721000.0,251329000.0,19310000.0,143786000.0,155537000.0,183657000.0,14665000.0,321663000.0,1243000.0,31160000.0,8293000.0,-7050000.0,-6910000.0,REKA,2023,27917000.0,110086000.0
448418000.0,243141000.0,20208000.0,139027000.0,162030000.0,154375000.0,21349000.0,292394000.0,6003000.0,33484000.0,5646000.0,357000.0,-2041000.0,REKA,2022,19575000.0,91663000.0
,,,,,,,,,,,,,REKA,2021,,
645937000.0,544274000.0,12181000.0,526063000.0,77830000.0,403129000.0,87144000.0,784891000.0,87883000.0,110635000.0,17071000.0,70812000.0,59185000.0,GLRS,2025,357349000.0,5943000.0
576137000.0,481125000.0,10859000.0,469690000.0,76522000.0,378207000.0,68022000.0,753777000.0,103226000.0,122747000.0,12526000.0,90700000.0,74104000.0,GLRS,2024,324083000.0,7623000.0
493531000.0,408880000.0,11108000.0,391901000.0,57621000.0,318860000.0,50835000.0,664833000.0,86095000.0,101218000.0,11394000.0,74701000.0,59461000.0,GLRS,2023,266652000.0,9605000.0
427240000.0,361928000.0,12957000.0,322012000.0,58412000.0,259557000.0,53309000.0,596021000.0,93743000.0,106626000.0,3952000.0,89791000.0,70269000.0,GLRS,2022,216204000.0,4531000.0
,,,,,,,,,,,,,GLRS,2021,,
266386000.0,150629000.0,21642000.0,140584000.0,81886000.0,72661000.0,58025000.0,432949000.0,24192000.0,47190000.0,4766000.0,19426000.0,14344000.0,LUDN,2025,19909000.0,7245000.0
487357000.0,313054000.0,34670000.0,232913000.0,128327000.0,145181000.0,87479000.0,446783000.0,26064000.0,46777000.0,3516000.0,22548000.0,15940000.0,LUDN,2024,37274000.0,7833000.0
433652000.0,302009000.0,36461000.0,211771000.0,128719000.0,94407000.0,87667000.0,451149000.0,25095000.0,44156000.0,2663000.0,22432000.0,18461000.0,LUDN,2023,21955000.0,9749000.0
389572000.0,270451000.0,45716000.0,191116000.0,117985000.0,85800000.0,80696000.0,575966000.0,42158000.0,69154000.0,3565000.0,38593000.0,27703000.0,LUDN,2022,17057000.0,5266000.0
,,,,,,,,,,,,,LUDN,2021,,
246592000.0,37005000.0,17762000.0,29951000.0,71881000.0,156135000.0,-107002000.0,88675000.0,56016000.0,94989000.0,34143000.0,21873000.0,21843000.0,SCC,2025,12793000.0,125820000.0
434182000.0,208335000.0,45829000.0,384991000.0,28865000.0,334470000.0,-136331000.0,100017000.0,44364000.0,95492000.0,28696000.0,15668000.0,16212000.0,SCC,2024,317091000.0,0.0
411343000.0,154972000.0,44716000.0,369371000.0,10672000.0,341348000.0,-159301000.0,99163000.0,967000.0,53149000.0,26796000.0,-25829000.0,-25298000.0,SCC,2023,315858000.0,7874000.0
428088000.0,101759000.0,46737000.0,347602000.0,28959000.0,353740000.0,-139866000.0,98230000.0,-48666000.0,4097000.0,27160000.0,-75826000.0,-70183000.0,SCC,2022,314740000.0,6075000.0
,,,,,,,,,,,,,SCC,2021,,
278226000.0,158236000.0,18419000.0,146972000.0,76358000.0,150775000.0,33342000.0,305541000.0,18084000.0,31275000.0,10979000.0,7105000.0,5388000.0,CRMT,2025,93469000.0,49167000.0
277557000.0,151121000.0,9356000.0,141886000.0,71101000.0,157990000.0,27954000.0,277540000.0,8833000.0,21122000.0,10222000.0,-1389000.0,-1439000.0,CRMT,2024,90926000.0,58137000.0
246624000.0,121429000.0,4273000.0,104888000.0,72912000.0,131752000.0,29393000.0,234886000.0,10557000.0,22383000.0,9715000.0,842000.0,521000.0,CRMT,2023,61142000.0,67082000.0
255464000.0,125295000.0,2245000.0,105689000.0,72121000.0,130684000.0,28866000.0,223258000.0,5709000.0,16836000.0,5093000.0,616000.0,594000.0,CRMT,2022,51595000.0,74995000.0
,,,,,,,,,,,,,CRMT,2021,,
33106000.0,14400000.0,13648000.0,2312000.0,25961000.0,5566000.0,-69632000.0,213000.0,-7765000.0,-6736000.0,847000.0,-8612000.0,-8612000.0,EPIT,2025,,
40213000.0,22487000.0,16569000.0,2499000.0,33952000.0,4346000.0,-61020000.0,0.0,-1277000.0,-826000.0,187000.0,-1464000.0,-1464000.0,EPIT,2024,,
40265000.0,35057000.0,15630000.0,1956000.0,34800000.0,3958000.0,-59556000.0,10000000.0,-5625000.0,-4986000.0,57000.0,-5682000.0,-5682000.0,EPIT,2023,,
55202000.0,46505000.0,35954000.0,2161000.0,39445000.0,4084000.0,-53874000.0,0.0,-15391000.0,-15035000.0,0.0,-15391000.0,-15391000.0,EPIT,2022,,
,,,,,,,,,,,,,EPIT,2021,,0.0
139393000.0,133245000.0,104124000.0,5827000.0,132199000.0,,2935000.0,0.0,-3371000.0,-3370000.0,,8026000.0,6168000.0,LPHL,2025,,
133131000.0,126130000.0,105746000.0,5033000.0,126031000.0,,-3233000.0,0.0,-3319000.0,-3318000.0,,5469000.0,4672000.0,LPHL,2024,,
127467000.0,119920000.0,91044000.0,3941000.0,122168000.0,,-7096000.0,0.0,-3104000.0,-3102000.0,,-8000.0,-289000.0,LPHL,2023,,
133203000.0,123022000.0,8517000.0,4169000.0,127629000.0,,-1635000.0,0.0,-3200000.0,-3198000.0,,1172000.0,1172000.0,LPHL,2022,,
,,,,,,,,,,,,,LPHL,2021,,
671156000.0,461451000.0,84281000.0,316542000.0,192912000.0,318275000.0,139142000.0,628277000.0,24209000.0,50032000.0,15729000.0,8480000.0,4702000.0,GNGR,2025,154511000.0,90699000.0
641110000.0,460417000.0,86835000.0,267500000.0,208038000.0,237488000.0,149313000.0,620901000.0,27960000.0,54569000.0,14978000.0,12982000.0,9078000.0,GNGR,2024,71454000.0,111751000.0
655432000.0,470122000.0,121480000.0,240965000.0,221039000.0,247949000.0,155199000.0,596946000.0,18226000.0,46538000.0,16576000.0,1650000.0,-306000.0,GNGR,2023,51943000.0,136828000.0
667573000.0,481562000.0,103742000.0,228739000.0,216812000.0,300431000.0,155693000.0,627831000.0,-3482000.0,26661000.0,13502000.0,-16984000.0,-18259000.0,GNGR,2022,74876000.0,168964000.0
,,,,,,,,,,,,,GNGR,2021,,
161219000.0,141251000.0,25722000.0,56271000.0,97638000.0,6338000.0,56575000.0,338936000.0,14233000.0,19813000.0,667000.0,13566000.0,10847000.0,AMAN,2025,,
170992000.0,144934000.0,20678000.0,69978000.0,94639000.0,7348000.0,53576000.0,323567000.0,12604000.0,20142000.0,764000.0,11840000.0,10706000.0,AMAN,2024,,
172241000.0,136690000.0,15858000.0,67809000.0,94708000.0,8776000.0,54396000.0,332654000.0,9317000.0,16488000.0,710000.0,8607000.0,6540000.0,AMAN,2023,,
177781000.0,139861000.0,32631000.0,70332000.0,94910000.0,9363000.0,52885000.0,333445000.0,-4751000.0,5747000.0,556000.0,-5307000.0,-7130000.0,AMAN,2022,,
,,,,,,,,,,,,,AMAN,2021,,
1371635000.0,942727000.0,8305000.0,563272000.0,771527000.0,364073000.0,718195000.0,1854831000.0,59701000.0,110786000.0,20994000.0,38707000.0,29977000.0,HOD,2025,332030000.0,
1274051000.0,878057000.0,23573000.0,492267000.0,743394000.0,304549000.0,688218000.0,2059650000.0,109164000.0,162076000.0,13821000.0,95343000.0,69072000.0,HOD,2024,268675000.0,
1234740000.0,866242000.0,13622000.0,532316000.0,675747000.0,333226000.0,619146000.0,1754200000.0,54647000.0,94856000.0,16148000.0,38499000.0,26986000.0,HOD,2023,316978000.0,0.0
1243001000.0,879477000.0,12730000.0,561528000.0,645567000.0,320771000.0,592160000.0,1956205000.0,69487000.0,107977000.0,11065000.0,58422000.0,43847000.0,HOD,2022,297650000.0,1500000.0
,,,,,,,,,,,,,HOD,2021,,7500000.0
113904000.0,79996000.0,17501000.0,18217000.0,89868000.0,6785000.0,63172000.0,92461000.0,7629000.0,12618000.0,393000.0,7236000.0,6291000.0,ELSPC,2025,312000.0,754000.0
113680000.0,78859000.0,11284000.0,21992000.0,84247000.0,8535000.0,57269000.0,100811000.0,13019000.0,17411000.0,309000.0,12710000.0,12726000.0,ELSPC,2024,316000.0,1080000.0
100700000.0,73947000.0,7420000.0,20226000.0,76313000.0,4387000.0,49217000.0,89391000.0,11785000.0,15393000.0,192000.0,11593000.0,10908000.0,ELSPC,2023,1338000.0,1476000.0
92753000.0,67507000.0,10525000.0,21253000.0,65767000.0,6827000.0,39185000.0,71563000.0,4742000.0,7958000.0,126000.0,4616000.0,4132000.0,ELSPC,2022,2082000.0,2702000.0
,,,,,,,,,,,,,ELSPC,2021,,
2258000.0,2121000.0,231000.0,9345000.0,-7087000.0,2591000.0,-68046000.0,1450000.0,-9685000.0,-9358000.0,420000.0,-10105000.0,-10105000.0,IBIS,2025,2485000.0,
7485000.0,6922000.0,900000.0,6705000.0,645000.0,586000.0,-57941000.0,5071000.0,-8161000.0,-7750000.0,677000.0,-8838000.0,-8838000.0,IBIS,2024,0.0,
4758000.0,3796000.0,352000.0,9810000.0,-5643000.0,4397000.0,-49333000.0,2883000.0,-5610000.0,-5194000.0,567000.0,-6177000.0,-6177000.0,IBIS,2023,3447000.0,
3786000.0,2392000.0,653000.0,5086000.0,-2250000.0,1242000.0,-43156000.0,644000.0,-31902000.0,-31647000.0,60000.0,-31962000.0,-31962000.0,IBIS,2022,0.0,
,,,,,,,,,,,,,IBIS,2021,,
2147655000.0,1492825000.0,121765000.0,1611571000.0,356851000.0,183200000.0,,1805382000.0,24836000.0,110710000.0,19266000.0,5570000.0,4115000.0,NVLG,2025,,
3037075000.0,2368789000.0,247598000.0,2462242000.0,368375000.0,198473000.0,,2021602000.0,70734000.0,149390000.0,12608000.0,58126000.0,39538000.0,NVLG,2024,0.0,0.0
2788574000.0,2106422000.0,232939000.0,2184810000.0,371080000.0,215181000.0,,1643489000.0,14598000.0,130139000.0,12868000.0,1730000.0,-42003000.0,NVLG,2023,913000.0,73000.0
2436639000.0,1718609000.0,172806000.0,1754421000.0,435703000.0,212774000.0,,1507949000.0,85040000.0,138526000.0,12537000.0,72503000.0,47510000.0,NVLG,2022,1151000.0,967000.0
,,,,,,,,,,,,,NVLG,2021,386000.0,916000.0
4726000.0,4567000.0,273000.0,1841000.0,2768000.0,150000.0,-75021000.0,0.0,-1271000.0,-1236000.0,11000.0,-1282000.0,-1282000.0,RTPT,2025,,
5281000.0,5089000.0,1031000.0,1100000.0,4050000.0,158000.0,-73739000.0,0.0,-4169000.0,-4131000.0,11000.0,-4180000.0,-4180000.0,RTPT,2024,,
9266000.0,9037000.0,1801000.0,877000.0,8230000.0,184000.0,-69559000.0,0.0,-29499000.0,-29459000.0,1000.0,-29500000.0,-29500000.0,RTPT,2023,,
38327000.0,9853000.0,2907000.0,619000.0,37708000.0,39000.0,-40059000.0,0.0,-3375000.0,-3335000.0,3000.0,-3378000.0,-3378000.0,RTPT,2022,,
,,,,,,,,,,,,,RTPT,2021,,
614211000.0,217844000.0,17703000.0,219260000.0,193693000.0,189763000.0,186653000.0,651777000.0,22017000.0,49814000.0,11994000.0,10023000.0,4173000.0,NISA,2025,139718000.0,34726000.0
707878000.0,276612000.0,15718000.0,250073000.0,230238000.0,202502000.0,199120000.0,664079000.0,28493000.0,58134000.0,13339000.0,15154000.0,7906000.0,NISA,2024,145153000.0,45758000.0
705981000.0,255944000.0,24861000.0,221167000.0,228678000.0,198258000.0,198086000.0,733914000.0,49087000.0,80229000.0,21266000.0,27821000.0,5649000.0,NISA,2023,114891000.0,69001000.0
736121000.0,256803000.0,19330000.0,218713000.0,215408000.0,251078000.0,192723000.0,684647000.0,-37003000.0,-8353000.0,10016000.0,-47019000.0,-36049000.0,NISA,2022,115422000.0,123250000.0
,,,,,,,,,,,,,NISA,2021,,
7683000.0,7046000.0,4217000.0,18986000.0,-11690000.0,9095000.0,-98340000.0,16194000.0,-4846000.0,-4359000.0,676000.0,-5522000.0,-5680000.0,IDMO,2025,8429000.0,
4460000.0,3558000.0,1039000.0,13898000.0,-9968000.0,6847000.0,-92660000.0,15326000.0,-5712000.0,-5157000.0,398000.0,-6110000.0,-6256000.0,IDMO,2024,6030000.0,0.0
7456000.0,6014000.0,3771000.0,9477000.0,-4070000.0,2733000.0,-86404000.0,16752000.0,-6409000.0,-5731000.0,209000.0,-6618000.0,-6849000.0,IDMO,2023,414000.0,1008000.0
11600000.0,10587000.0,8442000.0,9580000.0,946000.0,2330000.0,-79555000.0,14120000.0,-13056000.0,-12378000.0,408000.0,-13464000.0,-13573000.0,IDMO,2022,883000.0,646000.0
,,,,,,,,,,,,,IDMO,2021,,1680000.0
4087000.0,3435000.0,526000.0,150000.0,3908000.0,93000.0,,0.0,-1058000.0,-1008000.0,8000.0,-1066000.0,-1066000.0,ISOP,2025,,
5193000.0,4496000.0,1163000.0,99000.0,5017000.0,131000.0,,0.0,-922000.0,-868000.0,13000.0,-935000.0,-935000.0,ISOP,2024,,
6241000.0,5402000.0,1032000.0,128000.0,5989000.0,176000.0,,0.0,-914000.0,-862000.0,15000.0,-929000.0,-929000.0,ISOP,2023,,
7257000.0,6395000.0,4118000.0,189000.0,6895000.0,227000.0,,0.0,-1415000.0,-1366000.0,14000.0,-1429000.0,-1429000.0,ISOP,2022,,
,,,,,,,,,,,,,ISOP,2021,,
606295000.0,500450000.0,10891000.0,299125000.0,241268000.0,349701000.0,140223000.0,101944000.0,69949000.0,72915000.0,17293000.0,52656000.0,40398000.0,OPAL,2025,286917000.0,56911000.0
435762000.0,369177000.0,9854000.0,212344000.0,220578000.0,202199000.0,119533000.0,82997000.0,52096000.0,55241000.0,11866000.0,40230000.0,30864000.0,OPAL,2024,198871000.0,0.0
372340000.0,278829000.0,14928000.0,159660000.0,210411000.0,156217000.0,109366000.0,92349000.0,49964000.0,52735000.0,15634000.0,34330000.0,26377000.0,OPAL,2023,152785000.0,
505927000.0,418083000.0,14767000.0,304255000.0,195632000.0,303135000.0,94587000.0,90064000.0,48348000.0,51197000.0,10715000.0,37633000.0,28989000.0,OPAL,2022,295847000.0,
,,,,,,,,,,,,,OPAL,2021,,
101847000.0,81403000.0,21604000.0,10329000.0,83090000.0,1565000.0,-183141000.0,40024000.0,-15537000.0,-12733000.0,315000.0,-15852000.0,-15853000.0,PLSM,2025,,
141826000.0,132401000.0,41170000.0,14261000.0,96887000.0,2119000.0,-167288000.0,9661000.0,-36290000.0,-33438000.0,502000.0,-36792000.0,-36736000.0,PLSM,2024,,
179908000.0,167885000.0,23869000.0,15516000.0,132232000.0,3330000.0,-130552000.0,6188000.0,-57854000.0,-55451000.0,586000.0,-58440000.0,-58567000.0,PLSM,2023,,
236304000.0,211594000.0,15368000.0,15548000.0,187518000.0,3966000.0,-71985000.0,10814000.0,-21796000.0,-20500000.0,323000.0,-22119000.0,-22119000.0,PLSM,2022,,
,,,,,,,,,,,,,PLSM,2021,,
11586000.0,10528000.0,705000.0,5432000.0,4850000.0,590000.0,-99354000.0,5488000.0,-9275000.0,-8602000.0,390000.0,-9665000.0,-9700000.0,MSVT,2025,,
19323000.0,17731000.0,973000.0,5770000.0,12339000.0,714000.0,-89654000.0,4891000.0,-15936000.0,-15080000.0,239000.0,-16175000.0,-16162000.0,MSVT,2024,,
32414000.0,29866000.0,1280000.0,7116000.0,23593000.0,881000.0,-73492000.0,12622000.0,-9437000.0,-8503000.0,466000.0,-9903000.0,-10179000.0,MSVT,2023,,
42110000.0,39856000.0,14885000.0,5603000.0,34723000.0,968000.0,-62147000.0,12155000.0,-13714000.0,-12850000.0,783000.0,-14497000.0,-14497000.0,MSVT,2022,,
,,,,,,,,,,,,,MSVT,2021,0.0,
85920000.0,32980000.0,3180000.0,20326000.0,45244000.0,23744000.0,-9568000.0,50505000.0,732000.0,6794000.0,1752000.0,-1020000.0,-1670000.0,BRAM,2025,4341000.0,9803000.0
95690000.0,44185000.0,10526000.0,26533000.0,46804000.0,29309000.0,-7973000.0,49654000.0,2354000.0,11709000.0,2498000.0,-144000.0,-17457000.0,BRAM,2024,8488000.0,11215000.0
126012000.0,41937000.0,2185000.0,39471000.0,63792000.0,37753000.0,9309000.0,53582000.0,3228000.0,15737000.0,2729000.0,499000.0,-3312000.0,BRAM,2023,14563000.0,9785000.0
146628000.0,53634000.0,1256000.0,50499000.0,66226000.0,48626000.0,12382000.0,71400000.0,12002000.0,23219000.0,2282000.0,9720000.0,8580000.0,BRAM,2022,18951000.0,12850000.0
,,,,,,,,,,,,,BRAM,2021,,
45892000.0,25334000.0,12267000.0,11480000.0,32090000.0,2639000.0,-95590000.0,40755000.0,1681000.0,2819000.0,208000.0,1473000.0,963000.0,ALAR,2025,,
34811000.0,18815000.0,15081000.0,8167000.0,26351000.0,1590000.0,-96553000.0,31824000.0,7394000.0,8306000.0,393000.0,7001000.0,5780000.0,ALAR,2024,938000.0,32000.0
20066000.0,13265000.0,10872000.0,5560000.0,13181000.0,1985000.0,-102333000.0,26521000.0,-5660000.0,-2895000.0,429000.0,-6089000.0,-5525000.0,ALAR,2023,290000.0,802000.0
22371000.0,6400000.0,3290000.0,8140000.0,13311000.0,3046000.0,-96808000.0,18550000.0,-12571000.0,-10528000.0,212000.0,-12783000.0,-13151000.0,ALAR,2022,2223000.0,606000.0
,,,,,,,,,,,,,ALAR,2021,,
46139000.0,1685000.0,279000.0,28723000.0,14222000.0,17342000.0,-74069000.0,3598000.0,-11165000.0,-9583000.0,197000.0,-11362000.0,-6062000.0,NXTG,2025,13622000.0,3019000.0
3419000.0,584000.0,3000.0,20702000.0,-20109000.0,12037000.0,-68007000.0,3225000.0,-7698000.0,-6465000.0,0.0,-7698000.0,-8820000.0,NXTG,2024,8617000.0,2102000.0
1095000.0,886000.0,404000.0,3726000.0,-2900000.0,378000.0,-39257000.0,7626000.0,-7430000.0,-5712000.0,144000.0,-7574000.0,1894000.0,NXTG,2023,232000.0,0.0
1512000.0,1423000.0,1051000.0,1772000.0,-895000.0,334000.0,-35378000.0,0.0,-5983000.0,-5926000.0,2000.0,-5985000.0,-5590000.0,NXTG,2022,211000.0,123000.0
,,,,,,,,,,,,,NXTG,2021,,
40905000.0,23681000.0,3250000.0,12123000.0,18196000.0,10150000.0,-401002000.0,1180000.0,-775000.0,-252000.0,1251000.0,-2026000.0,-1175000.0,BLRX,2025,4479000.0,4460000.0
38906000.0,27104000.0,10436000.0,15406000.0,13461000.0,15040000.0,-399827000.0,28940000.0,-147000.0,3918000.0,9074000.0,-9221000.0,-9221000.0,BLRX,2024,4479000.0,8958000.0
63925000.0,47183000.0,4255000.0,42784000.0,13223000.0,11591000.0,-390606000.0,4800000.0,-58470000.0,-57086000.0,2144000.0,-60614000.0,-60614000.0,BLRX,2023,3145000.0,6628000.0
76384000.0,52001000.0,10587000.0,10679000.0,50841000.0,12324000.0,-329992000.0,0.0,-23165000.0,-22511000.0,1786000.0,-24951000.0,-24951000.0,BLRX,2022,1542000.0,8626000.0
,,,,,,,,,,,,,BLRX,2021,,
7068000.0,6434000.0,2869000.0,2868000.0,4172000.0,70000.0,-347166000.0,1906000.0,-18768000.0,-15814000.0,78000.0,-18846000.0,-18904000.0,GNCL,2025,,
31793000.0,27129000.0,12326000.0,7146000.0,23214000.0,3060000.0,-328262000.0,9549000.0,-19188000.0,-17613000.0,171000.0,-19359000.0,-19434000.0,GNCL,2024,,
55454000.0,42684000.0,4792000.0,6504000.0,42322000.0,7250000.0,-308828000.0,4864000.0,-28053000.0,-26329000.0,192000.0,-28245000.0,-28302000.0,GNCL,2023,,
83977000.0,69932000.0,10574000.0,9556000.0,66933000.0,8042000.0,-280526000.0,7403000.0,-36267000.0,-34981000.0,218000.0,-36485000.0,-36676000.0,GNCL,2022,,
,,,,,,,,,,,,,GNCL,2021,,
166000.0,166000.0,76000.0,420000.0,-254000.0,269000.0,-165632000.0,0.0,-752000.0,-752000.0,7000.0,-759000.0,-6969000.0,XTLB,2025,269000.0,
8550000.0,1340000.0,371000.0,2207000.0,5435000.0,138000.0,-159009000.0,0.0,268000.0,467000.0,28000.0,240000.0,-1027000.0,XTLB,2024,138000.0,
2426000.0,2046000.0,1401000.0,206000.0,2220000.0,,-158246000.0,0.0,-1782000.0,-1782000.0,0.0,-1782000.0,-1782000.0,XTLB,2023,,
4186000.0,3806000.0,2094000.0,187000.0,3999000.0,,-156467000.0,0.0,-1348000.0,-1347000.0,0.0,-1348000.0,-1348000.0,XTLB,2022,,
,,,,,,,,,,,,,XTLB,2021,,
17572000.0,9866000.0,8717000.0,7753000.0,9714000.0,244000.0,-171079000.0,0.0,-26453000.0,-26250000.0,39000.0,-26492000.0,-26386000.0,PPBT,2025,,
37038000.0,8908000.0,7401000.0,3987000.0,32860000.0,183000.0,-144693000.0,0.0,-7238000.0,-7052000.0,41000.0,-7279000.0,-7240000.0,PPBT,2024,,
44302000.0,15788000.0,14489000.0,9701000.0,34207000.0,351000.0,-137453000.0,0.0,-19921000.0,-19724000.0,56000.0,-19977000.0,-19880000.0,PPBT,2023,,
54622000.0,33256000.0,15030000.0,7058000.0,46911000.0,515000.0,-117573000.0,0.0,-21693000.0,-21492000.0,67000.0,-21760000.0,-21668000.0,PPBT,2022,,
,,,,,,,,,,,,,PPBT,2021,,
325955000.0,20985000.0,13716000.0,77546000.0,117524000.0,144750000.0,-18937000.0,81733000.0,-62037000.0,-35383000.0,19173000.0,-81210000.0,-76791000.0,SKLN,2025,985000.0,90531000.0
458775000.0,115633000.0,24622000.0,108153000.0,180016000.0,184417000.0,54247000.0,121391000.0,-39213000.0,-11296000.0,31777000.0,-70990000.0,-49864000.0,SKLN,2024,54159000.0,129592000.0
640897000.0,90677000.0,57139000.0,109778000.0,234959000.0,310828000.0,103371000.0,121339000.0,-29235000.0,-12107000.0,23561000.0,-52796000.0,-40303000.0,SKLN,2023,62129000.0,248699000.0
609347000.0,51460000.0,19503000.0,63499000.0,280458000.0,240490000.0,142574000.0,133700000.0,17225000.0,32578000.0,17295000.0,-70000.0,-1549000.0,SKLN,2022,30614000.0,209876000.0
,,,,,,,,,,,,,SKLN,2021,,
12124000.0,11061000.0,9462000.0,659000.0,11060000.0,546000.0,-77491000.0,0.0,-3865000.0,-3677000.0,45000.0,-3910000.0,-3910000.0,BHNY,2025,,
6194000.0,4954000.0,421000.0,522000.0,5232000.0,569000.0,-73581000.0,0.0,-5281000.0,-4112000.0,672000.0,-5953000.0,-5953000.0,BHNY,2024,,
9106000.0,347000.0,189000.0,1068000.0,2653000.0,5881000.0,-67628000.0,0.0,-7302000.0,-6136000.0,418000.0,-7720000.0,-7720000.0,BHNY,2023,,
16378000.0,6948000.0,6479000.0,1771000.0,9250000.0,5895000.0,-59908000.0,0.0,-14558000.0,-13110000.0,386000.0,-14944000.0,-14944000.0,BHNY,2022,0.0,
,,,,,,,,,,,,,BHNY,2021,1244000.0,
5227000.0,4002000.0,1862000.0,1882000.0,2738000.0,391000.0,-60143000.0,2889000.0,-3767000.0,-3471000.0,48000.0,-3815000.0,-3827000.0,HMGS,2025,,
8213000.0,5806000.0,2837000.0,2461000.0,4930000.0,470000.0,-56316000.0,2630000.0,-9270000.0,-8233000.0,144000.0,-9414000.0,-9419000.0,HMGS,2024,0.0,0.0
19429000.0,14325000.0,9143000.0,3509000.0,14036000.0,1953000.0,-46897000.0,4831000.0,-11142000.0,-9908000.0,188000.0,-11330000.0,-11335000.0,HMGS,2023,16000.0,40000.0
19618000.0,14721000.0,11199000.0,3421000.0,14388000.0,1637000.0,-35562000.0,4701000.0,-14949000.0,-13968000.0,207000.0,-15156000.0,-15164000.0,HMGS,2022,16000.0,57000.0
,,,,,,,,,,,,,HMGS,2021,0.0,0.0
16999000.0,10120000.0,1593000.0,9027000.0,3658000.0,4172000.0,-32967000.0,8588000.0,162000.0,1087000.0,450000.0,-288000.0,-768000.0,ROBO,2025,3251000.0,0.0
16922000.0,9025000.0,1090000.0,8941000.0,4357000.0,6123000.0,-32197000.0,8817000.0,-5853000.0,-4027000.0,291000.0,-6144000.0,-6324000.0,ROBO,2024,4547000.0,702000.0
21734000.0,8048000.0,1181000.0,7309000.0,9330000.0,3558000.0,-25825000.0,13025000.0,-2105000.0,292000.0,246000.0,-2351000.0,-2644000.0,ROBO,2023,2558000.0,726000.0
24393000.0,8511000.0,1663000.0,6803000.0,11885000.0,2402000.0,-23229000.0,16488000.0,-3106000.0,-2018000.0,242000.0,-3348000.0,-3560000.0,ROBO,2022,1055000.0,783000.0
,,,,,,,,,,,,,ROBO,2021,,
31544000.0,30392000.0,4142000.0,2948000.0,25245000.0,886000.0,-250218000.0,0.0,-14062000.0,-13481000.0,62000.0,-14124000.0,-14124000.0,ALMD,2025,,
44794000.0,43800000.0,3911000.0,2540000.0,39307000.0,619000.0,-236094000.0,0.0,-8691000.0,-8133000.0,61000.0,-8752000.0,-8752000.0,ALMD,2024,,
59169000.0,57835000.0,6675000.0,2654000.0,53423000.0,875000.0,-227342000.0,0.0,1502000.0,1978000.0,80000.0,1422000.0,1422000.0,ALMD,2023,,
57774000.0,24819000.0,21032000.0,3192000.0,51520000.0,668000.0,-228764000.0,0.0,-12094000.0,-11544000.0,46000.0,-12140000.0,-12140000.0,ALMD,2022,,
,,,,,,,,,,,,,ALMD,2021,,
42414000.0,24402000.0,3978000.0,2002000.0,34404000.0,772000.0,-261692000.0,0.0,-16832000.0,-16288000.0,78000.0,-16910000.0,-11727000.0,BOLT,2025,,
34122000.0,14346000.0,9716000.0,2066000.0,26879000.0,599000.0,-249965000.0,219000.0,-8340000.0,-7745000.0,84000.0,-8424000.0,-7142000.0,BOLT,2024,,
33452000.0,9057000.0,5276000.0,2315000.0,29776000.0,91000.0,-242823000.0,118000.0,-27410000.0,-26836000.0,77000.0,-27487000.0,-26020000.0,BOLT,2023,,
57011000.0,18024000.0,13392000.0,2536000.0,53168000.0,527000.0,-216803000.0,63000.0,-8621000.0,-8033000.0,66000.0,-8687000.0,-7847000.0,BOLT,2022,,
,,,,,,,,,,,,,BOLT,2021,,
9544000.0,6227000.0,4139000.0,5064000.0,4311000.0,181000.0,-54855000.0,3170000.0,-1492000.0,-965000.0,33000.0,-1525000.0,-1502000.0,NRGN,2025,,
6001000.0,2127000.0,1289000.0,1910000.0,3962000.0,288000.0,-53353000.0,1290000.0,-3343000.0,-2690000.0,46000.0,-3389000.0,-3359000.0,NRGN,2024,,
10787000.0,7198000.0,6450000.0,2903000.0,7214000.0,797000.0,-49994000.0,2001000.0,-5161000.0,-4533000.0,69000.0,-5230000.0,-5243000.0,NRGN,2023,,
17304000.0,14285000.0,12284000.0,3900000.0,12259000.0,791000.0,-44751000.0,3159000.0,-6074000.0,-5589000.0,139000.0,-6213000.0,-6207000.0,NRGN,2022,0.0,0.0
,,,,,,,,,,,,,NRGN,2021,1700000.0,585000.0
9514000.0,9440000.0,5528000.0,2731000.0,5592000.0,71000.0,-176189000.0,405000.0,-9950000.0,-9926000.0,,-9828000.0,-9828000.0,CANF,2025,,
9120000.0,8982000.0,4825000.0,2052000.0,5436000.0,104000.0,-166361000.0,674000.0,-8130000.0,-8123000.0,,-7880000.0,-7880000.0,CANF,2024,,
9989000.0,9908000.0,4278000.0,2020000.0,6243000.0,40000.0,-158481000.0,743000.0,-8195000.0,-8180000.0,,-7634000.0,-7634000.0,CANF,2023,,
9283000.0,9157000.0,2978000.0,2502000.0,4472000.0,62000.0,-150847000.0,810000.0,-10096000.0,-10082000.0,,-10173000.0,-10173000.0,CANF,2022,,
,,,,,,,,,,,,,CANF,2021,,
29157000.0,23973000.0,3874000.0,17406000.0,9788000.0,2528000.0,-84399000.0,37340000.0,-5788000.0,-4180000.0,259000.0,-6047000.0,-5853000.0,ERKA,2025,0.0,
34748000.0,27583000.0,1791000.0,16864000.0,15037000.0,3094000.0,-78886000.0,37961000.0,-10260000.0,-8299000.0,254000.0,-10514000.0,-9470000.0,ERKA,2024,135000.0,0.0
46907000.0,37421000.0,2302000.0,19543000.0,23727000.0,4950000.0,-69467000.0,29883000.0,-18825000.0,-16637000.0,396000.0,-19221000.0,-19221000.0,ERKA,2023,930000.0,139000.0
68385000.0,53529000.0,6973000.0,18263000.0,42667000.0,10647000.0,-50324000.0,50324000.0,-30575000.0,-27462000.0,617000.0,-31192000.0,-32563000.0,ERKA,2022,2491000.0,1080000.0
,,,,,,,,,,,,,ERKA,2021,,4734000.0
4876000.0,2316000.0,176000.0,1663000.0,3136000.0,938000.0,-105778000.0,11300000.0,-1497000.0,-981000.0,230000.0,-1727000.0,-1803000.0,UPSL,2025,861000.0,
8028000.0,4561000.0,683000.0,2926000.0,4913000.0,2084000.0,-103975000.0,13250000.0,-1627000.0,-1001000.0,106000.0,-1733000.0,-1762000.0,UPSL,2024,1862000.0,
8158000.0,3903000.0,561000.0,1308000.0,6643000.0,872000.0,-102213000.0,15288000.0,-3781000.0,-3212000.0,182000.0,-3963000.0,-3963000.0,UPSL,2023,465000.0,
12151000.0,5229000.0,396000.0,2982000.0,9071000.0,2066000.0,-98250000.0,16762000.0,-14184000.0,-12813000.0,292000.0,-14476000.0,-14249000.0,UPSL,2022,1869000.0,
,,,,,,,,,,,,,UPSL,2021,,
8353000.0,6831000.0,6236000.0,2069000.0,6233000.0,1512000.0,-142931000.0,398000.0,-12181000.0,-12020000.0,,-12103000.0,-12103000.0,FRSX,2025,,
9745000.0,7846000.0,7082000.0,1743000.0,6066000.0,1561000.0,-131028000.0,436000.0,-12676000.0,-12476000.0,,-11138000.0,-11138000.0,FRSX,2024,,
19310000.0,17047000.0,15635000.0,2152000.0,15392000.0,1631000.0,-119890000.0,497000.0,-16291000.0,-16028000.0,,-18410000.0,-18410000.0,FRSX,2023,,
32893000.0,27335000.0,19173000.0,2634000.0,28330000.0,2003000.0,-101480000.0,550000.0,-17455000.0,-17237000.0,,-21676000.0,-21676000.0,FRSX,2022,,
,,,,,,,,,,,,,FRSX,2021,,
4529000.0,,55000.0,,-5618000.0,7210000.0,-86596000.0,1981000.0,,,391000.0,-8072000.0,-8072000.0,BLITZ,2025,,
11094000.0,,860000.0,,1884000.0,3356000.0,-78524000.0,6156000.0,,,205000.0,-7268000.0,-7268000.0,BLITZ,2024,,
13557000.0,,1398000.0,,3144000.0,4876000.0,-71256000.0,9216000.0,,,382000.0,-12914000.0,-12914000.0,BLITZ,2023,,
26906000.0,,4322000.0,,15400000.0,4002000.0,-58342000.0,7758000.0,,,180000.0,-14777000.0,-15824000.0,BLITZ,2022,,
,,,,,,,,,,,,,BLITZ,2021,,
2245000.0,569000.0,19000.0,1907000.0,338000.0,,-91012000.0,0.0,-1869000.0,-1869000.0,17000.0,-1886000.0,-2035000.0,BLWV-M,2025,,
1513000.0,477000.0,398000.0,1775000.0,-262000.0,0.0,-89154000.0,0.0,-2500000.0,-2327000.0,2000.0,-2502000.0,-3129000.0,BLWV-M,2024,0.0,0.0
7102000.0,5831000.0,904000.0,5956000.0,761000.0,391000.0,-86025000.0,0.0,-1642000.0,-1170000.0,10000.0,-1652000.0,-9734000.0,BLWV-M,2023,31000.0,54000.0
18075000.0,13972000.0,2422000.0,7782000.0,7763000.0,2456000.0,-76291000.0,165000.0,-1888000.0,2047000.0,112000.0,-2000000.0,-24469000.0,BLWV-M,2022,145000.0,175000.0
,,,,,3032000.0,,,,,,,,BLWV-M,2021,162000.0,318000.0
19885000.0,16153000.0,4920000.0,8600000.0,9415000.0,2793000.0,-42290000.0,19930000.0,-9028000.0,-7187000.0,119000.0,-9147000.0,-15332000.0,BIOV,2025,,
33623000.0,24578000.0,8220000.0,9808000.0,22946000.0,1984000.0,-26958000.0,25655000.0,-2642000.0,-943000.0,215000.0,-2857000.0,-3148000.0,BIOV,2024,,
41955000.0,31932000.0,15690000.0,11909000.0,27305000.0,3506000.0,-23810000.0,34767000.0,1108000.0,2926000.0,311000.0,797000.0,383000.0,BIOV,2023,,
41928000.0,30754000.0,19437000.0,9875000.0,28276000.0,4058000.0,-24183000.0,29145000.0,1111000.0,2606000.0,236000.0,875000.0,587000.0,BIOV,2022,,
,,,,,,,,,,,,,BIOV,2021,,
21768000.0,2133000.0,1110000.0,6650000.0,8762000.0,5118000.0,-52429000.0,6958000.0,2156000.0,3374000.0,752000.0,1404000.0,1326000.0,PTX,2025,1009000.0,4109000.0
21901000.0,2907000.0,1208000.0,6947000.0,7327000.0,5929000.0,-53755000.0,5895000.0,-270000.0,799000.0,914000.0,-1184000.0,-1201000.0,PTX,2024,1009000.0,4920000.0
23363000.0,4146000.0,1417000.0,6301000.0,8434000.0,5607000.0,-52554000.0,8961000.0,-3545000.0,-2406000.0,748000.0,-4293000.0,-4398000.0,PTX,2023,0.0,5607000.0
38397000.0,8662000.0,3415000.0,13838000.0,12361000.0,9319000.0,-48156000.0,25058000.0,668000.0,1741000.0,989000.0,-321000.0,-1115000.0,PTX,2022,1194000.0,8125000.0
,,,,,,,,,,,,,PTX,2021,,
1782000.0,1609000.0,1182000.0,2745000.0,-1022000.0,96000.0,-95802000.0,19000.0,-1328000.0,-1301000.0,7000.0,-1335000.0,-1335000.0,STRG,2025,,
2334000.0,2275000.0,2014000.0,4047000.0,-1713000.0,0.0,-94467000.0,0.0,-3560000.0,-3502000.0,9000.0,-3569000.0,-3569000.0,STRG,2024,,
588000.0,475000.0,194000.0,1731000.0,-1143000.0,27000.0,-90796000.0,0.0,-6494000.0,-6399000.0,7000.0,-6501000.0,-6501000.0,STRG,2023,,0.0
1565000.0,1364000.0,988000.0,2614000.0,-1590000.0,575000.0,-84295000.0,0.0,-12099000.0,-11929000.0,72000.0,-12171000.0,-12171000.0,STRG,2022,,517000.0
,,,,,,,,,,,,,STRG,2021,,0.0
1934000.0,1934000.0,991000.0,444000.0,1490000.0,,-326024000.0,0.0,-1272000.0,-1272000.0,0.0,-1272000.0,-1272000.0,HUMX-M,2025,,
6570000.0,6570000.0,4025000.0,3657000.0,2913000.0,0.0,-324752000.0,665000.0,-22898000.0,-21626000.0,73000.0,-22971000.0,-22971000.0,HUMX-M,2024,,
35025000.0,31671000.0,12612000.0,5729000.0,26106000.0,1690000.0,-301781000.0,4950000.0,-36452000.0,-34543000.0,183000.0,-36635000.0,-36635000.0,HUMX-M,2023,,
72332000.0,67840000.0,29636000.0,6809000.0,61779000.0,2671000.0,-265146000.0,3173000.0,-44148000.0,-41385000.0,444000.0,-44592000.0,-44592000.0,HUMX-M,2022,,
,,,,,6073000.0,,,,,,,,HUMX-M,2021,,
11734000.0,840000.0,53000.0,19731000.0,-7997000.0,15925000.0,-77206000.0,98000.0,-6751000.0,-6749000.0,26000.0,-6777000.0,-6781000.0,EFNC-M,2025,15925000.0,
16698000.0,6749000.0,92000.0,19192000.0,-2494000.0,16018000.0,-70425000.0,181000.0,-6632000.0,-6632000.0,212000.0,-6844000.0,-8279000.0,EFNC-M,2024,16018000.0,0.0
23472000.0,7844000.0,290000.0,14823000.0,4333000.0,16969000.0,-62146000.0,282000.0,-17479000.0,-17470000.0,2012000.0,-19491000.0,-25293000.0,EFNC-M,2023,12653000.0,4316000.0
69148000.0,30556000.0,1962000.0,40533000.0,28850000.0,39218000.0,-36853000.0,10649000.0,-26441000.0,-26435000.0,2356000.0,-28797000.0,-25040000.0,EFNC-M,2022,39058000.0,160000.0
,,,,,,,,,,,,,EFNC-M,2021,,24792000.0
641296000.0,482352000.0,76089000.0,432006000.0,121038000.0,131258000.0,45577000.0,1744679000.0,46011000.0,74845000.0,23253000.0,22758000.0,21023000.0,TANM,2025,85027000.0,2334000.0
486003000.0,396496000.0,46689000.0,347195000.0,102003000.0,117789000.0,26836000.0,1687780000.0,33635000.0,58868000.0,20283000.0,13352000.0,11547000.0,TANM,2024,74594000.0,3647000.0
,,,,,,,1558545000.0,23508000.0,46248000.0,21067000.0,2441000.0,692000.0,TANM,2023,,
739819000.0,65988000.0,47959000.0,200200000.0,165920000.0,322800000.0,-35450000.0,9394000.0,-8436000.0,-4171000.0,31314000.0,-39750000.0,-26873000.0,RPCE,2025,63050000.0,233711000.0
125877000.0,12268000.0,1658000.0,27977000.0,-3526000.0,101426000.0,-9050000.0,12625000.0,1811000.0,2340000.0,11880000.0,-10069000.0,-9493000.0,RPCE,2024,0.0,101426000.0
,,,,,,,40363000.0,21488000.0,21861000.0,11295000.0,10193000.0,10193000.0,RPCE,2023,,
402155000.0,4415000.0,26000.0,3008000.0,184929000.0,214218000.0,-27432000.0,0.0,22313000.0,28425000.0,19119000.0,3194000.0,1702000.0,DLAS,2025,,214218000.0
397999000.0,5627000.0,20000.0,2600000.0,183227000.0,212172000.0,-29134000.0,0.0,20774000.0,27543000.0,20935000.0,-161000.0,-1325000.0,DLAS,2024,,212172000.0
,,,,,,,0.0,21976000.0,28596000.0,19481000.0,2495000.0,520000.0,DLAS,2023,,
193608000.0,75613000.0,2117000.0,32765000.0,126565000.0,37923000.0,86380000.0,150238000.0,11517000.0,19706000.0,1662000.0,9855000.0,9953000.0,GLAM,2025,4144000.0,0.0
184923000.0,72594000.0,1395000.0,35783000.0,115503000.0,37809000.0,76427000.0,154722000.0,20521000.0,27401000.0,675000.0,19846000.0,16237000.0,GLAM,2024,6901000.0,59000.0
,,,,,,,162267000.0,21580000.0,28307000.0,2135000.0,19445000.0,16130000.0,GLAM,2023,,
80914000.0,8608000.0,5921000.0,7369000.0,10962000.0,69928000.0,-17965000.0,7543000.0,-975000.0,1683000.0,3682000.0,-4657000.0,-2583000.0,SOLA,2025,4765000.0,41568000.0
67986000.0,3575000.0,1889000.0,4942000.0,9390000.0,56388000.0,-14447000.0,5178000.0,-1715000.0,240000.0,3405000.0,-5120000.0,-3915000.0,SOLA,2024,2708000.0,31544000.0
,,,,,,,4855000.0,-2497000.0,-544000.0,2782000.0,-5279000.0,-5128000.0,SOLA,2023,,
14957000.0,7366000.0,13000.0,9759000.0,4191000.0,789000.0,-62272000.0,0.0,-13937000.0,-13368000.0,795000.0,-14732000.0,-14453000.0,GPAY-M,2025,293000.0,
10424000.0,6022000.0,0.0,3950000.0,6108000.0,366000.0,-2378000.0,0.0,794000.0,1523000.0,101000.0,693000.0,513000.0,GPAY-M,2024,99000.0,
216000.0,216000.0,146000.0,3715000.0,-3499000.0,1215000.0,-52038000.0,0.0,1069000.0,1957000.0,226000.0,843000.0,639000.0,GPAY-M,2023,1215000.0,
7604000.0,174000.0,71000.0,2622000.0,4982000.0,435000.0,-43207000.0,0.0,-11662000.0,-10831000.0,4000.0,-11666000.0,-11666000.0,GPAY-M,2022,435000.0,
,,,,,,,,,,,,,GPAY-M,2021,,
