total_assets,current_assets,cash,current_liabilities,equity,st_debt,lt_debt,total_debt_reported,retained_earnings,revenue,ebit,ebitda,interest_expense,pretax_income,net_income,ticker,year
53953669604000.0,30705420001000.0,7713355500000.0,29976396731000.0,9684906768000.0,6982167457000.0,5412718897000.0,12825374363000.0,5982735731000.0,26702901249000.0,2699545903000.0,3572287761000.0,489672629000.0,2209873274000.0,1404962303000.0,012450,2025
43561934043000.0,22981709617000.0,2967733423000.0,25516144576000.0,4995124600000.0,6117727029000.0,4164782797000.0,10693210548000.0,4746520391000.0,11240121484000.0,2889942531000.0,3220890295000.0,242539779000.0,2647402752000.0,2298945271000.0,012450,2024
19542899925700.0,9192041562880.0,1806358649280.0,12076597878810.0,3528357488010.0,2538079879000.0,1401027063000.0,4170017416510.0,2627417653580.0,7889686804710.0,1280383096810.0,1619480767810.0,149626854000.0,1130756242810.0,817509743060.0,012450,2023
15151828043290.0,8507711423510.0,3069829737550.0,8222937467470.0,2857351144900.0,1735250693000.0,1712424845000.0,3625829543910.0,2014578142350.0,7060393209980.0,280464055780.0,543199734780.0,85068745000.0,195395310780.0,195353587580.0,012450,2022
,,,,,,,,,,,,,,,012450,2021
176107659000000.0,69458073000000.0,14923766000000.0,37378999000000.0,120516178000000.0,8161757000000.0,14086148000000.0,24757848000000.0,106576548000000.0,97146675000000.0,51389255000000.0,65319385000000.0,923703000000.0,50465552000000.0,42919287000000.0,000660,2025
119855209000000.0,42278887000000.0,11205117000000.0,24965444000000.0,73903394000000.0,5252238000000.0,17431495000000.0,25452109000000.0,65418061000000.0,66192960000000.0,25230589000000.0,37812126000000.0,1345239000000.0,23885350000000.0,19788681000000.0,000660,2024
100330165000000.0,30468100000000.0,7587329000000.0,21007810000000.0,53504285000000.0,9857189000000.0,19611443000000.0,32498506000000.0,46729313000000.0,32765719000000.0,-10189543000000.0,3484133000000.0,1468273000000.0,-11657816000000.0,-9112428000000.0,000660,2023
103871512000000.0,28733332000000.0,4977007000000.0,19843696000000.0,63266355000000.0,7423247000000.0,15571357000000.0,24791685000000.0,56685260000000.0,44621568000000.0,4535894000000.0,18687364000000.0,533114000000.0,4002780000000.0,2229560000000.0,000660,2022
,,,,,,,,,,,,,,,000660,2021
86532745699420.0,21356404512530.0,3458217651040.0,13871980126880.0,49911892454120.0,1752507670180.0,1611322967000.0,3953729637180.0,15509909275640.0,40742240967140.0,4397865710620.0,5456174552830.0,137614762000.0,4260250948620.0,2439114193250.0,028260,2025
61990426835540.0,20180976210720.0,3622371844800.0,14747260718480.0,31068664773790.0,2098019374760.0,1741990160000.0,4583585534760.0,14014379035600.0,42103238027330.0,3946302243270.0,4879391394230.0,223835635000.0,3722466608270.0,2230258255120.0,028260,2024
66127029212670.0,18977560736020.0,3119516302890.0,14759071583170.0,34238109878470.0,2817490592560.0,1607539654000.0,5133189246560.0,12661663940640.0,41895681215730.0,3804456597310.0,4625373647480.0,254959948000.0,3549496649310.0,2218290399860.0,028260,2023
58981492466950.0,20312841472940.0,4200424490440.0,16413402987390.0,26680665182460.0,3557042808240.0,2057970678000.0,6317498486240.0,10846578870900.0,43161653399530.0,3522905629250.0,4149906310390.0,188359104000.0,3334546525250.0,2044080219090.0,028260,2022
,,,,,,,,,,,,,,,028260,2021
566942110000000.0,247684612000000.0,57856378000000.0,106411348000000.0,424313255000000.0,17584050000000.0,2813148000000.0,25239139000000.0,402135600000000.0,333605938000000.0,50087254000000.0,97013846000000.0,605783000000.0,49481471000000.0,44260956000000.0,005930,2025
514531948000000.0,227062266000000.0,53705579000000.0,93326299000000.0,391687603000000.0,14279268000000.0,21067000000.0,19330184000000.0,370513188000000.0,300870903000000.0,38433652000000.0,81064474000000.0,903918000000.0,37529734000000.0,33621363000000.0,005930,2024
455905980000000.0,195936557000000.0,69080893000000.0,75719452000000.0,353233775000000.0,7425037000000.0,537618000000.0,12685944000000.0,346652238000000.0,258935494000000.0,11936518000000.0,50603077000000.0,930253000000.0,11006265000000.0,14473401000000.0,005930,2023
448424507000000.0,218470581000000.0,49680710000000.0,78344852000000.0,345186142000000.0,5362458000000.0,569939000000.0,10333242000000.0,337946407000000.0,302231360000000.0,47203489000000.0,86311148000000.0,763015000000.0,46440474000000.0,54730018000000.0,005930,2022
14595895255460.0,7097622667420.0,2701205916230.0,3819497359660.0,9541761553950.0,2003354614630.0,188444338600.0,2277190879280.0,7064997439000.0,11314459238100.0,972249110800.0,1896928525800.0,76417738000.0,895831372800.0,706113165450.0,009150,2025
12792402920880.0,5891746488300.0,2013326031510.0,3056860858020.0,8789160638730.0,1557902194170.0,,1636007466060.0,6490395205000.0,10294102976430.0,869986362050.0,1710219625050.0,72690316000.0,797296046050.0,679130069620.0,009150,2024
11657871601840.0,5208418321140.0,1669189597130.0,2900459629420.0,7847712343990.0,1304991167520.0,216522309950.0,1596513099830.0,5873076380000.0,8892411942800.0,630923031740.0,1467592041740.0,67685475000.0,563237556740.0,422956706610.0,009150,2023
10997170898640.0,4888318770840.0,1677067099640.0,2525123479970.0,7538493973160.0,1084647555110.0,336606575600.0,1505236551300.0,5620512080000.0,9424551868020.0,1233134539730.0,2111933406730.0,46306452000.0,1186828087730.0,980551642120.0,009150,2022
,,,,,,619762226810.0,,,,,,,,,009150,2021
67147953000000.0,18412127000000.0,3779307000000.0,16785357000000.0,20215549000000.0,6611422000000.0,15513333000000.0,22512096000000.0,332209000000.0,23671759000000.0,1231278000000.0,4922528000000.0,817154000000.0,414124000000.0,-1072810000000.0,373220,2025
60306791000000.0,15327395000000.0,3898711000000.0,12054922000000.0,21116237000000.0,2413086000000.0,12641359000000.0,15390551000000.0,1397211000000.0,25619585000000.0,913117000000.0,3958901000000.0,564246000000.0,348871000000.0,-1018741000000.0,373220,2024
45437144000000.0,17208396000000.0,5068783000000.0,10937185000000.0,20200641000000.0,3157459000000.0,7628469000000.0,10932288000000.0,2364496000000.0,33745470000000.0,2359212000000.0,4646091000000.0,315752000000.0,2043460000000.0,1237180000000.0,373220,2023
38299445000000.0,18804269000000.0,5937967000000.0,11444923000000.0,18732215000000.0,2826757000000.0,5157273000000.0,8109253000000.0,1154518000000.0,25598609000000.0,1108998000000.0,2951711000000.0,113684000000.0,995314000000.0,767236000000.0,373220,2022
,,,,,,,,,,,,,,,373220,2021
368844849000000.0,120777363000000.0,18360566000000.0,88579290000000.0,115446507000000.0,44149376000000.0,131240462000000.0,176514918000000.0,101311761000000.0,186254472000000.0,14414119000000.0,19430603000000.0,572216000000.0,13841903000000.0,9445987000000.0,005380,2025
339798429000000.0,115764287000000.0,19014944000000.0,79509643000000.0,109103398000000.0,36069352000000.0,120420008000000.0,157751465000000.0,96595668000000.0,175231153000000.0,18232934000000.0,22519940000000.0,451498000000.0,17781436000000.0,12526691000000.0,005380,2024
282463355000000.0,58604033000000.0,19166619000000.0,73362103000000.0,92497311000000.0,34144706000000.0,90603253000000.0,125806361000000.0,88665805000000.0,162663579000000.0,18176194000000.0,23122689000000.0,557532000000.0,17618662000000.0,11961717000000.0,005380,2023
255742462000000.0,58351905000000.0,20864879000000.0,74236472000000.0,82349287000000.0,36940611000000.0,75245209000000.0,113296624000000.0,79953601000000.0,142151469000000.0,11704878000000.0,16752500000000.0,523407000000.0,11181471000000.0,7364364000000.0,005380,2022
,,,,,,,,,,,,,,,005380,2021
11060741976830.0,4408366515900.0,148851266520.0,2532917332500.0,7451110647980.0,319712705000.0,599011716000.0,927094458600.0,6870960680790.0,4556971695180.0,2147802533600.0,2781439449800.0,29171280920.0,2118631252680.0,1784352060590.0,207940,2025
17336296349510.0,5518117814570.0,391221617200.0,3853188425800.0,10904676062010.0,327000000000.0,1012756708000.0,1486239475350.0,5086608620190.0,3497145675780.0,1418992005250.0,2018093149560.0,34123175510.0,1384868829740.0,1083315885980.0,207940,2024
16046197209190.0,5521987756530.0,367937365040.0,4157860817410.0,9830492412340.0,1387905014000.0,239782550000.0,1909332577230.0,4003292734210.0,3694588767060.0,1201583333400.0,1691365328050.0,81596402200.0,1119986931200.0,857691298380.0,207940,2023
16582050258480.0,6457656567070.0,890819570650.0,4181541561220.0,8984474395150.0,1138800019000.0,965090332000.0,2514032938960.0,3145601435820.0,3001295197680.0,1073088919710.0,1381353240610.0,64064346000.0,1009024573710.0,798056210080.0,207940,2022
,,,,,,,,,,,,,,,207940,2021
68620167000000.0,34869881000000.0,8769841000000.0,27183160000000.0,23887393000000.0,2464190000000.0,10180049000000.0,13960335000000.0,17419333000000.0,89200882000000.0,2436515000000.0,6038551000000.0,600090000000.0,1836425000000.0,960579000000.0,066570,2025
65629589000000.0,33923517000000.0,7573036000000.0,27307439000000.0,20994769000000.0,2889260000000.0,11093282000000.0,15242402000000.0,16352773000000.0,87728182000000.0,1907135000000.0,5440999000000.0,571340000000.0,1335795000000.0,367515000000.0,066570,2024
60240793000000.0,30341209000000.0,8487563000000.0,24160380000000.0,19664754000000.0,2601636000000.0,10719175000000.0,14513834000000.0,16201439000000.0,82262664000000.0,2550151000000.0,5767150000000.0,535254000000.0,2014897000000.0,712902000000.0,066570,2023
55156141000000.0,27488228000000.0,6322360000000.0,22332549000000.0,18992108000000.0,2287518000000.0,8757669000000.0,12141422000000.0,15834021000000.0,83467318000000.0,2903398000000.0,5888518000000.0,363587000000.0,2539811000000.0,1196442000000.0,066570,2022
,,,,,,,,,,,,,,,066570,2021
98979055000000.0,44425929000000.0,13998106000000.0,28378332000000.0,61187884000000.0,1364959000000.0,978970000000.0,2728968000000.0,54519590000000.0,114140919000000.0,10316546000000.0,13030470000000.0,75155000000.0,10241391000000.0,7560983000000.0,000270,2025
92755874000000.0,41797457000000.0,13566568000000.0,26977376000000.0,55831165000000.0,1058671000000.0,2175573000000.0,3596491000000.0,50241096000000.0,107448752000000.0,13601690000000.0,16150959000000.0,101489000000.0,13500201000000.0,9772957000000.0,000270,2024
80627826000000.0,37466302000000.0,14353142000000.0,25674105000000.0,46552384000000.0,1097578000000.0,2702261000000.0,4127631000000.0,43270759000000.0,99808420000000.0,12859292000000.0,15212727000000.0,181948000000.0,12677344000000.0,8776970000000.0,000270,2023
73710965000000.0,34147147000000.0,11553972000000.0,25377803000000.0,39337938000000.0,3428143000000.0,4044381000000.0,7745390000000.0,36320754000000.0,86559029000000.0,7734976000000.0,10157575000000.0,232983000000.0,7501993000000.0,5409429000000.0,000270,2022
,,,,,,,,,,,,,,,000270,2021
42255338580910.0,8739928568760.0,1803994237940.0,9794852795190.0,21442873795140.0,5390568184000.0,5493341323030.0,11071594902030.0,12088785935940.0,13266730679490.0,-1050627332430.0,1052362550570.0,313388197000.0,-1364015529430.0,-649468657550.0,006400,2025
40597344536350.0,10334312926480.0,1885068694000.0,10855694147360.0,19766394890480.0,6514149733000.0,5063743785690.0,11739619424690.0,12779917889800.0,16592248884380.0,862967378560.0,2737831684560.0,335645457000.0,527321921560.0,599289842800.0,006400,2024
34038860192960.0,9187029193260.0,1524461361450.0,8518933137070.0,18511373378170.0,2868274952000.0,2849524920000.0,5798852571000.0,12335665245890.0,21436788407450.0,2655346862760.0,4383318638760.0,273538572000.0,2381808290760.0,2009207126300.0,006400,2023
30257525171120.0,9651702375320.0,2614271849890.0,8006938827480.0,16485723513570.0,2851183214000.0,2297040000000.0,5220328307000.0,10468351380970.0,20124069515850.0,2742334370730.0,4205667625730.0,90058982000.0,2652275388730.0,1952148535520.0,006400,2022
,,,,,,,,,,,,,,,006400,2021
22334900189800.0,6205267557980.0,1119206211710.0,4453815745870.0,17208474471870.0,3302896954000.0,387200000000.0,3728669195000.0,4407125786900.0,4162495108880.0,1229187710080.0,1516716096080.0,75467268000.0,1153720442080.0,1029613370420.0,068270,2025
21055222437700.0,5584129149600.0,996430679070.0,3187120605910.0,17439141579250.0,2075317304000.0,86595233000.0,2192675638000.0,3744280141360.0,3557303554370.0,651689094410.0,1069938978410.0,75572283000.0,576116811410.0,422691724150.0,068270,2024
19956813831270.0,5094010887670.0,564611719560.0,2512385333430.0,16980683406960.0,1775133666000.0,99133316000.0,1890420204000.0,3963573529270.0,2176431531380.0,680761070990.0,926588402990.0,9665286000.0,671095784990.0,535647963950.0,068270,2023
5891652311250.0,2929792463750.0,551186669810.0,1294097736480.0,4139360000760.0,635135845000.0,151579926000.0,792331924000.0,3485109538430.0,2283967480390.0,633680911620.0,860070934620.0,7507535000.0,626173376620.0,537835568480.0,068270,2022
,,,,,,,,,,,,,,,068270,2021
70400532000000.0,30366398000000.0,4922378000000.0,13057963000000.0,49167565000000.0,1127064000000.0,1818510000000.0,3668083000000.0,45224557000000.0,61118127000000.0,5291697000000.0,6459561000000.0,176539000000.0,5115158000000.0,3655790000000.0,012330,2025
66596905000000.0,28424073000000.0,4788492000000.0,12745182000000.0,46080922000000.0,1071184000000.0,1927485000000.0,3554446000000.0,42911192000000.0,57236995000000.0,5393760000000.0,6378406000000.0,129284000000.0,5264476000000.0,4055642000000.0,012330,2024
58585845000000.0,25565154000000.0,5079414000000.0,12052826000000.0,40634418000000.0,1540144000000.0,692062000000.0,2750614000000.0,39639529000000.0,59254361000000.0,4594964000000.0,5521011000000.0,150110000000.0,4444854000000.0,3422616000000.0,012330,2023
55406698000000.0,25659721000000.0,4088248000000.0,11476170000000.0,37799237000000.0,1781532000000.0,1462049000000.0,3642567000000.0,36979291000000.0,51906293000000.0,3438258000000.0,4336323000000.0,75646000000.0,3362612000000.0,2485254000000.0,012330,2022
,,,,,,,,,,,,,,,012330,2021
26163044535000.0,14980009479000.0,1869917695000.0,15332586082000.0,9341619958000.0,156966805000.0,488384389000.0,682094935000.0,2393864230000.0,17580633257000.0,1897464538000.0,2230873538000.0,96548000000.0,1800916538000.0,1415484774000.0,329180,2025
19390946750000.0,10403121877000.0,1257867151000.0,11796215796000.0,5704447952000.0,399253312000.0,751605744000.0,1184181473000.0,1288341189000.0,14486453544000.0,947806713000.0,1253621713000.0,149669000000.0,798137713000.0,621509050000.0,329180,2024
17133618109000.0,8799684121000.0,928043107000.0,9945027489000.0,5207440082000.0,1560030665000.0,1568942823000.0,3168060053000.0,772843969000.0,11963925991000.0,166253002000.0,444323002000.0,131890000000.0,34363002000.0,24686073000.0,329180,2023
16289398053000.0,8000865934000.0,744148120000.0,9072004186000.0,5287819487000.0,1444632171000.0,1159024155000.0,2648107448000.0,845402772000.0,9045480488000.0,-315342784000.0,-61065784000.0,106141000000.0,-421483784000.0,-352064622000.0,329180,2022
,,,,,,,,,,,,,,,329180,2021
27513223000000.0,10771711000000.0,3080997000000.0,10107067000000.0,7785743000000.0,2913419000000.0,2895656000000.0,6234522000000.0,1696327000000.0,17057876000000.0,652755000000.0,1210082000000.0,325948000000.0,326807000000.0,84762000000.0,034020,2025
26314835000000.0,10049022000000.0,2898298000000.0,8945820000000.0,7496562000000.0,2539477000000.0,3360684000000.0,6371611000000.0,1394448000000.0,16233055000000.0,986856000000.0,1477887000000.0,329077000000.0,657779000000.0,111365000000.0,034020,2024
24640834000000.0,9641568000000.0,2620187000000.0,9596750000000.0,7117371000000.0,2762949000000.0,2004428000000.0,5221744000000.0,1184532000000.0,17589888000000.0,1059374000000.0,1526039000000.0,320892000000.0,738482000000.0,55598000000.0,034020,2023
23049781799920.0,8098893728490.0,1395837596350.0,8059455534050.0,7113272670500.0,2204577472940.0,2707215395000.0,5383034436450.0,58813720110.0,15421058082380.0,73558647800.0,544956647800.0,260038000000.0,-186479352200.0,-772492598020.0,034020,2022
,,,,,,,,,,,,,,,034020,2021
41084496327310.0,10928462735830.0,5984018799740.0,8018876510290.0,27581956984240.0,1729333784010.0,1256361591000.0,4173496645990.0,27625675371070.0,12035007218970.0,2528860655070.0,3274158893070.0,108717362000.0,2420143293070.0,1953214734950.0,035420,2025
38167876036020.0,9374912034820.0,4195524637850.0,6092160669670.0,25459903574290.0,335389909710.0,2870348684000.0,3801870750520.0,25964961560850.0,10737719264640.0,2427065871440.0,3100581468440.0,104881380000.0,2322184491440.0,1923237257010.0,035420,2024
35737826964390.0,7028076457880.0,3576456533320.0,6305568632190.0,23206042240990.0,775927341610.0,2649319395660.0,4178883507110.0,24544359050680.0,9670643576580.0,1608473868550.0,2190813230550.0,127077551000.0,1481396317550.0,1012321527620.0,035420,2023
33899042889130.0,6439570710740.0,2724168321700.0,5480633710840.0,22744095607040.0,1381399298780.0,2032552590380.0,4196582171070.0,23645687007290.0,8220078708810.0,1155409228150.0,1716317796150.0,71692137000.0,1083717091150.0,760260876240.0,035420,2022
,,,,,,,,,,,,,,,035420,2021
4956680318370.0,3356846142790.0,762716704000.0,1864659912550.0,2069766351520.0,569381322270.0,773010797000.0,1389567906060.0,1939179544990.0,4965798552980.0,462266221000.0,594582435060.0,52195920000.0,410070301000.0,286623001980.0,010120,2025
4485197464380.0,3052191652180.0,660104319200.0,1846349798510.0,1838756342740.0,604673741620.0,569352170000.0,1226634411910.0,1743475249710.0,4551837252460.0,377132902000.0,490902104450.0,43766280000.0,333366622000.0,238715669200.0,010120,2024
3732891934230.0,2605193022170.0,583925062420.0,1448676924740.0,1712769946790.0,417315761530.0,514243486000.0,988175236450.0,1596891858070.0,4230482628440.0,306192634250.0,408279761800.0,42096280000.0,264096354250.0,205961759130.0,010120,2023
3322804977890.0,2341252236660.0,556085787710.0,1390210307030.0,1553494370850.0,526235507430.0,350253780000.0,902304533280.0,1436379983690.0,3377070215830.0,147381934510.0,249561649750.0,20415240000.0,126966694510.0,90303429390.0,010120,2022
,,,,,,,,,,,,,,,010120,2021
4769815393350.0,3426275170370.0,950781542250.0,2548719075380.0,2028771644110.0,139200492000.0,46859273000.0,258565940690.0,1322719258020.0,4079497658520.0,973172429640.0,1046890429640.0,16787000000.0,956385429640.0,732605395230.0,267260,2025
3795545096460.0,2763740978390.0,569771637520.0,2001078594200.0,1501786699270.0,126798558000.0,166949635000.0,351778988810.0,815876343990.0,3322349007520.0,679663931820.0,744912931820.0,29592000000.0,650071931820.0,501567028460.0,267260,2024
2910160077690.0,1972953333100.0,176097890080.0,1497428721700.0,1048142407770.0,441715689000.0,273777042000.0,742666414680.0,396620702340.0,2702799337370.0,349761406750.0,402135406750.0,39245000000.0,310516406750.0,259152699990.0,267260,2023
2435030170730.0,1548305844280.0,172685883610.0,1411144505500.0,822579713290.0,454625026000.0,110539881000.0,598737365370.0,171907879670.0,2104499487330.0,188231271470.0,235082271470.0,24316000000.0,163915271470.0,162486134410.0,267260,2022
,,,,,,,,,,,,,,,267260,2021
20140914014340.0,12082155480710.0,778471159630.0,11200499198870.0,6170251544050.0,3300054550950.0,2346290396000.0,5776856504530.0,1551926230280.0,12783512278320.0,1038099571730.0,1271025571730.0,195730000000.0,842369571730.0,1245838500540.0,042660,2025
17843809161290.0,11246034307660.0,588259735080.0,10346614469470.0,4858676068260.0,3237744025540.0,2028126040000.0,5394604555550.0,236448278990.0,10776004933620.0,353549065670.0,533187065670.0,172514000000.0,181035065670.0,528119120120.0,042660,2024
13944772692390.0,9217523943520.0,1799307748620.0,7459444078860.0,4307452654470.0,526449916430.0,1664742451000.0,2265818140330.0,-2868157127310.0,7408312265640.0,42753819020.0,188757819020.0,159033000000.0,-116279180980.0,159885949580.0,042660,2023
12235665304870.0,7822464527780.0,659721353640.0,10672486378140.0,744971931950.0,2587529210120.0,99715361000.0,2756255294620.0,-2700710987440.0,4860150249530.0,-1672511432030.0,-1542015432030.0,121815000000.0,-1794326432030.0,-1744778447650.0,042660,2022
,,,,,,,,,,,,,,,042660,2021
20395719724710.0,12069316661150.0,3451069963530.0,6127539235850.0,10937740250970.0,3136064154600.0,2668945940000.0,5960216056600.0,6542819899590.0,16587850779910.0,1233833752660.0,1595905804660.0,204864769000.0,1028968983660.0,775018941540.0,010130,2025
14792322181540.0,7567074179250.0,893806431750.0,6366334342620.0,7333649968780.0,4342954811300.0,480270294410.0,4972060751710.0,7600981483810.0,12052918410240.0,410497500120.0,763191528120.0,117986624000.0,292510876120.0,190929712010.0,010130,2024
12046071311650.0,5571656932730.0,676775222860.0,1902819300920.0,9390228169610.0,693464959820.0,168921734830.0,925867558650.0,7843381808490.0,9704521343020.0,770457388470.0,1089425187470.0,42384127000.0,728073261470.0,527261488010.0,010130,2023
12097918358970.0,6071090869900.0,780981792300.0,2319116608590.0,9042713294580.0,803783128260.0,208873892280.0,1049820747540.0,7953409019050.0,11219358600100.0,915852282490.0,1219600606490.0,34371532000.0,881480750490.0,780610169410.0,010130,2022
,,,,,,,,,,,,,,,010130,2021
39542213288000.0,23424477841000.0,3742015549000.0,20010814307000.0,13286077746000.0,252311444000.0,791874588000.0,1498001884000.0,16667529658000.0,29933215227000.0,3725068564000.0,4308662564000.0,158762000000.0,3566306564000.0,2168412429000.0,009540,2025
36719137422000.0,20431356435000.0,3717318959000.0,19325058391000.0,11099427059000.0,562278960000.0,853750844000.0,1899383454000.0,15083879465000.0,25538577356000.0,2028985072000.0,2554758072000.0,206322000000.0,1822663072000.0,1172335951000.0,009540,2024
32242568184000.0,17735127271000.0,3018390965000.0,17497867505000.0,9903690500000.0,2220090996000.0,1695642746000.0,4013955466000.0,14374459760000.0,21296205574000.0,185833316000.0,657777316000.0,193879000000.0,-8045684000.0,221711002000.0,009540,2023
29883476300000.0,15775914217000.0,2697222866000.0,15033482523000.0,9714919162000.0,2440752000000.0,1436946131000.0,3981722808000.0,14300366736000.0,17302020185000.0,-265249252000.0,155926748000.0,165846000000.0,-431095252000.0,-216949612000.0,009540,2022
,,,,,,,,,,,,,,,009540,2021
105287678000000.0,43584798000000.0,7049800000000.0,23070658000000.0,55759204000000.0,10814854000000.0,16374578000000.0,29832654000000.0,53197035000000.0,68986938000000.0,2230620000000.0,6389843000000.0,1091462000000.0,1139158000000.0,690686000000.0,005490,2025
103443735000000.0,44065460000000.0,6767898000000.0,22741063000000.0,55390219000000.0,9792745000000.0,14881620000000.0,26903468000000.0,53644899000000.0,73459408000000.0,2377741000000.0,6362200000000.0,1051511000000.0,1326230000000.0,1125380000000.0,005490,2024
101486316000000.0,46731890000000.0,6670879000000.0,22467736000000.0,54146374000000.0,9969129000000.0,15011162000000.0,26894699000000.0,53813583000000.0,77056549000000.0,3636716000000.0,7481370000000.0,1001290000000.0,2635426000000.0,1698202000000.0,005490,2023
99021750000000.0,48243041000000.0,8053108000000.0,23434705000000.0,52477530000000.0,9613402000000.0,12389668000000.0,25129144000000.0,52921137000000.0,85003616000000.0,4654949000000.0,8348528000000.0,607458000000.0,4047491000000.0,3157536000000.0,005490,2022
,,,,,,,,,,,,,,,005490,2021
7227883006290.0,3738227618770.0,216772513670.0,3561457465140.0,2351728765100.0,337991109000.0,464450013000.0,850990122000.0,829390616370.0,5968511616600.0,684728494860.0,770688494860.0,58938000000.0,625790494860.0,519893715250.0,298040,2025
6218812921200.0,3036422654440.0,249076858010.0,3092775159620.0,1908516731940.0,496873510000.0,563140401000.0,1083025911000.0,353099108910.0,4894979612220.0,312747941670.0,385614941670.0,89113000000.0,223634941670.0,222633314540.0,298040,2024
4761300218430.0,2351430099770.0,277804610270.0,2811484808080.0,1080310240470.0,903104096000.0,398121189000.0,1323478285000.0,175547848180.0,4300571503250.0,262086763080.0,347083763080.0,92423000000.0,169663763080.0,115982221070.0,298040,2023
4693470608270.0,2221499626000.0,212739996070.0,2504911410800.0,974569513280.0,950163074000.0,659765183000.0,1628671257000.0,68905108290.0,3510143917630.0,118343661000.0,200596661000.0,58502000000.0,59841661000.0,10215533940.0,298040,2022
,,,,,,,,,,,,,,,298040,2021
105608481396000.0,42795276125000.0,16091551855000.0,41057102110000.0,21792075772000.0,16091374427000.0,22764517807000.0,41181759530000.0,4304259813000.0,80296054243000.0,-4338633209000.0,-1103261209000.0,1530166000000.0,-5868799209000.0,-3347850026000.0,096770,2025
110530097549000.0,36318431920000.0,15865084196000.0,37725576071000.0,24641444950000.0,17595382016000.0,27032202701000.0,47128469668000.0,8231276686000.0,74269646737000.0,-798918771000.0,1655641229000.0,1503516000000.0,-2302434771000.0,-2259957139000.0,096770,2024
80835513251000.0,33279589404000.0,13074425609000.0,29399178862000.0,22202714489000.0,11244107115000.0,17714684258000.0,30535073942000.0,11252835251000.0,77288485864000.0,2076143003000.0,4106107003000.0,1143958000000.0,932185003000.0,256250365000.0,096770,2023
67218924277000.0,31966675885000.0,9479086529000.0,27557209671000.0,19651626210000.0,12050543999000.0,13403701628000.0,27168222445000.0,11579657924000.0,78056939448000.0,3506159277000.0,5299317277000.0,645969000000.0,2860190277000.0,1569022663000.0,096770,2022
,,,,,,,,,,,,,,,096770,2021
33563133000000.0,15117543000000.0,1760767000000.0,2601963000000.0,26569235000000.0,125279000000.0,126027000000.0,5186818000000.0,13280054000000.0,10891443000000.0,2208621000000.0,3324635000000.0,207894000000.0,2000727000000.0,1878436000000.0,011200,2025
33848562000000.0,17996844000000.0,1471825000000.0,2357189000000.0,27853923000000.0,119045000000.0,145126000000.0,4377059000000.0,14114764000000.0,11700224000000.0,4032390000000.0,4935386000000.0,135824000000.0,3896566000000.0,3782169000000.0,011200,2024
25713363000000.0,13179709000000.0,3249802000000.0,2001371000000.0,21439198000000.0,112619000000.0,279308000000.0,3027063000000.0,10889054000000.0,8400969000000.0,1212636000000.0,2085512000000.0,158375000000.0,1054261000000.0,968560000000.0,011200,2023
26066659000000.0,14280104000000.0,4980161000000.0,2051767000000.0,20779519000000.0,116569000000.0,348935000000.0,3877823000000.0,10628749000000.0,18582770000000.0,10587361000000.0,11428980000000.0,371935000000.0,10215426000000.0,10116968000000.0,011200,2022
,,,,,,,,,,,,,,,011200,2021
30107783000000.0,6727130000000.0,1490024000000.0,6529775000000.0,12863103000000.0,1252584000000.0,7594445000000.0,10372827000000.0,22938268000000.0,17099213000000.0,1105466000000.0,4572600000000.0,383205000000.0,722261000000.0,408410000000.0,017670,2025
30515255000000.0,7476682000000.0,2023721000000.0,9224278000000.0,11698627000000.0,2560109000000.0,6566771000000.0,10764831000000.0,22976127000000.0,17940609000000.0,2164894000000.0,5725268000000.0,403129000000.0,1761765000000.0,1250155000000.0,017670,2024
30119227000000.0,6585602000000.0,1454978000000.0,6993980000000.0,11389046000000.0,1621844000000.0,7421877000000.0,10655154000000.0,22799981000000.0,17608511000000.0,1877992000000.0,5492758000000.0,389813000000.0,1488179000000.0,1093611000000.0,017670,2023
31308262000000.0,7219196000000.0,1882291000000.0,8046541000000.0,11318320000000.0,2110584000000.0,7192220000000.0,11084861000000.0,22463711000000.0,17304973000000.0,1564459000000.0,5319771000000.0,328307000000.0,1236152000000.0,912400000000.0,017670,2022
,,,,,,,,,,,,,,,017670,2021
813331626120.0,493274637710.0,276235377520.0,120120329890.0,690327519530.0,,,2554319940.0,639253488500.0,576684619520.0,278780754700.0,290334947660.0,397686000.0,278383068700.0,214007548410.0,042700,2025
710872366670.0,407791209280.0,103966003560.0,160040613370.0,540887863380.0,,,2909035870.0,610049963390.0,558917191540.0,198489671620.0,208261679250.0,115273000.0,198374398620.0,152614498000.0,042700,2024
723839103740.0,319391328600.0,179732421450.0,105009650580.0,571898625120.0,,,1115519570.0,532248974160.0,159008528360.0,345358633780.0,354007282840.0,79072000.0,345279561780.0,267167515850.0,042700,2023
455432965980.0,269565214340.0,90895691890.0,63044830700.0,390096755780.0,,,2193975100.0,325269340920.0,327592058710.0,127965088010.0,136717712180.0,121067000.0,127844021010.0,92259257410.0,042700,2022
,,,,,,,,,,,,,,,042700,2021
254927457000000.0,30715388000000.0,2240811000000.0,67107317000000.0,48169942000000.0,45886970000000.0,83882322000000.0,132920172000000.0,28500584000000.0,96567586000000.0,15926490000000.0,29715281000000.0,4339560000000.0,11586930000000.0,8544918000000.0,015760,2025
246807795000000.0,29255205000000.0,2382979000000.0,63968789000000.0,39915236000000.0,44441952000000.0,88091448000000.0,136232856000000.0,20128247000000.0,92578265000000.0,9921624000000.0,23918979000000.0,4665095000000.0,5256529000000.0,3491698000000.0,015760,2024
239714965000000.0,29536215000000.0,4342887000000.0,61248421000000.0,35845043000000.0,41121347000000.0,92510483000000.0,137439710000000.0,16338262000000.0,87476410000000.0,-3102318000000.0,9929945000000.0,4451659000000.0,-7553977000000.0,-4822549000000.0,015760,2023
234804994000000.0,29750545000000.0,3234780000000.0,44518577000000.0,40545396000000.0,22659002000000.0,97946363000000.0,124768508000000.0,21431300000000.0,70546024000000.0,-31025073000000.0,-18563661000000.0,2818546000000.0,-33843619000000.0,-24466853000000.0,015760,2022
,,,,,,,,,,,,,,,015760,2021
698742517170.0,480795147660.0,66380706540.0,239684162420.0,445194059000.0,2572609000.0,4027752000.0,7059050260.0,218537978040.0,215858918950.0,173703063270.0,179192549460.0,10966730620.0,162736332650.0,141666024710.0,196170,2025
409011974210.0,211784660780.0,18993906680.0,129185745940.0,273593211290.0,6413953000.0,5000000000.0,11758554080.0,76871953330.0,102854620800.0,37286886880.0,40137275800.0,674942370.0,36611944510.0,62252318990.0,196170,2024
256099994580.0,144075802570.0,30199528810.0,100415323190.0,148114262930.0,,1249256930.0,1704985350.0,14619634330.0,96522928880.0,-2893490500.0,440040090.0,670884490.0,-3564374990.0,-3371764000.0,196170,2023
245490136090.0,145095472880.0,45828916760.0,94308513860.0,148758951380.0,3384000000.0,687500000.0,4326676180.0,17991398340.0,28806344490.0,-9544374240.0,-6890063960.0,425480820.0,-9969855060.0,-8146003030.0,196170,2022
,,,,,2550000000.0,,,,,,,,,,196170,2021
101061661000000.0,32526899000000.0,9899926000000.0,26137148000000.0,32845600000000.0,11614077000000.0,21182908000000.0,33811957000000.0,16999267000000.0,45932167000000.0,-562965000000.0,4694940000000.0,1217460000000.0,-1780425000000.0,-1819449000000.0,051910,2025
93857762000000.0,27815627000000.0,7854877000000.0,21085717000000.0,33284180000000.0,7479963000000.0,18981381000000.0,27376097000000.0,18592174000000.0,48699754000000.0,639665000000.0,5322025000000.0,949172000000.0,-309507000000.0,-690854000000.0,051910,2024
77466694000000.0,28859296000000.0,9084899000000.0,18390839000000.0,32192605000000.0,6977652000000.0,14458596000000.0,21928114000000.0,19650632000000.0,55249785000000.0,3145372000000.0,7102875000000.0,647232000000.0,2498140000000.0,1337812000000.0,051910,2023
67973823000000.0,29674369000000.0,8497882000000.0,16459563000000.0,31450572000000.0,3709288000000.0,11865593000000.0,15964519000000.0,19142263000000.0,50983251000000.0,3076600000000.0,6472679000000.0,298308000000.0,2778292000000.0,1845363000000.0,051910,2022
,,,,,,,,,,,,,,,051910,2021
32927788000000.0,14193308000000.0,4927903000000.0,13754410000000.0,1559193000000.0,5579143000000.0,3709428000000.0,10126440000000.0,-80639000000.0,19784138000000.0,987392000000.0,1796090000000.0,497226000000.0,490166000000.0,75785000000.0,000150,2025
30143063000000.0,11912646000000.0,3704064000000.0,11024159000000.0,1480157000000.0,3871967000000.0,4422254000000.0,9084793000000.0,-81552000000.0,18132874000000.0,1084580000000.0,1851796000000.0,491626000000.0,592954000000.0,-226167000000.0,000150,2024
28286809000000.0,11446328000000.0,3539167000000.0,11438852000000.0,1624123000000.0,3988371000000.0,3011212000000.0,7807002000000.0,207970000000.0,19130130000000.0,917391000000.0,1621739000000.0,466417000000.0,450974000000.0,-388278000000.0,000150,2023
26315352623210.0,9526315384830.0,2074186431740.0,9478485386420.0,1790732092860.0,2902156605080.0,3854866552740.0,7613478184710.0,669450909850.0,16995760103010.0,78945075290.0,697147301290.0,364849000000.0,-285903924710.0,-696398841480.0,000150,2022
,,,,,,,,,,,,,,,000150,2021
14189127000000.0,7026243000000.0,913503000000.0,3236837000000.0,9279560000000.0,755312000000.0,1030666000000.0,1843187000000.0,8551967000000.0,6579707000000.0,1529561000000.0,1822228000000.0,74270000000.0,1455291000000.0,1090072000000.0,033780,2025
13925237000000.0,7176310000000.0,1135968000000.0,3142888000000.0,9239171000000.0,451449000000.0,1022007000000.0,1522202000000.0,8783244000000.0,5908792000000.0,1607914000000.0,1858174000000.0,42089000000.0,1565825000000.0,1165727000000.0,033780,2024
12772452000000.0,6418374000000.0,1031953000000.0,2672414000000.0,9174405000000.0,89097000000.0,469813000000.0,605388000000.0,8979107000000.0,5862608000000.0,1294088000000.0,1535161000000.0,45706000000.0,1248382000000.0,902662000000.0,033780,2023
12301716000000.0,6509585000000.0,1401018000000.0,2527315000000.0,9315644000000.0,76755000000.0,78808000000.0,193172000000.0,9131204000000.0,5851406000000.0,1464291000000.0,1689746000000.0,34772000000.0,1429519000000.0,1015785000000.0,033780,2022
,,,,,,,,,,,,,,,033780,2021
14948871093920.0,7407076766360.0,772614649370.0,9422232390200.0,4148939309640.0,1731862536790.0,315929718970.0,2306527749570.0,-1602845166940.0,10650010702810.0,790701832930.0,1074703837930.0,140223226000.0,650478606930.0,545539601780.0,010140,2025
17194637128130.0,9369985101260.0,955961848810.0,12029241642640.0,3794592947050.0,3081464474000.0,136777007970.0,3543641000500.0,-2136027131480.0,9903077919460.0,-102255560720.0,186946707280.0,213246648000.0,-315502208720.0,63876253550.0,010140,2024
15593389152390.0,9245491743300.0,583811700100.0,11231917003440.0,3439345000310.0,3034901863590.0,516259390220.0,3681263872630.0,-2168677854580.0,8009429912100.0,-117130755070.0,123509431930.0,178581673000.0,-295712428070.0,-148272721730.0,010140,2023
14491697984860.0,8411943463060.0,919191704410.0,9216046809130.0,3594491079400.0,1926696981720.0,1136684361860.0,3119625157500.0,-1958926961560.0,5944667452280.0,-454983548360.0,-255775919360.0,99727717000.0,-554711265360.0,-619438307020.0,010140,2022
,,,,,,,,,,,,,,,010140,2021
13453704199190.0,9405728578300.0,1558981444010.0,2331826662740.0,9916106572210.0,0.0,,817091707590.0,8530229302590.0,13929868497710.0,1126507648120.0,1756506553120.0,50717622000.0,1075790026120.0,759538805950.0,018260,2025
13238330251690.0,9003786950710.0,1668766407200.0,2495408581390.0,9333119577870.0,0.0,,983592443400.0,7995006036040.0,13828232033800.0,1152752289370.0,1759713898370.0,49990196000.0,1102762093370.0,756996881800.0,018260,2024
12321024561020.0,8160300292300.0,1787694554180.0,2391861435540.0,8658009435400.0,0.0,,867824240350.0,7446854656430.0,13276844204870.0,1023714388360.0,1636272100360.0,38206017000.0,985508371360.0,693422011530.0,018260,2023
11952424889480.0,8005764371670.0,1392134431700.0,2493322920020.0,8223193305040.0,0.0,,868996761200.0,7000953240100.0,17234749537660.0,1160891332480.0,1673050692480.0,28811125000.0,1132080207480.0,1099744743130.0,018260,2022
,,,,,,,,,,,,,,,018260,2021
8064772884180.0,5622222859230.0,125190009680.0,6215510761700.0,1430099950000.0,603656789000.0,255120158000.0,945038114000.0,1105911811840.0,4306936127410.0,291051677170.0,415194948170.0,12615765000.0,278435912170.0,253355820870.0,079550,2025
6191883865100.0,3894568274420.0,546947952480.0,4616518043950.0,1209332843000.0,203420868000.0,188002168000.0,436400931000.0,904862454970.0,3276339508420.0,215206014570.0,300878814570.0,11967126000.0,203238888570.0,219434507870.0,079550,2024
3815758833280.0,2535880560450.0,445436760870.0,2650650421120.0,1052359009280.0,182847505000.0,19757390000.0,252129301000.0,727926949100.0,2308571092870.0,194665516340.0,263491756340.0,9663070000.0,185002446340.0,174962143110.0,079550,2023
3012727223120.0,1822951227860.0,252910914350.0,1899456288190.0,935179067800.0,234803363000.0,94738560000.0,366286245000.0,560579842000.0,2220751868430.0,170993716690.0,224672212690.0,13221763000.0,157771953690.0,122939587370.0,079550,2022
,,,,,,,,,,,,,,,079550,2021
27783524545810.0,12374175844160.0,6373784263390.0,8779746217430.0,11276217552480.0,1128852540000.0,990548440310.0,4010534149020.0,2684520360640.0,8099147815080.0,801768885750.0,1641985748750.0,180232491000.0,621536394750.0,491491558180.0,035720,2025
25773028304460.0,10721670330950.0,6169765509840.0,8545228313490.0,10141299899340.0,1874404398000.0,327869949980.0,4330204816760.0,1943498463400.0,7864033326470.0,253318826510.0,1088615459510.0,203653382000.0,49665444510.0,55277416530.0,035720,2024
25179968939320.0,9988156828590.0,5389190634440.0,7564138808000.0,9763719252170.0,1618729970000.0,845628441370.0,4481542960480.0,1922136928610.0,7557001757270.0,-1485462021720.0,-724807000720.0,162778224000.0,-1648240245720.0,-1012550566010.0,035720,2023
22963544024380.0,7755732886680.0,4780244024650.0,4767915518480.0,9983717693100.0,1083766642000.0,1176180814000.0,4147754531950.0,3031388208880.0,6798741511160.0,1378806023650.0,1960236834650.0,109871005000.0,1268935018650.0,1358019478520.0,035720,2022
,,,,,,,,,,,,,,,035720,2021
26556957000000.0,8615556000000.0,1834658000000.0,12210859000000.0,8887401000000.0,2503767000000.0,5031572000000.0,7908639000000.0,7221564000000.0,34246957000000.0,448910000000.0,1255908000000.0,275690000000.0,173220000000.0,176952000000.0,010950,2025
24451433000000.0,10048039000000.0,1945837000000.0,11656683000000.0,8695647000000.0,4014803000000.0,3791214000000.0,8002724000000.0,7030470000000.0,36637031000000.0,-49819000000.0,702148000000.0,282691000000.0,-332510000000.0,-193042000000.0,010950,2024
21576123000000.0,9647760000000.0,1963279000000.0,9254520000000.0,9037565000000.0,2782305000000.0,2836691000000.0,5835936000000.0,7379599000000.0,35726694000000.0,1368581000000.0,2087747000000.0,236876000000.0,1131705000000.0,948848000000.0,010950,2023
19613135000000.0,9205981000000.0,1310326000000.0,8213158000000.0,8483469000000.0,2528886000000.0,2426761000000.0,5219303000000.0,6828520000000.0,42446028000000.0,3049691000000.0,3699543000000.0,151149000000.0,2898542000000.0,2104387000000.0,010950,2022
,,,,,,,,,,,,,,,010950,2021
33982889000000.0,5697754000000.0,1511450000000.0,2337847000000.0,28708510000000.0,229948000000.0,159829000000.0,785512000000.0,21396512000000.0,7252547000000.0,1363620000000.0,1594811000000.0,28744000000.0,1334876000000.0,737248000000.0,003550,2025
31639273000000.0,5064132000000.0,1379821000000.0,2244807000000.0,27083363000000.0,165830000000.0,389693000000.0,693604000000.0,21325453000000.0,7175505000000.0,1034094000000.0,1227996000000.0,26996000000.0,1007098000000.0,574727000000.0,003550,2024
30253085000000.0,5199470000000.0,778904000000.0,1937107000000.0,26128917000000.0,2978000000.0,548750000000.0,599727000000.0,21301106000000.0,7445336000000.0,1658069000000.0,1845935000000.0,39701000000.0,1618368000000.0,1261219000000.0,003550,2023
29633677000000.0,5083392000000.0,1050726000000.0,2524385000000.0,25452355000000.0,660742000000.0,150094000000.0,858718000000.0,20620548000000.0,7185987000000.0,2066040000000.0,2244571000000.0,20422000000.0,2045618000000.0,1979569000000.0,003550,2022
,,,,,,,,,,,,,,,003550,2021
78685890494000.0,39632675115000.0,6367475266000.0,33637107184000.0,10116362882000.0,4572496000000.0,10018272000000.0,16655160511000.0,3132378013000.0,71259438270000.0,5654819546000.0,7711668546000.0,858230000000.0,4796589546000.0,962697249000.0,267250,2025
73866670219000.0,35592849734000.0,5667059887000.0,32333112202000.0,8675322438000.0,4454511000000.0,10194188000000.0,16796550335000.0,3021079419000.0,67765626088000.0,3342547995000.0,5257733995000.0,973243000000.0,2369304995000.0,509021030000.0,267250,2024
67982820888000.0,32083110520000.0,4400502623000.0,28532163119000.0,7327570339000.0,6166151125000.0,11960036000000.0,19733182122000.0,2439211859000.0,61331302785000.0,1869958988000.0,3628841988000.0,911711000000.0,958247988000.0,264480508000.0,267250,2023
65570861076000.0,30130809645000.0,3994767866000.0,26274593765000.0,7485246155000.0,6285462000000.0,11437280000000.0,19530496415000.0,2654698596000.0,60849668073000.0,3536945503000.0,5118653503000.0,640541000000.0,2896404503000.0,1408623310000.0,267250,2022
,,,,,,,,,,,,,,,267250,2021
9318033774000.0,7163040505000.0,908414081000.0,5776355182000.0,3079022979000.0,49136977000.0,60775088000.0,132428678000.0,1434221631000.0,5839031553000.0,1012150167000.0,1071732317000.0,7873311000.0,1004276856000.0,769947514000.0,064350,2025
5285394740000.0,3686316730000.0,472258339000.0,3019853718000.0,2044977823000.0,322338697000.0,2600000000.0,351079642000.0,688613752000.0,4376597857000.0,526182980000.0,573191152000.0,16621892000.0,509561088000.0,406891810000.0,064350,2024
5241484775000.0,3690167249000.0,396141243000.0,3204670379000.0,1679854601000.0,335113206000.0,246273559000.0,594926166000.0,317176751000.0,3587382453000.0,209714040000.0,249644662000.0,28873217000.0,180840823000.0,161027790000.0,064350,2023
4823869784000.0,3318550172000.0,506008248000.0,2572729120000.0,1520347013000.0,700742147000.0,448042692000.0,1155385768000.0,167724232000.0,3163343615000.0,145046036000.0,183358067000.0,41165399000.0,103880637000.0,197797542000.0,064350,2022
,,,,,,,,,,,,,,,064350,2021
18587219950280.0,10338745413580.0,2644639919840.0,5158244813290.0,10351204581940.0,800732227000.0,598815928150.0,3697827685150.0,9826277506940.0,29566409336610.0,2328608244600.0,3108434186600.0,171764557000.0,2156843687600.0,1733738515080.0,086280,2025
16849145438720.0,9861432178170.0,3276544918380.0,5310609012490.0,8773151741320.0,1489631896000.0,693645978440.0,4079577613440.0,8359165908830.0,28407374301310.0,1733923243440.0,2408308180440.0,189184306000.0,1544738937440.0,1093860048140.0,086280,2024
14725019903930.0,8771518130990.0,2290825258000.0,4467588471380.0,7755368128240.0,1174196993000.0,859071526150.0,3484650681150.0,7512974461310.0,25683197164060.0,1623102282440.0,2176145111440.0,169664161000.0,1453438121440.0,1061133294850.0,086280,2023
13877784500290.0,8181858080890.0,2059783221000.0,4343758217770.0,6866007311910.0,1175952907000.0,958642143710.0,3449896165710.0,6679226432670.0,26981880971120.0,1709472964520.0,2175469909520.0,112051775000.0,1597421189520.0,1189821184510.0,086280,2022
,,,,,,,,,,,,,,,086280,2021
10327265554490.0,2928529633570.0,325483658120.0,3334859793330.0,4849228707420.0,401210396000.0,1073225847000.0,1609895393000.0,708708933960.0,3664150568020.0,153003865900.0,333493298900.0,38021560000.0,114982305900.0,242231770680.0,272210,2025
5810354385240.0,2286147317730.0,199842738640.0,2677051475210.0,2490054967090.0,79955187000.0,249276736000.0,473193880000.0,589291868210.0,2803686058270.0,603751578370.0,717870389370.0,22338644000.0,581412934370.0,454300056690.0,272210,2024
4483210824740.0,1890139661370.0,476088816040.0,1951414761800.0,2139817927610.0,162334768000.0,49899318000.0,330083397000.0,212472263050.0,2452494865650.0,457854638320.0,579739689320.0,13995515000.0,443859123320.0,349221289080.0,272210,2023
3945627700260.0,2326839782700.0,1228217655050.0,1618535589450.0,2000338956880.0,80000000000.0,29975651000.0,208648220000.0,116925413470.0,2187980199390.0,-36284575640.0,68667997360.0,5748630000.0,-42033205640.0,-76555797890.0,272210,2022
,,,,,,,,,,,,,,,272210,2021
771737546890.0,545836014020.0,154350192140.0,238368989080.0,445799810310.0,,,100711848470.0,427251110000.0,1527344973380.0,367828398090.0,398106619080.0,3524349000.0,364304049090.0,289654813280.0,278470,2025
565143563180.0,286027445380.0,90366354390.0,145136758580.0,323524073990.0,2572180000.0,,109290187940.0,229092205920.0,722753862300.0,137070315860.0,159561002940.0,3769628000.0,133300687860.0,107590435960.0,278470,2024
287309488240.0,219307995670.0,125334572530.0,82296421370.0,196948868770.0,9816242000.0,,22238802240.0,123704427680.0,523809364550.0,107088845820.0,121012038610.0,1265496000.0,105823349820.0,81546050950.0,278470,2023
183130939630.0,137024020090.0,57253261620.0,76266539340.0,99266311530.0,21500000000.0,,34547307890.0,42338568770.0,397698119330.0,40240157280.0,50995229400.0,1035577000.0,39204580280.0,28962993110.0,278470,2022
,,,,,16500000000.0,,,,,,,,,,278470,2021
11930883000000.0,6778361000000.0,1406403000000.0,4507244000000.0,5763054000000.0,722253000000.0,1540157000000.0,2282210000000.0,4191229000000.0,21896603000000.0,496502000000.0,1646803000000.0,87867000000.0,408635000000.0,341262000000.0,011070,2025
11378212000000.0,5853122000000.0,1329386000000.0,3954860000000.0,5353866000000.0,684355000000.0,1967615000000.0,2674733000000.0,3868155000000.0,21200755000000.0,701981000000.0,1981999000000.0,113183000000.0,588798000000.0,449274000000.0,011070,2024
11204305524020.0,5349008425710.0,1389646340000.0,4219145430740.0,4714574536060.0,548655997000.0,2189065808000.0,2759833222590.0,3413559500770.0,20605290042370.0,741087914950.0,1787191914950.0,101836000000.0,639251914950.0,565200778850.0,011070,2023
9793617826430.0,4713796330740.0,577908207200.0,4270416742090.0,4265792959330.0,804267593000.0,1214358007000.0,2026470483750.0,2969156189570.0,19589409483380.0,1188962357030.0,2074668357030.0,53900000000.0,1135062357030.0,979848640810.0,011070,2022
,,,,,,,,,,,,,,,011070,2021
9143896515830.0,2170138457850.0,319841457990.0,1658340777680.0,4067558055710.0,1008546572830.0,2858435601000.0,3951481256400.0,770861474560.0,2938698184390.0,50653314470.0,253583164470.0,60525386000.0,-9872071530.0,32262297480.0,003670,2025
7932459834010.0,2112748442940.0,644216800470.0,1570069945470.0,2970273518780.0,625894129510.0,2938017081000.0,3657214918790.0,760851116900.0,3699944235820.0,-361112368220.0,-176974359220.0,70793904000.0,-431906272220.0,-212323486390.0,003670,2024
6334593297870.0,2411881410820.0,389579199480.0,1396407813020.0,2350209876260.0,679790908010.0,2218104479000.0,2994385661990.0,998453747370.0,4759871486260.0,34449980920.0,172035315920.0,50542077000.0,-16092096080.0,28722208540.0,003670,2023
4637476140180.0,2037518471950.0,281380444150.0,965792822760.0,2471021644050.0,464932603330.0,926410899000.0,1483131156460.0,1003497787830.0,3301915805060.0,145505475610.0,237772340610.0,11560528000.0,133944947610.0,118266658600.0,003670,2022
,,,,,,,,,,,,,,,003670,2021
10370256890180.0,7595249864600.0,60938581660.0,6351261361490.0,1830169571360.0,816752450880.0,1330258644000.0,2183889543880.0,1235363106750.0,3696379351600.0,268681934600.0,379703078600.0,66379361000.0,202302573600.0,185887822500.0,047810,2025
8025538409390.0,5439008063560.0,114716160400.0,4914742846130.0,1705857243030.0,442969392590.0,592751351000.0,1074550766590.0,1111014146540.0,3633742105840.0,230511812320.0,334390244320.0,33405416000.0,197106396320.0,172075960910.0,047810,2024
7139576928720.0,4680966964630.0,658119624490.0,4400307820310.0,1597412953600.0,399893221000.0,208342991000.0,636752033000.0,1002625836710.0,3819344382440.0,297804101470.0,418814999470.0,29088381000.0,268715720470.0,224022359330.0,047810,2023
7772406693420.0,5389183373000.0,2023716102130.0,5055361234340.0,1427802657460.0,545895551000.0,577820899280.0,1152685031280.0,833138539680.0,2786888282700.0,143822606950.0,279000685950.0,21700677000.0,122121929950.0,118462749080.0,047810,2022
,,,,,,,,,,,,,,,047810,2021
43050118000000.0,14066231000000.0,3506971000000.0,11835521000000.0,17614441000000.0,2499539000000.0,8286033000000.0,10785572000000.0,14923120000000.0,28253193000000.0,2767394000000.0,6704761000000.0,366032000000.0,2401362000000.0,1718814000000.0,030200,2025
42002758000000.0,14366399000000.0,3716680000000.0,14026523000000.0,16181714000000.0,3904752000000.0,6615938000000.0,10520690000000.0,13750788000000.0,26379644000000.0,946179000000.0,4875727000000.0,374665000000.0,571514000000.0,459861000000.0,030200,2024
42791647000000.0,14594246000000.0,2879554000000.0,13247637000000.0,16730614000000.0,3058564000000.0,7159601000000.0,10218165000000.0,14475867000000.0,26287201000000.0,1658965000000.0,5526763000000.0,356345000000.0,1302620000000.0,993325000000.0,030200,2023
40989810000000.0,12690014000000.0,2449062000000.0,10699268000000.0,16610145000000.0,1827042000000.0,8179643000000.0,10006685000000.0,14255316000000.0,25638855000000.0,2185246000000.0,5895912000000.0,293854000000.0,1891392000000.0,1260470000000.0,030200,2022
,,,,,,,,,,,,,,,030200,2021
3605190886000.0,2334889228000.0,301124937000.0,1342356441000.0,1847125538000.0,,,198979781000.0,1038288482000.0,4252067261000.0,267115273000.0,444372587000.0,11787084000.0,255328189000.0,182484125000.0,307950,2025
3349516801000.0,2215496769000.0,382498198000.0,1242253167000.0,1705413877000.0,49986086000.0,,229307767000.0,900638918000.0,3713617277000.0,237828006000.0,379284202000.0,11148718000.0,226679288000.0,170788484000.0,307950,2024
2843057165000.0,1833666781000.0,482644959000.0,922946477000.0,1579928602000.0,,49941602000.0,198638984000.0,789038905000.0,3065015134000.0,187804708000.0,312741400000.0,6067901000.0,181736807000.0,137764302000.0,307950,2023
2619436327000.0,1695856233000.0,559531532000.0,883697780000.0,1478769866000.0,30328623000.0,49898392000.0,176954451000.0,692226607000.0,2754508003000.0,160795449000.0,274052796000.0,6008904000.0,154786545000.0,113918532000.0,307950,2022
,,,,,424304270.0,80111960550.0,,,,,,,,,307950,2021
9778714530490.0,3059141185220.0,1186767418760.0,3056039508000.0,1965569266450.0,2280572988000.0,1483923278000.0,3770664441090.0,587622018640.0,3413021590100.0,-21301579590.0,126077521410.0,102973448000.0,-124275027590.0,-149774483770.0,086520,2025
8138264562530.0,2654323460350.0,954298074590.0,2184548910730.0,1605443011660.0,1620388477000.0,1582768158000.0,3211294845050.0,748427832490.0,3127853158120.0,-264250630830.0,-64443377830.0,122402122000.0,-386652752830.0,-205950752370.0,086520,2024
7556978775070.0,3977045752110.0,1115975802110.0,2743576237480.0,1670268881930.0,1797865694000.0,817906503000.0,2623397420310.0,457815317400.0,7260200345720.0,261211228980.0,425652802980.0,117013687000.0,144197541980.0,51016615530.0,086520,2023
5345782603040.0,3162551112300.0,356369658050.0,2082665018800.0,1307784427090.0,1065272928000.0,557378236950.0,1626318224010.0,424859393450.0,5639741327310.0,355655348980.0,475835741980.0,49038534000.0,306616814980.0,36063936450.0,086520,2022
,,,,,,,,,,,,,,,086520,2021
4882022445700.0,1390244218750.0,518548123830.0,1922081128250.0,1728773682770.0,1542397958000.0,908362087370.0,2453993599760.0,296416867930.0,2531576384110.0,147829004650.0,218682869650.0,66173838000.0,81655166650.0,39371066750.0,247540,2025
4323660098120.0,1377994380070.0,499194114970.0,1297207589050.0,1711974688760.0,912066277790.0,1025038778000.0,1941780590020.0,275409232150.0,2766837750150.0,-6741549850.0,102906685150.0,86232043000.0,-92973592850.0,-96511550450.0,247540,2024
4361774597750.0,2443491616190.0,512656569600.0,2131306763900.0,1371474768230.0,1228097947000.0,592426523000.0,1825259245080.0,375341057000.0,6900867843530.0,147357577600.0,240042650600.0,69657287000.0,77700290600.0,-8734809080.0,247540,2023
3374166378970.0,2274293401180.0,320363496750.0,1547889953380.0,1363443637310.0,631881294850.0,313333330000.0,948128365640.0,432243505280.0,5357607238950.0,344963200500.0,409762071500.0,22429419000.0,322533781500.0,232344693490.0,247540,2022
,,,,,,,,,,,,,,,247540,2021
35707911000000.0,5409932000000.0,1610917000000.0,5776230000000.0,14703329000000.0,2657672000000.0,5769853000000.0,11207528000000.0,15151702000000.0,25184127000000.0,3087333000000.0,3765172000000.0,382514000000.0,2704819000000.0,798737000000.0,078930,2025
35063398000000.0,5706980000000.0,1914654000000.0,6060442000000.0,14076817000000.0,2783067000000.0,5674289000000.0,11361450000000.0,14458597000000.0,25249976000000.0,3179749000000.0,3821119000000.0,431456000000.0,2748293000000.0,567020000000.0,078930,2024
34448425000000.0,5982341000000.0,2222015000000.0,6597880000000.0,13450004000000.0,2913781000000.0,5915164000000.0,11544722000000.0,14147282000000.0,25978494000000.0,3872922000000.0,4459740000000.0,410515000000.0,3462407000000.0,1300651000000.0,078930,2023
33922242000000.0,5978612000000.0,2331204000000.0,6527808000000.0,12438586000000.0,2881742000000.0,6662017000000.0,12206557000000.0,13123642000000.0,28582513000000.0,5128141000000.0,5689776000000.0,368200000000.0,4759941000000.0,2142967000000.0,078930,2022
,,,,,,,,,,,,,,,078930,2021
27791708000000.0,21958006000000.0,4812659000000.0,14842910000000.0,8264726000000.0,2124105000000.0,1726905000000.0,3956919000000.0,6403339000000.0,31062912000000.0,768926000000.0,969842000000.0,122101000000.0,646825000000.0,373147000000.0,000720,2025
27005385000000.0,21100663000000.0,5130372000000.0,14663775000000.0,8025410000000.0,1720320000000.0,1526259000000.0,3357100000000.0,6130230000000.0,32670268000000.0,-885171000000.0,-663674000000.0,100546000000.0,-985717000000.0,-168663000000.0,000720,2024
23714495000000.0,18613430000000.0,4205665000000.0,10356647000000.0,8136651000000.0,529741000000.0,1770829000000.0,2396675000000.0,6420220000000.0,29651357000000.0,1003607000000.0,1199721000000.0,64062000000.0,939545000000.0,535904000000.0,000720,2023
20911708000000.0,15516744000000.0,3973897000000.0,8757397000000.0,7686677000000.0,523936000000.0,1211225000000.0,1834310000000.0,6009139000000.0,21239082000000.0,797542000000.0,979250000000.0,43727000000.0,753815000000.0,408886000000.0,000720,2022
,,,,,,,,,,,,,,,000720,2021
2196495586890.0,878198294990.0,332840576770.0,555472302430.0,1255376104220.0,142385559950.0,296883772000.0,502649214950.0,1129476848350.0,2351785163780.0,531951114620.0,595700490620.0,15091415000.0,516859699620.0,389437490170.0,003230,2025
1594782196960.0,682141176550.0,334820783660.0,492425282670.0,816847076600.0,102205040920.0,210595813000.0,372923397020.0,769913138000.0,1728015003740.0,366052089110.0,412077183110.0,14412055000.0,351640034110.0,271985324660.0,003230,2024
1170302770890.0,497338626680.0,218684811270.0,402005197760.0,564821445770.0,166841308350.0,140667580000.0,341539569430.0,522208620320.0,1192914607980.0,168538756980.0,200692902980.0,12213320000.0,156325436980.0,126262257250.0,003230,2023
924929490960.0,353904952010.0,96889779760.0,225328097790.0,452956411950.0,47609885000.0,225392864000.0,280740725360.0,409235102070.0,909036571590.0,106745496510.0,131641396510.0,4789600000.0,101955896510.0,79794753910.0,003230,2022
,,,,,,,,,,,,,,,003230,2021
9433648042480.0,4866326456270.0,596725775510.0,1583266779740.0,7041422132870.0,253882981000.0,,571671604000.0,5637474831050.0,3326553694960.0,970626041190.0,1116528092190.0,11645046000.0,958980995190.0,734769945450.0,259960,2025
7919463568010.0,5004427032410.0,581659970370.0,784829947760.0,6827837668460.0,7000000000.0,,197954674000.0,5081464676060.0,2709774106580.0,1732136306710.0,1838576748710.0,9457916000.0,1722678390710.0,1306089757320.0,259960,2024
6440456619590.0,3964417087690.0,721048785940.0,520690696020.0,5554423202050.0,7000000000.0,,203761520000.0,3894954771670.0,1910576180280.0,837525595540.0,945541554540.0,8910260000.0,828615335540.0,595361538220.0,259960,2023
6037783966130.0,3892564094340.0,674689124000.0,411459589190.0,5111207141880.0,7000000000.0,,204117651000.0,3467581310410.0,1854016090520.0,691454385370.0,798887817370.0,7577465000.0,683876920370.0,500154033510.0,259960,2022
,,,,,,,,,,,,,,,259960,2021
10039557572470.0,7659197467340.0,861796626370.0,5258678217510.0,4740713498360.0,,,20199183000.0,3675405069350.0,9028769083650.0,832086190260.0,914242988260.0,1651548000.0,830434642260.0,617480998600.0,028050,2025
10013337796130.0,7941890024250.0,2595674599830.0,5871110579490.0,4231791398250.0,103600000000.0,,126250607000.0,3187284070740.0,9966551344470.0,917870658570.0,987153639570.0,14093325000.0,903777333570.0,756929334150.0,028050,2024
7801398613120.0,5965342032530.0,915023632640.0,4216949491560.0,3473253746040.0,119330640030.0,,142509678030.0,2430354736590.0,10624917993590.0,955510407860.0,1020823428860.0,22877033880.0,932633373980.0,753818478390.0,028050,2023
7848723222710.0,5947655470530.0,1412070576940.0,5013013164220.0,2693176802420.0,231871003330.0,,259407947330.0,1676536258190.0,10054344625180.0,730361913250.0,787459884250.0,14646748930.0,715715164320.0,664929108690.0,028050,2022
,,,,,40848588030.0,,,,,,,,,,028050,2021
1272320058800.0,1186808812300.0,377924043510.0,408739495170.0,824724855460.0,,,17912100740.0,377032052400.0,1982700659420.0,355862412700.0,368536372700.0,1060312000.0,354802100700.0,269571288120.0,443060,2025
1152227968480.0,1075525917500.0,298466072590.0,342617751490.0,773534561550.0,,,20551838640.0,323527073430.0,1745458578770.0,301467247910.0,313293364910.0,4546637000.0,296920610910.0,227940276630.0,443060,2024
656618146490.0,597262316830.0,95712021390.0,387790345470.0,239966851480.0,127956493000.0,,145791279880.0,198358444160.0,1430463166380.0,207171336330.0,217205656330.0,6162896000.0,201008440330.0,151116175330.0,443060,2023
519815758190.0,453230897260.0,63551476110.0,313608125160.0,182216880900.0,75346000000.0,,95180126480.0,139616531930.0,1333798581170.0,144622876310.0,152016289310.0,2724347000.0,141898529310.0,104926507800.0,443060,2022
,,,,,21855000000.0,30000000000.0,,,,,,,,,443060,2021
24994792000000.0,16414864000000.0,2086611000000.0,13775531000000.0,5003131000000.0,7195477000000.0,2796384000000.0,10140614000000.0,5024553000000.0,31870031000000.0,1067028000000.0,1582233000000.0,385403000000.0,681625000000.0,270815000000.0,006260,2025
20527939000000.0,12938266000000.0,1591627000000.0,10546216000000.0,4591860000000.0,5848464000000.0,2401144000000.0,8408030000000.0,4477330000000.0,27544663000000.0,995690000000.0,1476997000000.0,429413000000.0,566277000000.0,237334000000.0,006260,2024
18245954000000.0,11617591000000.0,1701163000000.0,8631564000000.0,4733668000000.0,5254620000000.0,2202138000000.0,7621551000000.0,4320823000000.0,24480743000000.0,1033793000000.0,1439256000000.0,392751000000.0,641042000000.0,435964000000.0,006260,2023
17257356000000.0,11461292000000.0,1671312000000.0,8504994000000.0,4319819000000.0,4860040000000.0,2267398000000.0,7220396000000.0,3937430000000.0,17491338000000.0,1184898000000.0,1524777000000.0,185284000000.0,999614000000.0,793254000000.0,006260,2022
,,,,,,,,,,,,,,,006260,2021
143305317620.0,100289159750.0,10110272540.0,7922767870.0,133830651190.0,0.0,,149538810.0,-4789812940.0,34123110050.0,735438610.0,1800215610.0,13852000.0,721586610.0,1421503230.0,277810,2025
139881005670.0,113965181690.0,68487444150.0,5788485090.0,132751303410.0,0.0,,352998870.0,-5908002180.0,19346780080.0,1371413040.0,2281811040.0,11899000.0,1359514040.0,2135370750.0,277810,2024
132611487310.0,121223137820.0,90252787870.0,1035402950.0,130656200150.0,0.0,,54747340.0,-7837731630.0,15258134870.0,-779456850.0,24238150.0,306700000.0,-1086156850.0,-894565680.0,277810,2023
76159467440.0,62092470130.0,47653381720.0,3185025700.0,61486299110.0,0.0,7020150000.0,7206025180.0,-6531881980.0,13615411930.0,4383531830.0,5131867830.0,1315032000.0,3068499830.0,5775789190.0,277810,2022
,,,,,,13606062000.0,,,,,,,,,277810,2021
26647188444910.0,11552541599020.0,2603079747970.0,6775034754810.0,12105483748910.0,2246709879000.0,3008321596000.0,6412522524000.0,8138566857140.0,21202299462810.0,1760825688150.0,3143582801150.0,321545374000.0,1439280314150.0,1089466342310.0,161390,2025
15849744509880.0,7274793716700.0,1882309979170.0,3687123538870.0,11100370242880.0,1127392845000.0,147000000000.0,1829486788000.0,7354415571770.0,9411947926990.0,1618188870700.0,2133224384700.0,44366961000.0,1573821909700.0,1114628550190.0,161390,2024
12763305688360.0,6768077726450.0,2243874564540.0,2284371173260.0,9552508438540.0,478713579000.0,278842019000.0,1166783737000.0,6437264358700.0,8939621475500.0,1241589446700.0,1748961274700.0,70370514000.0,1171218932700.0,720217649290.0,161390,2023
12581364159000.0,6436304422670.0,1139442351240.0,2887075507090.0,8807110452160.0,1284730207000.0,292242265000.0,1936516183000.0,5844798195470.0,8394203036510.0,920011853330.0,1455884542330.0,61658027000.0,858353826330.0,690248871520.0,161390,2022
,,,,,,,,,,,,,,,161390,2021
18753010588000.0,7555975291000.0,1171465925000.0,6612175529000.0,6708434041000.0,2922563712000.0,3152207468000.0,6950045180000.0,3835664558000.0,32373603908000.0,1102151476000.0,1657681476000.0,267007000000.0,835144476000.0,614085020000.0,047050,2025
17336325971000.0,8268175054000.0,1057204161000.0,6659697291000.0,6544550750000.0,3185989056000.0,2707743597000.0,6307532653000.0,3635149108000.0,32260990294000.0,1053769616000.0,1565080616000.0,292053000000.0,761716616000.0,514555065000.0,047050,2024
16617748008000.0,8077259886000.0,1136862750000.0,6275479255000.0,6103258315000.0,2707211251000.0,3079029522000.0,6208067773000.0,3336680288000.0,33132821374000.0,1196693211000.0,1734733211000.0,282071000000.0,914622211000.0,673885685000.0,047050,2023
12516336931000.0,7319472229000.0,1297706346000.0,5487439570000.0,3982863469000.0,2398211006000.0,2156149817000.0,4862071270000.0,2808104678000.0,37989588330000.0,887853584000.0,1288412584000.0,145707000000.0,742146584000.0,589749886000.0,047050,2022
,,,,,,,,,,,,,,,047050,2021
50406072098940.0,9709042248020.0,1869988073400.0,15081470974290.0,10954036206270.0,3464535319310.0,5985961230430.0,22488055607640.0,3949392383230.0,25225542379500.0,1630357942890.0,4485521807320.0,806880670000.0,823477272890.0,779673735520.0,003490,2025
47012065940080.0,11616873056350.0,2215624563050.0,16973485891740.0,10472882288640.0,5058440296340.0,3440847735390.0,19425932224270.0,3485552013160.0,17870718495800.0,2350334479960.0,4146364405390.0,514158897000.0,1836175582960.0,1317261688930.0,003490,2024
30391776029650.0,8595169639220.0,622787378170.0,9409864309280.0,9525999087610.0,2560572942010.0,3951815246890.0,10946867193720.0,2591941106950.0,16111796106140.0,2107105070020.0,3830001442210.0,531414706000.0,1575690364020.0,1061165289460.0,003490,2023
28997701022480.0,8090936743190.0,1056900546940.0,8475183412850.0,8994190665100.0,2323125665730.0,3964663449300.0,11137310009190.0,2053683705130.0,14096094819140.0,2963084991030.0,4612821074790.0,400949993000.0,2562134998030.0,1728363138480.0,003490,2022
,,,,,,,,,,,,,,,003490,2021
6961213309490.0,2003730249560.0,524558265440.0,1120868276360.0,5449271639490.0,256253631830.0,,350080384170.0,4775003299020.0,4252820221490.0,366286804830.0,634360804830.0,22452753000.0,343834051830.0,235682371200.0,090430,2025
6783507800760.0,1734808826750.0,451543362840.0,1095705144330.0,5252371283400.0,306194906060.0,,440218153080.0,4600956024200.0,3885110699180.0,649007845580.0,906421845580.0,28202624000.0,620805221580.0,593187213070.0,090430,2024
5886510888700.0,1952196456820.0,506379386490.0,813257101660.0,4897988125580.0,244108853360.0,,350403333250.0,4101401371530.0,3673963593150.0,296933956260.0,548766956260.0,16300375000.0,280633581260.0,180101845360.0,090430,2023
5801783178150.0,1735019347860.0,449597948390.0,831116935940.0,4798613296090.0,223413563550.0,,357204927970.0,4010086561520.0,4134932512110.0,236757769160.0,525375769160.0,12264000000.0,224493769160.0,134474812450.0,090430,2022
,,,,,,,,,,,,,,,090430,2021
887892914250.0,246007880650.0,164383610030.0,68048964880.0,590456566390.0,,45000000000.0,49849529030.0,444596307780.0,310692584810.0,45115592380.0,64266868930.0,3889397000.0,41226195380.0,35693416700.0,036930,2025
986824795270.0,398129947450.0,250695295990.0,191704927850.0,566590299600.0,,45000000000.0,50345984610.0,421753870300.0,409393371580.0,131105705400.0,149619636290.0,3644087000.0,127461618400.0,106814110960.0,036930,2024
805261391380.0,239031396470.0,110639608010.0,61548330780.0,514747817840.0,,45000000000.0,50929460600.0,335192985690.0,284745246660.0,48398247430.0,67926107290.0,3687498000.0,44710749430.0,34000802280.0,036930,2023
833063199030.0,290340647010.0,120982181380.0,127276917370.0,484608319070.0,,45000000000.0,51471192410.0,311292465050.0,437938720310.0,138590009060.0,155878924350.0,3521179000.0,135068830060.0,106171290850.0,036930,2022
,,,,,40000000000.0,,,,,,,,,,036930,2021
4140658602870.0,375830136730.0,110930322100.0,264302484430.0,3342274996730.0,113953859210.0,349127400000.0,476152870550.0,833328980130.0,298362106050.0,229335705650.0,250408653230.0,71409261000.0,157926444650.0,155013035000.0,180640,2025
4207157982920.0,539972243360.0,416871045320.0,672904947580.0,3191221630060.0,513227167750.0,113799618000.0,647284962420.0,717622953790.0,292157341540.0,663743736210.0,687251600970.0,70751327000.0,592992409210.0,496999177900.0,180640,2024
3784921894230.0,357038127190.0,43967634210.0,591306739260.0,2743664386250.0,351280395640.0,244946080000.0,616316551030.0,264514760370.0,275726817720.0,521373375140.0,549817797600.0,73052970000.0,448320405140.0,385139191390.0,180640,2023
3915077621170.0,537969466850.0,151540682150.0,978767254440.0,2465956160110.0,763558464860.0,250871898000.0,1035827167460.0,-50696289890.0,200336082220.0,513620748550.0,586843583240.0,75317056000.0,438303692550.0,683804487520.0,180640,2022
,,,,,,,,,,,,,,,180640,2021
1289510030680.0,862769924030.0,162780032060.0,416473904430.0,755497178240.0,134938947000.0,100062500000.0,240640208000.0,325777749470.0,1088025119170.0,210026234220.0,239676517220.0,8331773000.0,201694461220.0,160481952830.0,007660,2025
790136366420.0,522697354400.0,80356130090.0,377363096550.0,327526708410.0,171685806000.0,72562500000.0,250183581000.0,172267493480.0,836866961280.0,103538299790.0,127871493790.0,11731383000.0,91806916790.0,74034111770.0,007660,2024
626436318500.0,383628200130.0,47962800860.0,290513985550.0,266778163290.0,163530507000.0,60312500000.0,229588967000.0,114366332350.0,675332755700.0,66158918290.0,81492031290.0,11503315000.0,54655603290.0,47723051480.0,007660,2023
546014160730.0,373857465830.0,45645080140.0,286000684040.0,222328078470.0,172268719000.0,30470347000.0,206740344000.0,76504547470.0,642920533260.0,116286872830.0,129313869830.0,8457208000.0,107829664830.0,102473038000.0,007660,2022
,,,,,,,,,,,,,,,007660,2021
5285275191000.0,3964963060000.0,1140987852000.0,1860821470000.0,2932750548000.0,229947713000.0,159828598000.0,771718752000.0,2220617026000.0,6129542718000.0,619133712000.0,753042527000.0,25889559000.0,593244153000.0,437876523000.0,064400,2025
4504507763000.0,3435316290000.0,1076592133000.0,1852324271000.0,2115116477000.0,165830721000.0,389692629000.0,693731590000.0,2003112201000.0,5982627063000.0,512216591000.0,616115929000.0,26731614000.0,485484977000.0,364512422000.0,064400,2024
4040679600000.0,3037231971000.0,504568258000.0,1543112565000.0,1863305555000.0,2564677000.0,548750355000.0,609434669000.0,1772366336000.0,5605300168000.0,479446535000.0,576731705000.0,36784042000.0,442662493000.0,332322251000.0,064400,2023
3865135143000.0,2847939028000.0,728348712000.0,2005334640000.0,1625965843000.0,536455458000.0,149681480000.0,747067161000.0,1553012183000.0,4969651212000.0,378490288000.0,467378505000.0,13626160000.0,364864128000.0,265375671000.0,064400,2022
,,,,,,,,,,,,,,,064400,2021
33144011000000.0,12636722000000.0,2470461000000.0,12735854000000.0,9101238000000.0,7125323000000.0,7852018000000.0,15291710000000.0,3443071000000.0,13333055000000.0,-298523000000.0,485732000000.0,539445000000.0,-837968000000.0,-650442000000.0,009830,2025
30036831000000.0,10882665000000.0,2184381000000.0,11707552000000.0,9449650000000.0,6299067000000.0,6422869000000.0,13002460000000.0,4132436000000.0,12394024000000.0,-875281000000.0,-159827000000.0,548420000000.0,-1423701000000.0,-1404399000000.0,009830,2024
24790423705500.0,9797372063610.0,1958054672540.0,8734110325390.0,8117166582550.0,3788198458000.0,5566088944000.0,9560381143000.0,5609427270230.0,13078536180470.0,543499175040.0,1219130044040.0,411414313000.0,132084862040.0,-141038607730.0,009830,2023
23831884433680.0,8573295434660.0,2548379660490.0,6808491430420.0,8920570992400.0,3002810540000.0,4205362605000.0,7723381129000.0,5561405443540.0,13130752887520.0,750419380430.0,1425905153430.0,200942036000.0,549477344430.0,359146279410.0,009830,2022
,,,,,,,,,,,,,,,009830,2021
13358502674960.0,9922602327670.0,1828879779720.0,5110936916240.0,3347692728720.0,951693715070.0,2778636202000.0,4084172540210.0,1277230844980.0,8054627137850.0,-1025781641330.0,-911209641330.0,183065636000.0,-1208847277330.0,-912263729160.0,047040,2025
12658456266810.0,9588714887380.0,1161789491500.0,4543987487160.0,4291145722590.0,1201424222380.0,2470110416000.0,3991451887470.0,2183032686970.0,10503609086030.0,518658253520.0,641229253520.0,160163191000.0,358495062520.0,234094221820.0,047040,2024
11243136483400.0,8021073414250.0,981645297760.0,5033466227710.0,4045911390380.0,1385699412920.0,954513116000.0,2704824587730.0,1963039776290.0,11647800864690.0,895459335880.0,1022568335880.0,150492711000.0,744966624880.0,511710239660.0,047040,2023
11140353752210.0,8028170447650.0,1423086551760.0,5406234804770.0,3714459578920.0,1082152000000.0,1023487716000.0,2508601960330.0,1493842848460.0,10419213132130.0,793932960640.0,908363960640.0,80435372000.0,713497588640.0,504006912860.0,047040,2022
,,,,,,,,,,,,,,,047040,2021
7000122151650.0,2231876914860.0,182190550990.0,2331217138010.0,3613727511060.0,1155560581690.0,904957690550.0,2173834838470.0,3354598204070.0,4963566073110.0,886686923220.0,1301393182220.0,75015822000.0,811671101220.0,617724967900.0,021240,2025
5761561091070.0,1771007871650.0,128994283720.0,1877989167040.0,3198397576980.0,825472322020.0,541879044190.0,1480874019350.0,2964216507010.0,4310141694590.0,846706634820.0,1270506693820.0,62704350000.0,784002284820.0,565600031100.0,021240,2024
4850965736390.0,1591625489080.0,260275917320.0,1509014925610.0,2639888749610.0,670106464420.0,598887879660.0,1349341222400.0,2503183345180.0,3966519721920.0,714836433410.0,1153072825410.0,54273373000.0,660563060410.0,471301137420.0,021240,2023
4365074875330.0,1374501066420.0,115935470230.0,1130229416370.0,2313812649380.0,306504442500.0,829248534000.0,1191207989560.0,2161480565820.0,3856132895080.0,716362961060.0,1199240503060.0,33054957000.0,683308004060.0,458174984690.0,021240,2022
,,,,,,,,,,,,,,,021240,2021
5485474443000.0,2363993529000.0,534914956000.0,734356143000.0,3257026727000.0,,859455136000.0,1086073941000.0,1154720769000.0,2649870246000.0,-127988518000.0,18556342000.0,49368721000.0,-177357239000.0,-237280415000.0,352820,2025
5479186860000.0,1787698519000.0,412039917000.0,830931772000.0,3214652758000.0,100186359000.0,742060287000.0,1091239940000.0,1400600116000.0,2255648536000.0,68738313000.0,214881550000.0,49313492000.0,19424821000.0,9379803000.0,352820,2024
5345681487000.0,1888752497000.0,357864096000.0,1772168712000.0,2919398369000.0,825277605000.0,100000000000.0,1105792092000.0,1420376781000.0,2178088207000.0,297151121000.0,424503575000.0,47017879000.0,250133242000.0,187253217000.0,352820,2023
4870434315000.0,2115847172000.0,531623878000.0,849484677000.0,2770478714000.0,231682500000.0,710433251000.0,1113821358000.0,233123564000.0,1776153957000.0,131098840000.0,249975667000.0,34614190000.0,96484650000.0,52320842000.0,352820,2022
,,,,,164818750000.0,,,,,,,,,,352820,2021
1198308575530.0,683228666340.0,307770519300.0,295199737070.0,813035724860.0,0.0,,48919894250.0,-354141961320.0,706740960300.0,158574940950.0,175522188950.0,7690683000.0,150884257950.0,266950497800.0,326030,2025
1036810779620.0,651371301560.0,322806911400.0,396276252760.0,546273129340.0,150715000100.0,,184482153450.0,-621531523410.0,547596283210.0,83278277150.0,100705843150.0,10682521000.0,72595756150.0,240738037870.0,326030,2024
723170577180.0,488722241290.0,239700042440.0,241618588520.0,283686371110.0,49999999590.0,94484300000.0,178050050210.0,-861560729000.0,354891555520.0,-35578153620.0,-20260709620.0,8279609000.0,-43857762620.0,-32882849240.0,326030,2023
664241139420.0,487924712740.0,104059702560.0,163072636220.0,316560460440.0,0.0,143721850000.0,155896015810.0,-827555384890.0,246179120020.0,-138752337950.0,-125768599950.0,3716526000.0,-142468863950.0,-139430878000.0,326030,2022
,,,,,,,,,,,,,,,326030,2021
19681792000000.0,5414363000000.0,794318000000.0,4676319000000.0,8866858000000.0,1402176000000.0,4468255000000.0,7036916000000.0,5474436000000.0,15451745000000.0,940963000000.0,3638011000000.0,260506000000.0,680457000000.0,523866000000.0,032640,2025
19707730000000.0,5263896000000.0,896209000000.0,5116288000000.0,8556021000000.0,1805209000000.0,4489429000000.0,7170860000000.0,5203953000000.0,14625198000000.0,726136000000.0,3389901000000.0,275526000000.0,450610000000.0,374464000000.0,032640,2024
20100605000000.0,4964158000000.0,559554000000.0,5606861000000.0,8472202000000.0,2302052000000.0,4045560000000.0,7376116000000.0,5167580000000.0,14372626000000.0,1013539000000.0,3584775000000.0,242592000000.0,770947000000.0,622773000000.0,032640,2023
19774800000000.0,5043422000000.0,834608000000.0,4817824000000.0,8165135000000.0,1427215000000.0,4607965000000.0,7040706000000.0,4866522000000.0,13905990000000.0,1037388000000.0,3488569000000.0,180576000000.0,856812000000.0,663055000000.0,032640,2022
,,,,,,,,,,,,,,,032640,2021
3602695392000.0,2251575825000.0,337873166000.0,1124453995000.0,1805220579000.0,371487431000.0,367956126000.0,771843441000.0,693382354000.0,3776524012000.0,153589458000.0,219985458000.0,35429000000.0,118160458000.0,99380124000.0,267270,2025
3324625332000.0,2112846135000.0,264216974000.0,1063541773000.0,1657828153000.0,337418722000.0,326839322000.0,687362832000.0,655047926000.0,3438062302000.0,164501761000.0,233150109000.0,43020000000.0,121481761000.0,99970496000.0,267270,2024
3296953373000.0,2199162255000.0,427663865000.0,1014150486000.0,1576470532000.0,432066843000.0,357443149000.0,815224264000.0,605333152000.0,3824966876000.0,236010875000.0,303147875000.0,45816000000.0,190194875000.0,139418811000.0,267270,2023
3448586770000.0,2350617095000.0,393053277000.0,1373720575000.0,1463315798000.0,705714717000.0,257488483000.0,993191395000.0,502730471000.0,3515611921000.0,183977356000.0,248521356000.0,31149000000.0,152828356000.0,111519294000.0,267270,2022
,,,,,,,,,,,,,,,267270,2021
12280525645000.0,4483921880000.0,1994143666000.0,2717046286000.0,7191120447000.0,194550917000.0,1289023761000.0,1712511538000.0,5498033150000.0,8791888129000.0,675322678000.0,989367762000.0,99019223000.0,576303455000.0,402344616000.0,241560,2025
12009611880000.0,4486831020000.0,1856790810000.0,2466757020000.0,6894504330000.0,176042790000.0,1624079520000.0,2048935980000.0,5614772310000.0,8551206634000.0,905579058000.0,1199283588000.0,107139265000.0,798439793000.0,563363295000.0,241560,2024
10371754373000.0,3885601742000.0,1400031809000.0,2410827283000.0,5954812811000.0,90836941000.0,1096237565000.0,1419753183000.0,4542690298000.0,9758907059000.0,1369684472000.0,1614920616000.0,112424520000.0,1257259952000.0,921478476000.0,241560,2023
9248386178000.0,3082529616000.0,699004946000.0,2053503109000.0,5024387667000.0,104712804000.0,1182257358000.0,1510755845000.0,2743029381000.0,8621911872000.0,970139253000.0,1192831744000.0,83861766000.0,886277487000.0,644056037000.0,241560,2022
,,,,,,,,,,,,,,,241560,2021
3220925833980.0,1511630227300.0,348564938250.0,733553439310.0,2306842780630.0,266192521000.0,71116500000.0,339674949000.0,2188471830330.0,2186637586350.0,238078367480.0,307233970760.0,15403845000.0,222674522480.0,194079171660.0,000100,2025
2942048836630.0,1360261256860.0,306475668960.0,619136487790.0,2100543104230.0,179238791710.0,121312184000.0,303033008710.0,2010025816390.0,2067791451850.0,76161593910.0,139202824540.0,14729724000.0,61431869910.0,70687449390.0,000100,2024
2812305590750.0,1256459307870.0,299257957180.0,583192369250.0,2051255050440.0,132375464710.0,60233761710.0,196672377420.0,1975550339790.0,1858983759660.0,141112181990.0,185522673850.0,6299658000.0,134812523990.0,136198255220.0,000100,2023
2472728072140.0,1188897717370.0,293036245020.0,434154259030.0,1985830586260.0,90484186140.0,624999990.0,95368387130.0,1902370291500.0,1775846942740.0,98394420480.0,141412933170.0,3468047000.0,94926373480.0,95144301420.0,000100,2022
,,,,,,,,,,,,,,,000100,2021
1178006544300.0,588417854740.0,33867887930.0,248098651060.0,897305160160.0,41020349000.0,,41211519000.0,324983062000.0,1065294559810.0,54658346860.0,155165867110.0,1232164430.0,53426182430.0,47605327690.0,353200,2025
1088723750880.0,465866345840.0,38156613980.0,159688137690.0,875513939240.0,9144173000.0,6581568000.0,15978255510.0,301594718000.0,892135903750.0,30849491900.0,148285848010.0,682684130.0,30166807770.0,23762727120.0,353200,2024
1127535530250.0,433050450640.0,76565618160.0,176728997540.0,868336080490.0,6836173000.0,12917678000.0,20147163780.0,296738065000.0,909651486890.0,29297521540.0,144347064730.0,921368470.0,28376153070.0,25377820740.0,353200,2023
1191756988150.0,498103203990.0,122363723870.0,265030183030.0,854989142330.0,7836886000.0,19019633000.0,27303269100.0,283118615000.0,1316163420250.0,245161060100.0,349966497100.0,640993000.0,244520067100.0,183925142570.0,353200,2022
,,,,,,,,,,,,,,,353200,2021
930177639020.0,124277320590.0,40983350540.0,347662156190.0,418457232960.0,207042575000.0,58223855000.0,284945182690.0,2925070220.0,84172574220.0,-228109214400.0,-222751027400.0,12430752000.0,-240539966400.0,-220500871610.0,028300,2025
887424813420.0,172281679540.0,93047819820.0,160718376710.0,576572200380.0,99363999000.0,44362275000.0,160009939690.0,211934490960.0,68125727340.0,-98530609850.0,-92302670850.0,10718531000.0,-109249140850.0,-91980166740.0,028300,2024
747014426530.0,144406832380.0,108888419170.0,86332423570.0,550030483520.0,28703404000.0,17933221000.0,62662005250.0,-2613033990.0,42900561190.0,-202210260220.0,-192527458220.0,10586054000.0,-212796314220.0,-187546646850.0,028300,2023
967265434790.0,343614513500.0,195695147860.0,200369576030.0,637937266400.0,115187315000.0,320000000.0,129845784250.0,-132598464060.0,179707913110.0,-76718563060.0,-60392913060.0,11692170000.0,-88410733060.0,-78158868860.0,028300,2022
,,,,,,,,,,,,,,,028300,2021
5339580904640.0,4812567162480.0,1631491473250.0,3266223262410.0,1900416647050.0,38914909700.0,,132308343710.0,-138711976240.0,958371073360.0,81639362940.0,131125419940.0,4171045000.0,77468317940.0,45239190490.0,377300,2025
4414712217430.0,3907691508560.0,1564242229550.0,2380941810280.0,1861202678480.0,,,101709951710.0,-183951166730.0,766235159390.0,-129732070.0,52340318930.0,5250978000.0,-5380710070.0,-13717997280.0,377300,2024
3966486618370.0,3430144079730.0,1257257788750.0,1908761807000.0,1877124264510.0,,,109175880860.0,-170233169440.0,615362834400.0,282528940.0,46882955940.0,5928570000.0,-5646041060.0,2516360110.0,377300,2023
3331422320810.0,2259815836780.0,1407843532360.0,873830451550.0,1806592976790.0,,,99646059230.0,-172749529550.0,521364289080.0,-1334151130.0,37849044870.0,6296352000.0,-7630503130.0,53983032820.0,377300,2022
,,,,,,,,,,,,,,,377300,2021
681958856700.0,437411178520.0,108606384500.0,90388860510.0,585470613820.0,520000000.0,,1197928000.0,284087661180.0,501946220880.0,190707415290.0,195132755290.0,9794000.0,190697621290.0,148921775330.0,062040,2025
492674198500.0,305188896640.0,61992693380.0,52564399260.0,434241887230.0,1000000000.0,,1454888000.0,147861382500.0,333996550770.0,107319367490.0,110111513490.0,1988549000.0,105330818490.0,83676177900.0,062040,2024
191302264420.0,103258072580.0,21183848950.0,52921440520.0,125905906000.0,9648400000.0,7745340000.0,18274372000.0,69543656390.0,214537829760.0,49893906890.0,52678661890.0,1779671000.0,48114235890.0,39037682900.0,062040,2023
131978362490.0,73096852400.0,4118813400.0,76963418360.0,43148245000.0,36173900000.0,7206831790.0,44388334790.0,31267872380.0,107674107430.0,5551413430.0,8085917430.0,981098000.0,4570315430.0,4091864500.0,062040,2022
1164636219440.0,699221942000.0,107273747140.0,188109671290.0,970015555950.0,,,6159231970.0,596933071940.0,909795691100.0,106164483120.0,145690931120.0,10943000.0,106153540120.0,84028556160.0,240810,2025
1124147065790.0,645135490540.0,135051183720.0,228970241650.0,887460172580.0,,,8391893080.0,514504153630.0,748176487520.0,17806555110.0,59343322490.0,385434000.0,17421121110.0,20748346840.0,240810,2024
1084862841780.0,587550843980.0,53989123990.0,209555443950.0,866702595500.0,,,9118915650.0,494184153900.0,690337586770.0,-20372969180.0,24741272000.0,483800000.0,-20856769180.0,-13507700940.0,240810,2023
1121670538660.0,596025062090.0,98372651160.0,248902022990.0,869727304160.0,,,2800525130.0,521283769480.0,1011484981700.0,118158199670.0,158841403670.0,819560000.0,117338639670.0,89438212710.0,240810,2022
,,,,,,,,,,,,,,,240810,2021
791928165320.0,532616632480.0,85202812400.0,54792158050.0,731218952360.0,,,113376010.0,720349473270.0,372534084600.0,195863054600.0,209076273030.0,6494320.0,195856560280.0,151960670400.0,058470,2025
657443780750.0,449498090730.0,54759251380.0,30614692640.0,622629112150.0,,,181771260.0,611759633060.0,278186189420.0,146546686280.0,159940239610.0,7604340.0,146539081940.0,113279046420.0,058470,2024
582869465290.0,372372898840.0,34165877170.0,23110842940.0,557074198060.0,,,182201990.0,546204718970.0,255573034650.0,142252581890.0,156123614390.0,9113800.0,142243468090.0,110923015440.0,058470,2023
531488129430.0,377024805590.0,30366977650.0,36383168010.0,493183582820.0,,,242146600.0,482314103730.0,322422803080.0,154082732570.0,168132159570.0,7218000.0,154075514570.0,114363791320.0,058470,2022
,,,,,,,,,,,,,,,058470,2021
2275774798000.0,1098527187000.0,233618232000.0,729971485000.0,1126635714000.0,442730314000.0,305183835000.0,779105405000.0,135690851000.0,2009429144000.0,-29594436000.0,60780833000.0,36660011000.0,-66254447000.0,-62613349000.0,010060,2025
2283045417000.0,1210697237000.0,285778749000.0,612355011000.0,1207710151000.0,280547767000.0,352000672000.0,665233937000.0,118072966000.0,2215285616000.0,149307738000.0,224024988000.0,33846804000.0,115460934000.0,96033037000.0,010060,2024
1990471193000.0,1030706896000.0,280346795000.0,861688555000.0,983528347000.0,547848068000.0,108915090000.0,677295237000.0,46672247000.0,1288825675000.0,82142220000.0,121556087000.0,19233394000.0,62908826000.0,52204137000.0,010060,2023
6745534254000.0,4110803927000.0,1245993946000.0,1577971429000.0,3912391039000.0,850824056000.0,1020204202000.0,1888960127000.0,2935330723000.0,2768929400000.0,769933154000.0,919782783000.0,16070113000.0,753863041000.0,880285947000.0,010060,2022
,,,,,,,,,,,,,,,010060,2021
777751432320.0,546296543980.0,236305275960.0,87824922520.0,687899216490.0,7000000000.0,,7071005700.0,604926512130.0,380890608570.0,84183808640.0,90128097000.0,202018350.0,83981790290.0,57213413720.0,039030,2025
653015311220.0,445645616890.0,222229676130.0,48106248420.0,597264935210.0,9000000000.0,,9054232360.0,523774882420.0,320945496290.0,64659443160.0,70858900360.0,275262740.0,64384180420.0,42843700330.0,039030,2024
611678998440.0,429338086910.0,200056020150.0,47021471570.0,555850376280.0,9000000000.0,,9078645980.0,486374900930.0,316339650430.0,62687727130.0,70546572440.0,347862860.0,62339864270.0,36624924910.0,039030,2023
615867392000.0,423736681530.0,159217919020.0,76183627400.0,532303283230.0,11844984220.0,454004990.0,12395755200.0,461816222720.0,447157589740.0,101099900220.0,110800577220.0,329657000.0,100770243220.0,76523349280.0,039030,2022
,,,,,,492466440.0,,,,,,,,,039030,2021
3493282185400.0,2422681174180.0,438856642620.0,1683734347190.0,1601618322690.0,751071628690.0,154535194000.0,919665175690.0,469671939230.0,3636018215710.0,79140013540.0,117274619540.0,42488675000.0,36651338540.0,84220667290.0,001440,2025
2642726209040.0,1775776358190.0,333476915560.0,920138411130.0,1473203571890.0,231936911320.0,210000000000.0,452216019320.0,385165157530.0,3291299374600.0,106653161220.0,135892788220.0,30747722000.0,75905439220.0,70445443740.0,001440,2024
1878565100000.0,1265741722000.0,289331472000.0,682343719000.0,936501596000.0,185357099000.0,225000000000.0,418895997000.0,316750354000.0,2843980012000.0,92485846000.0,116001846000.0,27001000000.0,65484846000.0,70616029000.0,001440,2023
1620264871000.0,1144663275000.0,217217061000.0,488178116000.0,866423841000.0,102076206000.0,210000000000.0,320832151000.0,248527965000.0,2450545975000.0,52537453000.0,81099453000.0,21159000000.0,31378453000.0,20583178000.0,001440,2022
,,,,,,,,,,,,,,,001440,2021
2137597680850.0,893949426110.0,108273819490.0,605201553850.0,1249756305410.0,333050000000.0,91812500000.0,434211478000.0,836489101620.0,1547531098760.0,230464185470.0,329273170090.0,16986450000.0,213477735470.0,169554330030.0,128940,2025
2020840493650.0,746306484260.0,192277535600.0,682758544350.0,1084893341850.0,401837460000.0,85862440000.0,496687292000.0,680887990610.0,1495501575560.0,195627747790.0,292958848030.0,24373773000.0,171253974790.0,121315102380.0,128940,2024
1898668375960.0,730623667540.0,54980324300.0,704762991480.0,955442389530.0,481450760040.0,82028400000.0,572867266040.0,581978729520.0,1490887463720.0,222475182650.0,320929162310.0,28508409000.0,193966773650.0,146231157740.0,128940,2023
1924585730830.0,694158250900.0,147328655360.0,676748302730.0,871865585830.0,449463670020.0,217329834000.0,678322736020.0,452297474680.0,1331546600120.0,143659648730.0,240501655910.0,22647122000.0,121012526730.0,82791735410.0,128940,2022
,,,,,,,,,,,,,,,128940,2021
4598663246300.0,1867027464490.0,311390944450.0,498190838040.0,3808663397960.0,,,35516034970.0,2317121909000.0,3332442536370.0,561391268990.0,726007163680.0,14838894000.0,546552374990.0,382705010970.0,271560,2025
4308449797000.0,1647381241510.0,451277283640.0,537615043730.0,3471235408180.0,1148616410.0,,39875725190.0,2032666995000.0,3104338576120.0,693230044280.0,853681442490.0,1013762000.0,692216282280.0,524592568050.0,271560,2024
3521385127840.0,1628205234770.0,365849669840.0,398919908910.0,2862399589840.0,3812743550.0,,28608881950.0,1560181224000.0,2912358051470.0,523618015420.0,680809986440.0,3600108000.0,520017907420.0,376646552730.0,271560,2023
3371683914220.0,1470432835840.0,609723063480.0,556179578260.0,2553782840460.0,93881307810.0,,117999588180.0,1218250457000.0,2873246771340.0,491122511440.0,652776345690.0,4394395000.0,486728116440.0,392351423520.0,271560,2022
,,,,,161691130400.0,69890942000.0,,,,,,,,,271560,2021
1377927912000.0,969580990000.0,197448756000.0,744660678000.0,483788805000.0,379477128000.0,94069746000.0,480560252000.0,369193484000.0,2545698074000.0,81354416000.0,104209802000.0,17878822000.0,63475594000.0,51396625000.0,000500,2025
1042884426000.0,654804752000.0,63738565000.0,518334366000.0,453705043000.0,195873047000.0,25389655000.0,229181283000.0,279089145000.0,1727103680000.0,44206959000.0,54562518000.0,8650947000.0,35556012000.0,25355195000.0,000500,2024
801805532000.0,545333237000.0,71011596000.0,376758134000.0,331011443000.0,132941292000.0,47077400000.0,186896035000.0,255284071000.0,1498606544000.0,36171115000.0,44482123000.0,7778061000.0,28393054000.0,17898342000.0,000500,2023
752332445010.0,491767369540.0,55693314410.0,319323694190.0,303070555810.0,76991998130.0,96159032000.0,179717051220.0,240157354170.0,1416454404330.0,18993059860.0,27381217620.0,5696185000.0,13296874860.0,10463889330.0,000500,2022
,,,,,,,,,,,,,,,000500,2021
26916700000000.0,6982077000000.0,1572058000000.0,9596471000000.0,6604124000000.0,3757899000000.0,8906239000000.0,12723816000000.0,281912000000.0,25810082000000.0,1204297000000.0,5558442000000.0,702608000000.0,501689000000.0,226312000000.0,034220,2025
32859566000000.0,10123037000000.0,2021640000000.0,15859084000000.0,6542261000000.0,6488867000000.0,8061247000000.0,14608089000000.0,-18512000000.0,26615347000000.0,-1281900000000.0,3843737000000.0,909640000000.0,-2191540000000.0,-2562606000000.0,034220,2024
35759298000000.0,9503186000000.0,2257522000000.0,13885028000000.0,7232182000000.0,5180044000000.0,11349085000000.0,16602493000000.0,2676014000000.0,21330819000000.0,-2616012000000.0,1597730000000.0,723429000000.0,-3339441000000.0,-2733742000000.0,034220,2023
35686019000000.0,9444035000000.0,1824649000000.0,13961520000000.0,9879589000000.0,5434117000000.0,9557293000000.0,15064198000000.0,5359769000000.0,26151781000000.0,-3018849000000.0,1538608000000.0,414521000000.0,-3433370000000.0,-3071565000000.0,034220,2022
,,,,,,,,,,,,,,,034220,2021
280934191000.0,176050917150.0,111981944910.0,123497673700.0,154719287950.0,55000000000.0,,55326662000.0,-436216448290.0,79349848370.0,-36884453340.0,-33435298340.0,993046000.0,-37877499340.0,-37806499280.0,298380,2025
231975702510.0,144151432330.0,56288982500.0,63360812890.0,167279783240.0,43000000000.0,,43663285000.0,-398304244260.0,33403030150.0,-55493303880.0,-53083365280.0,36044000.0,-55529347880.0,-55529347880.0,298380,2024
160144371970.0,75538557720.0,28064217230.0,41759889900.0,74079110480.0,,43000000000.0,43937998000.0,-342344816040.0,65547054620.0,-496014290.0,2093764550.0,2150649000.0,-2646663290.0,-2646663290.0,298380,2023
185180595640.0,80534636530.0,25135624880.0,72172317160.0,69513282780.0,,40000000000.0,41835786000.0,-339134128600.0,67300799410.0,4534609000.0,6859435000.0,1325978000.0,3208631000.0,3208631000.0,298380,2022
,,,,,,,,,,,,,,,298380,2021
399370499940.0,266961428420.0,156738581280.0,27821714640.0,348594990770.0,,,16045396090.0,-192227859470.0,32978338350.0,-54852899680.0,-47629907110.0,642427630.0,-55495327310.0,-55495341530.0,454910,2025
421690971940.0,342028598620.0,265535614820.0,15446451710.0,402501180220.0,,,2688845300.0,-136709021060.0,46829943830.0,-36143734960.0,-29997486080.0,408769530.0,-36552504490.0,-36560851470.0,454910,2024
456422079720.0,426104997910.0,305423576950.0,13352660260.0,438808093390.0,,,5200984800.0,-98756840940.0,53038372290.0,-14462467540.0,-10106708540.0,1411071000.0,-15873538540.0,-15873538540.0,454910,2023
62618404590.0,38836786830.0,7429941630.0,14736738220.0,42765361850.0,,,4246856620.0,-82614951990.0,44953674400.0,-12002353130.0,-8723838130.0,545827000.0,-12548180130.0,-12548180130.0,454910,2022
,,,,,,,,,,,,,,,454910,2021
4333140469620.0,2266589528440.0,503522487160.0,641189944710.0,3364869232960.0,129966386010.0,39945669000.0,357019543450.0,3669049319390.0,1506925065850.0,465802359340.0,561389827340.0,4444310000.0,461358049340.0,346670401230.0,036570,2025
3953941191410.0,1788536858270.0,1260473495760.0,322187630180.0,3058458965780.0,,169805314000.0,379456686740.0,3473871298900.0,1578123132860.0,131179085820.0,240356059820.0,10271159000.0,120907926820.0,94215383020.0,036570,2024
4393800423900.0,2336838507760.0,365199572300.0,614287467800.0,3249696959030.0,239954390000.0,169690532000.0,642275751300.0,3472646963390.0,1779832977760.0,220870079170.0,332753566170.0,14642007000.0,206228072170.0,212139042610.0,036570,2023
4437632450780.0,2691079974940.0,285573838460.0,515348529120.0,3196210657750.0,,409384374000.0,621193127690.0,3409408748470.0,2571792281800.0,618524765290.0,724454184290.0,9473822000.0,609050943290.0,435714571290.0,036570,2022
,,,,,145136947000.0,,,,,,,,,,036570,2021
6869383558280.0,2635393494720.0,1086333734800.0,945031595940.0,5449473672300.0,55803511590.0,,218703511590.0,5540328337300.0,6355489977340.0,-42326932680.0,197668782340.0,20989736000.0,-63316668680.0,-100095349660.0,051900,2025
7405784092200.0,2856048500730.0,1253469878360.0,1295900316470.0,5566264371930.0,243323473080.0,,439844473080.0,5695579977320.0,6811918756740.0,333903022100.0,589510887750.0,17266678000.0,316636344100.0,189134758420.0,051900,2024
7220285811720.0,2429583603570.0,910348037980.0,1089658847770.0,5433451058880.0,145972846010.0,1993443590.0,346718289600.0,5604425480130.0,6804839370120.0,295750652380.0,565617835860.0,19367274000.0,276383378380.0,142755479350.0,051900,2023
7302929652200.0,2284388637750.0,655092563070.0,1162757522700.0,5339282549900.0,223049388950.0,14783780070.0,442893325020.0,5542446884990.0,7185759184330.0,432600360750.0,720580439390.0,14831000000.0,417769360750.0,236572425800.0,051900,2022
,,,,,,17341601610.0,,,,,,,,,051900,2021
178979600820.0,115324356430.0,4377757820.0,7011543300.0,142008659500.0,3490000000.0,25593400150.0,29555360330.0,106064864550.0,5634817670.0,-13005753360.0,-10290987360.0,1321004000.0,-14326757360.0,-13823782610.0,087010,2025
168892733790.0,126479180450.0,1045201790.0,5097415490.0,151708566270.0,990000000.0,8059000000.0,9236034110.0,-13537564150.0,3152181430.0,-21146392800.0,-18455314800.0,472880000.0,-21619272800.0,-22033671490.0,087010,2024
52495975180.0,7965055470.0,4264394270.0,6884783640.0,36127013420.0,4549000000.0,4500000000.0,9132987200.0,4894978590.0,3341893570.0,-15544780150.0,-12650465150.0,396039000.0,-15940819150.0,-15921881870.0,087010,2023
68274569620.0,23283354800.0,5039504460.0,10771947150.0,53109372050.0,9049000000.0,,9225839050.0,20206010000.0,5813995530.0,-14787336770.0,-9732932770.0,279660000.0,-15066996770.0,-15062790470.0,087010,2022
,,,,,,6049000000.0,,,,,,,,,087010,2021
561231384430.0,241758626800.0,95943976390.0,106571860870.0,276019546060.0,44784077250.0,21032110000.0,69831436830.0,95965452740.0,231805277730.0,13497556440.0,24490976200.0,979969000.0,12517587440.0,5261822740.0,000250,2025
519772210830.0,242532347970.0,105584562700.0,93420519270.0,266105335240.0,28290078740.0,17000000000.0,49941299080.0,95452007700.0,210923804520.0,11420209300.0,20449305340.0,382538000.0,11037671300.0,-10916104960.0,000250,2024
408021822010.0,163905937630.0,40427235970.0,57957199030.0,220498640040.0,32225990010.0,16000000000.0,53624933140.0,106015414420.0,192668515620.0,-1971453770.0,6458980050.0,2577066000.0,-4548519770.0,-10382721090.0,000250,2023
372793050150.0,157749140150.0,22100771530.0,38159520910.0,173740958930.0,2755729010.0,67822249000.0,76590323040.0,112078575880.0,177335410010.0,11712827090.0,19363697730.0,2793303000.0,8919524090.0,5837527760.0,000250,2022
,,,,,,,,,,,,,,,000250,2021
1620329743820.0,725636625840.0,53984333000.0,794474625930.0,575653321790.0,444465223250.0,130960931420.0,587056910110.0,130916662750.0,1410559919450.0,-142576183340.0,-56838712330.0,34111818000.0,-176688001340.0,-164167233730.0,222800,2025
1443279296870.0,509727948750.0,127768593000.0,780155095190.0,447239736950.0,454863479990.0,90455701940.0,550982073910.0,298623366580.0,1231421381070.0,1229261360.0,87069804430.0,26352649000.0,-25123387640.0,-30343428470.0,222800,2024
1176060549350.0,280223053000.0,9983475270.0,488445096800.0,468674334580.0,125844639000.0,80959080030.0,213157614260.0,337766875290.0,1041895724970.0,-133843613900.0,-53190885120.0,10847598000.0,-144691211900.0,-114860094590.0,222800,2023
1266333245990.0,504723382740.0,119810060110.0,474379874270.0,610510695160.0,55427043000.0,38071176460.0,100190736830.0,479347289520.0,1697452348000.0,354342112780.0,436303996000.0,8075623000.0,346266489780.0,245820150140.0,222800,2022
,,,,,,,,,,,,,,,222800,2021
46966393292000.0,13735205305000.0,2587324564000.0,17303288661000.0,5208897884000.0,7662975786000.0,6081349020000.0,18511676688000.0,4059899088000.0,45018829227000.0,1518330492000.0,5038229615000.0,939915723000.0,578414769000.0,143329782000.0,001040,2025
47480577938000.0,14183881680000.0,3185783573000.0,17278270488000.0,5452300896000.0,8593620356000.0,5737784632000.0,18986888039000.0,4031632923000.0,43646656090000.0,1656563981000.0,5392648386000.0,962993545000.0,693570436000.0,94269008000.0,001040,2024
47203762893000.0,14584098325000.0,3646474585000.0,15637197515000.0,5513928899000.0,6364589222000.0,7286510852000.0,18122481003000.0,4062667674000.0,41352688159000.0,1894507401000.0,4954293581000.0,908572704000.0,985934697000.0,194790703000.0,001040,2023
48240408307000.0,15173652714000.0,4021275506000.0,16950325414000.0,5182697470000.0,8232124893000.0,7016255985000.0,19866639709000.0,3962816952000.0,40924879773000.0,1731817028000.0,4939674691000.0,675578016000.0,1056239012000.0,202069855000.0,001040,2022
,,,,,,,,,,,,,,,001040,2021
1043888016410.0,759541747780.0,175663243430.0,110473363950.0,689331204110.0,8010434860.0,434318200.0,10494927880.0,492070692930.0,536289118810.0,226906136750.0,242721546250.0,10392143460.0,216513993290.0,165120956450.0,214450,2025
855700916350.0,554541963950.0,165348015700.0,82817556410.0,539402310120.0,9379143040.0,1217019680.0,14138009010.0,343061463410.0,350115068640.0,120447029710.0,134092263420.0,4634271380.0,115812758330.0,92043313160.0,214450,2024
535281189550.0,256465270260.0,67244840590.0,65899494130.0,433103640210.0,32377815000.0,193281060.0,33529250330.0,260787363800.0,261010910560.0,103691762930.0,115687359360.0,2987195570.0,100704567360.0,76551213750.0,214450,2023
478055190170.0,247344585750.0,72931463620.0,54252843540.0,343503054210.0,18953929000.0,44349080270.0,65758700480.0,190861913970.0,194758643930.0,57878071290.0,68480022790.0,3830063590.0,54048007700.0,40576699240.0,214450,2022
,,,,,,,,,,,,,,,214450,2021
6740499643040.0,1779269138660.0,783286752410.0,2437828953240.0,832066725740.0,1858829629550.0,1820079753210.0,3738006466550.0,-50553511150.0,1840036441820.0,-732034478850.0,-545303080850.0,166960428000.0,-898994906850.0,-734388238280.0,011790,2025
6748678536170.0,1520451642690.0,403559820740.0,2211034562280.0,1172309309430.0,1640267023800.0,1907912174350.0,3583965250590.0,685856971670.0,1717923737950.0,-487715316350.0,-311281586350.0,173188097000.0,-660903413350.0,-443482911240.0,011790,2024
7032322131680.0,2081259893730.0,531046016470.0,1845575953950.0,1410660511080.0,1220090197810.0,2178490745640.0,3442177678950.0,1135515621580.0,1493474706830.0,-244929153110.0,-72313962110.0,153684866000.0,-398614019110.0,-275533847960.0,011790,2023
6393092564900.0,2526145050700.0,1098442056090.0,1870885565850.0,1725496452380.0,1293048261730.0,1954921445990.0,3311438738730.0,1450957852800.0,2386650004080.0,294795155680.0,547500084680.0,105175770000.0,189619385680.0,-68357745400.0,011790,2022
,,,,,,,,,,,,,,,011790,2021
319708080730.0,247812586120.0,31037776870.0,5411950950.0,312872217170.0,0.0,,53231770.0,17601231580.0,38942547000.0,6008327190.0,8521064160.0,12009300.0,5996317890.0,5073553140.0,108490,2025
100246445000.0,53196902510.0,11692461410.0,3851569680.0,95008164390.0,1288691320.0,,1290328000.0,12527678430.0,30038231050.0,-4287489210.0,-1779319700.0,756246680.0,-5043735890.0,-3141985190.0,108490,2024
114995337490.0,81163877540.0,7353863670.0,18766996270.0,95062742020.0,9332622940.0,,9344038480.0,15669663630.0,29127949480.0,-762819720.0,1777902340.0,1872727870.0,-2635547590.0,-1351340120.0,108490,2023
122794680770.0,90710133440.0,25671630810.0,16469367450.0,84173940910.0,12790998690.0,12092112000.0,24904141830.0,17021003750.0,25856449320.0,-356822860.0,1840531880.0,1279314420.0,-1636137280.0,-259565250.0,108490,2022
,,,,,,,,,,,,,,,108490,2021
701814921200.0,521442070040.0,98649999020.0,61092239490.0,507613912380.0,,,2749425860.0,211805644000.0,141553069340.0,-93007077970.0,-86398146970.0,883192000.0,-93890269970.0,-74277654740.0,141080,2025
738382908190.0,550261759020.0,128912155240.0,117182806540.0,615998105850.0,,,819869220.0,36331390970.0,125898140990.0,9628273000.0,14637182000.0,503207000.0,9125066000.0,7800099570.0,141080,2024
189502178850.0,134618752840.0,63053955230.0,37071716400.0,148221267200.0,11847000000.0,,12643935240.0,30739756530.0,34145640060.0,-75218298080.0,-70546360080.0,528260000.0,-75746558080.0,-73703570470.0,141080,2023
252530449540.0,191618909900.0,117964960450.0,28602844480.0,219598926030.0,11847000000.0,,12249214670.0,105382609090.0,33412042600.0,-47436866780.0,-43318853780.0,285751000.0,-47722617780.0,-45091793570.0,141080,2022
,,,,,2700000000.0,9147000000.0,,,,,,,,,141080,2021
3134104265110.0,1346612596630.0,382883140910.0,2060463508380.0,673078391760.0,1365392132330.0,378884860000.0,1761536004330.0,-75803182640.0,2154938965100.0,-450982613480.0,-365685617240.0,116770045000.0,-567752658480.0,-533545279680.0,066970,2025
2799831517730.0,1089837750800.0,279521440470.0,1552202559620.0,713602484180.0,1257343520000.0,502113160000.0,1784887332000.0,-22707262790.0,1907478512800.0,-413109476440.0,-349734928600.0,106397627000.0,-519507103440.0,-377937820660.0,066970,2024
3351444610580.0,1969480525050.0,241265504590.0,1747319185270.0,1097160663010.0,1314592574000.0,466216873340.0,1813730862340.0,357864909590.0,4644090367580.0,-216754706180.0,-170255360660.0,78932675000.0,-295687381180.0,-194314485080.0,066970,2023
3023932974760.0,2302551789070.0,120198626400.0,1287536919480.0,1279735719860.0,459091927260.0,412054664450.0,908779886710.0,571608334210.0,3887293713350.0,361793511420.0,392936309900.0,21257550000.0,340535961420.0,269973164000.0,066970,2022
,,,,,,,,,,,,,,,066970,2021
1695690258640.0,1031851253350.0,276708027930.0,611221290470.0,556102899920.0,43008748430.0,10000000000.0,62661456430.0,90287040970.0,1371057336140.0,124065669770.0,142261232770.0,3299525000.0,120766144770.0,173753426630.0,082740,2025
1413101954220.0,785001242520.0,133001192440.0,586563184900.0,393295789880.0,30000000000.0,43947007000.0,84448786000.0,-71046200230.0,1202204707510.0,85082208220.0,100405720220.0,7728105000.0,77354103220.0,79159548480.0,082740,2024
1136858165260.0,655667267220.0,102831937300.0,603567818470.0,224148291130.0,170055748000.0,41092104000.0,222304004000.0,-151258315670.0,854384414140.0,11417745880.0,26446628880.0,12354723000.0,-936977120.0,-426426610.0,082740,2023
956230294630.0,471073549320.0,54559248120.0,498756380830.0,221625827940.0,182055748000.0,19695118000.0,212721559000.0,-147545278430.0,764242847000.0,-29066560350.0,-13047987350.0,9602066000.0,-38668626350.0,-40272392250.0,082740,2022
,,,,,,,,,,,,,,,082740,2021
2992581747640.0,1435680643640.0,323054472680.0,579178189180.0,2142364349470.0,253314800540.0,102572733000.0,375002061540.0,1926419642840.0,1397233307030.0,324979618780.0,492741618780.0,7062636000.0,317916982780.0,256071900590.0,000990,2025
2396851168570.0,1194370198830.0,297054100750.0,316866668870.0,1949982258640.0,110320051140.0,27000000000.0,159578255140.0,1763434867500.0,1131167709800.0,278638893020.0,434818893020.0,2796106000.0,275842787020.0,229473615380.0,000990,2024
2043378694130.0,1027982955090.0,253329763800.0,220150412230.0,1740082437740.0,34790439230.0,46833320000.0,109955217230.0,1563260865270.0,1154223638940.0,306984259370.0,440393259370.0,1084000000.0,305900259370.0,264149250970.0,000990,2023
2142165862410.0,1327330066470.0,153658158260.0,416099502330.0,1634784143890.0,54652851810.0,68499960000.0,140978583810.0,1362360581570.0,1669476722270.0,744296374240.0,863904374240.0,1667000000.0,742629374240.0,556227095930.0,000990,2022
,,,,,,,,,,,,,,,000990,2021
645998217780.0,442780964180.0,119421667330.0,89382450590.0,538946086440.0,2245333260.0,10977066800.0,17903123160.0,342754047650.0,457213151910.0,93011611490.0,102728487490.0,505071000.0,92506540490.0,78545663000.0,319660,2025
569356264730.0,398573268970.0,94599452530.0,81154312940.0,471716805680.0,7000089000.0,13220659120.0,23039359980.0,276233666180.0,398050977570.0,98012168830.0,106599612830.0,603908000.0,97408260830.0,79128216000.0,319660,2024
494393356490.0,353608678770.0,64918554700.0,86122493910.0,392569607130.0,8657900000.0,13000000000.0,23301071810.0,204529192280.0,351863805650.0,66080837150.0,72232360150.0,171592000.0,65909245150.0,52520188200.0,319660,2023
472649339860.0,383950967170.0,55965973900.0,100917650980.0,353307517960.0,,12000000000.0,15064624150.0,164862991280.0,460909201000.0,100206868440.0,105962750440.0,185941000.0,100020927440.0,77443255000.0,319660,2022
,,,,,3293484970.0,,,,,,,,,,319660,2021
34442304939490.0,11317571986110.0,1342926134230.0,7410535432850.0,19370718758990.0,3445643221050.0,5816297925090.0,9907644996490.0,13303473335210.0,22733237259720.0,319611553360.0,2081505003360.0,362839328000.0,-43227774640.0,-6916448640.0,004020,2025
34743788025630.0,11459924503840.0,1295644723230.0,7699051534470.0,18918297285380.0,3579668783520.0,6158773807230.0,10449310248150.0,13400002431370.0,23226141091210.0,361250612650.0,2071710060650.0,420746439000.0,-59495826350.0,-11621287180.0,004020,2024
35218841930040.0,11953568810840.0,1385746851110.0,7984156916980.0,19100148562960.0,3840629800370.0,5842849585320.0,10451079905230.0,13639305563610.0,25914760456160.0,946025086790.0,2588253041790.0,413949411000.0,532075675790.0,461194753200.0,004020,2023
36800955829770.0,13191046262810.0,1698640645950.0,8119176425020.0,18713734432640.0,4141886107490.0,7387373179870.0,12344367111930.0,13373650242230.0,27340601237800.0,1704989399450.0,3293539824450.0,356431372000.0,1348558027450.0,1017588713470.0,004020,2022
,,,,,,,,,,,,,,,004020,2021
10492248416160.0,4412507003260.0,924789114630.0,3984822273910.0,3767762778930.0,1692766536160.0,1544834271590.0,3859716450010.0,1520687875730.0,10883728406010.0,103999147240.0,845911803240.0,238851249000.0,-134852101760.0,-198546222380.0,018880,2025
10620252377490.0,4439022125070.0,1346499808110.0,5033806802740.0,2853472095500.0,2384344791480.0,1703887867250.0,4567450845710.0,1701525876340.0,9998723268160.0,-64919177670.0,586264400330.0,264770555000.0,-329689732670.0,-363255550780.0,018880,2024
9244404434130.0,3696903747600.0,778560330720.0,3576141197590.0,2371695429060.0,1467259056390.0,2679147109630.0,4146406166020.0,2103103495990.0,9521628335620.0,336358637000.0,934774082000.0,185658687000.0,150699950000.0,50985227770.0,018880,2023
9098783327540.0,4194764703060.0,1429141081040.0,4021078315360.0,2236006660150.0,1974731423440.0,2305387735100.0,4280119158540.0,2243490639660.0,8627727574140.0,202749928850.0,760628832850.0,105581843000.0,97168085850.0,20438044050.0,018880,2022
,,,,,,,,,,,,,,,018880,2021
885545457180.0,549740359210.0,27327763420.0,255975366800.0,624966182860.0,,10000000.0,1201160000.0,627586707560.0,518767621090.0,109483549070.0,132492748650.0,67111000.0,109416438070.0,85367742270.0,052690,2025
946846882980.0,575753925750.0,46521428440.0,361039308180.0,577473652870.0,,10000000.0,1570244000.0,580106143220.0,569493930320.0,76302335380.0,98555137280.0,78875000.0,76223460380.0,58512128400.0,052690,2024
855008772800.0,452060499180.0,52159068350.0,250186492890.0,547308411730.0,,10000000.0,1390796000.0,549952768010.0,545091772610.0,44169236560.0,65949930790.0,96119000.0,44073117560.0,32654447900.0,052690,2023
816503301670.0,376375665240.0,45324253240.0,244766413410.0,543413813300.0,,10000000.0,984721000.0,546462131880.0,505290773060.0,26079596510.0,49170028290.0,344012000.0,25735584510.0,17953974000.0,052690,2022
,,,,,10000000.0,,,,,,,,,,052690,2021
5716939046440.0,3644018594580.0,1090560747180.0,939846307340.0,4092315540910.0,267407999670.0,122544185950.0,537685105820.0,3485307506890.0,4063584122630.0,609291027590.0,722610486590.0,29556522000.0,579734505590.0,492268483600.0,111770,2025
5389722907460.0,3429710995580.0,799525139870.0,727832706570.0,3686692649300.0,45859006330.0,257771492750.0,443006246070.0,3082550333990.0,3517837283290.0,439720260500.0,547301967500.0,31546863000.0,408173397500.0,427050356020.0,111770,2024
5297123640650.0,3346930108720.0,896394078480.0,1123291101200.0,3246664286850.0,469668284900.0,77487641820.0,685504372600.0,2712525857270.0,3604377025400.0,712719314440.0,810988777440.0,31086770000.0,681632544440.0,515959247530.0,111770,2023
4513623780810.0,2821445719290.0,735944764480.0,822686884770.0,2814524326070.0,263360724440.0,133243897850.0,510032807270.0,2263681683060.0,3910960903820.0,901939151630.0,994989112630.0,20183299000.0,881755852630.0,674518794570.0,111770,2022
,,,,,,,,,,,,,,,111770,2021
122427167090.0,96117578410.0,40803548860.0,90067799260.0,19307119460.0,15473714000.0,,20796281740.0,-217131923900.0,92419333230.0,-73622590240.0,-62877130080.0,2048968390.0,-75671558630.0,-75623961280.0,440110,2025
134427343080.0,98647616810.0,32322634100.0,31263024620.0,96076220150.0,14500000000.0,,22620691580.0,-141507962610.0,43502744970.0,-88826000790.0,-77366813030.0,2641423370.0,-91467424160.0,-90563966010.0,440110,2024
243661793790.0,203276135900.0,95393266010.0,50212157760.0,184879224480.0,34500000000.0,,44428308610.0,-50943996590.0,22470905710.0,-54897724160.0,-46012877710.0,1934797230.0,-56832521390.0,-56696963340.0,440110,2023
68265748190.0,34345868730.0,10127461960.0,5449532760.0,41025269900.0,,9500000000.0,19113532500.0,-414247033240.0,56401518170.0,-221132953880.0,-215405423160.0,6327026190.0,-227459980070.0,-227459980000.0,440110,2022
,,,,,16367169330.0,9500000000.0,,,,,,,,,440110,2021
15833341277870.0,2766743223000.0,845128179530.0,5175725424770.0,4455332903770.0,2154639016000.0,2404267280000.0,5334898309540.0,3657624531990.0,6929498818330.0,324142234090.0,825634234090.0,191969334000.0,132172900090.0,13937046410.0,004170,2025
15071774121950.0,2342662811360.0,582471444560.0,4947367431130.0,4265138301270.0,2146975351000.0,2213089223000.0,5094348745380.0,3717641497270.0,6570412728800.0,390460216320.0,871297216320.0,195860336000.0,194599880320.0,107782477010.0,004170,2024
14751983355120.0,2673702766600.0,802458635590.0,4943859336440.0,4208590475010.0,2191238994000.0,1891589473000.0,4803980837850.0,3655198026310.0,6357088542140.0,622057527850.0,1119526631850.0,168841247000.0,453216280850.0,225111670920.0,004170,2023
14348412322680.0,2653727735540.0,937972867850.0,4849923550150.0,4113671293600.0,1978151192000.0,1720698870000.0,4568747700700.0,3479352824700.0,7812755198900.0,641543482260.0,1219749482260.0,119668657000.0,521874825260.0,406065274580.0,004170,2022
,,,,,,,,,,,,,,,004170,2021
622420256910.0,446710161790.0,79871448500.0,82881898530.0,536623921720.0,20000000000.0,,21194528030.0,260800558790.0,220194751970.0,67638275800.0,77591981800.0,1042426000.0,66595849800.0,56129269150.0,095340,2025
582882970480.0,405104881240.0,39868508960.0,52271209740.0,522788576860.0,20000000000.0,97982560.0,20466053110.0,222040652980.0,174480093980.0,71172247540.0,81029551540.0,1586949000.0,69585298540.0,54663931460.0,095340,2024
541813159700.0,361800586500.0,267986763640.0,58252321700.0,473328785140.0,39785288000.0,3184434890.0,43609627570.0,173300467710.0,140221939900.0,19690241330.0,28386849330.0,2127282000.0,17562959330.0,13202989740.0,095340,2023
358432438080.0,161742958400.0,53687149910.0,81385857030.0,268082650210.0,33013232390.0,5194815690.0,39115436430.0,170873905730.0,178871264560.0,62224210130.0,75931195780.0,96612000.0,62127598130.0,43955374820.0,095340,2022
,,,,,,514554590.0,,,,,,,,,095340,2021
1525996520000.0,967476668000.0,137563249000.0,834541618000.0,588671403000.0,72349000000.0,18000000000.0,91485545000.0,319977184000.0,2044552052000.0,147279401000.0,164474164000.0,4855091000.0,142424310000.0,103889478000.0,103590,2025
1249038272000.0,702238015000.0,140017884000.0,606533501000.0,500309704000.0,77922773000.0,64000000000.0,143458670000.0,232430107000.0,1577247371000.0,71385218000.0,84499470000.0,7631915000.0,63753303000.0,46193258000.0,103590,2024
928888144000.0,433757560000.0,56717296000.0,384892900000.0,371142176000.0,85945600000.0,100986130000.0,187803707000.0,197135779000.0,1246731647000.0,55412821000.0,68302679000.0,11819982000.0,43592839000.0,34540067000.0,103590,2023
839513249150.0,360680352490.0,39456657370.0,321654655570.0,344902375460.0,89934360000.0,106873600000.0,197672107000.0,170001866880.0,1164706090210.0,35004355630.0,50235742630.0,7275671000.0,27728684630.0,24221646860.0,103590,2022
,,,,,,,,,,,,,,,103590,2021
369707189470.0,289037616640.0,93941091310.0,60742547060.0,308230752420.0,,,822194850.0,277921014420.0,172964572180.0,94410974890.0,98756480890.0,59267000.0,94351707890.0,72662225540.0,403870,2025
319896333500.0,237711760460.0,61287398960.0,40960057030.0,277910828150.0,,,1512392020.0,253432828210.0,181401607820.0,113921179280.0,117522520280.0,102125000.0,113819054280.0,86280231060.0,403870,2024
320687606640.0,275836046530.0,43324482750.0,41554582590.0,277080288640.0,,,2235190990.0,174755293580.0,179086660830.0,104394673630.0,105724669630.0,170563000.0,104224110630.0,80432402480.0,403870,2023
260926477130.0,245046977510.0,130015123260.0,63423914920.0,195371868770.0,,,3048223610.0,96020412840.0,159336322820.0,87084682360.0,88184395360.0,175385000.0,86909297360.0,66005614940.0,403870,2022
,,,,,,,,,,,,,,,403870,2021
171234323350.0,148308460670.0,35736727800.0,7897659960.0,103795095820.0,,37257833000.0,39812266120.0,-232220809390.0,7512306000.0,-47986932020.0,-46200105020.0,2647486000.0,-50634418020.0,-42706333580.0,310210,2025
73658644250.0,56455763870.0,10153556400.0,6770470700.0,66412537870.0,,,989610160.0,-189514475800.0,,-32064509340.0,-30098513340.0,580739000.0,-32645248340.0,-32613098090.0,310210,2024
94653233630.0,61297468930.0,12856148110.0,12490250100.0,81343825330.0,11047085000.0,,12294922950.0,-156901377710.0,,-34243662900.0,-31538655900.0,1908787000.0,-36152449900.0,-36848289920.0,310210,2023
63950031130.0,49157797310.0,11017948690.0,13815861590.0,34258167610.0,9795361000.0,15385987000.0,25717914460.0,-120053087780.0,9767826850.0,-17311466000.0,-14280722000.0,2123281000.0,-19434747000.0,-19899662510.0,310210,2022
,,,,,10999525470.0,14287518000.0,,,14783913200.0,,,,,,310210,2021
5275680667000.0,2085071777000.0,387784364000.0,2542827942000.0,2007332574000.0,1883665955000.0,155557979000.0,2055638164000.0,2080136165000.0,3675704255000.0,538975889000.0,621882229000.0,95616609000.0,443359280000.0,281602585000.0,007340,2025
5006031530000.0,1964801236000.0,364059805000.0,1334190771000.0,1741561468000.0,616602534000.0,1379018592000.0,2013626754000.0,1835116867000.0,3434542268000.0,541322218000.0,620201907000.0,119534995000.0,421787223000.0,284931413000.0,007340,2024
4567386501000.0,1740312509000.0,442144983000.0,1404917464000.0,1139291698000.0,726281537000.0,1679793655000.0,2423283403000.0,1397266947000.0,3269243065000.0,532614802000.0,609122606000.0,142462887000.0,390151915000.0,274781003000.0,007340,2023
4591590751740.0,1775650459520.0,509347063690.0,1358459213700.0,874799778910.0,688666547810.0,2007097480880.0,2707137562300.0,1149664445520.0,3156376223570.0,367958099000.0,438727036000.0,114446739000.0,253511360000.0,180867054300.0,007340,2022
,,,,,,,,,,,,,,,007340,2021
10853668000000.0,1854075000000.0,839667000000.0,1366156000000.0,5723482000000.0,174706000000.0,204969000000.0,4486278000000.0,2096794000000.0,5432888000000.0,532908000000.0,1053584000000.0,214704000000.0,318204000000.0,301407000000.0,028670,2025
10271506000000.0,2021806000000.0,865844000000.0,1276861000000.0,5653383000000.0,56110000000.0,285750000000.0,3858572000000.0,1859636000000.0,5161218000000.0,416010000000.0,885064000000.0,133918000000.0,282092000000.0,268143000000.0,028670,2024
7853946000000.0,1757323000000.0,952781000000.0,1294029000000.0,4713351000000.0,248568000000.0,118209000000.0,2436820000000.0,1638233000000.0,4360982000000.0,371035000000.0,861296000000.0,122546000000.0,248489000000.0,245041000000.0,028670,2023
7548942000000.0,1834200000000.0,744629000000.0,1226756000000.0,4492604000000.0,74533000000.0,254611000000.0,2336251000000.0,1474700000000.0,6420312000000.0,764025000000.0,1430327000000.0,76058000000.0,687967000000.0,677081000000.0,028670,2022
,,,,,,,,,,,,,,,028670,2021
16803559405440.0,3982829853430.0,1193612441430.0,3982446436100.0,7824485732400.0,2072082589130.0,2938696559080.0,5199269892210.0,6926378111060.0,6483819486090.0,2728674377370.0,3187635958770.0,339844999000.0,2388829378370.0,1538496275570.0,002380,2025
13406267199350.0,3994488398570.0,501329763430.0,3230859313890.0,5265962627790.0,1380071832210.0,3806890815660.0,5340470228870.0,5392738229050.0,6658762417820.0,855407894150.0,1286662026350.0,347806538000.0,507601356150.0,343824075640.0,002380,2024
13353471078390.0,4178192966680.0,1045142107000.0,3836444032740.0,5177363194570.0,2140642501910.0,3010207686080.0,5300476430990.0,4902440148470.0,6288442613710.0,499080300850.0,942679560360.0,254644522000.0,244435778850.0,212662787380.0,002380,2023
13118486307650.0,4029782763430.0,776747674000.0,2869372542470.0,5117785072960.0,1194629642430.0,3687040511410.0,5022282112840.0,4798402756740.0,6774793651220.0,290285305620.0,723916854370.0,178331353000.0,111953952620.0,33862990900.0,002380,2022
,,,,,,,,,,,,,,,002380,2021
53627847000000.0,13634386000000.0,1147352000000.0,17237201000000.0,10802423000000.0,13316323000000.0,21760182000000.0,36347755000000.0,7775802000000.0,35727336000000.0,1656371000000.0,3580304000000.0,1259884000000.0,396487000000.0,133021000000.0,036460,2025
57669637000000.0,16968511000000.0,929109000000.0,21266507000000.0,10829084000000.0,17730115000000.0,21385638000000.0,40558906000000.0,7780243000000.0,38388740000000.0,3143802000000.0,5126438000000.0,1506194000000.0,1637608000000.0,1146749000000.0,036460,2024
57254666000000.0,17430305000000.0,780588000000.0,22566372000000.0,9626977000000.0,17834740000000.0,21021910000000.0,40726012000000.0,6678622000000.0,44555995000000.0,814361000000.0,2701479000000.0,1676235000000.0,-861874000000.0,-761211000000.0,036460,2023
62424983096050.0,25091557359980.0,813274677810.0,30634566494160.0,10187081230440.0,25558917000000.0,17292636000000.0,44883079114000.0,7476256994780.0,51724286632360.0,2910165469110.0,4661523835520.0,964917801000.0,1945247668110.0,1493102876400.0,036460,2022
,,,,,,,,,,,,,,,036460,2021
834391536730.0,611989985040.0,246949912810.0,251651441170.0,569587084540.0,,76603000.0,2298893000.0,269479032660.0,1075175363040.0,68950771000.0,83095434000.0,107287000.0,68843484000.0,52081264970.0,022100,2025
892453016130.0,676687634640.0,129180234830.0,355027712350.0,523191568130.0,,76603000.0,3819632000.0,222424226840.0,1473290670630.0,118731811140.0,131765513140.0,222958000.0,118508853140.0,88036600040.0,022100,2024
889807220460.0,661855691380.0,60162678090.0,421366947870.0,459425079840.0,,76603000.0,2420722000.0,163313304740.0,1485875620930.0,113277957110.0,123572720110.0,260216000.0,113017741110.0,91879439820.0,022100,2023
851593785980.0,603491896780.0,32014522080.0,431131515110.0,412170218450.0,381791370.0,76603000.0,2544413370.0,114937061610.0,1152680199420.0,60947236550.0,69932854550.0,160405000.0,60786831550.0,45581846000.0,022100,2022
,,,,,711452830.0,,,,,,,,,,022100,2021
3457768462780.0,1009648479410.0,225316644280.0,1360076779080.0,910357247400.0,848994865820.0,330441412320.0,1231498170920.0,592665590990.0,2722419169320.0,250394807290.0,354519829290.0,38671193000.0,211723614290.0,125078561970.0,161890,2025
3126693019800.0,858706005140.0,141871214020.0,1215031627080.0,792634831320.0,786816383260.0,308973562380.0,1150245460740.0,487914233530.0,2452063980460.0,186290276330.0,278264591330.0,46516744000.0,139773532330.0,90074028300.0,161890,2024
3009429377710.0,898363312780.0,170839479000.0,1283697060530.0,648622116660.0,838385476000.0,198465544780.0,1102832320140.0,367618540060.0,2155675927420.0,79386010780.0,173114113780.0,45048010000.0,34338000780.0,5191815100.0,161890,2023
2933309479340.0,816296191860.0,220073383000.0,868139417220.0,664096497570.0,519260942000.0,493114491520.0,1066796339550.0,383679742400.0,1865731523030.0,49668616860.0,125093535430.0,32694822000.0,16973794860.0,-21981308640.0,161890,2022
,,,,,,,,,,,,,,,161890,2021
1489047152880.0,425770012990.0,127389343690.0,483545308110.0,961852859660.0,213317272000.0,,214531100000.0,757964506370.0,1356957532840.0,143573540260.0,153054562260.0,10570324000.0,133003216260.0,118369957150.0,008930,2025
1349078932360.0,327964548350.0,85228453220.0,468827139880.0,840928986270.0,215227080000.0,350000000.0,217352284000.0,631254416640.0,1283432295640.0,74440987120.0,84151597120.0,11345920000.0,63095067120.0,59421641040.0,008930,2024
1226170046390.0,273900397160.0,27578958560.0,395202031620.0,787506950820.0,202161111120.0,10197480000.0,213736073120.0,533274488290.0,1247906379060.0,140702248010.0,149434628220.0,10160601000.0,130541647010.0,115121512760.0,008930,2023
1109690934180.0,245348143570.0,21420647430.0,347726498630.0,724746193160.0,193856666660.0,5819351120.0,202002878780.0,461187744660.0,1046054210830.0,76869044920.0,82347492010.0,3689326000.0,73179718920.0,69209578700.0,008930,2022
8093652130170.0,1256530943420.0,688942929310.0,1900644824000.0,5429700987980.0,1153322798530.0,363498291000.0,1590590983380.0,1337593297020.0,2835074411890.0,418657308090.0,550140897090.0,72482359000.0,346174949090.0,225033175320.0,251270,2025
8177066253490.0,1114816595230.0,577864115430.0,1348239156040.0,5416041831040.0,617276151050.0,997024912820.0,1692635489720.0,1145496880620.0,2663783169910.0,183723332040.0,338097550040.0,107427980000.0,76295352040.0,25640335230.0,251270,2024
7915865389290.0,905788023100.0,430338258320.0,1939774274180.0,4979527938260.0,1383446245730.0,371638035960.0,1841016810480.0,1128478828520.0,2502055599770.0,-11897597540.0,173524167460.0,146706098000.0,-158603695540.0,-255670899770.0,251270,2023
8935573715860.0,997344674250.0,502997969600.0,2293992289890.0,5460881436000.0,1712732792410.0,455516406590.0,2263408259940.0,1377507408300.0,2673408275830.0,-828693938190.0,-596310262190.0,112779741000.0,-941473679190.0,-819182306260.0,251270,2022
580613743710.0,427618492050.0,54924701690.0,66915612330.0,459527919080.0,,,6883040400.0,425775016790.0,350324287100.0,55382242760.0,72759409760.0,1161092000.0,54221150760.0,42460456360.0,084370,2025
539499743570.0,391289214670.0,29907390340.0,83383640930.0,406183482550.0,,,8430054670.0,389517789550.0,338067812310.0,78039404490.0,96052413490.0,1176488000.0,76862916490.0,63263390470.0,084370,2024
436989837320.0,299911803740.0,43582951050.0,56762313790.0,344847155360.0,,,321551180.0,331735826560.0,276533350770.0,32203103800.0,51017925800.0,407648000.0,31795455800.0,24438208190.0,084370,2023
434013808790.0,297304073240.0,45886183000.0,77570179270.0,324264905830.0,,12673000.0,1565828180.0,314021837650.0,310632917770.0,59654225130.0,75022199130.0,472216000.0,59182009130.0,37933829390.0,084370,2022
,,,,,,11855000.0,,,,,,,,,084370,2021
225224012030.0,84912535870.0,24743015950.0,44467606210.0,161681400830.0,15739600000.0,15000000000.0,31916888620.0,21126208300.0,155184524100.0,-6037371940.0,-2476407940.0,142511000.0,-6179882940.0,-5559162630.0,009420,2025
212880605180.0,85353313750.0,16386156700.0,34720482980.0,168351403330.0,,,1447813660.0,26494980550.0,138943698750.0,-112229940.0,3008287060.0,70967000.0,-183196940.0,-1804843470.0,009420,2024
239746992700.0,113577189270.0,33722513720.0,37651870140.0,186218369830.0,,,1290529640.0,31364999160.0,134909837620.0,3266395130.0,6513340130.0,63863000.0,3202532130.0,3508607550.0,009420,2023
213451232690.0,111788673240.0,16840782320.0,28534710400.0,168256460620.0,,,1310399670.0,29411631950.0,109995418980.0,1951304570.0,5003957570.0,21875000.0,1929429570.0,251473640.0,009420,2022
,,,,,,,,,,,,,,,009420,2021
709448340770.0,552801735020.0,77322804080.0,121616125590.0,457429945640.0,41535972290.0,42818670.0,62824904220.0,359801368410.0,1116287364100.0,225069984540.0,233921115800.0,8368381810.0,216701602730.0,168584659650.0,257720,2025
457759144110.0,297095793180.0,86017437080.0,189336374910.0,261587951520.0,145111134660.0,56509120.0,155191377950.0,191544104250.0,691522368910.0,154271103980.0,159973646610.0,5563043590.0,148708060390.0,120738196340.0,257720,2024
215270561070.0,136394594980.0,17217510020.0,74179193060.0,134951936170.0,55125053380.0,3637154030.0,63795021960.0,70805907900.0,342860997940.0,48834508540.0,52534609910.0,711092240.0,48123416300.0,38013204270.0,257720,2023
129216316020.0,73230909480.0,21188944920.0,28605613290.0,96386863290.0,20121538060.0,3686190680.0,25090361250.0,32792703630.0,165272164540.0,14553027910.0,17259584850.0,285846450.0,14267181460.0,11155657000.0,257720,2022
,,,,,,,,,,,,,,,257720,2021
608025581210.0,310646367530.0,75817114800.0,112269848920.0,391301167040.0,38000000000.0,4800000000.0,45050842000.0,330549531670.0,428900789080.0,50126476760.0,81547502760.0,2464375000.0,47662101760.0,38229673560.0,131290,2025
519408350480.0,268896709960.0,45021519160.0,94754519260.0,342771848790.0,37025000000.0,625000000.0,39711621600.0,296315291130.0,348053207960.0,57570586870.0,85243352870.0,2093331000.0,55477255870.0,42476339210.0,131290,2024
443121340990.0,207346004040.0,38626017010.0,65333454040.0,293318590720.0,26959960000.0,9399950000.0,37240553720.0,246486219050.0,249147689840.0,-1400302460.0,24910633540.0,1992991000.0,-3393293460.0,120909510.0,131290,2023
435835838750.0,228247078200.0,52403111510.0,71583964720.0,289860299590.0,25951651000.0,8352985260.0,35187221690.0,252170091620.0,339264169500.0,66750462590.0,90152649590.0,1348794000.0,65401668590.0,49819409200.0,131290,2022
,,,,,,,,,,,,,,,131290,2021
37910298847680.0,5195038635800.0,571525104250.0,9989934467300.0,15185023750400.0,4582526798000.0,5251213636000.0,13801496857360.0,7440521126280.0,13738354725830.0,665477772640.0,1721518706640.0,582030809000.0,83446963640.0,51555579100.0,023530,2025
39003044584710.0,5516937795010.0,1554846752450.0,9836042195530.0,15503954524320.0,4413382800000.0,6006882590000.0,14765496926550.0,7497657188320.0,13986578270060.0,-399895267850.0,716246671150.0,621334771000.0,-1021230038850.0,-968016249410.0,023530,2024
30644698696530.0,5563803119350.0,1589717984770.0,10903416044830.0,9493521378030.0,5145975766000.0,4266225219000.0,14257993396830.0,8630122588220.0,14555863880290.0,779409121960.0,1953137358960.0,595448377000.0,183960744960.0,174403554440.0,023530,2023
31703575873070.0,6179514075810.0,1800809705740.0,10622585640820.0,9567653934240.0,4894848443000.0,4866439908000.0,15142089312010.0,8641202573990.0,15476035656550.0,-67592548030.0,1157301195970.0,499749759000.0,-567342307030.0,-324570885300.0,023530,2022
,,,,,,,,,,,,,,,023530,2021
4845197185250.0,3238176340860.0,200357737320.0,802657029330.0,3964522156200.0,6500000000.0,,53715289000.0,3953392141540.0,1476727048700.0,392175542870.0,476562095890.0,2741141950.0,389434400920.0,318192491510.0,035250,2025
4700641154570.0,1213770948090.0,244499636970.0,749911256800.0,3883666448030.0,,6500000000.0,54426596000.0,3861476635980.0,1426862781800.0,568112224540.0,646587106390.0,2765884790.0,565346339750.0,456895295630.0,035250,2024
4448655838220.0,1391068809420.0,166186546140.0,701132109310.0,3677902200470.0,,3050000000.0,57121432000.0,3615704387380.0,1388572378270.0,464900215470.0,545385631660.0,7658834190.0,457241381280.0,340898540400.0,035250,2023
4167752670690.0,1328836088010.0,101060567370.0,687658757340.0,3415361449050.0,,4550000000.0,65628141000.0,3353163635960.0,1270685819100.0,169679133370.0,247875012690.0,1827307000.0,167851826370.0,115617118430.0,035250,2022
,,,,,,4550000000.0,,,,,,,,,035250,2021
18459842000000.0,9074153000000.0,3015810000000.0,7832139000000.0,4792962000000.0,2168474000000.0,3899726000000.0,6423031000000.0,3342093000000.0,12450347000000.0,477852000000.0,715176000000.0,330512000000.0,147340000000.0,93518000000.0,006360,2025
17803294000000.0,8666551000000.0,2083025000000.0,9031905000000.0,4414089000000.0,3127303000000.0,2503044000000.0,6045574000000.0,3266496000000.0,12863811000000.0,756333000000.0,965053000000.0,314833000000.0,441500000000.0,245568000000.0,006360,2024
17707298538010.0,9482031400330.0,2244924955930.0,8796223078460.0,4314458788000.0,2337665000000.0,2910442000000.0,5696333957000.0,3046354212470.0,13436684904470.0,-211205032760.0,-17802032760.0,306281497000.0,-517486529760.0,-481944649530.0,006360,2023
16946616696890.0,9411595104500.0,2023700610060.0,8205470645440.0,4831632534510.0,2151613000000.0,2233980000000.0,4868392899000.0,3659818016870.0,12299196214750.0,813362737790.0,1027646737790.0,148465115000.0,664897622790.0,339273696750.0,006360,2022
,,,,,,,,,,,,,,,006360,2021
2955743509060.0,1246125198540.0,105552891510.0,326237939250.0,1788799862230.0,0.0,464738087850.0,469987701230.0,445261525570.0,651368342530.0,-76460898870.0,14554714130.0,9399218000.0,-85860116870.0,-57424481980.0,302440,2025
2843596036890.0,1576672643810.0,312701506000.0,310589417430.0,1802565226090.0,0.0,383331233920.0,392813747200.0,499757259950.0,267545049150.0,-85421918350.0,-36196684350.0,3684910000.0,-89106828350.0,-53881198900.0,302440,2024
1852439180080.0,1382969483530.0,127025638850.0,135619895890.0,1703855316370.0,0.0,,20573528530.0,549420553450.0,369505555850.0,8725366380.0,43490069380.0,1398139000.0,7327227380.0,22317719230.0,302440,2023
2141931383550.0,1783694210430.0,225287448490.0,380037427180.0,1741701996060.0,83558455590.0,,113336192800.0,533377515590.0,456725871190.0,144194122450.0,171430531450.0,2460940000.0,141733182450.0,122451949930.0,302440,2022
,,,,,,35502635000.0,,,,,,,,,302440,2021
8474479180380.0,2741554103400.0,650436032910.0,1366480538680.0,6245291877380.0,432751533000.0,447017695000.0,1008047450500.0,5742917382700.0,6915145099920.0,392347681030.0,709854681030.0,43498842000.0,348848839030.0,290936738220.0,011780,2025
8340238952250.0,2710939308760.0,429285910590.0,1534476881890.0,6037777043040.0,454671425000.0,427931288000.0,945187014920.0,5571212760030.0,7155003786010.0,440989927960.0,716232927960.0,33376345000.0,407613582960.0,348621508630.0,011780,2024
7979694633680.0,2571407562510.0,452439485950.0,1529933392560.0,5829496939920.0,527038253000.0,294814786610.0,882883182310.0,5391661538830.0,6322528187780.0,515401214250.0,766640214250.0,30318470000.0,485082744250.0,446820153020.0,011780,2023
7717403072460.0,2739034139040.0,567301480370.0,1453492812920.0,5677879584540.0,483707864000.0,245050741000.0,796765796970.0,5235263611030.0,7975625981020.0,1281396265220.0,1525230265220.0,27025000000.0,1254371265220.0,1019861901800.0,011780,2022
,,,,,,,,,,,,,,,011780,2021
29744790534000.0,8869092609000.0,1038957402000.0,10433296043000.0,7058604079000.0,4904408060000.0,4339814003000.0,11529885851000.0,5025743890000.0,27342589100000.0,555036395000.0,2187161516000.0,490100292000.0,64936103000.0,-571455620000.0,097950,2025
30133676241000.0,8999965120000.0,1301783187000.0,10311699201000.0,7847554731000.0,5675232828000.0,4158540429000.0,11945392345000.0,5731223143000.0,27239748024000.0,1076770862000.0,2634877060000.0,503302117000.0,573468745000.0,132271391000.0,097950,2024
29606279551000.0,9580237559000.0,1853610633000.0,9555630305000.0,7151547426000.0,4278488174000.0,4921202363000.0,11188808429000.0,5731488854000.0,29023472909000.0,1247488775000.0,2789588894000.0,515454910000.0,732033865000.0,385927260000.0,097950,2023
30013241845000.0,9788044124000.0,1797257804000.0,9749512896000.0,6755710240000.0,4472868345000.0,5301142029000.0,11617236602000.0,5451504037000.0,30079513121000.0,1612992103000.0,3016280501000.0,367468986000.0,1245523117000.0,595929977000.0,097950,2022
,,,,,,,,,,,,,,,097950,2021
9669288095980.0,5634748961550.0,1844315983190.0,3726528854250.0,5244091831160.0,519274373000.0,444336962000.0,1075844791120.0,1423181661540.0,7402425126660.0,161704557160.0,235863557160.0,44511631000.0,117192926160.0,370189019480.0,375500,2025
9712402219980.0,6005539219280.0,1864415355640.0,3854535631260.0,4845710111110.0,230252100000.0,846829074000.0,1154893755240.0,1076158962830.0,8318442435050.0,405333774690.0,489912774690.0,51385479000.0,353948295690.0,229223745160.0,375500,2024
9344058758180.0,5782745971630.0,2004092329460.0,3748597999370.0,4768781215290.0,520086984000.0,627606514000.0,1269339420730.0,990488915340.0,7991063616680.0,328458018570.0,416199018570.0,48704574000.0,279753444570.0,187861736620.0,375500,2023
8974717444280.0,5403768957900.0,1752398719190.0,3210693538870.0,4349675334510.0,261212193000.0,836782252000.0,1230637702390.0,858083898890.0,7496823679460.0,629907428870.0,716088428870.0,34433960000.0,595473468870.0,413165585500.0,375500,2022
,,,,,,,,,,,,,,,375500,2021
255334642390.0,239109582840.0,100992795260.0,53587356360.0,198554792670.0,,,2944140290.0,101429900480.0,519735447900.0,103175708940.0,104547743940.0,247403000.0,102928305940.0,79053534110.0,483650,2025
136108165190.0,128308613750.0,54002975230.0,31320324500.0,102069072470.0,,,2818691420.0,25802142830.0,309062616150.0,29848347180.0,30577858180.0,783473000.0,29064874180.0,15408977420.0,483650,2024
78003609120.0,73534860990.0,41316802890.0,56037891130.0,15513742720.0,,,1432839050.0,13056632380.0,200802470160.0,16619022990.0,17044935990.0,1298009000.0,15321013990.0,13604748480.0,483650,2023
39355570450.0,36367952160.0,19701263980.0,34280975280.0,1692061580.0,,,1281107780.0,-3764724550.0,145205482060.0,4672126310.0,4876161310.0,659734000.0,4012392310.0,890978600.0,483650,2022
1809393507000.0,1131827637470.0,248756754660.0,626736338500.0,865880645570.0,395589146000.0,,421545880630.0,57295524640.0,1790921869120.0,35932260000.0,85199434000.0,14942820000.0,20989440000.0,45589822690.0,489790,2025
1591146181850.0,996234441980.0,153754690590.0,530103580800.0,822869661840.0,228375274000.0,,265688936720.0,12301007780.0,493322362930.0,29662532740.0,45360110740.0,3887993000.0,25774539740.0,10595898860.0,489790,2024
283436434560.0,191903715380.0,36118711490.0,107779443170.0,160303427580.0,20000000000.0,,31222169710.0,80259187940.0,393940640250.0,12930052720.0,17639751720.0,986821000.0,11943231720.0,11293835150.0,319400,2025
298865266010.0,219728807130.0,58552819280.0,110172629640.0,172142776670.0,,,10696864100.0,99664844170.0,341383043000.0,35018304120.0,38738313120.0,850160000.0,34168144120.0,26917423740.0,319400,2024
248932796610.0,162868633010.0,19286084510.0,77216693440.0,160732665930.0,10000000000.0,,22426090300.0,76273886230.0,267838061810.0,5281724720.0,9027853720.0,729838000.0,4551886720.0,4207016420.0,319400,2023
219449376790.0,136785072620.0,28294456940.0,48651535920.0,154581325900.0,,4486145730.0,17407724850.0,75516304420.0,210456108790.0,13343008340.0,16724275340.0,857799000.0,12485209340.0,9245492540.0,319400,2022
,,,,,,21208447000.0,,,,,,,,,319400,2021
1076837920120.0,679366714930.0,209698099580.0,93048915130.0,950259294540.0,25704853360.0,,29127869360.0,1159931945460.0,425109983560.0,197881386550.0,217627452550.0,1130099000.0,196751287550.0,140871770930.0,145020,2025
939439325840.0,522925414560.0,130138968640.0,61079734070.0,803783425620.0,,24533077990.0,37606369990.0,1070537840530.0,373046885990.0,166358026910.0,181393801910.0,1178480000.0,165179546910.0,135813576900.0,145020,2024
929250642000.0,567772402730.0,106013879800.0,57425431470.0,747310324840.0,,88848123730.0,90522708730.0,936330800640.0,319699941150.0,136206015420.0,150066386420.0,2936265000.0,133269750420.0,93076068770.0,145020,2023
1049782928510.0,617863083750.0,131785607830.0,177312675450.0,792112487610.0,97796128160.0,,100703026160.0,899140037360.0,281675135060.0,76198160120.0,90192287120.0,3111578000.0,73086582120.0,57331825840.0,145020,2022
,,,,,,93850878000.0,,,,,,,,,145020,2021
231273422150.0,83143462730.0,8858967110.0,8377844750.0,212474770610.0,,,,275101828370.0,72807992790.0,20399783880.0,25417965880.0,,22350108530.0,20098549910.0,214370,2025
240696868060.0,96406401610.0,5071349620.0,8066161750.0,222977779430.0,,,,286133967870.0,82585947780.0,34249787130.0,39406115130.0,,40166709560.0,32313654380.0,214370,2024
247277104110.0,166427417960.0,31527525960.0,11313926170.0,227298894770.0,,,,285266223880.0,79209511670.0,40377972880.0,45359827880.0,,49572305840.0,39929880780.0,214370,2023
234070032770.0,158933019150.0,5179025910.0,10490639110.0,215977998060.0,,,,273832635400.0,69097674880.0,33625928790.0,37076364790.0,,34457008420.0,27266928430.0,214370,2022
,,,,,,,,,,,,,,,214370,2021
2125418400000.0,975027931710.0,192279928590.0,1201480558670.0,558159240880.0,583297225000.0,194693300000.0,824666265000.0,483417519870.0,2398757972840.0,203233669940.0,277384510940.0,46717900000.0,156515769940.0,123064158260.0,192820,2025
1933713489310.0,942502901060.0,256411937850.0,1114158039590.0,473397931950.0,509463688000.0,187647162000.0,749261453000.0,383575482940.0,2166089636740.0,182980197210.0,251787255470.0,45349292200.0,137630905010.0,85796823720.0,192820,2024
1557077274810.0,821629081840.0,256890168000.0,989364240030.0,362516945770.0,437345195000.0,106003549000.0,597036187000.0,313066873780.0,1777494448320.0,116335745560.0,175769396560.0,32114912990.0,84220832570.0,57137182680.0,192820,2023
1396450504660.0,737152717210.0,169115967000.0,811975090330.0,581125287920.0,503828910000.0,57249322000.0,607866742000.0,267543932370.0,1600125770190.0,27139397340.0,85947993880.0,20969716490.0,6169680850.0,20847690650.0,192820,2022
,,,,,,,,,,,,,,,192820,2021
3723057252310.0,1836909421000.0,546026985670.0,1453950619770.0,1352124960920.0,561029258000.0,378241441000.0,1088126892000.0,951264214490.0,2467378018760.0,401098071550.0,469893941550.0,50579735000.0,350518336550.0,262047290340.0,017800,2025
3573751146560.0,1536223960140.0,452159539140.0,1638004530400.0,1254671599020.0,743445849000.0,257406576000.0,1016962421000.0,592527623590.0,2885296849300.0,313994519760.0,379348674760.0,55610041000.0,258384478760.0,183197914180.0,017800,2024
3535433379180.0,1345816746350.0,387608846420.0,1333818957490.0,1285987973700.0,460960906560.0,456838726000.0,932814155560.0,622447717580.0,2602099211880.0,447853975940.0,496478244940.0,46235836000.0,401618139940.0,318935620330.0,017800,2023
3014471063420.0,1096309420540.0,183397560800.0,1222898677880.0,1153374614110.0,398847547000.0,281177461120.0,680025008120.0,394596465490.0,2129301101260.0,139320014210.0,180769349210.0,29214150000.0,110105864210.0,78357186570.0,017800,2022
,,,,,,,,,,,,,,,017800,2021
97539472150.0,50987897910.0,32883741890.0,5418673040.0,79493857190.0,,,6244674490.0,-332915757280.0,4297604940.0,-24430688210.0,-18899652210.0,470602000.0,-24901290210.0,-23554579030.0,347850,2025
97499966010.0,39794379520.0,30013624760.0,11114604090.0,70112118570.0,1830147460.0,,9782394810.0,-309361178240.0,11436756600.0,-29742118530.0,-24215328530.0,614831000.0,-30356949530.0,-28622601550.0,347850,2024
79203644980.0,19565008350.0,15642052800.0,7486586270.0,46649608080.0,1520586930.0,,8134302870.0,-289676147350.0,18677045870.0,5921289070.0,10349673070.0,1426819000.0,4494470070.0,3933804440.0,347850,2023
93641563110.0,33354847310.0,25503737600.0,54922550510.0,9440222690.0,19224861330.0,,27232991310.0,-293609951790.0,610566100.0,-160553658800.0,-146814952800.0,2958861000.0,-163512519800.0,-136066555540.0,347850,2022
,,,,,34835713900.0,,,,,,,,,,347850,2021
2431985312120.0,1327702601370.0,217937111670.0,512810149530.0,1756324291670.0,,,55281401860.0,1692220309450.0,2889412422250.0,241546705250.0,415478455550.0,1939861430.0,239606843820.0,178566844210.0,012750,2025
2322698505650.0,1221725877870.0,213054477540.0,496652905470.0,1660661064990.0,,,56617555630.0,1596379785710.0,2804739466530.0,222376857170.0,395130840460.0,977794820.0,221399062350.0,176732400410.0,012750,2024
2179505358170.0,1096505825040.0,241861776470.0,469223945050.0,1597883288620.0,,,38848916930.0,1535056144000.0,2620810541510.0,217646269900.0,392196876270.0,1383782000.0,216262487900.0,189477325000.0,012750,2023
2075658595500.0,950422185740.0,238856121350.0,444737224510.0,1522965763390.0,,,46936730790.0,1460752209830.0,2467960276570.0,201742076790.0,372907824160.0,981806630.0,200760270160.0,151031868630.0,012750,2022
,,,,,,,,,,,,,,,012750,2021
2017838854210.0,701653059220.0,95587857410.0,827150434000.0,398764194050.0,567189159150.0,507334901000.0,1076900813750.0,86172610830.0,1534418874070.0,145730557820.0,303566523820.0,65711099000.0,80019458820.0,38111269950.0,067310,2025
1944648852610.0,616650148450.0,155039334780.0,620248022180.0,371615069150.0,451566875330.0,691355054000.0,1146152305960.0,32042843520.0,1250692575640.0,63099985110.0,201173948110.0,65140199000.0,-2040213890.0,-23801449260.0,067310,2024
1725090131870.0,438370458760.0,106682628160.0,644682194150.0,309057768830.0,475708256850.0,502339719000.0,982003904840.0,60218387020.0,967971484710.0,59474941920.0,181704228920.0,45496189000.0,13978752920.0,-13513955950.0,067310,2023
1409048794950.0,384575213700.0,100683158510.0,442084130900.0,264109940480.0,261320724350.0,417301848100.0,683763179020.0,76891012320.0,894395892450.0,114572047770.0,206049184770.0,23911867000.0,90660180770.0,2830148440.0,067310,2022
,,,,,,,,,,,,,,,067310,2021
3997077723040.0,2633633328910.0,477732627030.0,1170415053520.0,2552540824480.0,299887393000.0,,308048673680.0,2044948285810.0,5239939345000.0,459633565700.0,622539185960.0,13896665000.0,445736900700.0,310834472370.0,005850,2025
3698864220510.0,2346052089690.0,348293960990.0,1142207374200.0,2299756239400.0,314318911000.0,,322622176690.0,1782997223350.0,4973273970110.0,505224518290.0,668935538830.0,18248072000.0,486976446290.0,368357798820.0,005850,2024
3235734467240.0,2070891916830.0,313793458700.0,1116078680510.0,1928436312170.0,354809599000.0,,363480385240.0,1470360528270.0,4838846695980.0,453168575300.0,606345180440.0,24352355000.0,428816220300.0,335507812650.0,005850,2023
2931636940300.0,1773353010900.0,265529556090.0,1092451714640.0,1634589519530.0,392539010000.0,35122314000.0,434494608420.0,1174849883320.0,4174537934850.0,230356535070.0,369304304450.0,14657566000.0,215698969070.0,154729412450.0,005850,2022
,,,,,,36242429000.0,,,,,,,,,005850,2021
1729095169600.0,254940827500.0,45037598350.0,340045791510.0,1144680193720.0,296666640000.0,219499960000.0,516797733060.0,492380561740.0,392506172700.0,18324863480.0,45641555480.0,3297056000.0,15027807480.0,24103738370.0,450080,2025
1290236698730.0,426945927740.0,85971164580.0,428984528480.0,737605448200.0,324166640000.0,114166600000.0,439050103300.0,467714909900.0,299846484650.0,-58482968460.0,-14523450460.0,4768214000.0,-63251182460.0,-42686351360.0,450080,2024
1104235205790.0,576305363670.0,377351279740.0,267426437380.0,799097396170.0,221666640000.0,30333240000.0,252913550070.0,11113569820.0,952523315840.0,10462132680.0,43395033680.0,13709683000.0,-3247550320.0,5045159760.0,450080,2023
634913145180.0,265125163060.0,918415060.0,249084998900.0,314300581270.0,194396600000.0,66104010000.0,261157724140.0,7436668330.0,665248278970.0,23998250930.0,44636211930.0,11322655000.0,12675595930.0,15582712500.0,450080,2022
,,,,,,,,,,,,,,,450080,2021
1798366336070.0,896818125830.0,38923278450.0,50762863250.0,1722043323430.0,1896791450.0,,2839098860.0,1609766686940.0,532878500920.0,162120743540.0,166111629540.0,113164000.0,162007579540.0,144876386110.0,026960,2025
1779146551070.0,899754296790.0,29362996090.0,59271554230.0,1694360738160.0,2541227540.0,,4018637740.0,1575985106370.0,488860392540.0,177196064550.0,181360387550.0,213154000.0,176982910550.0,157251142770.0,026960,2024
1694019807600.0,851964860360.0,35097497310.0,57996437360.0,1607953382600.0,806729920.0,,2748403260.0,1498046591820.0,489695541560.0,163462499580.0,168198469580.0,132435000.0,163330064580.0,144859290390.0,026960,2023
1627852719300.0,812498508800.0,20756866690.0,67707637630.0,1530415155800.0,1440087200.0,,2123462080.0,1428774452890.0,556486608710.0,129433253910.0,134477563910.0,96833000.0,129336420910.0,167855851710.0,026960,2022
,,,,,,,,,,,,,,,026960,2021
335988104330.0,280400652010.0,77229831520.0,98982948100.0,227082622300.0,52000000000.0,4717969000.0,57542584980.0,132889294840.0,302230571180.0,44253877860.0,46757395860.0,1507918000.0,42745959860.0,39507984360.0,080220,2025
225427601820.0,175914531370.0,13061868910.0,38259555510.0,184201011960.0,22000000000.0,,22464930710.0,92634256330.0,162349945450.0,24049941920.0,26419978920.0,807426000.0,23242515920.0,19537971310.0,080220,2024
198673382790.0,152547922960.0,13102766230.0,37603017360.0,157315007440.0,19500000000.0,,20233793510.0,74000743750.0,145899793590.0,22778686740.0,26488259740.0,771518000.0,22007168740.0,16724869340.0,080220,2023
175998872670.0,129143684060.0,12326967090.0,31957699660.0,141205483860.0,16500000000.0,,17374461200.0,57845269680.0,158258062880.0,31605188490.0,35880459490.0,472360000.0,31132828490.0,24331810670.0,080220,2022
,,,,,,,,,,,,,,,080220,2021
1446750282670.0,579615845370.0,247656558650.0,146438889750.0,1055771531280.0,1560306000.0,99650540000.0,117262036090.0,623343217710.0,923381966870.0,118789749760.0,183675283760.0,5347962000.0,113441787760.0,79057915020.0,357780,2025
1168214133830.0,521491176320.0,241614508220.0,123720340550.0,1008361132900.0,,,2298201600.0,562094529280.0,863356156450.0,167202187740.0,226169427740.0,80840000.0,167121347740.0,118437371610.0,357780,2024
995442871270.0,345056035610.0,160827491310.0,71113528110.0,891373040580.0,,,1685504370.0,459143441670.0,844029122460.0,161386392840.0,221920573840.0,82731000.0,161303661840.0,130363029220.0,357780,2023
934907217550.0,458877300870.0,167741412160.0,127596015850.0,778742745410.0,,,2005200730.0,344289660450.0,1090867446510.0,215737401160.0,268378175160.0,294516000.0,215442885160.0,162793517820.0,357780,2022
,,,,,22975378820.0,,,,,,,,,,357780,2021
567616557960.0,415594767410.0,41816101290.0,44857503160.0,519302794640.0,,,938870360.0,507590063510.0,301334302840.0,91405728800.0,105421801800.0,37082000.0,91368646800.0,69902724550.0,064760,2025
563519610060.0,405757965820.0,33858787330.0,44574894540.0,516254748550.0,,,648760930.0,504149077550.0,275724843440.0,90758186740.0,105830428740.0,31971000.0,90726215740.0,71994036570.0,064760,2024
495503750970.0,334493109270.0,31762843210.0,35178759840.0,458270711980.0,,,700387820.0,446165040980.0,226652881530.0,75278818180.0,90361229180.0,27594000.0,75251224180.0,61244566660.0,064760,2023
480543059260.0,343235703460.0,44664321980.0,62254946330.0,416873645320.0,,,419279030.0,404767974320.0,319562836190.0,127941288760.0,142038610760.0,19492000.0,127921796760.0,94056447990.0,064760,2022
,,,,,,,,,,,,,,,064760,2021
3556166960330.0,1180372578480.0,414042445260.0,1328280103230.0,1313057157680.0,,,843580580000.0,958820001140.0,9061216107610.0,292765475730.0,827699475730.0,45609247000.0,247156228730.0,195263084520.0,282330,2025
3402590175980.0,1051821792850.0,324778558630.0,1296161749980.0,1184132956540.0,3200000000.0,,865962727000.0,830954981040.0,8698757469110.0,296298431090.0,811781431090.0,50949678000.0,245348753090.0,195217876190.0,282330,2024
3219078523110.0,978981168660.0,302293600930.0,1191297910770.0,1074453047720.0,10690000000.0,,890331414000.0,712263642460.0,8194753978890.0,295259199970.0,772805199970.0,46907891000.0,248351308970.0,195844952000.0,282330,2023
2946235271620.0,889900434320.0,268595922000.0,1102246622170.0,962627643770.0,13382033880.0,,815282532880.0,600078132180.0,7615769467740.0,282400848000.0,703387848000.0,28332074000.0,254068774000.0,193538863020.0,282330,2022
,,,,,20610000000.0,1092033880.0,,,,,,,,,282330,2021
1198423425940.0,569347286280.0,64784777070.0,462927733130.0,367480446230.0,266349405250.0,274397911090.0,547275929540.0,-117352655340.0,454794706610.0,-105261230400.0,-79359367850.0,18752212010.0,-124013442410.0,-132804248870.0,336260,2025
1179654638060.0,660567068890.0,137561652230.0,365954063560.0,498895839830.0,224141663660.0,227038592500.0,458333652210.0,14027107170.0,411783710400.0,9920587570.0,28063897820.0,20142643560.0,-10222055990.0,-10474726730.0,336260,2024
1070842523160.0,648072793250.0,50173401450.0,287371274260.0,512651877530.0,183002846610.0,193575736130.0,384110478010.0,26339809230.0,260886184000.0,5084866400.0,20487556070.0,17625547210.0,-12540680810.0,-8500099580.0,336260,2023
1026929716010.0,675719160880.0,31856872340.0,312667179970.0,523064425820.0,141390312470.0,127215538000.0,277795791340.0,37270664120.0,312148720810.0,9207255500.0,21541806480.0,4930728730.0,4276526770.0,3863590120.0,336260,2022
,,,,,,,,,,,,,,,336260,2021
487468886330.0,215351541280.0,12143208420.0,47711488500.0,391753766500.0,11000000000.0,45677778410.0,57215031360.0,356338452060.0,351115732340.0,66400589760.0,74216703760.0,634292000.0,65766297760.0,56917796570.0,095610,2025
381186883670.0,183222047830.0,11649701210.0,37380024930.0,330537992250.0,6000000000.0,10000000000.0,16429603490.0,319965713250.0,240077826420.0,49913889220.0,55643366220.0,78457000.0,49835432220.0,42653657300.0,095610,2024
321829824250.0,194321555880.0,20904046000.0,20856890850.0,298898674670.0,,,225939040.0,281342125330.0,146938072260.0,2283169260.0,7657081260.0,14687000.0,2268482260.0,1565979350.0,095610,2023
336518156050.0,188969635830.0,33677490800.0,27789255760.0,306670205950.0,,,380120000.0,289442772970.0,357991682570.0,54277797470.0,59715044470.0,8230000.0,54269567470.0,46766672130.0,095610,2022
,,,,,,,,,,,,,,,095610,2021
2651445897840.0,942218950010.0,325383761880.0,582824265870.0,1878678882040.0,186267116470.0,,380885439330.0,1618513539930.0,1933995926890.0,553513217360.0,647750828360.0,11675447000.0,541837770360.0,398531197360.0,383220,2025
2285904738680.0,636793849980.0,119832549320.0,522109298840.0,1562200168380.0,145635000000.0,,361063408400.0,1283354688590.0,1896009590080.0,489141076120.0,590316127120.0,11839989000.0,477301087120.0,360375370050.0,383220,2024
2005097998970.0,745614087210.0,219989971000.0,486850150910.0,1290515611900.0,30742799880.0,295000000.0,259357093360.0,987775520180.0,1978495535890.0,566493291600.0,640314413600.0,11545364000.0,554947927600.0,425073840970.0,383220,2023
1570179025400.0,601204892800.0,101981078820.0,575925566730.0,921480459210.0,194971850000.0,295000000.0,260717531710.0,625362435150.0,1808894546700.0,615668184900.0,695990339900.0,10473683000.0,605194501900.0,441758153400.0,383220,2022
,,,,,,,,,,,,,,,383220,2021
3822122467400.0,1960196420060.0,253539960710.0,833082759230.0,2830704457680.0,139178505630.0,14446152680.0,176637799770.0,2578245603700.0,3514315500090.0,226447965760.0,353828761760.0,8320120000.0,218127845760.0,170132973880.0,004370,2025
3597461570700.0,1743739590770.0,140894116580.0,678174791730.0,2672015203500.0,27272821000.0,144749125250.0,203118203580.0,2437443898460.0,3438730857990.0,223898711230.0,346565733230.0,6082805000.0,217815906230.0,157301500630.0,004370,2024
3234751426450.0,1419816691130.0,142899537580.0,696493722730.0,2430227733790.0,21629136000.0,14269146590.0,61063873330.0,2316234373380.0,3410559367250.0,234993988600.0,353049503600.0,3865576000.0,231128412600.0,171904567170.0,004370,2023
3034718535540.0,1208524614820.0,127900573250.0,616485543700.0,2304167408730.0,20954977000.0,20354830690.0,64239173880.0,2197469338750.0,3129065208080.0,161908427100.0,278300341100.0,3067828000.0,158840599100.0,116122101150.0,004370,2022
,,,,,,,,,,,,,,,004370,2021
584879159410.0,268825537020.0,182779167730.0,48369925360.0,506377712470.0,2244578000.0,10979267180.0,13921963750.0,429480985080.0,207764042790.0,107685668750.0,114538058950.0,412521720.0,107273147030.0,91684937180.0,031980,2025
513564423190.0,241142492380.0,121476311280.0,51738271290.0,431463424800.0,2224923000.0,13222072010.0,16384617430.0,352804678250.0,215508095000.0,117246937150.0,123264032050.0,353120950.0,116893816200.0,95820109990.0,031980,2024
401441877190.0,165192022070.0,87574515580.0,35094335250.0,341312404460.0,6000000000.0,13000000000.0,19814172250.0,273423163560.0,94716683940.0,48952928600.0,53600248600.0,26704000.0,48926224600.0,42696378640.0,031980,2023
328430995660.0,128409189480.0,46323707550.0,22197474140.0,282176616060.0,5000000000.0,12000000000.0,18086242000.0,241799371660.0,72790993360.0,34034036400.0,38694253400.0,131828000.0,33902208400.0,40757933000.0,031980,2022
,,,,,,,,,,,,,,,031980,2021
5259624597650.0,605709241690.0,87970654730.0,257457015580.0,4781079225610.0,81873215000.0,,98907118000.0,3048494035580.0,1457551700260.0,395193063880.0,431005170880.0,7954835000.0,387238228880.0,347229288100.0,000240,2025
5136426181870.0,749903811370.0,179387827350.0,484686609840.0,4452873418430.0,300988155000.0,,320916407000.0,2792248792570.0,1390995724540.0,408427414930.0,444349110930.0,17135538000.0,391291876930.0,350713050060.0,000240,2024
4640995961700.0,719088877690.0,196740517700.0,461942240380.0,4016691459370.0,317986741000.0,,339498907000.0,2543964004000.0,1089668057100.0,219948937690.0,253984581690.0,14344965000.0,205603972690.0,187234321150.0,000240,2023
4301818675780.0,531357795700.0,90685988330.0,285271955520.0,3856441131880.0,162404614000.0,,184784772000.0,2432332778840.0,1095895770440.0,251306655310.0,283051710310.0,4031291000.0,247275364310.0,166028417710.0,000240,2022
,,,,,,10680000.0,,,,,,,,,000240,2021
2306446623330.0,1191553161450.0,32068809370.0,1377318674310.0,733461083210.0,1001670045000.0,155395007000.0,1182391246000.0,78020590800.0,1066330738950.0,-30840534600.0,75963648010.0,74927533000.0,-105768067600.0,-101238300770.0,178320,2025
2103214252540.0,1141566418820.0,41112736180.0,884795098470.0,869989352040.0,527437460000.0,271243209000.0,828629636000.0,189477369120.0,1213752801430.0,167807599490.0,261327883080.0,49438668000.0,118368931490.0,84255873330.0,178320,2024
1520116356480.0,780088738370.0,16050215030.0,920013040520.0,498204311620.0,553409059000.0,78968671000.0,658466688000.0,106431071960.0,778694260990.0,44857519360.0,123176659100.0,44592425000.0,265094360.0,-22560751460.0,178320,2023
1384813849000.0,728789631070.0,18820691700.0,663136656070.0,539569713610.0,320571855140.0,148014068000.0,484809959140.0,136810453720.0,735988528830.0,59521887520.0,123869629430.0,29055158000.0,30466729520.0,1611190840.0,178320,2022
,,,,,,,,,,,,,,,178320,2021
428472044450.0,301441339740.0,42023986990.0,154577892700.0,257984198540.0,64058574990.0,,67126424020.0,148911284770.0,341670161920.0,16971451060.0,24360293240.0,2416240410.0,14555210650.0,9133325300.0,058610,2025
397514155960.0,267611617000.0,27975197830.0,118946486390.0,254135688480.0,58787639050.0,10000000000.0,73205490800.0,135148857360.0,388476767480.0,17274484700.0,24117823540.0,2958905940.0,14315578760.0,13113747070.0,058610,2024
346986705150.0,240766038580.0,32206836740.0,119409420920.0,218901833390.0,70564210310.0,,72489095430.0,116915005050.0,393785730790.0,16260814610.0,23078718940.0,3641357940.0,12619456670.0,10995238460.0,058610,2023
354343809610.0,244137631530.0,21692717150.0,130861125010.0,213492763690.0,82242424270.0,,85199907040.0,110979927370.0,440476416650.0,25244893500.0,32476746120.0,3328378910.0,21916514590.0,19682611030.0,058610,2022
,,,,,,10000000000.0,,,,,,,,,058610,2021
423990240000.0,86291891000.0,67742227000.0,355681557000.0,64081001000.0,74203699000.0,,79561385000.0,-625438623000.0,5158705000.0,-192476936000.0,-191692916000.0,89603000.0,-192566539000.0,-192587477000.0,950160,2025
222288124000.0,7415347000.0,802874000.0,71110719000.0,145903678000.0,10894219000.0,,17240335000.0,-441532456000.0,5073437000.0,-33804437000.0,-32995883000.0,89849000.0,-33894286000.0,-33798813000.0,950160,2024
134910381000.0,32030580000.0,27432527000.0,14303353000.0,114963380000.0,,,6475535000.0,-355249999000.0,3706059000.0,-16685392000.0,-15273676000.0,285823000.0,-16971215000.0,-17224364000.0,950160,2023
109889896000.0,63069983000.0,41562759000.0,11603669000.0,91488732000.0,,,7073517000.0,-332401231000.0,9456043000.0,-9449449000.0,-7784463000.0,371182000.0,-9820631000.0,-11136212000.0,950160,2022
,,,,,,,,,,,,,,,950160,2021
31117333049670.0,7994480522770.0,1870312010920.0,7673638328690.0,12584876918610.0,4442331827210.0,4957055835000.0,9614456155900.0,9043906535030.0,18483005314920.0,-2301645037440.0,-1068845175440.0,408395253000.0,-2710040290440.0,-2037135124080.0,011170,2025
34552330375050.0,8983401895060.0,2111786094940.0,8502342739010.0,14352322139450.0,5274174786080.0,5131249863000.0,10664153382360.0,11062434420780.0,19894809600090.0,-1859542570960.0,-568863734960.0,419721883000.0,-2279264453960.0,-1710507345750.0,011170,2024
33476310224540.0,9814399965940.0,2701527699210.0,6523537562710.0,15543126949900.0,4120034311730.0,5707730354000.0,10014144964750.0,12964760828850.0,19946396629900.0,-73383622080.0,1099202113920.0,378887652000.0,-452271274080.0,-50043098360.0,011170,2023
26784587810580.0,9466179970500.0,2809675585260.0,6384043035470.0,14445375783020.0,3880280968850.0,2287624483000.0,6324706350400.0,13138542501460.0,22276082763690.0,-242728982010.0,705188476990.0,149890258000.0,-392619240010.0,61593615420.0,011170,2022
,,,,,,,,,,,,,,,011170,2021
5519193378050.0,2334419879330.0,625567094480.0,1098261768120.0,1932141962000.0,334577026000.0,1327742942000.0,1938199592000.0,1479113724600.0,4468646269410.0,574932183770.0,767357160770.0,117216409000.0,457715774770.0,224306276500.0,081660,2025
5536390124620.0,2462449282230.0,683177037480.0,1233701673820.0,2005208821770.0,420945981000.0,1105173284000.0,1719552286000.0,1621428210720.0,4268743012830.0,442668543500.0,593541898500.0,103349830000.0,339318713500.0,84220106870.0,081660,2024
4980149550860.0,2241652636400.0,585613513340.0,1161274004710.0,1908158317090.0,442847213000.0,864302558000.0,1490987560000.0,1628922220410.0,4006627455510.0,365284340950.0,498151716950.0,87844610000.0,277439730950.0,42580467090.0,081660,2023
4821801377780.0,2293320102510.0,407410625940.0,1092677843040.0,1876563454130.0,377004043070.0,766903581000.0,1288884759070.0,1649916522750.0,4221750126620.0,488091375070.0,600556886070.0,34954258000.0,453137117070.0,343729858860.0,081660,2022
,,,,,,,,,,,,,,,081660,2021
7483097413930.0,1797888273550.0,294440001350.0,1995790785130.0,3284403082170.0,320732309000.0,299436416000.0,2609595478050.0,2757085900250.0,11957421688830.0,196091803130.0,931257803130.0,106861093000.0,89230710130.0,43432989490.0,007070,2025
7581643378910.0,1481155501470.0,93288757370.0,1898445971000.0,3206848365290.0,275821881000.0,503675570000.0,2843556881460.0,2713868885780.0,11579429708030.0,149376792250.0,910359792250.0,108441355000.0,40935437250.0,2547581460.0,007070,2024
10042015942610.0,1857061602040.0,431765530030.0,2688038587230.0,4058374418070.0,639550006000.0,431367231000.0,3271746487230.0,2773098762930.0,11134149356910.0,142775740230.0,864496740230.0,81713250000.0,61062490230.0,17678130360.0,007070,2023
9832423124840.0,1366113278310.0,390477299340.0,2173617697970.0,4049137721090.0,379947654000.0,705840421000.0,3237246930560.0,2809103996980.0,11031892705950.0,289879542510.0,985592542510.0,78177000000.0,211702542510.0,40438492170.0,007070,2022
,,,,,,,,,,,,,,,007070,2021
704649920200.0,295772307390.0,37521303950.0,80204074850.0,552973923820.0,23739459930.0,62775000000.0,86791826300.0,547533443930.0,336819637850.0,171052319890.0,185692885560.0,2420659000.0,168631660890.0,131935919640.0,214150,2025
608378808830.0,234201823220.0,22745070820.0,128903651300.0,453964808470.0,78813354150.0,11512116800.0,91111933610.0,336059467640.0,242938965370.0,129971640290.0,137189752860.0,2040647000.0,127930993290.0,97875278350.0,214150,2024
375443021750.0,185737483070.0,18336205410.0,29246386630.0,283500499660.0,2400000000.0,62000000000.0,65628082830.0,270984078030.0,180122798010.0,95800528380.0,100078167380.0,1958684000.0,93841844380.0,74225203190.0,214150,2023
331411108290.0,147788690720.0,26004485440.0,36225225300.0,229553857160.0,2400000000.0,64400000000.0,67898617070.0,204230326490.0,141803242400.0,99368284670.0,103267979890.0,2609848000.0,96758436670.0,75378647240.0,214150,2022
,,,,,,,,,,,,,,,214150,2021
195365962780.0,140851463790.0,6358594520.0,21326232130.0,149379304620.0,4215400000.0,17857000000.0,23286620000.0,-191586291910.0,14666854270.0,-11432255930.0,-8978624150.0,1819511000.0,-13251766930.0,-15742651450.0,226950,2025
71249226320.0,15534061430.0,3883390140.0,30060339320.0,17848889850.0,17012784000.0,21428400000.0,39192422000.0,-167785370300.0,5677151910.0,-36409416600.0,-33783237250.0,4661251000.0,-41070667600.0,-40658699590.0,226950,2024
102825049700.0,32141697710.0,11982762000.0,6563263920.0,49854507610.0,,35361637000.0,39357346000.0,-122910127560.0,17064275440.0,-14677881850.0,-12035934740.0,3491742000.0,-18169623850.0,-19101696120.0,226950,2023
132651479850.0,65045503730.0,4930267850.0,39543151650.0,65907391780.0,19230313030.0,20000000000.0,43996002030.0,-103224152270.0,9320323640.0,-26177314450.0,-24102778720.0,2930301000.0,-29107615450.0,-19495352380.0,226950,2022
,,,,,16405317220.0,,,,,,,,,,226950,2021
4329189509980.0,2763158539040.0,239069532140.0,1450288182760.0,2298131546590.0,648658951120.0,421550501110.0,1076175942900.0,1592225958100.0,5048580386630.0,272838104680.0,363151972190.0,37295991690.0,235542112990.0,147164434310.0,103140,2025
4096582596720.0,2561697235280.0,345191574360.0,1358506297390.0,2199301948900.0,587153049500.0,240024341520.0,833689118500.0,1490669299580.0,4554411454630.0,355750647390.0,445376845800.0,37444591430.0,318306055960.0,236045982790.0,103140,2024
3660628679310.0,2239437467040.0,407883024570.0,1352196007510.0,1965954520490.0,469192596500.0,227394357840.0,702706390620.0,1314983911410.0,4125263947250.0,240279803700.0,330980178230.0,39193237940.0,201086565760.0,156440326540.0,103140,2023
3395297191790.0,2013246003210.0,154823314950.0,1117973551090.0,1840035956450.0,669088114400.0,328672849360.0,1004100418530.0,1195084724030.0,4372982501220.0,252222508400.0,346953599590.0,32465007070.0,219757501330.0,175141185890.0,103140,2022
,,,,,,,,,,,,,,,103140,2021
3851415641250.0,2202155682120.0,1563677274760.0,1544688176520.0,1463109810460.0,79952101000.0,153350302600.0,288021513970.0,629904107920.0,2516233825220.0,157296367760.0,260709995760.0,25956172000.0,131340195760.0,32091574970.0,181710,2025
3193036597810.0,1418758452230.0,621779475370.0,878401421490.0,1451486782010.0,96032424000.0,175685019740.0,344613097750.0,324787947500.0,2456107865370.0,-101038492110.0,3427473120.0,28525058000.0,-129563550110.0,-132530342690.0,181710,2024
3449677276360.0,1537394896570.0,771671803080.0,888431380530.0,1631442093520.0,70655238000.0,179387339820.0,317101498900.0,523771133190.0,2269614866940.0,35699414830.0,129582285320.0,22736059000.0,12963355830.0,-8537569130.0,181710,2023
3025182021020.0,1348599755820.0,630550920360.0,746992786630.0,1693034624590.0,51368946000.0,45241709000.0,134485754000.0,579736424390.0,2114869816080.0,10516813990.0,89318872990.0,8995205000.0,1521608990.0,-32107181380.0,181710,2022
,,,,,,,,,,,,,,,181710,2021
8031885593890.0,2512989419400.0,625880321990.0,1894992246080.0,2928065570200.0,950041712410.0,1746500170000.0,3986028051560.0,2659559755420.0,7676318981990.0,452125576740.0,714163814740.0,137895774000.0,314229802740.0,235249768490.0,018670,2025
7604211081450.0,2465127691770.0,584522915230.0,2021018622980.0,2778660491000.0,991748101010.0,1617810369000.0,3827057785900.0,2494743875000.0,7095902060310.0,336796870030.0,500285515030.0,77144369000.0,259652501030.0,194021587560.0,018670,2024
6081811411170.0,2485113138780.0,493752033060.0,1460923784090.0,2581072226040.0,887147967570.0,1600605619000.0,2837610543650.0,2353048759590.0,6992257390850.0,515729866160.0,623437941160.0,77758073000.0,437971793160.0,316290615980.0,018670,2023
5831776891570.0,2581339370870.0,404791629640.0,1742517071820.0,2340895146240.0,1049602047690.0,1263209108000.0,2725631624110.0,2110153789890.0,8066169118260.0,362452552030.0,470495571030.0,57708575000.0,304743977030.0,257077747970.0,018670,2022
,,,,,,,,,,,,,,,018670,2021
5539548526340.0,2584843412500.0,574762190000.0,2263383931020.0,2029382614830.0,1110434948820.0,637332471780.0,1873405074770.0,122172781470.0,4701282075490.0,550907635030.0,855670635030.0,90892627000.0,460015008030.0,347392549360.0,073240,2025
5362836776660.0,2335000622130.0,207805561530.0,2258019237750.0,1720557575370.0,1148735509950.0,783437917850.0,2059409816860.0,-187039234430.0,4532177923970.0,574452526820.0,867524526820.0,141175390000.0,433277136820.0,324873519110.0,073240,2024
4830981257390.0,2002202864690.0,258508607090.0,1886332067670.0,1264366995330.0,929155934610.0,1256678520000.0,2244311859360.0,-476405610590.0,4041412157680.0,398906549140.0,672765549140.0,171775980000.0,227130569140.0,157773889750.0,073240,2023
4694985403480.0,1778414449840.0,173210443260.0,2342835848720.0,1126117850620.0,1490554475640.0,860809623000.0,2401308430990.0,-614340857090.0,3559158461840.0,19078853030.0,275798853030.0,103122562000.0,-84043708970.0,-78974358680.0,073240,2022
,,,,,,,,,,,,,,,073240,2021
2006130721470.0,1130911258220.0,371911660000.0,579367200070.0,1083840059790.0,349218723000.0,304175588220.0,667997372050.0,861609222710.0,1194144534560.0,135662351140.0,203884309480.0,22714008000.0,112948343140.0,99069889890.0,005290,2025
2016989003180.0,1082970678910.0,417387384040.0,722768727200.0,997465968220.0,523457945000.0,247369219940.0,792106021830.0,775554117470.0,1112812913020.0,198009860910.0,262881883950.0,26442385000.0,171567475910.0,154781909680.0,005290,2024
1606588027000.0,818373234030.0,272560514430.0,496221734470.0,805052351210.0,350143501000.0,234570880150.0,602452174120.0,628992461220.0,1309924437990.0,187827732160.0,243345137360.0,24884628000.0,162943104160.0,127314850800.0,005290,2023
1374303530090.0,826408327640.0,280458844740.0,531371591550.0,696844920590.0,336916905000.0,112691007490.0,467532105530.0,521015824100.0,1457214808300.0,225747626070.0,275848818880.0,14783664000.0,210963962070.0,159479059910.0,005290,2022
,,,,,,,,,,,,,,,005290,2021
1600348080120.0,447927418690.0,112551479630.0,274800694300.0,1080490634000.0,142362972100.0,138153316450.0,287170199550.0,1030138295320.0,883968714100.0,186806169670.0,240838984090.0,7264749000.0,179541420670.0,147278669940.0,014680,2025
1464678817150.0,348048080150.0,83682420420.0,272370414170.0,974318216000.0,155004279930.0,106151645450.0,267468394380.0,908748838980.0,776356975790.0,153102047550.0,204153074750.0,5328735000.0,147773312550.0,122679144710.0,014680,2024
1350979663140.0,367414633780.0,67090723190.0,247816973230.0,845517021250.0,132964799790.0,150418447400.0,289899926190.0,811266523750.0,771654641550.0,141383248920.0,194429382080.0,5790813000.0,135592435920.0,105346205720.0,014680,2023
1253310602630.0,386120253270.0,99069597710.0,153669789760.0,763481914000.0,22486950580.0,230839282000.0,259090226580.0,733897019180.0,885470791860.0,199246019330.0,248466439890.0,5008160000.0,194237859330.0,155126757560.0,014680,2022
,,,,,,,,,,,,,,,014680,2021
782566948560.0,372667911870.0,30546031670.0,164751571810.0,593442577190.0,76532666990.0,,78714490650.0,204242878780.0,331681282440.0,62759412800.0,92640493800.0,4036016000.0,58723396800.0,54991748140.0,237690,2025
721875709830.0,330078457410.0,63405167780.0,133281223060.0,503132372460.0,72216742900.0,43255118000.0,118141876330.0,159437430710.0,273751342840.0,50485069640.0,76067496640.0,7738485000.0,42746584640.0,34711730610.0,237690,2024
675436088580.0,348378134540.0,50097156250.0,83744630210.0,384550358510.0,29211241500.0,159688858000.0,192081589950.0,135729352110.0,284991652400.0,29459858460.0,52486557460.0,6105605000.0,23354253460.0,19581189740.0,237690,2023
570652265120.0,263233822480.0,50201065690.0,179223988710.0,337631831320.0,114147717010.0,16706600000.0,134520751680.0,126893255450.0,249321677970.0,22104869360.0,39705125360.0,2867836000.0,19237033360.0,18000015280.0,237690,2022
,,,,,,91451031000.0,,,,,,,,,237690,2021
11249807365000.0,3082239468000.0,279878097000.0,3733719359000.0,4549528552000.0,1562445504000.0,354494381000.0,2552340576000.0,3920130752000.0,4230320613000.0,215512700000.0,649400428000.0,92156865000.0,123355835000.0,207666979000.0,069960,2025
11217721674000.0,3046190875000.0,125922449000.0,3287978218000.0,4395369423000.0,1115040155000.0,730289241000.0,2434413851000.0,3753684056000.0,4187614464000.0,108302129000.0,536681920000.0,102199800000.0,6102329000.0,-35946510000.0,069960,2024
11712592639000.0,3117505675000.0,164051282000.0,3446694246000.0,4467517020000.0,1334314928000.0,887266701000.0,2844095514000.0,3907534501000.0,4207452895000.0,152317631000.0,576314085000.0,110695372000.0,41622259000.0,-79770106000.0,069960,2023
12069249655000.0,3115547999000.0,195003256000.0,3660251198000.0,4584342066000.0,1468249564000.0,795117963000.0,3028214709000.0,4029644230000.0,5014123629000.0,317021117000.0,677980779000.0,70309552000.0,246711565000.0,144080692000.0,069960,2022
,,,,,,,,,,,,,,,069960,2021
6995703461750.0,4653646084680.0,1464189666690.0,1059126366550.0,3015191834800.0,269787737030.0,125942535690.0,484905867280.0,2696696373980.0,4895010142960.0,832206576310.0,956609465310.0,24072999000.0,808133577310.0,367684364210.0,009970,2025
6576715632460.0,4372107678290.0,1273001203010.0,828777285830.0,2714895195380.0,47651980760.0,261227823580.0,394415773450.0,2342898222580.0,4306038171130.0,688004562940.0,804394483940.0,24020974000.0,663983588940.0,333959735240.0,009970,2024
6379343146100.0,4200038436110.0,1183867828810.0,1220665123120.0,2355456748090.0,471041365350.0,80864722330.0,641418015350.0,2064293850790.0,4355478262330.0,961293390870.0,1065241794870.0,24462411000.0,936830979870.0,371729592790.0,009970,2023
5490219711180.0,3589462887260.0,1000869586520.0,937917047910.0,2047851708910.0,264372047140.0,136390463650.0,470015227880.0,1746527033700.0,4533879205520.0,1097323109650.0,1196431869650.0,13921006000.0,1083402103650.0,440843105600.0,009970,2022
,,,,,,,,,,,,,,,009970,2021
219015700320.0,99847210660.0,9778103650.0,130492752780.0,66651648060.0,97363038850.0,7684519660.0,105802802460.0,-45494029070.0,139446734970.0,-20403009570.0,-14640672770.0,6833829000.0,-27236838570.0,-27972927770.0,010170,2025
209661318180.0,100943077260.0,8508464210.0,144703785610.0,40826257670.0,104613501490.0,13333330000.0,119200250460.0,-52675565590.0,152717431820.0,-46566114670.0,-38948845310.0,8237179000.0,-54803293670.0,-56038066430.0,010170,2024
234801808670.0,135981828190.0,16077374470.0,138546568220.0,76021262070.0,91919340570.0,15666650000.0,108884814670.0,-28325912560.0,180262763730.0,-22178672470.0,-14717101640.0,6631411000.0,-28810083470.0,-29456645320.0,010170,2023
252078532200.0,149413068050.0,13541672320.0,120153520170.0,105528082860.0,80608415410.0,19399044600.0,101335625170.0,-2402069130.0,190108508490.0,852904380.0,7210403120.0,3940433000.0,-3087528620.0,-3084071600.0,010170,2022
,,,,,,,,,,,,,,,010170,2021
1317071998320.0,721683914660.0,88494004910.0,812787642380.0,273040531600.0,263729853560.0,187062198790.0,457573102350.0,51555694890.0,385640769900.0,63554992660.0,90540441370.0,25502317860.0,38052674800.0,30721781360.0,475150,2025
731694676650.0,255027256240.0,66626822440.0,297066304660.0,241972753230.0,138301911540.0,145891794970.0,291837731510.0,21421020270.0,332151737220.0,46039348390.0,68444325870.0,18555456810.0,27483891580.0,22380995580.0,475150,2024
33503615741470.0,6229290633200.0,1303365061490.0,10071429836030.0,10999057243290.0,3111389126000.0,5485558368000.0,11928161846000.0,4705088945270.0,28970388263850.0,894351887590.0,2383627887590.0,517975000000.0,376376887590.0,136191668990.0,139480,2025
33930639265580.0,10429147031280.0,1775057447750.0,10804132770690.0,10390572925020.0,3165830560000.0,5749687592000.0,12501738073000.0,4638428011810.0,29020896860840.0,-111681365760.0,1516547634240.0,493730000000.0,-605411365760.0,-590019504440.0,139480,2024
33443865586470.0,6387789258330.0,1771232861620.0,10373853962120.0,11453432517300.0,3133972204000.0,4740463579000.0,11539805521000.0,5358573756530.0,29472247894450.0,205385120840.0,1801281120840.0,417674000000.0,-212288879160.0,-89092675610.0,139480,2023
33201721508710.0,5848734597530.0,1269147152210.0,9941710322980.0,11207533212600.0,2662626894000.0,4684580736000.0,10987930711000.0,5691336556240.0,29332413845880.0,1570024876280.0,3130770876280.0,317541000000.0,1252483876280.0,1029282329460.0,139480,2022
,,,,,,,,,,,,,,,139480,2021
1703560488130.0,1005829803890.0,145552915310.0,349939727480.0,1345765710530.0,,,14666305000.0,1335398314730.0,1576516811320.0,156433166700.0,221547674230.0,468335650.0,155964831050.0,124231434980.0,051600,2025
1690214811550.0,1051206546950.0,99727365840.0,347424669400.0,1328411823100.0,,,12333604000.0,1318557516230.0,1557085808530.0,225945236250.0,290228216110.0,699797180.0,225245439070.0,172438789900.0,051600,2024
1597333550830.0,968483212470.0,49082349360.0,318863253170.0,1272596248830.0,,,8068242000.0,1263818459460.0,1533850791490.0,211734378620.0,263643360270.0,817059920.0,210917318700.0,162677358110.0,051600,2023
1562022195340.0,868119118280.0,122574292280.0,317589686960.0,1215733064070.0,,,9549780000.0,1207413493130.0,1429074836450.0,135465588820.0,183084124230.0,865924260.0,134599664560.0,100181885210.0,051600,2022
,,,,,,,,,,,,,,,051600,2021
338455308700.0,112804927060.0,9476067000.0,109059245700.0,125844790870.0,76960208020.0,85285219000.0,163294803020.0,-48202120530.0,87135395380.0,-1712084550.0,4770700710.0,5602067030.0,-7314151580.0,792450240.0,032820,2025
265459207080.0,82988672850.0,10892774000.0,73265138810.0,111229851390.0,41999255290.0,63220454220.0,105913020510.0,-48587065180.0,71250184940.0,-714254140.0,4180392550.0,3521511700.0,-4235765840.0,-3573587880.0,032820,2024
190185191910.0,66053868960.0,12555532000.0,41542865060.0,103312342360.0,26251408460.0,30081814000.0,56484683460.0,-43630489390.0,63166127540.0,6488519530.0,10307237530.0,1973307000.0,4515212530.0,5029078840.0,032820,2023
162014196690.0,65775971470.0,13715296000.0,50477611960.0,95472396270.0,40034995800.0,2347690000.0,43273894800.0,-46174076050.0,49494570480.0,5892994170.0,9847832170.0,3027633000.0,2865361170.0,3370213820.0,032820,2022
,,,,,,,,,,,,,,,032820,2021
10490130570000.0,3543774977000.0,257146334000.0,1819375571000.0,4000146952000.0,539081146000.0,219549409000.0,942457247000.0,3401597150000.0,8091605017000.0,678122050000.0,938393858000.0,37394500000.0,640727550000.0,411983219000.0,005440,2025
10109981775000.0,3883009802000.0,255707095000.0,2024804779000.0,3369831487000.0,619387416000.0,50006250000.0,856653822000.0,3024465484000.0,7409277127000.0,775268182000.0,993103115000.0,36180144000.0,739088038000.0,698862577000.0,005440,2024
5051682271000.0,1197839036000.0,76551992000.0,866095197000.0,2702476114000.0,220204453000.0,,291466348000.0,2373456537000.0,2629493454000.0,775342287000.0,833778603000.0,12264567000.0,763077720000.0,1127285223000.0,005440,2023
3188881449000.0,1058080200000.0,56639517000.0,752414076000.0,1824133676000.0,188104480000.0,37415000.0,243152672000.0,1293207566000.0,1956998071000.0,-55953565000.0,19737862000.0,3956302000.0,-59909867000.0,58805352000.0,005440,2022
,,,,,,37224000.0,,,,,,,,,005440,2021
410335212870.0,308322946320.0,38350539830.0,61510896680.0,335165611050.0,,,16755506000.0,307787600020.0,232647218650.0,19288202560.0,33085385560.0,738345000.0,18549857560.0,14756087560.0,098460,2025
377932270490.0,284011001290.0,53545477530.0,36095207500.0,323168894800.0,,,15545263000.0,299166639620.0,202538127210.0,28641157150.0,41265177150.0,504019000.0,28137138150.0,20998990600.0,098460,2024
367212257800.0,272289910650.0,28145180290.0,39821272420.0,305317864960.0,,,19649633000.0,288347726290.0,225630691390.0,31277884680.0,43661470680.0,694034000.0,30583850680.0,21925959770.0,098460,2023
391686493020.0,286509847890.0,49880850740.0,58305668630.0,305174909930.0,6133000000.0,,28401664000.0,275351065550.0,275359587200.0,51018529590.0,63098835590.0,599034000.0,50419495590.0,39283548830.0,098460,2022
,,,,,,6133000000.0,,,,,,,,,098460,2021
1538053375300.0,1123261921780.0,215303777510.0,410566446540.0,1092384070190.0,0.0,,349051000.0,460805628250.0,1228128117600.0,320536281850.0,332104292850.0,8061963000.0,312474318850.0,248774797150.0,439260,2025
1349440184470.0,901913231620.0,314302067620.0,832103622330.0,453443097210.0,327011920780.0,,327361780690.0,212030831090.0,1075312196230.0,179218323870.0,191512334870.0,22809575000.0,156408748870.0,172651288140.0,439260,2024
812858702400.0,427037116950.0,68432707620.0,468247529380.0,171475941700.0,191165552840.0,153126790000.0,345395524950.0,39379542950.0,816373041480.0,43710073400.0,54777590400.0,15196608000.0,28513465400.0,38313478060.0,439260,2023
843224634630.0,472897394260.0,27963741800.0,533938360870.0,135029521090.0,62521016030.0,146084291590.0,209226295400.0,-728554043440.0,693679294670.0,-9354311890.0,595466110.0,14656163000.0,-24010474890.0,-10444323730.0,439260,2022
98024514210.0,45585908230.0,25573850000.0,79572430230.0,17194549710.0,9909506000.0,,11872925000.0,-178128780530.0,7909500390.0,-37265614060.0,-36277498060.0,1571931000.0,-38837545060.0,-34928862370.0,140410,2025
73997678710.0,41925551790.0,13616921000.0,26670294570.0,46062511800.0,,,1615841000.0,-143148358260.0,8611620880.0,-14233014600.0,-13275218600.0,300789000.0,-14533803600.0,-19476774570.0,140410,2024
92149353870.0,74243516260.0,40246152630.0,29615262750.0,61444362860.0,499577390.0,,2240567390.0,-123723165440.0,31720932230.0,-12164842920.0,-10618425920.0,315460000.0,-12480302920.0,-12728376380.0,140410,2023
54021841450.0,45897006830.0,29399067070.0,26080010640.0,26240052800.0,1062980110.0,,1062980110.0,-111052472620.0,30726176390.0,-35486153520.0,-33827846520.0,423444000.0,-35909597520.0,-36297830140.0,140410,2022
,,,,,932014090.0,,,,,,,,,,140410,2021
8769409589790.0,2875041281440.0,596631422270.0,1144204105340.0,3482154028030.0,256253631830.0,,345571794400.0,3077030884180.0,4623175217440.0,418379639650.0,698195576650.0,22568795000.0,395810844650.0,124038133580.0,002790,2025
8540521424200.0,2583268440600.0,564400797680.0,1138099827150.0,3335589438530.0,326194906060.0,,451621419390.0,3068987263940.0,4259886701990.0,719715248160.0,987236248160.0,29105898000.0,690609350160.0,252032886620.0,002790,2024
7631430777860.0,2750248646530.0,628997674830.0,856205498880.0,3323329617520.0,277108853360.0,,374149381230.0,2857681567040.0,4021343038940.0,370333190240.0,629520190240.0,16655920000.0,353677270240.0,119301620290.0,002790,2023
7651003801450.0,2566383546970.0,650066004910.0,851901945310.0,3356370904770.0,240913563550.0,,367216978680.0,2781774777160.0,4494956806650.0,302969389510.0,625674389510.0,14591000000.0,288378389510.0,62237028840.0,002790,2022
,,,,,,,,,,,,,,,002790,2021
349922446090.0,196653390740.0,75059752460.0,73353665640.0,225119915270.0,32966292990.0,42275197040.0,82563417580.0,162376461270.0,205613479880.0,41847131950.0,49692073950.0,622985000.0,41224146950.0,34475725850.0,140860,2025
274315476320.0,191151103810.0,93438772810.0,62937674210.0,187909793120.0,20101880680.0,15801012100.0,42131177830.0,131371730420.0,175059849420.0,48048704680.0,54456734680.0,818272000.0,47230432680.0,42803661810.0,140860,2024
201672528000.0,148106824170.0,70946860850.0,49664629590.0,143484613950.0,20838848870.0,470774700.0,27411884090.0,91336217400.0,144806376320.0,27421842960.0,32096457960.0,278751000.0,27143091960.0,24562474110.0,140860,2023
167049138770.0,126306643120.0,45148748620.0,39687594280.0,119463077700.0,10237623030.0,662088000.0,15656051500.0,69534652090.0,124522011400.0,32125117580.0,35838939580.0,243280000.0,31881837580.0,27984365810.0,140860,2022
,,,,,,,,,,,,,,,140860,2021
3216594965190.0,1641319307450.0,478878903500.0,1127761664800.0,1153059191960.0,430457547390.0,567088496340.0,1232530388020.0,554596896050.0,2931648581440.0,129411128640.0,297356171640.0,75539140000.0,53871988640.0,34701475320.0,112610,2025
3609483010970.0,1828066183450.0,359179652720.0,1480639888670.0,1148662127810.0,549393211880.0,655709362590.0,1437631613950.0,361280313420.0,3072529196690.0,241850112440.0,406586763440.0,70082922000.0,171767190440.0,142294111280.0,112610,2024
2869361277710.0,1367658586220.0,207120648760.0,1430899670800.0,896314034620.0,508851400520.0,303249871100.0,955263608050.0,240804508930.0,1520162115490.0,57786443890.0,133548794890.0,34360569000.0,23425874890.0,19380892100.0,112610,2023
1784106978440.0,1011217320280.0,191619255270.0,623838051510.0,879507164970.0,267127546010.0,173607328630.0,477527041230.0,242064509860.0,1374893318000.0,19346951570.0,84928438570.0,14720206000.0,4626745570.0,1907394800.0,112610,2022
,,,,,,,,,,,,,,,112610,2021
3587816549320.0,2880954863020.0,622369326470.0,1627926254380.0,1572341881320.0,4043255300.0,2869800000.0,289607698320.0,1689819080600.0,4546894943220.0,319821065570.0,404088603570.0,15096113000.0,304724952570.0,207545863910.0,030000,2025
3306550192960.0,2723977664900.0,705204567990.0,1564856744000.0,1457996568290.0,4189500000.0,,156712233270.0,1587141489590.0,4344256680950.0,323315706610.0,400348939610.0,9819844000.0,313495862610.0,207516530910.0,030000,2024
2889504607290.0,2372420112560.0,607166631390.0,1375033434070.0,1286558186550.0,,,172709116140.0,1503141447620.0,4138274796030.0,295717602130.0,370700575130.0,10894915000.0,284822687130.0,187301872830.0,030000,2023
2751445128070.0,2193979019960.0,541109537570.0,1335642465020.0,1212041643490.0,13956749250.0,,196505242440.0,1440647598090.0,4253367260000.0,307360046810.0,380894581810.0,6925018000.0,300435028810.0,193731654300.0,030000,2022
,,,,,12757601550.0,,,,,,,,,,030000,2021
366409360000.0,142971141000.0,26339571000.0,206178699000.0,132855533000.0,157000000000.0,20000000000.0,181995285000.0,2718737000.0,411470361000.0,2423457000.0,14624166000.0,6531547000.0,-4108090000.0,769523000.0,457190,2025
299546745000.0,140988568000.0,30003565000.0,164100834000.0,121654548000.0,116000000000.0,8000000000.0,129592998000.0,1383124000.0,332069863000.0,14096619000.0,24005872000.0,6662189000.0,7434430000.0,10511892000.0,457190,2024
217960142410.0,87504440400.0,12449823520.0,115394317920.0,94988539140.0,91000000000.0,,95799636090.0,-7655895420.0,117528614930.0,-6507052800.0,-1835545800.0,2830672000.0,-9337724800.0,-6205555770.0,457190,2023
1149099301310.0,444796131760.0,133874628880.0,135651555720.0,799102814390.0,0.0,56200000000.0,74728608290.0,550154897310.0,365564943730.0,-5152402000.0,18989853660.0,3835995000.0,-8988397000.0,-8414919230.0,263750,2025
1142821061450.0,453262511470.0,142826606740.0,133158155310.0,805974577840.0,0.0,81200000000.0,102427035360.0,558569816550.0,342384719850.0,84553881630.0,109744186220.0,6898178000.0,77655703630.0,60343569960.0,263750,2024
1212879314610.0,582758554410.0,235673154560.0,315870655490.0,724990449520.0,158136492420.0,70000000000.0,247717212980.0,498226246580.0,333484523000.0,34878366460.0,60927501450.0,12736800000.0,22141566460.0,15206477530.0,263750,2023
1222554846460.0,556502376180.0,159554832810.0,236211108930.0,699304047750.0,90000000000.0,221389807000.0,329045857890.0,482536006920.0,385680123800.0,-46525532260.0,-20828668520.0,9277545000.0,-55803077260.0,-42999565850.0,263750,2022
,,,,,,,,,,,,,,,263750,2021
1083335531790.0,781867400800.0,110121105320.0,95496738870.0,921190987210.0,,,63262908000.0,410501133050.0,294545937430.0,234359578630.0,240178596630.0,1313517000.0,233046061630.0,191430447690.0,462870,2025
803831909880.0,768171881980.0,289250436990.0,28585967110.0,764404135600.0,,,11152262670.0,219070685360.0,224084645610.0,179958665970.0,184451434970.0,1169984000.0,178788681970.0,147973272690.0,462870,2024
203918102460.0,177200980830.0,116136433400.0,11198987850.0,181058284730.0,,,9416271660.0,71097412670.0,168594168360.0,115226251450.0,117869882450.0,876964000.0,114349287450.0,106690578310.0,462870,2023
91904189240.0,69208558340.0,12415800550.0,40272032500.0,34120142890.0,,,7369933850.0,-35593165640.0,66072853790.0,-2434263360.0,91244640.0,906079000.0,-3340342360.0,-7133151980.0,462870,2022
814697175810.0,516174832500.0,94276230270.0,320140948410.0,488912211300.0,,,1800375000.0,295748532020.0,402396221900.0,160619013270.0,164384505270.0,127687000.0,160491326270.0,165101642050.0,071970,2025
494962962570.0,293886545650.0,59756968580.0,180908739580.0,309374582990.0,0.0,,2428533000.0,130299515340.0,315793988710.0,32043796460.0,35250804460.0,4341895000.0,27701901460.0,75775091630.0,071970,2024
454013908210.0,196470091900.0,33895601420.0,206642831000.0,225375915290.0,87419644000.0,,90775931000.0,55394623550.0,244368378750.0,24110458490.0,26670259490.0,5748184000.0,18362274490.0,31641504580.0,071970,2023
416290993850.0,165093772300.0,29656422200.0,184789558770.0,192136113880.0,96576875000.0,,100094743000.0,24172691910.0,177460633000.0,21960781010.0,23195437010.0,6478808000.0,15481973010.0,14143936940.0,071970,2022
,,,,,143360037000.0,,,,,,,,,,071970,2021
759440541950.0,470598232910.0,49871871390.0,283621839610.0,435963147350.0,142000000000.0,,161314833310.0,170221724350.0,536400308880.0,56380403010.0,78629305010.0,6667947000.0,49712456010.0,38751698960.0,068760,2025
669462477930.0,391673280910.0,45479669640.0,247650113120.0,396921556890.0,154884092110.0,,172171193000.0,132504870890.0,477835307770.0,37264796890.0,57357636890.0,7505504000.0,29759292890.0,21966117520.0,068760,2024
641643568130.0,364831000300.0,19710549630.0,249345550150.0,376665735370.0,153815734780.0,4333314840.0,162526657840.0,111524832370.0,388794335490.0,34499004100.0,54224027100.0,8290134000.0,26208870100.0,21264988850.0,068760,2023
599724549120.0,311917984740.0,31390934480.0,211998455480.0,356786546510.0,138571712530.0,21666574240.0,160697373240.0,91199344510.0,386039612590.0,36685557930.0,54104122930.0,6216884000.0,30468673930.0,25959948290.0,068760,2022
,,,,,,38999833640.0,,,,,,,,,068760,2021
830757375860.0,533696733320.0,59951352510.0,615333434380.0,177574660350.0,144462567430.0,,145431865470.0,56053873850.0,774116878910.0,86398255710.0,93514544710.0,6933174000.0,79465081710.0,65200167410.0,083650,2025
524776405780.0,247320460320.0,17607751780.0,379905605040.0,116361186860.0,125368814320.0,,126716570520.0,-8461007960.0,404741038600.0,6471304380.0,12529200380.0,10416514000.0,-3945209620.0,19600986360.0,083650,2024
425449541550.0,188080477200.0,13872465810.0,321135148950.0,73544421610.0,156200915100.0,,156670912270.0,-27177552010.0,367399208640.0,15371719900.0,25966582900.0,11546804000.0,3824915900.0,7512553380.0,083650,2023
449374334310.0,202231017430.0,23603234430.0,309895251950.0,49333302930.0,154185009380.0,57650654500.0,212209852750.0,-33972320370.0,330197109400.0,-11570347440.0,-1013983440.0,9204768000.0,-20775115440.0,-19121575310.0,083650,2022
,,,,,,42345325000.0,,,,,,,,,083650,2021
248727741910.0,223843829440.0,130518951600.0,68210696580.0,177197893550.0,,,407193000.0,115455123040.0,144411787530.0,28598768520.0,30355146970.0,1346362780.0,27252405740.0,26131635350.0,089970,2025
165703586110.0,150464460400.0,91960823410.0,39334613920.0,124300634400.0,,,578488000.0,89437980100.0,70277411560.0,-2690760660.0,-1032882060.0,1871606490.0,-4562367150.0,-3450671430.0,089970,2024
150925607230.0,140750658590.0,68173563340.0,26999626250.0,122174359920.0,,,1116221000.0,93011069380.0,26008551330.0,-6596094480.0,-4964784780.0,671701970.0,-7267796450.0,-6975273690.0,089970,2023
156634095070.0,145183788730.0,48143153450.0,37285419910.0,117911662660.0,,,1434715000.0,100014489880.0,141385258250.0,35244896290.0,36845355480.0,161446960.0,35083449330.0,27878178030.0,089970,2022
,,,,,,,,,,,,,,,089970,2021
7682530168360.0,2376244750240.0,263843934940.0,2245581733760.0,3927572301330.0,1502712537000.0,1060198919000.0,2646589115000.0,1467683954370.0,4873399491950.0,157994653740.0,417562813470.0,117025602000.0,40969051740.0,38285727510.0,120110,2025
7248051156060.0,2401813499300.0,252358773740.0,2357087607950.0,3645874111190.0,1572810368000.0,894597165000.0,2545533741000.0,1525039830420.0,4843003131260.0,228900198910.0,489656048020.0,107490294000.0,121409904910.0,98606106930.0,120110,2024
6002718764680.0,2288259192250.0,174054756470.0,2417412267430.0,2801455360400.0,1586717063000.0,533930330000.0,2211724509000.0,1502026413480.0,4734907182660.0,253977767340.0,503567410750.0,107296429000.0,146681338340.0,42755375140.0,120110,2023
6003463015990.0,2456933837730.0,203992024020.0,2651217278480.0,2609701734260.0,1746812733000.0,508972017000.0,2336945659000.0,1525808938160.0,5367473556070.0,239603201790.0,474677488760.0,69905631000.0,169697570790.0,179825662920.0,120110,2022
,,,,,,,,,,,,,,,120110,2021
633699354100.0,264156995710.0,42167522080.0,153794926290.0,215075576380.0,121667320000.0,254036067000.0,375917001880.0,148761904960.0,159128398400.0,19009282830.0,35103505360.0,11483177020.0,7526105810.0,9402064060.0,089030,2025
506220625650.0,156076110330.0,25482851150.0,218505563730.0,190751711430.0,164852721560.0,87725520000.0,252781051070.0,146226836990.0,185507171030.0,-27045238950.0,-14837734840.0,8372603190.0,-35417842140.0,-20881376650.0,089030,2024
485887420670.0,143794835260.0,13614104100.0,139213885140.0,216901700370.0,111791381940.0,120237750000.0,232260462520.0,172490179990.0,133604260260.0,-7211804850.0,3057403150.0,5674348000.0,-12886152850.0,-9309638650.0,089030,2023
488252355490.0,181278223630.0,23330438000.0,176912624630.0,231609836480.0,140466307000.0,55797570000.0,196583337070.0,187130538090.0,267491091320.0,46765091960.0,58013808960.0,4028059000.0,42737032960.0,32633844040.0,089030,2022
,,,,,,,,,,,,,,,089030,2021
7025106000000.0,3879503000000.0,1116473000000.0,2050549000000.0,3610648000000.0,479503000000.0,729642000000.0,1222666000000.0,2924081000000.0,8481561000000.0,230106000000.0,503600000000.0,48802000000.0,181304000000.0,99017000000.0,011210,2025
7075991000000.0,3966900000000.0,758404000000.0,2400075000000.0,3597615000000.0,767437000000.0,473063000000.0,1242750000000.0,2861696000000.0,8180886000000.0,238190000000.0,503806000000.0,60731000000.0,177459000000.0,120435000000.0,011210,2024
6825905000000.0,3733083000000.0,471826000000.0,1983908000000.0,3391637000000.0,522725000000.0,934748000000.0,1460677000000.0,2775489000000.0,8165581000000.0,189805000000.0,474307000000.0,76139000000.0,113666000000.0,91461000000.0,011210,2023
7546451000000.0,4267463000000.0,674426000000.0,2410435000000.0,3319072000000.0,991617000000.0,1225813000000.0,2221976000000.0,2719291000000.0,8207614000000.0,149749000000.0,470998000000.0,63686000000.0,86063000000.0,65416000000.0,011210,2022
,,,,,,,,,,,,,,,011210,2021
7777544153200.0,3544497805670.0,462412200800.0,2864765273860.0,3528034485550.0,1706103834550.0,920658109900.0,2771603603910.0,2437473088170.0,9583673896990.0,577057082190.0,884813409820.0,110246060000.0,466811022190.0,367034847340.0,006040,2025
7158211208880.0,3167813675840.0,355677146230.0,2420635326740.0,2796141886560.0,1163021852430.0,1190871730620.0,2504781085610.0,2138300246580.0,8944231939720.0,315894349900.0,620573926790.0,120050271000.0,195844078900.0,75281008550.0,006040,2024
7725142829290.0,3770743737250.0,637868932120.0,3070620309100.0,2696817031370.0,1703142345140.0,1276297004640.0,3118587168180.0,2102643322530.0,8948570757960.0,467909044390.0,760980387550.0,119356445000.0,348552599390.0,224959300010.0,006040,2023
7061179537450.0,3395834362540.0,540891026720.0,2682961819500.0,2520572352800.0,1218734331590.0,1236690303310.0,2602911732940.0,1916402410180.0,9026258367480.0,490630243880.0,789687815230.0,84875776000.0,405754467880.0,186478004390.0,006040,2022
,,,,,,,,,,,,,,,006040,2021
2208680587320.0,958897586980.0,105057534560.0,202276053400.0,1655962401430.0,118502707850.0,62854026880.0,198499268730.0,83680661840.0,677530806590.0,-187833389700.0,-94561782700.0,7315640000.0,-195149029700.0,-157547443190.0,020150,2025
2282023058450.0,1031452427820.0,418622510030.0,117640878980.0,1333628025230.0,18185243090.0,106825517750.0,149510549840.0,237455568160.0,902252020190.0,-2935350420.0,83171662580.0,13207331000.0,-16142681420.0,6299146300.0,020150,2024
2392246607930.0,1261999605050.0,551987465030.0,332800203150.0,1433495290840.0,196279128650.0,5652606930.0,227791011580.0,243418887390.0,809006057000.0,-24694536970.0,52269786030.0,12683452000.0,-37377988970.0,-32544101670.0,020150,2023
2430279801870.0,1436348000820.0,200611632210.0,176543818150.0,1459906206780.0,30871990960.0,184886007000.0,237708203960.0,293741117180.0,729362921820.0,75013118580.0,127666780580.0,14487688000.0,60525430580.0,43826759690.0,020150,2022
,,,,,,,,,,,,,,,020150,2021
23071072297330.0,5453937699830.0,1391291862100.0,6742334830990.0,6076323693810.0,3773429306000.0,4939982254000.0,9493160560000.0,3072175794640.0,15539626589470.0,-79428614230.0,887136385770.0,394755000000.0,-474183614230.0,-647552868590.0,004990,2025
22660277693890.0,5016589922670.0,1254824478880.0,6577895941550.0,6245033465110.0,3393320041000.0,4930981144000.0,9190927185000.0,3787124026370.0,15756975627170.0,-481339654540.0,480235345460.0,405283000000.0,-886622654540.0,-1018805985750.0,004990,2024
23160430746450.0,5854119649400.0,1579854555110.0,6727891073450.0,6849097344630.0,3555953826000.0,4755577240000.0,9109059066000.0,4976441921290.0,15159775895630.0,710059519690.0,1542843519690.0,336143000000.0,373916519690.0,-15357995330.0,004990,2023
22175416666050.0,5621713796060.0,1403904622230.0,6169727343820.0,7115179148630.0,3210916428000.0,4535514260000.0,8465751338000.0,5215185137550.0,14111852309170.0,709278555980.0,1431603555980.0,209418000000.0,499860555980.0,170760973530.0,004990,2022
,,,,,,,,,,,,,,,004990,2021
2930581550330.0,976898155390.0,211637229470.0,1010290486080.0,1020917894610.0,519286763430.0,739494889000.0,1371156153430.0,1108085690.0,2623491366880.0,-232876805860.0,-147105531850.0,47414054000.0,-280290859860.0,-212993280740.0,008770,2025
3813885971900.0,1410885750520.0,370379064990.0,1149968381270.0,1284309127650.0,330333459030.0,854227494000.0,1658227767030.0,223367485600.0,3947552203340.0,12537367520.0,144789942740.0,59552408000.0,-47015040480.0,-61504525830.0,008770,2024
3006538770200.0,1380242820700.0,411692316600.0,1188461899960.0,608462497100.0,339930271650.0,748823247000.0,1600080675650.0,304402826070.0,3568466181320.0,158964487740.0,286606473080.0,51595429000.0,107369058740.0,85978604050.0,008770,2023
2938544987430.0,1478831130030.0,534097781760.0,1305978509570.0,539753255110.0,459917770950.0,638820423000.0,1618179086950.0,242285584930.0,4922008727360.0,-17224448580.0,109126691420.0,42422864000.0,-59647312580.0,-50164249960.0,008770,2022
,,,,,,,,,,,,,,,008770,2021
1392548104180.0,652869010510.0,73492427020.0,383831359600.0,439819668840.0,157315858890.0,153230904240.0,311340505130.0,248678276460.0,1509725133070.0,70079713200.0,135380530500.0,14543152000.0,55536561200.0,47251782000.0,007810,2025
1255382149190.0,576776531760.0,136879192950.0,291371896550.0,379014576460.0,79331783190.0,214508354090.0,295140820280.0,203815933100.0,1406956573660.0,-145427025760.0,-33425481030.0,12970167000.0,-158397192760.0,-125918414000.0,007810,2024
1236457010700.0,522355070370.0,89526523550.0,242749230940.0,431994437620.0,52462279300.0,205907531620.0,260065905920.0,330705703880.0,1332234444240.0,-18226395500.0,76344996250.0,8223777000.0,-26450172500.0,-36606982000.0,007810,2023
1293448547100.0,558131417900.0,70567632090.0,298814701540.0,477240710290.0,46600235660.0,172539433060.0,221828466720.0,368284273670.0,1596875152120.0,101599064790.0,155685174620.0,2067402000.0,99531662790.0,68642814000.0,007810,2022
,,,,,,,,,,,,,,,007810,2021
2007711293860.0,980488931070.0,364611980590.0,497220002830.0,1002623745970.0,13753502400.0,,97985242750.0,618477909580.0,1174934814150.0,373173337450.0,440442460450.0,5468134000.0,367705203450.0,347212781570.0,041510,2025
1419108143780.0,814044282090.0,358354939410.0,484572824700.0,664797589610.0,13064649000.0,,102310568200.0,319853541280.0,989725343110.0,31520206810.0,93453007810.0,5441008000.0,26079198810.0,18310151470.0,041510,2024
1540973937390.0,858315612310.0,303139916930.0,519297109950.0,722506620160.0,46852720000.0,16620000.0,143293889880.0,365353916780.0,961069716540.0,124601989240.0,182615183240.0,5689362000.0,118912627240.0,87297073920.0,041510,2023
1463023492470.0,841444752210.0,317520426410.0,467445334450.0,696720800740.0,8546657000.0,49860000.0,106914529350.0,306363321430.0,850769309130.0,121267050320.0,182109104320.0,4354680000.0,116912370320.0,79989415510.0,041510,2022
,,,,,,,,,,,,,,,041510,2021
739037054370.0,463477613490.0,73563614650.0,64510889140.0,628072916390.0,,34931969000.0,36723704190.0,76572001790.0,244205074550.0,11152676100.0,20831258100.0,112427000.0,11040249100.0,8356327490.0,060370,2025
254269530600.0,163704383660.0,78467105870.0,43728878050.0,208157112790.0,,,1651926540.0,73939678710.0,130279123720.0,16876686400.0,25733713400.0,22095000.0,16854591400.0,13203271840.0,060370,2024
146727764280.0,66766809090.0,34242981960.0,23890964400.0,122630218290.0,,,297809000.0,64697019430.0,70779250390.0,14524068140.0,20987070140.0,14278000.0,14509790140.0,11617864030.0,060370,2023
120254641710.0,88573490660.0,70081029540.0,7573052780.0,112370190540.0,,,331772000.0,54436991540.0,42787326600.0,-15167114650.0,-4357976650.0,10341000.0,-15177455650.0,-12126087000.0,060370,2022
,,,,,,,,,,,,,,,060370,2021
2453082000000.0,1258882000000.0,332206000000.0,1491810000000.0,669629000000.0,358416000000.0,43798000000.0,480083000000.0,-1408011000000.0,1999705000000.0,62601000000.0,91281000000.0,35352000000.0,27249000000.0,51434000000.0,097230,2025
2204429000000.0,1073183000000.0,207128000000.0,1555136000000.0,343448000000.0,451925000000.0,25000000000.0,557525000000.0,-1462760000000.0,1885962000000.0,45176000000.0,73649000000.0,41896000000.0,3280000000.0,5343000000.0,097230,2024
2890585000000.0,1727429000000.0,350257000000.0,2125811000000.0,340793000000.0,656520000000.0,25785000000.0,771707000000.0,-1532564000000.0,2162073000000.0,-63178000000.0,-39027000000.0,40223000000.0,-103401000000.0,-114008000000.0,097230,2023
2567697000000.0,1430318000000.0,102233000000.0,1418222000000.0,385056000000.0,70785000000.0,580428000000.0,840788000000.0,-1408225000000.0,1788163000000.0,-8055000000.0,12164000000.0,43572000000.0,-51627000000.0,-50162000000.0,097230,2022
,,,,,,,,,,,,,,,097230,2021
172536488870.0,78686123220.0,49118598840.0,44393446870.0,128084777860.0,22185680000.0,,22453506000.0,7635671480.0,37859245040.0,-3673266730.0,-2239486630.0,34745000.0,-3708011730.0,-2537179500.0,323280,2025
79613977950.0,33588382260.0,11043034040.0,22129721050.0,40982352280.0,7200000000.0,15500000000.0,22905452000.0,10172850980.0,59212420040.0,7387691290.0,8759278650.0,324174000.0,7063517290.0,5968175090.0,323280,2024
56975793240.0,31141529830.0,9979131020.0,24877740440.0,30890434690.0,9500000000.0,,9786141000.0,4204675890.0,33338955320.0,-779790980.0,247772840.0,430406000.0,-1210196980.0,-1416588750.0,323280,2023
55834143870.0,33019541680.0,4618577770.0,22165407850.0,32393504290.0,10500000000.0,,10699940000.0,5621264650.0,61247953340.0,876097120.0,1962846750.0,365260000.0,510837120.0,-457379000.0,323280,2022
,,,,,,1038291170.0,,,,,,,,,323280,2021
239277069520.0,184472267780.0,39782117970.0,8167135150.0,211003350240.0,,20000000000.0,20000000000.0,106002393170.0,52434995930.0,16079623850.0,16864919850.0,713995000.0,15365628850.0,15452197330.0,420770,2025
229667851350.0,179556078960.0,20148144650.0,3855833390.0,205694783030.0,,20000000000.0,20000000000.0,100699055450.0,26133336210.0,5057469280.0,5841914280.0,653525000.0,4403944280.0,3412006430.0,420770,2024
225856375300.0,145221231140.0,30592812180.0,12837589780.0,212614532290.0,,,,107618804710.0,91422516770.0,35013634770.0,35719863770.0,,40261808190.0,32663084520.0,420770,2023
141452986450.0,122945609180.0,17534204070.0,38191679270.0,100361451700.0,,,,84408318120.0,99727656930.0,34069939910.0,34679951910.0,133409000.0,33936530910.0,27750570930.0,420770,2022
,,,,,,,,,,,,,,,420770,2021
581089727260.0,218336146170.0,29570550920.0,250306459030.0,250773860750.0,180654329020.0,26214247760.0,208800310070.0,141066746050.0,231577035770.0,127978366130.0,137235472130.0,10639244000.0,117339122130.0,90961039080.0,043260,2025
367331808050.0,189750127710.0,36916097650.0,167849424700.0,142384044810.0,124245494710.0,37055511300.0,163170833320.0,49902859430.0,207326568060.0,19774468140.0,26716373140.0,6664696000.0,13109772140.0,7961931160.0,043260,2024
269874614730.0,166800638550.0,47585265590.0,142854598450.0,101150866370.0,98670025840.0,15471928030.0,114222514870.0,20447461720.0,208061479020.0,29221268780.0,34490708780.0,6287291000.0,22933977780.0,17692361060.0,043260,2023
232120601320.0,153252733650.0,36753095980.0,98699485120.0,82989704710.0,53874049580.0,42549130430.0,96711016010.0,3098288000.0,153575649260.0,-2759451440.0,3356356560.0,2821538000.0,-5580989440.0,-4192458470.0,043260,2022
,,,,,,,,,,,,,,,043260,2021
3914568488210.0,1703305066300.0,232872225510.0,916929899510.0,1943429767140.0,409244127000.0,851943417010.0,1289382369010.0,1265335340070.0,3651585276950.0,132057222610.0,258373758970.0,44257908000.0,87799314610.0,56196198010.0,001430,2025
3826646864040.0,1712680355630.0,263554899330.0,1137233323820.0,1939752530390.0,552360622000.0,490203017000.0,1065750548000.0,1263599731870.0,3636063257690.0,57629291640.0,174597523880.0,34405804000.0,23223487640.0,20236627790.0,001430,2024
3665171000620.0,1664235509200.0,97264808990.0,749296026180.0,1955393700400.0,271264145000.0,613150288000.0,910624962000.0,1289734985960.0,4083481175920.0,188242584010.0,293543963210.0,32958654000.0,155283930010.0,128258301770.0,001430,2023
3818404052050.0,1809109415040.0,136897186910.0,1025589889990.0,1885615784810.0,407274183000.0,548600412000.0,988520023000.0,1218771552190.0,4386332748540.0,141790673120.0,252036808470.0,26123744000.0,115666929120.0,90976319980.0,001430,2022
,,,,,,,,,,,,,,,001430,2021
703775464000.0,160044574000.0,109546970000.0,116831209000.0,437076674000.0,60950000000.0,139500000000.0,228839612000.0,292216972000.0,303874072000.0,13217160000.0,180365576000.0,11756545000.0,1460615000.0,1510043000.0,131970,2025
787696560000.0,113602076000.0,64992696000.0,183136544000.0,437666508000.0,131687011000.0,135547656000.0,319730963000.0,292945481000.0,373117930000.0,44712427000.0,233478865000.0,14806580000.0,29905847000.0,36781312000.0,131970,2024
763115310000.0,125288353000.0,78967797000.0,139355060000.0,403637415000.0,70443100000.0,193375000000.0,319539759000.0,258800205000.0,338652255000.0,60126289000.0,227912433000.0,15318737000.0,44807552000.0,49077382000.0,131970,2023
767016734130.0,107927202620.0,44878880720.0,275679314420.0,309834022030.0,127149121800.0,152975000000.0,336919990620.0,219881359530.0,277655937550.0,67266757850.0,191258781850.0,6184733000.0,61082024850.0,52333033780.0,131970,2022
,,,,,,,,,,,,,,,131970,2021
1969723238240.0,287899841300.0,100930526340.0,565296950610.0,999715698860.0,401148394580.0,69460369660.0,486897211380.0,572140390870.0,622991604240.0,85810429850.0,135592652850.0,19385036000.0,66425393850.0,27383644780.0,030530,2025
1890071698730.0,363038309670.0,56867595640.0,574057113200.0,968328801980.0,432353639230.0,38069850000.0,485378807770.0,543207545240.0,645472610480.0,-30201944530.0,17908026470.0,20560178000.0,-50762122530.0,-74531295720.0,030530,2024
1852064797440.0,307924934630.0,74012202690.0,344245698550.0,1043729468630.0,239406770370.0,138000000000.0,393839175060.0,620514266740.0,749527050130.0,8568798550.0,53055621550.0,18236465000.0,-9667666450.0,-26193192840.0,030530,2023
1815525982800.0,363309799710.0,76627111970.0,462128565770.0,1072775024150.0,347562033060.0,6416660000.0,369728202050.0,648454064550.0,881011689230.0,136321324460.0,186201570460.0,7657183000.0,128664141460.0,101820685500.0,030530,2022
,,,,,,,,,,,,,,,030530,2021
74731473440.0,28873608970.0,16767416000.0,8701255840.0,63029885330.0,5000000000.0,,7802986290.0,-74186681990.0,20734613570.0,-2566205820.0,-738509820.0,200491000.0,-2766696820.0,-2838308810.0,007390,2025
71997508750.0,42039040990.0,28370705740.0,4123539810.0,64624400670.0,0.0,,1783681170.0,-72136705160.0,32333908150.0,1522967250.0,3422648250.0,168037000.0,1354930250.0,1226158100.0,007390,2024
68398678560.0,40621895250.0,29891504070.0,4214230650.0,61419188330.0,0.0,,2314966720.0,-73159193880.0,19350887020.0,-10423595650.0,-8673024650.0,1147128000.0,-11570723650.0,-11680328640.0,007390,2023
94021004310.0,67162791210.0,31255994670.0,35752449160.0,57158171840.0,24324035000.0,,25531252490.0,-61090487710.0,21252018170.0,-6591919400.0,-5259703020.0,1723709740.0,-8315629140.0,-6813585330.0,007390,2022
,,,,,,,,,,,,,,,007390,2021
5040792000000.0,1834729000000.0,448415000000.0,1784897000000.0,2023759000000.0,706834000000.0,969340000000.0,1847282000000.0,756483000000.0,6745127000000.0,125239000000.0,285610000000.0,64120000000.0,61119000000.0,49821000000.0,001740,2025
5157129000000.0,2006679000000.0,443956000000.0,1964539000000.0,2054203000000.0,999216000000.0,880677000000.0,2047294000000.0,759358000000.0,7657281000000.0,125287000000.0,676881000000.0,96054000000.0,29233000000.0,47835000000.0,001740,2024
9110359000000.0,2371454000000.0,337251000000.0,3908393000000.0,2128179000000.0,2217197000000.0,2252594000000.0,5162595000000.0,858288000000.0,7453479000000.0,91493000000.0,909180000000.0,84809000000.0,6684000000.0,-711000000.0,001740,2023
9499259000000.0,2703209000000.0,355941000000.0,3567813000000.0,2254394000000.0,1533280000000.0,2477386000000.0,5039524000000.0,982696000000.0,9426160000000.0,227965000000.0,1080733000000.0,122855000000.0,105110000000.0,86440000000.0,001740,2022
,,,,,,,,,,,,,,,001740,2021
6183410426050.0,1977889740940.0,353427526400.0,707468257930.0,2463569687390.0,189500000000.0,,224194140510.0,952142765000.0,3393126199450.0,483475958010.0,748566240930.0,5478089000.0,477997869010.0,120991845510.0,001800,2025
5933196336140.0,1735604960260.0,535398625640.0,707188930330.0,2370781238350.0,150148616410.0,,185323541520.0,877878955000.0,3195245858430.0,649253685620.0,906502297470.0,4833946000.0,644419739620.0,160636402910.0,001800,2024
5138300057880.0,1684449259390.0,404731530780.0,514479147560.0,2196519341330.0,95812743550.0,,111914384330.0,763524076000.0,2953806265850.0,434136334200.0,699798885360.0,6996034000.0,427140300200.0,85624031640.0,001800,2023
5102168431190.0,1584060873910.0,630770041350.0,663512598080.0,2164536524070.0,175881307740.0,,193671307040.0,719371054000.0,2934623360630.0,427713352180.0,702424167650.0,6547723000.0,421165629180.0,102966522180.0,001800,2022
,,,,,,69890942000.0,,,,,,,,,001800,2021
491338506590.0,397720053850.0,42324432070.0,259569038120.0,209188487670.0,136212586870.0,,138199866060.0,97716326440.0,960056115150.0,67457507560.0,74705961560.0,6320813000.0,61136694560.0,42064947280.0,229640,2025
488677147540.0,385022153100.0,31221911930.0,284024081290.0,183406928550.0,168000084740.0,,170062441710.0,61827132280.0,868966083140.0,55068503810.0,62300357810.0,6981714000.0,48086789810.0,31238497160.0,229640,2024
408424609720.0,308177177440.0,23875776790.0,247178066170.0,145365960350.0,153527039690.0,,155641175190.0,36754844390.0,731067866970.0,21397717020.0,29082534020.0,12805032000.0,8592685020.0,4129886410.0,229640,2023
506732778040.0,404088248820.0,24790489330.0,343442230120.0,148065888590.0,182387602850.0,,183695094870.0,40396852420.0,818494728190.0,3271588000.0,10934294000.0,8343231000.0,-5071643000.0,-1916058700.0,229640,2022
,,,,,,10000000000.0,,,,,,,,,229640,2021
10339205686280.0,2766670108480.0,307146405590.0,3125807103840.0,4145790841560.0,1117789903000.0,1024406971000.0,3868355829160.0,1524687025030.0,12284652471280.0,498492127100.0,1153032230100.0,168807872000.0,329684255100.0,242080917610.0,000120,2025
9743855522380.0,2783266786860.0,277178323230.0,2996783656300.0,3948805108000.0,1074501773000.0,983637899000.0,3505772391090.0,1325383720310.0,12116761147160.0,538909010670.0,1160711522670.0,160562856000.0,378346154670.0,248485572980.0,000120,2024
9357587266740.0,2488306558130.0,290135224980.0,2622292399930.0,3603882204240.0,691976615000.0,1156632659000.0,3217789872800.0,1112394483630.0,11767893663260.0,478106644810.0,1057290328810.0,153135194000.0,324971450810.0,224803078900.0,000120,2023
9693299818260.0,2956459492590.0,582914148940.0,3108759801790.0,3570744925420.0,1316083054000.0,1021830961000.0,3603914383770.0,924838724880.0,12130712862370.0,403743276340.0,915823728340.0,118399466000.0,285343810340.0,181552551810.0,000120,2022
,,,,,,,,,,,,,,,000120,2021
7599100705540.0,4718349193560.0,884034771730.0,3291628138080.0,3212755613170.0,1724295131880.0,779289450000.0,2578483945880.0,1315238382840.0,4147006988790.0,283892588700.0,334386588700.0,70453693000.0,213438895700.0,158148718410.0,294870,2025
7461863865850.0,5380387938710.0,824527529070.0,3510023081330.0,3114585393890.0,1768567063970.0,531834295000.0,2375318471970.0,1199240028800.0,4256233201780.0,255694637370.0,313783637370.0,55407644000.0,200286993370.0,155717171970.0,294870,2024
7016268809820.0,4987269549530.0,558231008370.0,3147575788570.0,3008017194690.0,1599090160950.0,495185546000.0,2180221566950.0,1097331087280.0,4190788148340.0,282472330690.0,342249330690.0,45450658000.0,237021672690.0,173069618730.0,294870,2023
7336326609370.0,5442547023550.0,564304695780.0,3459125496450.0,2894173774520.0,1861492762100.0,644592756000.0,2602349726100.0,974007432900.0,3298299641730.0,183932234210.0,230078234210.0,63009795000.0,120922439210.0,50367009070.0,294870,2022
,,,,,,,,,,,,,,,294870,2021
456637114140.0,139188276970.0,30887981150.0,237795171920.0,198223908010.0,82415489000.0,4020104100.0,92199298100.0,99335571290.0,85476414990.0,-154168134150.0,-145933881150.0,5865732000.0,-160033866150.0,-138174717180.0,290650,2025
472149604370.0,130188857870.0,18286628160.0,154708280370.0,280901810300.0,98603028000.0,20064760000.0,123900252000.0,218745649190.0,72032432110.0,143042783080.0,149796935080.0,3221085000.0,139821698080.0,141595744540.0,290650,2024
262230105850.0,130357498860.0,14949457660.0,101838386770.0,146944834680.0,79320388470.0,541320000.0,82134201470.0,83592511600.0,65926844210.0,69439192360.0,75093604360.0,6173056000.0,63266136360.0,48361014770.0,290650,2023
199725162710.0,64283982660.0,6591992950.0,18738036310.0,97952027190.0,9674104120.0,70565287000.0,81944604120.0,36865429370.0,52572492150.0,7639473430.0,12147225430.0,3076147000.0,4563326430.0,4544175310.0,290650,2022
,,,,,,,,,,,,,,,290650,2021
12187613804660.0,1672688302000.0,788037020130.0,4367995913120.0,746011964120.0,1439205645170.0,186345299450.0,6441098044100.0,-1810526002810.0,7266849939980.0,-81748247840.0,925928839160.0,339049662000.0,-420797909840.0,-283040150600.0,020560,2025
13449903474130.0,2804786445000.0,778368375220.0,4983192846000.0,895887715930.0,1459288445340.0,159610170410.0,6692097020040.0,-1462711221780.0,8318567228710.0,-145653542270.0,1006860218730.0,415879804000.0,-561533346270.0,-419231418100.0,020560,2024
13016745781130.0,2149808880000.0,312484818350.0,5435521833220.0,680006234170.0,1806761627250.0,1232545250.0,6665295988200.0,-862181539720.0,7623348347360.0,568943458710.0,1573492219710.0,426646582000.0,142296876710.0,113908049990.0,020560,2023
13455341411790.0,2844322554850.0,586949610660.0,5976436038600.0,691204933680.0,2853955054920.0,1294172500.0,7736927669940.0,-850766243080.0,6206669334670.0,398792271370.0,1388656863370.0,406492256000.0,-7699984630.0,110446533180.0,020560,2022
,,,,,,,,,,,,,,,020560,2021
229853200870.0,198957801700.0,15192017090.0,38975969500.0,181307409040.0,15485219910.0,,15617927590.0,-90855131690.0,99838669220.0,55055593730.0,56703919970.0,2268237340.0,52787356390.0,52343085510.0,039200,2025
170778209860.0,141218953840.0,13106075270.0,34779293080.0,127755760640.0,13617482670.0,,13815789150.0,-142863107070.0,34007602680.0,-32540430.0,1906176810.0,1085458520.0,-1117998950.0,876526890.0,039200,2024
132578400080.0,102428703640.0,7951488600.0,34849044300.0,98918425620.0,6187740000.0,,6351993760.0,-143629598200.0,4950929990.0,-31876902480.0,-30020079930.0,406635910.0,-32283538390.0,-24279525960.0,039200,2023
143735698270.0,107871877880.0,5523656490.0,18574495830.0,122508361950.0,9670460000.0,187740000.0,10084967600.0,-119188666880.0,5062376490.0,-27666621210.0,-25900645140.0,316400160.0,-27983021370.0,-24429544990.0,039200,2022
,,,,,,563220000.0,,,,,,,,,039200,2021
1235797418830.0,798780082050.0,225571649510.0,170750544780.0,1015447544130.0,76073887570.0,232000000.0,129932094140.0,1088325048800.0,474231586050.0,60903705510.0,130912302510.0,4468463000.0,56435242510.0,48274770360.0,096530,2025
1216856336100.0,757834136240.0,259696958380.0,161440193230.0,990203625570.0,75761857530.0,763483130.0,143593478030.0,1076501810550.0,414251733220.0,-3625048120.0,67544846880.0,5800457000.0,-9425505120.0,-8759518720.0,096530,2024
1251451913630.0,783486389020.0,190340921720.0,162153145530.0,1027700851360.0,75865951270.0,1423427120.0,141763877460.0,1123925628430.0,367375048980.0,4308712880.0,70019981880.0,5722133000.0,-1413420120.0,669011750.0,096530,2023
1390777557470.0,902505570560.0,521348354700.0,170193575730.0,1147771416900.0,80494297350.0,2168393220.0,159185398870.0,1162977237890.0,853561091240.0,230586444240.0,288529641240.0,5027018000.0,225559426240.0,182138620710.0,096530,2022
,,,,,,,,,,,,,,,096530,2021
530430417280.0,386078140810.0,36512084030.0,95540370200.0,417784216570.0,1999980000.0,14724000000.0,17915423990.0,247060483660.0,492659873670.0,44238584660.0,56699595660.0,359874000.0,43878710660.0,41676678800.0,322000,2025
453774373430.0,318190545430.0,140390287710.0,70005020110.0,369683769350.0,2666640000.0,10331980000.0,15090170410.0,205185843480.0,422371216350.0,-1490585720.0,9553058280.0,1061725000.0,-2552310720.0,114228440.0,322000,2024
502056913850.0,361109469820.0,104929856970.0,105253368900.0,371556913080.0,25575988000.0,20666550000.0,48330107910.0,204974034910.0,546119805990.0,-125667320.0,13826239680.0,3312378000.0,-3438045320.0,-2863877610.0,322000,2023
652825960030.0,490181755890.0,68760683480.0,237448773010.0,381533148850.0,40340839000.0,28142700000.0,71336438820.0,214991899810.0,984812413120.0,76770832070.0,87282396070.0,1827796000.0,74943036070.0,60610132000.0,322000,2022
,,,,,,,,,,,,,,,322000,2021
5739089251360.0,1980890226450.0,78332153320.0,2569416118260.0,1564865456680.0,1214832707410.0,989685550320.0,2239773898510.0,876407438340.0,7694843720860.0,194964573460.0,502590573460.0,84125000000.0,110839573460.0,10814653780.0,298020,2025
4724182664940.0,2034208124250.0,98108789410.0,2328368322760.0,1458970619290.0,908332127860.0,388314639170.0,1318087418210.0,907063828160.0,7776065076840.0,276840081860.0,543607081860.0,63649000000.0,213191081860.0,134541835220.0,298020,2024
4070471419190.0,1856066709150.0,100628602680.0,1881749200820.0,1274635104520.0,874278231440.0,405063966770.0,1306674208650.0,827699725630.0,7526918824210.0,208082330670.0,455865330670.0,85096000000.0,122986330670.0,93196991500.0,298020,2023
4319879312470.0,2143068335970.0,103107214740.0,2184964278980.0,1222692723800.0,1187670498600.0,409770538460.0,1624110196490.0,779977482680.0,8882729665180.0,92224603770.0,329366245770.0,61566000000.0,30658603770.0,11591355470.0,298020,2022
,,,,,,,,,,,,,,,298020,2021
827498687930.0,256897395260.0,67697035370.0,283635194880.0,334379444710.0,168648554180.0,138766821980.0,309094273890.0,119230882080.0,471564293540.0,34928533230.0,75832631230.0,15687224000.0,19241309230.0,5311668690.0,093370,2025
826277280540.0,292759671560.0,54898711130.0,335420634730.0,326536149540.0,250446250380.0,146200000000.0,398752529900.0,114271790080.0,437795018980.0,-96338239190.0,-51783787190.0,18615018000.0,-114953257190.0,-69357619380.0,093370,2024
853376951920.0,255501368170.0,27797408720.0,335279574920.0,312505770470.0,233085295670.0,168592692300.0,402960564990.0,183406262420.0,523191899190.0,-70453975330.0,-18496108330.0,18417046000.0,-88871021330.0,-53917254660.0,093370,2023
933755417030.0,345182994320.0,78961316450.0,381174152610.0,366254425690.0,213491414350.0,121771250000.0,335778040880.0,239483409940.0,610564329260.0,146641220820.0,196563113820.0,13219379000.0,133421841820.0,97048992140.0,093370,2022
,,,,,,,,,,,,,,,093370,2021
2971095184890.0,1370387734840.0,49372311050.0,1145802792160.0,1217477204970.0,608748035750.0,253501182570.0,982143898840.0,796529450360.0,1991279093820.0,14966208580.0,102621208580.0,50297235000.0,-35331026420.0,-4673833010.0,006280,2025
2743875851970.0,1201833945080.0,22563430290.0,769474794980.0,1252644924130.0,377920903260.0,339505945460.0,828142276180.0,815335639810.0,1679891941470.0,-670491850.0,80363675150.0,40439237000.0,-41109728850.0,-26280215150.0,006280,2024
2643313917480.0,1039149087770.0,49706128320.0,868916638860.0,1300236293690.0,518260118610.0,84890698000.0,724021850750.0,872988969840.0,1626643815820.0,1348424270.0,77247424270.0,28483187000.0,-27134762730.0,-26631783140.0,006280,2023
2525537081260.0,980437888870.0,105365807600.0,540738447300.0,1328122429370.0,187416000000.0,278796832000.0,575543478720.0,903467120910.0,1711312739530.0,104120550930.0,169216550930.0,18392691000.0,85727859930.0,65453133850.0,006280,2022
,,,,,,,,,,,,,,,006280,2021
9328302981410.0,4684644294930.0,1423478736820.0,3188131192140.0,2771998158380.0,610631918270.0,2038592887310.0,3065393101980.0,2170180641280.0,16706309561510.0,329882668960.0,734879668960.0,127033000000.0,202849668960.0,141810366260.0,001120,2025
8930865616210.0,4576965060000.0,1217957460870.0,3397095815000.0,2660265136880.0,875758976780.0,1490275023540.0,2817983506340.0,2099915540880.0,16637572685160.0,584721117070.0,948473117070.0,124299000000.0,460422117070.0,175694960420.0,001120,2024
7995340730860.0,4033775460670.0,1138908037970.0,2608427815090.0,2272161864250.0,444846799710.0,1761127694850.0,2547104865920.0,1965716222520.0,14514349869120.0,458989997060.0,772565997060.0,116192000000.0,342797997060.0,117082888980.0,001120,2023
7719007333620.0,4482204749190.0,1550674815270.0,2935026255680.0,2261186289110.0,582971996410.0,1343899524750.0,2196591296600.0,1966092349410.0,18759549404030.0,1192253692770.0,1424674692770.0,59066000000.0,1133187692770.0,515223865630.0,001120,2022
,,,,,,,,,,,,,,,001120,2021
600479162230.0,468440203500.0,29178984800.0,65578141380.0,530239452120.0,,,2020507350.0,340675168450.0,382856574350.0,67518683530.0,84435087880.0,127930000.0,67390753530.0,53392149110.0,281820,2025
549141198730.0,419989369460.0,82237959400.0,61889881460.0,481848727950.0,,,2628029260.0,297133904900.0,385433971360.0,66605144760.0,82893640110.0,190212000.0,66414932760.0,52685900040.0,281820,2024
499951266110.0,372677828170.0,54244852720.0,42090154280.0,452613440700.0,,,4170095740.0,248100215840.0,286909703420.0,43120987250.0,58306453800.0,205643000.0,42915344250.0,31700589250.0,281820,2023
483313331790.0,352610756590.0,16056659180.0,52326466000.0,425985366690.0,,,4367209190.0,221472141830.0,378192950170.0,70625973380.0,85983043610.0,134174000.0,70491799380.0,55385938670.0,281820,2022
,,,,,,,,,,,,,,,281820,2021
123036511340.0,54991641640.0,40430705640.0,48075438000.0,68592952210.0,37504736000.0,5000000000.0,43312175000.0,-102574284070.0,19316467820.0,-14305031800.0,-11540013230.0,2140125260.0,-16445157060.0,-16445157060.0,127120,2025
54386406580.0,14275051920.0,4748561140.0,27143520700.0,25029674150.0,17659176000.0,,19140901000.0,-86288468120.0,15907717170.0,-10232615570.0,-8600185850.0,569073160.0,-10801688730.0,-10801688730.0,127120,2024
38757552040.0,14486203410.0,6568253610.0,8923972650.0,26277552340.0,1000000000.0,2385000000.0,4323353000.0,-74961055650.0,21948990480.0,-5337750010.0,-3810388000.0,258183730.0,-5595933740.0,-5595933740.0,127120,2023
43506963600.0,18698303670.0,10732721850.0,10501761740.0,27890286710.0,1000000000.0,5000000000.0,6086282000.0,-68862592100.0,16981077510.0,-8017505640.0,-6125293920.0,59215000.0,-8076720640.0,-7781507520.0,127120,2022
,,,,,,,,,,,,,,,127120,2021
2362799296070.0,732358000730.0,168941641590.0,588823499090.0,1006093316940.0,276775710860.0,550560568130.0,829389986310.0,833595362050.0,1570891005320.0,204308629350.0,255381078350.0,12475490000.0,191833139350.0,195855574630.0,069620,2025
1976977110510.0,612792473970.0,102950420000.0,629415583930.0,794639762000.0,321495492940.0,324477599570.0,649249156440.0,635674486940.0,1422683296380.0,63536848230.0,112515244230.0,6986368000.0,56550480230.0,24734510690.0,069620,2024
1770310792990.0,574824299440.0,111506188290.0,695532720100.0,767303245360.0,372368361590.0,65000000000.0,441269967100.0,618864080200.0,1375328744870.0,135602167700.0,179399019700.0,13602904000.0,121999263700.0,121738683170.0,069620,2023
1563340613710.0,548968363650.0,102951259950.0,472831460360.0,608017372160.0,233672798330.0,204839998000.0,446711064550.0,504294308940.0,1280091851010.0,46735201950.0,86429865950.0,8405545000.0,38329656950.0,42239518340.0,069620,2022
,,,,,,,,,,,,,,,069620,2021
660395440180.0,207999290540.0,87095348550.0,325513797750.0,253700541090.0,284058754000.0,48799520650.0,334838590650.0,88491718060.0,254613180230.0,32249352780.0,48683884780.0,9744751000.0,22504601780.0,20660576490.0,078600,2025
622950058760.0,175050332240.0,82058402880.0,315426510530.0,226893316500.0,255859595000.0,51463333340.0,308073587340.0,69328603570.0,219316249770.0,52342285850.0,63964767850.0,5738898000.0,46603387850.0,36871517500.0,078600,2024
413411034480.0,112826280950.0,41429132970.0,246992902260.0,155138456990.0,229265222380.0,,229726619380.0,32457086070.0,184988881820.0,8830272250.0,17835530250.0,9302099000.0,-471826750.0,695072590.0,078600,2023
327888921200.0,128041011540.0,66805291570.0,195973478510.0,118875160770.0,184439770400.0,,184903071400.0,33237673870.0,174098407320.0,9462011970.0,16697440970.0,8032520000.0,1429491970.0,998572400.0,078600,2022
,,,,,,72638484340.0,,,,,,,,,078600,2021
370836626050.0,252219509420.0,24374505830.0,34530438310.0,330489870730.0,1945621760.0,,3620367800.0,284710382330.0,243082541130.0,72459352260.0,84705647260.0,187158000.0,72272194260.0,56924763440.0,082920,2025
317852058040.0,237675367510.0,27993082650.0,32826959990.0,283013473100.0,240234750.0,,632164630.0,238001325540.0,210779361830.0,64686530460.0,78877126460.0,195652000.0,64490878460.0,51260348090.0,082920,2024
256291153040.0,170294950620.0,35565396770.0,22357010300.0,231746217960.0,4048110670.0,,4257827380.0,192511169900.0,176220480960.0,44612655870.0,55738893870.0,594841000.0,44017814870.0,36054568900.0,082920,2023
237181520630.0,145305922930.0,46550174550.0,49103607670.0,185704149890.0,19082480720.0,,19488149740.0,161057917400.0,140980940370.0,29313987910.0,40043983910.0,799116000.0,28514871910.0,23111882460.0,082920,2022
,,,,,,,,,,,,,,,082920,2021
851090190170.0,496447845290.0,294471835820.0,206243158440.0,620597911260.0,,,9346486000.0,532624244530.0,821854634610.0,223524274630.0,244773231180.0,171203000.0,223353071630.0,160561918470.0,035900,2025
678782059890.0,362268599890.0,190613227740.0,174828773090.0,478598990180.0,,,9562316000.0,389528327040.0,601787883330.0,136358801590.0,151023029700.0,201928000.0,136156873590.0,97758616770.0,035900,2024
571533446140.0,368755808500.0,217189672860.0,154345051750.0,394021893920.0,,,10040102000.0,310800033060.0,566500542870.0,155937273420.0,166992372800.0,264408000.0,155672865420.0,105466839210.0,035900,2023
411122310130.0,237105821040.0,139647280320.0,101383995470.0,300557951070.0,,,3492630000.0,217546377620.0,345892110210.0,94210938390.0,100255634800.0,90358000.0,94120580390.0,67483723820.0,035900,2022
,,,,,,,,,,,,,,,035900,2021
631824856420.0,331351162420.0,68851763000.0,249012263110.0,252723282040.0,135931153320.0,29565810520.0,171952831800.0,173747282890.0,640929072770.0,81430358670.0,97942380670.0,3542693000.0,77887665670.0,45439905660.0,241710,2025
517949507830.0,255492679360.0,53811476000.0,170560154770.0,218410742830.0,88282699870.0,25806359950.0,122404820640.0,132311983810.0,524328644680.0,70791448560.0,88589775560.0,3197150000.0,67594298560.0,42800069450.0,241710,2024
432625587070.0,221214079600.0,32941025000.0,154576730600.0,169533203520.0,77758769880.0,27774161810.0,108723199910.0,100229787410.0,470719111290.0,50122908190.0,66894468190.0,4020865000.0,46102043190.0,22319254220.0,241710,2023
392755634290.0,186758079260.0,26017634000.0,142988836380.0,146654088070.0,81091847270.0,34741959400.0,120950263790.0,77887364300.0,399399237900.0,10045064740.0,26768915740.0,3672213000.0,6372851740.0,2656041830.0,241710,2022
,,,,,,,,,,,,,,,241710,2021
546184500780.0,301875402070.0,109923743270.0,75953289920.0,339119824850.0,13679706000.0,47548452000.0,65554470800.0,203273960390.0,185803786320.0,39948213620.0,48172694620.0,2113252000.0,37834961620.0,28656794170.0,218410,2025
482949216870.0,317854211710.0,110774176940.0,95043343480.0,308937706890.0,38557366000.0,18157724000.0,61027187280.0,127159254010.0,114875963020.0,29902008650.0,38229299650.0,4906349000.0,24995659650.0,25659652070.0,218410,2024
509399445970.0,332901346740.0,80905734810.0,168002509430.0,287553279000.0,91929384000.0,10938274630.0,103590614890.0,104089515340.0,111432998770.0,12931444810.0,20540929810.0,5579850000.0,7351594810.0,17437207460.0,218410,2023
473338210540.0,339879606420.0,85437258000.0,94654050910.0,271675750090.0,45958660000.0,68424279000.0,115443613410.0,99233840720.0,108032898600.0,8467074750.0,15505792750.0,4507707000.0,3959367750.0,2785293680.0,218410,2022
,,,,,,,,,,,,,,,218410,2021
721100349930.0,187224446020.0,34975008560.0,211337181530.0,496843668430.0,132737681000.0,,133242873930.0,94822101050.0,456295847100.0,5079884670.0,19586304570.0,7001418020.0,-1921533350.0,-522850670.0,005070,2025
784541943950.0,288406338970.0,1979379780.0,270240677900.0,495532641180.0,169822054000.0,5999960000.0,176945711950.0,98589082890.0,569728589070.0,21079668440.0,35142695970.0,1085547840.0,19994120600.0,17647535990.0,005070,2024
672673343820.0,295505274300.0,60397391930.0,161698738710.0,478782330130.0,36933400000.0,18133240000.0,56296000930.0,81678800400.0,629578773080.0,32525982830.0,48493024870.0,3526860480.0,28999122350.0,27036287900.0,005070,2023
451321116580.0,208828977840.0,34053765020.0,150762393210.0,251204096930.0,74633411610.0,33333280000.0,110001387540.0,58491633440.0,485605243550.0,38450364150.0,54388985450.0,2878022640.0,35572341510.0,27697027960.0,005070,2022
,,,,,,43320019000.0,,,,,,,,,005070,2021
95356892120.0,77436651910.0,4166536780.0,31570234460.0,63634142970.0,12330908000.0,,12626699430.0,11709624770.0,95638566400.0,8603765210.0,9150047210.0,3718787000.0,4884978210.0,170261020.0,347700,2025
38081606100.0,26138072040.0,1514715790.0,21108716960.0,16190607020.0,1886575000.0,,2018031070.0,11710775850.0,85428150950.0,11025419070.0,11048876070.0,157650000.0,10867769070.0,8606552130.0,347700,2024
19032964250.0,9953875080.0,5349024770.0,8466137060.0,8975354600.0,3124564000.0,,4852085900.0,-44677957570.0,1651462850.0,-9512626270.0,-8150065270.0,1668646000.0,-11181272270.0,-11264104620.0,347700,2023
26133983740.0,16899538860.0,7570652550.0,14505248580.0,9571359360.0,5400475000.0,,7661012400.0,-33364957620.0,2818919830.0,-2093493030.0,-950477030.0,1255245000.0,-3348738030.0,-3348738030.0,347700,2022
,,,,,,4098977000.0,,,,,,,,,347700,2021
3641076426470.0,1501272831870.0,412685029860.0,1047644993440.0,2074266342950.0,603256434030.0,186473980690.0,861100020070.0,2033132647420.0,3674545422000.0,141207299140.0,328677717140.0,29380114000.0,111827185140.0,69218019890.0,007310,2025
3597403088290.0,1478843336530.0,330729499620.0,1028844274970.0,2053882013240.0,571114990590.0,193882915860.0,837044497390.0,2011200716440.0,3539120882890.0,228324059010.0,418681654010.0,39270311000.0,189053748010.0,136697686650.0,007310,2024
3496482529060.0,1450698715570.0,324550590210.0,904873432130.0,1934531240840.0,503578486630.0,349741006190.0,901827819960.0,1913374884100.0,3454548477400.0,267601615400.0,450137544400.0,47616492000.0,219985123400.0,160331319200.0,007310,2023
3569760859060.0,1482195978640.0,241038293660.0,1219292102720.0,1817452308030.0,790087288070.0,234076005910.0,1065184144610.0,1797032296950.0,3183314853660.0,302862620940.0,444540284940.0,19342477000.0,283520143940.0,274541102770.0,007310,2022
,,,,,,,,,,,,,,,007310,2021
202098988830.0,91117640160.0,20800190550.0,20611974560.0,131150739230.0,3482800000.0,48134563000.0,52927547750.0,81262168110.0,95041722240.0,8614053300.0,12671690300.0,764130000.0,7849923300.0,10408364690.0,437730,2025
140292826670.0,94293156970.0,10184209380.0,20997060790.0,114987284880.0,2653550000.0,3069760000.0,6330777440.0,52438981770.0,100447699050.0,7902667830.0,11494276830.0,511194000.0,7391473830.0,8372723670.0,437730,2024
94859740690.0,55147211470.0,6014860640.0,43934837450.0,48583541970.0,20298440000.0,1623310000.0,22080764750.0,44480583790.0,99848743010.0,10570707000.0,13521023000.0,793951000.0,9776756000.0,9449803380.0,437730,2023
80455070330.0,39800184570.0,7822192690.0,38131597090.0,39650787490.0,24466680000.0,1881750000.0,26527781110.0,35547829490.0,68617808560.0,3436337620.0,6209166620.0,391403000.0,3044934620.0,3322524020.0,437730,2022
,,,,,,,,,,,,,,,437730,2021
1043222615760.0,607408699280.0,57866929670.0,424082810370.0,580170310430.0,85783640000.0,24959525000.0,116595142000.0,454119351830.0,908810220280.0,137955697230.0,168545361230.0,6092089000.0,131863608230.0,101743537470.0,017960,2025
878968656770.0,460862507650.0,57565061280.0,369175880880.0,474286350790.0,53163252000.0,18062850000.0,76400159000.0,294860829550.0,741740847190.0,33496967460.0,59987612460.0,5057760000.0,28439207460.0,20321351760.0,017960,2024
792428141670.0,398235937930.0,66697909040.0,297371682880.0,454654105510.0,104482375000.0,31304800000.0,138339644000.0,278294987870.0,594417384370.0,-2537108170.0,14724836830.0,4526311000.0,-7063419170.0,-13449428130.0,017960,2023
585333635410.0,289181527680.0,53576755400.0,156343344960.0,404167834360.0,45171420000.0,15953495200.0,63893034200.0,299947161270.0,369270866020.0,29813631930.0,43322536930.0,913530000.0,28900101930.0,20260871260.0,017960,2022
,,,,,,,,,,,,,,,017960,2021
4391860994000.0,586506133000.0,408979015000.0,657440954000.0,2601445266000.0,591630708000.0,1097240539000.0,1691417326000.0,-161513581000.0,261874278000.0,-291393414000.0,-149426432000.0,32428511000.0,-323821925000.0,-211417928000.0,361610,2025
4150138152000.0,549927364000.0,276251163000.0,927962757000.0,2324557015000.0,820479541000.0,888163840000.0,1711360176000.0,49766030000.0,217864619000.0,-288696613000.0,-132254558000.0,24638858000.0,-313335471000.0,-246615236000.0,361610,2024
4083815083000.0,894364683000.0,538288578000.0,717942082000.0,2411660766000.0,475513162000.0,940239726000.0,1417613527000.0,297008664000.0,648322214000.0,136500629000.0,291419465000.0,19605457000.0,116895172000.0,82158003000.0,361610,2023
3497335365000.0,853496751000.0,462679884000.0,452456607000.0,2174673266000.0,162244973000.0,868078762000.0,1031674232000.0,216864048000.0,585798633000.0,-13776088000.0,142143455000.0,20817180000.0,-34593268000.0,-29681042000.0,361610,2022
,,,,,,,,,,,,,,,361610,2021
2746168414770.0,1060908594840.0,172038879700.0,249647772900.0,2435737106780.0,842860000.0,,67581572000.0,2000782341220.0,1752682647750.0,125577203040.0,289944577040.0,7802383000.0,117774820040.0,106092942010.0,004000,2025
2713850667210.0,1045870950810.0,298477570280.0,177757081950.0,2368686673100.0,764365000.0,,198468654000.0,1933110278110.0,1670545189880.0,33192717560.0,192542297560.0,7140448000.0,26052269560.0,36380501670.0,004000,2024
2682930419570.0,1346557688270.0,460888466720.0,282045873670.0,2383205649080.0,713295000.0,,22242975000.0,1952366775640.0,1768621115720.0,253605486350.0,392167734350.0,837237000.0,252768249350.0,182031600490.0,004000,2023
2709845870580.0,1316299182250.0,577991129170.0,397000732480.0,2294218530300.0,1351200000.0,,21830898000.0,1862488386230.0,2463759308090.0,160651310950.0,284294113950.0,571375000.0,160079935950.0,146159072720.0,004000,2022
,,,,,,,,,,,,,,,004000,2021
1847861880550.0,940582811000.0,569919505890.0,91297734950.0,1185854990030.0,,,21925750570.0,1009282139450.0,719897452500.0,242748743420.0,262857759330.0,1662145590.0,241086597830.0,131254556340.0,192080,2025
1646281734980.0,893303167550.0,545550269670.0,57225048180.0,1131377820150.0,,,25752978210.0,701818251500.0,633474235680.0,317144144080.0,329551919300.0,2331055230.0,314813088850.0,187182055810.0,192080,2024
1288624909150.0,583328215660.0,298475758640.0,63234236980.0,871584935140.0,19976763000.0,,49346133310.0,531161941690.0,582333575000.0,246636398780.0,255340100310.0,2297655310.0,244338743470.0,149063499990.0,192080,2023
1235636097980.0,572610729330.0,302722786820.0,205744395680.0,729442152360.0,29956447880.0,19952365000.0,59287469840.0,399142311350.0,617262019510.0,-288730177020.0,-276390812020.0,3632814000.0,-292362991020.0,-132222938940.0,192080,2022
,,,,,48849315070.0,49833946000.0,,,,,,,,,192080,2021
2096931315990.0,486306674330.0,91406200850.0,592580366650.0,1328398567350.0,360930103250.0,143861481000.0,522338201010.0,274832798860.0,1063151055390.0,106949938970.0,152703661970.0,15627428000.0,91322510970.0,75699812620.0,195940,2025
1889575171540.0,385467722760.0,45361233420.0,463964828220.0,1251377196900.0,270000000000.0,149629552000.0,438919846750.0,207685156410.0,897141915170.0,86402427030.0,126140185030.0,14667793000.0,71734634030.0,61580192960.0,195940,2024
1847990747050.0,432831283780.0,107745393970.0,595013296470.0,1203646389840.0,408893561820.0,20000000000.0,451206969510.0,106541640850.0,828908232820.0,63884019100.0,102650116100.0,18717995000.0,45166024100.0,47198998990.0,195940,2023
1803108141480.0,408415207960.0,110637251520.0,432157268600.0,1164221376240.0,262737980800.0,189766920000.0,456918652740.0,94113593250.0,846521700630.0,52885593540.0,87728332540.0,15067885000.0,37817708540.0,38134319440.0,195940,2022
,,,,,,,,,,,,,,,195940,2021
346448665310.0,256086529980.0,16750908330.0,146014269430.0,121694272050.0,26689643370.0,,26856478360.0,70349184310.0,624542487400.0,12162298940.0,19742404940.0,2346399000.0,9815899940.0,8776112730.0,006340,2025
226992976370.0,167968538290.0,2599929590.0,89009008710.0,113845590700.0,19058754780.0,8781249000.0,27913842200.0,61133271720.0,552777321370.0,11569470290.0,14706192290.0,1899166000.0,9670304290.0,6794390390.0,006340,2024
234871662220.0,191351571520.0,12853289840.0,122508949570.0,100324043900.0,31775074240.0,,31854264360.0,56611447460.0,515401908390.0,14899164380.0,18188958380.0,3036977000.0,11862187380.0,9612692000.0,006340,2023
245958532470.0,200914428400.0,4594234000.0,142834595590.0,91598885750.0,31619822120.0,1200000000.0,32880887160.0,47905021600.0,562428058270.0,3906138150.0,7165487150.0,2010600000.0,1895538150.0,1354066000.0,006340,2022
,,,,,,,,,,,,,,,006340,2021
3034061166090.0,805074972430.0,129285266020.0,687437455890.0,1868385838030.0,416384247770.0,337958156000.0,796837312170.0,918027195460.0,1423859619110.0,141331298940.0,223765183940.0,27103947000.0,114227351940.0,74200361240.0,300720,2025
2988334569490.0,868324491310.0,227182406460.0,582312093260.0,1719460569890.0,268653650740.0,413466080000.0,741661839260.0,907642217430.0,1741671258100.0,267989683640.0,343213205640.0,27465180000.0,240524503640.0,184052294150.0,300720,2024
2867925364370.0,856337708560.0,195623239950.0,535736987380.0,1587044591770.0,172985191310.0,457954821000.0,682207133290.0,782130435060.0,1799500983410.0,249510050260.0,310087969260.0,23583963000.0,225926087260.0,170154620370.0,300720,2023
2460836871890.0,630383484040.0,124660309620.0,485429196790.0,1448276222020.0,220271222390.0,246424121300.0,520723558290.0,657519397750.0,1487574712510.0,132031472480.0,190859973480.0,16000004000.0,116031468480.0,78793499000.0,300720,2022
,,,,,,,,,,,,,,,300720,2021
12182144221510.0,2912100568000.0,1148320161490.0,2409846279860.0,4021543844050.0,1422974217000.0,4026838230000.0,5589170499520.0,6266147913360.0,5326721292280.0,284682853380.0,776645853380.0,301461000000.0,-16778146620.0,-88007769780.0,000210,2025
12535315407580.0,2878649711740.0,877558519480.0,2641617003400.0,4108254722340.0,1541213572000.0,4258769110000.0,5960031638040.0,6364923069180.0,5615368498980.0,464582141260.0,919911141260.0,308363000000.0,156219141260.0,89366024950.0,000210,2024
12119563559880.0,2818251796600.0,884275048580.0,3123550526270.0,3842280725000.0,2006419151000.0,3611838415000.0,5773118317930.0,6297201656330.0,5017815821240.0,114409108370.0,544591108370.0,286939000000.0,-172529891630.0,-133445421100.0,000210,2023
12004032770240.0,3002744413400.0,904068490660.0,2323118787430.0,3920038120270.0,1061989538000.0,4172338302000.0,5388478864370.0,6459826286090.0,5173707170170.0,306676533070.0,670337533070.0,184982481000.0,121694052070.0,69708639320.0,000210,2022
,,,,,,,,,,,,,,,000210,2021
685606173110.0,140732999470.0,39497059460.0,118278584470.0,463680286010.0,70701800000.0,64287100000.0,136375713200.0,351488973750.0,273481969670.0,54204713910.0,88284386910.0,3372146000.0,50832567910.0,38375641020.0,166090,2025
573884327700.0,137267888950.0,36086469650.0,121039753940.0,353781902890.0,88451900000.0,87988900000.0,178697448000.0,315567411030.0,251646191330.0,47967135960.0,80092222960.0,7089407000.0,40877728960.0,31756594790.0,166090,2024
672563501080.0,145706369900.0,31604972070.0,135866224940.0,399694212940.0,110647100000.0,104259600000.0,217378264600.0,289134227730.0,233576716290.0,44499978900.0,78615805900.0,4034329000.0,40465649900.0,34193789430.0,166090,2023
479626115360.0,147840935400.0,30833756710.0,103016931160.0,297572258660.0,62571400000.0,63360700000.0,128668681170.0,261378454610.0,307324400680.0,97650571450.0,131007190450.0,3652797000.0,93997774450.0,80134902800.0,166090,2022
,,,,,,,,,,,,,,,166090,2021
4574000252550.0,1573781044520.0,465769787380.0,1002826950600.0,2190932453410.0,453285019000.0,1013682881970.0,1527708791790.0,618578124720.0,4215952626180.0,152444633430.0,364415992430.0,52385856000.0,100058777430.0,72288767360.0,280360,2025
4341728167510.0,1428740497720.0,322058730970.0,1056086436200.0,2134741929190.0,518704919000.0,799759935980.0,1379965657240.0,568879565410.0,4044252365470.0,161250554600.0,365144554600.0,53453047000.0,107797507600.0,84616418960.0,280360,2024
4199096312580.0,1488887021000.0,499142596420.0,932087430500.0,2054182158720.0,430968506000.0,872957727720.0,1353712654050.0,528965887990.0,4066391863110.0,158278882090.0,348953882090.0,48441242000.0,109837640090.0,70534632920.0,280360,2023
4105259178620.0,1448968131020.0,318391757090.0,921106822210.0,2023846404820.0,413520790000.0,833803496570.0,1286397005570.0,498701819270.0,3203264461050.0,79806198490.0,233436198490.0,28299437000.0,51506761490.0,47034591800.0,280360,2022
,,,,,,,,,,,,,,,280360,2021
3272507702370.0,946011313760.0,243639082450.0,1506962466390.0,1121101872930.0,640280577000.0,316404470000.0,1051439745860.0,336300439000.0,2498566821280.0,112653634520.0,260094945810.0,45891106250.0,66762528270.0,41492231480.0,000080,2025
3441538598920.0,1023166046020.0,259177129740.0,1653251708970.0,1126847810710.0,649335372000.0,337684664000.0,1092088382410.0,340613032000.0,2599183408020.0,181388624310.0,330441597540.0,54456100790.0,126932523520.0,95866949180.0,000080,2024
3358347205530.0,1067666618640.0,272487716210.0,1637599087590.0,1095137801560.0,609660644000.0,339232824000.0,1066004973360.0,316929301000.0,2520181551620.0,118987794630.0,268782232930.0,50530886480.0,68456908150.0,35647947230.0,000080,2023
3333438311380.0,1054944220360.0,281718287790.0,1538466820620.0,1160605799400.0,498562221000.0,397566705000.0,1014629390760.0,376670256000.0,2497554821440.0,159995726920.0,315684187560.0,38615048780.0,121380678140.0,87001703820.0,000080,2022
,,,,,,,,,,,,,,,000080,2021
2167646813800.0,133128335770.0,62128238820.0,412662495400.0,372015011920.0,85440948800.0,888542281230.0,1293834831000.0,-1065308115010.0,653447659140.0,143364629350.0,231859864350.0,147833284000.0,-4468654650.0,27764866260.0,032350,2025
2166617248660.0,114360872490.0,44328189030.0,609689104710.0,316682433510.0,241968823800.0,740826597500.0,1300006969400.0,-1091088431580.0,471467953180.0,29088915870.0,114092694870.0,151608734000.0,-122519818130.0,-116574637390.0,032350,2024
1764111056270.0,80886866120.0,33639841990.0,1208746928920.0,69183724570.0,950238053050.0,47947643000.0,1325090831960.0,-972971143170.0,313548275380.0,-99352521660.0,-12629758660.0,114045310000.0,-213397831660.0,-202220344180.0,032350,2023
1802776594200.0,61153935710.0,28601354660.0,1027340540470.0,235202012300.0,854608157440.0,108646951000.0,1289601342120.0,-767676898490.0,183670906050.0,-131276269210.0,-48399114210.0,92761568000.0,-224037837210.0,-224701193590.0,032350,2022
,,,,,,,,,,,,,,,032350,2021
17008288000000.0,4835031000000.0,1459340000000.0,6383145000000.0,3234052000000.0,4298062000000.0,639966000000.0,9130928000000.0,1813885000000.0,13214884000000.0,1035665000000.0,1751533000000.0,432854000000.0,602811000000.0,229743000000.0,003380,2025
16078958000000.0,4749366000000.0,1285932000000.0,6010822000000.0,3068117000000.0,4031093000000.0,934093000000.0,8559151000000.0,1596196000000.0,12272959000000.0,546948000000.0,1199968000000.0,374906000000.0,172042000000.0,26373000000.0,003380,2024
13385072000000.0,4319466000000.0,1255475000000.0,5601961000000.0,2789727000000.0,3716787000000.0,2256102000000.0,6515460000000.0,1589047000000.0,12062363000000.0,572512000000.0,1246575000000.0,344676000000.0,227836000000.0,37053000000.0,003380,2023
13268988298800.0,4756365991490.0,1261107033200.0,5220519370730.0,2720801912660.0,3240326121000.0,2616683430000.0,6582083452310.0,1576701262600.0,13775295981360.0,838883224410.0,1685512224410.0,222878000000.0,616005224410.0,243982463720.0,003380,2022
,,,,,,,,,,,,,,,003380,2021
1157535042850.0,727075771630.0,164134327680.0,744923467060.0,342971092430.0,311529618570.0,2083333330.0,316890634900.0,64325378600.0,789341914680.0,74398370850.0,88706979850.0,12559661000.0,61838709850.0,68948215480.0,077970,2025
968810437100.0,555213660300.0,131440923180.0,628413767040.0,276569773270.0,312315662520.0,,315447536520.0,-405336457030.0,724609807880.0,39381882350.0,51303653350.0,17121949000.0,22259933350.0,27215787170.0,077970,2024
899134400310.0,490898756220.0,86615747310.0,577722381710.0,259634238050.0,259304392350.0,,261375705350.0,-419806149670.0,630377733990.0,21387884670.0,32539011670.0,13731249000.0,7656635670.0,5684680540.0,077970,2023
853387672700.0,468459982550.0,88277126170.0,539905387440.0,260245660460.0,237830133960.0,,240935299960.0,-419951585440.0,544021693980.0,-20272788970.0,-5966604970.0,8137499000.0,-28410287970.0,-26682909760.0,077970,2022
,,,,,,,,,,,,,,,077970,2021
548175586460.0,129761115490.0,36367710520.0,270932350060.0,247710098970.0,215578812910.0,23932961290.0,239690892200.0,78669009070.0,185653161150.0,-76313817480.0,-25231879480.0,11733880000.0,-88047697480.0,-91580550770.0,204270,2025
639696606070.0,200160959750.0,45739315380.0,280557411480.0,337126919320.0,208151849260.0,9804438230.0,218138282490.0,169449609750.0,273239103360.0,-5512993670.0,53708123330.0,11084949000.0,-16597942670.0,-33401167330.0,204270,2024
654439187650.0,235326831640.0,15774074080.0,278188981500.0,355114043880.0,166928780010.0,12259495150.0,179283397160.0,203089613550.0,323436932660.0,31679028900.0,86093933900.0,10924673000.0,20754355900.0,17747739470.0,204270,2023
522484963410.0,123020046200.0,62411909110.0,139627427480.0,334806305630.0,105354210500.0,37083446730.0,142534660230.0,186887842930.0,161325172100.0,-54581917890.0,-3032051890.0,5251193000.0,-59833110890.0,-58751477420.0,204270,2022
,,,,,,,,,,,,,,,204270,2021
340250346570.0,214311433510.0,42197627500.0,53462287430.0,277559511150.0,,,3317567630.0,243388184050.0,294491998370.0,14760109440.0,32143850440.0,204076000.0,14556033440.0,12532615060.0,001820,2025
328114248160.0,206064227170.0,31503932100.0,53903325360.0,265211664920.0,,,3832103760.0,236481640180.0,295412198600.0,27213553300.0,45723956300.0,264163000.0,26949390300.0,21824954380.0,001820,2024
308031065010.0,176976795810.0,36789325100.0,54679259710.0,243527357300.0,4102601980.0,,8800235430.0,218649211550.0,280768545010.0,26404883360.0,47779701360.0,525130000.0,25879753360.0,20809724530.0,001820,2023
287453832620.0,162158129530.0,57271878720.0,53555574870.0,223972668070.0,6315993760.0,,11149906500.0,204619010980.0,263469129960.0,33745040760.0,53009336760.0,460930000.0,33284110760.0,29137403520.0,001820,2022
,,,,,11183391420.0,,,,,,,,,,001820,2021
549454597880.0,160514677220.0,22630474410.0,43532905640.0,472827187620.0,,,32717122330.0,-29349034710.0,367389147990.0,-15484681600.0,23604546400.0,3430597000.0,-18915278600.0,-19048462430.0,036540,2025
623485659900.0,220511034740.0,95466242410.0,91517108580.0,496754352170.0,61600000000.0,,95308654800.0,-10013730230.0,400482861800.0,6669551770.0,52116190770.0,3969105000.0,2700446770.0,21334708470.0,036540,2024
609910066590.0,182721303410.0,78764171260.0,48736699210.0,448805326790.0,7200000000.0,61600000000.0,96216971730.0,-31135056690.0,416738581380.0,-7741822280.0,37824126720.0,4200400000.0,-11942222280.0,-12914018290.0,036540,2023
674874341730.0,271876331540.0,42435960410.0,89214692680.0,455603848230.0,24921600000.0,68800000000.0,120603761490.0,-17329700640.0,699412110630.0,76031769620.0,121285665620.0,4642849000.0,71388920620.0,42897894040.0,036540,2022
,,,,,14695336190.0,91000000000.0,,,,,,,,,036540,2021
880631376370.0,386155537080.0,108305296820.0,179564090090.0,564369713440.0,91935829000.0,119825690000.0,222099834000.0,457227031270.0,653396882370.0,39319212320.0,96999420320.0,6735781000.0,32583431320.0,23820804170.0,195870,2025
794194183890.0,321749298600.0,84126977520.0,201425547100.0,556276567170.0,96107714000.0,26298200000.0,127391585000.0,448972582750.0,602993604010.0,70130455060.0,120334659060.0,3178249000.0,66952206060.0,58697149410.0,195870,2024
688727319730.0,343852744810.0,139794120420.0,131719091050.0,515050369120.0,42560657000.0,33254314000.0,80050378000.0,407983661080.0,672245278170.0,110518874830.0,155187853830.0,4656656000.0,105862218830.0,84426426250.0,195870,2023
659613821540.0,371321312770.0,76297795710.0,196470094850.0,447295294040.0,62994769000.0,8365360000.0,75676691000.0,340510401260.0,839357973210.0,207241350200.0,246269939200.0,1931569000.0,205309781200.0,159399505530.0,195870,2022
,,,,,,,,,,,,,,,195870,2021
1522167095860.0,782558880930.0,148688970510.0,607669677120.0,770495485590.0,278142918000.0,64233267170.0,354916932010.0,698408252810.0,1502239729150.0,160189015120.0,213001513120.0,9544304000.0,150644711120.0,89698872400.0,009450,2025
1358870104790.0,735122507330.0,100004827450.0,581653232420.0,695417009620.0,196587605000.0,7322905090.0,221056440460.0,620763799610.0,1353879442180.0,160495804210.0,207868462210.0,7740208000.0,152755596210.0,124340920970.0,009450,2024
1060557971480.0,554862076460.0,82771721310.0,410012029950.0,584595249400.0,94410033000.0,6858655500.0,115561312280.0,506344505040.0,1204312871750.0,116639035860.0,163190063860.0,9347456000.0,107291579860.0,83148711330.0,009450,2023
1018019428370.0,523037781850.0,77689474620.0,423564089050.0,517704578830.0,175063813000.0,26674094660.0,217254463280.0,434491598520.0,1160860788600.0,80060759760.0,124949569760.0,7336449000.0,72724310760.0,53582342490.0,009450,2022
,,,,,,,,,,,,,,,009450,2021
4284698593700.0,1046070729480.0,213358325740.0,1343981614580.0,1521797341870.0,602149934650.0,985090414000.0,1717301041370.0,2220334222810.0,3971143829130.0,167625746190.0,412969746190.0,83695322000.0,83930424190.0,47225968020.0,005300,2025
4372529473210.0,1125318015130.0,177836350860.0,1466325841690.0,1498899096690.0,643892673480.0,980119344000.0,1772510526210.0,2204498003090.0,4024503304480.0,178398613620.0,419077613620.0,81945573000.0,96453040620.0,59101609650.0,005300,2024
4257669750820.0,1149579977600.0,247537132460.0,1264919959950.0,1464113454540.0,454771789100.0,1152628841000.0,1730276673560.0,2195329680130.0,3224680481800.0,262717130000.0,449990130000.0,55358000000.0,207359130000.0,165886015420.0,005300,2023
3695935640310.0,1019994253780.0,345003533000.0,1154623005960.0,1393068061170.0,551160175460.0,935795130000.0,1552608548300.0,2079285943250.0,2841747049860.0,210125936150.0,373277936150.0,40739079000.0,169386857150.0,128410081550.0,005300,2022
,,,,,,,,,,,,,,,005300,2021
16299659050640.0,5465969922600.0,1314193316850.0,3743633280010.0,2907925661950.0,2109125438230.0,3873079308840.0,7296201846460.0,3102448555470.0,10164013989610.0,431287162990.0,953500546990.0,241275385000.0,190011777990.0,129346876660.0,006120,2025
15142281241730.0,5540202273000.0,1381255762000.0,3840552509670.0,2852636950780.0,2229405211670.0,3018215463190.0,6490633014470.0,3026285668070.0,9039602889120.0,241395910660.0,609145530660.0,171396140000.0,69999770660.0,36470741780.0,006120,2024
12250710294970.0,5012296888970.0,1015984405630.0,2829893307850.0,2941515820420.0,1829328693810.0,2575926895800.0,4769073644360.0,3023511486910.0,8939216850770.0,506014032590.0,852301978590.0,154974219000.0,351039813590.0,191034756920.0,006120,2023
11780098492490.0,5326431008340.0,837830673980.0,3283276498950.0,2819005163710.0,2008601315310.0,1689400941840.0,4132412953080.0,2864651299590.0,8717115148760.0,629557683620.0,810073180620.0,90505856000.0,539051827620.0,427432392630.0,006120,2022
,,,,,,,,,,,,,,,006120,2021
2676774444100.0,941159141280.0,492159413080.0,514237530640.0,1184083432930.0,290113688000.0,645144400000.0,1023936166210.0,137234770110.0,465018566520.0,-131227030660.0,-83510433660.0,52612871000.0,-183839901660.0,-100042555350.0,293490,2025
3173239057350.0,1069083664000.0,604968707980.0,1199409097000.0,1338108700650.0,766732162000.0,147000000000.0,982962264980.0,188098036230.0,627227484050.0,-53474027420.0,18776561580.0,54194283000.0,-107668310420.0,-108917039010.0,293490,2024
3471016485880.0,1020759793410.0,653717833410.0,710111348740.0,1398425530450.0,462023173000.0,649500471390.0,1294805581040.0,277393323530.0,725820692640.0,-322075763810.0,-226054890810.0,35140943000.0,-357216706810.0,-228745526080.0,293490,2023
3873941558000.0,1057386586540.0,626770009510.0,266999791320.0,1681619046250.0,23211405110.0,1069887173330.0,1266404724940.0,507080158880.0,1147692623360.0,-179573535870.0,-86289555870.0,15120295000.0,-194693830870.0,-233641194320.0,293490,2022
,,,,,,,,,,,,,,,293490,2021
61994415890.0,51588479870.0,21036458450.0,3898861130.0,34042395360.0,,12308965000.0,12652109880.0,-237863577040.0,6982624830.0,-30951440970.0,-29990200970.0,310523000.0,-31261963970.0,-30053954230.0,115180,2025
58070561560.0,50626748380.0,15021457160.0,5014602370.0,50095680240.0,,,841343750.0,-207437304920.0,9179834440.0,-24969162050.0,-24104050050.0,27780000.0,-24996942050.0,-24110971480.0,115180,2024
49760959000.0,44387750150.0,34951750920.0,2327928080.0,43876552000.0,,,333702700.0,-183432086200.0,9031807070.0,-22230390410.0,-21411506410.0,18602000.0,-22248992410.0,-21116659000.0,115180,2023
38411664410.0,34232063550.0,20603221030.0,2952240920.0,30953596310.0,,,807480270.0,-162136736450.0,8468552820.0,-27092243980.0,-26375397980.0,25961000.0,-27118204980.0,-25457003000.0,115180,2022
,,,,,,,,,,,,,,,115180,2021
393041682250.0,184153312470.0,80010035000.0,51913424970.0,303046860550.0,18026543110.0,25978660890.0,44644715490.0,182663179880.0,243733252590.0,51972872850.0,66820062260.0,573681640.0,51399191210.0,58258762190.0,101490,2025
297031688480.0,155043401190.0,75572280000.0,39676525720.0,245471410140.0,15325626300.0,,16924177110.0,128486595520.0,176013891360.0,34593968170.0,48027907490.0,97591690.0,34496376480.0,30479588670.0,101490,2024
256758748750.0,118042480680.0,59029059000.0,29187220780.0,220798777190.0,11583426870.0,,12039841930.0,101541981000.0,150320408220.0,27816930320.0,40251674940.0,74058590.0,27742871730.0,25854851110.0,101490,2023
226750296420.0,94153446460.0,46464968000.0,30461127010.0,190391469110.0,9525146420.0,,10204119880.0,79169178760.0,123506695450.0,16599727890.0,26746779440.0,58249800.0,16541478090.0,17464205800.0,101490,2022
,,,,,,,,,,,,,,,101490,2021
646531372500.0,304057377610.0,105403380570.0,149458855150.0,463851957370.0,14322000000.0,,42820520000.0,383814752400.0,602147035950.0,102611220850.0,133330137170.0,1138702000.0,101472518850.0,77165549360.0,030190,2025
585667200730.0,273006123070.0,115560172800.0,144087439540.0,411950770230.0,22369000000.0,2000000000.0,54256255000.0,341443546840.0,535031889310.0,97338157950.0,124673879590.0,986871000.0,96351286950.0,76108000800.0,030190,2024
493709695210.0,239633515600.0,79253012560.0,108182596840.0,369599775660.0,999960000.0,999960000.0,25175936000.0,295835814930.0,485713636110.0,70159482950.0,93231284950.0,708268000.0,69451214950.0,56046652270.0,030190,2023
481091462120.0,243660114660.0,78220960400.0,122789700280.0,341644764560.0,1000080000.0,1999920000.0,25136409000.0,269920369540.0,479868591380.0,75333201690.0,97297071180.0,627935000.0,74705266690.0,52697598200.0,030190,2022
,,,,,,,,,,,,,,,030190,2021
1800298497460.0,1091819201460.0,216235970810.0,516124444370.0,1003754624290.0,162832228000.0,195195519000.0,367757693860.0,739645842750.0,1692403987130.0,88351881470.0,133149719470.0,6699490000.0,81652391470.0,77508541100.0,185750,2025
1458764796380.0,962152421560.0,228469945650.0,368558589440.0,893968875270.0,66495618000.0,115953327000.0,188152397560.0,671436673860.0,1586430795630.0,110327884600.0,150100208600.0,8318977000.0,102008907600.0,109072842040.0,185750,2024
1402428435510.0,946571860790.0,219646348410.0,511465846740.0,815694495000.0,181698926000.0,30000000000.0,219763880300.0,577002399710.0,1669404438760.0,250868817040.0,287898693040.0,9270969000.0,241597848040.0,212521171440.0,185750,2023
1124882797790.0,713614782830.0,117416899260.0,374213062120.0,622393068310.0,123534135000.0,110509717000.0,235738072550.0,376370822860.0,1488344728640.0,104011997940.0,137609659940.0,6846931000.0,97165066940.0,80953361430.0,185750,2022
,,,,,,,,,,,,,,,185750,2021
3334276750780.0,1268968752260.0,223655673500.0,1887368097740.0,701160432130.0,1318871651000.0,604962015000.0,1985675237820.0,181936703260.0,2460687771150.0,25070180.0,121174146180.0,106768559000.0,-106743488820.0,-61375064480.0,005090,2025
3436299886770.0,1320315333890.0,317746418350.0,1633746951970.0,757610118740.0,1026790340000.0,820249053000.0,1914353400500.0,270806641770.0,2354993052120.0,152364781850.0,270794285850.0,97478395000.0,54886386850.0,65014185120.0,005090,2024
2967510633950.0,1200550195520.0,282914318510.0,1630402099000.0,719276758990.0,1006121381000.0,373321040000.0,1445875431320.0,233035090560.0,3024051635220.0,95587985210.0,202918712210.0,67211651000.0,28376334210.0,42126331310.0,005090,2023
3054362176490.0,1311038342010.0,282973307970.0,1623193756510.0,694057727330.0,862019000000.0,465770523000.0,1396131322890.0,224592214540.0,2823334065830.0,245819006800.0,364948513800.0,47391330000.0,198427676800.0,112805836260.0,005090,2022
,,,,,,,,,,,,,,,005090,2021
6087624380520.0,2541235113400.0,567555999960.0,1136095721780.0,2259328664790.0,477883213800.0,1661782934780.0,2162445240910.0,884169193400.0,2365164441710.0,67100715950.0,255621317950.0,50427913000.0,16672802950.0,44645811430.0,285130,2025
5367048627330.0,2385758405310.0,542302081440.0,983245942540.0,2200693238160.0,430492752460.0,1203220223540.0,1658201977120.0,861029872510.0,1736778902010.0,13998501470.0,149547351470.0,41439574000.0,-27441072530.0,8838745400.0,285130,2024
4158774903690.0,2204426649040.0,396012209620.0,830211385110.0,2118704262790.0,456113018560.0,637075427720.0,1109888514610.0,866510778180.0,1748777740380.0,84465853660.0,197351230660.0,32047152000.0,52418701660.0,39863821610.0,285130,2023
3945682879740.0,2518693783950.0,400028232540.0,1058819027620.0,2146698895590.0,540096762900.0,161960047960.0,726927151050.0,868597006110.0,1829191322920.0,252161988560.0,343627084560.0,15461271000.0,236700717560.0,191266055000.0,285130,2022
,,,,,,,,,,,,,,,285130,2021
253730108290.0,90867494000.0,8794442060.0,41697888860.0,166531611210.0,33774700000.0,44479160000.0,78822446900.0,49246389710.0,77985021910.0,16409510880.0,23613948880.0,2104732000.0,14304778880.0,15062962120.0,252990,2025
222167595020.0,64050013930.0,4499536220.0,25029266280.0,143987756220.0,17443950000.0,52566280000.0,70333062340.0,34379607720.0,53315552040.0,6818049620.0,12592524620.0,1769829000.0,5048220620.0,3318152490.0,252990,2024
191765857030.0,44495449390.0,15341430030.0,61096400590.0,102064297090.0,49700749000.0,27000000000.0,77217875180.0,31165885090.0,30934610500.0,-24519780.0,3094424220.0,909576000.0,-934095780.0,-1310363410.0,252990,2023
200265281520.0,111330852370.0,17110123690.0,17336052660.0,111957606900.0,,70008518000.0,70756692030.0,32599449900.0,50118586230.0,18331126990.0,20580385990.0,1039577000.0,17291549990.0,15137662730.0,252990,2022
,,,,,,,,,,,,,,,252990,2021
452042872770.0,134970795660.0,2450720800.0,114964374170.0,217939022960.0,83999600000.0,111335214300.0,198156836300.0,88859029550.0,271458652400.0,-17282734270.0,-1183663110.0,4499722000.0,-21782456270.0,-24888579640.0,006110,2025
436163754720.0,165674914960.0,11200966370.0,115443784270.0,243610317880.0,65829391000.0,72344568030.0,140979865030.0,114530324470.0,251733337640.0,-5774076730.0,10935725700.0,4553012000.0,-10327088730.0,-9355451360.0,006110,2024
404298806440.0,189503583140.0,60673606500.0,93699966320.0,254988673510.0,59508513000.0,50970445570.0,113002471570.0,125908680100.0,268023420430.0,3407435520.0,14807612070.0,2215422000.0,1192013520.0,3406229990.0,006110,2023
288153289580.0,129950354050.0,1478467630.0,125330581060.0,137938934910.0,82735709000.0,17472770460.0,100664981460.0,127688475110.0,312055883420.0,23717201870.0,33615005180.0,2670171000.0,21047030870.0,17206656300.0,006110,2022
,,,,,,,,,,,,,,,006110,2021
4122622000540.0,1162481112370.0,510729493790.0,1757881312160.0,570202441570.0,835973883080.0,300376615810.0,2558999008180.0,-1579657679730.0,2275369359770.0,30997212620.0,315723696620.0,166530897000.0,-135533684380.0,-143794624590.0,079160,2025
3997014314730.0,778878190770.0,230935824210.0,1703186270530.0,691676694930.0,843603053450.0,142816827110.0,2550034862680.0,-1418393095030.0,1957884214180.0,-6111012250.0,272985936750.0,157522890000.0,-163633902250.0,-171035292990.0,079160,2024
3194214710430.0,474595169740.0,190527889240.0,1032488905520.0,421276371630.0,372535875710.0,250614621470.0,2247088756320.0,-1243021793150.0,1545839243140.0,27323775170.0,325944791170.0,144825843000.0,-117502067830.0,-96175196520.0,079160,2023
3601468386480.0,682681904090.0,394983808180.0,1238638115160.0,376320424450.0,715905832760.0,27958175000.0,2730411682330.0,-1129190818880.0,1273191852450.0,-32937249230.0,290034516770.0,153324869000.0,-186262118230.0,-166157456750.0,079160,2022
,,,,,,,,,,,,,,,079160,2021
1148241651960.0,233077822280.0,22994705370.0,224776166870.0,814544413180.0,108676232000.0,98628000000.0,215668132000.0,127796628310.0,965388430760.0,58538706230.0,76850778230.0,12603492000.0,45935214230.0,37796105080.0,100090,2025
1421941567190.0,588057571890.0,70888490570.0,618812439100.0,708802695140.0,146031124000.0,65304232000.0,221111656340.0,91464955480.0,662615726790.0,37982022470.0,67249983470.0,20333674000.0,17648348470.0,16389910600.0,100090,2024
1431906666880.0,754790512540.0,44777856650.0,687194081820.0,694620505330.0,159195577000.0,32866632000.0,218707243310.0,77430438740.0,925835675840.0,84804964940.0,103406657940.0,21706045000.0,63098919940.0,57475463310.0,100090,2023
1220003934150.0,594390293940.0,86209562690.0,642506418910.0,520772311280.0,182313518000.0,39279017000.0,235108011840.0,22180831620.0,691830139220.0,61230576820.0,72637916820.0,26434347000.0,34796229820.0,22253292550.0,100090,2022
,,,,,,,,,,,,,,,100090,2021
8228997000000.0,960440000000.0,13136000000.0,1879162000000.0,2301416000000.0,1300685000000.0,2894645000000.0,4305761000000.0,1883126000000.0,3998187000000.0,553004000000.0,920682000000.0,114048000000.0,438956000000.0,338886000000.0,071320,2025
8362238000000.0,1046898000000.0,6889000000.0,1688436000000.0,2267100000000.0,973757000000.0,3242764000000.0,4332949000000.0,1599832000000.0,3570310000000.0,358621000000.0,694069000000.0,97912000000.0,260709000000.0,210167000000.0,071320,2024
7968409129270.0,899641455780.0,14122778000.0,2028292017260.0,2088465548020.0,1299807284000.0,2683222111000.0,4101899087010.0,1415926699670.0,3953697605650.0,320632341670.0,634163783380.0,88186733000.0,232445608670.0,199404301810.0,071320,2023
7478129879650.0,1119357783530.0,39040920460.0,1995956430900.0,1662206626410.0,789862667000.0,2670039458000.0,3580172623030.0,1229630353240.0,4173027136420.0,-193899937420.0,91975955500.0,63978214000.0,-257878151420.0,-183875394300.0,071320,2022
,,,,,,,,,,,,,,,071320,2021
607188961440.0,277312384930.0,98230426960.0,74123874800.0,367974785320.0,53774700000.0,52479160000.0,110679920000.0,198989527860.0,272629978220.0,21343793260.0,31762657260.0,2140107000.0,19203686260.0,19288449160.0,232140,2025
576855440420.0,260930516120.0,18823578020.0,101255439310.0,325417559640.0,48643950000.0,52566280000.0,105214487000.0,179491195660.0,211241210830.0,18122519400.0,26365554400.0,1788287000.0,16334232400.0,11029021430.0,232140,2024
480273201050.0,191972037310.0,21111628360.0,76663504750.0,309091534580.0,50246869000.0,30549780000.0,84655128000.0,168588673990.0,255182306180.0,17572460690.0,22775450690.0,909576000.0,16662884690.0,13528732170.0,232140,2023
519098036610.0,314067119610.0,24002238430.0,86167134150.0,293829997280.0,735960000.0,75480758000.0,78388049000.0,155295938730.0,285267759680.0,39624808870.0,43864916870.0,1039577000.0,38585231870.0,26129808280.0,232140,2022
,,,,,,,,,,,,,,,232140,2021
1592547535050.0,685024528580.0,399835501110.0,114337043730.0,1321655030630.0,,85719290800.0,94229022090.0,1920170597290.0,920929380970.0,185711522900.0,197923378900.0,1207294000.0,184504228900.0,145594260840.0,192400,2025
1369865450710.0,523018402470.0,185010787980.0,112045495450.0,1196444686560.0,,,10191828860.0,1619540718820.0,833802336620.0,172774485210.0,182269013210.0,424942000.0,172349543210.0,137306911460.0,192400,2024
1248108717570.0,488962801530.0,118121907540.0,113593387310.0,1077736980910.0,164771340.0,,8613142520.0,1517041929100.0,772261869740.0,149232502280.0,157399461280.0,397321000.0,148835181280.0,130122011480.0,192400,2023
1149528707690.0,446314893140.0,127505846750.0,130651017770.0,967770930120.0,546810350.0,,5822319010.0,1411840712210.0,755648437740.0,143502031840.0,149665821840.0,263703000.0,143238328840.0,116688836920.0,192400,2022
,,,,,263381350.0,,,,,,,,,,192400,2021
54204850230.0,40444348690.0,11095579710.0,10804616480.0,39564260920.0,1580000000.0,,3814132440.0,-28997983100.0,48170737710.0,16342077850.0,17651015850.0,238005000.0,16104072850.0,16088941750.0,458870,2025
28083739030.0,16442253230.0,10801030230.0,3879868600.0,21398870830.0,1580000000.0,,3045659920.0,-45194681560.0,8099754810.0,-8387021330.0,-7263331330.0,391298000.0,-8778319330.0,-8871453210.0,458870,2024
17146655630.0,5870794140.0,4142264500.0,6728865820.0,8108486570.0,4580000000.0,,6293610650.0,-35970745550.0,1885010460.0,-9706483230.0,-8717514230.0,210463000.0,-9916946230.0,-9916946230.0,458870,2023
21292890070.0,11890381090.0,10298489990.0,2745610270.0,18008321510.0,1604990000.0,,1721106450.0,-25988515590.0,1152944120.0,-7894945680.0,-7384050680.0,93330000.0,-7988275680.0,-7988275680.0,458870,2022
,,,,,,24990000.0,,,,,,,,,458870,2021
411001934410.0,225384881330.0,75946476540.0,170766602920.0,248977630850.0,15500000000.0,,15524100260.0,104956583910.0,206916796300.0,14391228490.0,21229978400.0,1955387000.0,12435841490.0,15289758220.0,099320,2025
446984592730.0,289087192980.0,125267445540.0,209768801570.0,235768615440.0,7500000000.0,,7520381090.0,91747568500.0,171279451650.0,4456597560.0,12665022940.0,1323125000.0,3133472560.0,7910250630.0,099320,2024
313827961190.0,166337582530.0,102776984960.0,81995185850.0,217855951610.0,,,245015620.0,85480009560.0,125433494950.0,7487097590.0,14362046390.0,1434221000.0,6052876590.0,43882152310.0,099320,2023
258780306610.0,193789417290.0,90394761070.0,63220144040.0,120898491570.0,800000000.0,48955279000.0,50032832020.0,42324705800.0,91357563650.0,2267352060.0,8230604710.0,1528427000.0,738925060.0,-2273485170.0,099320,2022
,,,,,,47971985000.0,,,,,,,,,099320,2021
386310986380.0,246327760710.0,71888920280.0,74271007020.0,301182265850.0,12160405000.0,75000000.0,13534015330.0,288622314390.0,347158632860.0,58189541230.0,63416522230.0,467036000.0,57722505230.0,45278323420.0,083450,2025
334828453070.0,207147387090.0,55108837270.0,60122421450.0,259509728030.0,10160405000.0,2375000000.0,13512825330.0,248890526350.0,333445882310.0,63527240000.0,67960708000.0,298632000.0,63228608000.0,45371563110.0,083450,2024
279780462640.0,183765737890.0,48615765870.0,40415843520.0,225489887380.0,5300000000.0,2980710000.0,9419893240.0,212055020880.0,279215395450.0,43117451830.0,46798966240.0,92048000.0,43025403830.0,35681571140.0,083450,2023
251831461020.0,178862203310.0,42484792530.0,43245956020.0,194937316930.0,3300000000.0,2975000000.0,6691068270.0,181218236960.0,312847806390.0,59602659520.0,62986082720.0,211245000.0,59391414520.0,46807994100.0,083450,2022
,,,,,,,,,,,,,,,083450,2021
276740783000.0,111999746270.0,16002915270.0,70323956350.0,127535928810.0,26270899000.0,,28637450470.0,-87332230020.0,168304789060.0,-24648736630.0,-17606725630.0,4779191000.0,-29427927630.0,-16899980050.0,090710,2025
334935432410.0,192287656550.0,45898978350.0,119954924060.0,124394856250.0,48222834000.0,,50927679960.0,-70128425640.0,133097920520.0,3821550280.0,8731760280.0,1676420000.0,2145130280.0,-5236825640.0,090710,2024
116854180180.0,53883168910.0,25041045940.0,23590780680.0,62890633490.0,2754000000.0,,3643198580.0,-64705034720.0,82665225750.0,1877432000.0,5144537000.0,1327808000.0,549624000.0,-3843709930.0,090710,2023
114484202810.0,49339351950.0,24403407840.0,28568220470.0,56691989760.0,12587346000.0,,15798627700.0,-60786565520.0,55474362630.0,-12015146000.0,-9517854000.0,771677000.0,-12786823000.0,-16627259400.0,090710,2022
,,,,,,4736350000.0,,,,,,,,,090710,2021
370790899920.0,258843936180.0,77946557690.0,130326847480.0,218839195990.0,27106208000.0,9924916000.0,37942177000.0,180710843120.0,262633597530.0,55463714100.0,61193364100.0,699761000.0,54763953100.0,39941153270.0,119850,2025
265231798100.0,158458548470.0,46700202430.0,94619055080.0,158880170520.0,21545026410.0,,22532749410.0,137490206950.0,226316215160.0,49912772450.0,54024129450.0,1525656000.0,48387116450.0,38484512950.0,119850,2024
187092368060.0,109354769620.0,30513946850.0,63946773400.0,120599024890.0,5671657990.0,,5925726990.0,100284883340.0,166417408340.0,14494379560.0,16905537560.0,625185000.0,13869194560.0,11389418560.0,119850,2023
170764863630.0,103198206340.0,11483124100.0,53488053800.0,114229134050.0,18662759340.0,,18977239340.0,89922278250.0,148546394350.0,4309248390.0,6850398390.0,824191000.0,3485057390.0,27394917610.0,119850,2022
,,,,,,,,,,,,,,,119850,2021
714152331750.0,393052050980.0,126289412180.0,108354912820.0,451843499470.0,21424213000.0,61717285350.0,95367105350.0,315180019710.0,344309797190.0,69080542740.0,85725409740.0,4774222000.0,64306320740.0,53190500580.0,213420,2025
452311743360.0,124326716970.0,71262488270.0,23495699690.0,398909783070.0,,21981003000.0,22848656000.0,262204979830.0,212252223720.0,54709013480.0,64697794480.0,811937000.0,53897076480.0,45762226510.0,213420,2024
404327492880.0,100923290970.0,39747720550.0,23665258210.0,353096384580.0,3000000000.0,18723222000.0,23030449000.0,217087234640.0,163702143260.0,42512059650.0,51263171650.0,787816000.0,41724243650.0,35805412360.0,213420,2023
361537915710.0,189300361280.0,132735420840.0,16164865420.0,320233325510.0,1000000000.0,17994918000.0,19691623000.0,180819625870.0,176677173180.0,45563298810.0,53539515810.0,776646000.0,44786652810.0,38921136720.0,213420,2022
,,,,,1000000000.0,,,,,,,,,,213420,2021
4080365472520.0,885049018540.0,341761126500.0,755449653680.0,1723898099280.0,374281352120.0,634998578060.0,1203006094620.0,701944873610.0,1149867026460.0,198325360810.0,272984013810.0,63026451000.0,135298909810.0,94356432210.0,034230,2025
3933768381300.0,863960043760.0,577696235490.0,668181620200.0,1635744104530.0,330870039910.0,716473341450.0,1247686131520.0,628783591730.0,1072108965110.0,173692058110.0,251804905110.0,72878952000.0,100813106110.0,75553488650.0,034230,2024
3618279367040.0,862802346430.0,688899183540.0,690669675160.0,1405526527470.0,381129239590.0,737506431760.0,1316878427710.0,571762000710.0,994199113640.0,162090795550.0,245088622550.0,70590773000.0,91500022550.0,62558499760.0,034230,2023
3511523805590.0,694517541840.0,487396039730.0,1174093555790.0,1362321627590.0,949847779410.0,256057410910.0,1405961350140.0,524910068720.0,587637410930.0,97080752670.0,191846807670.0,66947461000.0,30133291670.0,25348685850.0,034230,2022
,,,,,,,,,,,,,,,034230,2021
1446731199420.0,312899297330.0,82294593280.0,343558672860.0,786140505150.0,199842123010.0,205837131000.0,502115053620.0,506699944590.0,676926715420.0,75437136400.0,154116584750.0,24630044000.0,50807092400.0,40810450730.0,038500,2025
1485067226440.0,317873666520.0,100862919450.0,311290002410.0,756084885550.0,152328509320.0,285595959000.0,549076955210.0,476524498310.0,790786523330.0,94930786080.0,170766504730.0,28761622000.0,66169164080.0,66107935280.0,038500,2024
1520485305470.0,318200836480.0,81715586500.0,405727399600.0,705867432200.0,217294867690.0,259586317000.0,598426275480.0,426361322510.0,823729443910.0,74627207480.0,146593910880.0,29562335000.0,45064872480.0,33819425300.0,038500,2023
1452791372540.0,283443135470.0,49803946650.0,290168489930.0,687355591160.0,144494169310.0,363662392000.0,586732646890.0,409855943060.0,721115587880.0,61729395410.0,129166157510.0,23927377000.0,37802018410.0,30189816650.0,038500,2022
,,,,,,,,,,,,,,,038500,2021
2547575322440.0,888137333000.0,237558379310.0,1323184903340.0,304608524760.0,657738966260.0,159913331320.0,905432539390.0,164802034540.0,1268253668580.0,-88416079600.0,-32122904000.0,54846774680.0,-143262854280.0,-109876117780.0,085660,2025
2184760960720.0,733844173000.0,235407126420.0,1020667092910.0,286282014490.0,528954360000.0,223038236580.0,825937973430.0,24007218320.0,1045049021120.0,34251744490.0,79260735800.0,37165449810.0,-2913705320.0,-4763612430.0,085660,2024
1725570383390.0,538221938710.0,60694404010.0,654922041730.0,281347053080.0,308915520000.0,86316428200.0,449635191110.0,28281897380.0,953951423130.0,32288702370.0,70087778290.0,29100774810.0,3187927560.0,-8431247320.0,085660,2023
1607008259340.0,520266602070.0,66602751760.0,477748000920.0,291732247640.0,59288349000.0,294472234830.0,400859729410.0,38157953370.0,844582867310.0,-50434754090.0,-17914988320.0,20867654870.0,-71302408960.0,-47542787800.0,085660,2022
,,,,,,,,,,,,,,,085660,2021
355838236180.0,131850599820.0,20647038910.0,126023511960.0,134656135890.0,110054927620.0,90035420000.0,201204344190.0,98691827020.0,141233860090.0,14994967820.0,28318307820.0,8139860000.0,6855107820.0,7687864640.0,281740,2025
351334173530.0,127529963800.0,20333832100.0,113875215680.0,130301310470.0,92140084250.0,101497847620.0,194860558320.0,94314455220.0,138725778380.0,26595420310.0,37894965310.0,7966925000.0,18628495310.0,20867707390.0,281740,2024
299869696250.0,118800278420.0,35806593300.0,103482364100.0,109813553810.0,90458771000.0,81157671000.0,172700700900.0,73940727340.0,117789811140.0,30663593130.0,40460824130.0,6298133000.0,24365460130.0,24129905580.0,281740,2023
213510136790.0,86395353500.0,23531209480.0,76900458190.0,86075722510.0,60586000000.0,45556470000.0,107007615680.0,50185395720.0,131506715480.0,32956208470.0,40452852470.0,2873469000.0,30082739470.0,27009497730.0,281740,2022
,,,,,,,,,,,,,,,281740,2021
108220768700.0,39212981890.0,2811865060.0,16410321300.0,89703743460.0,1796849000.0,,2756469670.0,-30754714500.0,36917751380.0,-23942575540.0,-22187755540.0,727647000.0,-24670222540.0,-24670222540.0,388720,2025
117411457210.0,47894341340.0,21084343260.0,20989490380.0,95028248430.0,6143026000.0,,6967870390.0,-5944685610.0,35168850100.0,-8426731310.0,-7490530310.0,39547000.0,-8466278310.0,-9052537860.0,388720,2024
85811954160.0,55131507980.0,21400424330.0,14615314700.0,34883623830.0,7165649000.0,17863452000.0,25600391330.0,3258766860.0,29454386710.0,-5593419520.0,-4780229520.0,899857000.0,-6493276520.0,-6556244560.0,388720,2023
54603599760.0,34827301360.0,3949068460.0,13396064900.0,39888085000.0,7000000000.0,,7625686930.0,9671928140.0,38445045660.0,-2452135270.0,-1704871270.0,169990000.0,-2622125270.0,-2312336580.0,388720,2022
,,,,,,4000000000.0,,,,,,,,,388720,2021
932560259260.0,483452565900.0,70602467430.0,456580055940.0,248986740000.0,224907589000.0,85485329000.0,340148805920.0,167953317220.0,945363793210.0,44452670680.0,72001676680.0,13374713000.0,31077957680.0,21715948330.0,065350,2025
774111976550.0,433541107750.0,32306071110.0,424500528870.0,207705237520.0,232578659000.0,17254962000.0,258831008420.0,149066667090.0,881982008850.0,26871721770.0,50125425770.0,13825909000.0,13045812770.0,-994543700.0,065350,2024
692344676790.0,383666957000.0,41281716530.0,349667116730.0,207182056050.0,203556279000.0,18973324000.0,229799272760.0,154538436250.0,833704098770.0,41436863900.0,61084448900.0,13074671000.0,28362192900.0,12529231710.0,065350,2023
627848217150.0,331626901830.0,32812075290.0,355595903920.0,163962139560.0,192468215000.0,41249788000.0,242511559650.0,146639599330.0,793424019840.0,36389546820.0,53243598820.0,6931566000.0,29457980820.0,16927393740.0,065350,2022
,,,,,,,,,,,,,,,065350,2021
1062896288300.0,565395687790.0,56178706280.0,267414091580.0,663741382110.0,52090933000.0,15686900000.0,76239614000.0,612970356910.0,926883701820.0,94665507610.0,126377210610.0,2077224000.0,92588283610.0,66020354860.0,086450,2025
953164589300.0,470006554410.0,50271577480.0,232691774670.0,603477008790.0,48970933000.0,22903833000.0,80686950000.0,558208299840.0,812166073050.0,89235065380.0,117697152380.0,4497460000.0,84737605380.0,61218952620.0,086450,2024
839535126340.0,419197357950.0,60552271430.0,231153366470.0,544694047110.0,53957064000.0,18749880000.0,76703835000.0,507317588600.0,730993597320.0,66705349970.0,87802945970.0,5867708000.0,60837641970.0,47175202520.0,086450,2023
768330084070.0,385321451870.0,73693490990.0,198539154920.0,501939446880.0,36954477000.0,25000000000.0,66357249000.0,467179346990.0,661647492300.0,72952279820.0,92139066820.0,4319783000.0,68632496820.0,52895926990.0,086450,2022
,,,,,,,,,,,,,,,086450,2021
2458495051220.0,45686399990.0,5872609860.0,228596318040.0,854876608780.0,17330000000.0,309790888000.0,641341599400.0,17887244530.0,481682589000.0,74065241510.0,139947860510.0,16524403000.0,57540838510.0,19371206400.0,499790,2025
,,,,,,,,-657207590.0,,,,,,,499790,2024
246296090240.0,103411610790.0,24512184900.0,102733429350.0,126122941200.0,69524355400.0,16751707310.0,86720648340.0,102125450170.0,258497722380.0,26929702790.0,35275742790.0,2552136000.0,24377566790.0,19049050670.0,356860,2025
188404742980.0,71095409210.0,18302926050.0,52723463410.0,112082174730.0,28948336960.0,22819347180.0,52424851720.0,77385451080.0,180001314810.0,6702521300.0,13526130300.0,1801386000.0,4901135300.0,3617832150.0,356860,2024
172551171330.0,67509549420.0,11459183240.0,35364392450.0,110249828680.0,15299893340.0,25993753770.0,42008713930.0,75851565900.0,171306693400.0,4546893810.0,10738715810.0,1280683000.0,3266210810.0,2514693250.0,356860,2023
164922667890.0,78336674490.0,31171277980.0,28653241930.0,112323760770.0,2266666660.0,23633333340.0,26400723070.0,76557233400.0,221548161360.0,39149989940.0,44422915940.0,916454000.0,38233535940.0,30555635400.0,356860,2022
,,,,,,,,,,,,,,,356860,2021
109142421210.0,76330498760.0,31577103880.0,22041433660.0,86810119830.0,,,222834640.0,23125092890.0,75735139040.0,-4984727920.0,-3752131060.0,8124600.0,-4992852520.0,-5200635440.0,090360,2025
112596177640.0,75791860670.0,31936901500.0,20362069430.0,91989903580.0,,,165486320.0,28322964350.0,89140364460.0,2550502270.0,3843024200.0,9281830.0,2541220440.0,2217180980.0,090360,2024
115930937610.0,74275605020.0,23404128300.0,25746737090.0,89949938510.0,11592600.0,,173477380.0,26343431690.0,102679156140.0,583499890.0,2136071850.0,16300100.0,567199790.0,693544230.0,090360,2023
136447103260.0,94581676300.0,17910413860.0,46199505170.0,89910588240.0,485130000.0,,873385370.0,26316067160.0,143240218460.0,2459408960.0,4177926580.0,21136160.0,2438272800.0,3281878090.0,090360,2022
,,,,,665067660.0,149980000.0,,,,,,,,,090360,2021
274526446050.0,121309036480.0,57427106560.0,32307117300.0,185104949500.0,12052000000.0,35000000000.0,49454375540.0,24234176100.0,153582399000.0,1477510770.0,9713782770.0,770541000.0,706969770.0,435381860.0,417200,2025
253147071880.0,112023019330.0,50258069200.0,39575497480.0,184576402600.0,15785231460.0,4000000000.0,23506721210.0,23875612960.0,142075605790.0,8902148530.0,15286445530.0,1286502000.0,7615646530.0,5673104300.0,417200,2024
266198918960.0,178593741300.0,119598396620.0,62003392570.0,180494180380.0,25306632450.0,,27913011030.0,19772601510.0,136884683730.0,16713083760.0,22249231760.0,1521415000.0,15191668760.0,12158745880.0,417200,2023
147704421570.0,83743750530.0,16874005960.0,37566268700.0,99131899680.0,,2100000000.0,12342537860.0,9418761330.0,161987191230.0,11441646720.0,16293842720.0,790346000.0,10651300720.0,8410689870.0,417200,2022
,,,,,,2100000000.0,,,,,,,,,417200,2021
1376246122790.0,1259436661520.0,98332478870.0,877415101410.0,486059285840.0,461783424020.0,,462265602680.0,327975219690.0,3756594166600.0,114148333600.0,116721544600.0,15802825000.0,98345508600.0,75829307000.0,031330,2025
833014320840.0,719651653050.0,50813493400.0,392611491950.0,430580095580.0,273678576940.0,,274608784910.0,271783688230.0,2889473317090.0,59752098600.0,62434538600.0,10906787000.0,48845311600.0,54362021000.0,031330,2024
671905875790.0,559135678000.0,50287730710.0,285682584380.0,377309612710.0,97793780000.0,,98907557000.0,238576774810.0,2145067678990.0,49137144960.0,51176755960.0,8920068000.0,40217076960.0,32941535000.0,031330,2023
703586021970.0,604743440190.0,24429721590.0,333392017080.0,361082088950.0,181588836160.0,,182575906840.0,227402152780.0,2544385766500.0,82584209300.0,84819239300.0,6074855000.0,76509354300.0,57790207000.0,031330,2022
,,,,,,,,,,,,,,,031330,2021
78027492350.0,40154701300.0,14785429130.0,23377396530.0,52805152110.0,1841323000.0,,2450300620.0,-80732243820.0,,,,,,,445680,2025
70560573870.0,32266788280.0,24187624890.0,19917655430.0,48632418600.0,7398392000.0,,8142161830.0,-53555514010.0,,,,,,,445680,2024
57797993640.0,21600669960.0,17909050980.0,2716567570.0,52878525660.0,,,965158810.0,-45466488770.0,,,,,,,445680,2023
48627491590.0,13949499130.0,5596640080.0,2834783370.0,43852955750.0,,,387208390.0,-35426047260.0,,,,,,,445680,2022
,,,,,,,,,,,,,,,445680,2021
1228607911030.0,715822146290.0,45214394670.0,192510800390.0,866792976540.0,,53915705000.0,54026596000.0,785239925980.0,,,,,,,003570,2025
1034086066870.0,526652954040.0,94529035580.0,162946662240.0,790344489610.0,,,516486000.0,757448979260.0,,,,,,,003570,2024
1056904317490.0,586959728950.0,60154336650.0,241801003190.0,700696578960.0,,,1040872000.0,680490193930.0,,,,,,,003570,2023
930994305130.0,471157538550.0,15838928850.0,183462729370.0,659055290280.0,,,1158853000.0,642504988570.0,,,,,,,003570,2022
,,,,,,,,,,,,,,,003570,2021
