total_assets,current_assets,cash,current_liabilities,equity,st_debt,lt_debt,total_debt_reported,retained_earnings,revenue,ebit,ebitda,interest_expense,pretax_income,net_income,ticker,year
19183000000.0,6576000000.0,450000000.0,7943000000.0,5609000000.0,469000000.0,1383000000.0,7384000000.0,1882000000.0,23109000000.0,2444000000.0,4519000000.0,376000000.0,2068000000.0,1500000000.0,LPP,2026
17501000000.0,7629000000.0,846000000.0,8453000000.0,5299000000.0,817000000.0,182000000.0,5770000000.0,2017000000.0,20194000000.0,2464000000.0,4153000000.0,213000000.0,2251000000.0,1747000000.0,LPP,2025
13802000000.0,5829000000.0,1076000000.0,5654000000.0,4714000000.0,359000000.0,490000000.0,4756000000.0,1913000000.0,17406000000.0,2254000000.0,3637000000.0,207000000.0,2047000000.0,1607000000.0,LPP,2024
12921000000.0,5569200000.0,465000000.0,5213800000.0,3986000000.0,818200000.0,845000000.0,5325800000.0,840000000.0,15926500000.0,1303400000.0,2432600000.0,215900000.0,1087500000.0,486700000.0,LPP,2023
,,,,,,,,,,,,,,,LPP,2022
265048000000.0,80341000000.0,25461000000.0,60172000000.0,143617000000.0,1507000000.0,23657000000.0,37725000000.0,92597000000.0,267827000000.0,10427000000.0,24670000000.0,1414000000.0,9013000000.0,2531000000.0,PKN,2025
255395000000.0,68543000000.0,9637000000.0,60321000000.0,145771000000.0,3167000000.0,14979000000.0,29491000000.0,97089000000.0,294886000000.0,10119000000.0,24133000000.0,816000000.0,9303000000.0,2826000000.0,PKN,2024
264082000000.0,82801000000.0,13282000000.0,70566000000.0,151036000000.0,4496000000.0,10671000000.0,25896000000.0,99072000000.0,371916000000.0,31506000000.0,45699000000.0,943000000.0,30563000000.0,20922000000.0,PKN,2023
313177000000.0,126584000000.0,21046000000.0,122810000000.0,142070000000.0,7252000000.0,11973000000.0,28761000000.0,85992000000.0,282415000000.0,48825000000.0,56549000000.0,994000000.0,47831000000.0,39677000000.0,PKN,2022
,,,,,,,,,,,,,,,PKN,2021
19513699000.0,5358392000.0,1078992000.0,8447916000.0,2493708000.0,318202000.0,3829468000.0,9449070000.0,-5869095000.0,27152564000.0,2012106000.0,3901620000.0,905959000.0,1106147000.0,1101592000.0,ZAB,2025
17569248000.0,4381474000.0,749578000.0,7566074000.0,1388894000.0,329886000.0,4218930000.0,9403463000.0,-6949807000.0,23797040000.0,1785363000.0,3489375000.0,981653000.0,803710000.0,624262000.0,ZAB,2024
15570669000.0,3758186000.0,649139000.0,6122663000.0,898129000.0,173414000.0,5044955000.0,9230932000.0,-7447360000.0,19805851000.0,1459761000.0,2819008000.0,950073000.0,509688000.0,353724000.0,ZAB,2023
13296443000.0,2766256000.0,280704000.0,6096650000.0,575272000.0,481820000.0,3392712000.0,7473371000.0,-7801084000.0,16003432000.0,1236861000.0,2351593000.0,688063000.0,548798000.0,382333000.0,ZAB,2022
,,,,,,,,,,,,,,,ZAB,2021
3503320000.0,1334673000.0,114115000.0,180304000.0,3289859000.0,,,26038000.0,567982000.0,866989000.0,538998000.0,558501000.0,679000.0,538319000.0,594708000.0,CDR,2025
3026438000.0,1452274000.0,124886000.0,229805000.0,2774059000.0,,,20150000.0,439018000.0,798372000.0,429311000.0,446641000.0,875000.0,428436000.0,444253000.0,CDR,2024
2613500000.0,1162815000.0,178054000.0,171503000.0,2403223000.0,,,,450041000.0,1230199000.0,539355000.0,555900000.0,863000.0,538492000.0,481105000.0,CDR,2023
2276331000.0,1154146000.0,277827000.0,208679000.0,2031466000.0,,,28461000.0,342504000.0,952576000.0,394532000.0,408360000.0,1347000.0,393185000.0,347093000.0,CDR,2022
,,,,,,,46882000.0,,,,,,,,CDR,2021
19721200000.0,5316600000.0,2508200000.0,3592400000.0,10144300000.0,100000.0,4979500000.0,5640700000.0,3110700000.0,11458200000.0,2329500000.0,3462200000.0,469900000.0,1859600000.0,1517100000.0,ALE,2025
19517300000.0,5252700000.0,3762900000.0,2610400000.0,10087200000.0,0.0,5788200000.0,6361900000.0,1593600000.0,10367200000.0,2147700000.0,3191700000.0,531300000.0,1616400000.0,1034600000.0,ALE,2024
18538803000.0,4013966000.0,2049122000.0,2268089000.0,9043326000.0,2702000.0,6064785000.0,6685069000.0,558999000.0,10185317000.0,1073984000.0,2697960000.0,573815000.0,500169000.0,284058000.0,ALE,2023
19205795000.0,3178887000.0,877559000.0,2312601000.0,8981259000.0,1706000.0,6451821000.0,7143708000.0,274941000.0,9004916000.0,-1088077000.0,2094586000.0,551377000.0,-1639454000.0,-1916796000.0,ALE,2022
,,,,,,,,,,,,,,,ALE,2021
58240000000.0,13225000000.0,425000000.0,12069000000.0,32828000000.0,706000000.0,4413000000.0,5849000000.0,31062000000.0,36366000000.0,5607000000.0,7973000000.0,198000000.0,5409000000.0,3687000000.0,KGH,2025
53892000000.0,11607000000.0,691000000.0,11006000000.0,30990000000.0,1152000000.0,4286000000.0,6171000000.0,27374000000.0,35320000000.0,4860000000.0,6866000000.0,252000000.0,4608000000.0,2868000000.0,KGH,2024
51383000000.0,13402000000.0,1656000000.0,11617000000.0,28565000000.0,855000000.0,4086000000.0,5725000000.0,24806000000.0,33467000000.0,-3452000000.0,-1141000000.0,148000000.0,-3600000000.0,-3698000000.0,KGH,2023
53444000000.0,13065000000.0,1134000000.0,9185000000.0,32089000000.0,1139000000.0,4560000000.0,6443000000.0,28704000000.0,33847000000.0,6528000000.0,8767000000.0,39000000.0,6489000000.0,4772000000.0,KGH,2022
,,,,,,,,,,,,,,,KGH,2021
3037000000.0,1436142000.0,464357000.0,1843926000.0,163012000.0,430937000.0,195693000.0,1692940000.0,169145000.0,4523463000.0,353268000.0,808290000.0,101794000.0,251474000.0,-175803000.0,PCO,2025
4016636000.0,1673425000.0,362881000.0,1863782000.0,441251000.0,0.0,612980000.0,2041844000.0,380691000.0,4160416000.0,345541000.0,810687000.0,111462000.0,234079000.0,-734230000.0,PCO,2024
4599717000.0,1636067000.0,330417000.0,1814832000.0,1095336000.0,118794000.0,610270000.0,2022235000.0,1114921000.0,5595664000.0,254717000.0,717749000.0,95872000.0,158845000.0,96631000.0,PCO,2023
3983127000.0,1527195000.0,343933000.0,1408440000.0,1128553000.0,68339000.0,546203000.0,1748086000.0,1058840000.0,4822819000.0,283215000.0,669901000.0,57600000.0,225615000.0,173605000.0,PCO,2022
,,,,,,,,,,,,,,,PCO,2021
15171280000.0,4972032000.0,954814000.0,6065195000.0,8653393000.0,331808000.0,312861000.0,755332000.0,1077742000.0,33634155000.0,2048536000.0,2553567000.0,121883000.0,1926653000.0,1558360000.0,DNP,2025
13055794000.0,4439416000.0,891022000.0,5382849000.0,7085151000.0,565879000.0,442219000.0,1086816000.0,1031871000.0,29273792000.0,1913898000.0,2323077000.0,120335000.0,1793563000.0,1504980000.0,DNP,2024
10377715000.0,3253165000.0,218389000.0,3879293000.0,5605311000.0,283372000.0,839629000.0,1173178000.0,935859000.0,25666255000.0,1885815000.0,2242643000.0,146834000.0,1738981000.0,1405327000.0,DNP,2023
9003059000.0,2706706000.0,382718000.0,3690127000.0,4203783000.0,410157000.0,690862000.0,1153585000.0,674457000.0,19801622000.0,1542259000.0,1842388000.0,140641000.0,1401618000.0,1132087000.0,DNP,2022
,,,,,,,,,,,,,,,DNP,2021
105368000000.0,29423000000.0,10568000000.0,32702000000.0,41823000000.0,1606000000.0,11563000000.0,14875000000.0,-4037000000.0,61434000000.0,-1998000000.0,11885000000.0,1246000000.0,-3244000000.0,-3497000000.0,PGE,2025
103994000000.0,27692000000.0,4156000000.0,34716000000.0,44471000000.0,2599000000.0,9046000000.0,13192000000.0,3577000000.0,64483000000.0,1031000000.0,13310000000.0,1338000000.0,-307000000.0,-2698000000.0,PGE,2024
113443000000.0,35103000000.0,6033000000.0,42675000000.0,46409000000.0,4394000000.0,9017000000.0,14897000000.0,175000000.0,95964000000.0,-2844000000.0,10611000000.0,1211000000.0,-4055000000.0,-5012000000.0,PGE,2023
105778000000.0,34046000000.0,10798000000.0,35296000000.0,53538000000.0,2083000000.0,5854000000.0,8936000000.0,9333000000.0,73435000000.0,4762000000.0,9124000000.0,652000000.0,4110000000.0,3328000000.0,PGE,2022
,,,,,,,,,,,,,,,PGE,2021
23063500000.0,12461100000.0,7246000000.0,7134400000.0,7425700000.0,1139600000.0,1323000000.0,3308600000.0,3650200000.0,16779800000.0,1619700000.0,2360400000.0,201100000.0,1418600000.0,1138700000.0,ACP,2025
20329300000.0,9464400000.0,3299300000.0,6979500000.0,5494600000.0,1187600000.0,1748200000.0,3912800000.0,2729100000.0,15020100000.0,1518100000.0,2229800000.0,202700000.0,1315400000.0,519900000.0,ACP,2024
18793500000.0,8619600000.0,2987100000.0,6033800000.0,5302900000.0,1100600000.0,2241800000.0,4097100000.0,2454500000.0,16896500000.0,1712700000.0,2591600000.0,187000000.0,1525700000.0,482700000.0,ACP,2023
20084200000.0,9370000000.0,3636000000.0,6294200000.0,6549500000.0,1141900000.0,2021800000.0,3963700000.0,2257400000.0,17370100000.0,1867600000.0,2760500000.0,124800000.0,1742800000.0,502300000.0,ACP,2022
,,,,,,,,,,,,,,,ACP,2021
27008000000.0,3832000000.0,518000000.0,7521000000.0,13524000000.0,2713000000.0,1550000000.0,7260000000.0,8763000000.0,13133000000.0,1389000000.0,4109000000.0,460000000.0,929000000.0,762000000.0,OPL,2025
26598000000.0,3791000000.0,546000000.0,4856000000.0,13639000000.0,12000000.0,4067000000.0,7068000000.0,8694000000.0,12732000000.0,1445000000.0,4034000000.0,317000000.0,1128000000.0,913000000.0,OPL,2024
26826000000.0,4070000000.0,796000000.0,6216000000.0,13444000000.0,1508000000.0,2694000000.0,7153000000.0,8408000000.0,12970000000.0,1297000000.0,3868000000.0,289000000.0,1008000000.0,818000000.0,OPL,2023
26766000000.0,4507000000.0,1026000000.0,5245000000.0,13451000000.0,778000000.0,4191000000.0,7745000000.0,8047000000.0,12488000000.0,1153000000.0,3694000000.0,286000000.0,867000000.0,724000000.0,OPL,2022
,,,,,,,,,,,,,,,OPL,2021
8155329000.0,5687796000.0,2899626000.0,5496886000.0,1336069000.0,18751000.0,210423000.0,440907000.0,1051289000.0,9438558000.0,968374000.0,1160518000.0,25098000.0,943276000.0,748014000.0,BDX,2025
7657871000.0,5542347000.0,3205374000.0,5351428000.0,1232294000.0,6906000.0,81836000.0,261031000.0,952505000.0,9117843000.0,855936000.0,1015210000.0,16190000.0,839746000.0,615922000.0,BDX,2024
8418241000.0,6416465000.0,3900290000.0,5751735000.0,1530815000.0,6363000.0,68305000.0,236591000.0,1247742000.0,9801515000.0,942875000.0,1100190000.0,13263000.0,929612000.0,738196000.0,BDX,2023
7387208000.0,5569074000.0,3249369000.0,5058744000.0,1258384000.0,4885000.0,31536000.0,225141000.0,968832000.0,8619054000.0,659910000.0,812297000.0,10976000.0,648934000.0,534443000.0,BDX,2022
,,,,,,,,,,,,,,,BDX,2021
11956218000.0,9156571000.0,537494000.0,3735937000.0,5776024000.0,1587251000.0,1385221000.0,4083926000.0,2216751000.0,21216209000.0,1174601000.0,1435773000.0,169542000.0,1005059000.0,806420000.0,CAR,2025
10765893000.0,8546316000.0,448804000.0,3692672000.0,5111652000.0,1538891000.0,1047010000.0,3572415000.0,1813066000.0,19473078000.0,1063921000.0,1270746000.0,169825000.0,894096000.0,721480000.0,CAR,2024
9271136000.0,7550897000.0,362900000.0,3143903000.0,4437468000.0,1190424000.0,929207000.0,2932621000.0,1505956000.0,18030310000.0,1042765000.0,1225198000.0,173583000.0,869182000.0,700297000.0,CAR,2023
8034046000.0,6583805000.0,342365000.0,2821493000.0,3815725000.0,1158567000.0,728874000.0,2665196000.0,1407777000.0,15285101000.0,1053615000.0,1208591000.0,127815000.0,925800000.0,745698000.0,CAR,2022
,,,,,,,,,,,,,,,CAR,2021
48717000000.0,6604000000.0,248000000.0,11538000000.0,20783000000.0,,,13118000000.0,9116000000.0,34358000000.0,4943000000.0,7430000000.0,690000000.0,4253000000.0,3313000000.0,TPE,2025
45714000000.0,7645000000.0,325000000.0,12153000000.0,17713000000.0,,,14615000000.0,6376000000.0,35399000000.0,2605000000.0,4954000000.0,719000000.0,1886000000.0,585000000.0,TPE,2024
49138000000.0,11779000000.0,692000000.0,13571000000.0,17320000000.0,,,17415000000.0,5201000000.0,50035000000.0,2464000000.0,4690000000.0,842000000.0,1622000000.0,1123000000.0,TPE,2023
45276000000.0,10223000000.0,1678000000.0,10206000000.0,16536000000.0,,,16487000000.0,4254000000.0,36795000000.0,740000000.0,2800000000.0,630000000.0,110000000.0,-134000000.0,TPE,2022
,,,,,,,,,,,,,,,TPE,2021
40269000000.0,7008000000.0,1174000000.0,9638000000.0,12822000000.0,2444000000.0,12203000000.0,15829000000.0,5231000000.0,21741000000.0,2261000000.0,3739000000.0,787000000.0,1474000000.0,1243000000.0,ENG,2025
35673000000.0,7630000000.0,989000000.0,8827000000.0,11680000000.0,223000000.0,10844000000.0,12114000000.0,4383000000.0,22753000000.0,1433000000.0,2712000000.0,706000000.0,727000000.0,376000000.0,ENG,2024
31695000000.0,8350000000.0,521000000.0,13166000000.0,11330000000.0,2590000000.0,3354000000.0,6847000000.0,4076000000.0,26087000000.0,1176000000.0,1176000000.0,611000000.0,1098000000.0,606000000.0,ENG,2023
27248000000.0,5804000000.0,1100000000.0,9403000000.0,10981000000.0,3146000000.0,3496000000.0,7459000000.0,3706000000.0,20444000000.0,1521000000.0,2655000000.0,344000000.0,1177000000.0,967000000.0,ENG,2022
,,,,,,,,,,,,,,,ENG,2021
35269100000.0,8528300000.0,3183200000.0,6018900000.0,13489000000.0,1593500000.0,12912600000.0,15216700000.0,6454700000.0,14323600000.0,-1409800000.0,3545500000.0,1028300000.0,-2438100000.0,-2551400000.0,CPS,2025
37468000000.0,9026900000.0,2653000000.0,5693300000.0,16123100000.0,1682000000.0,12813500000.0,15180200000.0,8987400000.0,14265900000.0,2203300000.0,4394400000.0,1123800000.0,1079500000.0,710500000.0,CPS,2024
37176700000.0,9027500000.0,3306000000.0,5516600000.0,15431800000.0,1463400000.0,13489700000.0,15563900000.0,8334100000.0,13626300000.0,1621400000.0,4201500000.0,1199600000.0,421800000.0,278500000.0,CPS,2023
32306600000.0,6531300000.0,808500000.0,6315400000.0,15270300000.0,1688600000.0,8525200000.0,10738000000.0,8057600000.0,12915300000.0,1867800000.0,4365400000.0,757500000.0,1110300000.0,900000000.0,CPS,2022
,,,,,,,,,,,,,,,CPS,2021
7051980000.0,1199791000.0,597946000.0,1584737000.0,2358886000.0,94998000.0,1297920000.0,3242853000.0,1467020000.0,4522683000.0,917733000.0,1457779000.0,191373000.0,726360000.0,570850000.0,BFT,2025
3419940000.0,662966000.0,309498000.0,1015238000.0,1154725000.0,38989000.0,117777000.0,1450115000.0,847177000.0,3397270000.0,651677000.0,1004678000.0,51355000.0,600322000.0,449630000.0,BFT,2024
2800423000.0,701784000.0,434004000.0,812246000.0,996758000.0,18663000.0,41866000.0,1123006000.0,708645000.0,2774145000.0,589337000.0,876811000.0,35928000.0,553409000.0,439645000.0,BFT,2023
2234021000.0,466311000.0,218327000.0,611646000.0,727033000.0,24140000.0,60566000.0,1039301000.0,443082000.0,1909120000.0,203236000.0,435312000.0,26664000.0,176572000.0,138124000.0,BFT,2022
,,,,,,,,,,,,,,,BFT,2021
1499808000.0,1372656000.0,257612000.0,1115111000.0,339272000.0,238465000.0,13683000.0,290112000.0,313386000.0,3862999000.0,102405000.0,112233000.0,25704000.0,76701000.0,60639000.0,ASB,2025
1200811000.0,1112656000.0,155034000.0,875278000.0,298198000.0,219058000.0,12573000.0,248465000.0,280486000.0,3008503000.0,88841000.0,97454000.0,23829000.0,65012000.0,54441000.0,ASB,2024
1012478000.0,931214000.0,143560000.0,715549000.0,280768000.0,193814000.0,436000.0,211656000.0,253790000.0,3061228000.0,93053000.0,100780000.0,28084000.0,64969000.0,53048000.0,ASB,2023
1063526000.0,1003920000.0,134598000.0,809184000.0,243471000.0,202903000.0,553000.0,214479000.0,225816000.0,2690039000.0,110937000.0,116724000.0,19891000.0,91046000.0,75867000.0,ASB,2022
,,,,,,,,,,,,,,,ASB,2021
39886329000.0,15262871000.0,4088410000.0,11172788000.0,16767196000.0,991527000.0,5826746000.0,7616171000.0,12763368000.0,27539506000.0,2868519000.0,4273993000.0,456512000.0,2412007000.0,1816255000.0,ENA,2025
39467853000.0,19128497000.0,3630568000.0,12573416000.0,15309592000.0,755981000.0,6094390000.0,7577968000.0,11276846000.0,31235008000.0,2943813000.0,4452321000.0,547631000.0,2396182000.0,1395787000.0,ENA,2024
39110745000.0,17473767000.0,1789847000.0,14968058000.0,13938930000.0,3090033000.0,4288396000.0,8073361000.0,9858705000.0,44020952000.0,19277000.0,1671197000.0,527326000.0,-508049000.0,-704308000.0,ENA,2023
37434972000.0,14273352000.0,1052176000.0,13589068000.0,14874670000.0,750273000.0,4087307000.0,5494038000.0,10663950000.0,30076258000.0,587583000.0,2172574000.0,312197000.0,275386000.0,45304000.0,ENA,2022
,,,,,,,,,,,,,,,ENA,2021
11025500000.0,5016600000.0,435800000.0,5471200000.0,2155700000.0,559400000.0,1485100000.0,4506200000.0,-1053100000.0,10895700000.0,332000000.0,1090700000.0,289100000.0,42900000.0,21800000.0,MDV,2026
8998000000.0,4645600000.0,461200000.0,4064500000.0,1749100000.0,324700000.0,1572000000.0,3888600000.0,104700000.0,10234700000.0,1301500000.0,1904500000.0,429200000.0,872300000.0,925100000.0,MDV,2025
7333300000.0,3568200000.0,266500000.0,4439600000.0,822000000.0,1418800000.0,676600000.0,3827600000.0,-832600000.0,9440300000.0,279000000.0,873500000.0,417200000.0,-138200000.0,-56100000.0,MDV,2024
7064100000.0,3462800000.0,395400000.0,3740000000.0,416300000.0,1155700000.0,1370500000.0,4305900000.0,-759700000.0,9123200000.0,-50500000.0,534000000.0,348400000.0,-398900000.0,-417600000.0,MDV,2023
,,,,,,,,,,,,,,,MDV,2022
3396911000.0,2155355000.0,809584000.0,1367062000.0,1864643000.0,912746000.0,,1082486000.0,2291951000.0,3581462000.0,321712000.0,426435000.0,110660000.0,211052000.0,167952000.0,KER,2024
3885169000.0,2442102000.0,954103000.0,1898804000.0,1741857000.0,1466144000.0,,1664039000.0,2123999000.0,3455121000.0,518359000.0,623145000.0,150535000.0,367824000.0,299192000.0,KER,2023
4185612000.0,2523156000.0,447625000.0,2238186000.0,1683188000.0,1688125000.0,0.0,1927677000.0,1949731000.0,5331545000.0,83114000.0,212790000.0,126595000.0,-43481000.0,-41102000.0,KER,2022
,,,,,,,,,,,,,,,KER,2025
4162000000.0,1618000000.0,51000000.0,991000000.0,2000000000.0,341000000.0,1025000000.0,1436000000.0,1779000000.0,5494000000.0,786000000.0,1023000000.0,78000000.0,708000000.0,568000000.0,KTY,2025
4221000000.0,1648000000.0,68000000.0,1057000000.0,1936000000.0,449000000.0,1059000000.0,1584000000.0,1761000000.0,5144000000.0,723000000.0,934000000.0,74000000.0,649000000.0,560000000.0,KTY,2024
3655000000.0,1558000000.0,79000000.0,1169000000.0,1890000000.0,509000000.0,442000000.0,1020000000.0,1741000000.0,5219000000.0,679000000.0,860000000.0,57000000.0,622000000.0,539077000.0,KTY,2023
3886143000.0,1982890000.0,126295000.0,955479000.0,1940995000.0,295416000.0,854051000.0,1195750000.0,1807481000.0,5930865000.0,857840000.0,1024092000.0,58883000.0,798957000.0,678356000.0,KTY,2022
,,,,,,,,,,,,,,,KTY,2021
13032173000.0,3959724000.0,212629000.0,629910000.0,5326140000.0,275462000.0,6848150000.0,7227010000.0,4745190000.0,2540222000.0,1146272000.0,1211653000.0,10198000.0,1136074000.0,1085008000.0,KRU,2025
11648879000.0,3598200000.0,214790000.0,615740000.0,4528986000.0,251461000.0,6316851000.0,6626551000.0,4009434000.0,2203581000.0,942200000.0,1004679000.0,,1010405000.0,1073954000.0,KRU,2024
9928505000.0,943287000.0,388461000.0,74690000.0,3791393000.0,363489000.0,5097871000.0,5531167000.0,3283218000.0,1794786000.0,971200000.0,1029497000.0,,1037474000.0,983934000.0,KRU,2023
7681082000.0,2482676000.0,202160000.0,698265000.0,3254017000.0,413182000.0,3463689000.0,3945794000.0,2589066000.0,1488229000.0,850654000.0,901842000.0,,863710000.0,804982000.0,KRU,2022
,,,,,,,,,,,,9179000.0,,,KRU,2021
2069538000.0,368688000.0,18424000.0,506763000.0,528397000.0,6085000.0,627714000.0,1080644000.0,349758000.0,2410467000.0,385742000.0,587536000.0,68860000.0,316882000.0,251603000.0,DIA,2025
1718019000.0,327023000.0,40518000.0,396018000.0,418635000.0,14563000.0,579786000.0,969423000.0,309810000.0,1950147000.0,348561000.0,510086000.0,57367000.0,291194000.0,223326000.0,DIA,2024
1398146000.0,323246000.0,94853000.0,313130000.0,325130000.0,555000.0,534539000.0,850495000.0,211025000.0,1587979000.0,227812000.0,375057000.0,54195000.0,173617000.0,123430000.0,DIA,2023
1196583000.0,284994000.0,90968000.0,249955000.0,312533000.0,868000.0,425670000.0,720528000.0,266399000.0,1435584000.0,254662000.0,380525000.0,32814000.0,221848000.0,167415000.0,DIA,2022
,,,,,,,,,,,,,,,DIA,2021
8367780000.0,1366269000.0,195252000.0,668364000.0,4351161000.0,201109000.0,2749260000.0,3214792000.0,584621000.0,4225771000.0,145732000.0,329013000.0,204856000.0,-59124000.0,-124568000.0,PEP,2025
7530268000.0,2082403000.0,1314294000.0,728610000.0,4303511000.0,163559000.0,1940830000.0,2376802000.0,780223000.0,4320530000.0,495628000.0,669974000.0,99613000.0,396015000.0,301166000.0,PEP,2024
6711616000.0,2301086000.0,1310415000.0,904131000.0,3997653000.0,211344000.0,1320797000.0,1736895000.0,638960000.0,5615412000.0,415584000.0,577662000.0,85280000.0,330304000.0,263587000.0,PEP,2023
6247334000.0,2300848000.0,729206000.0,1379528000.0,3083035000.0,216743000.0,1292699000.0,1693078000.0,495696000.0,7089231000.0,261457000.0,377874000.0,61188000.0,200269000.0,159918000.0,PEP,2022
,,,,,,,,,,,,,,,PEP,2021
1040721000.0,276644000.0,121108000.0,367409000.0,517646000.0,5612000.0,105391000.0,157202000.0,374970000.0,811232000.0,325749000.0,366084000.0,14234000.0,311515000.0,238654000.0,GPP,2025
1043792000.0,322576000.0,148415000.0,395467000.0,431308000.0,39534000.0,175784000.0,246345000.0,324360000.0,770015000.0,285401000.0,321001000.0,20131000.0,265270000.0,204281000.0,GPP,2024
1028709000.0,274145000.0,163464000.0,379996000.0,363145000.0,23543000.0,239295000.0,296905000.0,292948000.0,724398000.0,259537000.0,293974000.0,27816000.0,231721000.0,185029000.0,GPP,2023
1018215000.0,218058000.0,109122000.0,366140000.0,310923000.0,63492000.0,303168000.0,386364000.0,272686000.0,608549000.0,239013000.0,261213000.0,18156000.0,220857000.0,166580000.0,GPP,2022
,,,,,,,,,,,,,,,GPP,2021
2105150000.0,1548509000.0,537663000.0,843011000.0,1145746000.0,35728000.0,5629000.0,117256000.0,920581000.0,2386420000.0,442617000.0,500680000.0,10885000.0,431732000.0,355898000.0,NWG,2025
1733333000.0,1176045000.0,229589000.0,725107000.0,880394000.0,35950000.0,6192000.0,139814000.0,665868000.0,1589409000.0,164965000.0,215348000.0,14597000.0,150368000.0,122132000.0,NWG,2024
1731021000.0,1189987000.0,438929000.0,787646000.0,802195000.0,107054000.0,2908000.0,215146000.0,703093000.0,1231096000.0,141486000.0,185779000.0,28486000.0,113000000.0,95183000.0,NWG,2023
1421391000.0,935938000.0,20430000.0,579006000.0,708967000.0,290796000.0,0.0,407467000.0,609709000.0,963858000.0,56027000.0,99694000.0,34363000.0,21664000.0,22761000.0,NWG,2022
,,,,,,,,,,,,,,,NWG,2021
2330602000.0,1765828000.0,51588000.0,453449000.0,1413885000.0,162369000.0,143054000.0,639361000.0,1294107000.0,4424895000.0,280354000.0,337214000.0,32779000.0,247575000.0,198932000.0,APR,2025
2025927000.0,1603446000.0,38584000.0,415190000.0,1234293000.0,155393000.0,158342000.0,526613000.0,1114768000.0,4112497000.0,286873000.0,341157000.0,28243000.0,258630000.0,207976000.0,APR,2024
1793923000.0,1421381000.0,37360000.0,456159000.0,1046192000.0,196135000.0,104146000.0,490000000.0,926385000.0,3653384000.0,305931000.0,349435000.0,28676000.0,277255000.0,223586000.0,APR,2023
1570282000.0,1285592000.0,34931000.0,458062000.0,842824000.0,210616000.0,138700000.0,500932000.0,722392000.0,2834701000.0,280395000.0,313244000.0,23968000.0,256427000.0,207268000.0,APR,2022
,,,,,,,,,,,,,,,APR,2021
6242080000.0,4173475000.0,137916000.0,4686460000.0,1057530000.0,307410000.0,0.0,501813000.0,700176000.0,13643615000.0,265249000.0,392573000.0,60365000.0,204884000.0,155579000.0,NEU,2025
5510182000.0,3565112000.0,109782000.0,3768618000.0,1139146000.0,261427000.0,391000.0,448575000.0,733078000.0,12611751000.0,297695000.0,417853000.0,70702000.0,226993000.0,154244000.0,NEU,2024
5175267000.0,3288778000.0,105036000.0,3765962000.0,990357000.0,184598000.0,3076000.0,369322000.0,657314000.0,11812636000.0,285137000.0,399743000.0,81348000.0,203789000.0,146269000.0,NEU,2023
4759703000.0,3186060000.0,208415000.0,3487154000.0,882889000.0,196597000.0,5859000.0,378079000.0,642695000.0,11232186000.0,251980000.0,349897000.0,47846000.0,204134000.0,137238000.0,NEU,2022
,,,,,,,,,,,,,,,NEU,2021
2256624000.0,988510000.0,311942000.0,757870000.0,1222822000.0,65583000.0,87624000.0,220700000.0,1011692000.0,1798665000.0,240129000.0,346998000.0,11133000.0,228996000.0,198254000.0,ASE,2025
2317295000.0,938202000.0,271211000.0,671544000.0,1074083000.0,76912000.0,85820000.0,228365000.0,904253000.0,1708184000.0,262179000.0,361566000.0,10919000.0,251260000.0,199223000.0,ASE,2024
2120893000.0,950631000.0,313112000.0,715414000.0,1115378000.0,51610000.0,54124000.0,153162000.0,790640000.0,1642531000.0,262016000.0,351287000.0,7129000.0,254887000.0,199937000.0,ASE,2023
1869217000.0,812500000.0,298034000.0,565016000.0,1110165000.0,66455000.0,48635000.0,160208000.0,666469000.0,1565493000.0,242442000.0,335809000.0,4723000.0,237719000.0,187828000.0,ASE,2022
,,,,,,,,,,,,,,,ASE,2021
13452600000.0,2654000000.0,717300000.0,6789100000.0,3057700000.0,1468500000.0,359900000.0,2506300000.0,880300000.0,9408100000.0,-6345700000.0,-4844800000.0,366200000.0,-6711900000.0,-6214600000.0,JSW,2025
22873000000.0,4005000000.0,736000000.0,8954100000.0,9287000000.0,362700000.0,1523200000.0,2499900000.0,7128900000.0,11325800000.0,-7936000000.0,-6238100000.0,420600000.0,-8356600000.0,-7242300000.0,JSW,2024
27793800000.0,5697900000.0,2577500000.0,7010800000.0,16469400000.0,635800000.0,782400000.0,2058500000.0,14305000000.0,15338500000.0,3297500000.0,5026700000.0,422800000.0,2874700000.0,993900000.0,JSW,2023
27070800000.0,7852300000.0,4736590000.0,7733700000.0,15544200000.0,538800000.0,755200000.0,1875800000.0,13389600000.0,20198500000.0,9639700000.0,11152600000.0,180400000.0,9459300000.0,7618000000.0,JSW,2022
,,,,,,,,,,,,,,,JSW,2021
489111688.04,336083568.64,84253769.26,204872719.5,223540180.71,7755621.67,7638870.0,40857879.2,151116212.72,681598581.96,158546608.4,179568536.31,2355955.0,156190653.4,102927868.27,SNT,2025
375258439.59,212285617.08,84331669.12,134651463.96,190023971.75,0.0,0.0,24490245.5,125711714.38,624121793.4,125281750.82,141814817.27,1442571.37,123839179.45,82565913.54,SNT,2024
299915361.26,168624357.46,62663190.44,118233328.25,134201013.22,1300000.0,0.0,18721108.28,69072216.94,446871567.99,67578093.66,82356160.85,1903190.85,65674902.81,52452190.69,SNT,2023
236480185.5,109753058.58,9678540.38,104907576.15,87846089.59,20570035.72,1300000.0,36881559.31,18071749.72,166860941.08,13745130.96,25784602.68,1456209.27,12288921.69,10301206.37,SNT,2022
,,,,,,,,,,,,,,,SNT,2021
4915533000.0,4712081000.0,4150000.0,1680465000.0,1724886000.0,738410000.0,1199920000.0,2057133000.0,260171000.0,1267068000.0,299370000.0,304089000.0,24930000.0,274440000.0,223306000.0,1AT,2025
3799642000.0,3604822000.0,23005000.0,1239432000.0,1738775000.0,822091000.0,100000000.0,1070715000.0,323463000.0,1486898000.0,376391000.0,380677000.0,10635000.0,365756000.0,295401000.0,1AT,2024
3539701000.0,3351366000.0,476826000.0,852533000.0,1700122000.0,83697000.0,576457000.0,794402000.0,369921000.0,1500486000.0,431643000.0,435120000.0,8529000.0,423114000.0,341217000.0,1AT,2023
3178081000.0,2976051000.0,291877000.0,1268849000.0,1301742000.0,383621000.0,179142000.0,789800000.0,386769000.0,1657823000.0,465962000.0,469006000.0,3002000.0,462960000.0,368244000.0,1AT,2022
,,,,,,,,,,,,,,,1AT,2021
553072000.0,159806000.0,80618000.0,89762000.0,425868000.0,,,42658000.0,221340000.0,476774000.0,145996000.0,186695000.0,1748000.0,144248000.0,132878000.0,ABS,2025
502773000.0,106218000.0,40923000.0,73546000.0,385127000.0,,,49529000.0,191642000.0,428812000.0,126160000.0,166304000.0,1879000.0,124281000.0,115026000.0,ABS,2024
493219000.0,109565000.0,52999000.0,69273000.0,379260000.0,,,49030000.0,149626000.0,380540000.0,111873000.0,147506000.0,1894000.0,109979000.0,95030000.0,ABS,2023
476954000.0,103013000.0,48282000.0,70081000.0,361648000.0,,,51752000.0,132014000.0,338515000.0,101082000.0,131113000.0,1666000.0,99416000.0,85286000.0,ABS,2022
,,,,,,,,,,,,,,,ABS,2021
4219953000.0,3877994000.0,134575000.0,2547766000.0,1528635000.0,69004000.0,103366000.0,211015000.0,593133000.0,14931151000.0,265444000.0,287343000.0,43391000.0,222053000.0,173863000.0,ABE,2025
3875790000.0,3518198000.0,143614000.0,2304704000.0,1392181000.0,62746000.0,138039000.0,241501000.0,556505000.0,14658180000.0,284663000.0,307566000.0,63654000.0,221009000.0,174686000.0,ABE,2024
3409907000.0,3044020000.0,52656000.0,2003311000.0,1293706000.0,193071000.0,63245000.0,307140000.0,484552000.0,15219713000.0,288623000.0,313598000.0,90704000.0,197919000.0,158053000.0,ABE,2023
3422484000.0,3044163000.0,50943000.0,2103201000.0,1143839000.0,205954000.0,117595000.0,378097000.0,412283000.0,,,,,,,ABE,2022
1793461000.0,426493000.0,351031000.0,350317000.0,501648000.0,114698000.0,536913000.0,714872000.0,567541000.0,855151000.0,210859000.0,276946000.0,51958000.0,158901000.0,63138000.0,CBF,2025
942660000.0,239882000.0,142936000.0,216215000.0,321246000.0,49134000.0,143471000.0,229740000.0,348035000.0,656331000.0,198294000.0,232737000.0,20117000.0,178177000.0,116331000.0,CBF,2024
832928000.0,110335000.0,70323000.0,172945000.0,223038000.0,53228000.0,193020000.0,283825000.0,257488000.0,479946000.0,129077000.0,161844000.0,27418000.0,101659000.0,50826000.0,CBF,2023
865600000.0,91877000.0,54078000.0,145022000.0,218720000.0,37842000.0,273556000.0,346228000.0,224552000.0,392177000.0,72309000.0,98883000.0,19833000.0,52476000.0,24011000.0,CBF,2022
,,,,,,,,,,,,,,,CBF,2021
332687000.0,209282000.0,126870000.0,117622000.0,157322000.0,0.0,0.0,20889000.0,12551000.0,143910000.0,26971000.0,41303000.0,2052000.0,24919000.0,13571000.0,CRI,2025
162328000.0,54807000.0,32397000.0,29637000.0,70954000.0,0.0,0.0,22522000.0,-21475000.0,15829000.0,-20923000.0,-12938000.0,848000.0,-21771000.0,-20455000.0,CRI,2024
172536000.0,95395000.0,73224000.0,23896000.0,91371000.0,0.0,0.0,24006000.0,-15362000.0,30725000.0,-15975000.0,-7729000.0,1492000.0,-17467000.0,-14342000.0,CRI,2023
75345000.0,44978000.0,26304000.0,12824000.0,48326000.0,155000.0,0.0,2854000.0,-8051000.0,20209000.0,-8359000.0,-3724000.0,420000.0,-8779000.0,-7062000.0,CRI,2022
,,,,,,,,,,,,,,,CRI,2021
595387000.0,160948000.0,105519000.0,120000000.0,401699000.0,17968000.0,54533000.0,80932000.0,121204000.0,471152000.0,112800000.0,128247000.0,5041000.0,107759000.0,89866000.0,VRC,2025
626375000.0,159648000.0,106235000.0,118828000.0,417941000.0,18472000.0,69276000.0,95726000.0,94304000.0,495885000.0,95790000.0,111965000.0,7340000.0,88450000.0,76288000.0,VRC,2024
559055000.0,103052000.0,63261000.0,82893000.0,365911000.0,16072000.0,88706000.0,114211000.0,80555000.0,337377000.0,90867000.0,106392000.0,11030000.0,79837000.0,70397000.0,VRC,2023
586944000.0,87908000.0,49040000.0,77492000.0,356039000.0,20683000.0,134763000.0,161940000.0,37672000.0,260318000.0,43362000.0,53032000.0,6037000.0,37325000.0,31416000.0,VRC,2022
,,,,,,,,,,,,,,,VRC,2021
2361500000.0,257000000.0,145600000.0,593100000.0,371400000.0,102100000.0,557100000.0,1622100000.0,188100000.0,2558100000.0,122000000.0,402200000.0,84300000.0,37700000.0,16100000.0,EAT,2025
2368400000.0,288700000.0,139600000.0,557800000.0,372600000.0,36500000.0,580900000.0,1587300000.0,187000000.0,2556300000.0,117700000.0,377700000.0,83300000.0,34400000.0,8500000.0,EAT,2024
2351700000.0,376500000.0,227500000.0,604500000.0,385400000.0,52500000.0,571400000.0,1510900000.0,193700000.0,2431600000.0,111900000.0,355000000.0,62900000.0,49000000.0,44900000.0,EAT,2023
2280200000.0,372600000.0,229600000.0,626400000.0,320100000.0,102200000.0,551500000.0,1532400000.0,148800000.0,2126700000.0,101100000.0,353000000.0,44800000.0,56300000.0,1300000.0,EAT,2022
,,,,,,,,,,,,,,,EAT,2021
220232000.0,127297000.0,56123000.0,33090000.0,139499000.0,880000.0,33737000.0,37302000.0,9765000.0,70055000.0,3283000.0,5328000.0,3316000.0,-33000.0,1070000.0,GNS,2025
53093000.0,31778000.0,6824000.0,33946000.0,16503000.0,78000.0,0.0,1066000.0,6503000.0,76618000.0,5015000.0,6221000.0,467000.0,4548000.0,1931000.0,GNS,2024
3905597.7,1802833.06,234180.51,281446.23,3561387.2,30000.0,,30000.0,-5421869.08,334972.32,-1286754.58,-1233972.83,575.46,-1287330.04,-1239699.65,GNS,2023
1400384.91,897579.91,128128.06,237494.38,1162890.53,85000.0,,85000.0,-4182169.43,139679.22,-220443.08,-210466.58,1790.0,-222233.08,-222233.08,GNS,2022
,,,,,,,,,,,,,,,GNS,2021
1427974000.0,965594000.0,348256000.0,843111000.0,501438000.0,,,86441000.0,515629000.0,4557807000.0,325578000.0,353643000.0,4104000.0,321474000.0,259211000.0,RBW,2025
1299243000.0,786737000.0,287630000.0,750477000.0,407271000.0,8744000.0,22485000.0,93197000.0,372718000.0,4068063000.0,356808000.0,379262000.0,3235000.0,353573000.0,281979000.0,RBW,2024
983429000.0,642377000.0,275627000.0,658818000.0,206909000.0,,,69086000.0,190501000.0,3293392000.0,216669000.0,238546000.0,1215000.0,215454000.0,172840000.0,RBW,2023
725990000.0,438521000.0,142415000.0,438567000.0,111959000.0,,,142187000.0,68562000.0,2393306000.0,30953000.0,52541000.0,2202000.0,28751000.0,21497000.0,RBW,2022
,,,,,20200000.0,49600000.0,,,,,,,,,RBW,2021
3051505000.0,2140020000.0,813142000.0,2154901000.0,731491000.0,43580000.0,0.0,119801000.0,115482000.0,4130489000.0,195232000.0,250035000.0,17653000.0,177579000.0,134312000.0,PXM,2025
2658802000.0,1727917000.0,656258000.0,1871631000.0,588871000.0,35001000.0,42776000.0,150703000.0,-257116000.0,2855894000.0,-396377000.0,-347950000.0,25845000.0,-422222000.0,-348584000.0,PXM,2024
2468988000.0,1634136000.0,458408000.0,1318475000.0,933529000.0,75746000.0,76343000.0,216378000.0,4219000.0,3013631000.0,-116915000.0,-73197000.0,22033000.0,-138948000.0,-123213000.0,PXM,2023
2728727000.0,1951313000.0,950544000.0,1419270000.0,1037570000.0,34749000.0,137011000.0,235342000.0,145727000.0,3784203000.0,186230000.0,226384000.0,20411000.0,165819000.0,132408000.0,PXM,2022
,,,,,,,,,,,,,,,PXM,2021
2798255000.0,931849000.0,46192000.0,923391000.0,1131036000.0,149880000.0,,215079000.0,839618000.0,1826193000.0,545996000.0,580201000.0,16953000.0,529043000.0,498220000.0,MNC,2025
1397069000.0,882884000.0,24202000.0,594668000.0,686423000.0,65446000.0,,219918000.0,397496000.0,1388855000.0,124317000.0,146141000.0,6557000.0,117760000.0,77919000.0,MNC,2024
1090175000.0,715040000.0,179904000.0,321549000.0,672845000.0,3325000.0,0.0,77816000.0,603436000.0,1233239000.0,145298000.0,165345000.0,4102000.0,141196000.0,91522000.0,MNC,2023
967135000.0,602585000.0,15339000.0,316113000.0,586436000.0,6896000.0,0.0,82399000.0,517023000.0,1282427000.0,43414000.0,62177000.0,5576000.0,37838000.0,34462000.0,MNC,2022
,,,,,,0.0,,,,,,,,,MNC,2021
3841873000.0,1223299000.0,400543000.0,881840000.0,872274000.0,71722000.0,1712989000.0,1882932000.0,531423000.0,2213622000.0,137183000.0,389900000.0,107497000.0,29686000.0,-34118000.0,WPL,2025
2257351000.0,640405000.0,258178000.0,515344000.0,969229000.0,60415000.0,637015000.0,740766000.0,652892000.0,1568308000.0,281811000.0,448950000.0,61479000.0,220332000.0,155877000.0,WPL,2024
2085124000.0,558798000.0,239456000.0,484102000.0,880725000.0,137116000.0,585212000.0,781281000.0,556244000.0,1436803000.0,282078000.0,434776000.0,63373000.0,218705000.0,155754000.0,WPL,2023
2010836000.0,477227000.0,185429000.0,446064000.0,870031000.0,149856000.0,521119000.0,736688000.0,522436000.0,1077720000.0,260444000.0,366627000.0,29023000.0,231421000.0,170531000.0,WPL,2022
,,,,,,,,,,,,,,,WPL,2021
18280704000.0,4943748000.0,498970000.0,16095483000.0,487357000.0,8050794000.0,51786000.0,8640625000.0,-502789000.0,13138155000.0,-4335784000.0,-3232307000.0,913660000.0,-5249444000.0,-4309500000.0,ATT,2025
24161930000.0,6035501000.0,692813000.0,15793172000.0,4838006000.0,7609191000.0,698624000.0,8753606000.0,3409064000.0,13042933000.0,-684229000.0,166894000.0,357514000.0,-1041743000.0,-1028110000.0,ATT,2024
24296520000.0,7031404000.0,1012355000.0,14830752000.0,5951454000.0,6867697000.0,626865000.0,7942421000.0,2820560000.0,13545094000.0,-3288975000.0,-2480801000.0,294289000.0,-3583264000.0,-2822147000.0,ATT,2023
25865644000.0,8916891000.0,1376541000.0,8614858000.0,8934649000.0,689738000.0,4971706000.0,6094030000.0,5665545000.0,24657853000.0,901969000.0,1657982000.0,213283000.0,688686000.0,620122000.0,ATT,2022
,,,,,,,,,,,,,,,ATT,2021
902698000.0,395639000.0,74076000.0,327149000.0,480183000.0,53260000.0,5066000.0,91810000.0,204929000.0,846509000.0,86623000.0,136620000.0,10124000.0,76499000.0,73355000.0,CMP,2025
1005914000.0,485210000.0,200112000.0,419217000.0,453698000.0,80474000.0,26622000.0,139798000.0,184355000.0,903254000.0,69454000.0,120176000.0,13525000.0,55929000.0,38091000.0,CMP,2024
918497000.0,380246000.0,88611000.0,371744000.0,453695000.0,61072000.0,42200000.0,135203000.0,218925000.0,997503000.0,61587000.0,105973000.0,18052000.0,43535000.0,-44462000.0,CMP,2023
1042748000.0,423977000.0,52380000.0,390133000.0,513946000.0,136232000.0,56459000.0,228488000.0,267014000.0,750429000.0,27729000.0,72266000.0,14103000.0,13626000.0,-361000.0,CMP,2022
,,,,,,,,,,,,,,,CMP,2021
798549000.0,542810000.0,137994000.0,183483000.0,588004000.0,,,2807000.0,448982000.0,616736000.0,156112000.0,156112000.0,2258000.0,153854000.0,126096000.0,LBW,2025
756866000.0,499760000.0,162662000.0,264655000.0,461940000.0,11000.0,0.0,4041000.0,322824000.0,510227000.0,122883000.0,122883000.0,1795000.0,121088000.0,100521000.0,LBW,2024
560301000.0,310231000.0,96460000.0,158893000.0,361998000.0,4829000.0,6916000.0,17165000.0,222028000.0,377613000.0,55929000.0,69379000.0,2232000.0,53697000.0,45607000.0,LBW,2023
424396000.0,183274000.0,9907000.0,68536000.0,315767000.0,21413000.0,10138000.0,35473000.0,176947000.0,332005000.0,27698000.0,41294000.0,2804000.0,24894000.0,20609000.0,LBW,2022
,,,,,11043000.0,13361000.0,,,,,,,,,LBW,2021
1771486000.0,1196814000.0,322938000.0,1136332000.0,455111000.0,81863000.0,0.0,186702000.0,-122594000.0,2242361000.0,137254000.0,174400000.0,20686000.0,116568000.0,81438000.0,TRK,2025
1662764000.0,1203480000.0,343087000.0,1085779000.0,375241000.0,98995000.0,10699000.0,178896000.0,-204237000.0,2103466000.0,61839000.0,97328000.0,25544000.0,36295000.0,35191000.0,TRK,2024
1488651000.0,1013963000.0,379033000.0,1154535000.0,242945000.0,134557000.0,612000.0,212612000.0,-238649000.0,2065681000.0,92003000.0,127232000.0,35070000.0,56933000.0,55709000.0,TRK,2023
1392419000.0,895351000.0,97898000.0,1071412000.0,210225000.0,251553000.0,13269000.0,348289000.0,-292793000.0,1501957000.0,-288625000.0,-249957000.0,37807000.0,-326432000.0,-306447000.0,TRK,2022
,,,,,,,,,,,,,,,TRK,2021
474062000.0,290157000.0,112133000.0,21590000.0,353250000.0,976000.0,,2657000.0,296425000.0,298211000.0,101942000.0,135039000.0,274000.0,101668000.0,69905000.0,PLW,2025
565242000.0,328926000.0,124111000.0,28699000.0,421012000.0,321000.0,0.0,1738000.0,378810000.0,301844000.0,238049000.0,256408000.0,263000.0,237786000.0,174084000.0,PLW,2024
534946000.0,399424000.0,102150000.0,21098000.0,401985000.0,645000.0,0.0,2838000.0,346282000.0,273956000.0,133810000.0,135466000.0,568000.0,133242000.0,106733000.0,PLW,2023
558600000.0,375882000.0,139772000.0,12918000.0,420287000.0,374000.0,2000.0,2935000.0,365893000.0,257272000.0,148096000.0,149591000.0,283000.0,147813000.0,112325000.0,PLW,2022
,,,,,,0.0,,,,,,,,,PLW,2021
516072000.0,252058000.0,187657000.0,131405000.0,363837000.0,100000.0,,9294000.0,73463000.0,350256000.0,91900000.0,105860000.0,1132000.0,90768000.0,77260000.0,SGN,2025
414834000.0,184308000.0,131081000.0,110082000.0,283595000.0,12144000.0,0.0,20590000.0,62154000.0,293189000.0,71044000.0,85960000.0,1860000.0,69184000.0,60455000.0,SGN,2024
282526000.0,93857000.0,34506000.0,85359000.0,169211000.0,18795000.0,18267000.0,46353000.0,24447000.0,211596000.0,28054000.0,38810000.0,5046000.0,23008000.0,26966000.0,SGN,2022
279087000.0,90230000.0,24786000.0,88657000.0,141642000.0,18057000.0,36001000.0,67328000.0,43417000.0,204052000.0,57086000.0,68908000.0,4767000.0,52319000.0,46563000.0,SGN,2021
2335220000.0,19301000.0,7544000.0,51420000.0,2059465000.0,36270000.0,216112000.0,255046000.0,1866705000.0,107781000.0,84512000.0,85199000.0,27759000.0,56753000.0,45468000.0,MCI,2025
2401175000.0,46895000.0,29608000.0,17351000.0,2097133000.0,8466000.0,271958000.0,283315000.0,1905699000.0,46456000.0,32342000.0,33021000.0,21652000.0,10690000.0,15512000.0,MCI,2024
2368172000.0,52203000.0,16151000.0,23734000.0,2081454000.0,16248000.0,237345000.0,256545000.0,1890187000.0,231645000.0,197487000.0,198047000.0,31593000.0,165894000.0,164900000.0,MCI,2023
2225177000.0,48445000.0,37499000.0,121180000.0,1916225000.0,115850000.0,173861000.0,293293000.0,1725287000.0,174906000.0,138485000.0,139103000.0,25544000.0,112941000.0,143261000.0,MCI,2022
,,,,,,,,,,,,,,,MCI,2021
2752492000.0,941905000.0,79051000.0,967665000.0,1333225000.0,430019000.0,249985000.0,822618000.0,-93920000.0,2080844000.0,-93221000.0,-34990000.0,58100000.0,-151321000.0,-125176000.0,COG,2025
2626439000.0,1012020000.0,68998000.0,1176526000.0,1103921000.0,597163000.0,130777000.0,873788000.0,31256000.0,2293369000.0,-18757000.0,31819000.0,50411000.0,-69168000.0,-53972000.0,COG,2024
2273924000.0,1092139000.0,64940000.0,620379000.0,1161948000.0,129386000.0,286154000.0,542640000.0,207766000.0,2721524000.0,307588000.0,356648000.0,42592000.0,264996000.0,229254000.0,COG,2023
2083016000.0,1342661000.0,190232000.0,508473000.0,1156096000.0,48937000.0,235045000.0,398023000.0,547417000.0,3666690000.0,765832000.0,810083000.0,37128000.0,728704000.0,577917000.0,COG,2022
,,,,,,,,,,,,,,,COG,2021
3643864000.0,2085437000.0,286132000.0,1878698000.0,1068874000.0,665596000.0,24810000.0,1203205000.0,897737000.0,14803906000.0,118231000.0,272485000.0,99669000.0,18562000.0,10007000.0,UNT,2025
3402120000.0,1870485000.0,385451000.0,1372113000.0,1183712000.0,500268000.0,198673000.0,1161280000.0,853638000.0,14096814000.0,288517000.0,425067000.0,101303000.0,187214000.0,139891000.0,UNT,2024
3137233000.0,1680606000.0,385058000.0,1220041000.0,1076948000.0,444682000.0,207160000.0,1017727000.0,758786000.0,12886989000.0,577981000.0,672052000.0,69234000.0,508747000.0,487238000.0,UNT,2023
1665277000.0,1396203000.0,305323000.0,864869000.0,704074000.0,207102000.0,0.0,314386000.0,388940000.0,13384882000.0,488141000.0,504626000.0,23917000.0,464224000.0,373955000.0,UNT,2022
,,,,,,,,,,,,,,,UNT,2021
2869055000.0,1866759000.0,272716000.0,942408000.0,1193479000.0,83297000.0,188422000.0,354338000.0,761432000.0,2951013000.0,173190000.0,204095000.0,28540000.0,144650000.0,112264000.0,MRB,2025
2413580000.0,1583272000.0,396769000.0,823851000.0,1095020000.0,118741000.0,93449000.0,256365000.0,662973000.0,3252144000.0,183418000.0,205725000.0,31689000.0,151729000.0,121372000.0,MRB,2024
2283801000.0,1436824000.0,395776000.0,994107000.0,793550000.0,64641000.0,146889000.0,269471000.0,563877000.0,3322440000.0,209699000.0,228421000.0,39486000.0,170213000.0,135414000.0,MRB,2023
2248046000.0,1518326000.0,507560000.0,917456000.0,681989000.0,30161000.0,223364000.0,311488000.0,452316000.0,3319329000.0,182994000.0,199061000.0,31833000.0,151161000.0,119195000.0,MRB,2022
,,,,,,,,,,,,,,,MRB,2021
2316801000.0,1285276000.0,46508000.0,778760000.0,1433637000.0,0.0,0.0,10716000.0,124984000.0,2914847000.0,160056000.0,275621000.0,3788000.0,156268000.0,124984000.0,DBC,2025
2319171000.0,1304252000.0,35077000.0,845598000.0,1367039000.0,0.0,0.0,9628000.0,77756000.0,2518829000.0,101097000.0,195936000.0,2920000.0,98177000.0,77756000.0,DBC,2024
2430966000.0,1576669000.0,179725000.0,900965000.0,1431452000.0,0.0,0.0,11473000.0,284353000.0,2959188000.0,356367000.0,454004000.0,3649000.0,352718000.0,284353000.0,DBC,2023
2214744000.0,1384129000.0,66987000.0,934353000.0,1201619000.0,0.0,0.0,8199000.0,72597000.0,3277965000.0,96695000.0,193305000.0,5085000.0,91610000.0,72597000.0,DBC,2022
,,,,,,,,,,,,,,,DBC,2021
1395628000.0,1125493000.0,655848000.0,728857000.0,576529000.0,6076000.0,24630000.0,64700000.0,81048000.0,1978447000.0,103731000.0,130828000.0,5701000.0,98030000.0,78085000.0,TOR,2025
1206006000.0,973330000.0,240405000.0,565934000.0,529430000.0,10003000.0,29772000.0,79027000.0,69748000.0,1458172000.0,88651000.0,114490000.0,6049000.0,82602000.0,67905000.0,TOR,2024
1134985000.0,906003000.0,516010000.0,523812000.0,509931000.0,3839000.0,16272000.0,65862000.0,102262000.0,1092204000.0,137628000.0,162377000.0,8457000.0,129171000.0,101918000.0,TOR,2023
978486000.0,757938000.0,496157000.0,451543000.0,408398000.0,6385000.0,19221000.0,82094000.0,183089000.0,1084818000.0,238697000.0,262948000.0,7195000.0,231502000.0,183837000.0,TOR,2022
,,,,,,,,,,,,,,,TOR,2021
2119447000.0,368900000.0,42732000.0,754263000.0,724404000.0,318983000.0,509894000.0,990159000.0,658718000.0,2243190000.0,170208000.0,264273000.0,60936000.0,109272000.0,125708000.0,TAR,2025
,290595000.0,,511737000.0,,161342000.0,,727278000.0,562997000.0,,,,,,,TAR,2024
1521214000.0,342677000.0,12281000.0,490736000.0,541459000.0,140654000.0,321642000.0,603621000.0,115262000.0,1911104000.0,178745000.0,237954000.0,55217000.0,123528000.0,111700000.0,TAR,2023
1335175000.0,417371000.0,12614000.0,506973000.0,459699000.0,140637000.0,266752000.0,473295000.0,92138000.0,1613780000.0,132705000.0,175320000.0,27738000.0,104967000.0,97690000.0,TAR,2022
1048616029.05,,10225994.12,,381935120.84,,282695983.9,,,1194455936.04,129228187.52,167954800.98,10775777.11,118452410.41,95619576.11,TAR,2021
2305405000.0,574639000.0,119597000.0,391427000.0,1355722000.0,111686000.0,330179000.0,544699000.0,1299296000.0,1801291000.0,100985000.0,255324000.0,33829000.0,67156000.0,61480000.0,PCR,2025
2514398000.0,786418000.0,247305000.0,454895000.0,1393793000.0,106274000.0,445608000.0,640051000.0,1337640000.0,1947364000.0,196187000.0,375105000.0,35787000.0,160400000.0,143043000.0,PCR,2024
2524898000.0,797167000.0,289112000.0,502204000.0,1381338000.0,91163000.0,432212000.0,598803000.0,1325955000.0,2388191000.0,344903000.0,519985000.0,31250000.0,313653000.0,267840000.0,PCR,2023
2892373000.0,1202009000.0,526342000.0,736184000.0,1543067000.0,146315000.0,419309000.0,642944000.0,1486351000.0,3142712000.0,836590000.0,1021696000.0,22874000.0,813716000.0,675056000.0,PCR,2022
,,,,,,,,,,,,,,,PCR,2021
706686800.0,202264900.0,13022800.0,144950900.0,408900700.0,40961100.0,15221600.0,185646900.0,309537300.0,583788600.0,133993400.0,189144800.0,9747400.0,124246000.0,98533900.0,VOX,2025
639435100.0,209303300.0,52911300.0,172440000.0,360569200.0,35608500.0,1505000.0,126941600.0,261205800.0,507774100.0,128740100.0,176418400.0,9160800.0,119579300.0,96452600.0,VOX,2024
529033400.0,182039900.0,64131400.0,112298200.0,293313800.0,19144900.0,37243500.0,127124800.0,193950400.0,424182400.0,112775500.0,151491800.0,10541200.0,102234300.0,74204200.0,VOX,2023
467352000.0,132115400.0,33171300.0,91040500.0,241900200.0,22396500.0,60463500.0,138479400.0,142536800.0,360635600.0,79618400.0,117697300.0,10444000.0,69174400.0,44427600.0,VOX,2022
,,,,,,,,,,,,,,,VOX,2021
364438305.14,81632732.01,24130582.08,99891864.94,105633822.7,38847559.76,36874150.1,205662798.82,51632262.73,112919314.58,53222474.43,69607980.38,3446218.76,49776255.67,37612971.55,DIG,2025
,,,,,0.0,0.0,,,,,,,,,DIG,2024
101465551.49,53761208.36,25377309.43,21425827.78,57341716.9,0.0,,24197994.52,28888687.06,64282089.9,32339905.78,42952295.42,1362432.84,30977472.94,21345647.73,DIG,2023
78253486.11,35061635.37,12470157.72,20548643.32,39037019.22,7510.36,0.0,19805471.3,15465358.74,48390669.1,14032094.72,23300771.99,914111.62,13117983.1,8524545.78,DIG,2022
62791509.52,20189922.9,8630117.21,17634830.97,30254327.9,,7510.36,17615674.97,-2043845.49,32073598.48,10249922.15,17872862.44,739253.04,9510669.11,8094954.43,DIG,2021
516895863.0,90566358.0,26423607.0,129600238.0,213639575.0,15780751.0,55900187.0,154043801.0,90021150.0,319897787.0,44306422.0,76738868.0,9025045.0,35281377.0,14762303.0,MBR,2025
472383784.0,120054033.0,43910951.0,57212385.0,245141967.0,13587211.0,35416092.0,113077803.0,170538542.0,283910185.0,94409758.0,115441468.0,5666941.0,88742817.0,70521972.0,MBR,2024
339477288.0,80066231.0,11854211.0,55909760.0,220868835.0,3514455.0,4213909.0,26820315.0,146265410.0,237013180.0,99271906.0,119329361.0,1676829.0,97595077.0,78864161.0,MBR,2023
271394503.0,125414913.0,82636658.0,60232355.0,188269369.0,15730.0,0.0,1971646.0,113665944.0,243387907.0,114301635.0,119671752.0,483236.0,113818399.0,92154473.0,MBR,2022
,,,,,,,,,,,,,,,MBR,2021
195923000.0,102547000.0,62780000.0,81126000.0,109965000.0,,,4258000.0,32994000.0,329073000.0,127071000.0,153467000.0,391000.0,126680000.0,116608000.0,TXT,2026
226705000.0,137590000.0,77704000.0,83894000.0,136418000.0,,,5006000.0,68206000.0,354178000.0,177773000.0,202014000.0,35000.0,177738000.0,164418000.0,TXT,2025
210139000.0,133890000.0,84860000.0,81085000.0,126692000.0,,,0.0,71107000.0,335349000.0,179141000.0,198510000.0,265000.0,178876000.0,166553000.0,TXT,2024
201350000.0,136956000.0,95820000.0,82620000.0,116586000.0,,,987000.0,80657000.0,295717000.0,167194000.0,181672000.0,380000.0,166814000.0,155261000.0,TXT,2023
,,,,,,,,,,,,,,,TXT,2022
4709539000.0,2489336000.0,844629000.0,611689000.0,3596065000.0,11914000.0,0.0,134538000.0,3570000000.0,3737370000.0,-34480000.0,144879000.0,8503000.0,-42983000.0,-50067000.0,STP,2025
4907769000.0,2766883000.0,1086270000.0,703503000.0,3669151000.0,9001000.0,0.0,136620000.0,3649394000.0,3833945000.0,63544000.0,247452000.0,7645000.0,55899000.0,30096000.0,STP,2024
4836270000.0,2621699000.0,1086949000.0,584251000.0,3721339000.0,5492000.0,1276000.0,128819000.0,3690704000.0,4609962000.0,135807000.0,317186000.0,8674000.0,127133000.0,88442000.0,STP,2023
5181355000.0,2859891000.0,605725000.0,864345000.0,3722684000.0,20201000.0,5736000.0,137387000.0,3688123000.0,5904370000.0,608065000.0,787344000.0,9845000.0,598220000.0,474239000.0,STP,2022
,,,,,,,,,,,,,,,STP,2021
1344222000.0,668759000.0,104722000.0,384895000.0,774155000.0,34009000.0,109087000.0,200123000.0,108943000.0,1796563000.0,172464000.0,220740000.0,28351000.0,144113000.0,115085000.0,SEL,2025
1326355000.0,667942000.0,88893000.0,398855000.0,735484000.0,58517000.0,114656000.0,238972000.0,18929000.0,1779581000.0,135795000.0,179970000.0,28767000.0,107028000.0,85855000.0,SEL,2024
1285974000.0,688695000.0,75875000.0,477642000.0,697926000.0,133584000.0,29163000.0,236045000.0,-50603000.0,1778405000.0,76456000.0,116853000.0,21180000.0,55276000.0,50097000.0,SEL,2023
1171095000.0,763736000.0,100363000.0,366816000.0,715064000.0,51530000.0,38464000.0,134542000.0,-10216000.0,1963305000.0,150921000.0,196543000.0,16770000.0,134151000.0,112113000.0,SEL,2022
,,,,,,,,,,,,,,,SEL,2021
1785708000.0,850798000.0,67412000.0,401944000.0,1161525000.0,35033000.0,,357471000.0,1095779000.0,1504832000.0,143740000.0,279792000.0,20644000.0,123096000.0,98241000.0,VRG,2025
1684795000.0,775442000.0,16987000.0,414050000.0,1063180000.0,61047000.0,,370705000.0,999922000.0,1375025000.0,127607000.0,261844000.0,16628000.0,110979000.0,86875000.0,VRG,2024
1529791000.0,658363000.0,78135000.0,346458000.0,997602000.0,27905000.0,0.0,312529000.0,934148000.0,1301690000.0,139837000.0,267111000.0,10485000.0,129352000.0,101729000.0,VRG,2023
1511656000.0,663534000.0,95899000.0,344582000.0,942765000.0,22786000.0,19460000.0,346132000.0,879310000.0,1273952000.0,127565000.0,237306000.0,9927000.0,117638000.0,92958000.0,VRG,2022
,,,,,,33658000.0,,,,,,,,,VRG,2021
354163000.0,160231000.0,45487000.0,35101000.0,209378000.0,10662000.0,7198000.0,134999000.0,328889000.0,190482000.0,77761000.0,97849000.0,8305000.0,69456000.0,67944000.0,IMC,2025
322317000.0,141401000.0,44630000.0,35844000.0,182439000.0,11637000.0,11654000.0,128121000.0,296956000.0,211288000.0,64755000.0,83031000.0,9428000.0,55327000.0,54893000.0,IMC,2024
312204000.0,132285000.0,16198000.0,67986000.0,142470000.0,44825000.0,902000.0,157846000.0,237660000.0,139453000.0,-13574000.0,3196000.0,7506000.0,-21080000.0,-20820000.0,IMC,2023
326499000.0,160964000.0,24864000.0,59700000.0,150911000.0,33792000.0,4619000.0,163628000.0,257055000.0,114034000.0,7076000.0,26605000.0,7645000.0,-569000.0,-957000.0,IMC,2022
,,,,,,,,,,,,,,,IMC,2021
896392000.0,490560000.0,131630000.0,78146000.0,799249000.0,,,6022000.0,84438000.0,739437000.0,106445000.0,133688000.0,606000.0,105839000.0,84619000.0,WWL,2025
853318000.0,509669000.0,226317000.0,106239000.0,726426000.0,,,9053000.0,73553000.0,689277000.0,92546000.0,120664000.0,460000.0,92086000.0,73734000.0,WWL,2024
811339000.0,469042000.0,218673000.0,92967000.0,697843000.0,,,9285000.0,71903000.0,663444000.0,88927000.0,117427000.0,496000.0,88431000.0,72084000.0,WWL,2023
745141000.0,384934000.0,156326000.0,87807000.0,639664000.0,,,8496000.0,36795000.0,585142000.0,46436000.0,75785000.0,547000.0,45889000.0,36976000.0,WWL,2022
,,,,,,,,,,,,,,,WWL,2021
457460000.0,,,63269000.0,363246000.0,,,,,,-24867000.0,-24867000.0,,,-79363000.0,CLN,2025
543796000.0,160425000.0,8279000.0,66899000.0,445206000.0,1530000.0,,16927000.0,-114958000.0,177549000.0,-36811000.0,-36811000.0,2472000.0,-39368000.0,-34447000.0,CLN,2024
569308000.0,189749000.0,32359000.0,86337000.0,445556000.0,12753000.0,,25590000.0,-108635000.0,164394000.0,-17306000.0,32710000.0,2662000.0,-19968000.0,-28124000.0,CLN,2023
642764000.0,237581000.0,82902000.0,116440000.0,479646000.0,0.0,,26822000.0,-119788000.0,161915000.0,-34775000.0,9320000.0,1671000.0,-36446000.0,-39277000.0,CLN,2022
,278701000.0,147796000.0,,,0.0,,14917000.0,-91674000.0,169559000.0,,,1553000.0,-15087000.0,,CLN,2021
166916000.0,63185000.0,47691000.0,55430000.0,89383000.0,,,21745000.0,61456000.0,217974000.0,55184000.0,76606000.0,1923000.0,53261000.0,43083000.0,SHO,2025
154174000.0,54400000.0,37193000.0,59918000.0,72824000.0,,,18490000.0,47280000.0,192355000.0,50455000.0,66889000.0,3863000.0,46592000.0,37200000.0,SHO,2024
127172000.0,29931000.0,17240000.0,36247000.0,55147000.0,0.0,,19117000.0,34205000.0,152595000.0,32985000.0,46887000.0,2268000.0,30717000.0,26085000.0,SHO,2023
115622000.0,20506000.0,11814000.0,43254000.0,37764000.0,6594000.0,,25888000.0,21695000.0,123285000.0,25001000.0,34648000.0,1719000.0,23282000.0,18145000.0,SHO,2022
,,,,,0.0,,,,,,,,,,SHO,2021
714827000.0,181576000.0,13369000.0,132784000.0,406934000.0,8215000.0,126525000.0,149714000.0,496434000.0,772506000.0,107055000.0,145422000.0,15863000.0,91192000.0,71374000.0,SKA,2025
785297000.0,236107000.0,37185000.0,179787000.0,373231000.0,67017000.0,183824000.0,262436000.0,462592000.0,798440000.0,109580000.0,147184000.0,22238000.0,87342000.0,69351000.0,SKA,2024
818786000.0,254698000.0,41147000.0,221097000.0,347799000.0,76015000.0,196404000.0,286150000.0,432978000.0,857773000.0,125921000.0,164332000.0,24907000.0,101014000.0,77634000.0,SKA,2023
794015000.0,221126000.0,14489000.0,227923000.0,292942000.0,70904000.0,225886000.0,302403000.0,381291000.0,791686000.0,74923000.0,111679000.0,21910000.0,53013000.0,36684000.0,SKA,2022
,,,,,,,,,,,,,,,SKA,2021
3430520000.0,1631981000.0,91081000.0,1488614000.0,1421764000.0,653768000.0,165449000.0,1041188000.0,1382149000.0,4836501000.0,111810000.0,262728000.0,68392000.0,43418000.0,23623000.0,BRS,2025
3633569000.0,1700131000.0,143744000.0,1424405000.0,1582337000.0,571654000.0,204166000.0,1017897000.0,1552189000.0,5116006000.0,174505000.0,333173000.0,70976000.0,103529000.0,110485000.0,BRS,2024
3758429000.0,1792391000.0,149451000.0,1425099000.0,1623720000.0,420846000.0,249516000.0,930178000.0,1527419000.0,5689005000.0,213606000.0,372504000.0,79091000.0,134515000.0,122055000.0,BRS,2023
3985674000.0,2074617000.0,140194000.0,1687747000.0,1659618000.0,560960000.0,182574000.0,1002109000.0,1531738000.0,6790515000.0,249106000.0,426982000.0,64625000.0,184481000.0,106626000.0,BRS,2022
,,,,,,,,,,,,,,,BRS,2021
869383000.0,383971000.0,40238000.0,140912000.0,552893000.0,75053000.0,59194000.0,266710000.0,897898000.0,471925000.0,49836000.0,99545000.0,25911000.0,23925000.0,19941000.0,AST,2025
748222000.0,364924000.0,48366000.0,76261000.0,549463000.0,10706000.0,16241000.0,158913000.0,880492000.0,612145000.0,113851000.0,162821000.0,24242000.0,89609000.0,83247000.0,AST,2024
710271000.0,375004000.0,13265000.0,84434000.0,498811000.0,17212000.0,34829000.0,169629000.0,796998000.0,618931000.0,98631000.0,148222000.0,24838000.0,73793000.0,61903000.0,AST,2023
707593000.0,384005000.0,26158000.0,113671000.0,489239000.0,52759000.0,16630000.0,178531000.0,728463000.0,510070000.0,104164000.0,149866000.0,28841000.0,75323000.0,65164000.0,AST,2022
,,,,,,,,,,,,,,,AST,2021
2853983000.0,829145000.0,80510000.0,545319000.0,1151226000.0,405842000.0,1100745000.0,1523913000.0,944554000.0,485603000.0,89754000.0,103335000.0,,87418000.0,97026000.0,BST,2025
1856809000.0,590849000.0,82374000.0,252047000.0,897793000.0,154233000.0,655232000.0,824339000.0,795312000.0,315591000.0,101173000.0,111183000.0,,102416000.0,102729000.0,BST,2024
1545122000.0,464753000.0,64844000.0,232322000.0,749812000.0,162253000.0,506640000.0,685827000.0,697473000.0,279483000.0,85134000.0,94266000.0,,61003000.0,50391000.0,BST,2023
1349332000.0,423631000.0,52220000.0,223658000.0,688728000.0,113295000.0,327597000.0,459842000.0,647082000.0,263420000.0,188223000.0,197214000.0,,155436000.0,142275000.0,BST,2022
,,,,,,,,,,,,,,,BST,2021
4591617000.0,1645738000.0,2763000.0,1431363000.0,2597799000.0,31279000.0,281468000.0,403011000.0,1140549000.0,2650467000.0,360605000.0,595095000.0,15483000.0,345122000.0,277024000.0,KGN,2025
4732609000.0,1821125000.0,2509000.0,1804677000.0,2321408000.0,31697000.0,313135000.0,437931000.0,856988000.0,2556899000.0,255939000.0,484427000.0,4620000.0,251319000.0,201755000.0,KGN,2024
4720543000.0,1921844000.0,34277000.0,1605279000.0,2120234000.0,423000.0,337214000.0,433572000.0,834623000.0,3164375000.0,329133000.0,538782000.0,7449000.0,321684000.0,255697000.0,KGN,2023
3530838000.0,1166908000.0,3616000.0,1026038000.0,1882736000.0,65000.0,21290000.0,112431000.0,596303000.0,1812201000.0,193566000.0,396559000.0,4028000.0,189538000.0,149534000.0,KGN,2022
,,,,,,,,,,,,,,,KGN,2021
408041000.0,340977000.0,450000.0,198249000.0,140142000.0,,,23389000.0,15409000.0,443988000.0,23712000.0,32697000.0,4625000.0,19087000.0,15409000.0,DAD,2025
237114000.0,200947000.0,13408000.0,113029000.0,117605000.0,,,8508000.0,11526000.0,280571000.0,15214000.0,20227000.0,826000.0,14388000.0,11526000.0,DAD,2024
141651000.0,116261000.0,1166000.0,30581000.0,106079000.0,,,6804000.0,82000.0,189087000.0,987000.0,4280000.0,395000.0,592000.0,82000.0,DAD,2023
119685000.0,103834000.0,10324000.0,10990000.0,105955000.0,,,3818000.0,6658000.0,117200000.0,4925000.0,7352000.0,65000.0,4860000.0,3917000.0,DAD,2022
,,,,,,,,,,,,,,,DAD,2021
107773000.0,67752000.0,39623000.0,112936000.0,-5683000.0,32000.0,520000.0,979000.0,-327221000.0,37783000.0,-72466000.0,-68247000.0,76000.0,-72542000.0,-64397000.0,DAT,2025
58483000.0,28656000.0,16499000.0,63008000.0,-5558000.0,35000.0,605000.0,1489000.0,-262824000.0,24632000.0,-52554000.0,-48890000.0,86000.0,-52640000.0,-48961000.0,DAT,2024
52254000.0,25929000.0,12210000.0,39217000.0,12412000.0,35000.0,593000.0,1265000.0,-213863000.0,25764000.0,-19030000.0,-14444000.0,110000.0,-19140000.0,-28149000.0,DAT,2023
110575000.0,73074000.0,57598000.0,79900000.0,29399000.0,0.0,719000.0,1823000.0,-185714000.0,33350000.0,-128164000.0,-125066000.0,73000.0,-128237000.0,-116744000.0,DAT,2022
,,,,,,,,,,,,,,,DAT,2021
155286000.0,139820000.0,100568000.0,21809000.0,132554000.0,,,4496000.0,156772000.0,235565000.0,88184000.0,96653000.0,172000.0,88012000.0,73096000.0,HUG,2025
203315000.0,177477000.0,141840000.0,26541000.0,172810000.0,,,7551000.0,83676000.0,250823000.0,78054000.0,87256000.0,269000.0,77785000.0,65352000.0,HUG,2024
217428000.0,187634000.0,152110000.0,33151000.0,177060000.0,,,10639000.0,18324000.0,283444000.0,99107000.0,108165000.0,342000.0,98765000.0,82178000.0,HUG,2023
286317000.0,248875000.0,222245000.0,35614000.0,240727000.0,,,13827000.0,-63854000.0,318622000.0,39382000.0,50462000.0,328000.0,39054000.0,32008000.0,HUG,2022
,,,,,,,,,,,,,,,HUG,2021
2631388000.0,986135000.0,83910000.0,2297777000.0,-168191000.0,817406000.0,,896478000.0,-1417683000.0,2468884000.0,-715719000.0,-576148000.0,93985000.0,-809704000.0,-730164000.0,PCE,2025
3371315000.0,1020174000.0,128896000.0,2154700000.0,639447000.0,780384000.0,,862162000.0,-686758000.0,2484202000.0,15172000.0,142412000.0,94211000.0,-79039000.0,-77170000.0,PCE,2024
3307490000.0,1067480000.0,45593000.0,2055116000.0,741669000.0,576478000.0,0.0,653101000.0,-616667000.0,2969508000.0,-1049823000.0,-918513000.0,90898000.0,-1140721000.0,-1069843000.0,PCE,2023
4349522000.0,1565753000.0,50966000.0,1772128000.0,1865850000.0,194894000.0,382329000.0,655032000.0,470371000.0,5349679000.0,-112253000.0,20624000.0,48960000.0,-161213000.0,-135397000.0,PCE,2022
,,,,,,300105000.0,,,,,,,,,PCE,2021
4115960000.0,881964000.0,522130000.0,1545390000.0,2009415000.0,581603000.0,0.0,604939000.0,489247000.0,1333834000.0,-133086000.0,-94547000.0,25958000.0,-159044000.0,-164455000.0,ZEP,2025
3849821000.0,1568545000.0,505959000.0,1054585000.0,2173282000.0,0.0,0.0,33835000.0,720756000.0,2185257000.0,267664000.0,284625000.0,26168000.0,241496000.0,262928000.0,ZEP,2024
3589708000.0,1997549000.0,534009000.0,1098799000.0,1911513000.0,0.0,0.0,39855000.0,571308000.0,3105807000.0,754540000.0,792300000.0,72179000.0,682361000.0,745110000.0,ZEP,2023
4539455000.0,2560940000.0,1462749000.0,2125815000.0,723696000.0,488176000.0,619551000.0,1171364000.0,-614406000.0,2740990000.0,335545000.0,384982000.0,59300000.0,276245000.0,203307000.0,ZEP,2022
,,,,,,,,,,,,,,,ZEP,2021
6051133000.0,1651918000.0,465968000.0,2894096000.0,2619418000.0,85534000.0,42143000.0,391698000.0,2190618000.0,3896308000.0,-272410000.0,20523000.0,131565000.0,-403975000.0,-358043000.0,ZAP,2025
6563788000.0,2137464000.0,392689000.0,3135984000.0,2978889000.0,75833000.0,52678000.0,291444000.0,2550089000.0,3480644000.0,-216995000.0,52762000.0,109133000.0,-326128000.0,-368221000.0,ZAP,2024
6909243000.0,2640421000.0,575761000.0,3085738000.0,3338087000.0,86976000.0,56903000.0,310524000.0,2909287000.0,4399552000.0,-586067000.0,-326445000.0,82283000.0,-668350000.0,-621562000.0,ZAP,2023
7408075000.0,3402982000.0,980043000.0,2940902000.0,3961794000.0,98369000.0,49875000.0,328566000.0,3532994000.0,8898737000.0,295010000.0,548343000.0,31200000.0,263810000.0,290548000.0,ZAP,2022
,,,,,,,,,,,,,,,ZAP,2021
1151896000.0,802541000.0,39830000.0,730128000.0,250847000.0,,,122385000.0,93239000.0,2370874000.0,97205000.0,132545000.0,18516000.0,78689000.0,52095000.0,OPN,2025
808379000.0,521575000.0,58501000.0,390837000.0,271243000.0,54427000.0,37250000.0,71287000.0,133780000.0,2114326000.0,123662000.0,152073000.0,12365000.0,111297000.0,84731000.0,OPN,2024
698044000.0,435738000.0,85434000.0,321771000.0,245553000.0,52735000.0,16734000.0,84128000.0,98457000.0,1871968000.0,76933000.0,100341000.0,8073000.0,68860000.0,54460000.0,OPN,2023
687499000.0,429789000.0,125916000.0,224858000.0,323362000.0,,,80221000.0,155529000.0,1695103000.0,57443000.0,76703000.0,4766000.0,52677000.0,40680000.0,OPN,2022
,,,,,,,,,,,,,,,OPN,2021
2950006000.0,476902000.0,245662000.0,708859000.0,499005000.0,104713000.0,13255000.0,2069255000.0,363485000.0,2952236000.0,380516000.0,805265000.0,110773000.0,269743000.0,222629000.0,ENT,2025
2708624000.0,489377000.0,299501000.0,719444000.0,346117000.0,166989000.0,17041000.0,2076371000.0,210602000.0,2926297000.0,160703000.0,484609000.0,90537000.0,70166000.0,59113000.0,ENT,2024
2136870000.0,452926000.0,275667000.0,653760000.0,357754000.0,189337000.0,0.0,1537841000.0,222228000.0,2625943000.0,306404000.0,545395000.0,65873000.0,240531000.0,196435000.0,ENT,2023
1849802000.0,422892000.0,293327000.0,571949000.0,161319000.0,121545000.0,94160000.0,1462832000.0,25793000.0,2255798000.0,125891000.0,342954000.0,48753000.0,77138000.0,72271000.0,ENT,2022
,,,,,,,,,,,,,,,ENT,2021
540798000.0,262216000.0,29454000.0,109212000.0,376746000.0,11643000.0,49232000.0,69420000.0,93561000.0,658714000.0,100704000.0,129229000.0,1818000.0,98886000.0,79895000.0,DCR,2025
496707000.0,232316000.0,31728000.0,76301000.0,352494000.0,11704000.0,61475000.0,79894000.0,94360000.0,588007000.0,105094000.0,128878000.0,2840000.0,102254000.0,81018000.0,DCR,2024
467520000.0,208116000.0,29696000.0,85886000.0,301548000.0,11910000.0,74963000.0,92098000.0,89244000.0,570936000.0,89978000.0,109028000.0,3925000.0,86053000.0,66942000.0,DCR,2023
472105000.0,234907000.0,28461000.0,151132000.0,262212000.0,67097000.0,54401000.0,127033000.0,65264000.0,545716000.0,50013000.0,63386000.0,1172000.0,48841000.0,40551000.0,DCR,2022
,,,,,,,,,,,,,,,DCR,2021
1040761000.0,499953000.0,20425000.0,330574000.0,649430000.0,78942000.0,19697000.0,138339000.0,23164000.0,1201765000.0,88350000.0,157799000.0,8053000.0,80297000.0,79100000.0,APT,2025
965357000.0,467410000.0,17716000.0,309581000.0,590290000.0,90226000.0,24621000.0,155751000.0,8590000.0,1227799000.0,92471000.0,149783000.0,10653000.0,81818000.0,73060000.0,APT,2024
974121000.0,481474000.0,22939000.0,353952000.0,536965000.0,162511000.0,29545000.0,240774000.0,-72699000.0,1137174000.0,45571000.0,101985000.0,18027000.0,27544000.0,8138000.0,APT,2023
1042047000.0,514068000.0,28980000.0,457725000.0,537347000.0,237350000.0,3119000.0,283324000.0,-29215000.0,1081792000.0,32085000.0,87812000.0,16170000.0,15915000.0,6616000.0,APT,2022
,,,,,,,,,,,,,,,APT,2021
3676863000.0,1551982000.0,133744000.0,627054000.0,2533519000.0,,,26812000.0,149283000.0,2854264000.0,-178161000.0,60146000.0,18900000.0,-197061000.0,-160034000.0,LWB,2025
3904460000.0,1672490000.0,656335000.0,704750000.0,2695327000.0,0.0,,28981000.0,-1192963000.0,3665056000.0,-1818477000.0,-1419630000.0,14846000.0,-1833323000.0,-1492243000.0,LWB,2024
5762168000.0,1660209000.0,734707000.0,730337000.0,4293620000.0,1809000.0,0.0,37244000.0,1007287000.0,3939288000.0,864967000.0,1322532000.0,14344000.0,850623000.0,686972000.0,LWB,2023
4818709000.0,938181000.0,475059000.0,449157000.0,3697105000.0,3099000.0,1786000.0,28378000.0,498774000.0,2451715000.0,227636000.0,626107000.0,7954000.0,219682000.0,175342000.0,LWB,2022
,,,,,3120000.0,4822000.0,,,,,,,,,LWB,2021
92732000.0,9951000.0,9603000.0,1448000.0,88117000.0,0.0,0.0,365000.0,9720000.0,0.0,-6695000.0,-6453000.0,42000.0,-6737000.0,-6723000.0,ICE,2025
86604000.0,9846000.0,9122000.0,2464000.0,81010000.0,0.0,0.0,346000.0,16444000.0,188000.0,37598000.0,37903000.0,46000.0,37552000.0,37577000.0,ICE,2024
37493000.0,10948000.0,10321000.0,1168000.0,33166000.0,0.0,0.0,506000.0,-21133000.0,225000.0,-5011000.0,-4653000.0,61000.0,-5072000.0,-5072000.0,ICE,2023
41898000.0,21941000.0,21186000.0,1016000.0,37127000.0,206000.0,0.0,582000.0,-16060000.0,246000.0,-4865000.0,-4551000.0,60000.0,-4925000.0,-4925000.0,ICE,2022
,,,,,,,,,,,,,,,ICE,2021
734369000.0,431989000.0,36291000.0,243514000.0,457184000.0,130833000.0,5821000.0,152313000.0,342766000.0,754567000.0,92929000.0,111757000.0,10349000.0,82580000.0,68465000.0,FRO,2025
748076000.0,449632000.0,48408000.0,260884000.0,448744000.0,101696000.0,8390000.0,128099000.0,341003000.0,783369000.0,97575000.0,114963000.0,8750000.0,88825000.0,72227000.0,FRO,2024
768897000.0,462986000.0,81561000.0,249629000.0,451148000.0,123171000.0,39879000.0,177754000.0,335903000.0,803219000.0,99186000.0,116894000.0,16379000.0,82807000.0,67030000.0,FRO,2023
755440000.0,441748000.0,23717000.0,206790000.0,438944000.0,111047000.0,85933000.0,205286000.0,299857000.0,914896000.0,92268000.0,107375000.0,13485000.0,78783000.0,65423000.0,FRO,2022
,,,,,,,,,,,,,,,FRO,2021
748257000.0,650299000.0,63406000.0,178663000.0,556293000.0,15508000.0,,37815000.0,448736000.0,907705000.0,111344000.0,131481000.0,2239000.0,109105000.0,87196000.0,TOA,2025
787155000.0,673900000.0,39128000.0,276442000.0,489891000.0,33840000.0,,63751000.0,453450000.0,821008000.0,88460000.0,107892000.0,2577000.0,85883000.0,68418000.0,TOA,2024
553428000.0,445482000.0,69927000.0,106883000.0,419951000.0,0.0,0.0,31937000.0,385032000.0,732396000.0,89308000.0,105663000.0,4296000.0,85012000.0,68318000.0,TOA,2023
590798000.0,486208000.0,38836000.0,184574000.0,370694000.0,65024000.0,17143000.0,108101000.0,316714000.0,762590000.0,97923000.0,113064000.0,9574000.0,88349000.0,70220000.0,TOA,2022
,,,,,,10049000.0,,,,,,,,,TOA,2021
4940000.0,4813000.0,10000.0,18955000.0,-14147000.0,15849000.0,0.0,16005000.0,-122184000.0,0.0,-5637000.0,-5478000.0,2198000.0,-7835000.0,-9820000.0,MQR,2025
2343000.0,2106000.0,313000.0,15459000.0,-13116000.0,13963000.0,0.0,14059000.0,-112364000.0,0.0,-11860000.0,-11551000.0,1329000.0,-13189000.0,-19435000.0,MQR,2024
22738000.0,21600000.0,3606000.0,7993000.0,1893000.0,0.0,12721000.0,12938000.0,-92929000.0,0.0,-9282000.0,-9075000.0,864000.0,-10146000.0,-35694000.0,MQR,2023
33009000.0,24171000.0,2259000.0,12832000.0,18297000.0,,0.0,2861000.0,-57235000.0,662000.0,-25274000.0,-22777000.0,329000.0,-25603000.0,-25603000.0,MQR,2022
,,,,,,,,,,,,,,,MQR,2021
8160104779.0,3628142081.0,335259313.0,6180828355.0,376663046.0,418464808.0,136800000.0,2270343848.0,-330618302.0,30023909680.0,-7462859.0,577762420.0,288631622.0,-296094481.0,-336087985.0,EUR,2025
9159385976.0,4170384521.0,355864920.0,6250524443.0,737368766.0,247975350.0,400368000.0,2733449658.0,64950369.0,31467951738.0,346553393.0,951795501.0,294656331.0,51897062.0,-26875158.0,EUR,2024
9056279053.0,3908419583.0,249079049.0,5989644233.0,799682710.0,90047037.0,361872000.0,2555268723.0,180661784.0,32451962545.0,486817811.0,1116352815.0,291821500.0,194996311.0,99202121.0,EUR,2023
8669822691.0,3483952402.0,158862321.0,5813195500.0,710224316.0,503666864.0,168656000.0,2757550732.0,136328162.0,30857664974.0,432443915.0,1029014146.0,249856247.0,182587668.0,67109778.0,EUR,2022
,,,,,,,,,,,,,,,EUR,2021
319909000.0,273898000.0,12539000.0,151033000.0,137995000.0,0.0,,12691000.0,85192000.0,579715000.0,40514000.0,45631000.0,4131000.0,36383000.0,28964000.0,ELT,2025
263671000.0,222066000.0,48546000.0,106085000.0,134077000.0,0.0,,12780000.0,81185000.0,524766000.0,67521000.0,71919000.0,3274000.0,64247000.0,54071000.0,ELT,2024
268603000.0,236897000.0,33160000.0,149008000.0,105289000.0,61000.0,,6051000.0,52071000.0,546947000.0,35952000.0,40401000.0,3688000.0,32264000.0,22373000.0,ELT,2023
268326000.0,240245000.0,56733000.0,161403000.0,98051000.0,0.0,,6232000.0,44674000.0,505599000.0,31934000.0,36863000.0,1520000.0,30414000.0,21984000.0,ELT,2022
,,,,,,0.0,,,,,,,,,ELT,2021
838531000.0,715023000.0,7810000.0,71044000.0,730353000.0,0.0,,6305000.0,72944000.0,574795000.0,90059000.0,99702000.0,1472000.0,88587000.0,72896000.0,OBL,2025
764057000.0,641253000.0,34366000.0,45413000.0,681190000.0,0.0,,7061000.0,98018000.0,699020000.0,123187000.0,132635000.0,1666000.0,121521000.0,99358000.0,OBL,2024
699442000.0,575075000.0,79485000.0,60321000.0,601967000.0,2000.0,,6023000.0,123222000.0,736885000.0,135632000.0,146060000.0,1460000.0,134172000.0,106522000.0,OBL,2023
600307000.0,471658000.0,112241000.0,82549000.0,484834000.0,0.0,,7448000.0,117992000.0,885944000.0,132355000.0,142136000.0,3509000.0,128846000.0,100375000.0,OBL,2022
,,,,,,0.0,,,,,,,,,OBL,2021
373042899.0,178789881.0,120325889.0,145584716.0,220367790.0,,,5883801.0,142450485.0,361903386.0,87187294.0,99979979.0,1569781.0,85617513.0,76963750.0,TEN,2025
416849705.0,210414131.0,143774851.0,148176391.0,243263256.0,,,7949881.0,169365699.0,386453121.0,77182755.0,93943770.0,3080806.0,74101949.0,67077028.0,TEN,2024
458103294.0,242324613.0,162825718.0,137627436.0,291010934.0,,,5017527.0,220987589.0,436076377.0,23215521.0,43425138.0,6167950.0,17047571.0,15207141.0,TEN,2023
520707885.0,206569696.0,126594883.0,112411040.0,340075853.0,,,9219295.0,259280268.0,537823398.0,69021340.0,85496738.0,6316675.0,62704665.0,51601126.0,TEN,2022
,,,,,,,,,,,,,,,TEN,2021
721070000.0,566490000.0,11971000.0,276641000.0,410057000.0,873000.0,78000.0,5462000.0,336784000.0,2994449000.0,59545000.0,69055000.0,2362000.0,57183000.0,45719000.0,ACT,2025
654939000.0,513094000.0,17984000.0,191919000.0,410360000.0,1632000.0,181000.0,3504000.0,371046000.0,2534056000.0,52977000.0,61960000.0,2785000.0,50192000.0,41169000.0,ACT,2024
687929000.0,545961000.0,17091000.0,175069000.0,447876000.0,1822000.0,293000.0,4031000.0,387209000.0,2510437000.0,47523000.0,56575000.0,1675000.0,45848000.0,36768000.0,ACT,2023
648017000.0,498967000.0,55902000.0,126254000.0,443101000.0,1000000.0,0.0,3625000.0,371872000.0,2366956000.0,59146000.0,67726000.0,155000.0,58991000.0,48966000.0,ACT,2022
,,,,,,,,,,,,,,,ACT,2021
243397000.0,181692000.0,110518000.0,105243000.0,121534000.0,,,5305000.0,64863000.0,202611000.0,77433000.0,81450000.0,184000.0,77249000.0,60233000.0,QRS,2025
191695000.0,134066000.0,49068000.0,67030000.0,113418000.0,,,3188000.0,46807000.0,155030000.0,55624000.0,59195000.0,211000.0,55413000.0,43233000.0,QRS,2024
204486000.0,103663000.0,19206000.0,74372000.0,99376000.0,,,4560000.0,32837000.0,117427000.0,39521000.0,42595000.0,212000.0,39309000.0,30950000.0,QRS,2023
158004000.0,69899000.0,19341000.0,52986000.0,81063000.0,,,4294000.0,15178000.0,91070000.0,17847000.0,22150000.0,139000.0,17708000.0,14099000.0,QRS,2022
,,,,,,,,,,,,,,,QRS,2021
1938382000.0,1578386000.0,397780000.0,762571000.0,698281000.0,96772000.0,328161000.0,484818000.0,656340000.0,1876436000.0,170953000.0,188282000.0,30981000.0,139972000.0,104434000.0,DEK,2025
1666276000.0,1343845000.0,282623000.0,566560000.0,622713000.0,110624000.0,337794000.0,500194000.0,580758000.0,1404002000.0,145412000.0,161809000.0,23017000.0,122395000.0,96207000.0,DEK,2024
1542797000.0,1248691000.0,246724000.0,672076000.0,557905000.0,113976000.0,203234000.0,348281000.0,505843000.0,1568829000.0,139644000.0,155846000.0,22747000.0,116897000.0,89332000.0,DEK,2023
1409427000.0,1122473000.0,215833000.0,655329000.0,458037000.0,123443000.0,184922000.0,334614000.0,415793000.0,1386848000.0,123615000.0,139134000.0,25728000.0,97887000.0,78791000.0,DEK,2022
,,,,,,,,,,,,,,,DEK,2021
1423259000.0,526143000.0,57702000.0,590816000.0,544061000.0,151264000.0,164116000.0,453979000.0,264973000.0,3829024000.0,-12170000.0,52099000.0,23617000.0,-35787000.0,-36460000.0,GOB,2025
1367191000.0,550573000.0,75909000.0,508167000.0,582418000.0,123779000.0,147700000.0,407347000.0,301430000.0,3729608000.0,63585000.0,122471000.0,24301000.0,39284000.0,34714000.0,GOB,2024
1217682000.0,511561000.0,48207000.0,465520000.0,548352000.0,114216000.0,77217000.0,325218000.0,266647000.0,3420136000.0,129112000.0,182392000.0,25481000.0,103631000.0,96712000.0,GOB,2023
1096281000.0,423247000.0,27711000.0,479385000.0,455763000.0,85440000.0,55537000.0,260935000.0,169743000.0,2641062000.0,69727000.0,119714000.0,20787000.0,48940000.0,44848000.0,GOB,2022
,,,,,,,,,,,,,,,GOB,2021
248914000.0,195473000.0,8529000.0,165428000.0,73216000.0,5619000.0,0.0,9995000.0,38185000.0,311929000.0,48410000.0,51089000.0,1546000.0,46864000.0,37613000.0,ATR,2025
177417000.0,130793000.0,2315000.0,115296000.0,51202000.0,15497000.0,0.0,20876000.0,16183000.0,187418000.0,22206000.0,24226000.0,1893000.0,20313000.0,15611000.0,ATR,2024
110362000.0,80467000.0,150000.0,63443000.0,40114000.0,10055000.0,1478000.0,15241000.0,6526000.0,142405000.0,8776000.0,10856000.0,1109000.0,7667000.0,5954000.0,ATR,2023
86444000.0,57690000.0,66000.0,46879000.0,35175000.0,7870000.0,0.0,12017000.0,3102000.0,110740000.0,4178000.0,6454000.0,958000.0,3220000.0,2530000.0,ATR,2022
,,,,,,,,,,,,,,,ATR,2021
1220027000.0,605740000.0,120949000.0,247200000.0,568602000.0,35884000.0,265517000.0,323507000.0,610285000.0,1469968000.0,71747000.0,155034000.0,11353000.0,60394000.0,41394000.0,SNK,2025
1204752000.0,544044000.0,45587000.0,278899000.0,581375000.0,43313000.0,273876000.0,344934000.0,579938000.0,1446378000.0,72491000.0,147595000.0,15054000.0,57437000.0,53174000.0,SNK,2024
1029794000.0,568393000.0,122985000.0,277766000.0,588784000.0,45400000.0,110887000.0,182162000.0,556063000.0,1445601000.0,95855000.0,159834000.0,10799000.0,85056000.0,74043000.0,SNK,2023
1016547000.0,573109000.0,91582000.0,240727000.0,546923000.0,19168000.0,179925000.0,227739000.0,542867000.0,1385420000.0,62078000.0,123752000.0,4514000.0,57564000.0,56590000.0,SNK,2022
,,,,,,,,,,,,,,,SNK,2021
281912000.0,30620000.0,2033000.0,110223000.0,156350000.0,48352000.0,3592000.0,52423000.0,43324000.0,73782000.0,5589000.0,37803000.0,1162000.0,4427000.0,3418000.0,CIG,2025
233958000.0,24591000.0,6287000.0,29745000.0,153053000.0,14981000.0,0.0,16693000.0,27228000.0,80788000.0,-3521000.0,44098000.0,2392000.0,-5913000.0,-6923000.0,CIG,2024
267506000.0,78828000.0,30233000.0,91663000.0,150081000.0,57750000.0,0.0,60134000.0,47864000.0,236343000.0,21062000.0,88587000.0,2837000.0,18225000.0,6112000.0,CIG,2023
179261000.0,20795000.0,6618000.0,32400000.0,140813000.0,18575000.0,0.0,22577000.0,42128000.0,56694000.0,11623000.0,19880000.0,237000.0,11386000.0,8196000.0,CIG,2022
,,,,,,,,,,,,,,,CIG,2021
370097000.0,230187000.0,177375000.0,47750000.0,269778000.0,875000.0,835000.0,14253000.0,79912000.0,474275000.0,71890000.0,79129000.0,1096000.0,70794000.0,53832000.0,ARL,2025
312751000.0,187126000.0,116541000.0,36800000.0,226087000.0,1755000.0,1710000.0,17060000.0,89053000.0,461369000.0,70522000.0,76488000.0,1102000.0,69420000.0,48348000.0,ARL,2024
262264000.0,139052000.0,71151000.0,40511000.0,174469000.0,1863000.0,3582000.0,20495000.0,71889000.0,366307000.0,44890000.0,50545000.0,1054000.0,43836000.0,31515000.0,ARL,2023
218620000.0,104365000.0,52602000.0,36610000.0,139369000.0,2013000.0,2859000.0,18261000.0,65205000.0,282422000.0,34393000.0,39090000.0,762000.0,33631000.0,25423000.0,ARL,2022
,,,,,,,,,,,,,,,ARL,2021
555734000.0,374557000.0,176064000.0,210494000.0,298430000.0,1258000.0,223000.0,34708000.0,201088000.0,598413000.0,72104000.0,86549000.0,2262000.0,69842000.0,54048000.0,WAS,2025
478882000.0,307154000.0,136496000.0,179178000.0,247114000.0,1418000.0,232000.0,36361000.0,149961000.0,522696000.0,12619000.0,28026000.0,1684000.0,10935000.0,6709000.0,WAS,2024
479989000.0,309054000.0,137875000.0,182669000.0,243134000.0,1630000.0,0.0,35796000.0,145803000.0,531962000.0,6963000.0,22886000.0,2359000.0,4847000.0,-897000.0,WAS,2023
480201000.0,296998000.0,77535000.0,172380000.0,250396000.0,2457000.0,231000.0,40479000.0,153084000.0,565671000.0,13665000.0,29495000.0,1364000.0,12301000.0,6427000.0,WAS,2022
,,,,,,,,,,,,,,,WAS,2021
597775000.0,126853000.0,24218000.0,121657000.0,321730000.0,22125000.0,74934000.0,169569000.0,133414000.0,364201000.0,8157000.0,62654000.0,8937000.0,-780000.0,813000.0,SLV,2025
642089000.0,124551000.0,22512000.0,205581000.0,321877000.0,111565000.0,7472000.0,218537000.0,132602000.0,342007000.0,2201000.0,55300000.0,12655000.0,-10454000.0,-6098000.0,SLV,2024
636260000.0,151245000.0,52654000.0,93769000.0,327071000.0,19686000.0,112879000.0,224745000.0,138700000.0,346720000.0,78047000.0,123499000.0,10844000.0,67203000.0,69878000.0,SLV,2023
584911000.0,203082000.0,74157000.0,122667000.0,262178000.0,16763000.0,109088000.0,212965000.0,68822000.0,360680000.0,39299000.0,76127000.0,4196000.0,35103000.0,30309000.0,SLV,2022
,,,,,,,,,,,,,,,SLV,2021
730298000.0,499709000.0,128395000.0,217212000.0,359748000.0,26479000.0,52528000.0,144902000.0,5540000.0,864092000.0,37298000.0,52918000.0,9854000.0,27444000.0,18946000.0,OND,2025
743817000.0,517141000.0,144011000.0,239088000.0,357675000.0,2676000.0,79517000.0,111948000.0,26518000.0,803925000.0,43709000.0,53583000.0,3811000.0,39898000.0,30277000.0,OND,2024
661491000.0,543734000.0,65322000.0,272169000.0,344318000.0,11548000.0,927000.0,26650000.0,25964000.0,1083819000.0,47953000.0,57023000.0,7518000.0,40435000.0,33393000.0,OND,2023
618019000.0,510385000.0,11128000.0,255919000.0,310925000.0,58423000.0,2039000.0,84210000.0,10100000.0,1092852000.0,17972000.0,26062000.0,6026000.0,11946000.0,7174000.0,OND,2022
,,,,,,,,,,,,,,,OND,2021
200553000.0,118568000.0,34054000.0,121090000.0,44436000.0,42522000.0,7398000.0,62618000.0,-58599000.0,71992000.0,-24190000.0,-15980000.0,11073000.0,-35263000.0,-35698000.0,RAF,2025
191450000.0,110435000.0,3941000.0,121556000.0,31106000.0,34949000.0,10602000.0,60017000.0,-65756000.0,81377000.0,-58711000.0,-49891000.0,6049000.0,-64760000.0,-58798000.0,RAF,2024
249140000.0,134378000.0,779000.0,115512000.0,90148000.0,35032000.0,11596000.0,60054000.0,-12657000.0,119428000.0,-7036000.0,1096000.0,5921000.0,-12957000.0,-10554000.0,RAF,2023
235119000.0,130714000.0,3583000.0,109560000.0,84796000.0,35031000.0,13050000.0,57452000.0,-8665000.0,117779000.0,-3998000.0,4306000.0,4207000.0,-8205000.0,-7223000.0,RAF,2022
,,,,,,,,,,,,,,,RAF,2021
492367000.0,130946000.0,36291000.0,92546000.0,177302000.0,13880000.0,12491000.0,26371000.0,37508000.0,98469000.0,28969000.0,36528000.0,1074000.0,27895000.0,23314000.0,EQU,2025
,47941000.0,4767000.0,69613000.0,,14770000.0,10372000.0,,16099000.0,,13283000.0,20406000.0,,,9221000.0,EQU,2024
447810000.0,45670000.0,42525863.925275,48561000.0,155936000.0,30554000.0,20989425.368927,155775239.30802,6908000.0,183694968.849831,48117000.0,51125000.0,27315368.197645,41925000.0,46292000.0,EQU,2023
1651895863.708994,914805789.391843,2983000.0,837262415.950841,150893000.0,58352000.0,35813129.041598,65966000.0,-28122760.512177,1372455622.526783,12605000.0,73300735.879205,14769270.44794,9465000.0,6486000.0,EQU,2022
356376000.0,,,,154894000.0,,,30582000.0,,279498000.0,,,5763000.0,-431000.0,,EQU,2021
54573000.0,33260000.0,25224000.0,8513000.0,44235000.0,0.0,0.0,2299000.0,-6974000.0,21345000.0,-2473000.0,870000.0,102000.0,-2575000.0,-710000.0,SCW,2025
24050000.0,6133000.0,1142000.0,3655000.0,18738000.0,0.0,0.0,1999000.0,-6264000.0,11547000.0,-2271000.0,-664000.0,127000.0,-2398000.0,-2581000.0,SCW,2024
24757244.26,7002943.96,4369071.15,7976529.5,16778482.76,0.0,0.0,0.0,-3958367.52,5458357.63,-1656137.5,-903093.42,14550.01,-1670687.51,-1670586.1,SCW,2023
13227412.28,1449136.59,66244.72,4735022.47,8492252.81,2417.06,0.0,2417.06,-1745905.19,2165312.39,259222.77,434962.38,6280.75,252942.02,269234.02,SCW,2022
,,,,,,,,,,,,,,,SCW,2021
272709815.0,82595523.0,22044984.0,76687458.0,175156514.0,39955006.0,2881280.0,52024511.0,44894084.0,149313792.0,66725738.0,90013060.0,2916184.0,63809554.0,52695120.0,BLO,2025
193794719.0,56260167.0,8923801.0,61838086.0,121091493.0,5905612.0,0.0,15155899.0,12752748.0,89164449.0,23801660.0,41874141.0,1150241.0,22651419.0,20712231.0,BLO,2024
137169281.0,43217568.0,12397297.0,30148797.0,94796136.0,1602129.0,,10989925.0,-3643512.0,94009833.0,4360941.0,25764839.0,846236.0,3514705.0,2587416.0,BLO,2023
125985323.0,48503670.0,28952835.0,26148746.0,86445742.0,878290.0,,4421366.0,11451009.0,61122252.0,4125122.0,22539977.0,453375.0,3671747.0,2130827.0,BLO,2022
,,,,,,,,,,,,,,,BLO,2021
837197000.0,493834000.0,31098000.0,254651000.0,429205000.0,52511000.0,7459000.0,105542000.0,339261000.0,894895000.0,87929000.0,119274000.0,8758000.0,79171000.0,44731000.0,AMB,2025
823901000.0,497116000.0,30142000.0,267008000.0,414410000.0,65011000.0,6056000.0,110970000.0,322257000.0,913810000.0,97879000.0,127886000.0,8510000.0,89369000.0,55064000.0,AMB,2024
772039000.0,493451000.0,27209000.0,273804000.0,390713000.0,51733000.0,3570000.0,88582000.0,294920000.0,875811000.0,100779000.0,129019000.0,7092000.0,93687000.0,61456000.0,AMB,2023
699918000.0,434667000.0,29758000.0,250659000.0,357146000.0,49546000.0,84000.0,83964000.0,258671000.0,775648000.0,85616000.0,109878000.0,2861000.0,82755000.0,51824000.0,AMB,2022
2676405000.0,1033319000.0,151642000.0,776136000.0,1415506000.0,195013000.0,56060000.0,274422000.0,482037000.0,3197594000.0,-195982000.0,-1685000.0,15109000.0,-211091000.0,-99681000.0,ATC,2025
2756963000.0,1264636000.0,287583000.0,612680000.0,1455294000.0,52646000.0,179108000.0,257140000.0,765920000.0,3434693000.0,200628000.0,314930000.0,8179000.0,192449000.0,154458000.0,ATC,2024
2722877000.0,1430615000.0,500449000.0,641616000.0,1443427000.0,43863000.0,79311000.0,151916000.0,862036000.0,3549153000.0,348002000.0,466239000.0,7085000.0,340917000.0,247132000.0,ATC,2023
3254485000.0,1882618000.0,481930000.0,806906000.0,1587619000.0,35387000.0,139166000.0,204749000.0,837702000.0,4894276000.0,934697000.0,1065691000.0,7120000.0,927577000.0,631001000.0,ATC,2022
,,,,,,,,,,,,,,,ATC,2021
1029312000.0,493840000.0,140903000.0,95227000.0,904217000.0,65000.0,0.0,22970000.0,904126000.0,574176000.0,28878000.0,57654000.0,482000.0,28396000.0,28589000.0,MRC,2025
1036035000.0,626129000.0,,,920918000.0,,,,887474000.0,,35768000.0,59074000.0,,35443000.0,44628000.0,MRC,2024
965226000.0,585236000.0,217329000.0,78474000.0,862087000.0,148000.0,0.0,5409000.0,854821000.0,469064000.0,-2960000.0,19159000.0,832000.0,-3792000.0,-19676000.0,MRC,2023
1083068000.0,697556000.0,223344000.0,59957000.0,1008731000.0,211000.0,0.0,3392000.0,888218000.0,542512000.0,-185884000.0,-160213000.0,331000.0,-186215000.0,-189622000.0,MRC,2022
,,339606000.0,133054000.0,,0.0,0.0,4830000.0,,1727349000.0,,,119000.0,,,MRC,2021
90094153.0,28773188.0,5127437.0,6630171.0,79073490.0,20855.0,,2993611.0,100292527.0,50690243.0,9979342.0,22674003.0,227978.0,9751364.0,9273714.0,CLD,2025
98172874.0,37250388.0,15411867.0,7889086.0,86260488.0,21393.0,,5392261.0,98801614.0,46971071.0,13302063.0,26956428.0,404442.0,12897621.0,13126313.0,CLD,2024
93119095.0,29877147.0,10931321.0,8948315.0,76691439.0,21068.0,,3309365.0,91530004.0,54717923.0,10428018.0,22477569.0,315828.0,10112190.0,8778694.0,CLD,2023
122228006.0,64391345.0,42560008.0,15381862.0,91210106.0,264689.0,0.0,5280816.0,84992277.0,50392355.0,16044679.0,24929987.0,231461.0,15813218.0,12765553.0,CLD,2022
,,,,,,245262.0,,,,,,,,,CLD,2021
6252200000.0,1226300000.0,399800000.0,3559600000.0,776500000.0,952600000.0,410500000.0,2624300000.0,153000000.0,3785900000.0,174200000.0,578000000.0,112500000.0,61700000.0,39400000.0,PKP,2025
6439600000.0,1443000000.0,559700000.0,3314700000.0,746200000.0,701900000.0,678700000.0,2760800000.0,-2322000000.0,4460400000.0,-2664200000.0,-1807500000.0,220300000.0,-2884500000.0,-2412600000.0,PKP,2024
8320000000.0,1289400000.0,226200000.0,2333300000.0,3202500000.0,601300000.0,879000000.0,2893800000.0,167600000.0,5491900000.0,322200000.0,1122700000.0,203200000.0,119000000.0,82100000.0,PKP,2023
7660200000.0,1305800000.0,134200000.0,2082700000.0,3232900000.0,508200000.0,986100000.0,2372200000.0,204600000.0,5390100000.0,334400000.0,1069700000.0,142600000.0,191800000.0,148000000.0,PKP,2022
,,,,,,,,,,,,,,,PKP,2021
311493000.0,227196000.0,85907000.0,81442000.0,161044000.0,5999000.0,0.0,21839000.0,157196000.0,601255000.0,57711000.0,70573000.0,1472000.0,56239000.0,40751000.0,SPR,2025
253960000.0,175523000.0,58258000.0,69888000.0,119791000.0,6490000.0,0.0,28934000.0,116461000.0,465420000.0,46380000.0,58144000.0,2149000.0,44231000.0,34287000.0,SPR,2024
198517000.0,143770000.0,44525000.0,80830000.0,83980000.0,29481000.0,0.0,43768000.0,82563000.0,416109000.0,26000000.0,37084000.0,2435000.0,23565000.0,19708000.0,SPR,2023
165739380.0,115306530.0,33755790.0,59478740.0,64032790.0,3670410.0,5624650.0,25002290.0,62958780.0,331453340.0,45473380.0,54107920.0,1728420.0,43744960.0,26733850.0,SPR,2022
,,,,,,,,,,,,,,,SPR,2021
40022000.0,33821000.0,10719000.0,14911000.0,23481000.0,,0.0,3576000.0,-245109000.0,4660000.0,-41723000.0,-37355000.0,274000.0,-41997000.0,-41997000.0,CTX,2025
87497000.0,78087000.0,39257000.0,20031000.0,64474000.0,,0.0,5637000.0,-203112000.0,15825000.0,-38040000.0,-32981000.0,386000.0,-38426000.0,-38426000.0,CTX,2024
97294000.0,88648000.0,75704000.0,26731000.0,69220000.0,,0.0,3778000.0,-164686000.0,13201000.0,-70258000.0,-64818000.0,269000.0,-70527000.0,-70584000.0,CTX,2023
113000000.0,101324000.0,71036000.0,13392000.0,96322000.0,,0.0,6952000.0,-94102000.0,9158000.0,-35573000.0,-28479000.0,321000.0,-35894000.0,-35894000.0,CTX,2022
,,,,,,,,,,,,,,,CTX,2021
1103637000.0,833486000.0,788789000.0,373843000.0,704113000.0,,,5073000.0,149634000.0,633671000.0,142992000.0,242148000.0,15625000.0,127367000.0,86313000.0,STX,2025
1237979000.0,716114000.0,644242000.0,315578000.0,773443000.0,,,5102000.0,138220000.0,577958000.0,215427000.0,316807000.0,26139000.0,189288000.0,132925000.0,STX,2024
1543403000.0,674731000.0,638245000.0,391940000.0,751699000.0,,,4963000.0,41103000.0,508871000.0,179160000.0,269717000.0,38027000.0,141133000.0,109230000.0,STX,2023
1459329000.0,501489000.0,476887000.0,301012000.0,692177000.0,,,4964000.0,4339000.0,413890000.0,95843000.0,180831000.0,32383000.0,63460000.0,36551000.0,STX,2022
,,,,,,,,,,,,,,,STX,2021
1041396000.0,617829000.0,177916000.0,509692000.0,349786000.0,21142000.0,226000.0,53456000.0,224965000.0,1224460000.0,58600000.0,81718000.0,8128000.0,50472000.0,38052000.0,MSZ,2025
869818000.0,476929000.0,135481000.0,406185000.0,312054000.0,10449000.0,354000.0,45862000.0,177432000.0,1010322000.0,86578000.0,105492000.0,7724000.0,78854000.0,61828000.0,MSZ,2024
711295000.0,442858000.0,116502000.0,357877000.0,286691000.0,8097000.0,0.0,35105000.0,150879000.0,1351442000.0,104935000.0,121462000.0,4133000.0,100802000.0,74470000.0,MSZ,2023
678126000.0,506199000.0,85701000.0,402150000.0,226892000.0,9481000.0,1030000.0,31250000.0,84488000.0,1172259000.0,58124000.0,70762000.0,2505000.0,55619000.0,31971000.0,MSZ,2022
,,,,,,,,,,,,,,,MSZ,2021
75631714.56,71294629.14,68401758.68,2192868.36,73276435.96,,,314902.24,-14797238.09,0.0,-15024073.11,-14344010.23,150396.04,-15174469.15,-15159087.73,BCX,2025
41089002.19,38655628.22,33632840.47,2068667.4,38779954.41,,,823920.23,-14536088.58,0.0,-14336487.91,-13762052.28,169071.76,-14505559.67,-14536088.58,BCX,2024
12735295.11,11212146.48,9310282.56,2139415.0,10466717.99,,,175057.72,-13741545.32,0.0,-13659168.1,-13224368.26,33647.08,-13692815.18,-13687545.32,BCX,2023
7653437.01,4358953.71,4120040.34,2247830.6,5150890.41,0.0,,293943.58,-13993288.26,0.0,-8935976.38,-8490591.06,31506.74,-8967483.12,-8921382.08,BCX,2022
,,,,,0.0,0.0,,,,,,,,,BCX,2021
1993842000.0,1516195000.0,500645000.0,1322676000.0,203201000.0,208656000.0,95524000.0,365444000.0,136592000.0,2358373000.0,108152000.0,139629000.0,40596000.0,67556000.0,41249000.0,UNI,2025
1931771000.0,1437412000.0,262504000.0,1193494000.0,180245000.0,121249000.0,208221000.0,395233000.0,101907000.0,2606858000.0,176012000.0,206246000.0,41242000.0,134770000.0,44856000.0,UNI,2024
1807316925.4,1456502293.83,311059614.93,1183912239.39,136905190.31,43071159.31,214744634.58,327658749.92,57325084.29,2429768162.86,-141173513.56,-112773141.48,36114166.49,-177287680.05,-165895405.7,UNI,2023
1813202706.31,1412114536.78,137948189.73,1131271343.88,302142845.69,39720828.4,126478695.93,240791392.0,230298029.47,2258312070.33,64396866.34,89979082.03,22495404.57,41901461.77,7444028.82,UNI,2022
,,,,,,,,,,,,,,,UNI,2021
195935000.0,166670000.0,93153000.0,12758000.0,162431000.0,,,2149000.0,4532000.0,100000.0,-45857000.0,-43726000.0,196000.0,-46053000.0,-46364000.0,SCP,2025
172870000.0,156453000.0,128971000.0,11361000.0,146351000.0,,,1592000.0,50896000.0,131000.0,85606000.0,87118000.0,210000.0,85396000.0,65421000.0,SCP,2024
101489000.0,90502000.0,66291000.0,6151000.0,80930000.0,,,2409000.0,-14525000.0,516000.0,-18378000.0,-17298000.0,278000.0,-18656000.0,-18785000.0,SCP,2023
346155000.0,336691000.0,331598000.0,4949000.0,332973000.0,0.0,,2455000.0,261229000.0,404000.0,395856000.0,396520000.0,743000.0,395113000.0,318489000.0,SCP,2022
,,,,,11959000.0,11959000.0,,,,,,,,,SCP,2021
874538000.0,341913000.0,39537000.0,221905000.0,538045000.0,90821000.0,34520000.0,172182000.0,368121000.0,768869000.0,50382000.0,96193000.0,8690000.0,41692000.0,41676000.0,MGT,2025
893478000.0,358000000.0,31889000.0,196442000.0,534281000.0,96297000.0,63385000.0,222044000.0,363241000.0,777810000.0,46214000.0,91352000.0,10805000.0,35409000.0,29896000.0,MGT,2024
902385000.0,366949000.0,28254000.0,189087000.0,549990000.0,50476000.0,68917000.0,176277000.0,378414000.0,937615000.0,78077000.0,122266000.0,9717000.0,68360000.0,56761000.0,MGT,2023
938871000.0,414469000.0,23693000.0,216698000.0,545487000.0,53010000.0,81811000.0,194211000.0,380906000.0,1050604000.0,122654000.0,162171000.0,6607000.0,116047000.0,93430000.0,MGT,2022
224436000.0,139251000.0,55554000.0,61581000.0,53834000.0,107000.0,70274000.0,71720000.0,-212673000.0,62254000.0,-92338000.0,-81275000.0,8803000.0,-101141000.0,-101229000.0,RVU,2025
378777000.0,272436000.0,157526000.0,107928000.0,152293000.0,292000.0,64924000.0,67105000.0,-111444000.0,77968000.0,-107330000.0,-96834000.0,3808000.0,-111138000.0,-111435000.0,RVU,2024
403202000.0,278393000.0,57939000.0,69703000.0,259592000.0,127000.0,0.0,906000.0,-10000.0,46860000.0,-92015000.0,-81043000.0,97000.0,-92112000.0,-92112000.0,RVU,2023
474977000.0,367930000.0,101917000.0,44814000.0,343390000.0,874000.0,0.0,2768000.0,92103000.0,38946000.0,-78106000.0,-65206000.0,1089000.0,-79195000.0,-83782000.0,RVU,2022
,,,,,,,,,,,,,,,RVU,2021
210919000.0,51305000.0,3088000.0,26722000.0,157185000.0,11852000.0,5790000.0,19730000.0,-15095000.0,93012000.0,-5749000.0,7804000.0,1054000.0,-6803000.0,-15095000.0,VGO,2025
223005000.0,56799000.0,14384000.0,22356000.0,170716000.0,8556000.0,10833000.0,20636000.0,-3909000.0,78309000.0,-1386000.0,11991000.0,2081000.0,-3467000.0,-3909000.0,VGO,2024
260354000.0,96825000.0,2806000.0,43196000.0,176198000.0,32530000.0,18803000.0,52197000.0,-5289000.0,75395000.0,11102000.0,21421000.0,2115000.0,8987000.0,-5289000.0,VGO,2023
230108000.0,34831000.0,2258000.0,33596000.0,118767000.0,21328000.0,28057000.0,50249000.0,-12452000.0,67874000.0,9023000.0,18385000.0,1336000.0,7687000.0,7223000.0,VGO,2022
,,,,,,,,,,,,,,,VGO,2021
838013000.0,788488000.0,17552000.0,63394000.0,556350000.0,12048000.0,142341000.0,197689000.0,430380000.0,106376000.0,53992000.0,55637000.0,11896000.0,42096000.0,33413000.0,LKD,2025
700620000.0,649134000.0,25680000.0,68491000.0,533193000.0,11615000.0,48068000.0,74681000.0,407223000.0,189279000.0,51353000.0,53035000.0,5925000.0,45428000.0,34125000.0,LKD,2024
839631000.0,786772000.0,236048000.0,137269000.0,539967000.0,9521000.0,94336000.0,119470000.0,413997000.0,451308000.0,184507000.0,187091000.0,12106000.0,172401000.0,138010000.0,LKD,2023
804630000.0,773535000.0,65388000.0,156116000.0,430049000.0,86734000.0,142901000.0,260195000.0,304079000.0,366738000.0,102752000.0,105860000.0,25829000.0,76923000.0,57285000.0,LKD,2022
,,,,,,,,,,,,,,,LKD,2021
1547425000.0,757625000.0,87634000.0,349833000.0,675156000.0,109756000.0,369828000.0,542061000.0,462864000.0,1069003000.0,69500000.0,126826000.0,31358000.0,38142000.0,19457000.0,RWL,2025
1451372000.0,737164000.0,80781000.0,554914000.0,682302000.0,331190000.0,87742000.0,463343000.0,456346000.0,1133390000.0,115390000.0,168607000.0,31275000.0,84115000.0,53014000.0,RWL,2024
1411755000.0,737165000.0,77623000.0,423178000.0,645990000.0,197101000.0,214868000.0,469035000.0,409230000.0,1165879000.0,89572000.0,141243000.0,31854000.0,57718000.0,32612000.0,RWL,2023
1411780000.0,765735000.0,52476000.0,345476000.0,667970000.0,98836000.0,269263000.0,414095000.0,415798000.0,1218541000.0,175523000.0,217988000.0,21598000.0,153925000.0,108840000.0,RWL,2022
,,,,,,,,,,,,,,,RWL,2021
2125998000.0,473612000.0,154498000.0,669363000.0,704293000.0,22062000.0,181020000.0,836895000.0,510520000.0,1606580000.0,103835000.0,292623000.0,54020000.0,49815000.0,22795000.0,AGO,2025
2012500000.0,410466000.0,130543000.0,550617000.0,692330000.0,22067000.0,201651000.0,817047000.0,498557000.0,1480503000.0,77081000.0,255430000.0,49458000.0,27623000.0,14650000.0,AGO,2024
2045408000.0,365101000.0,90400000.0,561501000.0,738488000.0,57735000.0,26458000.0,733647000.0,544715000.0,1380614000.0,146112000.0,318238000.0,45037000.0,101075000.0,65367000.0,AGO,2023
1793073000.0,296786000.0,69054000.0,410494000.0,674123000.0,51816000.0,52861000.0,796756000.0,480350000.0,1113119000.0,-66706000.0,91431000.0,36949000.0,-103655000.0,-102658000.0,AGO,2022
,,,,,,,,,,,,,,,AGO,2021
874952000.0,661614000.0,63230000.0,515660000.0,233072000.0,156935000.0,,286767000.0,623000.0,1701667000.0,29573000.0,53793000.0,17789000.0,11784000.0,9306000.0,ANR,2025
832039000.0,609683000.0,46770000.0,466810000.0,223507000.0,109829000.0,,255979000.0,-10041000.0,1508642000.0,7890000.0,30279000.0,19005000.0,-11115000.0,-10041000.0,ANR,2024
771033000.0,563812000.0,87743000.0,385624000.0,233548000.0,120600000.0,,277515000.0,20206000.0,1260058000.0,41356000.0,57854000.0,15681000.0,25675000.0,20206000.0,ANR,2023
577956000.0,428981000.0,48731000.0,284626000.0,167114000.0,78336000.0,,211935000.0,481000.0,973449000.0,42611000.0,55633000.0,9372000.0,33239000.0,25873000.0,ANR,2022
,,,,,,,,,,,,,,,ANR,2021
219412000.0,108263000.0,29330000.0,55634000.0,159210000.0,19262000.0,,19262000.0,18144000.0,236545000.0,23013000.0,32649000.0,577000.0,22436000.0,18144000.0,ODL,2025
181290000.0,102818000.0,29145000.0,30669000.0,147729000.0,0.0,,0.0,13231000.0,221834000.0,16711000.0,27896000.0,75000.0,16636000.0,13231000.0,ODL,2024
184429000.0,120941000.0,61577000.0,35511000.0,144642000.0,0.0,,0.0,34939000.0,266406000.0,43581000.0,54555000.0,454000.0,43127000.0,34939000.0,ODL,2023
182416000.0,123157000.0,48884000.0,57522000.0,120147000.0,14207000.0,,14207000.0,30903000.0,290322000.0,38906000.0,47606000.0,226000.0,38680000.0,30903000.0,ODL,2022
,,,,,,,,,,,,,,,ODL,2021
458207000.0,291047000.0,19897000.0,75443000.0,359413000.0,3027000.0,,11004000.0,327609000.0,333733000.0,102981000.0,174181000.0,280000.0,102701000.0,79449000.0,KPL,2025
404600000.0,231475000.0,17045000.0,83839000.0,298089000.0,0.0,,9107000.0,260647000.0,315499000.0,87176000.0,150099000.0,316000.0,86860000.0,66718000.0,KPL,2024
347422000.0,176718000.0,24717000.0,78497000.0,243016000.0,4000.0,,3960000.0,206416000.0,294205000.0,66284000.0,123856000.0,651000.0,65633000.0,51871000.0,KPL,2023
296409000.0,151038000.0,40931000.0,78660000.0,204109000.0,16446000.0,0.0,17966000.0,161483000.0,284819000.0,61151000.0,118838000.0,962000.0,60189000.0,47666000.0,KPL,2022
,,,,,,10709000.0,,,,,,,,,KPL,2021
1944000000.0,974000000.0,111000000.0,1366000000.0,387000000.0,651000000.0,28000000.0,783000000.0,273000000.0,2183000000.0,-105000000.0,-9000000.0,56000000.0,-161000000.0,-160000000.0,WLT,2025
1873000000.0,868000000.0,79000000.0,1164000000.0,477000000.0,534000000.0,48000000.0,693000000.0,433000000.0,2105000000.0,-106000000.0,-19000000.0,40000000.0,-146000000.0,-144000000.0,WLT,2024
2002354000.0,1093892000.0,90568000.0,1106469000.0,619472000.0,311541000.0,142131000.0,522914000.0,577082000.0,3225223000.0,152608000.0,229274000.0,35454000.0,117154000.0,105865000.0,WLT,2023
2104817000.0,1287605000.0,116342000.0,1194010000.0,554278000.0,321483000.0,216939000.0,607145000.0,495282000.0,3433366000.0,152942000.0,225062000.0,26196000.0,126746000.0,114280000.0,WLT,2022
,,,,,,,,,,,,,,,WLT,2021
1373011000.0,548694000.0,61789000.0,441069000.0,876820000.0,206281000.0,2663000.0,248592000.0,718554000.0,1209361000.0,53027000.0,109438000.0,12106000.0,40921000.0,22189000.0,FTE,2026
1480510000.0,609406000.0,114500000.0,245310000.0,927955000.0,62225000.0,255755000.0,355385000.0,698075000.0,1101412000.0,83053000.0,138879000.0,21358000.0,61695000.0,50190000.0,FTE,2025
1449755000.0,463790000.0,30920000.0,468765000.0,907829000.0,321074000.0,3925000.0,360732000.0,647885000.0,1030669000.0,8461000.0,63715000.0,23109000.0,-14648000.0,-60608000.0,FTE,2024
1481119000.0,481268000.0,19610000.0,312331000.0,855752000.0,138718000.0,248556000.0,415041000.0,709886000.0,1273944000.0,74165000.0,129560000.0,11914000.0,62251000.0,89544000.0,FTE,2022
,,,,,,,,,,,,,,,FTE,2021
1812600000.0,1037500000.0,132000000.0,691000000.0,1040000000.0,139700000.0,4700000.0,195300000.0,35500000.0,2411000000.0,78900000.0,139600000.0,37000000.0,41900000.0,17500000.0,AMC,2025
1919200000.0,1094700000.0,122200000.0,740400000.0,1049800000.0,126900000.0,41700000.0,233300000.0,23300000.0,2573600000.0,68200000.0,128600000.0,40200000.0,28000000.0,13200000.0,AMC,2024
1995000000.0,1187900000.0,148700000.0,780500000.0,1065300000.0,124900000.0,60000000.0,243000000.0,-8700000.0,2837900000.0,69400000.0,123200000.0,46400000.0,23000000.0,-4000000.0,AMC,2023
2197900000.0,1402400000.0,166400000.0,906600000.0,1106600000.0,81300000.0,92100000.0,239600000.0,28700000.0,3414900000.0,39100000.0,108700000.0,36200000.0,2900000.0,-8100000.0,AMC,2022
,,,,,,,,,,,,,,,AMC,2021
1613363000.0,378690000.0,18754000.0,155457000.0,894190000.0,37774000.0,159523000.0,212006000.0,41419000.0,259136000.0,50102000.0,58267000.0,20239000.0,29863000.0,15699000.0,CFI,2025
1637433000.0,381619000.0,25294000.0,177548000.0,878740000.0,75042000.0,165076000.0,266868000.0,25969000.0,257882000.0,45062000.0,56887000.0,19024000.0,26038000.0,15632000.0,CFI,2024
1642825000.0,379231000.0,34244000.0,145778000.0,862715000.0,49369000.0,232430000.0,307092000.0,9944000.0,235293000.0,106727000.0,118183000.0,23338000.0,83389000.0,60268000.0,CFI,2023
1582621000.0,156592000.0,24080000.0,177502000.0,802448000.0,68400000.0,243018000.0,339106000.0,-50323000.0,218803000.0,4137000.0,12781000.0,19032000.0,-14895000.0,-5841000.0,CFI,2022
,,,,,,,,,,,,,,,CFI,2021
123099036.0,73491937.0,22020251.0,3996771.0,118704545.0,0.0,0.0,723954.0,17195398.0,29832209.0,19283957.0,20125905.0,72436.0,19211521.0,17195398.0,CRJ,2025
111915612.0,78082665.0,27555556.0,3774576.0,107324432.0,0.0,0.0,1141203.0,15895484.0,30983732.0,17959066.0,19214670.0,84061.0,17875005.0,15895484.0,CRJ,2024
102158304.0,80607354.0,59630421.0,3869237.0,97689793.0,0.0,0.0,720379.0,18327451.0,37499910.0,20759429.0,22072532.0,31425.0,20728004.0,18327451.0,CRJ,2023
103728555.0,87711176.0,5487771.0,3480785.0,100021554.0,0.0,0.0,64823.0,36459277.0,54910256.0,39617841.0,40659400.0,22571.0,39595270.0,36459277.0,CRJ,2022
,,,,,,,,,,,,,,,CRJ,2021
1043547000.0,501064000.0,22645000.0,496798000.0,175623000.0,132053000.0,133348000.0,455224000.0,34254000.0,1050238000.0,86103000.0,125243000.0,22533000.0,63570000.0,35427000.0,GKI,2025
937457000.0,380745000.0,20591000.0,470968000.0,112676000.0,127288000.0,122783000.0,405008000.0,-28600000.0,869083000.0,46896000.0,96766000.0,24231000.0,22665000.0,-88084000.0,GKI,2024
960394000.0,391838000.0,26916000.0,410420000.0,208048000.0,148405000.0,87045000.0,430872000.0,66216000.0,878570000.0,67955000.0,112969000.0,20079000.0,47876000.0,1767000.0,GKI,2023
1004120000.0,443841000.0,34816000.0,417359000.0,212637000.0,105576000.0,111953000.0,414542000.0,68196000.0,886503000.0,49437000.0,92114000.0,17486000.0,31951000.0,9052000.0,GKI,2022
,,,,,,,,,,,,,,,GKI,2021
969949000.0,295502000.0,19460000.0,232697000.0,505498000.0,73669000.0,201298000.0,277703000.0,293633000.0,1085503000.0,63330000.0,82539000.0,18843000.0,44487000.0,37933000.0,PCX,2025
966869000.0,317967000.0,32943000.0,258757000.0,475019000.0,65833000.0,203449000.0,272359000.0,255700000.0,948124000.0,56774000.0,74345000.0,14722000.0,42052000.0,35592000.0,PCX,2024
811629000.0,235004000.0,21736000.0,165688000.0,453785000.0,38955000.0,163432000.0,204491000.0,234640000.0,948214000.0,65521000.0,82190000.0,15124000.0,50397000.0,42192000.0,PCX,2023
835837000.0,314694000.0,26005000.0,209666000.0,434448000.0,42834000.0,163822000.0,208581000.0,209862000.0,1180911000.0,162980000.0,179214000.0,15527000.0,147453000.0,119634000.0,PCX,2022
,,,,,,,,,,,,,,,PCX,2021
1445797000.0,1173417000.0,239106000.0,167982000.0,731131000.0,20820000.0,456159000.0,551405000.0,58171000.0,547698000.0,99203000.0,110224000.0,24621000.0,74582000.0,58171000.0,MVP,2025
1583544000.0,1281405000.0,187830000.0,396417000.0,697955000.0,69864000.0,378968000.0,530307000.0,31719000.0,461662000.0,57838000.0,68449000.0,18399000.0,39439000.0,31719000.0,MVP,2024
1461237000.0,1122338000.0,239537000.0,384813000.0,710388000.0,116748000.0,261734000.0,462454000.0,55277000.0,377511000.0,78605000.0,88180000.0,10046000.0,68559000.0,55277000.0,MVP,2023
1377356000.0,977601000.0,132614000.0,310663000.0,655111000.0,19047000.0,306934000.0,415310000.0,89903000.0,588585000.0,119717000.0,127251000.0,8726000.0,110991000.0,89903000.0,MVP,2022
,,,,,,,,,,,,,,,MVP,2021
764562000.0,145105000.0,8283000.0,102913000.0,593970000.0,32153000.0,7273000.0,57162000.0,-1093791000.0,282521000.0,12902000.0,51367000.0,5071000.0,7831000.0,3393000.0,BIO,2025
794138000.0,153997000.0,6963000.0,143118000.0,590548000.0,36958000.0,0.0,56568000.0,-1097184000.0,207763000.0,-4350000.0,31933000.0,7531000.0,-11881000.0,-15658000.0,BIO,2024
822224000.0,166757000.0,3883000.0,165590000.0,606358000.0,52852000.0,1702000.0,68693000.0,-1081527000.0,181636000.0,15477000.0,50461000.0,8243000.0,7234000.0,2275000.0,BIO,2023
808404000.0,153071000.0,9339000.0,141054000.0,604138000.0,55312000.0,6810000.0,76392000.0,-1083802000.0,233159000.0,12810000.0,47213000.0,7858000.0,4952000.0,1421000.0,BIO,2022
,,,,,,,,,,,,,,,BIO,2021
268804564.0,92773669.0,45208993.0,29091384.0,236421687.0,1260000.0,2520000.0,4540187.0,6952666.0,141034322.0,11813015.0,62934361.0,312642.0,11500373.0,6942666.0,11B,2025
262302617.0,92651796.0,65452202.0,27830983.0,229918534.0,1260000.0,3780000.0,5802235.0,6899150.0,140545307.0,3227343.0,24321618.0,451476.0,2775867.0,6899150.0,11B,2024
258328148.0,66935181.0,37555974.0,24704295.0,227065033.0,1260000.0,5145000.0,7169215.0,317524.0,52272732.0,326928.0,6113942.0,621519.0,-294591.0,525609.0,11B,2023
244197441.0,101650294.0,30585991.0,10196305.0,224543680.0,1260000.0,6405000.0,8431130.0,22681731.0,74205927.0,27713333.0,35521111.0,486992.0,27226341.0,22889816.0,11B,2022
,,,,,,,,,,,,,,,11B,2021
444011000.0,159843000.0,25959000.0,68341000.0,331991000.0,3419000.0,3487000.0,26343000.0,145292000.0,322861000.0,49906000.0,105033000.0,1640000.0,48266000.0,37156000.0,ATG,2025
425365000.0,167380000.0,13677000.0,68880000.0,309625000.0,2842000.0,5509000.0,27351000.0,123310000.0,244140000.0,36671000.0,60896000.0,1715000.0,34956000.0,26796000.0,ATG,2024
385869000.0,127610000.0,18912000.0,38972000.0,305723000.0,166000.0,3959000.0,25397000.0,118432000.0,233972000.0,39787000.0,64342000.0,2748000.0,37039000.0,27059000.0,ATG,2023
391427000.0,133063000.0,43868000.0,50877000.0,300432000.0,3620000.0,1670000.0,28731000.0,113291000.0,299900000.0,54116000.0,72292000.0,1687000.0,52429000.0,43841000.0,ATG,2022
,,,,,,,,,,,,,,,ATG,2021
972680000.0,786783000.0,52601000.0,217522000.0,545920000.0,77128000.0,139026000.0,222053000.0,468628000.0,421062000.0,91489000.0,100175000.0,9036000.0,82453000.0,55835000.0,INP,2025
864253000.0,679570000.0,40782000.0,245464000.0,494111000.0,79458000.0,59391000.0,145178000.0,416819000.0,392993000.0,77720000.0,85933000.0,7641000.0,70079000.0,49984000.0,INP,2024
799305000.0,637114000.0,47174000.0,200126000.0,454862000.0,64569000.0,86589000.0,158793000.0,377570000.0,308606000.0,59274000.0,67009000.0,6419000.0,52855000.0,35227000.0,INP,2023
750170000.0,590775000.0,54703000.0,163418000.0,430465000.0,42363000.0,99212000.0,150369000.0,353173000.0,357690000.0,88762000.0,96563000.0,9394000.0,79368000.0,54694000.0,INP,2022
,,,,,,,,,,,,,,,INP,2021
517738150.84,253023910.07,12542177.27,105140282.48,372358855.11,42712.87,,15809671.2,354993205.11,374933227.7,67431056.22,72824557.37,1059796.52,66371259.7,52860738.25,INK,2024
541109855.65,307893615.42,27244521.05,161938549.89,337765625.24,7353031.59,,24821500.74,320399975.24,418251632.31,45180433.27,50901607.68,1770394.92,43410038.35,35276409.1,INK,2023
464681115.92,231399969.4,5800001.81,111517884.6,312769618.58,13794412.34,0.0,30972015.37,295403968.58,397560443.25,40069512.53,46052219.21,1310026.5,38759486.03,28981580.01,INK,2022
438395039.49,240174166.15,30015777.38,97289650.56,294290018.89,8981952.96,1198425.97,33011369.39,276924368.89,380466541.53,36650573.84,43003877.58,1316461.1,35334112.74,26904608.11,INK,2021
464151000.0,186066000.0,51005000.0,40506000.0,252301000.0,,,23329000.0,231929000.0,308009000.0,23009000.0,37096000.0,717000.0,22292000.0,14233000.0,LTX,2025
462436000.0,174067000.0,32998000.0,42860000.0,253435000.0,0.0,,19594000.0,217729000.0,313113000.0,30151000.0,44259000.0,697000.0,29454000.0,17826000.0,LTX,2024
444779000.0,170979000.0,37520000.0,38346000.0,251664000.0,5000.0,,20089000.0,197287000.0,339650000.0,32345000.0,47341000.0,1481000.0,30864000.0,22618000.0,LTX,2023
472575000.0,184796000.0,21886000.0,49252000.0,263489000.0,8000.0,,21636000.0,175586000.0,405922000.0,23890000.0,41498000.0,3001000.0,20889000.0,35255000.0,LTX,2022
,,,,,46465000.0,0.0,,,,,,,,,LTX,2021
250459000.0,121315000.0,33520000.0,42835000.0,185265000.0,1740000.0,3840000.0,12193000.0,18251000.0,293687000.0,27591000.0,43307000.0,938000.0,26653000.0,21496000.0,MAK,2025
253839000.0,128179000.0,53099000.0,51768000.0,173642000.0,3021000.0,5675000.0,16452000.0,28271000.0,303271000.0,42680000.0,57794000.0,1156000.0,41524000.0,33666000.0,MAK,2024
238088000.0,102444000.0,29003000.0,53377000.0,149276000.0,3019000.0,8691000.0,19134000.0,43812000.0,354844000.0,44012000.0,58164000.0,1856000.0,42156000.0,32891000.0,MAK,2023
239332000.0,95151000.0,7828000.0,74673000.0,122914000.0,13220000.0,13133000.0,31245000.0,24159000.0,328922000.0,32528000.0,41698000.0,2185000.0,30343000.0,24458000.0,MAK,2022
,,,,,,,,,,,,,,,MAK,2021
425725000.0,74702000.0,10630000.0,51557000.0,344112000.0,1798000.0,13786000.0,21666000.0,252609000.0,245630000.0,19309000.0,76895000.0,2314000.0,16995000.0,13339000.0,ULM,2025
413883000.0,67725000.0,8407000.0,45202000.0,337280000.0,4333000.0,14333000.0,25353000.0,239270000.0,224187000.0,22195000.0,74741000.0,1569000.0,20626000.0,16289000.0,ULM,2024
395814000.0,112389000.0,41435000.0,44912000.0,335730000.0,0.0,0.0,7713000.0,235068000.0,203725000.0,26384000.0,71803000.0,1180000.0,25204000.0,20454000.0,ULM,2023
396390000.0,85829000.0,33520000.0,36198000.0,343205000.0,,,9794000.0,234638000.0,200943000.0,19172000.0,71490000.0,1055000.0,18117000.0,14455000.0,ULM,2022
,,,,,,,,,,,,,,,ULM,2021
276624000.0,195339000.0,4681000.0,88460000.0,164854000.0,41459000.0,19274000.0,60733000.0,13539000.0,445313000.0,22334000.0,27361000.0,5267000.0,17067000.0,13539000.0,HEL,2025
215263000.0,158249000.0,3316000.0,51826000.0,151316000.0,5290000.0,8077000.0,13367000.0,26742000.0,417176000.0,36374000.0,40818000.0,3188000.0,33186000.0,26742000.0,HEL,2024
180088000.0,128293000.0,2096000.0,45969000.0,124574000.0,10381000.0,5461000.0,15842000.0,13782000.0,369157000.0,22945000.0,26822000.0,5701000.0,17244000.0,13782000.0,HEL,2023
200958000.0,152698000.0,2315000.0,80715000.0,110792000.0,44775000.0,5328000.0,50103000.0,12918000.0,311877000.0,18614000.0,22081000.0,2479000.0,16135000.0,12918000.0,HEL,2022
108233000.0,16848000.0,2727000.0,12987000.0,64621000.0,1671000.0,17220000.0,18891000.0,-145142000.0,30985000.0,-9658000.0,-5017000.0,2043000.0,-11701000.0,-11684000.0,MDG,2025
105814000.0,22368000.0,5504000.0,8967000.0,77174000.0,1480000.0,2654000.0,4134000.0,-133458000.0,24002000.0,-15614000.0,-11979000.0,163000.0,-15777000.0,-16081000.0,MDG,2024
121631000.0,43227000.0,25501000.0,12294000.0,92557000.0,0.0,0.0,0.0,-117377000.0,43098000.0,-133000.0,2233000.0,105000.0,-238000.0,-578000.0,MDG,2023
122018000.0,56075000.0,26165000.0,10282000.0,94674000.0,9000.0,0.0,9000.0,-116799000.0,62719000.0,25532000.0,29755000.0,271000.0,25261000.0,-11862000.0,MDG,2022
,,,,,,,,,,,,,,,MDG,2021
623476000.0,419705000.0,27790000.0,312773000.0,215939000.0,6883000.0,,54543000.0,119032000.0,945898000.0,19097000.0,35142000.0,5107000.0,13990000.0,11009000.0,ZUE,2025
731695000.0,517481000.0,52676000.0,431466000.0,204876000.0,25515000.0,0.0,78895000.0,107971000.0,1219407000.0,17115000.0,32757000.0,4975000.0,12140000.0,10720000.0,ZUE,2024
905814000.0,712432000.0,223555000.0,592620000.0,198663000.0,10550000.0,47015000.0,89305000.0,101758000.0,1456547000.0,32247000.0,47029000.0,3319000.0,28928000.0,21032000.0,ZUE,2023
674694000.0,475261000.0,63251000.0,434556000.0,179381000.0,19639000.0,8696000.0,48617000.0,82476000.0,921420000.0,23928000.0,37693000.0,1821000.0,22107000.0,16392000.0,ZUE,2022
,,,,,,0.0,,,,,,,,,ZUE,2021
515409000.0,171007000.0,48676000.0,124780000.0,137990000.0,24884000.0,126014000.0,245108000.0,-1698000.0,283252000.0,2756000.0,27239000.0,4737000.0,-1981000.0,-1700000.0,TRN,2025
241643000.0,89944000.0,43497000.0,45731000.0,140923000.0,1154000.0,2501000.0,67818000.0,2665000.0,221204000.0,8103000.0,26867000.0,4115000.0,3988000.0,2549000.0,TRN,2024
245390000.0,101409000.0,38384000.0,49141000.0,140666000.0,1204000.0,1703000.0,68766000.0,8581000.0,205519000.0,12023000.0,29203000.0,3467000.0,8556000.0,6207000.0,TRN,2023
237411000.0,113183000.0,52969000.0,45183000.0,144765000.0,1278000.0,2969000.0,54745000.0,6396000.0,195610000.0,10195000.0,25494000.0,1876000.0,8319000.0,6527000.0,TRN,2022
,,,,,,,,,,,,,,,TRN,2021
60301678.16,47682620.11,26909631.8,13364386.91,46118643.25,0.0,0.0,0.0,20686558.43,118114796.22,22275399.45,23773368.58,167.02,22275232.43,20686558.43,SWM,2025
60140761.53,48274800.55,27463862.8,13524831.87,45980257.66,0.0,0.0,0.0,28890652.12,99820900.12,31465002.66,32581982.06,290.54,31464712.12,28890652.12,SWM,2024
34434679.49,24999533.26,13114713.33,8684159.79,25390991.7,0.0,0.0,0.0,11062091.03,73667139.31,11496008.5,11966046.45,920.47,11495088.03,11062091.03,SWM,2023
24994494.45,22806595.85,11913482.19,7956526.72,17021364.73,0.0,0.0,0.0,12150339.02,62800646.36,17754895.1,18748947.66,51.0,17754844.1,17146584.1,SWM,2022
538839000.0,394244000.0,4149000.0,382946000.0,138303000.0,50761000.0,10910000.0,66296000.0,120360000.0,1223089000.0,18834000.0,29648000.0,4256000.0,14578000.0,11425000.0,GRN,2026
,,,320320000.0,,,,,,,,,,,,GRN,2025
501484000.0,350919000.0,2649000.0,320210000.0,149723000.0,55233000.0,22335000.0,89155000.0,131772000.0,1186121000.0,16668000.0,26748000.0,6683000.0,9985000.0,6210000.0,GRN,2024
499283000.0,354387000.0,3888000.0,315581000.0,143496000.0,66148000.0,29008000.0,109603000.0,125562000.0,1228514000.0,34516000.0,43047000.0,7311000.0,27205000.0,22320000.0,GRN,2023
468172000.0,335331000.0,10115000.0,,134097000.0,22263000.0,33580000.0,64641000.0,116163000.0,1196035000.0,56379000.0,63455000.0,1779000.0,54600000.0,43771000.0,GRN,2022
1987293000.0,1389945000.0,271716000.0,1099664000.0,431248000.0,106948000.0,143336000.0,387942000.0,39188000.0,3258215000.0,28867000.0,81123000.0,29935000.0,-1068000.0,-35754000.0,ERB,2025
2027937000.0,1423633000.0,329774000.0,1155344000.0,486554000.0,108948000.0,102373000.0,313141000.0,90798000.0,2979789000.0,22616000.0,65722000.0,22560000.0,56000.0,-28857000.0,ERB,2024
1973833000.0,1496933000.0,263119000.0,1066019000.0,537543000.0,39848000.0,110726000.0,239437000.0,146867000.0,3234363000.0,83559000.0,120493000.0,33085000.0,50474000.0,10003000.0,ERB,2023
2016268000.0,1573713000.0,163961000.0,1107181000.0,540881000.0,100834000.0,121929000.0,312575000.0,166633000.0,3855649000.0,19796000.0,52924000.0,21412000.0,-1616000.0,8291000.0,ERB,2022
,,,,,,,,,,,,,,,ERB,2021
344219000.0,183924000.0,27708000.0,80679000.0,221145000.0,7819000.0,0.0,63162000.0,156745000.0,476742000.0,52680000.0,84815000.0,7178000.0,45502000.0,35318000.0,WTN,2025
350422000.0,193470000.0,16329000.0,124321000.0,185791000.0,51769000.0,0.0,104075000.0,121427000.0,454162000.0,50959000.0,82012000.0,4979000.0,45980000.0,34238000.0,WTN,2024
337956000.0,189869000.0,22804000.0,83242000.0,216668000.0,13812000.0,0.0,60402000.0,153004000.0,467103000.0,80184000.0,108392000.0,3945000.0,76239000.0,61288000.0,WTN,2023
330051000.0,186612000.0,18190000.0,79258000.0,214364000.0,5093000.0,0.0,54934000.0,152848000.0,405919000.0,81465000.0,106817000.0,3046000.0,78419000.0,62887000.0,WTN,2022
,,,,,,,,,,,,,,,WTN,2021
156700850.0,145469872.0,7771247.0,17199019.0,134175711.0,0.0,,4974474.0,105119187.0,95982802.0,27274251.0,28897279.0,238299.0,27035952.0,25377109.0,ART,2025
133568029.0,117931916.0,7392405.0,19642276.0,107899817.0,0.0,,5542860.0,80894295.0,103528235.0,30303909.0,32143925.0,350801.0,29953108.0,27401470.0,ART,2024
98877510.0,89464668.0,6400996.0,17021213.0,80662401.0,0.0,,806167.0,52801084.0,82492424.0,27558225.0,28581774.0,120122.0,27438103.0,24919038.0,ART,2023
65006488.0,59383469.0,3163503.0,8675840.0,55189269.0,0.0,,1247972.0,27882046.0,38548985.0,12646891.0,13587295.0,110072.0,12536819.0,12065815.0,ART,2022
,,,,,,,,,,,,,,,ART,2021
649997000.0,404257000.0,59562000.0,321133000.0,227319000.0,61488000.0,46840000.0,153125000.0,119028000.0,745923000.0,45894000.0,67013000.0,8962000.0,36932000.0,26113000.0,SWG,2025
708853000.0,479774000.0,145837000.0,372712000.0,261190000.0,62100000.0,23436000.0,132935000.0,139702000.0,712825000.0,36578000.0,55056000.0,8843000.0,27735000.0,24327000.0,SWG,2024
626575000.0,436696000.0,75735000.0,327848000.0,242967000.0,44451000.0,8806000.0,92954000.0,123991000.0,683659000.0,38961000.0,55265000.0,8690000.0,30271000.0,35406000.0,SWG,2023
581662000.0,415464000.0,73900000.0,312657000.0,221662000.0,58047000.0,7948000.0,89805000.0,97081000.0,622729000.0,39528000.0,54536000.0,6191000.0,33337000.0,30619000.0,SWG,2022
,,,,,,,,,,,,,,,SWG,2021
243203000.0,125980000.0,14620000.0,8596000.0,226914000.0,,,,202449000.0,146561000.0,19750000.0,19750000.0,439000.0,19311000.0,15257000.0,APN,2025
236832000.0,117929000.0,14052000.0,11713000.0,218442000.0,0.0,,0.0,195007000.0,155392000.0,26816000.0,26816000.0,259000.0,26557000.0,20743000.0,APN,2024
232143000.0,119471000.0,16579000.0,16229000.0,209743000.0,0.0,,9000.0,185414000.0,163201000.0,40602000.0,48020000.0,20000.0,40582000.0,31612000.0,APN,2023
202411000.0,105811000.0,13580000.0,14917000.0,182471000.0,0.0,,186000.0,170430000.0,147827000.0,25856000.0,33138000.0,2000.0,25854000.0,20441000.0,APN,2022
,,,,,,,29000.0,,,,,,,,APN,2021
163423000.0,51929000.0,1966000.0,23244000.0,123077000.0,0.0,,4880000.0,56896000.0,182662000.0,24373000.0,29299000.0,161000.0,24212000.0,20013000.0,NVT,2025
165923000.0,52853000.0,2867000.0,26605000.0,123084000.0,0.0,,5254000.0,60457000.0,200105000.0,28708000.0,33584000.0,174000.0,28534000.0,23574000.0,NVT,2024
164298000.0,50996000.0,8749000.0,18390000.0,130519000.0,0.0,,4937000.0,60169000.0,184895000.0,28180000.0,32854000.0,167000.0,28013000.0,23286000.0,NVT,2023
186748000.0,71547000.0,9656000.0,24449000.0,147256000.0,0.0,,4964000.0,58252000.0,248849000.0,25863000.0,30605000.0,296000.0,25567000.0,21369000.0,NVT,2022
,,,,,,,,,,,,,,,NVT,2021
270012000.0,211658000.0,6713000.0,185180000.0,33947000.0,11913000.0,43657000.0,61834000.0,-69647000.0,294393000.0,-61472000.0,-47289000.0,6245000.0,-67717000.0,113086000.0,CLC,2025
615435000.0,155649000.0,9375000.0,651832000.0,-79103000.0,494078000.0,4467000.0,533484000.0,-182697000.0,345319000.0,46461000.0,61313000.0,4352000.0,42109000.0,-34415000.0,CLC,2024
645190000.0,460163000.0,2256000.0,671404000.0,-41452000.0,533232000.0,0.0,550117000.0,-145046000.0,456541000.0,-30734000.0,-16979000.0,38349000.0,-69083000.0,-65572000.0,CLC,2023
782976000.0,507229000.0,20771000.0,547224000.0,26502000.0,308971000.0,193836000.0,521181000.0,-77092000.0,603433000.0,-84101000.0,-62562000.0,39317000.0,-123418000.0,-111894000.0,CLC,2022
,,,,,,,,,,,,,,,CLC,2021
363940000.0,92576000.0,10547000.0,647381000.0,-568847000.0,310439000.0,194930000.0,514246000.0,-884015000.0,328845000.0,-111373000.0,-85976000.0,43657000.0,-155030000.0,-153574000.0,BMC,2025
422031000.0,204386000.0,5686000.0,460318000.0,-419650000.0,162817000.0,313596000.0,489312000.0,-730445000.0,409876000.0,-925645000.0,-876418000.0,13087000.0,-938732000.0,-1154806000.0,BMC,2024
1181663000.0,438348000.0,55365000.0,369491000.0,736023000.0,88345000.0,366000.0,94007000.0,429908000.0,667452000.0,-25233000.0,29005000.0,10060000.0,-35293000.0,-25884000.0,BMC,2023
1231771000.0,525053000.0,102273000.0,278814000.0,790101000.0,10934000.0,85315000.0,104461000.0,724400000.0,1111782000.0,494083000.0,557242000.0,10542000.0,483541000.0,394976000.0,BMC,2022
,,,,,,,,,,,,,,,BMC,2021
1640373000.0,1132076000.0,121161000.0,953725000.0,455508000.0,225447000.0,112588000.0,371481000.0,408260000.0,1923498000.0,-72766000.0,-42812000.0,12934000.0,-85700000.0,-63195000.0,PBX,2025
1520940000.0,1014640000.0,190111000.0,807544000.0,499463000.0,248996000.0,123050000.0,400372000.0,448768000.0,1566237000.0,99456000.0,128500000.0,17655000.0,81801000.0,69072000.0,PBX,2023
1324910000.0,864192000.0,112667000.0,641811000.0,452724000.0,55378000.0,127608000.0,206793000.0,395593000.0,1677945000.0,100167000.0,127837000.0,17994000.0,82173000.0,66120000.0,PBX,2022
1220339000.0,767529000.0,109367000.0,604699000.0,380542000.0,72018000.0,138243000.0,235401000.0,330433000.0,1504862000.0,56293000.0,83018000.0,7016000.0,49277000.0,40291000.0,PBX,2021
,,,,,,,,,,,,,,,PBX,2024
47128000.0,36718000.0,20212000.0,22997000.0,22713000.0,,,987000.0,8489000.0,58351000.0,9236000.0,12458000.0,89000.0,9147000.0,8489000.0,XPL,2025
39777000.0,29754000.0,14735000.0,17186000.0,20491000.0,,,1103000.0,6436000.0,60118000.0,7197000.0,10236000.0,102000.0,7095000.0,6436000.0,XPL,2024
32209000.0,23029000.0,6849000.0,15725000.0,14030000.0,,,740000.0,-8382000.0,52191000.0,-4753000.0,-1740000.0,107000.0,-4860000.0,-4319000.0,XPL,2023
35347000.0,25642000.0,9117000.0,13538000.0,17988000.0,,,1567000.0,4070000.0,59722000.0,8364000.0,10548000.0,349000.0,8015000.0,6652000.0,XPL,2022
,,,,,0.0,0.0,,,,,,,,,XPL,2021
304131000.0,121888000.0,1673000.0,134961000.0,124676000.0,79854000.0,,84646000.0,-40099000.0,42010000.0,-19301000.0,-19301000.0,4610000.0,-23911000.0,-19932000.0,SVE,2025
298622000.0,46190000.0,760000.0,42970000.0,121471000.0,18561000.0,58246000.0,80381000.0,-20123000.0,71756000.0,12747000.0,12747000.0,3105000.0,9642000.0,7550000.0,SVE,2024
265903000.0,45571000.0,2175000.0,31001000.0,112639000.0,7914000.0,58861000.0,70044000.0,-27662000.0,58607000.0,9127000.0,9127000.0,2558000.0,6569000.0,4758000.0,SVE,2023
163099000.0,55370000.0,27092000.0,24486000.0,105560000.0,6799000.0,5978000.0,15146000.0,-32420000.0,50383000.0,9954000.0,16174000.0,1608000.0,8346000.0,6081000.0,SVE,2022
,,,,,,1794000.0,,,,,,,,,SVE,2021
64286639.69,43438755.2,680839.09,42063402.87,9719383.59,2680462.71,7433683.82,10114146.53,-40551703.56,69832385.15,-2969532.76,-1802684.16,782603.46,-3752136.22,-3912522.09,ELQ,2025
56778218.06,38477283.24,416313.51,34054424.52,15704927.93,3659685.35,2700000.0,6359685.35,-21349677.78,74301194.91,4885203.5,5949650.64,534328.74,4350874.76,4521890.72,ELQ,2024
59190971.19,46240367.74,203915.02,42828766.91,12636270.62,200000.0,2700000.0,2900000.0,-14702703.94,83676595.68,12068784.29,13040150.82,559097.47,11509686.82,8922974.82,ELQ,2023
44132225.54,32016189.73,1702661.86,37298030.86,3713295.8,114808.46,2700000.0,2814808.46,-21731505.58,28368313.56,2388706.14,3247966.07,384333.82,2004372.32,1492487.32,ELQ,2022
,,,,,,,,,,,,,,,ELQ,2021
496549000.0,311124000.0,59361000.0,230728000.0,190149000.0,36498000.0,21850000.0,95612000.0,138553000.0,602288000.0,37282000.0,55257000.0,7409000.0,29873000.0,19265000.0,INL,2025
510475000.0,333095000.0,50371000.0,257453000.0,183533000.0,60675000.0,22849000.0,116610000.0,131221000.0,643572000.0,44517000.0,63565000.0,8844000.0,35673000.0,27911000.0,INL,2024
518820000.0,354328000.0,76010000.0,275813000.0,173140000.0,66034000.0,17442000.0,122280000.0,115648000.0,687079000.0,51501000.0,69234000.0,8425000.0,43076000.0,33476000.0,INL,2023
458872000.0,300052000.0,44891000.0,235461000.0,143710000.0,44831000.0,32814000.0,111922000.0,96052000.0,597283000.0,41505000.0,56869000.0,7452000.0,34053000.0,22617000.0,INL,2022
,,,,,,,,,,,,,,,INL,2021
590303000.0,268061000.0,48944000.0,164260000.0,322485000.0,43196000.0,42555000.0,114974000.0,10038000.0,685495000.0,17715000.0,28056000.0,6206000.0,11509000.0,10075000.0,MFO,2025
528807000.0,246633000.0,75138000.0,139325000.0,308178000.0,32089000.0,35000000.0,76144000.0,7183000.0,616744000.0,12998000.0,21837000.0,4819000.0,8179000.0,7186000.0,MFO,2024
497394000.0,288973000.0,134994000.0,132669000.0,299568000.0,47055000.0,16667000.0,78716000.0,-14800000.0,575900000.0,-7684000.0,947000.0,5392000.0,-13076000.0,-14777000.0,MFO,2023
454173000.0,252168000.0,85136000.0,95141000.0,314367000.0,38169000.0,0.0,38169000.0,24720000.0,922803000.0,34279000.0,41031000.0,3967000.0,30312000.0,24632000.0,MFO,2022
,,,,,,,,,,,,,,,MFO,2021
92710038.94,59499363.25,3178122.87,43764162.18,-146392340.41,7381101.4,5088088.96,12469190.36,-209708051.6,73325543.98,26481866.71,26836408.27,333961.78,26147904.93,22607651.93,ONC,2025
130584500.28,99798253.06,41038678.9,298776412.3,-168999992.34,76645109.41,0.0,76663547.77,-232315703.53,129494785.21,17301973.18,18733796.35,20387664.36,-3085691.18,-6849021.18,ONC,2024
126443520.74,100494008.31,26998884.73,288330138.54,-162150971.16,80843931.84,18438.36,80862370.2,-225347733.68,232970817.12,24049918.65,25537999.34,17412264.29,6637654.36,3254326.36,ONC,2023
115970249.3,89746729.65,39413431.54,272184589.49,-156490962.55,69778773.1,18438.36,69797211.46,-219687725.07,253308091.09,33212913.58,34110837.43,18252797.82,14960115.76,10882650.76,ONC,2022
,,,,,,,,,,,,,,,ONC,2021
47005000.0,16067000.0,6642000.0,10483000.0,19404000.0,0.0,0.0,16412000.0,-22874000.0,13696000.0,-22244000.0,-16290000.0,1085000.0,-23329000.0,-23329000.0,XTP,2025
60426000.0,36758000.0,27686000.0,9535000.0,40548000.0,0.0,0.0,6758000.0,-20409000.0,12274000.0,-21654000.0,-17129000.0,407000.0,-22061000.0,-22070000.0,XTP,2024
47942000.0,33288000.0,27275000.0,9378000.0,33592000.0,3348000.0,0.0,3952000.0,-4595000.0,13418000.0,-4485000.0,-2645000.0,343000.0,-4828000.0,-4851000.0,XTP,2023
17509000.0,9728000.0,6010000.0,7088000.0,3975000.0,0.0,3180000.0,3909000.0,-2001000.0,10042000.0,-1933000.0,-929000.0,185000.0,-2118000.0,-2137000.0,XTP,2022
,,,,,,,,,,,,,,,XTP,2021
425827000.0,123678000.0,11664000.0,127313000.0,270273000.0,49087000.0,59000.0,63154000.0,5036000.0,504213000.0,29798000.0,44237000.0,4809000.0,24989000.0,19693000.0,DMG,2025
404839000.0,127136000.0,20406000.0,120037000.0,258825000.0,50602000.0,3692000.0,65735000.0,9434000.0,488352000.0,48476000.0,61036000.0,5117000.0,43359000.0,35992000.0,DMG,2024
382419000.0,121175000.0,14197000.0,118458000.0,234394000.0,39876000.0,7452000.0,59920000.0,-17528000.0,444477000.0,31886000.0,43845000.0,4686000.0,27200000.0,22221000.0,DMG,2023
374284000.0,114450000.0,9301000.0,139005000.0,212614000.0,53199000.0,150000.0,66843000.0,-34649000.0,396569000.0,1620000.0,12956000.0,3716000.0,-2096000.0,-2266000.0,DMG,2022
,,,,,,,,,,,,,,,DMG,2021
742600000.0,683500000.0,23273000.0,493875000.0,248292000.0,33934000.0,,33934000.0,132856000.0,1389220000.0,48177000.0,49181000.0,5127000.0,43050000.0,33922000.0,NTT,2025
379474000.0,322772000.0,30333000.0,205642000.0,173557000.0,44496000.0,,44496000.0,58302000.0,1245707000.0,28873000.0,29719000.0,8505000.0,20368000.0,16503000.0,NTT,2022
365397000.0,308006000.0,20238000.0,205092000.0,159949000.0,6975000.0,,6975000.0,45863000.0,1152274000.0,24152000.0,24930000.0,2883000.0,21269000.0,17908000.0,NTT,2021
,,,,,,,,,,,,,,,NTT,2023
99301000.0,48100000.0,7459000.0,56933000.0,32726000.0,25358000.0,1777000.0,30173000.0,13805000.0,115566000.0,11611000.0,13847000.0,1124000.0,10487000.0,9546000.0,CTS,2025
91331000.0,52047000.0,4826000.0,37037000.0,28678000.0,7436000.0,19353000.0,29161000.0,10285000.0,109891000.0,8867000.0,11021000.0,1744000.0,7123000.0,6505000.0,CTS,2024
83023000.0,44679000.0,9176000.0,41455000.0,23847000.0,10138000.0,10279000.0,22640000.0,5874000.0,101674000.0,8691000.0,12491000.0,1254000.0,7437000.0,5874000.0,CTS,2023
77703000.0,38588000.0,2076000.0,40598000.0,17881000.0,4867000.0,10459000.0,19378000.0,-13525000.0,84385000.0,3161000.0,7002000.0,899000.0,2262000.0,-4660000.0,CTS,2022
,,,,,,,,,,,,,,,CTS,2021
149140000.0,82861000.0,20204000.0,22761000.0,119102000.0,0.0,0.0,1584000.0,88686000.0,209451000.0,12320000.0,23907000.0,267000.0,12053000.0,10364000.0,SON,2025
195119000.0,127582000.0,15259000.0,59331000.0,119826000.0,5835000.0,0.0,7882000.0,89448000.0,241983000.0,26639000.0,37775000.0,306000.0,26333000.0,20129000.0,SON,2024
164797000.0,105449000.0,18096000.0,43801000.0,108999000.0,0.0,0.0,1033000.0,78975000.0,214494000.0,20626000.0,31846000.0,204000.0,20422000.0,17101000.0,SON,2023
171834000.0,115573000.0,13896000.0,60059000.0,99476000.0,4425000.0,0.0,5798000.0,69033000.0,180036000.0,14865000.0,23671000.0,309000.0,14556000.0,14603000.0,SON,2022
,,,,,,,,,,,,,,,SON,2021
613418000.0,215872000.0,95891000.0,112708000.0,141709000.0,38560000.0,154913000.0,234963000.0,106501000.0,579657000.0,64503000.0,88246000.0,11862000.0,52641000.0,25659000.0,ALL,2025
622804000.0,221925000.0,103356000.0,109515000.0,102382000.0,31213000.0,157531000.0,229179000.0,61538000.0,559738000.0,72182000.0,93589000.0,11245000.0,60937000.0,22834000.0,ALL,2024
435667000.0,209459000.0,112916000.0,87943000.0,84144000.0,27279000.0,50457000.0,119770000.0,43804000.0,453119000.0,37182000.0,51633000.0,5412000.0,31770000.0,3532000.0,ALL,2023
419140000.0,209495000.0,89406000.0,76867000.0,67121000.0,7344000.0,64503000.0,98534000.0,23728000.0,410082000.0,51837000.0,64787000.0,1559000.0,50278000.0,13229000.0,ALL,2022
,,,,,,,,,,,,,,,ALL,2021
3230790.99,1412735.23,466171.79,1163299.18,140647.86,0.0,,0.0,-17335049.19,1414448.03,-5316594.12,-4367001.38,169622.09,-5486216.21,-5468713.38,NCL,2024
4588681.09,2837089.49,2032875.03,951793.19,3305361.24,0.0,0.0,0.0,-11866335.81,734317.46,-5116050.94,-3716057.62,40.3,-5116091.24,-5116091.24,NCL,2023
3791150.42,2493044.35,912712.87,533208.99,1982252.48,2999.56,0.0,2999.56,-6750244.57,197244.8,-2855934.26,-2435385.57,0.14,-2855934.4,-2855934.4,NCL,2022
6419166.88,4752191.61,4075956.4,1320722.29,4833405.27,13499.56,0.0,13499.56,-3899271.78,5385.6,-2368073.26,-2055134.63,4672.33,-2372745.59,-2372745.59,NCL,2021
710852000.0,95750000.0,1640000.0,150348000.0,98208000.0,26461000.0,,497699000.0,181825000.0,272894000.0,-14115000.0,35752000.0,27523000.0,-41638000.0,-46196000.0,OTS,2025
646804000.0,70549000.0,1560000.0,106234000.0,144396000.0,18781000.0,,428119000.0,228021000.0,320973000.0,10707000.0,60649000.0,23286000.0,-12579000.0,-9100000.0,OTS,2024
696794000.0,126389000.0,71947000.0,105901000.0,190945000.0,0.0,,409538000.0,274579000.0,592284000.0,201472000.0,245250000.0,21159000.0,180313000.0,157209000.0,OTS,2023
727162000.0,206516000.0,38311000.0,192362000.0,154281000.0,63406000.0,,448042000.0,238549000.0,455287000.0,177655000.0,217145000.0,23941000.0,153714000.0,138766000.0,OTS,2022
,,,,,,0.0,,,,,,,,,OTS,2021
84645000.0,76043000.0,15275000.0,55419000.0,25771000.0,,,807000.0,25267000.0,123330000.0,12955000.0,14485000.0,76000.0,12879000.0,10162000.0,PAS,2025
67942000.0,59593000.0,16441000.0,37079000.0,28241000.0,,,1043000.0,23599000.0,107496000.0,12184000.0,14188000.0,197000.0,11987000.0,13275000.0,PAS,2024
72981000.0,56598000.0,16803000.0,48013000.0,22003000.0,,,1172000.0,18830000.0,86861000.0,10170000.0,12025000.0,199000.0,9971000.0,1622000.0,PAS,2023
73084000.0,57728000.0,32001000.0,52434000.0,18329000.0,,,1077000.0,15156000.0,76447000.0,5804000.0,8714000.0,151000.0,5653000.0,4323000.0,PAS,2022
,,,,,28.96,,,,,,,,,,PAS,2021
438190020.24,149334245.34,,129135861.43,301105156.7,,,,19821995.96,250084703.39,31572327.1,46409642.61,307547.9,31264779.2,26686756.67,HUB,2025
399786998.78,126607355.1,23177005.89,42358931.06,277547244.16,2000000.0,0.0,2000000.0,14862249.98,265562832.83,36093086.35,49888372.29,197513.24,35895573.11,27790831.17,HUB,2024
343563386.6,105244419.19,9724665.41,34338196.84,200300156.94,3500000.0,0.0,3500000.0,3194007.89,156265640.43,19636082.83,34271326.54,912543.7,18723539.13,13428214.46,HUB,2023
350337469.37,108057790.33,28275295.65,38164784.92,188622436.91,1069871.56,2465492.93,3535364.49,15714549.0,161611824.45,31821198.11,46504222.12,556436.71,31264761.4,15714549.0,HUB,2022
,,20839281.54,,,1361398.33,3521320.21,4882718.54,,,,,,,,HUB,2021
992889000.0,132313000.0,65857000.0,169026000.0,512620000.0,103659000.0,259078000.0,375177000.0,352993000.0,246452000.0,41691000.0,48134000.0,15792000.0,25899000.0,21979000.0,NVA,2025
938937000.0,226665000.0,60091000.0,101868000.0,495538000.0,26148000.0,288404000.0,326800000.0,338484000.0,283991000.0,47219000.0,53910000.0,17039000.0,30180000.0,21867000.0,NVA,2024
919784000.0,210705000.0,64698000.0,188533000.0,478584000.0,119815000.0,206012000.0,337591000.0,323891000.0,350487000.0,60603000.0,62564000.0,17758000.0,42845000.0,34747000.0,NVA,2023
947682000.0,209133000.0,57334000.0,211589000.0,434336000.0,97493000.0,259861000.0,404680000.0,295205000.0,206101000.0,42593000.0,45129000.0,15202000.0,27391000.0,22925000.0,NVA,2022
,,,,,,,,,,,,,,,NVA,2021
94317000.0,45849000.0,10780000.0,19133000.0,70081000.0,1200000.0,869000.0,6637000.0,39508000.0,85312000.0,14035000.0,21056000.0,445000.0,13590000.0,15423000.0,LSI,2025
75407000.0,30278000.0,6454000.0,12937000.0,57097000.0,0.0,1200000.0,5782000.0,44235000.0,69674000.0,7103000.0,13535000.0,273000.0,6830000.0,5908000.0,LSI,2024
67224000.0,24305000.0,7093000.0,12303000.0,51189000.0,0.0,1200000.0,3979000.0,38327000.0,56928000.0,3483000.0,9338000.0,487000.0,2996000.0,3189000.0,LSI,2023
62325000.0,21307000.0,2761000.0,9925000.0,48803000.0,67000.0,0.0,4579000.0,35941000.0,57366000.0,1549000.0,6899000.0,283000.0,1266000.0,2757000.0,LSI,2022
,,,,,,,,,,,,,,,LSI,2021
453253000.0,385426000.0,24315000.0,55743000.0,305971000.0,30368000.0,72371000.0,102739000.0,290455000.0,137867000.0,37281000.0,37937000.0,13125000.0,24156000.0,26912000.0,VIN,2025
428799000.0,391127000.0,89631000.0,36419000.0,280246000.0,29055000.0,85526000.0,114581000.0,273576000.0,118184000.0,42656000.0,43317000.0,10234000.0,32422000.0,25293000.0,VIN,2024
341855000.0,319403000.0,41230000.0,39908000.0,266075000.0,34186000.0,16208000.0,50394000.0,260687000.0,105408000.0,31177000.0,31852000.0,7477000.0,23700000.0,18633000.0,VIN,2023
349493000.0,331997000.0,42228000.0,37571000.0,254525000.0,30713000.0,37995000.0,68708000.0,245648000.0,115825000.0,43205000.0,43776000.0,9417000.0,33788000.0,32196000.0,VIN,2022
,,,,,,,,,,,,,,,VIN,2021
183909000.0,79134000.0,43753000.0,58266000.0,76955000.0,0.0,,11157000.0,25874000.0,132482000.0,25061000.0,27369000.0,213000.0,24848000.0,19122000.0,PTW,2025
44343000.0,36864000.0,23849000.0,20368000.0,21627000.0,0.0,,1757000.0,17795000.0,102985000.0,7974000.0,9821000.0,233000.0,7741000.0,3296000.0,PTW,2024
42673000.0,33316000.0,24664000.0,17603000.0,23993000.0,0.0,,342000.0,20163000.0,84852000.0,6735000.0,8526000.0,218000.0,6517000.0,4002000.0,PTW,2023
44500000.0,35694000.0,29857000.0,15825000.0,27256000.0,0.0,0.0,557000.0,23426000.0,84353000.0,10441000.0,11257000.0,105000.0,10336000.0,7994000.0,PTW,2022
,,,,,,0.0,,,,,,,,,PTW,2021
235042000.0,112012000.0,7534000.0,64288000.0,158847000.0,48493000.0,,48493000.0,14134000.0,205586000.0,17788000.0,29810000.0,3114000.0,14674000.0,14134000.0,ACG,2025
214369000.0,120666000.0,3023000.0,56682000.0,144713000.0,37059000.0,,37101000.0,28221000.0,240100000.0,33629000.0,45402000.0,2246000.0,31383000.0,28221000.0,ACG,2024
223174000.0,129318000.0,2523000.0,65370000.0,144088000.0,44224000.0,,44306000.0,28480000.0,260016000.0,35093000.0,47190000.0,4028000.0,31065000.0,28480000.0,ACG,2023
213101000.0,112573000.0,1947000.0,47286000.0,150608000.0,17122000.0,,17236000.0,36359000.0,270457000.0,43805000.0,56515000.0,1585000.0,42220000.0,36359000.0,ACG,2022
,,,,,,,,,,,,,,,ACG,2021
1297483000.0,938739000.0,24356000.0,643016000.0,503237000.0,204984000.0,2194000.0,224599000.0,493855000.0,1704031000.0,35734000.0,54819000.0,11842000.0,23892000.0,14454000.0,STF,2024
1017773000.0,664377000.0,54253000.0,368250000.0,494059000.0,130470000.0,5735000.0,156697000.0,484651000.0,1533792000.0,43303000.0,60727000.0,17799000.0,25504000.0,15609000.0,STF,2023
1122799000.0,793269000.0,25646000.0,475726000.0,491171000.0,171837000.0,7352000.0,200541000.0,481992000.0,2215582000.0,119476000.0,135603000.0,10722000.0,108754000.0,78740000.0,STF,2022
1203949000.0,896557000.0,31646000.0,625715000.0,433350000.0,155826000.0,8969000.0,187720000.0,424252000.0,1648282000.0,155000000.0,170298000.0,2248000.0,152752000.0,115912000.0,STF,2021
552479000.0,94642000.0,21219000.0,49166000.0,402082000.0,4284000.0,24506000.0,28790000.0,10050000.0,193055000.0,13901000.0,47648000.0,962000.0,12939000.0,10050000.0,AQU,2025
512130000.0,95247000.0,29050000.0,36275000.0,392032000.0,3183000.0,8507000.0,11690000.0,10647000.0,189143000.0,15543000.0,50766000.0,796000.0,14747000.0,10647000.0,AQU,2024
499411000.0,86074000.0,35299000.0,32848000.0,381384000.0,2596000.0,9895000.0,12491000.0,8927000.0,174309000.0,11459000.0,47342000.0,748000.0,10711000.0,8927000.0,AQU,2023
488318000.0,77925000.0,44614000.0,34652000.0,372457000.0,1296000.0,5571000.0,6867000.0,9990000.0,160915000.0,12662000.0,52218000.0,288000.0,12374000.0,9990000.0,AQU,2022
,,,,,,,,,,,,,,,AQU,2021
215712000.0,101110000.0,22610000.0,64933000.0,135243000.0,27390000.0,0.0,45466000.0,-278979000.0,199598000.0,-120885000.0,-84166000.0,2698000.0,-123583000.0,-123403000.0,PCF,2025
373353000.0,138744000.0,58092000.0,101722000.0,246555000.0,35500000.0,0.0,61037000.0,-155576000.0,190401000.0,-198878000.0,-167512000.0,2490000.0,-201368000.0,-174398000.0,PCF,2024
513461000.0,230497000.0,124016000.0,53260000.0,422756000.0,1490000.0,1637000.0,32713000.0,18798000.0,150124000.0,-89009000.0,-69325000.0,2227000.0,-91236000.0,-76717000.0,PCF,2023
350804000.0,122904000.0,67892000.0,29757000.0,272306000.0,2089000.0,3490000.0,37599000.0,94850000.0,171485000.0,32002000.0,49120000.0,1567000.0,30435000.0,18672000.0,PCF,2022
,,,,,,,,,,,,,,,PCF,2021
188309000.0,66992000.0,260000.0,65969000.0,102661000.0,12247000.0,10614000.0,29729000.0,11951000.0,356274000.0,16894000.0,31398000.0,2065000.0,14829000.0,11951000.0,KVT,2025
224327000.0,93721000.0,214000.0,109046000.0,94031000.0,28393000.0,10081000.0,49279000.0,12231000.0,387894000.0,17435000.0,31554000.0,3624000.0,13811000.0,12231000.0,KVT,2024
227596000.0,93089000.0,2472000.0,115314000.0,81800000.0,38638000.0,14615000.0,65518000.0,-6681000.0,359230000.0,-2412000.0,12264000.0,4323000.0,-6735000.0,-6681000.0,KVT,2023
233055000.0,93244000.0,770000.0,106231000.0,90931000.0,38407000.0,18206000.0,70853000.0,13080000.0,377158000.0,17709000.0,31280000.0,3562000.0,14147000.0,13080000.0,KVT,2022
,,,,,,,,,,,,,,,KVT,2021
98427000.0,56030000.0,2664000.0,54382000.0,21096000.0,13415000.0,3540000.0,29880000.0,-1981000.0,93558000.0,8385000.0,10856000.0,3006000.0,5379000.0,4106000.0,APE,2025
81916000.0,42680000.0,2551000.0,56802000.0,16868000.0,9625000.0,0.0,23237000.0,-6087000.0,100143000.0,-37359000.0,-34786000.0,1793000.0,-39152000.0,-36210000.0,APE,2024
107771000.0,69267000.0,1871000.0,54854000.0,46198000.0,7849000.0,41000.0,22671000.0,30123000.0,92425000.0,-5845000.0,-2101000.0,1646000.0,-7491000.0,-6784000.0,APE,2023
109245000.0,63356000.0,9670000.0,32982000.0,56117000.0,1646000.0,940000.0,18225000.0,36907000.0,150945000.0,4390000.0,8262000.0,1693000.0,2697000.0,508000.0,APE,2022
,,,,,,,,,,,,,,,APE,2021
27758000.0,12742000.0,3634000.0,10241000.0,16823000.0,,,,4057000.0,63390000.0,16207000.0,16678000.0,0.0,16207000.0,13017000.0,IFI,2025
25002000.0,11326000.0,2581000.0,10314000.0,14532000.0,,,,3276000.0,58273000.0,10500000.0,11060000.0,4000.0,10496000.0,8396000.0,IFI,2024
22721000.0,12130000.0,3046000.0,9660000.0,12853000.0,,,,1605000.0,51275000.0,10004000.0,10618000.0,2000.0,10002000.0,8005000.0,IFI,2023
22122000.0,12800000.0,4748000.0,8322000.0,13716000.0,,,,2661000.0,43046000.0,9132000.0,9710000.0,1000.0,9131000.0,7461000.0,IFI,2022
,,,,,,,,,,,,,,,IFI,2021
236836000.0,159993000.0,60305000.0,142218000.0,75778000.0,11024000.0,2573000.0,25535000.0,53747000.0,321426000.0,921000.0,13333000.0,1736000.0,-815000.0,3339000.0,ATD,2025
251217000.0,180898000.0,61395000.0,156726000.0,72439000.0,9617000.0,3088000.0,22480000.0,50408000.0,352280000.0,-13092000.0,-1795000.0,1356000.0,-14448000.0,-2694000.0,ATD,2024
217838000.0,153143000.0,34329000.0,110255000.0,80221000.0,11276000.0,3063000.0,22062000.0,58190000.0,328050000.0,10455000.0,21096000.0,918000.0,9537000.0,9638000.0,ATD,2023
164024000.0,108643000.0,17171000.0,75613000.0,70755000.0,6249000.0,558000.0,14186000.0,48724000.0,225576000.0,2929000.0,12830000.0,583000.0,2346000.0,1317000.0,ATD,2022
,,,,,,,,,,,,,,,ATD,2021
178461000.0,120219000.0,21805000.0,48035000.0,125728000.0,0.0,0.0,124000.0,80862000.0,125400000.0,15662000.0,20638000.0,608000.0,15054000.0,12243000.0,FEE,2025
142714000.0,82185000.0,3940000.0,23916000.0,113485000.0,6191000.0,0.0,6443000.0,68619000.0,75525000.0,-1469000.0,4759000.0,1133000.0,-2602000.0,-2121000.0,FEE,2024
152271000.0,85858000.0,2015000.0,29413000.0,115606000.0,17412000.0,0.0,18023000.0,70740000.0,63272000.0,2012000.0,9267000.0,2635000.0,-623000.0,-707000.0,FEE,2023
178344000.0,105416000.0,12979000.0,49424000.0,116313000.0,30378000.0,3510000.0,35097000.0,71447000.0,75993000.0,9508000.0,16401000.0,3346000.0,6162000.0,4736000.0,FEE,2022
,,,,,,,,,,,,,,,FEE,2021
113721499.0,50255712.0,18188202.0,5116772.0,103407628.0,,,7232820.0,-81280138.0,0.0,-31287838.0,-27468045.0,90.0,-31287928.0,-31287928.0,MOC,2024
112274874.0,65712246.0,63988140.0,6042512.0,100930175.0,,,7139393.0,-49992210.0,100.0,-28373116.0,-24493033.0,1.0,-28373117.0,-28373117.0,MOC,2023
138061151.0,74989297.0,65617785.0,6979591.0,126447925.0,,,6408055.0,24618600.0,0.0,-15263690.0,-13950535.0,7.0,-15263697.0,-15263697.0,MOC,2022
151590713.0,115941850.0,102039315.0,6164949.0,141143534.0,,,6008858.0,39882297.0,400.0,-13635222.0,-13335405.0,1097.0,-13636319.0,-13636319.0,MOC,2021
72958000.0,23592000.0,17785000.0,10088000.0,43332000.0,,,7622000.0,-70415000.0,0.0,-25196000.0,-19538000.0,803000.0,-25999000.0,-25999000.0,PTG,2025
102379000.0,48077000.0,45655000.0,11476000.0,69234000.0,,,7969000.0,-44416000.0,350000.0,-17874000.0,-13868000.0,834000.0,-18708000.0,-18708000.0,PTG,2024
127098000.0,71951000.0,65951000.0,18484000.0,87517000.0,0.0,,8194000.0,-25708000.0,1399000.0,-12717000.0,-11666000.0,834000.0,-13551000.0,-13551000.0,PTG,2023
123307000.0,99450000.0,90036000.0,13773000.0,101042000.0,9000.0,0.0,7899000.0,-12157000.0,999000.0,-1683000.0,-860000.0,284000.0,-1967000.0,-1967000.0,PTG,2022
,,,,,18000.0,9000.0,,,,,,,,,PTG,2021
225678000.0,83744000.0,5286000.0,71488000.0,132426000.0,4291000.0,2992000.0,7283000.0,40469000.0,272036000.0,26064000.0,37354000.0,4991000.0,21073000.0,11329000.0,OTM,2025
247957000.0,110253000.0,14262000.0,105172000.0,120931000.0,42504000.0,4246000.0,46750000.0,28866000.0,185800000.0,13194000.0,23222000.0,6286000.0,6908000.0,7120000.0,OTM,2024
224429000.0,84069000.0,14319000.0,97436000.0,113829000.0,30123000.0,2041000.0,32164000.0,21307000.0,284710000.0,18078000.0,28773000.0,2793000.0,15285000.0,12588000.0,OTM,2023
191644000.0,86438000.0,16613000.0,92376000.0,94797000.0,12142000.0,1520000.0,13662000.0,2604000.0,252229000.0,-6870000.0,5691000.0,2076000.0,-8946000.0,-8672000.0,OTM,2022
,,,,,,,,,,,,,,,OTM,2021
37379168.87,8860357.71,5200144.8,21376909.67,14804818.06,22626.99,0.0,1661169.18,-21841677.82,1455125.23,-4157199.87,-3425046.81,208291.74,-4365491.61,-3687459.23,OML,2025
22832821.86,6749070.29,5422752.72,12133993.44,9147187.29,1414015.14,0.0,3396950.1,-18154218.59,11911407.54,3781240.57,4399501.35,255919.33,3525321.24,3473323.31,OML,2024
16865032.45,6561443.68,3074030.58,9510507.64,5673863.97,1945599.17,0.0,4013975.4,-34187401.94,22793453.4,-14900452.11,-9265063.79,98989.84,-14999441.95,-12559860.03,OML,2023
42078181.68,25510193.1,5983303.03,21576723.81,20497090.87,2461582.18,0.0,2461582.18,-16309686.06,7124852.44,-450083.8,5106906.64,529988.52,-980072.32,-1782935.32,OML,2022
,,,,,,,,,,,,,,,OML,2021
545996803.49,337329818.54,9409811.84,185061725.63,306634847.13,151538.59,7519358.79,22662853.54,270946857.89,1743355757.25,14891231.13,25200721.44,13447794.94,1443436.19,638442.44,BOW,2025
541807043.48,358086391.24,14297934.21,191879118.23,306520046.69,100310.07,3411698.87,10664324.05,271980000.17,1818451341.41,2054012.98,11321693.56,14670562.12,-12616549.14,-10547251.24,BOW,2024
568735770.41,393516394.66,33757709.61,197667194.57,318761545.83,1972.15,13048110.56,20649883.43,284965536.78,2036700118.37,32994061.94,41703767.96,21470112.85,11523949.09,13200582.21,BOW,2023
631062721.7,462627977.96,19344437.75,200981107.4,326311958.51,1182176.0,62112916.72,74128562.6,242189038.81,2752641644.38,166044514.45,173297980.84,23639585.99,142404928.46,109570201.12,BOW,2022
,,,,,,,,,,,,,,,BOW,2021
608268000.0,385653000.0,11228000.0,265064000.0,166178000.0,110335000.0,97599000.0,221778000.0,13224000.0,492498000.0,18718000.0,28623000.0,9518000.0,9200000.0,6212000.0,PJP,2025
397402000.0,278237000.0,12619000.0,210268000.0,163108000.0,81834000.0,780000.0,95839000.0,13207000.0,444489000.0,21495000.0,30581000.0,9179000.0,12316000.0,10456000.0,PJP,2024
406540000.0,289904000.0,19626000.0,202627000.0,161542000.0,79436000.0,17323000.0,110632000.0,18423000.0,427205000.0,28949000.0,36886000.0,5988000.0,22961000.0,17667000.0,PJP,2023
344654000.0,232255000.0,29372000.0,169133000.0,148472000.0,35494000.0,1995000.0,52805000.0,30504000.0,532413000.0,39086000.0,46889000.0,3493000.0,35593000.0,28550000.0,PJP,2022
,,,,,,,,,,,,,,,PJP,2021
408725000.0,208711000.0,22283000.0,50885000.0,329806000.0,201000.0,0.0,17692000.0,185403000.0,355881000.0,30087000.0,38047000.0,1042000.0,29045000.0,23581000.0,MON,2025
380412000.0,217811000.0,65816000.0,53785000.0,303375000.0,291000.0,0.0,13750000.0,163915000.0,314833000.0,25651000.0,34330000.0,636000.0,25015000.0,21939000.0,MON,2024
352782000.0,209899000.0,41241000.0,49426000.0,284386000.0,291000.0,0.0,11851000.0,145704000.0,309627000.0,23239000.0,32637000.0,584000.0,22655000.0,18373000.0,MON,2023
354967000.0,205291000.0,62883000.0,67579000.0,266521000.0,319000.0,0.0,15034000.0,135021000.0,287730000.0,67738000.0,75669000.0,563000.0,67175000.0,57443000.0,MON,2022
,,,,,,,,,,,,,,,MON,2021
121573970.31,99446909.48,2347063.14,60582449.59,47341045.84,23230790.06,,23230790.06,5312085.56,440944017.11,8670131.61,12657586.8,1760564.55,6909567.06,5312085.56,SFD,2025
93895396.07,80984457.46,5035187.52,50163617.62,42028960.28,16694757.21,,16694757.21,-57448.57,355514487.51,2514554.89,6671833.0,1524526.61,990028.28,-57448.57,SFD,2024
89487523.78,73138205.61,7357317.35,44374032.88,42526857.96,15798420.13,,15798420.13,544973.61,343393016.36,2903384.08,6979631.42,1644174.66,1259209.42,544973.61,SFD,2023
103389284.56,86581520.7,3604893.34,53492772.5,47267273.54,23722528.12,,23722528.12,12537941.99,325347402.17,17071542.27,20586606.99,1294824.24,15776718.03,12537941.99,SFD,2022
,,,,,,,,,,,,,,,SFD,2021
104058863.96,62027383.01,16207836.63,12569022.45,82425783.14,551696.0,2117518.0,2669214.0,10410651.09,108314730.06,13402782.66,17339159.58,642409.33,12760373.33,10410651.09,4MS,2025
95081683.37,59162781.4,8006405.36,12916331.4,72015132.05,584988.0,2669214.0,3254202.0,17487704.4,112657079.88,19858015.46,23373289.51,658742.43,19199273.03,17487704.4,4MS,2024
72556883.17,39955091.63,7176625.29,7570767.16,54527427.65,0.0,3835378.37,3835378.37,18137770.23,96256584.79,22600849.45,24632135.85,927226.22,21673623.23,18137770.23,4MS,2023
52018972.25,26940458.38,1175853.37,7708654.39,33631774.82,0.0,4785322.0,4785322.0,8508147.81,63415405.07,11530652.33,13000034.84,885780.52,10644871.81,8508147.81,4MS,2022
,,,,,,,,,,,,,,,4MS,2021
120177526.37,70267689.02,16180988.89,52324672.41,19765527.49,0.0,0.0,853873.1,2689897.4,145368784.68,2307572.8,4049471.63,187063.4,2120509.4,2689897.4,SEV,2025
140179875.69,61951236.25,14783805.77,43237357.97,18185989.45,2866139.8,0.0,3925218.93,1463130.72,140414567.26,1758385.06,3584472.32,270341.34,1488043.72,1463130.72,SEV,2024
117386014.85,59502099.23,15943227.25,44747479.2,17732276.33,3236903.13,1176299.82,5298608.08,1281363.81,133386826.28,1775048.94,2905915.37,723077.13,1051971.81,1281363.81,SEV,2023
77252308.81,55677499.31,1995134.78,42357517.05,16450912.52,13048693.97,793069.59,15285834.76,216138.38,95477808.81,362898.26,1370337.02,215655.88,147242.38,216138.38,SEV,2022
52678000.0,10954000.0,1014000.0,11841000.0,30612000.0,4754000.0,719000.0,5473000.0,-16485000.0,39111000.0,13025000.0,14975000.0,506000.0,12519000.0,9890000.0,ZRE,2024
44044000.0,13394000.0,2243000.0,11145000.0,19632000.0,4169000.0,1828000.0,5997000.0,-28655000.0,37041000.0,3813000.0,5232000.0,732000.0,3081000.0,2340000.0,ZRE,2023
39261000.0,12882000.0,2637000.0,12816000.0,13696000.0,4031000.0,4722000.0,8753000.0,-30995000.0,33796000.0,3566000.0,4780000.0,756000.0,2810000.0,1658000.0,ZRE,2022
32929000.0,11779000.0,1487000.0,13077000.0,11913000.0,4031000.0,1737000.0,5768000.0,-32653000.0,28712000.0,525000.0,1279000.0,157000.0,368000.0,168000.0,ZRE,2021
,,,,,,,,,,,,,,,ZRE,2025
235111000.0,184884000.0,4733000.0,101475000.0,118536000.0,48404000.0,6334000.0,63371000.0,18603000.0,529792000.0,24001000.0,28847000.0,6371000.0,17630000.0,13793000.0,ATP,2025
223477000.0,175932000.0,11145000.0,93806000.0,116014000.0,30116000.0,7633000.0,42198000.0,30234000.0,488333000.0,37796000.0,42528000.0,5663000.0,32133000.0,25424000.0,ATP,2024
203026000.0,155676000.0,7277000.0,102706000.0,93575000.0,42578000.0,0.0,47052000.0,14860000.0,447359000.0,19215000.0,23547000.0,6283000.0,12932000.0,10050000.0,ATP,2023
188814000.0,141608000.0,4836000.0,96898000.0,85840000.0,45735000.0,0.0,50496000.0,12578000.0,390605000.0,13018000.0,17132000.0,2959000.0,10059000.0,7768000.0,ATP,2022
110433000.0,12797000.0,6372000.0,43854000.0,48828000.0,129000.0,10237000.0,12688000.0,-213423000.0,15757000.0,-61847000.0,-52752000.0,767000.0,-62614000.0,-62614000.0,MAB,2025
159472000.0,45857000.0,38448000.0,39133000.0,111442000.0,159000.0,66000.0,3263000.0,-150809000.0,69019000.0,1425000.0,10128000.0,3074000.0,-1649000.0,-6334000.0,MAB,2024
208254000.0,90450000.0,47817000.0,55323000.0,117776000.0,31303000.0,225000.0,35828000.0,-144474000.0,151678000.0,50932000.0,58132000.0,1038000.0,49894000.0,41269000.0,MAB,2023
186175000.0,82184000.0,53638000.0,74303000.0,76507000.0,136000.0,377000.0,7280000.0,-162552000.0,163982000.0,23738000.0,32715000.0,1698000.0,22040000.0,23192000.0,MAB,2022
,,,,,,,,,,,,,,,MAB,2021
623067000.0,339605000.0,49844000.0,169278000.0,403066000.0,102269000.0,10792000.0,113717000.0,230418000.0,394435000.0,15094000.0,32383000.0,4710000.0,10384000.0,8068000.0,RPC,2025
590936000.0,299737000.0,24328000.0,124491000.0,401035000.0,50024000.0,24545000.0,75447000.0,228481000.0,429815000.0,10466000.0,27230000.0,7961000.0,2505000.0,-1053000.0,RPC,2024
683603000.0,389040000.0,84797000.0,209617000.0,400515000.0,125147000.0,29893000.0,155731000.0,235307000.0,446386000.0,26106000.0,41096000.0,9056000.0,17050000.0,15704000.0,RPC,2023
621261000.0,337512000.0,9702000.0,184183000.0,376940000.0,62031000.0,17917000.0,80923000.0,227677000.0,507169000.0,61091000.0,73887000.0,4345000.0,56746000.0,44682000.0,RPC,2022
,,,,,,,,,,,,,,,RPC,2021
234736524.46,42024390.7,7931774.05,62676885.25,79252398.09,7299907.74,52356916.81,59656824.55,9393027.39,146230032.04,15367148.0,24362843.35,4426112.09,10941035.91,9393027.39,GRC,2025
202759098.63,34784947.7,1467119.65,55664711.06,71322721.11,6608751.11,37446980.67,44055731.78,10860033.17,132185858.12,17680991.34,26364237.91,4632405.17,13048586.17,10860033.17,GRC,2024
192685006.96,39426430.49,6260276.91,65967064.63,62402093.98,13727497.9,25566116.83,39293614.73,11103268.53,127268792.91,18236426.62,31535797.45,4635936.09,13600490.53,11103268.53,GRC,2023
181897169.8,29130374.2,2357602.62,58622386.57,52450239.87,10159771.17,35324127.3,45483898.47,8523457.0,108715683.76,13759159.16,23882449.45,2898802.16,10860357.0,8523457.0,GRC,2022
,,,,,,,,,,,,,,,GRC,2021
244886264.09,239615731.81,10693780.88,53125732.85,81613981.8,7653983.83,108528477.9,117561707.7,-2838216.04,75887191.88,16446335.63,16731561.45,8323092.48,8123243.15,7105873.15,ADX,2025
208550422.23,202993477.27,10207757.47,49513725.66,75529541.06,7682734.83,70929947.28,80171282.3,-8909089.19,74491833.58,20131794.52,20433087.45,5454127.14,14677667.38,12362776.38,ADX,2024
179639894.95,173751851.29,1057404.92,64882009.6,56718959.74,28820616.7,43947014.08,74536998.65,-21271865.57,60064509.63,7606848.99,7970563.87,3035808.93,4571040.06,3807463.06,ADX,2023
150753271.41,146785104.5,329958.38,54668601.87,52926600.58,31479375.7,40620022.01,74252386.98,-25079328.63,33084123.31,3582550.94,3695721.81,1410484.09,2172066.85,2139258.85,ADX,2022
,,,,,,,,,,,,,,,ADX,2021
12973000.0,12973000.0,510000.0,11091000.0,1851000.0,0.0,0.0,0.0,39990000.0,0.0,-805000.0,-805000.0,93000.0,-898000.0,-996000.0,LES,2025
240000.0,173000.0,58000.0,2066000.0,-3342000.0,1656000.0,1515000.0,3171000.0,40986000.0,0.0,-1127000.0,-1127000.0,202000.0,-1329000.0,-1654000.0,LES,2024
303000.0,284000.0,67000.0,1934000.0,-1687000.0,1389000.0,0.0,1389000.0,-60762000.0,0.0,-1465000.0,-733000.0,232000.0,-1697000.0,-7989000.0,LES,2023
7173000.0,2956000.0,1114000.0,5439000.0,1636000.0,3103000.0,0.0,3213000.0,-154510000.0,1000.0,-4128000.0,-2775000.0,104000.0,-4232000.0,-17597000.0,LES,2022
,,,,,,,,,,,,,,,LES,2021
1492000.0,1491000.0,59000.0,164000.0,1328000.0,,,1000.0,-14105000.0,250000.0,-5391000.0,-5391000.0,78000.0,-5469000.0,-5469000.0,GVT,2025
1659000.0,866000.0,18000.0,418000.0,1099000.0,,,,-4548000.0,16000.0,-1945000.0,-1926000.0,11000.0,-1956000.0,-1878000.0,GVT,2022
4367000.0,1134000.0,0.0,1274000.0,2877000.0,,,,-2670000.0,670000.0,-2392000.0,-2384000.0,2000.0,-2394000.0,-2670000.0,GVT,2021
,,,,,,,,,122000.0,-1129000.0,-1129000.0,44000.0,-1173000.0,-977000.0,GVT,2024
350539000.0,291880000.0,84193000.0,257392000.0,37635000.0,,,1814000.0,22500000.0,515348000.0,11584000.0,12943000.0,95000.0,11489000.0,8575000.0,S4E,2025
321211000.0,269271000.0,56132000.0,242721000.0,29060000.0,,,816000.0,13925000.0,459739000.0,10371000.0,11348000.0,179000.0,10192000.0,7046000.0,S4E,2024
258985000.0,211733000.0,41389000.0,191335000.0,22014000.0,,,1385000.0,6879000.0,453439000.0,10779000.0,11855000.0,543000.0,10236000.0,8003000.0,S4E,2023
231849000.0,201867000.0,12266000.0,189134000.0,14012000.0,0.0,,1174000.0,-1123000.0,367845000.0,7861000.0,8990000.0,455000.0,7406000.0,6024000.0,S4E,2022
,,,,,0.0,,,,,,,,,,S4E,2021
40552868.0,16176469.0,15456850.0,20570832.0,8690232.0,,,0.0,-52822567.0,0.0,-9576928.0,-9465460.0,14.0,-9576942.0,-9445072.0,NNG,2025
19936073.0,9422294.0,7829210.0,799652.0,15199052.0,,,0.0,-43377495.0,2100.0,-5220841.0,-5185918.0,1090.0,-5221931.0,-5167663.0,NNG,2024
8631585.0,836124.0,537612.0,1490097.0,4476635.0,,,0.0,-38209832.0,2019.0,-7905669.0,-7870257.0,515.0,-7906184.0,-7889820.0,NNG,2023
19198782.0,2929690.0,2470927.0,1424006.0,7084070.0,,,139172.0,-30320012.0,139549.0,-782140.0,-719951.0,1365.0,-783505.0,-838592.0,NNG,2022
,,,,,,,,,,,,,,,NNG,2021
53737302.63,30282432.75,8173387.57,8633398.63,39947784.99,943058.8,411302.92,2282567.83,5887630.32,83089656.47,11649955.68,13376835.11,199842.0,11450113.68,8438623.48,EXC,2025
43224065.25,24010367.2,3696099.37,6807012.13,31509161.51,190908.0,1352309.0,1883392.14,5553047.18,78638758.78,10395640.89,11805645.22,323763.76,10071877.13,7955862.02,EXC,2024
40230280.19,23282088.32,945054.8,12299925.42,23553299.49,4247241.58,1543217.0,6014067.64,2324046.43,80585436.19,7304024.91,8704613.55,905314.77,6398710.14,4452063.88,EXC,2023
39590082.58,24406476.28,631077.82,18038956.81,18876032.55,8136072.47,0.0,8726818.56,-1469906.22,72898087.28,2152057.18,3561201.26,567036.56,1585020.62,324042.79,EXC,2022
,,,,,,,,,,,,,,,EXC,2021
609705460.2,23221112.76,758101.33,40538744.0,528814522.52,25702886.39,12770000.0,66024548.51,-27982585.35,21551973.67,-6000067.42,-4426039.62,5763365.66,-11763433.08,-11155206.09,FIG,2023
615568171.04,29073739.45,4697368.86,24768015.77,539969728.61,14929513.64,24237271.74,65931112.36,-14067157.89,17012840.59,4337242.43,5580891.41,2628474.91,1708767.52,400209.26,FIG,2022
577104686.12,14068422.1,1069730.33,23970738.47,530483666.02,5036180.69,0.0,26495014.78,-21468841.61,6545489.04,-6284721.28,-5128770.0,2160208.3,-8444929.58,-8299566.31,FIG,2021
491848000.0,85266000.0,7239000.0,194740000.0,103612000.0,97479000.0,42570000.0,155933000.0,-52189000.0,122848000.0,-29574000.0,-7764000.0,12741000.0,-42315000.0,-42436000.0,MLS,2025
496424000.0,81480000.0,5977000.0,136318000.0,146460000.0,61157000.0,53675000.0,133712000.0,-9367000.0,162288000.0,-31222000.0,-3981000.0,10433000.0,-41655000.0,-40795000.0,MLS,2024
568756000.0,135666000.0,20717000.0,152999000.0,187202000.0,71609000.0,63371000.0,148830000.0,31426000.0,189322000.0,-7322000.0,15280000.0,7420000.0,-14742000.0,-15352000.0,MLS,2023
431190000.0,174815000.0,27059000.0,150982000.0,146407000.0,68714000.0,35573000.0,118740000.0,46807000.0,281664000.0,7066000.0,36478000.0,6176000.0,890000.0,215000.0,MLS,2022
,,,,,,,,,,,,,,,MLS,2021
190522000.0,137746000.0,42535000.0,104046000.0,66108000.0,0.0,,28064000.0,42354000.0,520225000.0,8529000.0,20669000.0,1560000.0,6969000.0,5286000.0,ETL,2025
196428000.0,132023000.0,60454000.0,101862000.0,75562000.0,0.0,,23471000.0,56069000.0,478103000.0,16881000.0,28639000.0,1435000.0,15446000.0,11637000.0,ETL,2024
184674000.0,120091000.0,45958000.0,84338000.0,78919000.0,0.0,,27630000.0,59426000.0,433268000.0,21480000.0,35002000.0,1189000.0,20291000.0,16287000.0,ETL,2023
211220000.0,146117000.0,67566000.0,80499000.0,103676000.0,0.0,,35351000.0,84183000.0,620707000.0,50723000.0,63882000.0,562000.0,50161000.0,40512000.0,ETL,2022
,,,,,,,,,,,,,,,ETL,2021
81702000.0,72440000.0,18645000.0,57551000.0,16585000.0,0.0,,1128000.0,12786000.0,256127000.0,4189000.0,4664000.0,116000.0,4073000.0,3237000.0,MDI,2025
74213000.0,63083000.0,7314000.0,56272000.0,13348000.0,0.0,,191000.0,9549000.0,201250000.0,-3738000.0,-3131000.0,88000.0,-3826000.0,-3187000.0,MDI,2024
93184000.0,85164000.0,7857000.0,72839000.0,16535000.0,8318000.0,,9012000.0,12736000.0,172423000.0,-2204000.0,-1502000.0,1374000.0,-3578000.0,-3044000.0,MDI,2023
90208000.0,79748000.0,8317000.0,64496000.0,19579000.0,27525000.0,,28533000.0,15780000.0,198745000.0,-9056000.0,-8135000.0,2351000.0,-11407000.0,-9498000.0,MDI,2022
,,,,,,,,,,,,,,,MDI,2021
543475000.0,329768000.0,11720000.0,245149000.0,268712000.0,150979000.0,0.0,159564000.0,165270000.0,1233514000.0,30610000.0,43097000.0,14348000.0,16262000.0,12793000.0,IZS,2025
775413000.0,569532000.0,31240000.0,482023000.0,258908000.0,234923000.0,2193000.0,246463000.0,155424000.0,771645000.0,24328000.0,36490000.0,11288000.0,13040000.0,10139000.0,IZS,2024
511148000.0,295755000.0,6292000.0,218409000.0,251741000.0,130466000.0,5735000.0,146880000.0,148232000.0,751037000.0,27201000.0,37830000.0,12273000.0,14928000.0,11935000.0,IZS,2023
693232000.0,483973000.0,5117000.0,407605000.0,243809000.0,217153000.0,7352000.0,233637000.0,140226000.0,1171632000.0,37868000.0,47049000.0,9620000.0,28248000.0,22484000.0,IZS,2022
,,,,,,,,,,,,,,,IZS,2021
23538000.0,17669000.0,17183000.0,1331000.0,20056000.0,0.0,,0.0,-9862000.0,173000.0,-9868000.0,-8938000.0,0.0,-9868000.0,-9862000.0,QNA,2025
8810000.0,2302000.0,2058000.0,1208000.0,4885000.0,0.0,,0.0,-9753000.0,327000.0,-9765000.0,-9462000.0,1000.0,-9766000.0,-9753000.0,QNA,2024
16490000.0,10413000.0,9412000.0,311000.0,13198000.0,0.0,0.0,0.0,-14201000.0,191000.0,-4021000.0,-3787000.0,17000.0,-4038000.0,-4033000.0,QNA,2023
3302000.0,2068000.0,1775000.0,304000.0,2732000.0,0.0,0.0,0.0,-10168000.0,196000.0,-4350000.0,-4146000.0,0.0,-4350000.0,-4336000.0,QNA,2022
,,,,,,0.0,,,,,,,,,QNA,2021
248943711.36,43201568.1,32630108.9,42741009.92,35276358.74,31840913.95,142129194.98,174060504.86,-46326199.48,11854626.15,-37041026.09,-19632781.86,9285173.39,-46326199.48,-46326199.48,HPM,2025
254904837.46,40649821.8,30997617.72,37753706.75,47087318.02,30532680.4,149071646.61,179604327.01,-103085237.54,3415093.63,-41720998.4,-31356495.09,6917684.93,-48638683.33,-48638683.33,HPM,2024
213469092.71,32505221.1,15785961.19,34664614.03,67828001.35,10309064.45,101338493.59,111647558.04,-54446554.21,2032155.51,-21429456.07,-17975480.39,4580.69,-21434036.76,-21434036.76,HPM,2023
44905513.12,7918899.01,5969954.86,4717776.99,38697912.55,238728.77,0.0,238728.77,-33012517.45,1830394.08,-11190451.49,-8697883.89,6727.0,-11197178.49,-11197178.49,HPM,2022
,,,,,,,,,,,,,,,HPM,2021
634858000.0,269346000.0,5927000.0,437598000.0,129547000.0,173542000.0,17264000.0,227199000.0,10791000.0,883714000.0,-30479000.0,-69000.0,20577000.0,-51056000.0,-53826000.0,FHB,2025
,,6916000.0,,,,,,,,,,,,,FHB,2024
645903000.0,339141000.0,31134000.0,320745000.0,174838000.0,110199000.0,93994000.0,240558000.0,70104000.0,992134000.0,24593000.0,47401000.0,17375000.0,7218000.0,10691000.0,FHB,2023
578312000.0,320880000.0,16727000.0,307652000.0,148473000.0,94463000.0,72383000.0,201902000.0,59413000.0,1115366000.0,53887000.0,74428000.0,12873000.0,41014000.0,33505000.0,FHB,2022
470218000.0,249605000.0,,281515000.0,115846000.0,103308000.0,23272000.0,162329000.0,25908000.0,778396000.0,19874000.0,37175000.0,4823000.0,15051000.0,12313000.0,FHB,2021
429635584.08,406895527.09,39485346.27,395473919.21,31046258.97,25555894.48,0.0,25555894.48,-7714390.25,1391896158.93,-2806123.1,1222427.53,1417373.78,-4223496.88,-7509894.61,PRO,2025
410757770.92,384781416.83,111578886.83,362753853.11,45390449.05,11042.84,,11042.84,14245092.38,981058961.31,19724359.43,21446092.9,1653882.53,18070476.9,15942598.78,PRO,2024
468629465.91,454036859.87,159068318.84,433312114.85,33726749.33,6068.35,,6068.35,3489427.85,923098036.17,7536167.05,8674123.3,2112068.24,5424098.81,3534422.66,PRO,2023
292129282.55,278745905.96,95027819.15,250886897.79,31423372.23,17344002.2,8700000.0,26044002.2,2974016.41,785431254.15,5526059.22,6782559.12,2261061.66,3264997.56,2749685.21,PRO,2022
,,,,,,109066.14,,,,,,,,,PRO,2021
85351481.49,30746555.52,1110460.17,34373412.54,38166701.5,10667771.32,0.0,10667771.32,11435126.95,169283304.17,16112911.05,21705818.31,2065423.1,14047487.95,11435126.95,ECK,2025
77235166.96,30194744.98,5078850.97,32301080.73,32392430.7,11073819.21,0.0,11073819.21,13043013.95,152502376.8,17947349.34,22355095.11,1698246.39,16249102.95,13043013.95,ECK,2024
54966560.52,28403414.84,363629.23,24894128.85,23878101.67,5410384.6,0.0,5410384.6,10423548.72,139675222.03,14789347.46,18214169.25,1570982.74,13218364.72,10423548.72,ECK,2023
43999294.31,25749481.45,3356997.46,24757680.59,15456663.82,7385994.05,0.0,7385994.05,4471216.47,114766010.01,7065316.54,9757195.74,1351441.07,5713875.47,4471216.47,ECK,2022
,,,,,,,,,,,,,,,ECK,2021
26054036.5,26028897.5,18196925.9,374248.12,25679175.38,0.0,0.0,0.0,21831255.03,28569855.35,23121330.4,23121330.4,7415.37,23113915.03,21831255.03,PRE,2025
19533152.42,19533152.42,11548845.18,676462.07,18856690.35,0.0,0.0,0.0,15463934.35,19859987.75,16868425.25,16869514.25,85986.74,16782438.51,15971834.51,PRE,2024
3933992.94,3931270.34,228264.66,1049137.1,2864855.84,0.0,0.0,0.0,-507900.16,290668.13,-73232.13,-71925.33,30796.57,-104028.7,-104028.7,PRE,2023
106512000.0,27391000.0,4699000.0,21364000.0,70398000.0,430000.0,,7293000.0,29718000.0,101530000.0,957000.0,957000.0,,728000.0,608000.0,KMP,2025
113536000.0,26886000.0,4055000.0,19839000.0,75753000.0,1894000.0,,11409000.0,27607000.0,108050000.0,3202000.0,11828000.0,806000.0,2822000.0,2364000.0,KMP,2024
115166000.0,29644000.0,6674000.0,20002000.0,78304000.0,1145000.0,,9692000.0,27559000.0,118476000.0,5561000.0,12903000.0,331000.0,5230000.0,4199000.0,KMP,2023
114224000.0,30054000.0,3888000.0,21336000.0,78461000.0,886000.0,,6412000.0,27968000.0,112085000.0,10511000.0,17066000.0,268000.0,10243000.0,8508000.0,KMP,2022
,,,,,,,,,,,,255000.0,,,KMP,2021
159647691.01,128563169.68,3556339.14,79736593.26,79432800.12,22920395.4,0.0,22920395.4,14835301.17,197099024.78,17463261.15,20359253.71,377765.93,17085495.22,13673435.22,HOR,2025
130444357.09,103839727.05,2215360.71,59308562.57,69644894.26,13661007.27,78376.67,13739383.94,14019339.29,205692145.32,19507375.66,22250684.05,632992.49,18874383.17,14835301.17,HOR,2024
111960450.39,90574182.57,1067491.36,49156542.88,61925987.88,3363290.33,0.0,3363290.33,10886258.9,155533133.89,13608077.34,15758810.56,540416.51,13067660.83,10540354.83,HOR,2023
104119398.96,84873962.06,5811475.31,47535638.9,55619539.3,8989143.11,0.0,8989143.11,17413617.75,158092346.33,21819003.86,23864314.87,558180.24,21260823.62,17067713.68,HOR,2022
,,,,,,,,,,,,,,,HOR,2021
101496000.0,85073000.0,1994000.0,5055000.0,96179000.0,0.0,,0.0,33561000.0,1316000.0,-2057000.0,-291000.0,0.0,-2057000.0,-2102000.0,AGT,2023
106085000.0,87479000.0,12785000.0,4137000.0,101683000.0,0.0,,0.0,35663000.0,24578000.0,5598000.0,7775000.0,0.0,5598000.0,5587000.0,AGT,2022
153341000.0,116670000.0,13065000.0,7927000.0,133778000.0,128000.0,,15738000.0,30076000.0,57317000.0,28735000.0,34777000.0,2044000.0,26691000.0,26585000.0,AGT,2021
24838633.12,10516261.59,,10837580.31,5857034.76,,,,2301655.64,12257809.11,3535216.71,4140936.45,77.06,3535139.65,2431387.86,EPR,2025
19943463.02,5952088.5,203484.65,10305661.88,3339156.93,438989.92,568773.41,1007763.33,-206222.19,416306.67,-288199.29,-149048.01,178497.24,-466696.53,-466696.53,EPR,2024
19956979.57,5836750.57,205475.23,9869264.05,3805853.46,436194.23,568773.41,1004967.64,260474.34,1152593.0,569128.92,708280.2,372754.58,196374.34,196374.34,EPR,2023
19583867.63,4692156.1,309202.75,9726141.8,3545379.12,200881.11,568773.41,769654.52,-1069874.53,800695.99,-955789.05,-816637.77,82011.48,-1037800.53,-1037800.53,EPR,2022
,,9980.39,,,589057.78,568773.41,1157831.19,,,,,,,,EPR,2021
748000.0,606000.0,4000.0,3241000.0,-2553000.0,1144000.0,,1227000.0,-80658000.0,3759000.0,-1243000.0,-1240000.0,2000.0,-1245000.0,4128000.0,CLE,2025
1162000.0,1131000.0,525000.0,14388000.0,-13025000.0,529000.0,,529000.0,-84786000.0,2466000.0,-999000.0,-999000.0,0.0,-999000.0,-2136000.0,CLE,2024
1305000.0,1305000.0,5000.0,13877000.0,-12343000.0,864000.0,,864000.0,-82650000.0,760000.0,141000.0,141000.0,,-1408000.0,-13574000.0,CLE,2023
18887000.0,4711000.0,3000.0,12477000.0,2594000.0,934000.0,,3428000.0,-1532000.0,2291000.0,235000.0,1066000.0,0.0,-192000.0,-696000.0,CLE,2022
127213000.0,29829000.0,8850000.0,32685000.0,81181000.0,0.0,0.0,9666000.0,-2202000.0,105102000.0,-9540000.0,-1087000.0,836000.0,-10376000.0,-6742000.0,GME,2025
140223000.0,30844000.0,10752000.0,34435000.0,87923000.0,0.0,0.0,0.0,5599000.0,99862000.0,2282000.0,9433000.0,862000.0,1420000.0,656000.0,GME,2024
150906000.0,43866000.0,9210000.0,30356000.0,98367000.0,0.0,0.0,0.0,19154000.0,98859000.0,6916000.0,12460000.0,728000.0,6188000.0,4514000.0,GME,2023
141401000.0,48264000.0,12074000.0,33685000.0,96505000.0,583000.0,0.0,583000.0,10794000.0,97386000.0,8315000.0,12868000.0,120000.0,8195000.0,5156000.0,GME,2022
,,,,,,,,,,,,,,,GME,2021
96777000.0,19867000.0,1465000.0,32905000.0,42548000.0,21383000.0,2887000.0,33813000.0,4800000.0,66301000.0,13447000.0,18950000.0,2158000.0,11289000.0,8936000.0,IMS,2025
90364000.0,23136000.0,3200000.0,29048000.0,42529000.0,16173000.0,4453000.0,25764000.0,7745000.0,66388000.0,15230000.0,20849000.0,1666000.0,13564000.0,11060000.0,IMS,2024
88569000.0,28791000.0,7816000.0,30138000.0,39809000.0,10811000.0,8002000.0,24077000.0,8607000.0,67339000.0,13424000.0,20018000.0,2291000.0,11133000.0,8607000.0,IMS,2023
74225000.0,24325000.0,4634000.0,32738000.0,30349000.0,7666000.0,3589000.0,17943000.0,7116000.0,57327000.0,9693000.0,16238000.0,1036000.0,8657000.0,7116000.0,IMS,2022
,,,,,,,,,,,,,,,IMS,2021
151266000.0,67275000.0,14048000.0,35411000.0,99746000.0,6662000.0,9593000.0,16255000.0,9893000.0,243374000.0,12704000.0,20685000.0,761000.0,11943000.0,9893000.0,SEK,2025
157856000.0,73717000.0,16194000.0,46773000.0,94575000.0,12329000.0,9840000.0,22169000.0,9508000.0,235215000.0,12498000.0,20030000.0,1008000.0,11490000.0,9508000.0,SEK,2024
140827000.0,57809000.0,1185000.0,34373000.0,91717000.0,4799000.0,7866000.0,12764000.0,14938000.0,259742000.0,19744000.0,26615000.0,1431000.0,18313000.0,14938000.0,SEK,2023
141351000.0,66978000.0,1023000.0,43167000.0,78974000.0,6125000.0,12263000.0,18439000.0,4460000.0,230160000.0,7051000.0,13736000.0,1529000.0,5522000.0,4460000.0,SEK,2022
,,,,,,,,,,,,,,,SEK,2021
115808000.0,112541000.0,636000.0,59007000.0,48091000.0,2972000.0,0.0,4297000.0,4521000.0,124246000.0,8335000.0,9129000.0,334000.0,8001000.0,5825000.0,EDI,2025
97815000.0,94933000.0,3920000.0,28468000.0,62944000.0,101000.0,5067000.0,6478000.0,2090000.0,65804000.0,4394000.0,5012000.0,136000.0,4258000.0,3031000.0,EDI,2024
99574000.0,97884000.0,9823000.0,25289000.0,69953000.0,133000.0,0.0,371000.0,7415000.0,135470000.0,24142000.0,24498000.0,352000.0,23790000.0,19664000.0,EDI,2023
93145000.0,88960000.0,20160000.0,22009000.0,62835000.0,0.0,0.0,2875000.0,8985000.0,78918000.0,11940000.0,12276000.0,646000.0,11294000.0,8985000.0,EDI,2022
,,,,,,,,,,,,,,,EDI,2021
275239526.26,101666555.84,1462038.95,120292809.05,82438485.15,63328043.17,38566157.43,123305862.38,42026361.53,218339125.89,-14670744.32,66790.05,6402183.76,-21072928.08,-20195248.22,SNX,2025
294253177.41,115278000.5,1115938.24,112177086.69,102577077.74,61175885.92,46729226.92,130336722.21,62183867.75,207755410.49,-17661704.66,-3989891.83,7207599.34,-24869304.0,-20132184.7,SNX,2024
278342657.09,128309307.84,2028123.72,104801716.76,98716014.87,57274479.19,35711007.94,120087154.44,82304268.45,315724358.83,32100465.37,41347018.6,5712546.75,26387918.62,24366238.96,SNX,2023
199144376.78,125839733.72,2409520.51,86165010.04,80179070.7,35705479.8,16955374.31,60446319.3,63632990.29,289522397.65,49889047.34,53974825.82,1901826.16,47987221.18,38989602.92,SNX,2022
,,,,,,,,,,,,,,,SNX,2021
328344000.0,125977000.0,5918000.0,156969000.0,102326000.0,55654000.0,0.0,131421000.0,65297000.0,527724000.0,-7606000.0,21317000.0,13087000.0,-20693000.0,-18388000.0,KGL,2025
362229000.0,148493000.0,6302000.0,161147000.0,127846000.0,56566000.0,0.0,135482000.0,90738000.0,531548000.0,9417000.0,37941000.0,12624000.0,-3207000.0,-3792000.0,KGL,2024
349739000.0,129560000.0,5837000.0,145184000.0,135245000.0,39430000.0,0.0,115194000.0,98307000.0,562589000.0,38927000.0,66672000.0,15726000.0,23201000.0,18301000.0,KGL,2023
373644000.0,143921000.0,3977000.0,187209000.0,116992000.0,66619000.0,27648000.0,142852000.0,80006000.0,652035000.0,-4303000.0,23006000.0,14142000.0,-18445000.0,-16966000.0,KGL,2022
,,,,,,,,,,,,,,,KGL,2021
116552000.0,46111000.0,12078000.0,32216000.0,73998000.0,528000.0,,700000.0,21283000.0,205096000.0,313000.0,19060000.0,103000.0,210000.0,472000.0,BBT,2025
121968000.0,48531000.0,14818000.0,39354000.0,73629000.0,593000.0,,812000.0,20811000.0,224766000.0,6717000.0,23549000.0,88000.0,6629000.0,5032000.0,BBT,2024
141825000.0,71513000.0,31683000.0,61327000.0,75033000.0,780000.0,,1128000.0,29318000.0,245536000.0,14433000.0,26306000.0,124000.0,14309000.0,15811000.0,BBT,2023
140044000.0,89222000.0,44997000.0,63933000.0,77732000.0,,,,32699000.0,294040000.0,9108000.0,21611000.0,45000.0,9063000.0,13237000.0,BBT,2022
,,,,,,0.0,146000.0,,,,,,,,BBT,2021
35134985.76,25428160.29,17541272.22,614522.52,33809303.24,,,,7709683.96,16975587.45,8142770.28,12783301.91,72.32,8142697.96,7709683.96,RND,2025
42440580.15,28459421.97,25531141.7,500512.87,40637769.28,,,,7651808.15,17179246.98,9467772.26,13179259.59,,9182729.15,7151391.15,RND,2024
39889566.39,26281680.34,20229375.85,401048.26,39488518.13,,,,8100875.4,15458829.97,8500641.08,10860719.78,10.68,8500630.4,7600458.4,RND,2023
31718608.32,18983314.09,17733171.5,331675.59,31386932.73,,,,7365732.17,13943303.98,9918444.86,10331305.52,44561.69,9873883.17,7995156.17,RND,2022
,,,,,,,,,,,,1689.03,,,RND,2021
379524000.0,209592000.0,13891000.0,186666000.0,155590000.0,142279000.0,10682000.0,170056000.0,112481000.0,243730000.0,-3850000.0,10846000.0,7935000.0,-11785000.0,-10859000.0,PPS,2025
356969000.0,180737000.0,38903000.0,150536000.0,164784000.0,126179000.0,14774000.0,157684000.0,121552000.0,236049000.0,-6016000.0,8902000.0,7936000.0,-13952000.0,-14701000.0,PPS,2024
378493000.0,197714000.0,44732000.0,158201000.0,177312000.0,125395000.0,12988000.0,157410000.0,134489000.0,222218000.0,15228000.0,30714000.0,7601000.0,7627000.0,3999000.0,PPS,2023
376014000.0,204783000.0,57687000.0,153954000.0,183219000.0,122713000.0,6508000.0,151678000.0,139131000.0,254952000.0,23799000.0,40961000.0,6527000.0,17272000.0,10595000.0,PPS,2022
,,,,,,,,,,,,,,,PPS,2021
115132868.58,93453027.75,40722627.38,45856897.17,67842099.21,1396936.99,0.0,3461001.54,6675693.53,402623060.33,8697977.81,10852376.87,453739.28,8244238.53,6675693.53,ATA,2025
119991834.69,111286907.76,35621281.29,43491960.08,74428277.68,1349116.35,0.0,3382244.11,16529843.54,475559338.48,22137487.23,24191075.12,644007.69,21493479.54,16529843.54,ATA,2024
103611454.69,85431039.34,33614434.32,37184590.54,63534729.74,1459367.2,0.0,3756207.76,11188339.03,326049975.3,14033801.47,16031752.17,526290.44,13507511.03,11188339.03,ATA,2023
123455729.11,105500037.71,52912132.54,48930788.25,72239198.71,1366165.11,,2577165.84,26109292.49,500272678.23,33154595.52,35097068.56,416181.03,32738414.49,26109292.49,ATA,2022
,,,,,,,,,,,,,,,ATA,2021
260651000.0,183064000.0,12856000.0,73582000.0,168490000.0,4325000.0,5975000.0,10423000.0,140252000.0,244782000.0,71741000.0,81257000.0,881000.0,70860000.0,62255000.0,PAT,2023
145681000.0,60904000.0,13344000.0,15994000.0,106266000.0,4878000.0,10309000.0,15221000.0,78401000.0,82562000.0,4264000.0,13327000.0,942000.0,3322000.0,3539000.0,PAT,2022
138627000.0,44434000.0,2804000.0,11961000.0,101753000.0,4780000.0,11313000.0,16155000.0,74862000.0,38073000.0,-6263000.0,2983000.0,988000.0,-7251000.0,-6355000.0,PAT,2021
,,,,,,,,,,,,,,,PAT,2024
16017000.0,1603000.0,729000.0,4705000.0,9690000.0,3104000.0,1088000.0,4460000.0,-25084000.0,4427000.0,841000.0,3053000.0,185000.0,656000.0,515000.0,SVRS,2025
13383000.0,1011000.0,277000.0,4463000.0,7583000.0,2969000.0,941000.0,3919000.0,-25599000.0,2529000.0,-576000.0,1245000.0,177000.0,-753000.0,-788000.0,SVRS,2024
13217000.0,790000.0,406000.0,2410000.0,8794000.0,1345000.0,1489000.0,2915000.0,-24811000.0,1941000.0,-1047000.0,372000.0,143000.0,-1190000.0,-1252000.0,SVRS,2023
11452000.0,917000.0,401000.0,3427000.0,6510000.0,2350000.0,1282000.0,3716000.0,-23559000.0,1295000.0,-2338000.0,-1012000.0,139000.0,-2477000.0,-2168000.0,SVRS,2022
,,,,,,,,,,,,,,,SVRS,2021
,,,,,,,,,,,,,,,ULG,2024
28372000.0,24246000.0,,,23335000.0,,,,18513000.0,,,,,,,ULG,2023
38770000.0,23908000.0,10218000.0,1867000.0,28680000.0,,,,23854000.0,27162000.0,-10456000.0,-10355000.0,1000.0,-10457000.0,-7945000.0,ULG,2022
56685000.0,27694000.0,17622000.0,2521000.0,44994000.0,,,,40126000.0,22663000.0,7767000.0,7882000.0,17000.0,7750000.0,6385000.0,ULG,2021
73810000.0,68293000.0,2497000.0,45556000.0,27347000.0,0.0,0.0,568000.0,4915000.0,65089000.0,6239000.0,7240000.0,84000.0,6155000.0,4915000.0,ENP,2025
31877000.0,27700000.0,3647000.0,8877000.0,22432000.0,309000.0,0.0,743000.0,1376000.0,45293000.0,2121000.0,2992000.0,117000.0,2004000.0,1376000.0,ENP,2024
37811000.0,33469000.0,7507000.0,15915000.0,21056000.0,411000.0,309000.0,1113000.0,1296000.0,46428000.0,3870000.0,4933000.0,46000.0,3824000.0,3264000.0,ENP,2023
31493000.0,27225000.0,6754000.0,9102000.0,20744000.0,1223000.0,1223000.0,2838000.0,2192000.0,47456000.0,2616000.0,3673000.0,33000.0,2583000.0,2192000.0,ENP,2022
,,,,,,,,,,,,,,,ENP,2021
331569000.0,185903000.0,27467000.0,141605000.0,152113000.0,51817000.0,0.0,93918000.0,137527000.0,782160000.0,9998000.0,26814000.0,4723000.0,5275000.0,2892000.0,DEL,2025
357955000.0,202952000.0,30072000.0,151968000.0,159851000.0,53436000.0,0.0,103027000.0,145265000.0,882324000.0,23052000.0,39970000.0,4598000.0,18454000.0,15214000.0,DEL,2024
300274000.0,159514000.0,12103000.0,113545000.0,143932000.0,42847000.0,263000.0,86082000.0,129346000.0,880679000.0,39237000.0,52700000.0,4294000.0,34943000.0,28515000.0,DEL,2022
279576000.0,142776000.0,4531000.0,108386000.0,120535000.0,36185000.0,6862000.0,88445000.0,105949000.0,779687000.0,23754000.0,34262000.0,1406000.0,22348000.0,18084000.0,DEL,2021
270930000.0,47116000.0,3245000.0,48891000.0,52765000.0,15230000.0,151013000.0,171633000.0,-55772000.0,90141000.0,-5952000.0,4124000.0,11155000.0,-17107000.0,-17401000.0,PEN,2025
272836000.0,55946000.0,8437000.0,45110000.0,60408000.0,18729000.0,150526000.0,174688000.0,-37769000.0,89917000.0,-2281000.0,8623000.0,11543000.0,-13824000.0,-13116000.0,PEN,2024
277424000.0,52421000.0,5838000.0,29572000.0,69767000.0,13407000.0,160612000.0,179143000.0,-28717000.0,70649000.0,-4868000.0,6176000.0,11434000.0,-16302000.0,-15684000.0,PEN,2023
253694000.0,64547000.0,11271000.0,33539000.0,70672000.0,10929000.0,134957000.0,149512000.0,-15408000.0,95136000.0,17985000.0,26934000.0,9260000.0,8725000.0,6309000.0,PEN,2022
,,,,,,,,,,,,,,,PEN,2021
47932619.18,24336346.86,123605.68,5548704.21,41762075.45,861611.94,179834.52,1041446.46,-4452168.31,26899238.5,8783634.9,10141129.63,142504.88,8641130.02,7146210.69,FOR,2025
57338264.58,17899050.87,177977.28,6554725.57,47846243.76,1423989.4,0.0,1423989.4,6729267.39,27827543.67,8178064.45,8456917.96,84193.43,8093871.02,6729267.39,FOR,2024
50084872.78,14201869.41,472926.59,4548118.16,42748976.37,0.0,0.0,0.0,5791015.91,31172756.99,7553442.04,7835382.48,12061.56,7541380.48,5891816.48,FOR,2023
48369763.9,18919746.99,3576099.55,5741038.84,39850405.46,0.0,0.0,0.0,8833554.48,40108241.02,12123414.25,12697502.38,9766.27,12113647.98,9695691.88,FOR,2022
,,,,,,,,,,,,,,,FOR,2021
100725465.91,63107627.2,9910839.57,53463838.95,33468747.64,14196956.21,0.0,14196956.21,6493138.48,180944180.61,10718997.36,14094068.28,1121992.26,9597005.1,6790349.25,INT,2025
88143653.07,44495259.15,5157926.32,48444599.9,27544576.14,15210635.43,0.0,15210635.43,6509839.25,180583730.19,12101546.58,15496329.44,902070.77,11199475.81,6807725.78,INT,2024
78693981.14,46607308.14,9307758.62,45761091.35,24752765.29,12926711.12,0.0,12926711.12,4478167.33,169784805.72,9045391.84,11661772.06,1056433.55,7988958.29,4772409.85,INT,2023
73248345.04,47194451.41,6708727.03,44934570.17,22500145.27,12035482.28,0.0,12035482.28,5087972.5,177893685.6,8813749.66,11174408.14,783675.58,8030074.08,5373474.88,INT,2022
,,,,,,,,,,,,,,,INT,2021
45137000.0,20577000.0,1863000.0,9979000.0,24928000.0,2058000.0,,2975000.0,-5981000.0,22000.0,-5732000.0,-5410000.0,205000.0,-5937000.0,-5981000.0,URT,2025
29618000.0,17903000.0,1461000.0,1733000.0,24111000.0,0.0,,415000.0,-3631000.0,14000.0,-2958000.0,-2519000.0,545000.0,-3503000.0,-3631000.0,URT,2024
29598000.0,26562000.0,1139000.0,1540000.0,27743000.0,,,627000.0,-8446000.0,7000.0,-4854000.0,-4078000.0,570000.0,-5424000.0,-5586000.0,URT,2023
6694000.0,4575000.0,3434000.0,600000.0,5621000.0,,,597000.0,-6919000.0,3000.0,-4009000.0,-3572000.0,51000.0,-4060000.0,-4060000.0,URT,2022
,,,,,,,,,,,,,,,URT,2021
497703000.0,352334000.0,11302000.0,201940000.0,247850000.0,8771000.0,0.0,35462000.0,218294000.0,1747744000.0,15398000.0,33945000.0,10000000.0,5398000.0,3105000.0,KOM,2026
465186000.0,321206000.0,9174000.0,156533000.0,239726000.0,3291000.0,377000.0,27791000.0,215189000.0,1699646000.0,-5257000.0,12308000.0,10902000.0,-16159000.0,-15918000.0,KOM,2025
479668000.0,335201000.0,23868000.0,132546000.0,253238000.0,641000.0,1081000.0,30194000.0,231107000.0,1635292000.0,4891000.0,23877000.0,9675000.0,-4784000.0,-4521000.0,KOM,2024
482890000.0,346122000.0,33898000.0,122644000.0,258024000.0,2550000.0,854000.0,26206000.0,235628000.0,1856670000.0,161236000.0,181591000.0,5045000.0,156191000.0,150694000.0,KOM,2023
,,,,,,,,,,,,,,,KOM,2022
38156000.0,33535000.0,12950000.0,7934000.0,27837000.0,0.0,,1427000.0,24317000.0,67071000.0,4685000.0,6827000.0,119000.0,4566000.0,3821000.0,FAB,2025
49067000.0,40668000.0,15065000.0,11571000.0,26140000.0,29000.0,,3280000.0,23134000.0,74718000.0,5221000.0,7239000.0,303000.0,4918000.0,7228000.0,FAB,2024
55502000.0,49288000.0,25098000.0,10679000.0,36922000.0,0.0,,2541000.0,26216000.0,68716000.0,15773000.0,18021000.0,139000.0,15634000.0,12943000.0,FAB,2023
60876000.0,51597000.0,13183000.0,19424000.0,33813000.0,0.0,,4321000.0,23329000.0,53408000.0,27265000.0,32054000.0,164000.0,27101000.0,24237000.0,FAB,2022
,,,,,,,,,,,,,,,FAB,2021
210250000.0,121179000.0,6149000.0,92336000.0,69597000.0,21189000.0,3286000.0,76156000.0,-3410000.0,323563000.0,16107000.0,33045000.0,6616000.0,9491000.0,7774000.0,EAH,2025
192615000.0,118844000.0,3537000.0,100881000.0,67345000.0,19215000.0,0.0,49619000.0,110000.0,298312000.0,17619000.0,35110000.0,3849000.0,13770000.0,11004000.0,EAH,2024
144026000.0,79394000.0,9018000.0,58264000.0,61466000.0,7499000.0,0.0,7499000.0,-1793000.0,275495000.0,13267000.0,28846000.0,4104000.0,9163000.0,7386000.0,EAH,2023
166097000.0,102916000.0,6447000.0,81458000.0,58443000.0,22463000.0,875000.0,875000.0,-299000.0,241791000.0,13324000.0,28567000.0,3336000.0,9988000.0,8079000.0,EAH,2022
,,,,,,,,,,,,,,,EAH,2021
979033000.0,755086000.0,224369000.0,818529000.0,-32130000.0,30404000.0,75699000.0,205319000.0,-427093000.0,1309494000.0,-84445000.0,-3594000.0,26384000.0,-110829000.0,-102811000.0,MSW,2025
1063469000.0,776599000.0,164278000.0,840252000.0,71026000.0,113710000.0,10425000.0,222749000.0,-325847000.0,1578631000.0,-11945000.0,72295000.0,20344000.0,-32289000.0,-26904000.0,MSW,2024
1228504000.0,934346000.0,282089000.0,900423000.0,98225000.0,128412000.0,0.0,239972000.0,-295069000.0,1675340000.0,42096000.0,89184000.0,16460000.0,25636000.0,23449000.0,MSW,2023
1038548000.0,832225000.0,205674000.0,755778000.0,76456000.0,140196000.0,,210273000.0,-320438000.0,1614337000.0,40194000.0,62392000.0,12861000.0,27333000.0,18011000.0,MSW,2022
,,,,,,0.0,,,,,,,,,MSW,2021
45145871.22,35318566.77,1371086.11,22451366.28,20165478.38,10279991.48,0.0,10279991.48,2500206.7,58811164.85,3456478.66,7350492.68,1051339.27,2405139.39,1914953.39,M4B,2025
48183607.28,36159285.7,2784757.84,27637962.5,17616918.09,11347024.01,0.0,11347024.01,213398.29,51023495.85,2241587.58,5109686.07,1108594.81,1132992.77,261751.88,M4B,2024
45831361.61,33685619.88,441082.47,25520425.05,16699314.32,9308996.52,,9308996.52,-704205.48,49019924.35,1664452.57,3407662.03,1192480.43,471972.14,319930.14,M4B,2023
40428483.3,34672457.13,3458658.72,21370658.61,16379384.18,9863480.14,,9863480.14,-1024135.62,42458447.94,2007915.51,3101980.54,777288.5,1230627.01,510024.01,M4B,2022
,,,,,,,,,,,,,,,M4B,2021
6428831.84,3760438.69,1926540.47,1220639.19,5208183.25,0.0,0.0,0.0,517801.67,50702589.15,2679284.77,3345884.75,17296.56,2661988.21,2263649.55,TRX,2025
5680139.38,2488588.93,1515675.49,2736129.96,2944009.42,213650.0,0.0,213650.0,-1745847.88,23050717.18,823194.11,942910.76,0.18,823193.93,684743.55,TRX,2024
2322490.97,2179777.59,2114283.4,65556.4,2256934.57,0.0,,0.0,-9126704.35,0.0,-305957.66,-305957.66,0.0,-305957.66,-289270.28,TRX,2023
2751408.0,2749182.0,539976.54,32766.15,2702441.85,,,,-8837434.07,1600.0,-72636.81,-72636.81,56.0,-72692.81,-89456.81,TRX,2022
,,,,,,,,,,,,,,,TRX,2021
16453982.0,1175234.0,491777.0,22449894.0,-12217509.0,2408259.0,2301762.0,4717046.0,-82641962.0,835992.0,-2516544.0,-2396262.0,368280.0,-2884824.0,-2795729.0,ALG,2025
17455667.0,3830354.0,46741.0,26805577.0,-11843375.0,6742327.0,0.0,6755953.0,-80195314.0,2361819.0,-4491495.0,-3890629.0,811211.0,-5302706.0,-4578336.0,ALG,2024
20390015.0,6056027.0,71352.0,32106672.0,-20148948.0,2506131.0,3952889.0,6972667.0,-66225326.0,3967005.0,-3965436.0,-2567110.0,1598557.0,-5563993.0,-6223083.0,ALG,2023
13800783.0,4335947.0,137193.0,24206207.0,-16073086.0,5668426.0,2990891.0,9811866.0,-62149464.0,14253838.0,-40209094.0,-28273047.0,1003559.0,-41212653.0,-40208017.0,ALG,2022
,,,,,,,,,,,,,,,ALG,2021
31552000.0,15649000.0,7891000.0,6141000.0,22493000.0,,,3614000.0,-15718000.0,87169000.0,5334000.0,7150000.0,174000.0,5160000.0,4060000.0,ECB,2025
32181000.0,15894000.0,2617000.0,8674000.0,20857000.0,0.0,0.0,3116000.0,-17354000.0,105244000.0,643252000.0,658547000.0,232000.0,643020000.0,639363000.0,ECB,2024
199809000.0,67134000.0,1891000.0,812330000.0,-619530000.0,20010000.0,0.0,21716000.0,-656717000.0,244114000.0,-193325000.0,-89055000.0,3668000.0,-196993000.0,-198895000.0,ECB,2023
214625000.0,99289000.0,336000.0,622528000.0,-420598000.0,9384000.0,6899000.0,18060000.0,-457822000.0,322081000.0,-205053000.0,-30999000.0,732000.0,-205785000.0,-205765000.0,ECB,2022
,,,,,1464000.0,16644000.0,,,,,,,,,ECB,2021
15357000.0,9303000.0,4722000.0,4122000.0,9214000.0,439000.0,,1897000.0,-18367000.0,21000.0,-10194000.0,-7393000.0,270000.0,-10464000.0,-10431000.0,GMT,2025
17041000.0,8489000.0,6697000.0,5481000.0,7600000.0,415000.0,,2736000.0,-51306000.0,1000.0,-11055000.0,-8725000.0,133000.0,-11188000.0,-11208000.0,GMT,2024
15972000.0,6645000.0,4169000.0,3144000.0,8302000.0,391000.0,,1988000.0,-40098000.0,1000.0,-8912000.0,-7756000.0,119000.0,-9031000.0,-9013000.0,GMT,2023
11756000.0,4986000.0,4139000.0,2324000.0,4888000.0,373000.0,,2288000.0,-31085000.0,40000.0,-11681000.0,-11245000.0,201000.0,-11882000.0,-11928000.0,GMT,2022
,,,,,,,,,,,,,,,GMT,2021
33758000.0,12667000.0,1211000.0,2158000.0,29632000.0,0.0,0.0,466000.0,10513000.0,19301000.0,3213000.0,3814000.0,83000.0,3130000.0,2797000.0,TRR,2025
35158000.0,12625000.0,4439000.0,2014000.0,31370000.0,0.0,0.0,489000.0,12256000.0,19481000.0,12339000.0,12732000.0,102000.0,12237000.0,9957000.0,TRR,2024
26421000.0,4941000.0,70000.0,3270000.0,21599000.0,1069000.0,0.0,1599000.0,6299000.0,8667000.0,1811000.0,2291000.0,266000.0,1545000.0,1422000.0,TRR,2023
26333000.0,4786000.0,44000.0,4584000.0,20177000.0,1653000.0,0.0,2265000.0,4877000.0,8295000.0,-1275000.0,-755000.0,223000.0,-1498000.0,-1132000.0,TRR,2022
,,,,,,,,,,,,,,,TRR,2021
12999702.13,11398162.26,1441.71,7028693.84,5425210.45,3702.89,0.0,3702.89,718568.58,6998774.02,1023126.71,1373856.25,32505.51,990621.2,942084.2,IDH,2025
14352163.36,9914133.13,2622.97,9403819.23,4396459.58,3702.89,0.0,3702.89,-6487107.52,4841380.0,-6038590.06,-5645884.7,104282.17,-6142872.23,-6176925.23,IDH,2024
23850016.3,7628850.65,2679.99,12107441.83,10883567.1,3702.89,,3702.89,-49256100.82,9569379.94,25467020.35,26046061.65,535317.7,24931702.65,24931702.65,IDH,2023
11014089.82,6846125.71,9933.55,86599759.41,-76187731.59,5075773.03,0.0,5075773.03,-76797781.59,-6202925.09,-51730074.15,-51102288.04,129605.44,-51859679.59,-51859679.59,IDH,2022
,,,,,,0.0,,,,,,,,,IDH,2021
47997014.49,43985249.46,24948966.47,12793531.77,32532783.68,0.0,0.0,0.0,3930951.6,77936366.29,5885206.47,6705749.9,79909.88,5805296.59,3930951.6,MLB,2025
42571758.56,39459230.04,18744748.09,11429407.1,29649879.08,,0.0,0.0,4666297.01,75144221.72,6595471.57,7743151.58,92330.02,6503141.55,4752927.62,MLB,2024
37447388.06,34200983.39,17042827.45,10501872.02,25735389.06,0.0,0.0,0.0,2087074.67,72971353.06,3329882.48,4630095.45,153828.18,3176054.3,2314553.34,MLB,2023
38187125.08,33749739.83,13391885.18,12378113.27,24347012.39,0.0,0.0,0.0,3664156.45,69142834.64,4929673.48,6261850.22,90408.56,4839264.92,3664156.45,MLB,2022
,,,,,,,,,,,,,,,MLB,2021
26835635.76,18533539.39,9497674.86,5763151.72,20410829.49,0.0,0.0,0.0,8529327.32,42884711.23,10602703.05,11750314.85,16144.73,10586558.32,8529327.32,XBS,2025
28248489.82,19658191.83,11351125.32,7873516.92,20081502.17,98.16,0.0,98.16,9625933.66,43903043.69,11967426.6,12969128.58,33147.94,11934278.66,9625933.66,XBS,2024
26236291.87,21696286.96,8923976.03,7785383.53,18055568.51,0.0,0.0,0.0,8487802.29,46040506.42,10625789.82,11721496.19,61551.53,10564238.29,8487802.29,XBS,2023
22933400.56,18981997.98,5444432.81,8171457.38,14067766.22,0.0,0.0,0.0,5639339.13,38575306.24,7053664.34,7827129.17,79129.21,6974535.13,5639339.13,XBS,2022
92171000.0,60866000.0,1223000.0,26071000.0,50119000.0,9958000.0,14946000.0,25668000.0,-12125000.0,129857000.0,-8174000.0,-6156000.0,3652000.0,-11826000.0,-12125000.0,PWX,2025
112656000.0,82518000.0,29633000.0,49001000.0,62244000.0,2211000.0,0.0,3080000.0,-22763000.0,190218000.0,-17077000.0,-13950000.0,5289000.0,-22366000.0,-22763000.0,PWX,2024
111813000.0,80065000.0,3783000.0,29893000.0,54225000.0,6674000.0,,7759000.0,-39027000.0,252429000.0,-17461000.0,-14331000.0,17933000.0,-35394000.0,-39027000.0,PWX,2023
143771000.0,107754000.0,3151000.0,41486000.0,99432000.0,11113000.0,,11155000.0,8330000.0,331216000.0,20414000.0,23665000.0,9610000.0,10804000.0,8330000.0,PWX,2022
,,,,,,,,,,,,,,,PWX,2021
31238000.0,22855000.0,11294000.0,2686000.0,27254000.0,,,0.0,19049000.0,14815000.0,3666000.0,4288000.0,9000.0,3657000.0,3464000.0,GOP,2025
33490000.0,25895000.0,13414000.0,2769000.0,29289000.0,,,150000.0,21084000.0,28953000.0,14017000.0,14709000.0,51000.0,13966000.0,12983000.0,GOP,2024
23483000.0,17702000.0,7326000.0,5524000.0,17460000.0,,,308000.0,9255000.0,4739000.0,629000.0,897000.0,37000.0,592000.0,751000.0,GOP,2023
22839000.0,21195000.0,9124000.0,2234000.0,20009000.0,,,429000.0,11804000.0,5995000.0,3684000.0,3901000.0,40000.0,3644000.0,3341000.0,GOP,2022
,,,,,,,,,,,,,,,GOP,2021
22729890.51,17917199.64,1539875.92,20427961.24,2264967.5,3158826.25,0.0,3158826.25,-80394910.5,57840581.39,-17629783.09,-16428109.44,958638.9,-18588421.99,-18718070.99,MO2,2025
40659301.88,33338116.38,3652426.66,29111968.32,11314833.01,19601821.04,180000.0,19781821.04,-61676839.51,77727939.76,-15819465.8,-14337583.2,1252722.85,-17072188.65,-17189806.65,MO2,2024
46239612.53,37956920.24,2361557.72,32120249.22,13504639.66,16451607.93,540000.0,16991607.93,-44487032.86,87453802.17,-15486887.88,-14147677.19,1483638.71,-16970526.59,-16970526.59,MO2,2023
68094949.73,58087188.57,5569344.97,37909000.89,25769793.02,20511848.92,4029729.72,24541578.64,-27516506.28,124254629.07,-10325885.02,-9093195.79,1556858.11,-11882743.13,-11882743.13,MO2,2022
,,,,,,,,,,,,,,,MO2,2021
170917915.0,76307392.0,,68416528.0,69601999.0,,,,3732650.0,320800336.0,11491084.0,22313789.0,2942350.0,8548734.0,7242720.0,BLT,2025
157351745.0,66103030.0,,62327258.0,62578598.0,,,,2465599.0,274057369.0,8346204.0,19219030.0,2947930.0,5398274.0,5230118.0,BLT,2024
133289208.0,56901763.0,,52440280.0,58077301.0,,,,-254200.0,229955948.0,6481316.0,16898429.0,2808788.0,3672528.0,1927567.0,BLT,2023
128442374.0,58814679.0,,50113425.0,56279445.0,,,,5572578.0,226738943.0,11618892.0,21137382.0,1497890.0,10121002.0,7633837.0,BLT,2022
,,1047144.0,,,,,,,,,,,,,BLT,2021
126183000.0,102099000.0,21452000.0,10659000.0,103109000.0,0.0,0.0,9897000.0,7723000.0,86859000.0,12996000.0,15692000.0,1247000.0,11749000.0,9989000.0,ZMT,2024
193435000.0,155898000.0,78919000.0,45355000.0,134180000.0,11980000.0,0.0,22159000.0,22921000.0,223189000.0,26103000.0,31437000.0,2828000.0,23275000.0,14155000.0,ZMT,2023
227093000.0,169291000.0,45634000.0,88714000.0,121425000.0,29083000.0,0.0,40141000.0,-8118000.0,253513000.0,403000.0,6623000.0,2906000.0,-2503000.0,-3335000.0,ZMT,2022
187153000.0,117169000.0,37598000.0,43970000.0,124125000.0,2419000.0,500000.0,13767000.0,-3934000.0,163251000.0,1033000.0,7630000.0,742000.0,291000.0,60000.0,ZMT,2021
385760000.0,27686000.0,2271000.0,28895000.0,339111000.0,17179000.0,14141000.0,31320000.0,-3601000.0,16419000.0,-237000.0,476000.0,4219000.0,-4456000.0,-5283000.0,KCI,2025
362136000.0,34048000.0,1131000.0,23418000.0,335470000.0,12203000.0,0.0,12203000.0,-6339000.0,1468000.0,7438000.0,7438000.0,503000.0,6935000.0,10819000.0,KCI,2024
372412000.0,135916000.0,13271000.0,6472000.0,354371000.0,0.0,0.0,0.0,17843000.0,47225000.0,3165000.0,5766000.0,549000.0,2616000.0,23070000.0,KCI,2023
469094000.0,64648000.0,12096000.0,39558000.0,336324000.0,1983000.0,347000.0,3418000.0,-94128000.0,97894000.0,-64983000.0,-60430000.0,213000.0,-65196000.0,-13912000.0,KCI,2022
,,,,,,,,,,,,,,,KCI,2021
72094597.32,18526936.17,7142347.38,8541959.74,45670868.39,3219101.2,15655676.59,18874777.79,5252576.2,43197469.71,7334584.85,9968781.05,1160442.01,6174142.84,5485387.84,KOR,2025
66438396.5,14756918.19,6434325.36,10645046.1,37144666.31,5160135.52,16244846.52,21404982.04,3467242.07,41478533.0,6149809.38,8501937.2,1546220.5,4603588.88,3877148.88,KOR,2024
63595516.27,12969706.17,3335143.03,8421714.46,33498638.41,4011913.87,19037392.97,23049306.84,4508977.74,37749975.67,6739228.01,9145207.62,1323483.08,5415744.93,4586620.93,KOR,2023
63552987.9,13841153.75,4216905.25,9324850.22,29166213.32,3112452.86,22073222.65,25185675.51,3388461.26,36988509.27,5387137.05,7043486.6,75163.75,5311973.3,4361946.3,KOR,2022
,,,,,,,,,,,,,,,KOR,2021
15253572.0,9559647.04,5165737.75,1998755.15,3112187.72,,8299878.87,8299878.87,-2895846.63,15603261.98,446048.19,899561.19,330789.19,115259.0,96839.0,RDG,2025
14684222.4,8757331.96,5524842.76,1810745.08,3015348.72,0.0,7908068.7,7908068.7,-3215538.54,13230642.07,-246263.26,235997.95,330211.97,-576475.23,-1111046.23,RDG,2024
15131112.77,8496636.04,5647356.15,1393111.48,4163804.2,0.0,7516827.51,7516827.51,-2067083.06,10147839.3,-1225125.53,-732683.75,399027.7,-1624153.23,-1346550.23,RDG,2023
15647419.59,9149052.06,7182062.26,888608.56,5510354.43,14000.0,7056655.6,7070655.6,-497679.92,7241375.69,286145.34,742107.09,225364.31,60781.03,213225.03,RDG,2022
,,,,,18000.0,,,,,,,,,,RDG,2021
40001241.02,33389828.97,17716730.59,15530890.63,19791544.02,1759458.76,1108193.96,3568253.64,3395893.55,92888915.89,5265760.76,6472827.93,821439.1,4444321.66,3395893.55,TOS,2025
,,,,,,,,,,,,,,,TOS,2024
42941373.09,34942638.1,14155921.38,17714184.81,19252161.14,2533959.21,0.0,4366098.43,1400801.93,128503021.18,3604297.38,5110597.62,1204407.97,2399889.41,1911388.86,TOS,2023
45023310.26,37740160.04,1870036.34,20960595.79,15294645.74,6661214.19,0.0,8455566.93,2290808.79,91677256.2,4138472.78,4766880.61,1139927.17,2998545.61,2290808.79,TOS,2022
37628402.76,31707025.55,524119.24,16983518.95,13003836.95,11072029.88,0.0,12158222.31,1381246.19,57385990.36,2261183.74,2751946.19,468707.31,1792476.43,1381246.19,TOS,2021
40374771.47,33144754.34,4633092.81,14964809.06,21330862.94,39577.93,2138554.0,2178131.93,5911432.17,49158560.53,6343368.64,131301650.64,407750.24,5935618.4,4317667.4,EBX,2025
25363965.19,21479487.74,2738588.43,4329203.85,18337095.54,0.0,1148446.0,1148446.0,4383926.45,47633194.32,4548385.99,5708579.84,610818.5,3937567.49,3058181.49,EBX,2024
36858561.23,32755643.17,62525.34,16997513.79,16602814.05,3319586.22,1564706.0,4884292.22,4703038.82,53754021.85,4922227.67,5948843.97,765178.25,4157049.42,3608785.42,EBX,2023
30174075.41,26804125.78,801897.36,13173090.08,12959531.63,39964.03,1966012.31,2005976.34,2231833.01,53264683.05,1858563.78,2693320.35,251728.33,1606835.45,1177765.45,EBX,2022
,,,,,,,,,,,,,,,EBX,2021
21980000.0,6144000.0,2346000.0,773000.0,21042000.0,0.0,,0.0,3014000.0,7668000.0,3206000.0,3206000.0,0.0,3206000.0,3014000.0,3RG,2025
18406000.0,2804000.0,973000.0,378000.0,18028000.0,0.0,,0.0,-626000.0,2415000.0,-626000.0,-626000.0,0.0,-626000.0,-626000.0,3RG,2024
18350000.0,2748000.0,946000.0,390000.0,17960000.0,0.0,,0.0,613000.0,3579000.0,616000.0,616000.0,3000.0,613000.0,613000.0,3RG,2023
16885000.0,1283000.0,794000.0,1097000.0,15788000.0,,,,803000.0,4113000.0,933000.0,933000.0,130000.0,803000.0,803000.0,3RG,2022
404305000.0,261792000.0,509000.0,307363000.0,34956000.0,119425000.0,21911000.0,162734000.0,-17239000.0,60518000.0,-125059000.0,-122979000.0,19435000.0,-144494000.0,-108492000.0,CPR,2025
469149000.0,345650000.0,377000.0,199666000.0,143449000.0,65210000.0,42030000.0,127037000.0,91254000.0,104403000.0,-66001000.0,-63477000.0,9735000.0,-75736000.0,-70645000.0,CPR,2024
513806000.0,417450000.0,50561000.0,219464000.0,234724000.0,71103000.0,6021000.0,95721000.0,182529000.0,313771000.0,37471000.0,40890000.0,10612000.0,26859000.0,24494000.0,CPR,2023
522463000.0,362351000.0,11119000.0,192082000.0,229133000.0,64006000.0,37618000.0,121766000.0,176938000.0,190531000.0,47837000.0,55976000.0,9099000.0,38738000.0,9157000.0,CPR,2022
,,,,,,,,,,,,,,,CPR,2021
127095000.0,59805000.0,1033000.0,20737000.0,94021000.0,8890000.0,6921000.0,20071000.0,49102000.0,107774000.0,-531000.0,5009000.0,841000.0,-1372000.0,-1541000.0,RLP,2025
135209000.0,63726000.0,927000.0,23043000.0,96660000.0,8130000.0,8784000.0,22535000.0,50897000.0,109333000.0,-6714000.0,-140000.0,768000.0,-7482000.0,-7542000.0,RLP,2024
144331000.0,74123000.0,1429000.0,22182000.0,104473000.0,9098000.0,14065000.0,25095000.0,58157000.0,159510000.0,10518000.0,16580000.0,512000.0,10006000.0,8575000.0,RLP,2023
140646000.0,81066000.0,2564000.0,36418000.0,96481000.0,10729000.0,4189000.0,16469000.0,49641000.0,150981000.0,3259000.0,9984000.0,476000.0,2783000.0,1249000.0,RLP,2022
,,,,,,,,,,,,,,,RLP,2021
152556000.0,50705000.0,1054000.0,167196000.0,-36235000.0,11452000.0,0.0,46404000.0,-138502000.0,190129000.0,-39254000.0,-15940000.0,4027000.0,-43281000.0,-43591000.0,IPO,2026
165722000.0,39969000.0,581000.0,133054000.0,-17264000.0,19946000.0,0.0,72704000.0,-94910000.0,185220000.0,-38240000.0,-9548000.0,4112000.0,-42352000.0,-49961000.0,IPO,2025
211503000.0,61419000.0,961000.0,127512000.0,3672000.0,24342000.0,4641000.0,97971000.0,-44950000.0,189077000.0,-37511000.0,-3323000.0,3957000.0,-41468000.0,-39577000.0,IPO,2024
229595000.0,59334000.0,616000.0,143338000.0,-823000.0,28081000.0,9444000.0,134012000.0,-5372000.0,239458000.0,-10173000.0,22979000.0,4185000.0,-14358000.0,-13108000.0,IPO,2023
,,,,,,,,,,,,,,,IPO,2022
132247000.0,79083000.0,2575000.0,21695000.0,109782000.0,2042000.0,0.0,2719000.0,2045000.0,141752000.0,2787000.0,9670000.0,97000.0,2690000.0,2045000.0,LEN,2025
133067000.0,78336000.0,1972000.0,21882000.0,110224000.0,4148000.0,0.0,5028000.0,2497000.0,136939000.0,3737000.0,10385000.0,138000.0,3599000.0,2497000.0,LEN,2024
139877000.0,83690000.0,3692000.0,23977000.0,112738000.0,1667000.0,2188000.0,4693000.0,9878000.0,166628000.0,12586000.0,19159000.0,316000.0,12270000.0,9878000.0,LEN,2023
143043000.0,88202000.0,1087000.0,32566000.0,107835000.0,7892000.0,2188000.0,10420000.0,9548000.0,172755000.0,12906000.0,19316000.0,777000.0,12129000.0,9548000.0,LEN,2022
,,,,,,,,,,,,,,,LEN,2021
254707000.0,36003000.0,3352000.0,47068000.0,154865000.0,41727000.0,46240000.0,92303000.0,104197000.0,21899000.0,2079000.0,2079000.0,10037000.0,-7958000.0,-8452000.0,BBD,2025
245716000.0,8929000.0,1888000.0,76528000.0,163472000.0,72024000.0,1563000.0,74190000.0,112804000.0,13919000.0,4065000.0,4065000.0,8573000.0,-4508000.0,-3370000.0,BBD,2024
263980000.0,17103000.0,6667000.0,30336000.0,166859000.0,26031000.0,37786000.0,65095000.0,116191000.0,24444000.0,60260000.0,60260000.0,8630000.0,51630000.0,50922000.0,BBD,2023
205585000.0,43736000.0,11193000.0,84133000.0,116154000.0,65853000.0,375000.0,68459000.0,65486000.0,16273000.0,-294000.0,-294000.0,7361000.0,-7655000.0,-9401000.0,BBD,2022
,,,,,,,,,,,,,,,BBD,2021
79315000.0,23557000.0,6760000.0,15558000.0,54434000.0,0.0,0.0,4416000.0,4430000.0,130907000.0,5680000.0,9323000.0,389000.0,5291000.0,4430000.0,TLX,2025
68187000.0,14289000.0,6717000.0,9550000.0,50754000.0,0.0,0.0,4460000.0,882000.0,72565000.0,1054000.0,4409000.0,400000.0,654000.0,882000.0,TLX,2024
77727000.0,16218000.0,3180000.0,15804000.0,52572000.0,3906000.0,0.0,9036000.0,1487000.0,82443000.0,2403000.0,6291000.0,663000.0,1740000.0,1487000.0,TLX,2023
76053000.0,14488000.0,5149000.0,16892000.0,51085000.0,3514000.0,0.0,7591000.0,1748000.0,81624000.0,2791000.0,8438000.0,478000.0,2313000.0,1748000.0,TLX,2022
,,,,,,,,,,,,,,,TLX,2021
35555692.29,25234353.6,2503990.47,24467057.43,6077895.37,4835723.26,4056706.99,9673056.44,574007.37,134429281.82,2239425.42,4135497.28,393779.84,1845645.58,1407202.58,ORG,2025
29388637.42,19885247.57,2400630.26,18646276.79,4670692.79,2125783.63,5383044.85,7866318.72,-833195.21,121063826.06,2450494.01,4039747.91,343040.51,2107453.5,1612738.5,ORG,2024
30468040.87,19171980.44,3135575.47,20950946.95,3057954.29,2874313.06,5607968.44,8686712.17,-2445933.71,109886443.54,8649454.71,10321125.29,527886.26,8121568.45,7432051.45,ORG,2023
33780741.53,21236405.79,3054601.94,35296749.87,-3168052.86,4320676.22,0.0,4985718.3,-53591272.8,102902219.93,-614108.6,1320207.89,459372.83,-1073481.43,-1077965.43,ORG,2022
,,,,,,,,,,,,,,,ORG,2021
175401723.77,162996095.86,25271950.14,112392414.22,63009309.55,29512477.49,0.0,29512477.49,8643535.19,1368117403.05,11570187.98,11953247.17,2595048.21,8975139.77,8643535.19,MNS,2025
113881882.96,110510375.77,14967900.35,59516108.6,54365774.36,20131584.83,0.0,20131584.83,7918849.7,925711385.87,11247905.82,11564186.41,2454023.12,8793882.7,7918849.7,MNS,2024
134051550.2,131016814.75,11213790.35,87604625.54,46446924.66,27732088.18,0.0,27732088.18,-8721757.74,706120589.98,-6125978.58,-5763506.62,3223040.16,-9349018.74,-8721757.74,MNS,2023
153219107.19,151422986.9,17306186.53,98050424.79,55168682.4,28768419.55,0.0,28768419.55,21501966.09,1222854334.35,28627312.37,28928081.88,1862026.84,26765285.53,21501966.09,MNS,2022
,,,,,,,,,,,,,,,MNS,2021
51386038.83,7588642.19,18621.57,7286032.08,44080814.53,1522435.96,,1522435.96,-6888254.97,81156.91,-603620.99,-331838.4,62205.32,-665826.31,-665826.31,MTN,2025
8514817.09,7394428.86,4468.71,6714643.25,1800173.84,0.0,,0.0,-6222428.66,621732.6,150100.66,406682.92,191.64,149909.02,149909.02,MTN,2024
7865259.14,7482309.19,1424805.95,6214994.32,1650264.82,0.0,,0.0,-6372337.68,401660.0,-605079.57,-394719.69,7600.79,-612680.36,-612680.36,MTN,2023
9449000.59,8855690.76,4346391.58,7186055.41,2262945.18,0.0,,0.0,-5759657.32,40400.0,-1012002.33,-660674.02,69.94,-1012072.27,-1012072.27,MTN,2022
,,,,,,,,,,,,,,,MTN,2021
1720181.19,1516793.85,1383065.13,905336.21,603039.98,469500.0,0.0,469500.0,-14926443.89,258471.37,774579.0,787884.66,20130.0,754449.0,512412.0,GAR,2025
411569.19,411569.19,5547.74,320941.21,90627.98,129850.0,0.0,129850.0,-15438855.89,0.0,-160411.61,-160411.61,45260.24,-205671.85,-205671.85,GAR,2024
474837.25,474837.25,1777.59,178537.42,296299.83,79687.0,0.0,79687.0,-15233184.04,0.0,-30404.51,-30404.51,0.0,-30404.51,-30404.51,GAR,2023
0.0,0.0,0.0,873295.66,-873295.66,84359.99,0.0,84359.99,-17282779.53,0.0,-1295289.28,-1295289.28,0.0,-1295289.28,-1295289.28,GAR,2022
,,,,,,,,,,,,,,,GAR,2021
,,,,,,,,,,,,,,,BDF,2025
752470.0,752470.0,7430.0,135300.0,617160.0,,,,-182020.0,0.0,-835700.0,-835700.0,0.0,-835700.0,-849760.0,BDF,2024
1644280.0,1629760.0,1572940.0,81990.0,1541750.0,,0.0,0.0,-1082590.0,400000.0,-1888690.0,-1888690.0,0.0,-1888690.0,-1537810.0,BDF,2023
7863830.0,7859270.0,2294290.0,58260.0,7422470.0,,0.0,0.0,5981720.0,6352740.0,6628840.0,6628840.0,4760.0,6624080.0,5526510.0,BDF,2022
28942400.0,7595380.0,1833350.0,44500.0,26310300.0,,,0.0,7364210.0,5328600.0,3696020.0,3923200.0,3400.0,3692620.0,3164470.0,BDF,2021
83295013.68,51303125.53,7128246.93,16768028.59,61145017.1,1377533.87,3720642.8,7092259.09,1177295.34,101476343.0,4383074.29,8047426.09,458968.95,3924105.34,2763171.34,FRB,2025
84359820.9,50867518.9,7554021.56,15051171.66,63927721.76,763632.0,4581824.0,6325064.21,5068324.76,103252777.41,6858561.29,10244088.21,372173.53,6486387.76,4992014.76,FRB,2024
83821775.79,48164879.62,5535101.45,15380322.77,59995397.0,180460.13,0.0,2368314.66,4211721.75,103717697.62,5669106.93,8956493.66,241322.18,5427784.75,4211721.75,FRB,2023
86496720.25,59076422.65,11804088.75,13237704.54,63823675.25,105840.07,0.0,3171528.32,24404035.02,119801624.48,14898946.29,18820650.58,221040.7,14677905.59,11497823.13,FRB,2022
,,,,,,,,,,,,,,,FRB,2021
31766000.0,15900000.0,206000.0,26715000.0,-834000.0,15599000.0,5037000.0,22938000.0,-26687000.0,18786000.0,1847000.0,3064000.0,3000000.0,-1153000.0,-1088000.0,KSG,2023
35028000.0,17560000.0,271000.0,28438000.0,-12440000.0,13592000.0,18167000.0,33722000.0,-38681000.0,16202000.0,1828000.0,3179000.0,3509000.0,-1681000.0,-1547000.0,KSG,2022
44551000.0,23323000.0,637000.0,23159000.0,-5076000.0,6265000.0,24944000.0,33749000.0,-37134000.0,30746000.0,20273000.0,21898000.0,2562000.0,17711000.0,16139000.0,KSG,2021
300738921.94,113128681.2,5693384.08,77465696.22,99760487.11,11102264.62,26673042.54,143234128.06,44894771.12,301338294.18,9014627.66,24607929.68,10783478.28,-1768850.62,-1857219.94,IZB,2025
285281396.24,125966641.69,16998068.58,70496812.69,102222790.07,9611976.93,20891703.06,128263615.39,46810318.06,252266355.98,8152083.31,18819443.4,8630279.49,-478196.18,13861743.16,IZB,2024
195539127.16,74529926.2,2279967.05,106824745.39,73028677.22,67279006.97,6057787.85,77241332.03,14044250.12,159945561.87,-26001262.38,-9278339.61,2161105.23,-28162367.61,-24843532.03,IZB,2022
88764052.16,47711343.49,,13821904.81,67392356.92,,,,-3222229.09,83978871.27,6011626.94,8757320.35,2461082.53,3550544.41,3383206.2,EEE,2025
88400382.8,52475226.01,18494122.4,15949789.26,64207710.63,4700000.0,,4700000.0,4075967.5,74226010.02,12098857.52,14844055.43,1389882.41,10708975.11,8507227.84,EEE,2024
70722209.68,38013161.5,18644023.72,5797582.5,55700482.79,818.42,,818.42,2882028.29,55578694.97,9934501.21,13528518.17,16272.0,9918229.21,9168229.59,EEE,2023
60279700.91,29790313.23,17800338.66,4398968.01,49071381.91,,,,-948512.38,26843750.78,2796308.0,5879850.89,41020.3,2755287.7,1254466.22,EEE,2022
,,110618.33,,,0.0,,0.0,,,,,,,,EEE,2021
103799701.41,26401104.79,8466490.03,15963395.91,73424649.7,11046384.64,4299999.84,15346384.48,7038225.05,22079277.12,10621246.35,10624878.87,1009428.3,9611818.05,7038225.05,CFS,2025
89044560.25,16124360.09,4068435.24,13084933.53,63350698.72,8514873.24,4199999.84,12714873.08,8851119.5,21113780.0,12438170.92,12445007.97,1238559.42,11199611.5,8851119.5,CFS,2024
82278674.2,,6150233.16,,55790126.3,,,15420903.62,8590161.06,23058921.73,11688887.81,11699480.56,1070277.75,10618610.06,8590161.06,CFS,2023
66265161.6,,10950743.58,,46354483.26,,,12153334.35,8272661.99,21476934.26,11788091.11,11826368.9,1382996.12,10405094.99,8272661.99,CFS,2022
,,,,,,,,,,,,,,,CFS,2021
87234544.7,48514872.31,6323534.49,25266397.08,45015209.42,6683595.09,14291941.96,23037669.83,4942149.55,113110600.94,8276549.23,12650109.0,2208199.68,6068349.55,4942149.55,BGD,2025
86404889.94,51015712.75,6069801.09,22228787.0,41301219.37,2217434.68,20055233.54,24610161.11,5821598.8,110931075.32,9207728.43,13339849.41,2366675.63,6841052.8,5821598.8,BGD,2024
78510569.35,43835917.34,7514134.71,31696719.45,36707780.07,11298628.36,6465900.54,20838548.41,5097003.46,95559769.25,9045599.9,12567241.75,2156482.44,6889117.46,5097003.46,BGD,2023
71283886.63,42381541.12,3456795.2,18875500.38,32593304.21,2526889.69,16759565.22,21718430.39,3381388.18,79617830.29,8091581.05,11029481.79,1701174.87,6390406.18,3381388.18,BGD,2022
,,,,,,,,,,,,,,,BGD,2021
67399522.58,58438955.8,3598732.33,24045877.33,39310641.08,31640.79,0.0,1739493.46,2565728.4,103780658.61,800242.37,3273989.58,319453.2,480789.17,936809.17,KBJ,2025
74024107.16,54855685.99,3289870.26,27020063.74,38373831.91,21509.51,0.0,2853482.52,8539979.08,108541493.98,7512778.99,9216984.38,180579.14,7332199.85,6911059.85,KBJ,2024
62908799.61,44759281.79,7324586.97,24194763.58,30119414.06,20271.18,0.0,1221667.65,5230803.99,96590777.83,5417913.54,7117531.05,103346.78,5314566.76,5195242.76,KBJ,2023
46401913.65,32814427.09,1488161.99,22817974.83,22680760.81,1052251.24,0.0,1052251.24,3697493.76,92530458.92,4323234.61,6046794.47,74246.4,4248988.21,3652156.21,KBJ,2022
,,,,,,,,,,,,,,,KBJ,2021
31526000.0,2427000.0,245000.0,13258000.0,15031000.0,1196000.0,61000.0,1345000.0,-12889000.0,3816000.0,-1516000.0,-317000.0,1014000.0,-2530000.0,-2708000.0,MDA,2025
32113000.0,3457000.0,122000.0,10482000.0,17739000.0,1464000.0,57000.0,1637000.0,-8984000.0,7200000.0,2069000.0,3405000.0,142000.0,1927000.0,1628000.0,MDA,2024
35726000.0,5926000.0,215000.0,7841000.0,24039000.0,1593000.0,61000.0,2305000.0,-2684000.0,5735000.0,-2614000.0,2177000.0,215000.0,-2829000.0,-3127000.0,MDA,2023
32137000.0,14684000.0,42000.0,4360000.0,27190000.0,301000.0,0.0,882000.0,519000.0,6733000.0,1200000.0,2998000.0,1000.0,1199000.0,609000.0,MDA,2022
,,,,,,,,,,,,,,,MDA,2021
56590896.49,40101171.66,14268506.05,5194213.94,50949096.55,0.0,,0.0,5375982.51,42178236.31,6829717.42,6876998.22,0.0,6829717.42,5502960.42,PRS,2025
52556382.18,39655975.99,20174643.61,6467181.14,45573114.04,0.0,,0.0,7285812.06,45367170.06,8993901.06,9032992.26,4.0,8993897.06,7285812.06,PRS,2024
48122864.98,40389779.32,22673188.49,9335370.0,38287301.98,3500000.0,,3500000.0,7027679.8,48388857.62,8471474.12,8535027.8,2656.22,8468817.9,7027679.8,PRS,2023
44375514.66,39529549.09,13902762.91,12563490.48,31259622.18,3914037.19,,3914037.19,7025565.48,78383545.83,8728145.26,8809299.04,12059.74,8716085.52,7025565.48,PRS,2022
,,,,,,0.0,,,,,,,,,PRS,2021
29828830.0,15682250.0,8921690.0,22776170.0,6132760.0,0.0,0.0,0.0,-18119720.0,108339920.0,2256710.0,5367450.0,27600.0,2229110.0,1330690.0,LEG,2025
27738060.0,15639720.0,7577540.0,22300060.0,4649470.0,387130.0,0.0,387130.0,-15664470.0,120172720.0,3792680.0,7099620.0,96520.0,3696160.0,2719360.0,LEG,2024
21597030.0,12540440.0,3148140.0,18547130.0,2052660.0,1207880.0,387130.0,1595010.0,-16796670.0,86682410.0,53640.0,3002200.0,279810.0,-226170.0,-371500.0,LEG,2023
17288780.0,6759590.0,2433460.0,13272950.0,2012240.0,1514810.0,1455710.0,2970520.0,-14432540.0,62651880.0,1759300.0,4127390.0,505700.0,1253600.0,287000.0,LEG,2022
,,,,,,,,,,,,,,,LEG,2021
447758000.0,428094000.0,102482000.0,138176000.0,203276000.0,107078000.0,94977000.0,208855000.0,-80272000.0,105133000.0,20610000.0,24338000.0,514000.0,20096000.0,19646000.0,CAP,2025
545456000.0,492911000.0,109084000.0,168308000.0,174821000.0,133132000.0,189664000.0,331051000.0,-99918000.0,102873000.0,76255000.0,79825000.0,462000.0,75793000.0,75424000.0,CAP,2024
575902000.0,515674000.0,135145000.0,139112000.0,115631000.0,92615000.0,307392000.0,406454000.0,-175342000.0,108156000.0,61396000.0,64896000.0,396000.0,61000000.0,60481000.0,CAP,2023
564215000.0,517222000.0,122813000.0,136576000.0,56295000.0,2765000.0,359023000.0,365781000.0,-235823000.0,111761000.0,176674000.0,179812000.0,304000.0,176370000.0,176247000.0,CAP,2022
,,,,,,,,,,,,,,,CAP,2021
415673.0,263071.36,0.0,292700.58,-2339184.08,0.0,2462156.5,2462156.5,-36180524.7,-12500.0,130748.2,193598.05,384933.24,-254185.04,-254185.04,MCD,2025
439821.35,224369.86,0.0,458472.85,-2084999.04,0.0,2066347.54,,-35926339.66,2124891.57,-30696540.84,-30678583.74,5080.69,-30701621.53,-30701621.53,MCD,2024
,3853878.41,,,27363819.79,,1031347.54,,-5224718.13,862134.1,39988.37,63109.78,103149.59,-63161.22,-73724.22,MCD,2023
27693711.26,76181.26,26044.81,151941.9,27437544.01,0.0,104225.35,104225.35,-5150993.91,507971.51,-56455.99,-56455.99,0.0,-56455.99,-56455.99,MCD,2022
0.0,,0.0,0.0,,0.0,,0.0,,,,,,,,MCD,2021
220982000.0,46620000.0,14159000.0,61316000.0,116965000.0,2227000.0,4446000.0,32346000.0,-11214000.0,103809000.0,31531000.0,48326000.0,2693000.0,28838000.0,29995000.0,HRS,2025
247590000.0,46499000.0,11213000.0,109187000.0,86970000.0,3279000.0,6718000.0,46263000.0,-41209000.0,108163000.0,422000.0,18698000.0,6119000.0,-5697000.0,-5036000.0,HRS,2024
272262000.0,52088000.0,11141000.0,125666000.0,92006000.0,2503000.0,8846000.0,59818000.0,-36173000.0,125931000.0,-62189000.0,-42731000.0,5391000.0,-67580000.0,-68851000.0,HRS,2023
305009000.0,57685000.0,4927000.0,73818000.0,160857000.0,13632000.0,5132000.0,87166000.0,32678000.0,157047000.0,-905000.0,18666000.0,4596000.0,-5501000.0,-6816000.0,HRS,2022
,,,,,,,,,,,,,,,HRS,2021
60458766.98,41385928.75,15039809.16,21011346.83,33935317.13,0.0,0.0,0.0,3069875.4,100223340.47,3017979.06,8118116.23,19004.42,2998974.64,3069875.4,OPM,2025
,,,,,,,,,,,,,,,OPM,2024
71525547.73,41135074.11,18095410.69,17872121.71,47948668.59,0.0,0.0,3526.04,236930.71,90843656.66,1125703.3,4105108.91,19605.13,1106098.17,236930.71,OPM,2023
71325000.3,41415900.53,3878088.21,19100016.92,46111346.34,437500.12,0.0,704395.2,42772046.8,85896906.26,-1212815.37,2106599.65,91042.68,-1303858.05,-987817.52,OPM,2022
85474356.74,61782946.71,4539934.13,22347518.61,57095544.68,874999.92,437500.12,1479905.83,53756245.14,75818118.99,2642629.56,5987548.27,85284.64,2557344.92,3090622.19,OPM,2021
54707000.0,23775000.0,401000.0,23477000.0,24059000.0,13348000.0,1508000.0,15364000.0,46060000.0,42213000.0,2504000.0,5576000.0,688000.0,1816000.0,1139000.0,AGL,2025
55752000.0,19621000.0,2689000.0,21352000.0,27434000.0,10478000.0,1265000.0,12355000.0,46193000.0,55413000.0,488000.0,2961000.0,600000.0,-112000.0,-757000.0,AGL,2024
60356000.0,25269000.0,1773000.0,24960000.0,28662000.0,16649000.0,1710000.0,19002000.0,45939000.0,44262000.0,565000.0,2842000.0,867000.0,-302000.0,-180000.0,AGL,2023
70425000.0,32753000.0,2544000.0,29602000.0,32118000.0,19775000.0,4415000.0,25381000.0,46119000.0,47455000.0,-302000.0,2068000.0,1332000.0,-1634000.0,-607000.0,AGL,2022
369703242.77,226199075.71,7318472.13,150623960.06,183006986.76,68730544.14,3714487.2,82920274.38,171058996.94,292316585.04,18655424.99,30539956.77,8315978.76,10339446.23,7416861.89,FSG,2025
332665566.74,186663239.99,10168139.84,123752300.2,175576899.4,59516218.09,1722328.16,71829644.02,163716888.8,266873736.21,26892892.15,38107597.43,6846273.89,20046618.26,14030887.33,FSG,2024
320415003.7,179376585.9,13839364.78,106912301.6,161757830.5,29460176.76,23121093.56,61935657.76,149734376.9,293181055.31,29618897.28,38428400.86,7493520.75,22125376.53,16264845.4,FSG,2023
326750336.5,195675626.4,13087869.42,138986527.3,147389701.4,71185699.13,5578978.53,87473372.24,134672223.5,249406136.01,11730855.3,22538558.22,8130689.05,3600166.25,1996466.15,FSG,2022
,,,,,,,,,,,,,,,FSG,2021
89679000.0,43688000.0,3238000.0,33953000.0,49560000.0,76000.0,,6036000.0,-133394000.0,91623000.0,-4464000.0,1084000.0,886000.0,-5350000.0,-5267000.0,CRM,2024
94903000.0,47117000.0,3831000.0,33062000.0,55218000.0,0.0,,5952000.0,-128126000.0,82225000.0,-2745000.0,2279000.0,1156000.0,-3901000.0,-4534000.0,CRM,2023
101975000.0,58901000.0,1292000.0,35824000.0,60865000.0,312000.0,0.0,4074000.0,-123590000.0,85361000.0,-5306000.0,-700000.0,936000.0,-6242000.0,-6963000.0,CRM,2022
99687000.0,63440000.0,2506000.0,29924000.0,64500000.0,535000.0,312000.0,4091000.0,-116626000.0,84732000.0,2224000.0,6563000.0,467000.0,1757000.0,1635000.0,CRM,2021
47276000.0,21076000.0,5289000.0,12992000.0,32504000.0,1091000.0,115000.0,2950000.0,-9648000.0,96832000.0,2895000.0,4003000.0,255000.0,2640000.0,2053000.0,YRL,2025
45230000.0,20871000.0,2175000.0,13245000.0,30451000.0,933000.0,428000.0,2038000.0,-11701000.0,71789000.0,4247000.0,5099000.0,437000.0,3810000.0,3003000.0,YRL,2024
43266000.0,19456000.0,8193000.0,14451000.0,27447000.0,4763000.0,0.0,5616000.0,-14705000.0,30712000.0,1871000.0,2438000.0,705000.0,1166000.0,1411000.0,YRL,2023
13118000.0,5352000.0,390000.0,11417000.0,968000.0,6137000.0,0.0,6231000.0,-16204000.0,27263000.0,-9735000.0,-9038000.0,217000.0,-9952000.0,-11226000.0,YRL,2022
,,,,,,,,,,,,,,,YRL,2021
77467000.0,26037000.0,1737000.0,14981000.0,48077000.0,5368000.0,6482000.0,14455000.0,32455000.0,60904000.0,1375000.0,5081000.0,1187000.0,188000.0,105000.0,BMX,2025
76336000.0,25439000.0,909000.0,17137000.0,47326000.0,8710000.0,5243000.0,14619000.0,33180000.0,52851000.0,1284000.0,4647000.0,978000.0,306000.0,535000.0,BMX,2024
73783000.0,22833000.0,1503000.0,10438000.0,46974000.0,3550000.0,8608000.0,12861000.0,32845000.0,46786000.0,796000.0,3284000.0,609000.0,187000.0,586000.0,BMX,2023
74421000.0,36225000.0,12907000.0,10976000.0,52456000.0,1305000.0,3861000.0,5828000.0,34176000.0,143867000.0,36344000.0,38364000.0,475000.0,35869000.0,28885000.0,BMX,2022
,,,,,,,,,,,,,,,BMX,2021
31910000.0,28637000.0,9120000.0,7642000.0,22607000.0,0.0,0.0,1086000.0,13636000.0,56807000.0,5688000.0,6500000.0,34000.0,5654000.0,5221000.0,QNT,2025
,,,,,,,,,,,,,,,QNT,2024
25863000.0,22645000.0,7256000.0,6916000.0,17934000.0,0.0,0.0,680000.0,8436000.0,51100000.0,2834000.0,3645000.0,6000.0,2828000.0,2778000.0,QNT,2023
26793000.0,22637000.0,8281000.0,8805000.0,16546000.0,337000.0,0.0,1894000.0,6687000.0,45296000.0,2497000.0,3281000.0,14000.0,2483000.0,2131000.0,QNT,2022
26928000.0,21936000.0,9331000.0,5341000.0,18873000.0,298000.0,149000.0,3032000.0,8266000.0,38902000.0,3583000.0,4311000.0,33000.0,3550000.0,3019000.0,QNT,2021
15120233.34,8936730.1,1619978.98,6991721.52,8124031.95,0.0,0.0,0.0,-23834385.46,846367.29,-4351332.77,-3400243.42,247491.37,-4598824.14,-4598824.14,NST,2025
11209094.6,4102881.53,270644.48,7950324.92,3080549.15,939177.6,0.0,1056873.1,-24727880.28,969196.77,-5163818.86,-4117859.52,216269.69,-5380088.55,-5380088.55,NST,2024
12673082.52,4611464.52,101246.3,5639351.58,5362438.3,0.0,784949.86,936476.69,-25981540.47,1548081.22,-6356770.06,-5802758.5,413364.49,-6770134.55,-6770134.55,NST,2023
14161131.18,13169702.56,769961.26,5391555.59,3325730.12,0.0,0.0,259966.19,-24179932.74,1867048.04,-4647096.78,-4267064.45,306111.21,-4953207.99,-4953207.99,NST,2022
,,,,,,,,,,,,,,,NST,2021
12889704.12,10746495.83,4499808.44,1295202.1,11594312.01,0.0,0.0,0.0,4568758.43,28848437.46,5736449.74,6414100.84,95439.96,5641009.78,4568758.43,BSH,2025
7949945.0,5212291.2,941271.67,913454.41,7025553.58,36699.2,0.0,36699.2,2362202.79,20477595.59,3832584.64,4293328.53,13507.75,3819076.89,3106203.01,BSH,2024
5092267.89,2564886.41,102015.66,1167777.46,3919350.57,442288.99,0.0,442288.99,-744000.22,7356069.66,619787.02,789936.71,4228.65,615558.37,555441.15,BSH,2023
3863747.84,1750531.72,1416391.21,494717.3,3363909.42,47361.68,0.0,47361.68,-1299441.37,3800960.56,-1012843.74,-774684.06,23747.24,-1036590.98,-940083.38,BSH,2022
,,,,,,,,,,,,,,,BSH,2021
3493077.77,3188722.77,442902.12,2121662.51,511168.28,0.0,860246.98,860246.98,-1601048.3,5972997.78,-102031.01,-101545.42,42325.99,-144357.0,-100523.0,SOK,2025
1724826.37,1463819.78,796122.28,1113135.09,611691.28,688201.02,0.0,688201.02,-1500525.3,5105321.92,81994.35,103925.82,31831.75,50162.6,310683.6,SOK,2024
3437884.65,3427571.64,346111.68,1136876.97,301007.68,0.0,0.0,0.0,-1811208.9,1581169.44,-1474781.4,-1463002.73,43594.25,-1518375.65,-1518375.65,SOK,2023
3296396.57,3252304.89,314411.77,1477013.24,1819383.33,530000.0,0.0,530000.0,-292833.25,2577024.39,20568.53,32347.2,23362.22,-2793.69,-2793.69,SOK,2022
,,,,,,,,,,,,,,,SOK,2021
382708000.0,236662000.0,57549000.0,55011000.0,282682000.0,9189000.0,14457000.0,33362000.0,313001000.0,181159000.0,-8626000.0,4006000.0,4109000.0,-12735000.0,221671000.0,MCR,2026
404905000.0,206330000.0,18203000.0,93314000.0,216354000.0,6856000.0,79223000.0,101041000.0,112647000.0,163719000.0,5124000.0,14915000.0,943000.0,4181000.0,16148000.0,MCR,2025
409556000.0,210029000.0,13904000.0,106964000.0,225393000.0,8774000.0,60535000.0,87718000.0,118286000.0,539603000.0,60576000.0,79342000.0,5998000.0,54578000.0,49316000.0,MCR,2024
424740000.0,222426000.0,17314000.0,124158000.0,212226000.0,10252000.0,67762000.0,95322000.0,92393000.0,628358000.0,68239000.0,87112000.0,7800000.0,60439000.0,41695000.0,MCR,2023
,,,,,,,,,,,,,,,MCR,2022
16525733.55,11611340.73,6100906.83,2294327.45,14117223.1,,,,3399550.14,29121871.89,4078199.74,4835434.55,2704.41,4075495.33,3399550.14,GEN,2025
12397586.3,9193110.38,5242878.33,1560612.09,10717672.96,,,,1105239.1,23006872.66,1213341.26,1957448.16,259.9,1213081.36,1105239.1,GEN,2024
12120552.16,9424296.05,5262225.8,1973112.39,10060933.86,,,,926246.76,22481677.46,1053761.8,1672394.8,1984.01,1051777.79,926246.76,GEN,2023
10376037.61,7258704.52,3489321.85,1200797.03,9134687.1,,0.0,0.0,337956.81,20459464.79,372223.9,1094342.56,3332.21,368891.69,337956.81,GEN,2022
,,,,,,0.0,0.0,,,,,,,,GEN,2021
16385230.83,14429323.92,389410.8,7017475.88,9009260.72,3302721.81,0.0,3302721.81,2829955.67,35343152.27,3717116.49,4034714.84,177533.82,3539582.67,2829955.67,7FT,2025
12527063.6,11331464.51,668868.92,5712897.12,6376480.05,2611360.16,0.0,2611360.16,1069290.63,27082228.0,1514156.33,1755189.44,189701.2,1324455.13,1044582.13,7FT,2024
9697837.53,8783201.87,310828.68,3744113.83,5558139.42,1185627.06,0.0,1185627.06,1772565.12,23619351.74,2404508.85,2532676.2,164250.73,2240258.12,1772565.12,7FT,2023
8890723.72,8002623.24,39984.22,4680857.54,3928974.3,1787940.13,54322.0,1842262.13,737439.56,19860014.93,1102684.9,1227459.23,141887.34,960797.56,737439.56,7FT,2022
,,,,,,,,,,,,,,,7FT,2021
42543822.68,12628711.79,4979015.98,8888257.86,33655564.82,3729460.11,0.0,3729460.11,7740385.11,57142546.18,9143303.09,10169718.37,149532.98,8993770.11,7740385.11,TLS,2025
30263739.96,9848063.64,2498064.82,4348560.25,25915179.71,798351.34,0.0,798351.34,8273749.98,54173446.51,9886546.78,10877227.42,6793.8,9879752.98,8273749.98,TLS,2024
31105031.67,20080093.9,12484730.17,11913601.94,19191429.73,0.0,0.0,0.0,6125840.08,51887323.61,7720602.92,8870201.11,18858.85,7701744.07,6130033.07,TLS,2023
45188308.64,15593400.05,6253697.78,12392853.77,32756447.47,0.0,0.0,0.0,4376249.67,50802292.44,6432598.01,7622470.47,12407.58,6420190.43,4337224.43,TLS,2022
,,,,,,,,,,,,,,,TLS,2021
122483799.36,44890341.15,13312395.5,13299853.77,101998148.17,,,,-8144791.2,80740706.18,-5962267.14,1349377.4,473980.85,-6436247.99,-8144791.2,LBT,2025
136308774.62,54422980.59,22716273.97,17259424.76,114037964.62,,,,17391562.71,109028681.81,19476573.95,28312302.0,558314.81,18918259.14,17391562.71,LBT,2024
160691733.85,39129877.99,867969.43,56529373.75,96646401.91,0.0,,9328000.0,-3985115.66,150548793.28,39973779.39,50172271.21,8298046.9,31675732.49,31346215.53,LBT,2023
244586000.0,60013000.0,1200000.0,98680000.0,117301000.0,0.0,,27594000.0,-27867000.0,257049000.0,-2995000.0,18903000.0,7127000.0,-10122000.0,-9990000.0,LBT,2022
,,,,,59230000.0,,94098000.0,,,,,,,,LBT,2021
39463625.35,26064035.47,316044.76,7634597.57,28291396.8,1489301.93,0.0,1489301.93,357283.38,36290678.69,520127.31,2024256.35,130173.93,389953.38,357283.38,SUN,2025
37655147.96,30416130.77,639931.18,5139731.87,28412313.42,801043.24,0.0,801043.24,3101343.09,44189100.03,3247550.59,4612409.57,15769.5,3231781.09,3101343.09,SUN,2024
35554393.03,28257230.75,2130528.13,4836296.51,25948570.33,0.0,0.0,0.0,6308626.95,41475229.63,7049119.84,7435789.97,10395.89,7038723.95,6308626.95,SUN,2023
29394341.09,24606692.86,7544544.52,4709306.52,20118143.38,0.0,0.0,0.0,8166988.93,31521023.03,9151125.85,9384781.4,30184.92,9120940.93,8166988.93,SUN,2022
,,,,,,,,,,,,,,,SUN,2021
51624533.82,35390728.97,3890077.25,36848074.82,12571316.78,6689.54,0.0,1687444.82,-3353505.44,79344062.83,-4346268.51,-2500729.83,280750.84,-4627019.35,-3353505.44,RSP,2025
48774827.84,31647241.76,1310304.62,29792915.67,15924822.22,4608.79,0.0,4608.79,-5801344.63,90719693.28,-5095677.68,-3600889.15,636001.16,-5731678.84,-5820467.84,RSP,2024
47860377.72,31880183.96,3898648.56,22321029.83,22569023.59,0.0,0.0,0.0,2767800.05,97486697.85,3920645.44,4798231.61,54305.19,3866340.25,3032765.25,RSP,2023
32859717.26,26806448.51,1488862.05,12287244.32,20567456.94,454.83,0.0,454.83,6019123.9,53731799.71,7676373.98,7925887.43,151942.08,7524431.9,6019123.9,RSP,2022
,,,,,,,,,,,,,,,RSP,2021
75436324.67,289434.93,102968.85,12757098.38,62450085.82,12365775.6,229140.46,12594916.06,52561133.84,441635.09,14379133.44,14511601.24,610202.18,13768931.26,11389172.07,LRQ,2025
64178534.89,903851.98,437086.8,6223120.34,51060913.75,5674041.66,6894416.02,12568457.68,41171961.77,418380.0,-1705802.11,-1573334.31,631441.32,-2337243.43,-6074356.19,LRQ,2024
63842746.46,1196170.6,265750.73,9836289.35,54005794.07,5538270.93,0.0,5538270.93,47246317.97,380629.86,16566692.91,16699339.41,231652.13,16335040.78,12657062.17,LRQ,2023
51465182.02,2858357.62,1982744.19,10467742.8,40991173.25,5780966.84,0.0,5780966.84,34589255.8,309652.0,-5040234.56,-4904262.65,246131.25,-5286365.81,-5083496.55,LRQ,2022
,,,,,,,,,,,,,,,LRQ,2021
4713111.62,1818219.45,1179576.75,537637.47,4175474.15,0.0,0.0,0.0,-2650053.79,128520.32,-378495.94,-325047.23,94405.82,-472901.76,-472901.76,BHX,2025
2742766.98,297286.88,45100.38,1530357.04,1212409.94,0.0,0.0,0.0,-2113118.5,202014.66,109111.99,109111.99,60537.7,48574.29,36850.29,BHX,2024
2608632.95,163152.85,83207.72,1257940.04,1350692.91,0.0,0.0,0.0,-1974835.53,114300.0,52147.79,52147.79,328.6,51819.19,45232.19,BHX,2023
2519489.16,64769.06,33372.76,1214028.44,1305460.72,0.0,0.0,0.0,-2020067.72,65533.24,629687.3,629687.3,48.0,629639.3,628114.3,BHX,2022
,,,,,,,,,,,,,,,BHX,2021
39944556.58,2370466.78,107681.61,2143647.05,37800909.53,224288.72,0.0,224288.72,-6729419.39,3697455.49,-829694.68,2085646.23,95716.82,-925411.5,-925411.5,SNN,2025
41530656.41,1066252.01,142671.12,2806005.62,38724650.79,1731462.98,0.0,1731462.98,-5804007.89,476570.77,-3852748.61,-955736.24,146333.64,-3999082.25,-3999082.25,SNN,2024
187931.99,162931.99,7797.9,154353.99,33578.0,101052.05,0.0,101052.05,-1136750.92,667400.0,-1128638.86,-1060838.94,8112.06,-1136750.92,-1136750.92,SNN,2023
1284387.97,1271887.97,1021397.27,88926.2,1195461.77,0.0,0.0,0.0,337208.26,685970.33,484690.97,484690.97,18617.27,466073.7,421879.7,SNN,2022
,,,,,,,,,,,,,,,SNN,2021
58164144.37,22421151.95,1443603.29,17491320.66,29653895.58,4489398.25,0.0,4489398.25,-15820152.9,9812972.96,1642702.41,5688544.15,700646.2,942056.21,404258.21,SYG,2025
83478244.88,18307200.07,151460.02,16149057.54,36449663.54,4803805.41,4803839.59,4803805.41,-16224411.11,7649799.04,-10196070.02,-2318336.56,786503.33,-10982573.35,-11291548.35,SYG,2024
82539168.2,23712664.23,345533.47,14403254.67,40202021.97,2861088.45,9632.7,2870721.15,-1849711.55,15748756.0,-7010343.73,-5746627.7,774649.16,-7784992.89,-7658282.92,SYG,2023
77714095.67,25815313.86,595055.07,36023623.03,33932546.29,2857551.1,66813.82,2924364.92,124572.17,23638404.36,-864189.17,271773.27,1166381.57,-2030570.74,-2244289.84,SYG,2022
,,,,,,,,,,,,,,,SYG,2021
64906000.0,37671000.0,1945000.0,36125000.0,23330000.0,14828000.0,0.0,23386000.0,-2686000.0,83799000.0,-5985000.0,339000.0,2585000.0,-8570000.0,-10239000.0,PRT,2024
82802000.0,48632000.0,2511000.0,39409000.0,33980000.0,14860000.0,336000.0,27540000.0,7553000.0,99814000.0,-2817000.0,3931000.0,2400000.0,-5217000.0,-6856000.0,PRT,2023
98958000.0,56609000.0,2369000.0,42528000.0,43675000.0,15791000.0,0.0,31604000.0,15488000.0,100361000.0,3125000.0,9626000.0,1871000.0,1254000.0,-1228000.0,PRT,2022
93560000.0,56123000.0,2050000.0,36883000.0,44698000.0,11161000.0,1098000.0,27390000.0,17631000.0,93760000.0,3886000.0,10005000.0,1117000.0,2769000.0,682000.0,PRT,2021
9264000.0,7209000.0,314000.0,4053000.0,4865000.0,1380000.0,,1380000.0,-241630000.0,11931000.0,-4554000.0,-4098000.0,215000.0,-4769000.0,-4793000.0,ONO,2025
12837000.0,10431000.0,3366000.0,2997000.0,9659000.0,0.0,,0.0,-236836000.0,10693000.0,-5382000.0,-4929000.0,204000.0,-5586000.0,-5797000.0,ONO,2024
19736000.0,17223000.0,10350000.0,3807000.0,15456000.0,7000.0,,7000.0,-231039000.0,12172000.0,-6171000.0,-5709000.0,200000.0,-6371000.0,-6362000.0,ONO,2023
25735000.0,24152000.0,19028000.0,3833000.0,21818000.0,42000.0,11000.0,42000.0,-224677000.0,12124000.0,-3230000.0,-2581000.0,815000.0,-4045000.0,-3929000.0,ONO,2022
,,,,,,0.0,,,,,,,,,ONO,2021
10921000.0,9025000.0,356000.0,981000.0,9648000.0,,,366000.0,-4031000.0,1577000.0,-2724000.0,-2600000.0,20000.0,-2744000.0,-2769000.0,PHR,2025
24950000.0,23225000.0,22175000.0,1663000.0,23153000.0,,,181000.0,-32533000.0,1251000.0,-11588000.0,-11279000.0,371000.0,-11959000.0,-15866000.0,PHR,2023
12579000.0,9970000.0,1592000.0,16970000.0,-6490000.0,,,510000.0,-51927000.0,19022000.0,-690000.0,-129000.0,722000.0,-1412000.0,-1570000.0,PHR,2022
11151000.0,8198000.0,1460000.0,11578000.0,-4865000.0,,,782000.0,-50357000.0,15213000.0,-4192000.0,-3566000.0,265000.0,-4457000.0,-4592000.0,PHR,2021
156549000.0,68805000.0,8822000.0,58725000.0,89452000.0,19032000.0,2487000.0,23402000.0,-20274000.0,332210000.0,-15869000.0,2379000.0,2238000.0,-18107000.0,-20274000.0,KPD,2025
184347000.0,74851000.0,6011000.0,63904000.0,109726000.0,24148000.0,4499000.0,30789000.0,-44214000.0,326463000.0,-40554000.0,-20525000.0,2270000.0,-42824000.0,-44214000.0,KPD,2024
227736000.0,100184000.0,10549000.0,60595000.0,153940000.0,18416000.0,5964000.0,25688000.0,-18087000.0,356000000.0,-20909000.0,-1618000.0,1080000.0,-21989000.0,-18087000.0,KPD,2023
238007000.0,112904000.0,20926000.0,49115000.0,178516000.0,2984000.0,1883000.0,6125000.0,52686000.0,474016000.0,66049000.0,83474000.0,621000.0,65428000.0,52686000.0,KPD,2022
,,,,,,,,,,,,,,,KPD,2021
86052000.0,72317000.0,9597000.0,41699000.0,42365000.0,4887000.0,0.0,7352000.0,3476000.0,149649000.0,5661000.0,7839000.0,415000.0,5246000.0,3804000.0,JWW,2025
80962000.0,63996000.0,11207000.0,38901000.0,39885000.0,143000.0,0.0,3524000.0,3476000.0,135954000.0,5866000.0,7963000.0,271000.0,5595000.0,5083000.0,JWW,2024
87987000.0,77210000.0,16946000.0,48571000.0,36926000.0,143000.0,,3741000.0,3476000.0,132393000.0,7863000.0,9718000.0,201000.0,7662000.0,6624000.0,JWW,2023
46586000.0,41077000.0,7664000.0,14494000.0,30997000.0,143000.0,,2256000.0,3476000.0,84707000.0,5400000.0,6508000.0,73000.0,5327000.0,3542000.0,JWW,2022
,,,,,,,,,,,,,,,JWW,2021
252354000.0,110811900.0,728400.0,74637400.0,72634500.0,,81772200.0,96157500.0,5349000.0,254346800.0,16058800.0,22736800.0,6298500.0,9760300.0,7287500.0,HRP,2025
251615500.0,103929800.0,657800.0,80324600.0,65347000.0,0.0,77968700.0,90021500.0,1214700.0,228855900.0,12203900.0,19537700.0,6975300.0,5228600.0,3153200.0,HRP,2024
280305700.0,116096900.0,524000.0,122526800.0,57431400.0,19800200.0,69687900.0,98967000.0,-12021700.0,260331800.0,-6866600.0,3019800.0,3370400.0,-10237000.0,-10083200.0,HRP,2022
114295000.0,70075000.0,5953000.0,7093000.0,101460000.0,269000.0,,1432000.0,-14621000.0,20936000.0,7781000.0,11369000.0,1958000.0,5823000.0,4057000.0,06N,2025
109215000.0,64620000.0,6308000.0,6758000.0,97403000.0,254000.0,,1510000.0,-17133000.0,19152000.0,5120000.0,8992000.0,273000.0,4847000.0,3784000.0,06N,2024
100267000.0,78036000.0,25092000.0,2868000.0,93625000.0,,,1247000.0,32746000.0,7103000.0,84533000.0,85451000.0,116000.0,84417000.0,68526000.0,06N,2023
33432000.0,16073000.0,2165000.0,5041000.0,25099000.0,,,1367000.0,-40282000.0,6284000.0,-1367000.0,-543000.0,228000.0,-1595000.0,-585000.0,06N,2022
,,,,,2738000.0,,,,,,,,,,06N,2021
6815084.79,6604513.91,1579165.47,2192384.86,4622637.58,135.82,0.0,135.82,-415944.95,10494637.17,-399992.52,-304672.93,707.43,-400699.95,-415944.95,OUT,2025
6140109.6,5977506.67,381900.91,2593409.07,3543967.53,0.0,0.0,0.0,-500400.96,11574407.21,-490467.98,-453847.61,9009.98,-499477.96,-500400.96,OUT,2024
4211192.94,4162935.64,84515.19,2099324.45,2111868.49,126511.57,0.0,126511.57,131812.31,13812838.57,228009.25,269686.97,59455.94,168553.31,131812.31,OUT,2023
4465411.82,4375476.8,30316.78,2485355.64,1980056.18,191314.72,0.0,191314.72,-161339.2,10364387.73,-104741.75,-30064.04,56597.45,-161339.2,-161339.2,OUT,2022
,,,,,,,,,,,,,,,OUT,2021
40355114.0,17879706.0,5065026.0,22927511.0,15160669.0,1188323.0,1000000.0,3359603.0,872103.0,66504802.0,593270.0,3285421.0,156917.0,436353.0,49254.0,DTR,2025
31980786.0,16878536.0,3647791.0,15673919.0,14984315.0,3062279.0,0.0,3874137.0,822849.0,77819171.0,-4419260.0,-611890.0,226998.0,-4646258.0,-4857520.0,DTR,2024
39776320.0,19341878.0,2555078.0,17365795.0,19914696.0,1870668.0,,2696782.0,5680369.0,89545649.0,-340815.0,3027793.0,237366.0,-578181.0,-816768.0,DTR,2023
42650176.0,20857889.0,4234002.0,18242631.0,21178312.0,1259575.0,0.0,3189494.0,6497137.0,79872400.0,645508.0,3576896.0,266058.0,379450.0,195819.0,DTR,2022
,,,,,,140444.0,,,,,,,,,DTR,2021
15665306.82,11330946.31,6004582.29,3013436.96,10375799.82,88008.0,721132.0,809140.0,1759345.82,32928155.22,2567221.98,3079089.99,198677.16,2368544.82,1803447.82,BAC,2025
14291692.75,10899630.19,4643287.27,3286247.49,9381398.6,52260.0,370734.0,422994.0,1649067.0,28146715.59,2348322.92,2684252.67,102138.07,2246184.85,1695253.85,BAC,2024
13955224.16,11984043.64,5988788.48,4953868.05,8366010.32,41619.0,26676.0,68295.0,1555011.44,16144504.91,2074502.47,2184233.97,52377.03,2022125.44,1555011.44,BAC,2023
6486785.19,5373292.41,597835.28,3125552.01,3277456.82,632616.76,64734.0,697350.76,1113869.87,13975151.31,1510948.26,1550178.5,71004.39,1439943.87,1113869.87,BAC,2022
,,,,,,,,,,,,,,,BAC,2021
68514000.0,25056000.0,1823000.0,14024000.0,40662000.0,1184000.0,2398000.0,5348000.0,19393000.0,74463000.0,562000.0,5079000.0,537000.0,25000.0,-67000.0,ERG,2025
69714000.0,23916000.0,415000.0,14266000.0,40755000.0,3296000.0,3386000.0,7735000.0,19486000.0,73660000.0,-803000.0,3846000.0,725000.0,-1528000.0,-653000.0,ERG,2024
74356000.0,23738000.0,1836000.0,16020000.0,41412000.0,1622000.0,4346000.0,7185000.0,20143000.0,94272000.0,3935000.0,8680000.0,712000.0,3223000.0,3199000.0,ERG,2023
81077000.0,26509000.0,654000.0,22064000.0,40490000.0,5074000.0,5300000.0,11484000.0,17001000.0,119298000.0,5364000.0,9379000.0,1475000.0,3889000.0,3151000.0,ERG,2022
,,,,,,,,,,,,,,,ERG,2021
18047500.0,4769180.0,3487760.0,4012640.0,4631090.0,0.0,8826280.0,8877250.0,-4496290.0,9168470.0,-4038370.0,-2060630.0,443910.0,-4482280.0,-4496290.0,VVD,2025
14771140.0,2578400.0,376290.0,4473930.0,9127370.0,0.0,0.0,59120.0,-908120.0,13780030.0,-676240.0,1959820.0,205270.0,-881510.0,-908120.0,VVD,2024
13907280.0,3306200.0,682100.0,7471920.0,4804240.0,2650000.0,0.0,2700670.0,-2521190.0,20973630.0,-2235110.0,1162360.0,280730.0,-2515840.0,-2521190.0,VVD,2023
19346060.0,6562880.0,1687410.0,8128590.0,7313800.0,2505510.0,0.0,2729900.0,690470.0,37378680.0,1187220.0,5059830.0,489710.0,697510.0,690470.0,VVD,2022
2660451.76,2660451.76,1350730.45,1440168.69,1220283.07,885219.8,0.0,885219.8,-442303.98,0.0,-416424.1,-416424.1,25879.88,-442303.98,-442303.98,RCA,2025
3083286.54,3083286.54,1245830.54,1420699.49,1662587.05,859451.09,0.0,859451.09,-234336.03,1190.0,-208078.28,-205269.01,26257.75,-234336.03,-234336.03,RCA,2024
3364351.31,2686497.2,1910111.04,1336678.33,1896923.08,702657.44,130749.9,833407.34,-457558.43,0.0,-431130.15,-408962.34,26428.28,-457558.43,-457558.43,RCA,2023
3611547.39,3582405.14,2758255.15,449980.81,2354481.51,0.0,807085.07,807085.07,-668489.03,1536.0,-642503.81,-607682.69,25985.22,-668489.03,-668489.03,RCA,2022
,,,,,,,,,,,,,,,RCA,2021
22302089.86,21230671.36,5378291.0,3808629.24,16676308.86,,,,2820476.76,11891338.65,3070609.04,3326928.97,109.28,3070499.76,2820476.76,FRW,2025
21674822.98,20684508.93,7423996.35,775743.13,17701745.85,,,,4858064.14,13459547.32,5090909.92,5434106.26,0.78,5090909.14,4858064.14,FRW,2024
17879326.65,17032033.15,8398860.77,664782.38,16373492.96,,,,9626071.48,16110475.75,10530930.86,10725986.69,3507.38,10527423.48,9626071.48,FRW,2023
10647961.06,10181076.68,4570134.55,424835.2,9908446.48,,,,6830996.24,10281236.85,7323670.57,7461090.73,440.33,7323230.24,6830996.24,FRW,2022
,,,,,0.8,,0.8,,,,,,,,FRW,2021
251150434.41,14677231.24,7334710.47,11265289.26,171950085.85,2531143.66,10993691.48,13524835.14,351093.5,52595329.73,3439182.55,11619685.29,626840.05,2812342.5,351093.5,WOD,2025
250362464.95,16288981.22,9634355.77,11031381.58,171598992.35,2571723.12,12584934.77,15156657.89,603885.86,49515637.08,1857333.87,10250059.42,691401.01,1165932.86,633378.86,WOD,2024
250412741.5,14330321.56,8154303.32,10186815.26,170995106.49,2804271.78,13460488.91,16264760.69,-1190986.28,42903353.75,363159.97,8545896.26,709563.25,-346403.28,-1190986.28,WOD,2023
249869001.4,12606256.97,6759685.6,9404444.06,172186092.77,2064085.72,12284975.97,14349061.69,286313.33,39785459.42,1896441.77,8749651.16,532917.44,1363524.33,286313.33,WOD,2022
,,,,,,,,,,,,,,,WOD,2021
4599950.23,4599950.23,24225.24,2063123.17,2536827.06,0.0,0.0,0.0,-14516390.37,3600.0,-277139.91,-277139.91,171713.06,-448852.97,-448852.97,GMZ,2025
4617527.94,4617527.94,45339.95,1631847.91,2985680.03,0.0,0.0,0.0,-14067537.4,18300.0,-328127.75,-328127.75,131722.31,-459850.06,-459850.06,GMZ,2024
4596928.27,4596928.27,21410.28,1151398.18,3445530.09,18000.0,0.0,18000.0,-13607687.34,2400.0,-396108.55,-396108.55,92316.85,-488425.4,-488425.4,GMZ,2023
4732758.29,4732758.29,84097.87,798802.8,3933955.49,18000.0,0.0,18000.0,-13119261.94,2420.0,-1042978.51,-1042978.51,16737.83,-1059716.34,-1059716.34,GMZ,2022
,,,,,,,,,,,,,,,GMZ,2021
114981000.0,19543000.0,9225000.0,55405000.0,41910000.0,23437000.0,0.0,26011000.0,-81883000.0,62400000.0,-6170000.0,-2504000.0,2819000.0,-8989000.0,-7251000.0,ENI,2024
142632000.0,48797000.0,4207000.0,64879000.0,47103000.0,21488000.0,11987000.0,36533000.0,-74632000.0,109967000.0,113000.0,5029000.0,2883000.0,-2770000.0,-2345000.0,ENI,2023
125081000.0,34129000.0,7737000.0,52167000.0,42985000.0,14982000.0,10379000.0,29276000.0,-72287000.0,75178000.0,-27778000.0,-21172000.0,2496000.0,-30274000.0,-29030000.0,ENI,2022
149244000.0,54367000.0,5793000.0,57491000.0,67420000.0,19485000.0,440000.0,24893000.0,-45918000.0,107696000.0,-13383000.0,-8899000.0,455000.0,-13838000.0,-13926000.0,ENI,2021
68200459.91,60081657.27,1496191.15,21145538.14,25537076.5,9861986.77,16476356.36,27548509.85,12928331.07,30058781.88,2325785.12,4297555.55,1829833.06,495952.06,-10245.89,DBE,2025
70810343.89,62099851.6,1824257.43,19595263.01,25543232.45,7513771.92,19946272.75,28763726.6,12938576.96,45071292.29,-6509474.35,-4547178.51,1861602.28,-8371076.63,-6995111.31,DBE,2024
99269972.16,89945690.64,12936823.33,35486062.26,32519277.9,6537417.94,23154109.65,31368584.63,19933688.27,55367107.29,5945689.95,6725492.59,2249668.89,3696021.06,2990208.28,DBE,2023
83325878.75,74114453.69,7669409.07,24432174.58,20206162.86,1762627.16,31124313.13,35009213.96,16922261.29,79345384.42,11782199.94,12539361.03,1545356.62,10236843.32,8234231.29,DBE,2022
6299145.85,3669206.89,118249.51,4560967.67,274654.8,2688023.85,1437088.35,4125112.2,-5072923.54,18399591.1,-3258292.81,-1993003.83,472097.91,-3730390.72,-3840464.11,KLN,2025
18852665.75,8184764.79,653968.29,9082206.72,4144993.16,4044070.34,5468434.22,9512504.56,-4118975.41,23388923.59,-3440892.66,-1683996.89,662529.84,-4103422.5,-3925981.28,KLN,2024
20864898.87,9855344.43,194077.25,5809324.61,8070974.44,1818316.61,6422074.52,8240391.13,-288305.75,24336548.73,604206.21,2651096.51,539816.32,64389.89,-95311.62,KLN,2023
18801451.54,9181832.08,567623.01,4496263.82,8166286.06,1953849.51,5748924.84,7702774.35,277436.82,28344399.11,558555.54,2531230.16,200818.3,357737.24,277436.82,KLN,2022
,,,,,,,,,,,,,,,KLN,2021
12283000.0,1195000.0,127000.0,16877000.0,-8499000.0,12782000.0,0.0,12872000.0,-52977000.0,4000.0,3392000.0,3476000.0,1646000.0,1746000.0,1746000.0,AWM,2025
3816000.0,3280000.0,2114000.0,18134000.0,-24319000.0,15121000.0,6609000.0,21895000.0,-54723000.0,12000.0,-11007000.0,-10925000.0,728000.0,-11735000.0,-11735000.0,AWM,2024
7361000.0,6462000.0,655000.0,17236000.0,-13207000.0,14483000.0,0.0,14483000.0,-42988000.0,12000.0,-1230000.0,-1230000.0,2046000.0,-3276000.0,-3276000.0,AWM,2023
6213000.0,5672000.0,1000.0,12354000.0,-15162000.0,7794000.0,6800000.0,14594000.0,-39712000.0,95000.0,-35995000.0,-35995000.0,1377000.0,-37372000.0,-37914000.0,AWM,2022
,,,,,,,,,,,,,,,AWM,2021
27379975.51,20781989.69,14825510.78,5047782.96,20384898.86,0.0,0.0,350730.66,3341712.7,32849752.26,4609873.11,5224303.6,111825.6,4498047.51,3556040.51,APS,2025
30621256.76,23108421.91,8695274.79,9733939.84,18884595.45,0.0,0.0,256498.91,7562885.91,48107552.59,6692787.73,7231977.35,75852.0,6616935.73,7805953.73,APS,2024
24761529.49,17750033.44,7669254.3,10283131.76,12710631.7,0.0,0.0,309393.05,3740178.39,40380951.09,4248736.81,4879270.06,104335.38,4144401.43,3382350.43,APS,2023
24293230.35,17210384.05,7835269.46,10914591.17,11384018.37,160775.08,0.0,556171.34,2235769.97,33572950.55,2594374.2,2941763.6,35737.66,2558636.54,2135665.54,APS,2022
,,,,,,,,,,,,,,,APS,2021
40560012.48,3182839.14,14348.36,3364751.72,34451982.1,626950.76,0.0,626950.76,-13529196.26,5052341.93,2221895.41,3104980.66,147526.87,2074368.54,2151882.54,VEE,2025
35987686.41,1404737.23,221026.12,11298473.41,19890137.06,0.0,0.0,0.0,-15681078.8,3953891.47,-1331061.47,-19445.4,195124.49,-1526185.96,-3247543.96,VEE,2024
34954496.89,16079138.59,494718.08,1326547.85,23137681.02,0.0,0.0,0.0,-12433534.84,2875593.16,-1617931.03,-311844.08,251204.91,-1869135.94,-1680957.94,VEE,2023
31994849.98,2139825.83,259966.68,3791688.52,24818638.96,0.0,0.0,0.0,-10752576.9,2861985.54,-5518991.81,-3411836.8,191682.22,-5710674.03,-5501251.03,VEE,2022
,,,,,,,,,,,,,,,VEE,2021
21895713.53,7828079.29,,9569121.72,134121.74,,,,-83591063.12,23373003.91,-7964593.36,-7846816.29,37090.74,-8001684.1,-8025619.1,RCW,2025
25126196.25,11270837.44,3968752.11,11947532.57,-1407231.04,895112.08,0.0,895112.08,-75565444.02,30424033.38,-1685019.52,-1625272.23,27672.48,-1712692.0,-1712692.0,RCW,2024
22732737.59,9352628.17,3149691.88,10990015.15,-2685524.47,871427.15,0.0,871427.15,-73390237.45,14600303.55,-581037.46,-560284.29,1320241.02,-1901278.48,-1872024.48,RCW,2023
19865333.83,6556049.75,541573.19,12939640.64,-7578414.11,3128471.22,0.0,3128471.22,-71518212.97,9843048.72,-71861.99,-49686.08,405194.29,-477056.28,-587324.28,RCW,2022
215312000.0,11158000.0,4637000.0,28455000.0,140707000.0,8725000.0,30342000.0,39067000.0,135712000.0,40117000.0,27862000.0,28348000.0,3073000.0,24789000.0,18340000.0,EFK,2025
204322000.0,23507000.0,9631000.0,32218000.0,121650000.0,7476000.0,36811000.0,44287000.0,116655000.0,48432000.0,11804000.0,12252000.0,3158000.0,8646000.0,6207000.0,EFK,2024
207328000.0,29673000.0,14456000.0,29278000.0,115940000.0,14487000.0,49069000.0,63556000.0,110945000.0,59215000.0,52592000.0,52940000.0,4069000.0,48523000.0,39922000.0,EFK,2023
162641000.0,32681000.0,13476000.0,38374000.0,76020000.0,18807000.0,42167000.0,60974000.0,71025000.0,34662000.0,-5560000.0,-4714000.0,1956000.0,-7516000.0,-7054000.0,EFK,2022
,,,,,,,,,,,,,,,EFK,2021
121446000.0,63802000.0,4588000.0,67236000.0,25351000.0,5234000.0,,30939000.0,19049000.0,133351000.0,-10969000.0,-4046000.0,2256000.0,-13225000.0,-14657000.0,PRM,2025
122925000.0,56809000.0,7834000.0,48678000.0,40005000.0,648000.0,,28490000.0,33727000.0,139721000.0,-21653000.0,-15041000.0,2481000.0,-24134000.0,-25746000.0,PRM,2024
159523000.0,85755000.0,14173000.0,59678000.0,64643000.0,2552000.0,,31246000.0,59254000.0,280655000.0,-27845000.0,-21269000.0,2600000.0,-30445000.0,-24483000.0,PRM,2023
205395000.0,143627000.0,36880000.0,72525000.0,90060000.0,1624000.0,0.0,32988000.0,84691000.0,221822000.0,3175000.0,9871000.0,1997000.0,1178000.0,23000.0,PRM,2022
,,,,,,300000.0,,,,,,,,,PRM,2021
38493.36,38493.36,1517.5,641440.65,-603033.29,493700.95,,493700.95,-75254141.84,0.0,-286052.92,-286052.92,26943.44,-312996.36,-312996.36,HPE,2025
26663348.81,294415.72,27071.42,480758.47,26114685.44,70406.74,0.0,70406.74,-48468604.21,0.0,-26707992.35,-26707992.35,38289.5,-26746281.85,-26950810.85,HPE,2024
688111.46,413158.31,24708.33,1569594.71,-881483.25,1125946.66,,1125946.66,-47990334.63,0.0,-13515284.78,-13515284.78,23410.79,-13538695.57,-13552232.57,HPE,2023
14314590.68,1384025.94,80245.4,1502082.36,12670749.32,754486.52,,754486.52,-34438102.06,0.0,-29986791.21,-29986791.21,374.8,-29987166.01,-29848615.01,HPE,2022
,,,,,,159464.2,,,,,,,,,HPE,2021
177330000.0,127251000.0,25261000.0,98743000.0,64379000.0,31035000.0,0.0,34113000.0,-10761000.0,177017000.0,-9629000.0,-5713000.0,2073000.0,-11702000.0,-10761000.0,RMK,2025
173695000.0,125266000.0,11954000.0,82906000.0,76045000.0,8914000.0,0.0,10591000.0,4993000.0,237424000.0,5293000.0,8815000.0,933000.0,4360000.0,4993000.0,RMK,2024
181139000.0,136023000.0,27121000.0,95415000.0,71973000.0,0.0,,1637000.0,5392000.0,209744000.0,5392000.0,10161000.0,1738000.0,3654000.0,5392000.0,RMK,2023
149226000.0,124129000.0,32276000.0,73766000.0,66556000.0,0.0,,484000.0,2408000.0,185212000.0,4531000.0,10246000.0,407000.0,4124000.0,2408000.0,RMK,2022
,,,,,,,,,,,,,,,RMK,2021
6582207.69,5886729.3,792760.85,233714.96,5912136.73,,,,-601536.36,1128921.61,-811689.45,-798836.61,,-806875.36,-601536.36,LHD,2025
7183856.95,6849141.91,3214103.84,383380.86,6513673.09,,,,-1782852.34,1995089.34,-891781.66,-853298.02,0.0,-834885.51,-908166.51,LHD,2024
3464654.93,3221185.93,1238170.99,182783.33,3131966.6,,,,-874685.83,2730366.79,-584752.11,-534678.94,36520.54,-621272.65,-566231.67,LHD,2023
1895907.11,1731826.21,298014.32,43150.96,1727198.27,,,,-707127.44,160910.19,-712989.46,-701739.46,0.0,-712989.46,-592785.17,LHD,2022
189497000.0,122592000.0,3133000.0,84065000.0,100705000.0,20584000.0,0.0,28616000.0,-11969000.0,270284000.0,9240000.0,20045000.0,2271000.0,6969000.0,5752000.0,CDL,2025
,,,,,,,,,,,,,,,CDL,2024
212472000.0,143396000.0,3520000.0,121780000.0,83082000.0,66834000.0,11000.0,79647000.0,-25060000.0,275161000.0,12551000.0,23036000.0,6276000.0,6275000.0,-3375000.0,CDL,2023
314547000.0,206254000.0,5321000.0,204603000.0,86817000.0,94681000.0,49000.0,126873000.0,-20751000.0,283747000.0,24218000.0,31866000.0,2963000.0,21255000.0,12050000.0,CDL,2022
268726000.0,159331000.0,19141000.0,147605000.0,79086000.0,36042000.0,4653000.0,91357000.0,-11631000.0,424095000.0,47391000.0,67409000.0,5330000.0,42061000.0,31741000.0,CDL,2021
29292100.17,7068979.22,3620727.8,6728535.14,11511946.63,,,,3916371.57,20822894.25,4699861.22,7629982.57,1111347.82,3588513.4,2546840.49,OPI,2025
27104250.61,5836681.5,2122162.67,8356821.08,8967891.91,,,,1372316.85,18923735.85,4237799.88,7600286.11,1022072.26,3215727.62,3609655.11,OPI,2024
10194416.96,1823800.67,1075810.74,4240607.83,5351930.33,,,,-2243644.73,6743256.38,-92751.47,553959.8,245245.77,-337997.24,-224323.58,OPI,2023
10442334.2,2928800.75,2039099.08,4702419.69,5576253.91,1224870.26,0.0,1224870.26,-6521768.75,5925466.27,-313766.19,278310.3,346314.62,-660080.81,-136818.86,OPI,2022
,,,,,1952354.8,1952354.8,3904709.6,,,,,,,,OPI,2021
12075590.29,7970376.17,5432748.94,492875.78,11582714.51,,,,5051908.62,16465384.54,5251495.86,6116506.76,1072.5,5250423.36,4631437.36,GMV,2025
16813884.35,7315928.85,3997071.7,583427.2,16230457.15,,,,5528966.32,17227745.18,6257671.24,7231749.21,6115.45,6251555.79,5492399.79,GMV,2024
26615250.12,8949985.69,7496370.75,877192.76,25738057.36,,,,9432495.5,40508603.07,9405445.62,11706554.45,83211.49,9322234.13,8762824.1,GMV,2023
34451134.77,22222567.98,16278897.06,6559547.78,21915744.77,2922.38,0.0,2922.38,16298865.26,44246259.32,10000915.74,12294517.9,31103.35,9969812.39,9578948.59,GMV,2022
,,,,,7014.0,4091.51,11105.51,,,,,,,,GMV,2021
114442000.0,61956000.0,380000.0,63950000.0,31645000.0,18418000.0,15977000.0,34395000.0,6280000.0,310956000.0,9523000.0,12632000.0,1784000.0,7739000.0,6280000.0,BIP,2025
105375000.0,51518000.0,356000.0,59831000.0,25665000.0,14433000.0,17490000.0,31923000.0,2000000.0,279482000.0,4521000.0,7499000.0,2300000.0,2221000.0,2000000.0,BIP,2024
103863000.0,49678000.0,21000.0,58821000.0,23665000.0,16194000.0,16780000.0,32974000.0,945000.0,254548000.0,3388000.0,6305000.0,2153000.0,1235000.0,945000.0,BIP,2023
106000000.0,50577000.0,28000.0,42199000.0,22720000.0,1599000.0,33143000.0,34742000.0,581000.0,201466000.0,2492000.0,3929000.0,1582000.0,910000.0,581000.0,BIP,2022
,,,,,,,,,,,,,,,BIP,2021
16666944.6,2376678.42,1075310.63,932985.22,1568208.92,0.0,13816742.16,13816742.16,-14563052.13,752990.48,-1918906.14,-1142314.72,907394.22,-2826300.36,-2787528.29,SDS,2025
17536858.89,5773679.77,3055059.7,777045.58,3513322.98,0.0,13058960.33,13058960.33,-11737552.84,0.0,-4496315.42,-3811261.52,715959.02,-5212274.44,-5051391.87,SDS,2024
9441402.86,2750070.39,1278790.42,786046.67,8611334.75,,0.0,0.0,-11878590.25,3350.36,-3805293.78,-3222883.32,16.86,-3805310.64,-3482322.1,SDS,2023
7947059.79,4889401.48,952027.46,1181901.59,6405606.85,0.0,0.0,0.0,-8396268.15,849065.51,-3815487.35,-3619087.46,89.3,-3815576.65,-3937696.53,SDS,2022
,,,,,0.0,,,,,,,,,,SDS,2021
27175421.04,13288470.47,1474513.67,5931269.48,8473921.21,1659771.01,11877425.48,13537196.49,-11566171.97,28967628.38,-5005448.4,-3517190.85,1128913.44,-6134361.84,-6206687.78,HPS,2025
28307515.23,13696786.73,2156324.01,12520921.5,7031195.66,8008623.61,7404973.97,15413597.58,-5626252.25,33557572.38,-4066123.01,-2432345.97,1160272.07,-5226395.08,-5231848.61,HPS,2024
28873405.81,13157890.06,1367812.32,11607788.81,12263044.27,6035068.82,3156105.21,9191174.03,-6354361.87,37747269.94,-4986016.22,-3366783.73,827891.94,-5813908.16,-5819748.53,HPS,2023
34602883.17,18974105.78,1226129.8,14909652.87,18082792.8,9343964.58,0.0,9343964.58,-1621449.33,43537232.26,-567125.07,977665.86,513741.07,-1080866.14,-1079914.12,HPS,2022
,,,,,,,,,,,,,,,HPS,2021
65544000.0,31611000.0,6575000.0,13063000.0,46573000.0,600000.0,0.0,2556000.0,23762000.0,42423000.0,3524000.0,9084000.0,229000.0,3295000.0,2628000.0,MZA,2025
63662000.0,32578000.0,6671000.0,13382000.0,44101000.0,600000.0,0.0,3582000.0,21556000.0,46075000.0,5737000.0,10631000.0,252000.0,5485000.0,4338000.0,MZA,2024
66254000.0,36369000.0,13542000.0,19550000.0,39966000.0,1100000.0,0.0,4337000.0,17753000.0,68421000.0,16547000.0,20872000.0,310000.0,16237000.0,13034000.0,MZA,2023
50110000.0,23541000.0,3257000.0,13489000.0,29806000.0,600000.0,521000.0,3982000.0,9001000.0,40450000.0,4631000.0,8417000.0,240000.0,4391000.0,3280000.0,MZA,2022
,,,,,,,,,,,,,,,MZA,2021
17787080.75,16936529.54,127013.24,2572326.4,15208892.35,328786.44,,328786.44,803151.02,12406254.54,784138.15,913875.3,3884.9,780253.25,791031.83,DGE,2025
17006995.47,16625718.57,2123706.55,2555369.95,14417860.52,0.0,,0.0,3649019.18,17114862.46,4007932.59,4224771.31,15155.6,3992776.99,3636899.99,DGE,2024
13024740.39,12460224.56,1564350.1,2043426.97,10941557.42,0.0,,0.0,1421475.61,12018676.4,1783878.63,2129421.6,1795.42,1782083.21,1409356.42,DGE,2023
12193305.13,11942746.3,5149694.32,2627753.13,9532201.0,0.0,,0.0,1430794.57,13192610.74,1838214.05,2101532.75,1338.86,1836875.19,1418675.38,DGE,2022
,,,,,,,,,,,,,,,DGE,2021
66927000.0,17036000.0,6928000.0,15855000.0,41337000.0,15432000.0,4197000.0,22101000.0,27338000.0,1381000.0,519000.0,519000.0,1025000.0,-506000.0,-677000.0,08N,2025
69264000.0,21637000.0,1088000.0,14323000.0,42028000.0,13919000.0,7431000.0,23828000.0,26302000.0,1202000.0,-13556000.0,-13555000.0,966000.0,-14522000.0,-13739000.0,08N,2024
81314000.0,29799000.0,1808000.0,11020000.0,55767000.0,10640000.0,8060000.0,21183000.0,37842000.0,1209000.0,5365000.0,5696000.0,869000.0,4496000.0,3724000.0,08N,2023
77125000.0,28501000.0,5196000.0,11128000.0,51995000.0,10519000.0,7844000.0,20851000.0,25538000.0,1124000.0,-2904000.0,-2512000.0,671000.0,-3575000.0,-4704000.0,08N,2022
,,,,,,,,,,,,,,,08N,2021
76241000.0,54229000.0,15998000.0,7729000.0,62586000.0,32000.0,0.0,1914000.0,3585000.0,25117000.0,2678000.0,2678000.0,439000.0,2239000.0,1798000.0,SNW,2025
74828000.0,52338000.0,17961000.0,8534000.0,60788000.0,155000.0,28000.0,2074000.0,4690000.0,27361000.0,2172000.0,3174000.0,498000.0,1674000.0,1341000.0,SNW,2024
74708000.0,49816000.0,16651000.0,10441000.0,59447000.0,2110000.0,268000.0,4491000.0,7518000.0,31415000.0,6236000.0,7193000.0,363000.0,5873000.0,5699000.0,SNW,2023
69357000.0,47275000.0,13765000.0,11233000.0,53748000.0,215000.0,0.0,2627000.0,2033000.0,27734000.0,508000.0,1554000.0,682000.0,-174000.0,176000.0,SNW,2022
,,,,,,,,,,,,,,,SNW,2021
55708572.79,17660413.33,175795.65,13975305.03,27355760.11,2434868.63,8496932.55,13577057.28,-28529239.89,53677853.04,-60604.83,978111.49,930486.22,-991091.05,-1471785.05,MIR,2025
59695892.44,21739890.86,151330.9,16976204.96,28827545.16,2569967.55,8517072.0,13246247.63,-27057454.84,47519618.51,-1618941.49,-446730.45,1174708.95,-2793650.44,-3601658.44,MIR,2024
59562871.66,20412408.58,120830.46,32022531.9,21629203.6,19275249.6,36370.0,21721431.25,-23455796.4,47063322.92,243217.55,1398903.17,1566662.8,-1323445.25,-1636999.25,MIR,2023
56212454.63,17738772.12,27754.52,13315827.13,22056202.85,1664228.5,16274385.01,19310918.39,-21818797.15,43312323.55,-575004.81,430736.84,786460.73,-1361465.54,-2459446.54,MIR,2022
,,,,,,,,,,,,,,,MIR,2021
64291929.07,15096434.59,5791928.53,5429300.82,53525330.23,212820.0,,212820.0,-13808801.32,19384477.78,-9750026.47,-8778873.75,111108.88,-9861135.35,-9861135.35,SBE,2025
74140860.42,14186995.79,8765044.53,5899068.51,63386465.58,1440868.96,,1440868.96,-3947665.97,18117209.18,-4148459.74,-3288363.29,280823.44,-4429283.18,-4429283.18,SBE,2024
80305695.03,20071695.77,12646196.73,4601551.44,67815748.76,493590.0,0.0,493590.0,4108058.28,26523785.28,3645360.03,4563736.79,18918.96,3626441.07,3626441.07,SBE,2023
77755294.31,30824872.76,22324606.82,5243920.74,63627307.69,1210090.16,0.0,1210090.16,2617737.72,22202310.33,2191972.34,2883696.85,40438.83,2151533.51,2136120.51,SBE,2022
,,,,,,0.0,,,,,,,,,SBE,2021
37594000.0,18971000.0,225000.0,14260000.0,21391000.0,1749000.0,0.0,3023000.0,2857000.0,52608000.0,3792000.0,5236000.0,294000.0,3498000.0,2857000.0,ZUK,2025
36159000.0,19392000.0,948000.0,15530000.0,18534000.0,3581000.0,0.0,4917000.0,917000.0,41541000.0,1366000.0,2749000.0,504000.0,862000.0,917000.0,ZUK,2024
33006000.0,16162000.0,367000.0,12830000.0,17617000.0,6098000.0,0.0,8102000.0,-2359000.0,34867000.0,-1551000.0,-228000.0,555000.0,-2106000.0,-2359000.0,ZUK,2023
37873000.0,20392000.0,178000.0,13722000.0,21277000.0,7213000.0,,7213000.0,6295000.0,68455000.0,8264000.0,9583000.0,907000.0,7357000.0,6295000.0,ZUK,2022
20411000.0,5496000.0,2800000.0,792000.0,13717000.0,,,381000.0,-10319000.0,3347000.0,-9253000.0,-7808000.0,8000.0,-9261000.0,-9068000.0,GIF,2024
25310000.0,9861000.0,7516000.0,821000.0,23087000.0,,,0.0,-1251000.0,2441000.0,-4089000.0,-3080000.0,5000.0,-4094000.0,-3909000.0,GIF,2023
24600000.0,19073000.0,10028000.0,731000.0,22442000.0,,,,2603000.0,2526000.0,-8476000.0,-8342000.0,0.0,-8476000.0,-7773000.0,GIF,2022
32424000.0,24348000.0,14361000.0,754000.0,30177000.0,,,,10376000.0,1331000.0,-250000.0,-161000.0,2000.0,-252000.0,-349000.0,GIF,2021
85298075.12,12356600.01,6394369.78,25429003.78,15680134.5,4492694.59,256671.91,54433649.75,-5015042.71,127365422.35,4397260.87,16227598.74,3254167.83,1143093.04,994949.08,MEX,2025
80252227.28,12470393.33,6613912.26,22218360.0,15541971.5,2170912.14,1001448.15,49911622.29,-780949.28,106922063.86,5723235.87,16271910.24,2408705.16,3314530.71,2431502.19,MEX,2024
65556173.47,12023448.1,7593941.6,18469686.93,15221736.27,1454819.79,0.0,38396661.86,108440.5,95424582.43,6717209.89,15440992.28,1903050.64,4814159.25,3851484.85,MEX,2023
64515536.29,11656935.94,7636442.4,18430141.58,12630537.47,2579611.25,1007582.37,40689872.67,-3495201.7,81839980.19,9830391.51,17906672.3,1974056.61,7856334.9,5799133.36,MEX,2022
,,,,,,,,,,,,,,,MEX,2021
14202596.12,5113115.64,1742.02,4283568.07,5683217.94,2465.63,0.0,2465.63,-10061502.51,119900.0,-1611484.87,-214636.21,619041.57,-2230526.44,-2230526.44,MDB,2025
14710407.19,3812027.16,6239.88,4775012.4,6874463.95,2653.44,0.0,2653.44,-8870256.5,1224862.5,-2080795.34,-532484.38,242525.26,-2323320.6,-2300584.6,MDB,2024
14971548.99,2522283.72,5233.53,4405734.14,9175048.55,2428.4,0.0,2428.4,-6569671.9,750809.0,-3480050.31,-1491382.95,171752.14,-3651802.45,-3439260.14,MDB,2023
16370015.23,2263248.49,507557.5,3755706.54,12614308.69,0.0,0.0,0.0,-3130411.76,4252451.29,-1583275.16,165159.3,6097.31,-1589372.47,-1589372.47,MDB,2022
,,,,,,,,,,,,,,,MDB,2021
46721039.88,8013438.62,2683380.98,11273487.32,12518319.89,7678550.82,13082891.89,20788508.9,286903.73,18868799.55,1860843.06,5243373.51,1325305.69,535537.37,506604.37,ORL,2025
50605287.29,10051239.1,4290815.78,6612022.07,12176695.52,2180484.0,20950205.49,23230213.54,-54720.64,17224541.01,811269.08,3263316.1,846131.72,-34862.64,-54720.64,ORL,2024
33198187.93,6010789.11,2646476.72,3517434.72,12231416.16,0.0,12998319.2,13206347.16,1616873.16,16822302.85,3093648.78,4902505.42,456995.81,2636652.97,2246098.97,ORL,2023
23341201.75,7860543.81,5154124.7,2759926.66,9985317.19,60865.65,5337192.91,5398058.56,-7256281.46,14899655.42,3385057.23,5531108.04,396586.8,2988470.43,2518467.43,ORL,2022
,,,,,,,,,,,,,,,ORL,2021
12289000.0,9918000.0,1382000.0,569000.0,11661000.0,0.0,0.0,0.0,-12296000.0,0.0,-916000.0,-916000.0,0.0,-916000.0,-916000.0,SHD,2025
13358000.0,13077000.0,161000.0,500000.0,12577000.0,5000.0,0.0,5000.0,-11380000.0,7000.0,-312000.0,-312000.0,0.0,-312000.0,-312000.0,SHD,2024
13763000.0,5140000.0,2573000.0,771000.0,12889000.0,4000.0,0.0,4000.0,-11068000.0,19000.0,-1341000.0,-1338000.0,1000.0,-1342000.0,-1337000.0,SHD,2023
16002000.0,15974000.0,11806000.0,1771000.0,14226000.0,88000.0,0.0,88000.0,-228000.0,44000.0,9444000.0,9481000.0,4000.0,9440000.0,9503000.0,SHD,2022
,,,,,,,,,,,,,,,SHD,2021
18419830.36,16092570.82,679227.82,12540564.08,4597800.04,1770520.9,509952.16,2280473.06,-2617966.64,27573933.64,114524.16,900258.68,43118.28,71405.88,-118773.08,LUK,2025
14977846.81,12191800.63,518162.68,7658815.42,5455714.56,977529.42,1184039.16,2161568.58,-1760052.12,35280187.91,417181.44,618747.8,144999.74,272181.7,-141781.6,LUK,2024
18871369.29,14761488.63,751045.75,12236890.79,5333709.15,1459604.85,734108.72,2193713.57,-2221783.75,43067185.56,-425470.19,-252509.64,204742.77,-630212.96,-463992.34,LUK,2023
16931753.41,12101868.28,473426.34,9115280.04,6162050.79,968657.3,1331104.72,2299762.02,-1768343.64,41270002.55,427775.63,491776.6,130785.97,296989.66,-155126.43,LUK,2022
,,,,,,,,,,,,,,,LUK,2021
108080970.44,100275953.35,11912868.98,22758979.71,37483660.67,1101038.0,46060854.0,47337173.6,423096.29,22033644.5,10379335.1,11573228.57,4929789.81,5449545.29,4373096.29,INS,2025
121917740.06,112924541.68,29362020.85,35572109.59,38984735.58,15841323.0,46380074.0,62449711.85,3930653.29,18793726.41,5316460.87,5960423.57,4196740.58,1119720.29,-19346.71,INS,2024
94340565.43,84656985.68,22696446.71,19405209.06,37833440.69,0.0,36336656.49,36841220.38,5650576.48,20578667.1,10954611.64,11570595.3,3765102.16,7189509.48,5650576.48,INS,2023
90744491.9,77751059.37,6293042.95,33825106.3,34890957.01,14260187.23,21023403.81,35936027.11,5916680.8,19303432.61,9714492.11,10298333.44,2657268.1,7057224.01,5541591.01,INS,2022
,,,,,,,,,,,,,,,INS,2021
6070069.56,3145073.45,1699566.55,733888.09,5232163.47,0.0,0.0,0.0,-6965925.21,165353.89,-869948.16,-845834.61,38621.09,-908569.25,-908569.25,NOB,2025
3443890.57,730458.79,25375.48,640033.1,2697081.47,0.0,0.0,0.0,-4889053.4,273555.78,1177320.8,1198413.61,9018.24,1168302.56,1168302.56,NOB,2024
3815704.12,3357727.12,991926.29,905453.01,1917131.91,0.0,0.0,0.0,-5669002.96,1503477.09,-1608843.32,-1561859.47,42540.59,-1651383.91,-1442487.99,NOB,2023
7741940.66,7285607.48,3974665.49,1102156.53,4547449.42,0.0,0.0,0.0,-3038685.45,5209543.46,1055816.12,1082378.49,29254.74,1026561.38,661745.84,NOB,2022
,,,,,,,,,,,,,,,NOB,2021
85569000.0,54972000.0,331000.0,58364000.0,20278000.0,2039000.0,1609000.0,5588000.0,-34342000.0,169427000.0,3587000.0,5441000.0,885000.0,2702000.0,2037000.0,MSP,2025
102312000.0,62837000.0,3622000.0,75180000.0,18241000.0,13592000.0,1706000.0,17747000.0,-36379000.0,114132000.0,-4886000.0,-2322000.0,1638000.0,-6524000.0,-6355000.0,MSP,2024
98170000.0,70298000.0,13420000.0,64859000.0,24596000.0,2844000.0,,4219000.0,-30024000.0,114083000.0,-12055000.0,-9175000.0,777000.0,-12832000.0,-11703000.0,MSP,2023
63021000.0,41424000.0,20348000.0,17020000.0,37899000.0,0.0,,2072000.0,-16000000.0,156518000.0,4162000.0,7475000.0,432000.0,3730000.0,2762000.0,MSP,2022
,,,,,,,,,,,,,,,MSP,2021
32115000.0,6313000.0,259000.0,30433000.0,750000.0,5477000.0,0.0,5477000.0,-6415000.0,-1079000.0,-4851000.0,-4809000.0,214000.0,-5065000.0,-4229000.0,NVG,2025
34087000.0,7672000.0,1617000.0,28538000.0,4442000.0,2828000.0,0.0,2902000.0,78000.0,3977000.0,-1313000.0,-1266000.0,152000.0,-1465000.0,-1763000.0,NVG,2024
31145000.0,8818000.0,2053000.0,21353000.0,8288000.0,24000.0,0.0,126000.0,3924000.0,10635000.0,6274000.0,6324000.0,14000.0,6260000.0,5056000.0,NVG,2023
18404000.0,7230000.0,2005000.0,13010000.0,3571000.0,92000.0,0.0,220000.0,-793000.0,9530000.0,3091000.0,3144000.0,98000.0,2993000.0,2858000.0,NVG,2022
,,,,,,,,,,,,,,,NVG,2021
10559681.61,291200.8,2132.02,2627571.05,7699105.08,10.0,233005.48,233015.48,-380319.84,0.0,-386041.85,-351257.93,41.99,-386083.84,-380319.84,GHY,2025
10564762.02,267127.63,34968.64,2252331.62,8079424.92,99.79,233005.48,233105.27,-1374411.85,557283.8,-1287575.65,-1266784.78,104725.2,-1392300.85,-1374411.85,GHY,2024
11672757.71,1419405.79,1187149.04,2218920.94,9453836.77,0.0,0.0,0.0,-81786.12,1297917.5,-35672.33,-32373.73,44210.79,-79883.12,-81786.12,GHY,2023
10164184.69,65113.58,4388.76,628561.8,9535622.89,,580067.3,580067.3,-618177.59,6352879.22,-592336.64,-534697.17,22881.95,-615218.59,-618177.59,GHY,2022
,,,,,,,,,,,,,,,GHY,2021
39505000.0,36000000.0,8922000.0,15329000.0,20822000.0,,,,6562000.0,6585000.0,8728000.0,8800000.0,0.0,8728000.0,6941000.0,DGA,2025
24718000.0,21531000.0,11717000.0,9544000.0,13882000.0,,,0.0,-3318000.0,2324000.0,-3758000.0,-3656000.0,2000.0,-3760000.0,-2940000.0,DGA,2024
27895000.0,25284000.0,6765000.0,9269000.0,17126000.0,,,29000.0,277000.0,9808000.0,1370000.0,1462000.0,3000.0,1367000.0,655000.0,DGA,2023
33616000.0,29999000.0,6973000.0,15148000.0,17284000.0,,,33000.0,965000.0,9969000.0,513000.0,609000.0,1000.0,512000.0,152000.0,DGA,2022
,,,,,,,36000.0,,,,,,,,DGA,2021
9367121.34,4135741.01,2160063.43,1183720.57,8179980.06,0.26,0.0,78054.47,-1392378.02,11261450.18,-1286959.68,61194.85,115439.34,-1402399.02,-1392378.02,SED,2025
13233995.76,6674685.73,2489088.22,3569981.24,9581371.11,0.0,0.0,104766.83,-113559.68,11964417.66,-38391.95,-4108.45,27360.79,-103653.68,-113559.68,SED,2024
9544382.41,8440912.9,1224961.85,1564721.85,7870304.79,,,130672.65,1952703.99,15037851.24,2809766.37,2911371.95,11314.4,2798451.97,2254992.97,SED,2023
6629463.29,6332508.5,1650122.55,2015649.88,4478551.82,,,,930991.84,11533259.35,1549060.11,1685216.38,2719.29,1546340.82,1233280.82,SED,2022
,,,,,,,,,,,,,,,SED,2021
8629760.71,6269025.95,708271.6,3089264.08,5301886.48,114712.03,0.0,409046.96,-2806195.52,7245278.52,108951.37,565684.31,23503.09,85448.28,86876.28,TLO,2025
7100805.87,4331021.88,1034024.4,1355431.8,5215010.2,0.0,0.0,0.0,-2893071.8,8723557.35,1107943.55,1704999.8,34905.84,1073037.71,857163.71,TLO,2024
6016431.66,3393341.34,75574.44,1608879.18,4357846.49,287455.15,0.0,287455.15,-3750235.51,5307873.81,-116441.2,484748.38,26912.87,-143354.07,-92166.49,TLO,2023
6058435.46,2942776.52,137008.04,1549200.65,4450012.98,374582.58,0.0,378880.5,-3658069.02,4955863.8,-524597.49,84449.28,18692.6,-543290.09,-524810.68,TLO,2022
,,,,,,,,,,,,,,,TLO,2021
13636826.99,12929557.0,9635897.46,1803951.93,11429627.02,348287.82,0.0,348287.82,-1844625.68,3914867.14,-711675.23,-611675.73,25671.65,-737346.88,-679000.12,MLM,2025
4335812.26,3148926.46,1385349.41,1496947.76,2317584.81,97177.82,0.0,97177.82,-1165625.56,4299248.69,429487.77,535581.95,68821.7,360666.07,275476.88,MLM,2024
7363393.23,6724120.86,5372833.1,4352619.13,2592107.93,158774.0,0.0,158774.0,761711.94,18828046.99,3698783.68,3712873.66,231021.22,3467762.46,2585161.77,MLM,2023
1862577.58,1231555.81,207736.04,1823358.73,4623.25,1741349.75,,1741349.75,-1825772.74,313300.0,-4387.88,-4387.88,30755.73,-35143.61,-114905.68,MLM,2022
,,,,,,,,,,,,,,,MLM,2021
35560266.7,19259405.68,3938283.88,3912041.39,31479261.15,0.0,10000.0,10000.0,-136439.93,19166370.93,1134663.38,2307924.0,4211.42,1130451.96,597567.47,GTS,2025
37240674.79,17459704.68,12434804.79,1784163.48,31615701.08,0.0,0.0,0.0,4960090.95,20460587.45,6163624.95,6781841.09,14.0,6163610.95,4960090.95,GTS,2024
28172135.29,22977579.58,19294051.66,1477408.01,26655610.13,0.0,0.0,0.0,-1706711.99,13608011.22,-1734499.33,-944325.0,9947.66,-1744446.99,-1706711.99,GTS,2023
31352270.1,26952546.14,2647260.01,1731669.21,29420661.92,0.0,0.0,0.0,8900497.71,25848046.93,11041044.26,11292267.62,5481.55,11035562.71,8900497.71,GTS,2022
,,,,,,,,,,,,,,,GTS,2021
153181000.0,62992000.0,823000.0,49021000.0,84729000.0,16554000.0,0.0,32616000.0,29763000.0,114886000.0,-24045000.0,-11216000.0,1567000.0,-25612000.0,-24114000.0,HDR,2025
175819000.0,75396000.0,1491000.0,40578000.0,108865000.0,14947000.0,0.0,34828000.0,53879000.0,110028000.0,-11834000.0,817000.0,1721000.0,-13555000.0,-11687000.0,HDR,2024
174808000.0,78652000.0,723000.0,33970000.0,107564000.0,10055000.0,0.0,36693000.0,65504000.0,125749000.0,-1026000.0,11760000.0,1901000.0,-2927000.0,-2255000.0,HDR,2023
199142000.0,99906000.0,675000.0,44649000.0,119723000.0,9394000.0,188000.0,33186000.0,74159000.0,165975000.0,11974000.0,22627000.0,1068000.0,10906000.0,9048000.0,HDR,2022
,,,,,,,,,,,,,,,HDR,2021
56509000.0,27932000.0,686000.0,5278000.0,40797000.0,1926000.0,416000.0,2342000.0,8687000.0,26252000.0,-7115000.0,-6434000.0,207000.0,-7322000.0,-13538000.0,SHG,2024
96528000.0,54625000.0,694000.0,26555000.0,54335000.0,8422000.0,515000.0,10205000.0,22225000.0,37061000.0,3338000.0,4382000.0,1076000.0,2262000.0,3246000.0,SHG,2023
88861000.0,54729000.0,607000.0,18511000.0,51595000.0,2993000.0,598000.0,5358000.0,18979000.0,36947000.0,5596000.0,5596000.0,1243000.0,4820000.0,4436000.0,SHG,2022
78658000.0,47887000.0,754000.0,19538000.0,41927000.0,6904000.0,2541000.0,11732000.0,15051000.0,39991000.0,2189000.0,3373000.0,654000.0,1535000.0,744000.0,SHG,2021
67493000.0,32013000.0,3250000.0,44142000.0,20229000.0,19062000.0,0.0,19062000.0,-15584000.0,119665000.0,-4945000.0,2016000.0,1728000.0,-6673000.0,-5275000.0,PLI,2025
79560000.0,39915000.0,6064000.0,47642000.0,25867000.0,19910000.0,157000.0,20067000.0,-10756000.0,151203000.0,-7310000.0,-855000.0,1748000.0,-9058000.0,-8102000.0,PLI,2024
85281000.0,44375000.0,3042000.0,41705000.0,35290000.0,13894000.0,613000.0,14507000.0,1102000.0,142068000.0,4199000.0,10384000.0,1168000.0,3031000.0,2391000.0,PLI,2023
78154000.0,43489000.0,7354000.0,36654000.0,36869000.0,10100000.0,0.0,10100000.0,8293000.0,139006000.0,11683000.0,15560000.0,780000.0,10903000.0,7448000.0,PLI,2022
,,,,,,,,,,,,,,,PLI,2021
23323000.0,10884000.0,9000.0,41016000.0,19895000.0,20296000.0,0.0,20331000.0,7231000.0,13140000.0,-3128000.0,-2709000.0,4894000.0,-8022000.0,-6257000.0,EEX,2023
23225000.0,11570000.0,9000.0,30685000.0,25480000.0,15430000.0,4026000.0,19506000.0,-19162000.0,34344000.0,-41427000.0,-36721000.0,1874000.0,-43301000.0,-24116000.0,EEX,2022
66132000.0,17829000.0,83000.0,27946000.0,50746000.0,15145000.0,5813000.0,21677000.0,-8400000.0,37550000.0,-6010000.0,-1772000.0,1323000.0,-7333000.0,-3059000.0,EEX,2021
28334974.0,27021710.0,627.0,1121944.0,27213029.0,166432.0,,166432.0,-126101097.0,1092548.0,25320.0,25320.0,265.0,25055.0,25055.0,CAI,2025
20429489.93,4530587.85,554240.28,2807211.26,15706884.68,997612.49,1347917.55,2345530.04,-44267282.97,565350.0,-1421292.0,-1421292.0,13513.0,-1434805.0,-1448619.0,CAI,2024
28750972.49,12774072.31,549798.68,4182502.66,23502374.85,1051196.09,431820.83,1483016.92,-27096989.65,7546564.31,-827960.03,-827960.03,28796.24,-856756.27,-983023.38,CAI,2023
32535019.82,13842633.74,115481.21,6657624.0,25072541.28,1147685.14,88818.15,1236503.29,-9147316.2,5638294.66,2046363.35,3135304.95,32867.85,2013495.5,2111225.08,CAI,2022
,,,,,,199312.0,,,,,,,,,CAI,2021
26602000.0,19906000.0,4029000.0,3297000.0,14901000.0,12000.0,0.0,3100000.0,-1145000.0,9446000.0,2508000.0,3934000.0,230000.0,2278000.0,1515000.0,INC,2025
33402000.0,25266000.0,11166000.0,10918000.0,13352000.0,12000.0,0.0,4045000.0,-4283000.0,6984000.0,-7131000.0,-6052000.0,158000.0,-7289000.0,-3843000.0,INC,2024
30893000.0,24810000.0,4695000.0,2523000.0,17215000.0,12000.0,0.0,3060000.0,-1050000.0,4887000.0,-10365000.0,-9076000.0,181000.0,-10546000.0,-7851000.0,INC,2023
38827000.0,32336000.0,3767000.0,2695000.0,22027000.0,12000.0,0.0,3641000.0,6761000.0,3587000.0,-12329000.0,-11246000.0,210000.0,-12539000.0,-10516000.0,INC,2022
,,,,,,,,,,,,,,,INC,2021
32009000.0,17179000.0,2592000.0,15517000.0,15957000.0,3000.0,,984000.0,4405000.0,72232000.0,-463000.0,3374000.0,197000.0,-660000.0,-670000.0,CPL,2025
23765000.0,9941000.0,2302000.0,6465000.0,16319000.0,3000.0,,1408000.0,4477000.0,55542000.0,-144000.0,3195000.0,170000.0,-314000.0,-653000.0,CPL,2024
24465000.0,8913000.0,485000.0,6165000.0,17261000.0,3000.0,,1386000.0,4404000.0,41852000.0,-2121000.0,69000.0,163000.0,-2284000.0,-577000.0,CPL,2023
25887000.0,12615000.0,3279000.0,6665000.0,17838000.0,3000.0,,1768000.0,7795000.0,44098000.0,6485000.0,8068000.0,129000.0,6356000.0,5108000.0,CPL,2022
,,,,,,,,,,,,,,,CPL,2021
60245000.0,40413000.0,6773000.0,33216000.0,20176000.0,112000.0,111000.0,3929000.0,5401000.0,146738000.0,1988000.0,5721000.0,316000.0,1672000.0,1433000.0,BCM,2026
67912000.0,49529000.0,15998000.0,39414000.0,20046000.0,159000.0,0.0,854000.0,5271000.0,190564000.0,2260000.0,6091000.0,169000.0,2091000.0,2046000.0,BCM,2025
49239000.0,34747000.0,5041000.0,25525000.0,19212000.0,0.0,0.0,1564000.0,4437000.0,176934000.0,1908000.0,5514000.0,234000.0,1674000.0,1519000.0,BCM,2024
47331000.0,32940000.0,11480000.0,22634000.0,18622000.0,1358000.0,0.0,3304000.0,3847000.0,145821000.0,-304000.0,3655000.0,414000.0,-718000.0,64000.0,BCM,2023
,,,,,,,,,,,,,,,BCM,2022
39513218.8,2772423.19,102831.89,953418.98,775480.1,92176.39,2678392.93,2770569.32,-33339679.98,3170793.53,853721.61,1741827.4,1603134.45,-749412.84,-749412.84,INM,2025
37889369.48,842192.97,3052.12,872421.78,1524892.94,56.54,2491117.8,2491174.34,-32590267.14,277760.0,-2870492.09,-2021320.62,1535143.94,-4405636.03,-4405636.03,INM,2024
42919103.77,4255375.92,5215.4,2672384.48,5930528.97,929519.77,2324238.64,3253758.41,-28184631.11,300.0,-1065397.87,34140.62,823767.07,-1889164.94,-1889164.94,INM,2023
30363838.64,5901163.28,3953039.26,13531805.72,7819693.91,12768.64,2301723.98,2314492.62,-26295466.17,4065.04,-21822367.76,-21788207.94,331991.23,-22154358.99,-22154358.99,INM,2022
,,,,,,,,,,,,,,,INM,2021
11610782.04,10295389.42,1305772.53,5699669.05,4853797.99,212136.98,0.0,212136.98,-1409483.15,384465.49,-1705680.17,-1705240.65,12136.98,-1717817.15,-1409483.15,PLT,2025
7164466.99,6563401.99,1130986.95,221209.85,6257801.14,0.0,0.0,0.0,-2339092.76,445232.24,-1215683.39,-1215683.39,0.0,-1215683.39,-1288518.39,PLT,2024
7972791.6,7721953.6,4818339.89,164788.07,7545609.53,,,,658587.08,10836349.15,2060325.98,2060325.98,40772.53,2019553.45,1709161.45,PLT,2023
5973800.13,5674964.13,578404.38,166843.45,5747333.19,0.0,0.0,0.0,-1736156.66,370602.13,-1611010.53,-1611010.53,20654.68,-1631665.21,-1207336.5,PLT,2022
,,,,,877880.64,0.0,877880.64,,,,,,,,PLT,2021
18618472.37,10193844.22,454803.64,4868694.89,10206570.65,2628770.6,0.0,2628770.6,-11805814.29,1669562.0,-1787465.03,-1739878.99,92333.58,-1879798.61,-1270777.61,VAR,2025
16852622.33,9920100.96,179558.13,7004326.05,8674098.26,2840157.7,0.0,2840157.7,-10535036.68,1488289.78,1237517.76,1238038.02,262567.3,974950.46,483898.46,VAR,2024
13918986.29,7289939.27,189085.69,2379027.37,9648901.97,1618981.1,0.0,1618981.1,-11018935.14,1240738.17,-4652249.36,-4651729.16,82338.47,-4734587.83,-5378366.77,VAR,2023
10904272.75,10684352.02,445315.65,2629693.82,7006108.16,1520282.74,0.0,1520282.74,-5640568.37,1012299.04,-2698001.6,-2685696.73,65844.65,-2763846.25,-2500693.25,VAR,2022
,,,,,,,,,,,,,,,VAR,2021
112129000.0,50223000.0,13293000.0,25020000.0,76736000.0,1224000.0,0.0,6878000.0,2418000.0,71820000.0,-10756000.0,-5922000.0,773000.0,-11529000.0,-10678000.0,TSG,2025
124220000.0,60496000.0,25102000.0,25225000.0,87415000.0,3460000.0,1214000.0,11872000.0,13097000.0,80065000.0,894000.0,5518000.0,966000.0,-72000.0,-202000.0,TSG,2024
125532000.0,70073000.0,32012000.0,25879000.0,87617000.0,2420000.0,4653000.0,11052000.0,13299000.0,140404000.0,7346000.0,12022000.0,1143000.0,6203000.0,4272000.0,TSG,2023
139970000.0,79208000.0,5037000.0,39659000.0,85668000.0,693000.0,3048000.0,10389000.0,11350000.0,128836000.0,3841000.0,8444000.0,640000.0,3201000.0,2742000.0,TSG,2022
,,,,,,,,,,,,,,,TSG,2021
9574889.37,726641.49,77147.49,275737.66,6381160.24,162083.59,72704.58,162083.59,-525626.37,65736.0,-519939.82,1007553.96,5686.55,-525626.37,-525626.37,SCS,2025
11022988.2,647246.54,2670.16,45963.94,6906786.61,0.0,72304.58,72304.58,-520269.61,54280.0,-516480.21,981370.29,3789.4,-520269.61,-520269.61,SCS,2024
13608660.03,776202.87,6248.88,172611.75,7427056.22,,3467.07,3467.07,-154346.54,419322.4,-153133.92,932145.22,1212.62,-154346.54,-154346.54,SCS,2023
14802391.86,1031207.76,61868.88,232995.93,7581402.76,,350450.12,350450.12,26610.35,247800.12,27346.28,981721.97,735.93,26610.35,26610.35,SCS,2022
,,,,,433972.0,,,,,,,,,,SCS,2021
23002906.55,6735462.48,696292.27,37337257.88,-18929485.58,18058439.23,3546118.0,21604557.23,-48759429.34,15401682.94,-222928.47,1104559.05,1409248.17,-1632176.64,-1632176.64,SFK,2022
26146700.99,8569769.4,486415.59,39042875.68,-17297308.94,15179376.83,3352118.0,18531494.83,-47127252.7,9989130.4,-1819511.42,-492023.9,327116.19,-2146627.61,-2146627.61,SFK,2021
52049172.73,30764415.61,2893250.46,14301113.5,10195145.98,11089145.59,26719035.25,37808180.84,917455.76,16374319.46,3779779.14,4023324.66,,1658932.39,1666136.23,KPI,2025
30017174.95,16519525.53,131853.44,11125018.95,8564302.75,8818911.26,9392335.22,18211246.48,612768.06,14279344.59,2589670.67,2831356.59,,1336485.71,991391.74,KPI,2024
25567967.54,18698306.42,190238.29,13187013.16,7572911.01,11573009.71,3956227.39,15529237.1,1169280.83,13498346.06,2436545.97,2663890.78,,1245292.73,1270647.21,KPI,2023
27296747.27,13043912.69,878852.98,15147896.92,6302263.8,9995695.25,3857516.68,13853211.93,1376930.65,12898299.04,2175642.2,2380695.7,,1371190.69,1420904.99,KPI,2022
,,,,,,,,,,,,,,,KPI,2021
16676999.79,9913594.77,6004072.49,11950785.41,4508605.62,0.0,0.0,0.0,-97221843.44,30495549.06,-9016800.4,-7680038.44,17471.65,-9034272.05,-9085315.05,GKS,2025
9067473.28,7468506.64,4693900.91,3556331.79,4598412.23,0.0,0.0,0.0,-88132036.83,16762808.01,-4752320.14,-4442013.3,31053.07,-4783373.21,-4783373.21,GKS,2024
5350743.3,4289955.36,2249293.93,3368974.58,1881785.44,0.0,0.0,0.0,-83348663.62,5461133.42,-2164402.52,-1970959.73,12499.19,-2176901.71,-2176901.71,GKS,2023
8125415.07,7067314.0,5968504.06,5658652.71,2466762.36,0.0,0.0,0.0,-80263686.7,3308359.34,-1896362.85,-1693159.05,152.58,-1896515.43,-1896515.43,GKS,2022
,,,,,,,,,,,,,,,GKS,2021
27940000.0,14446000.0,5136000.0,6641000.0,19999000.0,0.0,0.0,1075000.0,-20000000.0,32179000.0,-8509000.0,-7650000.0,198000.0,-8707000.0,-8014000.0,PGM,2025
34154000.0,14900000.0,4779000.0,6909000.0,24517000.0,0.0,0.0,1691000.0,-14411000.0,33379000.0,-7902000.0,-6964000.0,149000.0,-8051000.0,-8248000.0,PGM,2024
42131000.0,22998000.0,12086000.0,6322000.0,32523000.0,0.0,0.0,2533000.0,-3671000.0,47202000.0,3020000.0,4532000.0,261000.0,2759000.0,2403000.0,PGM,2023
40198000.0,22584000.0,12255000.0,8360000.0,30359000.0,90000.0,0.0,1314000.0,1146000.0,45716000.0,5867000.0,7320000.0,136000.0,5731000.0,4451000.0,PGM,2022
,,,,,,,,,,,,,,,PGM,2021
120690000.0,41494000.0,559000.0,21326000.0,86046000.0,2270000.0,1253000.0,7642000.0,7216000.0,111307000.0,11340000.0,16601000.0,1443000.0,9897000.0,9873000.0,FMG,2025
142936000.0,71222000.0,4126000.0,75326000.0,48108000.0,12550000.0,141000.0,25541000.0,-8299000.0,152686000.0,31677000.0,36668000.0,12934000.0,18743000.0,16437000.0,FMG,2024
74512000.0,54147000.0,587000.0,26689000.0,30292000.0,3306000.0,0.0,16575000.0,-16989000.0,38125000.0,9441000.0,12315000.0,2595000.0,6846000.0,4794000.0,FMG,2023
74516000.0,63209000.0,1371000.0,31331000.0,26484000.0,1268000.0,8003000.0,14481000.0,-20797000.0,50063000.0,9227000.0,9955000.0,544000.0,8683000.0,5661000.0,FMG,2022
24243000.0,22999000.0,1493000.0,2045000.0,21585000.0,,,554000.0,16112000.0,6612000.0,687000.0,1063000.0,57000.0,630000.0,625000.0,BCS,2025
,,,,,,,,,,,,,,,BCS,2024
23197000.0,21692000.0,,2562000.0,20097000.0,,,,14624000.0,10797000.0,2027000.0,2514000.0,,1890000.0,2322000.0,BCS,2023
32027000.0,30712000.0,14499000.0,2195000.0,28816000.0,,,1139000.0,23343000.0,22896000.0,17270000.0,17628000.0,114000.0,17156000.0,16211000.0,BCS,2022
23036000.0,21428000.0,13318000.0,1040000.0,20857000.0,,,1466000.0,15384000.0,17075000.0,12678000.0,12771000.0,28000.0,12650000.0,12487000.0,BCS,2021
163512000.0,83912000.0,7747000.0,73325000.0,69035000.0,10251000.0,0.0,13988000.0,59291000.0,243526000.0,5048000.0,7079000.0,1043000.0,4005000.0,531000.0,ASM,2025
153934000.0,74558000.0,4578000.0,58628000.0,56442000.0,7648000.0,28353000.0,44240000.0,50740000.0,233873000.0,20693000.0,24938000.0,5518000.0,15175000.0,11127000.0,ASM,2023
162885000.0,82038000.0,7188000.0,105894000.0,44302000.0,43798000.0,12655000.0,62194000.0,-12718000.0,256651000.0,1184000.0,6292000.0,3343000.0,-2159000.0,-4848000.0,ASM,2022
166913000.0,82107000.0,11268000.0,105405000.0,48039000.0,50317000.0,12400000.0,71407000.0,-8981000.0,250072000.0,7915000.0,13523000.0,1927000.0,5988000.0,2766000.0,ASM,2021
,,,,,,,,,,,,,,,ASM,2024
10640530.67,10068337.32,2048805.82,2010555.18,8629975.49,0.0,,0.0,2296394.26,32029123.67,2934614.74,3099342.66,99824.48,2834790.26,2296394.26,KUB,2025
8410314.7,7964468.15,1393398.0,2122954.75,6287359.95,60145.35,0.0,60145.35,508162.36,22059049.34,686080.05,753424.13,24461.69,661618.36,508162.36,KUB,2024
7655105.33,7472065.4,3283346.13,1884013.64,5771091.69,0.0,,0.0,2014155.82,21733433.31,2607598.6,2787066.25,78191.78,2529406.82,2014155.82,KUB,2023
4994407.66,4626463.28,1285715.64,1237471.79,3756935.87,350750.0,,350750.0,739857.55,23386348.6,1017941.89,1160638.66,70623.34,947318.55,739857.55,KUB,2022
,,,,,,,,,,,,,,,KUB,2021
7554913.79,4890303.6,3609584.31,957129.82,6503466.84,0.0,0.0,0.0,1115372.87,8819373.19,992457.98,1277197.86,10773.0,981684.98,1115372.87,EDL,2025
7538586.49,5553343.8,3221938.94,739822.08,6686783.45,0.0,0.0,0.0,1010576.75,7994659.42,950990.44,1234415.41,20063.81,930926.63,1010576.75,EDL,2024
7279338.5,5596849.46,2676006.25,967233.81,6118941.75,0.0,0.0,0.0,880964.32,7775707.05,1297206.96,1709523.89,37104.78,1260102.18,1135223.0,EDL,2023
5891190.6,4433789.1,3532315.4,746177.41,4983718.75,0.0,0.0,228090.11,-254258.68,7063617.02,1086701.71,1581337.13,39273.96,1047427.75,945396.79,EDL,2022
,,,,,,,,,,,,,,,EDL,2021
20075362.14,7787708.65,56156.71,8583916.73,7289045.74,4920641.56,4065044.62,8985686.18,-27760.04,13014928.38,899003.19,1588603.84,872199.23,26803.96,-27760.04,STD,2025
19822232.41,6850407.64,166441.25,9070316.76,7316805.78,5686426.47,3119522.0,8805948.47,8788.71,17746368.03,1097984.01,1758882.21,1005220.3,92763.71,8788.71,STD,2024
20973408.85,8078116.67,130403.72,8291575.95,7308017.07,4898729.12,4939688.0,9838417.12,154290.43,23285414.02,1360148.06,1951453.85,1117387.63,242760.43,154290.43,STD,2023
20736672.11,9988984.64,668901.19,9473455.3,7102468.43,5443159.6,3834739.0,9277898.6,697983.96,21054411.4,1807380.66,2352789.41,898601.7,908778.96,697983.96,STD,2022
,,,,,,,,,,,,,,,STD,2021
18415000.0,9735000.0,175000.0,1754000.0,13947000.0,58000.0,,58000.0,10173000.0,8206000.0,215000.0,1594000.0,551000.0,-336000.0,-285000.0,SIM,2025
29703000.0,17210000.0,307000.0,9433000.0,11236000.0,,,,9521000.0,11261000.0,-311000.0,2180000.0,1228000.0,-1539000.0,-1286000.0,SIM,2023
27863000.0,16778000.0,5019000.0,1910000.0,13096000.0,,,,10806000.0,6205000.0,-2338000.0,-1046000.0,83000.0,-2421000.0,-3343000.0,SIM,2022
21068000.0,17015000.0,10088000.0,1750000.0,13369000.0,0.0,,0.0,11217000.0,8977000.0,3539000.0,4556000.0,49000.0,3490000.0,3250000.0,SIM,2021
,,,,,,,,,,,,,,,SIM,2024
18174.31,18174.31,,106641.58,-400708.77,,,,-59837708.77,0.0,-438218.34,-438218.34,467.92,-438686.26,-438686.26,PIT,2025
99653851.84,28006775.98,,32102173.87,67425246.13,,,,-473450.93,1495987.0,-58894181.1,-58894181.1,544.04,-58894725.14,-58894725.14,PIT,2024
97701565.14,18418533.5,1254406.01,27805562.19,59815851.36,0.0,,0.0,4366048.18,35113737.32,1823882.52,8997287.2,590053.9,1233828.62,1043662.6,PIT,2023
89845467.59,16576637.51,175479.74,21151757.43,59607094.03,3874668.96,,3874668.96,4947937.65,42666350.41,3292010.86,8917712.94,20187.05,3271823.81,2974554.48,PIT,2022
,,392103.12,,,2122297.27,,2122297.27,,,,,,,,PIT,2021
14583530.24,13748602.02,4184893.5,4188081.93,4687541.06,2140005.89,1300229.15,3440235.04,-1555906.88,23884957.58,-1311505.81,-1280627.59,244401.07,-1555906.88,-1555906.88,BEE,2025
13372086.75,13181704.26,228516.25,7052307.3,6243447.94,4806649.22,0.0,4806649.22,-393255.16,43983932.49,-242230.31,-212824.16,424506.2,-666736.51,-666736.51,BEE,2024
14712316.14,14564814.73,287546.3,7707639.3,6910184.45,6378599.11,0.0,6378599.11,-583003.34,50571309.98,-372696.37,-346845.38,483788.32,-856484.69,-856484.69,BEE,2023
14453098.25,14302840.16,739759.17,6584478.97,7766669.14,4347753.94,0.0,4347753.94,2716385.36,32370364.0,3187675.93,3205064.37,126549.92,3061126.01,2442904.01,BEE,2022
,,,,,,,,,,,,,,,BEE,2021
8557666.55,527440.93,317510.37,1760047.34,5850569.86,205029.57,934728.0,1139757.57,-22581642.66,526940.6,-6212133.5,-5958630.04,75867.08,-6288000.58,-6288000.58,YOS,2025
16113264.56,604097.22,42386.55,1714119.23,13174804.33,191599.08,1222728.0,1414327.08,-16293642.08,581467.25,-5153097.33,-5057272.16,79501.1,-5232598.43,-5257253.43,YOS,2024
32688862.87,886949.67,142544.26,2279382.6,30395991.85,180534.49,0.0,180534.49,-11036388.65,1083937.25,-3912853.57,-3891706.7,71031.41,-3983884.98,-3969931.98,YOS,2023
36057242.14,516308.13,103041.03,893862.86,34365923.83,0.0,776903.69,776903.69,-7066456.67,738749.82,-4323855.83,-4263606.86,88257.66,-4412113.49,-4401411.49,YOS,2022
,,,,,,,,,,,,,,,YOS,2021
21057000.0,4847000.0,1735000.0,1227000.0,14523000.0,0.0,,653000.0,5552000.0,10193000.0,-12618000.0,-6785000.0,45000.0,-12663000.0,-11089000.0,MOV,2025
38205000.0,10294000.0,5010000.0,4468000.0,26657000.0,201000.0,,319000.0,16898000.0,14868000.0,539000.0,6467000.0,38000.0,501000.0,1505000.0,MOV,2024
38920000.0,8654000.0,2722000.0,3959000.0,24766000.0,240000.0,,625000.0,15393000.0,4515000.0,-12814000.0,-9979000.0,85000.0,-12899000.0,-9002000.0,MOV,2023
43835000.0,12540000.0,4295000.0,2934000.0,31699000.0,575000.0,0.0,1177000.0,24746000.0,6477000.0,4347000.0,6346000.0,174000.0,4173000.0,3088000.0,MOV,2022
,,,,,,200000.0,,,,,,,,,MOV,2021
186000.0,186000.0,71000.0,4154000.0,-3969000.0,158000.0,,158000.0,-17785000.0,4000.0,-794000.0,-729000.0,666000.0,-1460000.0,-1460000.0,MAN,2024
539000.0,58000.0,5000.0,3562000.0,-3023000.0,147000.0,,147000.0,-16326000.0,20000.0,-1012000.0,-973000.0,490000.0,-1502000.0,-1503000.0,MAN,2023
1238000.0,601000.0,452000.0,2757000.0,-1520000.0,136000.0,,136000.0,-14823000.0,284000.0,-3517000.0,-3514000.0,0.0,-3517000.0,-3516000.0,MAN,2022
673000.0,256000.0,154000.0,187000.0,486000.0,125000.0,0.0,125000.0,-11306000.0,0.0,-556000.0,-556000.0,8000.0,-564000.0,-564000.0,MAN,2021
2536035.03,2515548.36,2411181.4,5086608.22,-2599096.02,11149.33,,11149.33,-11467130.52,193546.85,-3018081.01,-2989765.34,41296.08,-3059377.09,-3059377.09,BSN,2025
622159.65,415619.34,275886.12,827944.39,-263946.42,0.0,,0.0,-8407753.42,213766.72,-4813220.69,-4773403.41,8691.87,-4821912.56,-5119727.34,BSN,2024
5302714.69,4798631.47,4208519.48,357345.05,4855780.92,0.0,,0.0,-3288026.08,55500.0,-2065320.99,-1995411.6,10832.08,-2076153.07,-1778338.29,BSN,2023
9180603.53,8860590.42,227269.91,504408.03,7940975.31,160442.19,0.0,160442.19,-1433031.55,1958827.58,-1458110.67,-1421826.22,18262.88,-1476373.55,-1433031.55,STA,2025
9650745.87,9097271.38,91532.74,643683.07,8074126.86,470391.15,155978.69,626369.84,-1085692.26,2176565.93,-1087372.07,-1038398.49,36203.19,-1123575.26,-1085692.26,STA,2024
10517603.29,9699474.91,318061.23,550163.32,9150628.12,0.0,0.0,0.0,-2199539.32,3037294.43,-1923164.09,-1828918.73,0.0,-1923164.09,-2199539.32,STA,2023
14854397.54,14487467.17,2453472.96,562696.59,11350167.44,0.0,0.0,0.0,-1857894.69,0.0,-1776449.92,-1709134.02,834.0,-1777283.92,-1857894.69,STA,2022
,,,,,,,,,,,,,,,STA,2021
56479065.48,54802683.3,9032641.35,11319402.26,9717523.1,59240.15,34998385.15,35272633.46,-26637741.8,20019853.52,-3794809.66,-3685957.43,806613.24,-4601422.9,-4403740.23,ITB,2025
40047303.23,38582172.68,62719.72,24768463.42,12941263.33,1500000.0,3288645.94,4955644.78,-20914001.57,1968713.78,-2850083.39,-2711141.35,359813.78,-3209897.17,-2604995.86,ITB,2024
19715470.45,17777843.27,311739.76,9040174.96,10656259.19,0.0,0.0,78286.1,-18309005.71,1603339.02,14775357.95,14952010.18,48350.19,14727007.76,14651304.33,ITB,2023
25121324.06,23315916.26,7355353.97,25273028.05,-3995045.14,1433338.69,3721255.1,5418535.05,-32960310.04,48678712.1,6954291.58,7136202.0,506694.77,6447596.81,5307827.24,ITB,2022
,,,,,,,,,,,,,,,ITB,2021
28764000.0,9836000.0,242000.0,5052000.0,20706000.0,606000.0,0.0,934000.0,213000.0,39952000.0,418000.0,2909000.0,218000.0,200000.0,106000.0,MEG,2025
31654000.0,10598000.0,682000.0,7907000.0,20615000.0,2550000.0,0.0,4041000.0,1079000.0,46886000.0,1740000.0,4453000.0,512000.0,1228000.0,958000.0,MEG,2024
33563000.0,10095000.0,369000.0,8580000.0,19535000.0,2623000.0,987000.0,6581000.0,-765000.0,43818000.0,-236000.0,2628000.0,666000.0,-902000.0,-765000.0,MEG,2023
35879000.0,11102000.0,270000.0,9138000.0,20300000.0,2474000.0,1098000.0,7635000.0,-1053000.0,47829000.0,-433000.0,2446000.0,716000.0,-1149000.0,-1053000.0,MEG,2022
,,,,,,,,,,,,,,,MEG,2021
47023000.0,22816000.0,823000.0,18154000.0,27055000.0,,,,-6858000.0,85739000.0,5647000.0,8438000.0,748000.0,4899000.0,3693000.0,PNT,2025
57749000.0,33591000.0,2702000.0,31848000.0,23361000.0,,,0.0,-4181000.0,127225000.0,7124000.0,9924000.0,913000.0,6211000.0,4719000.0,PNT,2024
54949000.0,31888000.0,2986000.0,30873000.0,20068000.0,,,748000.0,-1907000.0,99749000.0,1851000.0,4240000.0,1444000.0,407000.0,88000.0,PNT,2023
59362000.0,38959000.0,523000.0,35608000.0,19215000.0,,,566000.0,2781000.0,61722000.0,5259000.0,6755000.0,559000.0,4700000.0,3513000.0,PNT,2022
,,,,,,,0.0,,,,,,,,PNT,2021
63030000.0,15638000.0,460000.0,45795000.0,-83079000.0,18130000.0,70651000.0,123078000.0,-124373000.0,46682000.0,6799000.0,12313000.0,12195000.0,-5396000.0,-6999000.0,SFS,2025
105621000.0,26301000.0,1143000.0,47907000.0,-76080000.0,6809000.0,77803000.0,151948000.0,-117374000.0,75574000.0,9449000.0,17956000.0,13619000.0,-4170000.0,-5047000.0,SFS,2024
118720000.0,22867000.0,1675000.0,40619000.0,-70862000.0,1219000.0,81669000.0,160950000.0,-112156000.0,100092000.0,13187000.0,24713000.0,13997000.0,-810000.0,-339000.0,SFS,2023
120932000.0,20743000.0,3691000.0,42062000.0,-72311000.0,1031000.0,78970000.0,161284000.0,-113605000.0,100573000.0,31886000.0,31886000.0,13287000.0,18599000.0,21482000.0,SFS,2022
,,,,,,,,,,,,,,,SFS,2021
2164391.71,2163720.46,1930.71,8637.87,2155753.84,2395.94,,2395.94,-404313.35,75386.96,-403938.35,-398490.35,375.0,-404313.35,-404313.35,VLT,2025
2590098.87,2583979.62,373.89,30031.68,2560067.19,5990.06,0.0,5990.06,-683229.08,55519.47,-683228.75,-679142.75,0.33,-683229.08,-683229.08,VLT,2024
3384506.04,3384506.04,478431.25,141209.77,3243296.27,0.0,0.0,0.0,-3987571.13,115275.33,-766862.91,-765014.91,2395.38,-769258.29,-769258.29,VLT,2023
5020090.03,5005290.03,24919.08,1007535.47,4012554.56,0.0,0.0,0.0,-3218312.84,624260.95,-1542010.9,-1538310.9,18066.86,-1560077.76,-1560077.76,VLT,2022
,,,,,,0.0,,,,,,,,,VLT,2021
35611636.74,21618509.97,10276652.43,12895897.76,19809903.45,2328112.44,1753469.97,4081582.41,2347719.87,230575803.33,2319858.42,3384609.67,199575.73,2120282.69,1829642.32,EGH,2025
33458517.88,22146158.43,7769587.57,12714220.23,18522890.25,2363779.85,1074099.47,3437879.32,1847279.6,207109981.69,1408554.48,2405930.91,265817.44,1142737.04,1188110.17,EGH,2024
32526270.75,21663203.06,2795320.0,13246458.29,17646527.58,4211758.51,627679.89,4839438.4,1436923.85,219865835.09,1214522.66,2265436.86,356934.88,857587.78,777754.42,EGH,2023
37169481.42,26175389.93,4043326.84,18377240.53,17537268.66,5836753.79,301099.39,6137853.18,3253890.88,324285674.57,3256548.32,4401782.41,276483.46,2980064.86,2594721.45,EGH,2022
,,,,,,,,,,,,,,,EGH,2021
3220387.1,3175174.57,221511.64,557084.32,2663302.78,244343.75,0.0,244343.75,-5820658.05,6563321.14,199470.92,204123.2,17060.47,182410.45,182410.45,MBF,2025
5175135.21,5129922.68,12962.87,2694242.88,2480892.33,260307.68,0.0,260307.68,-6003068.5,5485907.64,-983352.14,-974948.0,11648.4,-995000.54,-995000.54,MBF,2024
3681538.89,2571056.89,42924.45,680646.02,3000892.87,357546.5,0.0,357546.5,-5008067.96,5650905.31,-589474.53,-587332.89,22017.71,-611492.24,-522073.24,MBF,2023
4951662.86,3200974.6,164498.75,1405035.79,3470531.33,350366.2,,350366.2,-4508769.74,136852.11,-3080964.22,-3077292.88,18030.38,-3098994.6,-3164862.55,MBF,2022
,,,,,,0.0,,,,,,,,,MBF,2021
14437969.94,1485819.26,1174207.74,1596720.26,6600466.74,885499.38,7372.45,892871.83,-17908669.81,3719747.71,-491078.3,-307696.28,1130686.09,-1621764.39,-1498608.62,ICG,2025
11556556.81,256384.63,38433.76,2844275.44,1876907.76,2374629.75,13070.0,2387699.75,-17105004.59,7012252.99,-11452120.84,-9117354.19,153174.87,-11605295.71,-11605295.71,ICG,2024
22094086.56,1491736.29,1092398.9,1984331.74,14177146.87,1291739.78,283111.93,1574851.71,-7069714.65,4810480.03,-2236482.34,-2021499.31,154685.18,-2391167.52,-2391167.52,ICG,2023
18170141.26,351616.07,210797.48,514138.93,16568314.39,310000.0,0.0,310000.0,-4678547.13,3211115.75,-1978910.59,788245.41,57754.34,-2036664.93,-2017381.13,ICG,2022
,,,,,,,,,,,,,,,ICG,2021
1858204.52,1431055.03,1174886.42,60136.19,1798068.33,11266.49,,11266.49,-31440986.84,1104165.52,395190.47,395190.47,104201.32,290989.15,263673.15,P2B,2025
1638683.77,1381452.22,1120831.71,75275.83,1458804.18,18437.11,,18437.11,-31819137.72,1353886.34,703599.79,728851.57,989.81,702609.98,678920.43,P2B,2024
978610.33,746907.42,487408.23,108696.68,792939.32,1856.34,,1856.34,-32485506.78,1274023.64,368445.33,565216.07,13048.32,355397.01,291035.05,P2B,2023
911243.99,570950.83,267921.6,348985.57,512952.9,6409.77,0.0,6409.77,-32765493.2,504758.24,-22372.75,275527.25,28520.88,-50893.63,-50893.63,P2B,2022
,,,,,,0.0,,,,,,,,,P2B,2021
73348000.0,63705000.0,4932000.0,19651000.0,53457000.0,8328000.0,0.0,8791000.0,18804000.0,102339000.0,275000.0,1095000.0,1479000.0,-1204000.0,-1577000.0,MXC,2025
78930000.0,68823000.0,2914000.0,24020000.0,55089000.0,12434000.0,0.0,12751000.0,20381000.0,112510000.0,616000.0,1420000.0,2010000.0,-1394000.0,-1140000.0,MXC,2024
83974000.0,73592000.0,3316000.0,25290000.0,58891000.0,15560000.0,0.0,16227000.0,24221000.0,139414000.0,4069000.0,5165000.0,2786000.0,1283000.0,615000.0,MXC,2023
92696000.0,81203000.0,5847000.0,34120000.0,58358000.0,21117000.0,0.0,22251000.0,23606000.0,142064000.0,-2896000.0,-1795000.0,1933000.0,-4829000.0,-4144000.0,MXC,2022
,,,,,,,,,,,,,,,MXC,2021
24726800.03,17079015.6,328392.98,10226855.8,1894045.4,2514.37,0.0,2514.37,-3202369.51,16849062.12,-3934960.54,-3920108.18,13809.06,-3948769.6,-3242968.51,EXM,2025
14139434.71,13910671.45,3215473.52,8887486.27,5096414.91,3857.54,0.0,3857.54,927880.92,22085258.78,1184370.61,1185733.01,4198.27,1180172.34,927880.92,EXM,2024
11975830.77,11672349.19,265903.07,7608170.53,4168533.99,639.04,0.0,639.04,1082907.04,17339517.97,1262596.95,1268217.85,530.38,1262066.57,1082907.04,EXM,2023
6047664.99,5905183.23,4096432.17,2970321.04,3074943.95,7372.63,0.0,7372.63,370005.8,8338539.63,405419.04,415298.44,205.08,405213.96,370005.8,EXM,2022
,,,,,,,,,,,,,,,EXM,2021
22395000.0,18267000.0,16643000.0,16172000.0,5031000.0,0.0,0.0,1855000.0,-176000.0,34242000.0,3131000.0,3131000.0,118000.0,3013000.0,2549000.0,ETX,2025
16333000.0,12517000.0,11381000.0,12650000.0,2463000.0,0.0,0.0,1674000.0,-714000.0,33731000.0,991000.0,991000.0,236000.0,755000.0,534000.0,ETX,2024
20243000.0,15834000.0,14796000.0,14049000.0,4527000.0,0.0,0.0,2326000.0,-436000.0,33267000.0,4678000.0,4678000.0,314000.0,4364000.0,3538000.0,ETX,2023
16403000.0,13478000.0,12339000.0,12186000.0,3854000.0,25000.0,0.0,888000.0,-1102000.0,28011000.0,3226000.0,3226000.0,72000.0,3154000.0,2476000.0,ETX,2022
15071401.16,7026744.67,1969629.49,5369054.89,8214493.58,1916872.23,693503.04,2610375.27,-2236634.8,21646526.34,-461744.61,1018695.33,268951.33,-730695.94,-692026.94,GAL,2025
14120094.67,5459034.67,836058.96,3315484.2,8906520.52,1411752.49,1117311.42,2529063.91,-1544607.86,16500806.35,-1405119.27,-125990.18,170082.59,-1575201.86,-1544607.86,GAL,2024
13595849.19,4830240.15,137715.74,2198108.24,10451128.38,19764.27,0.0,19764.27,1020048.45,19630136.82,1619759.43,2815937.23,183002.21,1436757.22,1109140.22,GAL,2023
13194669.22,5773504.43,52869.12,3111847.29,9341988.16,1511594.42,0.0,1511594.42,-89091.77,17942262.78,1629791.76,2724146.02,123217.76,1506574.0,1490530.0,GAL,2022
,,,,,,,,,,,,,,,GAL,2021
24468.75,24468.75,6.38,1136991.08,-1112522.33,435694.68,0.0,435694.68,-217217427.34,0.0,-34918.62,-34918.62,12817.12,-47735.74,-47735.74,YBS,2024
6.38,6.38,6.38,1064792.97,-1064786.59,422988.98,0.0,422988.98,-217169691.6,147843.73,-311578.04,-311578.04,11196.66,-322774.7,-322774.7,YBS,2023
943.0,943.0,943.0,742954.89,-742011.89,326733.62,,326733.62,-216846916.9,2190912.96,-212809533.26,-212771065.59,9451.48,-212818984.74,-212818984.74,YBS,2022
1003208.16,913874.68,11144.06,378572.56,624635.6,0.0,0.0,0.0,-3268269.41,0.0,-523307.87,-507307.87,0.0,-523307.87,-523307.87,YBS,2021
12617242.43,1279079.47,461696.38,1423190.16,7884614.57,1399.2,0.0,1399.2,326283.82,6140859.01,559023.28,1346155.28,1.0,559022.28,559022.28,TLG,2025
12299992.14,735835.54,176680.86,1373667.89,7325592.29,26711.58,0.0,504432.75,451218.08,5655875.85,659412.91,1483724.15,206.78,659206.13,659206.13,TLG,2024
11838116.56,919692.9,544487.27,1081657.49,6641635.75,128.6,,589232.04,242861.29,4693263.4,493925.99,1282129.77,602.24,493323.75,475599.75,TLG,2023
10588520.43,690849.9,354342.03,1342240.02,5441036.0,177.58,,235185.68,-232738.46,3644248.21,162657.44,865343.47,36273.01,126384.43,127466.43,TLG,2022
,,,,,,,,,,,,,,,TLG,2021
22524000.0,22399000.0,20456000.0,6625812000.0,-6617433000.0,596602000.0,14145000.0,610747000.0,-8134443000.0,0.0,-265141000.0,-265137000.0,0.0,-265141000.0,-305232000.0,PBG,2025
20464000.0,20296000.0,18686000.0,6327504000.0,-6321187000.0,557843000.0,14145000.0,571988000.0,-7838198000.0,0.0,-284038000.0,-284032000.0,13746000.0,-297784000.0,-375521000.0,PBG,2024
84707000.0,17979000.0,15467000.0,6033252000.0,-5949142000.0,515937000.0,0.0,515937000.0,-7487563000.0,14000.0,-302184000.0,-302178000.0,596000.0,-302780000.0,-375353000.0,PBG,2023
108992000.0,20119000.0,17157000.0,5685872000.0,-5577538000.0,471134000.0,,471134000.0,-7122692000.0,145000.0,-270217000.0,-270211000.0,0.0,-270217000.0,-306399000.0,PBG,2022
,,,,,,,,,,,,,,,PBG,2021
8453596.0,4510170.0,1763402.0,2156998.0,5016993.0,159048.0,330701.0,1304639.0,1551878.0,16450281.0,1534127.0,1732246.0,136988.0,1397139.0,1006913.0,ABK,2025
8837152.0,4293985.0,1607709.0,2192640.0,4737664.0,192337.0,877722.0,2107029.0,1409563.0,15609777.0,1164873.0,1360497.0,210049.0,954824.0,752650.0,ABK,2024
9114690.0,4490176.0,1638107.0,1988260.0,4874285.0,251567.0,1115807.0,2522471.0,1782048.0,14616381.0,1337507.0,1517572.0,180956.0,1156551.0,942184.0,ABK,2023
7406079.0,4706657.0,2604623.0,1650787.0,4617614.0,143717.0,723415.0,1330473.0,1550259.0,12648659.0,1398949.0,1617870.0,138247.0,1260702.0,1075935.0,ABK,2022
,,,,,,,,,,,,,,,ABK,2021
6811780.23,4262224.03,882857.39,2283456.28,4451910.28,0.0,,0.0,119566.47,12368905.65,470294.07,653733.02,205.38,470088.69,404708.51,IBC,2025
6060704.97,3381219.41,315827.02,1912677.75,4058722.67,0.0,,0.0,-633792.43,9716389.92,-573048.68,-380396.07,789.92,-573838.6,-570951.88,IBC,2024
6261506.31,3404956.99,345884.99,1497887.29,4629674.55,0.0,0.0,0.0,-169998.19,10830667.87,-147049.13,3784.46,2230.57,-149279.7,-169998.19,IBC,2023
6617173.23,4030507.42,633325.99,1801484.38,4799672.73,54305.43,0.0,54305.43,518696.01,10771034.41,610317.77,714626.38,23739.6,586578.17,518696.01,IBC,2022
,,,,,,54305.43,,,,,,,,,IBC,2021
26772722.23,9093090.92,1645472.64,8018113.06,16057462.09,439099.13,649341.48,1088440.61,-1751966.05,16229055.78,-1111981.52,1462486.8,238438.46,-1350419.98,-1231602.69,JRC,2025
25059918.79,8404782.47,2381771.47,5780605.52,17286201.99,6876.0,0.0,6876.0,-520363.36,12784316.48,-410680.65,2285419.34,156056.11,-566736.76,-661924.76,JRC,2024
23430464.33,7615287.48,1001569.13,3155828.18,17806564.55,34113.72,0.0,34113.72,238927.0,10907012.01,457558.26,2326055.41,214550.26,243008.0,238927.0,JRC,2023
17569811.97,6046498.81,505246.56,2940121.84,10567637.55,231212.2,990727.05,1221939.25,268697.42,9660687.98,520971.23,2317373.94,171503.81,349467.42,268697.42,JRC,2022
,,,,,,,,,,,,,,,JRC,2021
33644182.06,27571283.08,192040.81,12209716.73,21434465.33,9644168.58,0.0,9644168.58,-8894864.15,4545307.96,-183.06,5278733.58,1185225.58,-1185408.64,-1185408.64,F51,2025
28637612.68,17258128.71,338399.53,8705840.92,19931771.76,7306091.34,0.0,7306091.34,-8150785.22,6029828.98,3489748.64,6932336.15,1069820.48,2419928.16,2419928.16,F51,2024
18868679.24,15179593.43,858780.41,1356835.64,17511843.6,0.0,0.0,0.0,-10570713.38,11906838.69,-487758.8,759540.59,45.33,-487804.13,-515641.59,F51,2023
19584482.41,19494435.11,11374700.45,1556997.22,18027485.19,0.0,0.0,0.0,-10187788.98,16363636.11,3966589.66,4069582.19,11198.29,3955391.37,3420829.37,F51,2022
,,,,,,,,,,,,,,,F51,2021
51773274.16,39674967.93,2995714.07,27788871.38,20106272.09,10261939.29,248162.0,10510101.29,1060884.37,104426181.36,1328379.47,3487015.27,1179265.67,149113.8,-261217.39,VDS,2025
51376361.44,39458404.52,2411583.99,26930623.48,20376688.4,11773353.67,174542.41,11947896.08,-1550415.49,98725911.99,847381.43,2772179.97,1055624.83,-208243.4,-131100.16,VDS,2024
48258634.03,35798530.4,1877736.93,22614138.69,21927103.89,9874694.95,,9874694.95,979027.64,125906688.64,-12994.17,2231792.77,1323482.24,-1336476.41,-927876.83,VDS,2023
59612440.22,45502409.89,1408267.61,31546829.9,21440566.27,16029286.67,139835.24,16169121.91,4079771.28,120441965.42,5163902.34,7343458.36,727237.49,4436664.85,3997135.4,VDS,2022
29928614.9,14513595.51,486522.17,10824957.4,17072212.49,603.43,0.0,2212949.7,-12208296.31,4373397.58,-874388.77,-190704.49,,-1759765.73,-4349332.75,PRI,2025
33368723.3,15058533.47,1332944.53,9690293.19,21421545.24,1945.16,0.0,2497592.13,-7858963.56,4352591.38,-1131446.62,-473928.06,,-1143031.0,-998957.42,PRI,2024
73484658.96,54854241.14,2745998.32,48428616.76,22430519.76,1497.0,0.0,2879214.93,-6849989.04,1498351.34,-1201904.29,-560215.63,,-1463268.36,-1140625.94,PRI,2023
75070920.98,50260021.34,4300602.8,47338540.49,23743741.03,3858582.01,0.0,7323067.43,-5576328.54,2131594.8,-1765874.46,-1108715.68,0.0,-2078010.51,-2256168.58,PRI,2022
,,,,,,,,,,,,,,,PRI,2021
15176202.42,5877790.57,566509.36,5630361.97,7494302.94,188681.78,,4761650.33,-3303893.49,20318711.28,-48831.5,1002896.71,339068.31,-387899.81,-419512.81,PLM,2025
15276804.56,6776083.05,938077.06,5887740.87,7913815.75,619851.06,,3779638.1,-2884380.68,18307745.28,593204.03,1444862.64,310424.59,282779.44,183010.44,PLM,2024
11868215.54,3836730.06,2090713.53,2952727.65,7730805.31,0.0,,2011381.93,-4057180.68,20727433.13,-251792.69,552261.21,382048.87,-633841.56,-989789.56,PLM,2023
14317846.87,3702565.24,526280.87,3805230.01,8720594.87,302911.07,,1886275.35,-3067391.12,15661780.36,483151.75,1113201.55,259027.48,224124.27,277044.27,PLM,2022
,,,,,,71485.08,,,,,,,,,PLM,2021
22707000.0,15119000.0,4575000.0,3437000.0,18336000.0,,0.0,32000.0,-59000.0,27113000.0,61000.0,575000.0,29000.0,32000.0,-59000.0,IZO,2025
24332000.0,16488000.0,4245000.0,3489000.0,18395000.0,,0.0,61000.0,1324000.0,33769000.0,1794000.0,2593000.0,41000.0,1753000.0,1324000.0,IZO,2024
23062000.0,15587000.0,1800000.0,3451000.0,17451000.0,,0.0,150000.0,1056000.0,33478000.0,1357000.0,1774000.0,41000.0,1316000.0,1056000.0,IZO,2023
21815000.0,14478000.0,877000.0,3325000.0,16775000.0,140000.0,0.0,283000.0,1912000.0,36871000.0,2430000.0,2784000.0,30000.0,2400000.0,1912000.0,IZO,2022
,,,,,280000.0,,,,,,,,,,IZO,2021
15138000.0,531000.0,297000.0,3580000.0,10980000.0,332000.0,,1110000.0,-905000.0,18771000.0,-1082000.0,2993000.0,96000.0,-1178000.0,-1143000.0,WPR,2025
17404000.0,1930000.0,1306000.0,4547000.0,12035000.0,0.0,,1387000.0,382000.0,22136000.0,271000.0,3956000.0,103000.0,168000.0,144000.0,WPR,2024
18187000.0,4257000.0,2648000.0,5319000.0,11811000.0,,,1620000.0,2328000.0,26543000.0,2320000.0,4898000.0,103000.0,2217000.0,2090000.0,WPR,2023
15636000.0,6619000.0,4620000.0,4805000.0,9720000.0,,0.0,1828000.0,5367000.0,23206000.0,5762000.0,7426000.0,106000.0,5656000.0,5229000.0,WPR,2022
,,,,,,0.0,,,,,,,,,WPR,2021
21330000.0,10328000.0,2429000.0,7936000.0,12929000.0,2001000.0,667000.0,2734000.0,-11457000.0,44899000.0,-3771000.0,-3348000.0,354000.0,-4125000.0,-6225000.0,THG,2025
30239000.0,13275000.0,3625000.0,8514000.0,19198000.0,2053000.0,2668000.0,4838000.0,-5161000.0,49604000.0,-2062000.0,-997000.0,553000.0,-2615000.0,-3704000.0,THG,2024
34286000.0,13920000.0,2300000.0,12289000.0,21642000.0,5735000.0,0.0,6278000.0,-1488000.0,55642000.0,-11029000.0,-9309000.0,500000.0,-11529000.0,-10109000.0,THG,2023
47561000.0,28644000.0,7344000.0,12011000.0,33260000.0,626000.0,0.0,1593000.0,10879000.0,67947000.0,2075000.0,4681000.0,219000.0,1856000.0,-10498000.0,THG,2022
,,,,,,,,,,,,,,,THG,2021
169293000.0,90781000.0,1606000.0,125504000.0,36962000.0,58790000.0,2966000.0,67506000.0,-13997000.0,173254000.0,-26651000.0,-14768000.0,5248000.0,-31899000.0,-31584000.0,LUG,2025
209364000.0,126918000.0,10840000.0,122817000.0,68813000.0,45013000.0,12650000.0,62505000.0,14937000.0,225677000.0,2411000.0,15174000.0,5629000.0,-3218000.0,-3654000.0,LUG,2024
230472000.0,149407000.0,13964000.0,136938000.0,73424000.0,61430000.0,13697000.0,80590000.0,24622000.0,275166000.0,16653000.0,29514000.0,6534000.0,10119000.0,9011000.0,LUG,2023
201292000.0,117936000.0,6527000.0,125201000.0,62363000.0,51048000.0,6271000.0,61221000.0,13535000.0,238976000.0,7380000.0,18713000.0,4916000.0,2464000.0,2095000.0,LUG,2022
,,,,,,,,,,,,,,,LUG,2021
37283476.88,25507281.97,124121.41,4410053.04,28694980.52,4607.59,209954.32,214561.91,-103703.54,2265816.96,-94377.69,625276.75,9325.85,-103703.54,-103703.54,BEP,2025
39160143.08,26830681.05,171998.13,5436774.72,28927966.31,185758.29,204888.36,390646.65,643683.71,1436446.95,545514.09,1265168.61,18651.63,526862.46,495639.46,BEP,2024
39234878.11,24884718.23,120848.34,6007310.58,28509636.0,167708.84,245400.11,413108.95,230211.51,2044333.43,670959.54,700447.3,135324.31,535635.23,284115.78,BEP,2023
36260727.17,23480540.55,1325106.27,6919044.85,22154916.91,87746.48,2941460.33,3029206.81,-1815937.52,2603173.98,-1844778.84,-1820251.41,17331.08,-1862109.92,-1836151.53,BEP,2022
,,,,,,,,,,,,,,,BEP,2021
2226223.29,1882810.39,25997.28,1441927.14,765481.15,429527.63,0.0,429527.63,-14431053.39,201036.1,-2350411.22,-2308183.92,5663.36,-2356074.58,-2205451.25,CBD,2025
4187037.28,3718378.77,317255.02,649086.94,3465507.97,82889.6,,82889.6,-12225602.14,250300.26,-2220524.44,-2161999.2,17669.68,-2238194.12,-2044231.23,CBD,2024
1835586.79,1561019.03,131383.22,480158.32,1399739.21,173000.0,,173000.0,-10181370.91,54570.53,-1289579.92,-1252338.06,7933.64,-1297513.56,-1155345.49,CBD,2023
666004.28,618363.22,205103.67,344041.88,293107.94,110000.0,0.0,110000.0,-9026025.42,199930.85,-650509.14,-636009.14,14175.9,-664685.04,-675757.2,CBD,2022
,,,,,,0.0,,,,,,,,,CBD,2021
1008456.07,952440.49,0.0,1033090.97,-105175.81,10134.97,0.0,10134.97,-30044251.84,0.0,266673.59,266673.59,73628.21,193045.38,193045.38,SIN,2025
719231.44,892449.73,0.0,986719.58,-298221.19,62688.37,0.0,62688.37,-30237297.22,0.0,-629927.47,-629927.47,163734.48,-793661.95,-793661.95,SIN,2024
1727569.2,1727569.2,1867.72,548177.66,682593.05,286575.6,,286575.6,-29256482.98,156632.0,-624090.51,-621745.51,65306.56,-689397.07,-689397.07,SIN,2023
1588547.83,1588547.83,23885.8,2589601.85,-2635044.88,286575.6,74990.58,286575.6,-28574120.91,0.0,-19339098.99,-19335191.59,49087.49,-19388186.48,-19388186.48,SIN,2022
,,,,,,13730407.6,,,,,,,,,SIN,2021
39795666.57,33403750.37,32738882.38,32087547.41,7591093.16,0.0,0.0,0.0,982386.37,6912752.44,421948.22,484408.83,414.12,421534.1,421534.1,IGT,2025
24029725.44,18890479.74,18376977.95,16722873.38,7169559.06,0.0,0.0,0.0,560852.27,5357428.47,-604016.44,-357784.52,0.0,-604016.44,-604016.44,IGT,2024
24089773.72,19165068.09,19116416.53,16302864.22,7773575.5,0.0,0.0,0.0,2746858.88,8385255.39,1582015.97,2138544.14,25.8,1581990.17,1581990.17,IGT,2023
32425546.48,27796171.16,27740754.17,26226144.15,6191585.33,0.0,0.0,0.0,1164868.71,6013508.54,1241790.74,2275081.57,1028.5,1240762.24,1240762.24,IGT,2022
,,,,,,,,,,,,,,,IGT,2021
30858713.81,23172753.94,5185363.48,4133411.3,26067092.83,0.0,0.0,0.0,949577.54,4020590.73,2348469.46,2647324.71,21.84,2348447.62,2017694.69,DNS,2025
28941898.27,21344505.89,2355773.59,4327889.38,24041298.15,0.0,0.0,0.0,3348374.53,3899173.28,-449864.65,-132782.01,0.0,5319036.49,4529044.81,DNS,2024
29449601.65,21789461.19,1736628.92,9747798.24,19513535.12,,,,-848857.8,3791273.26,-972183.39,-708470.63,60.39,-972243.78,-980720.32,DNS,2023
20604348.76,6063769.52,3096465.9,359672.71,19988400.36,21662.0,,21662.0,303634.58,3516238.47,381080.46,570654.85,20.85,381059.61,303634.58,DNS,2022
,,,,,32511.51,21662.0,54173.51,,,,,,,,DNS,2021
36053416.32,31612417.48,1598467.39,17540126.5,16902595.76,6302437.67,0.0,6302437.67,-5434974.88,45565968.92,298763.5,843352.69,488487.89,-189724.39,-329684.39,VRB,2025
39417880.95,34148742.18,2684078.38,19084387.83,17225045.11,4900101.65,1484740.28,6384841.93,-4363466.48,43408526.52,1469929.04,2029102.82,689054.43,780874.61,575883.61,VRB,2024
39643263.28,34865663.34,1625723.22,21804300.8,16778807.84,8842008.08,245813.59,9087821.67,-4156972.65,50550014.82,1042153.25,1568706.24,767423.74,274729.51,26555.51,VRB,2023
51482092.48,44630478.22,2226299.18,30551333.0,16897201.2,6630219.47,2418064.34,9048283.81,-2089423.2,51182826.93,2300435.5,2940244.64,744831.34,1555604.16,881390.16,VRB,2022
,,,,,,,,,,,,,,,VRB,2021
33019749.87,5976771.43,1261235.67,10054252.24,21767020.19,1255349.24,479407.55,1734756.79,-6584976.39,15612625.25,-924315.4,715380.69,166042.8,-1090358.2,-1253166.2,O2T,2025
34921752.41,8463274.14,1333948.41,10479864.72,23020186.39,450720.65,858881.63,1309602.28,-6364993.15,14332040.79,-676509.83,962698.06,257769.13,-934278.96,-1033182.96,O2T,2024
30934304.99,4533771.15,605299.3,9199134.64,20058621.03,1367454.15,1269980.35,2637434.5,-9296558.51,13205920.86,-1119405.66,1285946.4,481600.52,-1601006.18,-1812331.4,O2T,2023
34876171.61,4306662.65,0.0,9636554.47,24801480.08,2592697.43,250000.0,2842697.43,-4259852.95,9361640.25,423468.81,1616610.63,278926.1,144542.71,61673.18,O2T,2022
,,,,,,,,,,,,,,,O2T,2021
25006999.48,22371664.96,230306.7,17245654.81,5759434.88,8400000.0,0.0,8400000.0,-257525.8,32221250.96,1475210.69,1954893.29,607395.04,867815.65,535805.65,MSM,2025
20364372.04,17487788.28,91961.25,13297638.82,5358997.28,5483006.77,0.0,5483006.77,156716.16,32611110.35,1275549.98,1813851.26,417203.09,858346.89,603566.89,MSM,2024
19619730.54,16156407.21,32507.52,11033449.42,5202281.12,4786196.88,,4786196.88,512019.74,26368123.58,1078010.24,1558070.55,379412.5,698597.74,512019.74,MSM,2023
17938165.6,14272439.07,123496.84,13247904.22,4690261.38,3887434.16,,3887434.16,409661.51,24826099.54,861184.17,1248350.97,282279.66,578904.51,409661.51,MSM,2022
,,,,,,,,,,,,,,,MSM,2021
30863.83,30863.83,0.0,74634.04,-43770.21,13183.53,0.0,13183.53,-2774769.21,15000.0,-1306148.26,-1306148.26,29569.11,-1335717.37,-1127775.37,SNG,2025
2317185.98,2297610.98,36.11,964901.82,1084005.16,893984.85,0.0,893984.85,-1646993.84,0.0,-1181085.31,-1181085.31,73971.15,-1255056.46,-1056808.46,SNG,2024
3377760.47,3356857.47,31030.17,769091.85,2140813.62,735013.7,0.0,735013.7,-590185.38,35244.0,-31325.61,-31325.61,71005.37,-102330.98,-76316.98,SNG,2023
3467994.82,3460617.82,6464.59,770521.22,2217130.6,624328.77,0.0,624328.77,-3338983.09,170000.0,-4203902.72,-4203902.72,24415.37,-4228318.09,-3338983.09,SNG,2022
,,,,,,,,,,,,,,,SNG,2021
11146000.0,6016000.0,532000.0,3574000.0,4226000.0,88000.0,3321000.0,3479000.0,-28174000.0,9935000.0,-266000.0,257000.0,304000.0,-570000.0,-372000.0,OZE,2025
11261000.0,5325000.0,513000.0,5485000.0,4524000.0,1595000.0,816000.0,2657000.0,-27876000.0,16344000.0,-19473000.0,-18532000.0,713000.0,-20186000.0,-20592000.0,OZE,2024
51864000.0,38462000.0,4036000.0,10071000.0,27672000.0,221000.0,11205000.0,11971000.0,-4728000.0,784374000.0,4094000.0,5402000.0,612000.0,3482000.0,3307000.0,OZE,2023
49069000.0,31890000.0,3207000.0,14661000.0,23045000.0,3378000.0,8766000.0,13213000.0,-9355000.0,171577000.0,-109670000.0,-108279000.0,637000.0,-110307000.0,-92963000.0,OZE,2022
,,,,,,,,,,,,,,,OZE,2021
5054670.45,2480020.79,1624459.43,2749161.8,2000598.99,0.0,0.0,0.0,-1685872.26,22771558.17,960520.68,1394269.61,144559.17,815961.51,715002.58,SKN,2025
5013191.54,2544857.84,1739249.17,2879555.6,1273454.02,0.0,0.0,0.0,-2413017.23,20415553.68,-10293.29,333502.87,91432.24,-101725.53,-148017.53,SKN,2024
4742883.35,1784503.42,900018.81,2244007.86,1232779.27,111912.72,82641.7,194554.42,-2453691.98,16038425.03,283806.41,584608.78,128260.72,155545.69,102681.69,SKN,2023
4057585.11,2126884.3,1432004.19,1814904.1,1614077.58,263980.42,0.0,263980.42,-1769808.66,12319813.95,526291.89,681126.69,49267.27,477024.62,408641.62,SKN,2022
,,,,,,,,,,,,,,,SKN,2021
9425299.87,7431321.49,,1058522.75,8069643.62,,,,861831.99,45489311.44,1100540.77,1199596.74,20314.78,1080225.99,861831.99,VER,2026
9501514.28,7387230.93,3891003.11,2246826.67,6990860.74,52383.69,133495.0,185878.69,975280.92,31544610.61,988484.73,1084406.01,19757.81,968726.92,975280.92,VER,2024
7813327.98,6484949.89,2419219.92,1258433.26,6382246.42,31429.94,162715.0,194144.94,868947.05,26459349.19,1095199.27,1218657.11,17390.22,1077809.05,868947.05,VER,2023
10162535.77,5332984.31,2074649.67,1738143.79,5736825.13,451547.18,191935.0,643482.18,758504.8,,,,,,,VER,2022
,,,,,,,,,37468082.09,1371575.69,1486344.43,35314.62,1336261.07,1074862.07,VER,2025
23132064.22,10467007.06,13631.11,34569421.31,-12600696.63,6446486.89,0.0,6446486.89,-60712596.95,6812958.04,-1969686.67,-1143259.01,160505.93,-2130192.6,-2130192.6,BRO,2025
17386482.54,3998813.72,16717.59,26592648.51,-10470504.03,3086961.24,0.0,3086961.24,-58582404.35,5631656.89,-3629216.77,-2763969.06,909914.92,-4539131.69,-4539131.69,BRO,2024
17661975.26,3327165.48,20672.72,21797077.81,-5931372.34,809480.15,0.0,809480.15,-54043272.66,4083617.42,-3767819.11,-2865678.57,319500.32,-4087319.43,-4087319.43,BRO,2023
22042257.97,2749631.78,11949.66,23457622.21,-3676061.61,1153395.85,0.0,1153395.85,-49955953.23,6388884.76,-4305024.83,-3375711.97,326083.8,-4631108.63,-5768511.63,BRO,2022
,,,,,,,,,,,,,,,BRO,2021
598775.23,596570.23,580993.32,8510.05,571765.18,59.85,0.0,59.85,290060.11,9732.05,303226.71,303226.71,0.0,303226.71,290060.11,LTM,2025
305523.3,287807.71,15676.93,5318.23,281705.07,0.0,0.0,0.0,-659461.83,21384.83,-658510.0,-648919.02,1483.39,-659993.39,-659461.83,LTM,2024
966507.49,898176.03,244767.64,7819.59,941166.9,,0.0,0.0,-3356483.94,98040.42,-500874.94,-462579.73,79.5,-500954.44,-503157.84,LTM,2023
1507159.73,578910.83,343181.68,43370.52,1444324.74,,0.0,0.0,-2853326.1,91920.06,-2705353.65,-2639817.8,265.0,-2705618.65,-2853326.1,LTM,2022
,,,,,,,,,,,,,,,LTM,2021
57570861.52,30448483.66,377465.65,21948479.49,29682417.52,17646834.58,1000000.0,18868669.54,-6978218.26,37640199.87,-1887562.0,-570267.82,1602101.84,-3489663.84,-3771078.84,WHH,2025
61452992.04,32797135.75,1252476.38,22753145.97,37807915.36,18491108.17,0.0,19788604.19,-2560742.57,38560267.65,2722396.43,4095767.16,1674872.59,1047523.84,1141374.04,WHH,2024
50628713.29,28661385.58,1788090.86,13093270.92,30161984.43,7544533.37,6000000.0,15664697.53,-4471954.8,28220238.75,-893388.78,439770.62,1341085.43,-2234474.21,-2810464.21,WHH,2023
49545614.35,25541730.08,334478.28,8625110.7,33527061.24,2414189.74,5179427.52,10563452.3,1987733.11,52891998.72,6277934.97,7517416.99,664206.05,5613728.92,4810631.92,WHH,2022
,,,,,,,,,,,,,,,WHH,2021
4218667.88,3301444.04,746672.83,2008231.23,643439.69,249485.01,1434047.86,1754980.26,-852275.08,5487108.59,-816577.81,-716047.81,168747.27,-985325.08,-852275.08,TME,2025
4399376.02,3486603.43,1104567.55,1018525.96,1495714.77,238939.97,1679575.54,2030050.35,534776.3,10054380.07,817202.96,1004452.81,259038.66,558164.3,429891.3,TME,2024
4144052.62,3036811.23,23781.19,1812525.18,1065823.47,1368420.34,973005.28,2341425.62,-1348069.19,2298435.24,-507697.18,-211405.75,238377.51,-746074.69,-574026.69,TME,2023
4107849.59,2968367.18,107045.78,1168032.54,1534965.16,393693.23,1111470.14,1505163.37,-878927.5,5695820.74,-883759.5,-562005.2,185740.0,-1069499.5,-878927.5,TME,2022
,,,,,,,,,,,,,,,TME,2021
13020972.75,12123209.63,48456.89,4272722.01,8213674.64,1382.19,0.0,1382.19,-710111.06,1983479.27,2198115.89,2199180.25,174758.39,2023357.5,1857049.09,CTF,2025
9203530.59,8220053.71,792962.16,1948634.46,6356625.55,625342.46,449515.96,1074858.42,-2567160.15,-178304.49,-264879.14,-260982.92,107102.16,-371981.3,-158168.5,CTF,2024
9275227.09,5761190.82,487168.79,1318168.21,6514794.05,575205.48,952564.25,1527769.73,-2408991.65,136612.84,-1197357.52,-1193461.26,124730.58,-1322088.1,-1525649.88,CTF,2023
9322259.48,5606717.09,111157.64,431587.13,8040443.93,0.0,728040.39,728040.39,-883341.77,-73210.51,1183778.53,1187674.75,49345.07,1134433.46,1134433.46,CTF,2022
,,,,,,,,,,,,,,,CTF,2021
4491002.14,864557.37,760947.93,135383.64,2071761.65,78386.93,0.0,78386.93,-22323231.13,100.0,-507981.74,-206393.55,78363.98,-586345.72,-578239.72,TGG,2025
4285261.32,365334.36,166472.64,1397859.32,413223.47,1030000.0,0.0,1030000.0,-21744991.41,14091.49,-523635.74,-515198.96,179.99,-523815.73,-521610.73,TGG,2024
4453078.09,238235.22,11038.66,1272641.89,234834.2,930000.0,,930000.0,-21223380.68,25944.04,-3977750.37,-3977750.37,3298.72,-3981049.09,-4022010.09,TGG,2023
13628946.78,1967578.0,1507989.39,2012247.29,4256844.29,0.0,,0.0,-17201370.59,328620.0,-8263421.07,-8263421.07,36524.37,-8299945.44,-6994933.44,TGG,2022
,,,,,,,,,,,,,,,TGG,2021
4595229.33,3192167.39,375000.74,1693064.0,2395964.5,172458.12,506200.83,678658.95,-4594991.27,2644106.94,-831330.19,-267411.21,24500.52,-855830.71,-855830.71,OVI,2025
2584172.17,1446440.74,187034.94,1633244.67,950927.5,0.0,0.0,0.0,-4039562.11,1804979.82,-192969.38,320452.37,107432.17,-300401.55,-300401.55,OVI,2024
3046912.11,1259464.1,117589.36,2005604.86,484264.05,444920.82,,444920.82,-4096693.89,1293406.02,-355648.0,182314.45,136856.99,-492504.99,-492504.99,OVI,2023
3612851.06,3597341.76,1440.36,2636082.02,976769.04,1033558.47,0.0,1033558.47,-3961722.23,1298949.79,-377196.51,359068.17,98998.53,-476195.04,-476195.04,OVI,2022
,,,,,,21000.0,,,,,,,,,OVI,2021
8013721.13,6763006.61,425987.76,289853.36,7276358.77,,0.0,0.0,-14862512.23,395819.51,916838.68,916838.68,3223.64,913615.04,916252.04,AIN,2025
6818108.62,5211760.8,171591.47,235960.89,6360106.73,0.0,0.0,0.0,-18770687.44,-1028500.22,-2611234.17,-2611234.17,63.0,-2611297.17,-2991923.17,AIN,2024
9586700.06,7771687.24,112988.22,234590.16,9352029.9,,0.0,0.0,-18402411.17,-775715.26,-3260125.82,-3260125.82,85630.08,-3345755.9,-2623646.9,AIN,2023
48290452.88,42974646.6,2099789.6,30558164.06,14361986.75,7938063.26,3164000.0,11102063.26,-1046376.12,20187138.47,-255036.0,342616.73,1149770.12,-1404806.12,-1046376.12,MPY,2025
45565755.84,39103328.6,2713315.07,24225440.74,15408362.87,6112299.73,5399401.85,11511701.58,106863.07,30475802.15,1153176.28,1907158.19,1124826.21,28350.07,106863.07,MPY,2024
34155698.33,27176734.71,3599696.88,16532126.45,15125049.79,3589139.59,1861607.4,5450746.99,-2402267.77,36343158.35,934963.8,1630217.91,591373.16,343590.64,278333.64,MPY,2023
27786042.43,18649014.97,3961184.57,12414218.88,14879299.15,2091607.4,181607.4,2273214.8,-2667294.41,27270984.46,416206.43,1020714.62,221668.26,194538.17,152193.17,MPY,2022
,,,,,,,,,,,,,,,MPY,2021
10234000.0,8496000.0,1939000.0,1305000.0,8914000.0,,,0.0,-22751000.0,3559000.0,116000.0,116000.0,0.0,116000.0,110000.0,PBF,2025
10965000.0,9143000.0,822000.0,2146000.0,8804000.0,,,0.0,-22861000.0,4599000.0,-79000.0,-79000.0,0.0,-79000.0,-93000.0,PBF,2024
12016000.0,9417000.0,1258000.0,3104000.0,8897000.0,,,0.0,-22768000.0,962000.0,293000.0,294000.0,0.0,293000.0,278000.0,PBF,2023
10285000.0,7380000.0,2499000.0,1652000.0,8619000.0,,,0.0,-22266000.0,1960000.0,-289000.0,-283000.0,0.0,-289000.0,-302000.0,PBF,2022
,,,,,0.0,,,,,,,,,,PBF,2021
26839613.24,5013575.1,90378.07,7643916.26,5903794.23,782064.15,1525066.65,2307130.8,-1458927.24,10412053.44,-587674.21,819450.3,451233.33,-1038907.54,-1073591.82,IVE,2025
28492826.79,5942963.89,257370.42,8862145.41,6985660.17,739483.11,1488078.65,2227561.76,-662291.77,9604933.16,236121.4,1632093.73,426663.34,-190541.94,-254962.55,IVE,2024
27568139.82,6093028.35,18484.05,8780389.71,7248896.84,1613201.42,754417.85,2367619.27,-863330.82,6811783.6,-59550.22,1244899.65,383420.25,-442970.47,-372504.55,IVE,2023
22533342.92,4921305.44,1018876.13,4947269.61,8530481.66,421596.54,615582.65,1037179.19,-360907.82,9232439.52,561524.16,1818337.05,356741.3,204782.86,42542.84,IVE,2022
,,,,,,,,,,,,,,,IVE,2021
21591021.62,4766449.98,2711738.16,6304180.64,11590998.52,309756.94,820565.3,1130322.24,1874696.7,27112923.7,3789822.55,7896889.88,167167.72,3622654.83,3090532.04,MAD,2025
17267313.28,3259311.85,1933791.52,5180968.63,8599554.93,309493.44,1109018.05,1418511.49,-1116746.89,11873612.63,-1137686.29,2744394.93,166356.01,-1304042.3,-904726.3,MAD,2024
15625528.05,2767128.4,856084.6,3759358.72,9535853.9,572909.82,,572909.82,1141098.11,23301825.67,1799301.43,5531388.28,234002.4,1565299.03,1321546.03,MAD,2023
16297815.24,4388946.75,868701.81,6081421.32,8193409.04,1225358.83,,1225358.83,229315.34,21996232.73,663746.47,3827743.2,202352.38,461394.09,430662.09,MAD,2022
,,,,,,61820.43,,,,,,,,,MAD,2021
9717108.84,7014234.2,4358521.38,1470158.4,6223485.93,163920.0,771973.15,1636526.95,1152458.61,10550482.54,1791921.14,2153705.29,102523.45,1689397.69,1078612.61,LGT,2025
9238940.47,6623439.86,5199039.98,1761156.32,6183130.18,163920.0,928893.15,1092813.15,215032.59,9807478.64,1528115.23,2073963.07,81815.83,1446299.4,986238.97,LGT,2024
8239426.45,5446010.9,4025180.64,1650216.29,5196892.19,163920.0,1085813.15,1249733.15,847258.7,9111541.85,1893678.29,2394836.43,143351.08,1750327.21,1184936.52,LGT,2023
5880997.9,2791054.98,1811679.12,1446173.02,3428246.15,369636.0,938782.73,1308418.73,557180.37,8246457.75,1339827.54,1880883.39,174459.95,1165367.59,892329.59,LGT,2022
,,,,,,,,,,,,,,,LGT,2021
11474000.0,7032000.0,4632000.0,2381000.0,9055000.0,,,,-2351000.0,11662000.0,-3160000.0,-410000.0,6000.0,-3166000.0,-2351000.0,IVO,2025
16377000.0,9922000.0,3033000.0,3634000.0,11391000.0,,,,-2562000.0,14903000.0,-2752000.0,3205000.0,31000.0,-2783000.0,-2562000.0,IVO,2024
20818000.0,12212000.0,8439000.0,4274000.0,13882000.0,,,,3025000.0,20521000.0,3444000.0,6756000.0,16000.0,3428000.0,3025000.0,IVO,2023
8749701.4,2500937.7,1765701.93,1034457.99,4060169.03,33324.0,,33324.0,-5341243.52,1468240.21,-397899.87,-67039.62,9086.66,-406986.53,-561440.74,IVO,2021
57870185.61,34809623.62,616295.84,6145973.88,39261481.94,1727171.98,9108198.0,10835369.98,-295385.81,17736712.1,662783.56,2022244.14,1041513.37,-378729.81,-295385.81,MER,2025
58383467.58,30587256.15,1101156.49,5943945.12,39556867.75,1516601.28,9562780.94,11079382.22,-6516971.54,13161916.58,-5328421.66,-4114376.45,1156594.88,-6485016.54,-6516971.54,MER,2024
66182070.05,34311393.73,649614.87,6465548.31,46073839.29,2138885.45,10385990.62,12524876.07,60723.69,18628453.05,1950731.98,3060300.89,1249768.29,700963.69,60723.69,MER,2023
66987293.57,19662736.4,1426178.3,8103161.85,46013115.6,3825346.85,10498889.68,14324236.53,401922.46,22384908.87,1977476.47,3194627.33,1182733.54,794742.93,401922.46,MER,2022
,,,,,,,,,,,,,,,MER,2021
6459.61,6459.61,732.61,194900.02,-2044554.37,1344.42,1856113.96,1857458.38,-21484547.81,0.0,109097.73,109097.73,258586.65,-149488.92,-149488.92,VIV,2021
383305.88,381180.88,3755.94,170611.23,212694.65,216.94,,216.94,-6039759.91,0.0,-16538.88,-16538.88,312.16,-16851.04,-16879.04,ARI,2025
391904.58,389751.58,15837.91,162330.89,229573.69,0.0,0.0,0.0,-5536704.06,167400.0,516663.98,516663.98,14137.17,502526.81,486176.81,ARI,2024
90740.91,68850.49,22046.58,466024.8,-1374188.12,110257.36,231415.73,341673.09,-6022880.87,279200.0,-7083.59,-7083.59,50028.67,-57112.26,-55723.26,ARI,2023
161082.34,140580.92,43543.15,526642.97,-1318464.86,113266.28,231415.73,344682.01,-5967157.61,243860.0,-444562.17,-444562.17,94294.83,-538857.0,-541027.0,ARI,2022
,,,,,,259016.37,,,,,,,,,ARI,2021
6485372.29,3732990.01,3531739.5,17612.28,6450689.01,135.55,,135.55,1135171.66,1605043.75,1263719.88,1280530.24,103.0,1263616.88,1135171.66,EXA,2025
5337055.89,4784199.19,3731491.87,18897.76,5315517.35,,,,856423.6,1357524.38,943666.38,964715.4,124.0,943542.38,856423.6,EXA,2024
4483501.54,4206515.74,4077002.84,24406.8,4459093.75,,,,1225743.66,1690983.17,1354524.66,1386116.77,6437.1,1348087.56,1225743.66,EXA,2023
5504682.98,5207548.16,4437822.02,15755.8,5488350.09,,,,1341937.34,1803830.85,1474786.44,1495835.46,11.0,1474775.44,1341937.34,EXA,2022
,,,,,,,,,,,,,,,EXA,2021
2148174.35,262392.9,2.34,227659.36,1920514.99,45173.7,,45173.7,-11713333.8,320552.14,-9632008.52,-9632008.52,1605.16,-9633613.68,-9645013.68,EKE,2022
2484031.29,184031.29,1473.66,296538.92,2187492.37,126789.29,,126789.29,-2068320.12,30445.19,-104453.12,-104453.12,5135.9,-109589.02,-109589.02,EKE,2021
10083000.0,315000.0,5000.0,6973000.0,2377000.0,2275000.0,733000.0,3008000.0,-66183000.0,175000.0,-6535000.0,717000.0,220000.0,-6755000.0,-6755000.0,CCE,2025
17442000.0,422000.0,265000.0,8025000.0,9132000.0,1203000.0,285000.0,1488000.0,-59428000.0,2430000.0,-262000.0,-262000.0,49000.0,-311000.0,-311000.0,CCE,2024
14615000.0,94000.0,1000.0,3452000.0,9443000.0,131000.0,0.0,0.0,-59117000.0,0.0,-717000.0,-717000.0,76000.0,-793000.0,-793000.0,CCE,2023
14723000.0,203000.0,12000.0,2670000.0,11044000.0,77000.0,,77000.0,-57516000.0,148000.0,-54000.0,-54000.0,42000.0,-96000.0,-96000.0,CCE,2022
,,,,,,,,,,,,,,,CCE,2021
4406735.73,4360718.73,792848.48,227673.05,4159139.68,0.0,0.0,0.0,-444700.64,4788950.81,68757.28,71140.52,73.0,68684.28,58964.28,P2C,2025
5890426.06,5846018.82,251665.35,126951.2,4100175.4,,,,-503664.92,992069.6,416932.48,429620.08,3562.64,413369.84,404272.84,P2C,2024
5095062.43,5051511.59,972366.69,173603.26,3695902.56,,,,-907937.76,1067374.16,347100.35,359787.95,2386.53,344713.82,302308.82,P2C,2023
3528048.86,3496290.42,1356807.18,134455.12,3393593.74,,,,-1210246.58,1205118.78,-335844.52,-324040.97,0.0,-335844.52,-335844.52,P2C,2022
,,,,,,,,,,,,,,,P2C,2021
33450701.0,27830353.86,885925.72,19477417.08,10828422.31,3729141.86,879959.9,4609101.76,-6557744.39,50391923.14,1207194.28,2034405.03,734930.63,472263.65,839982.03,RRH,2025
29358786.46,22718798.0,3078360.14,15190402.59,9985534.63,5887709.83,1228276.22,7115986.05,-50463821.89,33076976.41,-45500556.62,-44443691.62,1136838.62,-46637395.24,-46400998.78,RRH,2024
86411975.2,19129912.64,222919.0,16726913.44,64884417.46,6901897.18,1471363.32,8373260.5,-6185079.93,52138983.32,-458531.5,588283.94,1089439.9,-1547971.4,-2249576.48,RRH,2023
86945625.79,19968299.54,4328836.65,16841639.16,67133993.94,124978.99,0.0,124978.99,1551634.37,101137865.04,6997383.34,8033998.16,599549.55,6397833.79,4959887.79,RRH,2022
,,,,,,,,,,,,,,,RRH,2021
47695875.18,15395253.68,102032.96,30188087.37,16669939.81,452122.3,0.0,452122.3,-27248487.22,0.0,-9627552.33,-9620235.99,0.0,-9627552.33,-7664824.24,NTC,2025
34823614.06,12147123.26,80814.45,7237972.43,24334764.05,454122.3,0.0,454122.3,-19583662.98,0.0,9813175.6,9813175.6,1110.0,9812065.6,7929451.33,NTC,2024
24790575.58,425379.39,11054.95,7409378.94,16405312.72,502333.11,0.0,502333.11,-27513114.31,0.0,7869875.83,7869875.83,23722.27,7846153.56,6392976.94,NTC,2023
18391813.3,384770.65,45809.22,7560925.76,10012335.78,758377.9,0.0,758377.9,-33906091.25,0.0,-6903417.9,-6903417.9,4696.77,-6908114.67,-5770300.43,NTC,2022
,,,,,,,,,,,,,,,NTC,2021
4983612.44,284426.14,19402.72,627958.22,2945955.6,,,,-4992563.8,1249373.99,-943482.42,1381061.84,4172.0,-947654.42,-945302.42,RST,2025
6583966.3,127845.2,23524.46,2089120.31,3891258.02,,,,-4047261.38,296914.49,-1639387.15,815615.8,24.0,-1639411.15,-1639411.15,RST,2024
9044464.05,1051090.5,65798.41,3513794.88,5530669.17,,,,-2407850.23,107755.63,-314872.46,54696.52,189.09,-315061.55,-315061.55,RST,2023
6475693.65,833241.52,114663.38,646907.93,5828785.72,,,,-2092788.68,181200.0,-673956.45,-647054.73,73.0,-674029.45,-674029.45,RST,2022
,,,,,,,,,,,,,,,RST,2021
40213000.0,19369000.0,12839000.0,4540000.0,18296000.0,2568000.0,11482000.0,11482000.0,-85503000.0,14007000.0,-1290000.0,-1228000.0,2687000.0,-3977000.0,-3621000.0,KME,2025
45515000.0,18784000.0,11121000.0,54861000.0,-29027000.0,3339000.0,17521000.0,17521000.0,-81882000.0,21902000.0,13279000.0,13373000.0,2151000.0,11128000.0,11122000.0,KME,2024
49252000.0,20691000.0,13756000.0,29832000.0,-55744000.0,,73428000.0,73428000.0,-93004000.0,17205000.0,9535000.0,9690000.0,5733000.0,3802000.0,3802000.0,KME,2023
48864000.0,19607000.0,11487000.0,27506000.0,-58046000.0,79388000.0,79388000.0,79388000.0,-96806000.0,12544000.0,1334000.0,1557000.0,5715000.0,-4381000.0,-4480000.0,KME,2022
,,,,,80648000.0,,,,,,,,,,KME,2021
19597000.0,11759000.0,2592000.0,22017000.0,-2949000.0,0.0,0.0,0.0,-16623000.0,12177000.0,-1433000.0,1188000.0,0.0,-1433000.0,-1164000.0,EKS,2025
22496000.0,12698000.0,2965000.0,23444000.0,-1785000.0,0.0,0.0,0.0,-15459000.0,10919000.0,-806000.0,1556000.0,0.0,-806000.0,-1255000.0,EKS,2024
36003000.0,25231000.0,2650000.0,21586000.0,13674000.0,0.0,0.0,0.0,1427000.0,13126000.0,2375000.0,3557000.0,1000.0,2374000.0,1664000.0,EKS,2023
35014000.0,26358000.0,1986000.0,22794000.0,11984000.0,0.0,0.0,0.0,3582000.0,13869000.0,4680000.0,4816000.0,1000.0,4679000.0,3819000.0,EKS,2022
,,,,,,,,,,,,,,,EKS,2021
1522000.0,1522000.0,28000.0,63000.0,1459000.0,,,,-5697000.0,35000.0,37000.0,37000.0,0.0,37000.0,37000.0,IFR,2025
1476000.0,1476000.0,22000.0,54000.0,1422000.0,,,,-5734000.0,35000.0,4000.0,4000.0,2000.0,2000.0,2000.0,IFR,2024
1469000.0,1469000.0,35000.0,51000.0,1418000.0,,,,-5736000.0,87000.0,77000.0,77000.0,0.0,77000.0,77000.0,IFR,2023
2669000.0,2669000.0,15000.0,51000.0,2618000.0,,,,-5813000.0,90000.0,68000.0,68000.0,0.0,68000.0,68000.0,IFR,2022
1408897.3,432369.99,187205.31,152840.72,1216444.58,0.0,0.0,0.0,-406171.51,518092.71,-20104.36,-20104.36,11.91,-20116.27,-24588.27,HRC,2025
1392760.35,463072.35,268240.37,115039.5,1241032.85,0.0,0.0,0.0,-381583.24,733635.45,82169.3,82169.3,440.75,81728.55,75863.55,HRC,2024
1322113.07,466104.07,213302.92,126799.77,1165169.3,0.0,0.0,0.0,-457446.79,765159.12,110074.64,110074.64,6.55,110068.09,97868.09,HRC,2023
1481502.29,685758.29,110130.81,379422.08,1067301.21,22500.0,0.0,22500.0,-555314.88,1319988.13,6920.75,6920.75,2183.88,4736.87,3312.87,HRC,2022
,,,,,,,,,,,,,,,HRC,2021
23404352.71,18057507.84,3411631.26,15921637.19,5778088.81,,,,-2667059.59,111907518.04,-307637.32,677192.23,687429.5,-995066.82,-1037072.23,CCS,2025
24297808.2,19245164.59,3423040.8,16038368.11,6808062.91,,,,-5362393.72,114920490.09,-2004872.79,-940361.45,538158.38,-2543031.17,-2194432.77,CCS,2024
27516315.29,21753815.91,3962703.32,16355190.2,8981743.79,,,,-5383273.7,114540182.46,-2972868.26,-1652056.42,554305.31,-3527173.57,-3083624.95,CCS,2023
37455169.1,31106523.94,7963572.54,21235494.91,13508460.98,405624.94,,405624.94,2540433.6,187841504.57,7035466.88,8323751.87,495010.21,6540456.67,5123116.11,CCS,2022
,,,,,811250.0,405624.98,1216874.98,,,,,,,,CCS,2021
16630099.38,6055555.31,391.57,16964784.93,-1557121.85,1878255.17,0.0,1878255.17,-156728371.85,2398444.2,-15874122.54,-11698085.91,98498.83,-15972621.37,-13555944.37,ZRX,2025
31629986.74,9799697.39,34574.94,19146406.24,8658822.52,5118616.07,0.0,5118616.07,-143172427.48,6449898.1,-39297276.4,-35002742.98,321169.86,-39618446.26,-39585136.51,ZRX,2024
69872826.2,18291817.5,28917.9,17774081.07,47593959.03,5141366.06,0.0,5141366.06,-103587290.97,15037016.24,-15049357.02,-10621555.25,628519.44,-15677876.46,-14735755.18,ZRX,2023
153355062.16,19816156.43,730655.99,13504524.15,134520452.24,5591100.15,0.0,5591100.15,-16660797.76,40153011.3,-8561812.5,-3530178.05,462623.02,-9024435.52,-8747173.26,ZRX,2022
,,,,,,,,,,,,,,,ZRX,2021
3561716.98,3544751.19,933825.7,415434.17,3146282.81,0.0,0.0,0.0,-442414.97,4134796.42,737548.97,740066.6,229.42,737319.55,694039.55,FRM,2025
2806714.48,2804409.51,1089311.47,349404.22,2452243.26,0.0,0.0,0.0,-636604.24,3767263.13,554057.79,555175.59,2426.51,551631.28,499850.28,FRM,2024
2421148.69,2417725.92,557970.72,350192.01,1695519.41,,112571.7,112571.7,-1136454.52,2431008.8,-1040841.07,-1039723.27,2722.64,-1043563.71,-1025820.71,FRM,2023
3477500.16,3474984.99,1370659.59,474014.29,2978213.69,,1537.18,1537.18,1325089.12,3428394.31,1580110.93,1583228.73,537.0,1579573.93,1435722.93,FRM,2022
,,,,,,,,,,,,,,,FRM,2021
1420688.15,1191826.15,177828.5,205476.05,1215212.1,10284.34,0.0,10284.34,-4945674.81,2300162.87,-395677.63,-308925.66,3230.18,-398907.81,-398907.81,RSG,2025
1532172.23,1216558.26,683300.37,926052.32,606119.91,9810.04,0.0,9810.04,-4546767.0,3453864.09,-4544950.67,-4496471.34,1816.33,-4546767.0,-4546767.0,RSG,2024
5645592.83,5490259.53,454597.08,492705.92,5152886.91,4446.6,0.0,4446.6,360571.74,2734480.75,363802.93,399469.6,3231.19,360571.74,360571.74,RSG,2023
,,,,,,,,,33893.27,-96463.76,-79463.73,13909.33,-110373.09,-110373.09,RSG,2022
20217875.29,13518182.69,239792.73,7138594.79,12406597.75,3351967.24,600000.0,3951967.24,-3796598.47,23811874.84,-1054037.85,-744332.22,217044.93,-1271082.78,-1823003.78,AGP,2025
22094879.89,14226357.93,167554.57,7065717.32,14229601.53,3745539.54,720000.0,4465539.54,-1973594.69,23010346.9,-1251306.42,-900147.49,554410.22,-1805716.64,-1505358.64,AGP,2024
29207179.37,21443655.84,185408.59,12487547.33,15734960.17,8996204.22,840000.0,9836204.22,-468236.05,33361379.18,85833.3,482227.42,671832.35,-585999.05,-468236.05,AGP,2023
28751377.0,21199303.26,297628.92,11455582.48,16203196.22,7297252.95,960000.0,8257252.95,1422673.09,45940082.97,2153909.67,2572602.18,385229.58,1768680.09,1422673.09,AGP,2022
,,,,,,,,,,,,,,,AGP,2021
2552149.72,1225112.43,5.35,1979436.15,-263506.29,0.0,0.0,0.0,-21835189.41,102778.02,-315826.07,-315826.07,43.78,-315869.85,-310784.85,RNT,2025
1384401.13,608138.19,627.02,179635.77,432824.4,0.0,0.0,0.0,-21144815.62,222195.12,15103.17,15103.17,193.15,14910.02,15870.02,RNT,2024
164575.63,162007.63,786.6,203578.15,-39002.52,0.0,0.0,0.0,-21126288.79,200000.0,35347.85,35347.85,0.0,35347.85,34396.85,RNT,2023
46637.9,43118.9,34672.06,120037.27,-73399.37,0.0,0.0,0.0,-21160685.64,0.0,80148.41,80148.41,147.0,80001.41,80613.41,RNT,2022
,,,,,,,,,,,,,,,RNT,2021
16558506.0,5850535.32,921940.31,6771293.63,6636570.76,3218530.37,2877149.12,6095679.49,-158500.29,18913932.92,304282.74,1176191.15,389606.03,-85323.29,-158500.29,CMI,2025
18965113.87,6281844.53,166710.22,8264782.44,6795071.05,3991235.38,3531950.3,7523185.68,-794340.74,17107361.44,-127830.81,569582.42,504189.93,-632020.74,-794340.74,CMI,2024
21139569.93,9006817.68,447010.99,8755153.39,7589411.79,3210322.4,4228167.64,7438490.04,108773.09,31444498.12,459754.27,1267769.18,293867.18,165887.09,108773.09,CMI,2023
26005125.41,14130794.02,1436801.03,12460741.65,7480638.7,1412848.83,5244740.59,6657589.42,1222762.96,34399745.99,1144726.47,1774633.97,177782.51,966943.96,1222762.96,CMI,2022
,,,,,,,,,,,,,,,CMI,2021
22583665.47,17206419.24,79655.12,7199587.93,14183855.36,4622445.49,900000.0,5522445.49,583434.29,22445127.84,1226796.76,1541145.92,487856.47,738940.29,583434.29,RBS,2025
21230390.11,16215492.7,123256.47,4134210.08,13705434.09,2084179.85,3140000.0,5224179.85,329258.35,22219192.9,947502.65,1205117.68,507351.3,440151.35,329258.35,RBS,2024
21494380.61,17644936.59,78141.79,4508798.49,13463766.39,2598564.28,3463318.0,6061882.28,249395.52,20526431.4,706457.85,989873.3,401766.33,304691.52,249395.52,RBS,2023
24319239.49,20456304.37,342719.37,7317591.19,13343722.12,2112674.85,3620000.0,5732674.85,414888.15,21297209.22,793039.88,1031985.64,241808.73,551231.15,414888.15,RBS,2022
,,,,,,,,,,,,,,,RBS,2021
60520.28,35500.58,23994.58,216946.75,-156924.79,0.0,0.0,0.0,-765242.86,0.0,13553.22,13553.22,6240.0,7313.22,7313.22,FPO,2025
59818.48,59818.48,352.26,368038.32,-348468.16,124800.0,39750.0,164550.0,-772556.08,0.0,290303.07,290303.07,0.0,290303.07,290303.07,FPO,2024
22108.31,22108.31,352.26,353203.86,-638771.23,137550.0,307177.36,444727.36,-1062859.15,0.0,-329366.84,-329366.84,1348.05,-330714.89,-330714.89,FPO,2023
92666.54,92666.54,132.54,400722.88,-308056.34,269527.36,0.0,269527.36,-732144.26,0.0,-732054.26,-598959.62,90.0,-732144.26,-732144.26,FPO,2022
,,,,,,,,,,,,,,,FPO,2021
10596000.0,1622000.0,21000.0,44542000.0,-34974000.0,26285000.0,895000.0,27280000.0,-177292000.0,812000.0,-417000.0,493000.0,1692000.0,-2109000.0,-1571000.0,ADV,2025
596000.0,550000.0,95000.0,34871000.0,-33403000.0,21729000.0,86000.0,21862000.0,-175721000.0,334000.0,-1797000.0,-1759000.0,739000.0,-2536000.0,-2788000.0,ADV,2024
2415000.0,1933000.0,641000.0,43384000.0,-49237000.0,29869000.0,0.0,29869000.0,-173410000.0,990000.0,-8418000.0,-8412000.0,2752000.0,-11170000.0,-8208000.0,ADV,2023
6587000.0,2237000.0,71000.0,44018000.0,-53412000.0,29235000.0,7199000.0,36434000.0,-174030000.0,173000.0,-42781000.0,-42681000.0,4711000.0,-47492000.0,-55235000.0,ADV,2022
,,,,,,,,,,,,,,,ADV,2021
7102398.87,3789662.3,39514.54,2298304.54,4330732.65,1169588.57,,1169588.57,-64211194.44,860686.74,-12190814.29,-9632677.9,94893.7,-12285707.99,-12285707.99,GDC,2024
18864531.85,3317628.35,28756.83,1898266.28,16616440.64,1121228.91,,1121228.91,-51925486.45,1366392.54,-35939936.78,-24798733.16,35424.63,-35975361.41,-36463254.41,GDC,2023
71797610.0,11656920.0,141010.0,82670.0,71703030.0,0.0,0.0,0.0,-417330.0,1799850.0,-2541960.0,-2422070.0,161070.0,-2703030.0,-2282320.0,GDC,2021
271839.59,270224.59,143395.84,13087.94,258751.65,,,,-1459701.7,0.0,-1457919.62,-1457919.62,167.08,-1458086.7,-1459701.7,ECL,2025
1734189.84,182025.84,96426.86,15736.49,1718453.35,,,,-321854.38,0.0,-114142.48,-114142.48,,-388164.38,-321854.38,ECL,2024
2056586.09,570732.09,125444.81,16278.36,2040307.73,10.0,,10.0,-6438017.98,0.0,-7921048.36,-7921048.36,2823.62,-7923871.98,-6438017.98,ECL,2023
8516477.84,8516477.84,1.09,38152.13,8478325.71,19048.39,,19048.39,2578441.98,0.0,4002752.55,4002752.55,150.1,4002602.45,3620393.45,ECL,2022
,,,,,,,,,,,,35002.51,,,ECL,2021
1954499.24,1922749.11,230505.55,390343.98,1522505.26,0.0,,0.0,505001.19,3949257.2,638321.9,663830.56,2130.71,636191.19,505001.19,CLA,2025
2438660.76,2357020.35,383794.99,721156.69,1717504.07,0.0,,0.0,705142.67,3494540.18,742752.46,787198.05,1521.79,741230.67,705142.67,CLA,2024
2723623.56,2624588.76,833052.9,511262.16,2212361.4,0.0,,0.0,203758.22,3091780.27,170109.9,221598.08,8818.68,161291.22,203758.22,CLA,2023
2791143.53,2680979.85,662099.1,254879.35,2508603.18,25224.67,,25224.67,738047.97,3165341.84,820464.22,869536.06,17896.5,802567.72,738648.72,CLA,2022
,,,,,,,,,,,,,,,CLA,2021
105859.78,105859.78,736.72,93143.64,12716.14,25417.81,,25417.81,-178643.86,0.0,-110079.58,-110079.58,417.81,-110497.39,-110497.39,UNV,2025
4056171.44,201675.44,25.79,78461.91,3962773.53,,,,-71349.12,0.0,-71249.1,-71249.1,100.02,-71349.12,-71349.12,UNV,2024
4094991.93,4080747.93,3665.9,46625.28,4034122.65,,,,21396.18,0.0,19563.79,19563.79,521.61,19042.18,21396.18,UNV,2023
4048161.53,4040136.53,2480.49,25056.06,4012726.47,,0.0,0.0,-2832.1,0.0,328.83,328.83,806.93,-478.1,-2832.1,UNV,2022
,,,,,0.0,0.0,0.0,,,,,,,,UNV,2021
70349.94,70349.94,,124725.26,-54375.32,433.68,,433.68,-2709375.32,0.0,-145943.47,-145943.47,296.66,-146240.13,-146240.13,AVE,2025
3367924.72,139084.72,4209.47,47219.91,3320704.81,,,,-475312.27,0.0,-151170.44,-151170.44,,-99364.96,-99364.96,AVE,2024
3451806.09,3451806.09,46491.84,31736.32,3420069.77,,,,-418320.66,1500.0,-141373.35,-141373.35,,-42373.35,-42373.35,AVE,2023
3481379.12,3481379.12,108721.15,18936.0,3462443.12,,,,-379946.72,0.0,-3979.41,-3979.41,20.0,-3999.41,-3999.41,AVE,2022
,,126100.57,,,,,,,,,,104.45,,,AVE,2021
2488869.36,2483186.4,762.14,3760099.6,-1271230.24,1261439.33,0.0,1261439.33,-13781735.21,421311.65,-4979820.28,-4976306.32,352288.04,-5332108.32,-5331769.31,K2P,2025
6336581.0,1978429.65,13630.48,3648702.92,2687539.07,1069714.53,0.0,1069714.53,-8449965.9,1897203.5,-6144763.83,-6141790.47,108682.23,-6253446.06,-6248254.66,K2P,2024
15635800.76,11274676.05,21138.55,8794795.62,6835474.73,1023081.93,,1023081.93,-2201711.24,3635253.31,-3216934.63,-3211992.83,52250.66,-3269185.29,-3210736.1,K2P,2023
17819590.43,17798001.44,281494.57,8026234.85,9729375.98,1130812.66,,1130812.66,1009024.86,6319233.01,976747.16,978599.67,16664.69,960082.47,933004.51,K2P,2022
,,,,,,,,,,,,,,,K2P,2021
16575225.94,9243918.14,3049784.21,8109614.25,6343315.65,557255.39,,839562.22,-1189309.9,28807776.71,-120183.93,3601987.65,58387.11,-178571.04,-411278.28,QUB,2025
17558879.17,8710251.44,1669495.12,8790362.93,6754593.93,869479.11,,1244032.76,-2416641.99,32425997.66,-2209767.8,2137718.63,43424.74,-2253192.54,-1713267.22,QUB,2024
18825135.16,9323086.48,1383044.8,8378615.99,8704871.68,637812.64,,970433.74,-1984091.36,30841170.73,1010036.58,3887156.92,102204.97,907831.61,689719.05,QUB,2023
14713141.72,7022211.39,656219.83,5690372.0,8015152.63,1423669.35,39185.0,1510326.84,-2673810.41,18875365.26,-4444904.16,-2340241.89,47642.11,-4492546.27,-3490781.07,QUB,2022
,,,,,,181089.0,,,,,,,,,QUB,2021
12653695.22,2324913.96,1134015.09,3350003.56,8635684.92,2000000.0,0.0,2000000.0,-390522.83,15095417.89,82532.61,562227.32,230225.26,-147692.65,-307712.65,MXP,2025
12787950.61,1965029.01,745749.21,3470573.85,8350207.75,2000000.0,0.0,2000000.0,2798.37,15658364.85,279760.76,772986.2,256566.39,23194.37,2798.37,MXP,2024
12766861.3,1931876.78,653267.38,3437542.28,8037109.38,2014659.18,0.0,2014659.18,278132.01,15471747.15,677585.78,1121904.73,282507.77,395078.01,278132.01,MXP,2023
12460516.34,2072347.11,678469.47,3688727.01,7505977.37,2513343.53,,2513343.53,398921.27,13928392.37,716519.56,996359.07,278581.29,437938.27,398921.27,MXP,2022
,,,,,,513354.44,,,,,,,,,MXP,2021
3803192.8,3595670.49,,2787166.42,1008187.82,,,,-643098.79,1391773.28,-116176.47,-57177.54,83315.57,-199492.04,-199492.04,ECN,2025
2082029.77,1833102.35,14269.82,2494942.48,-562475.43,613362.84,,613362.84,-1725606.49,3542715.52,9965.21,35774.0,49978.01,-40012.8,-43781.8,ECN,2024
1469471.82,1397063.85,182663.29,407198.84,1051286.61,5.9,,5.9,7011.98,4244995.93,157558.89,187204.09,1530.78,156028.11,118856.83,ECN,2023
1598390.14,1484118.18,532052.25,478406.77,1082409.78,0.0,,0.0,118813.87,3723305.15,266536.35,310672.55,1200.7,265335.65,230658.72,ECN,2022
,,210131.94,,,0.0,50280.0,0.0,,,,,,,,ECN,2021
3648799.78,2834290.52,768951.16,1046578.72,2346879.66,605627.0,,605627.0,23537.35,17535562.81,146760.22,299029.76,87046.87,59713.35,23537.35,DKR,2025
3755791.08,3173252.78,613784.68,1100832.77,2654542.31,753095.0,0.0,753095.0,418331.65,18269830.16,653563.51,776714.64,124848.86,528714.65,418334.65,DKR,2024
4611383.72,4328364.76,881213.55,1910515.06,2699887.66,1463129.91,,1463129.91,563801.42,19417989.45,898676.98,1023457.43,189215.56,709461.42,563801.42,DKR,2023
8307626.75,7804526.34,454430.81,3963540.51,4344086.24,3394162.34,0.0,3394162.34,2198064.57,25410453.23,2972522.26,3089632.38,240023.69,2732498.57,2198064.57,DKR,2022
,,,,,,141067.34,,,,,,,,,DKR,2021
46293.48,46293.48,13402.3,4305.0,33488.48,,,,-20909560.28,0.0,-127218.26,-127218.26,14050.43,-141268.69,-141268.69,FTL,2025
27911.26,27911.26,2026.77,340654.09,-325242.83,321185.64,,321185.64,-20871305.79,0.0,-90758.93,-90758.93,12255.27,-103014.2,-103014.2,FTL,2024
14166.23,14166.23,10934.23,212394.86,-222228.63,203960.15,,203960.15,-20892734.49,500.0,-116835.8,-116835.8,7607.1,-124442.9,-124442.9,FTL,2023
19984.41,19984.41,257.41,92770.14,-97785.73,91294.11,9129.411,91294.11,-20768291.59,517.91,-110040.79,-110040.79,6293.42,-116334.21,-116334.21,FTL,2022
,,,,,0.0,0.0,0.0,,,,,,,,FTL,2021
4211930.26,4139217.42,73179.37,333451.29,3728807.58,203524.6,0.0,203524.6,-1206501.6,1341976.23,-424880.11,-370921.78,4611.96,-429492.07,-382390.79,PDG,2025
5074796.48,4995517.53,114618.21,231725.86,4693690.17,,,,-241619.01,1464980.42,240353.78,335567.61,2057.94,238295.84,67442.01,PDG,2024
6771373.88,6486620.72,1088530.63,1747277.7,4935309.18,0.0,0.0,0.0,-620263.47,4413822.42,-608496.62,-553671.87,2290.85,-610787.47,-620263.47,PDG,2023
6543756.08,6389329.17,103129.25,2111485.43,4353110.65,0.0,0.0,0.0,1090004.82,2163631.21,1071139.97,1105756.38,10030.15,1061109.82,1090004.82,PDG,2022
,,,,,,,,,,,,,,,PDG,2021
6151759.91,2415070.71,107773.03,3570279.04,2581480.87,1115470.84,0.0,1115470.84,-17014273.76,1941819.96,-484087.33,-484087.33,2477.41,-486564.74,-486564.74,IMR,2025
6210689.94,1902315.34,288022.94,3136540.87,3074149.07,1078190.17,0.0,1078190.17,-16521605.56,2075747.57,-618968.89,-618968.89,141.88,-619110.77,-629692.77,IMR,2024
6218328.35,1338268.35,23976.05,2514486.51,3703841.84,762537.31,0.0,762537.31,-15891912.79,2566227.78,-5475979.55,-5475979.55,45550.1,-5521529.65,-5521529.65,IMR,2023
10520284.71,1337221.83,59217.48,1294913.22,9225371.49,400438.69,0.0,400438.69,-10370383.14,3836957.48,-2267113.97,-2267113.97,21795.82,-2288909.79,-2288909.79,IMR,2022
,,,,,,,,,,,,,,,IMR,2021
7287957.92,3685046.41,190124.43,5575009.32,1476272.34,1279091.14,0.0,1279091.14,-18523727.66,2205915.37,493671.28,627058.41,0.0,493671.28,540486.18,PLG,2025
6387968.37,2797006.79,118632.75,5381400.43,678911.68,1279091.14,0.0,1279091.14,-19321088.32,1384536.28,68310.62,300080.62,0.0,68310.62,115125.51,PLG,2024
6346732.68,4023867.2,177996.74,6389495.39,-42762.71,1207786.32,0.0,1207786.32,-20042762.71,2380966.75,260537.06,260537.06,198447.25,266693.85,266693.85,PLG,2023
5522164.03,2510888.39,188281.62,4447286.45,842221.32,1009614.81,0.0,1009614.81,-19157778.68,1058727.8,-1102236.68,-848998.77,27690.01,-1129926.69,-1113818.69,PLG,2022
,,,,,,,,,,,,,,,PLG,2021
2156231.86,1124755.59,16616.15,1332886.82,815207.76,325719.26,0.0,325719.26,-10184792.24,7110793.05,-10000012.92,-9813425.02,60480.6,-10060493.52,-10060493.52,SZR,2025
13243630.73,5335030.66,169226.12,2301329.72,10942301.01,890859.43,0.0,890859.43,-1769150.7,13273046.92,-1692826.55,-1487924.12,76324.15,-1769150.7,-1769150.7,SZR,2024
14923133.15,6856630.65,458769.83,2186926.6,12711451.71,691905.09,0.0,691905.09,-1626390.05,16932063.55,-1534147.04,-1354341.33,92081.01,-1626228.05,-1626390.05,SZR,2023
17476332.48,9328634.71,1642048.64,3135384.72,14337841.76,1194282.71,,1194282.71,161393.8,37021497.86,274065.85,423932.92,67013.05,207052.8,161393.8,SZR,2022
,,,,,,125741.54,,,,,,,,,SZR,2021
6378652.18,3526806.12,199787.33,9327768.42,-3690326.49,812533.66,657921.88,1470455.54,-5097752.95,29620307.8,-2068022.2,-1732771.01,83727.94,-2151750.14,-2151750.14,MLP,2025
6948792.61,3805941.38,54959.01,7278911.34,-1052023.39,1066275.92,557952.74,1624228.66,-2459449.85,29613593.32,-551147.98,-120814.78,172629.82,-723777.8,-723777.8,MLP,2024
7672713.14,4449232.07,136294.57,6839941.5,-328245.59,668029.93,943079.57,1611109.5,-1735672.05,29989571.85,-1340532.64,-821100.19,158486.24,-1499018.88,-1499018.88,MLP,2023
7120715.37,3575725.46,156523.87,5125494.59,1170773.29,1647147.38,170374.34,1817521.72,-1368367.51,30426448.05,-1174467.07,-538111.12,168025.44,-1342492.51,-1368367.51,MLP,2022
,,,,,,,,,,,,,,,MLP,2021
13282338.65,12014172.64,1798711.27,4901720.17,7883885.83,534989.83,0.0,534989.83,593505.28,7377918.97,675654.28,1135423.61,93572.99,582081.29,593505.28,SMT,2025
11267875.63,9484817.41,762719.59,3272783.94,7290380.55,667065.4,0.0,667065.4,316966.47,11731955.61,962910.56,1404382.49,562779.02,400131.54,316966.47,SMT,2024
11171854.09,9409114.72,31555.42,3992083.73,6973414.08,2190957.74,,2190957.74,229174.07,6970883.71,466430.61,973139.31,208722.3,257708.31,229174.07,SMT,2023
9376981.8,7208337.59,13022.89,2549468.08,6744240.01,813679.5,,813679.5,113701.03,5089891.17,89003.15,306588.87,22682.52,66320.63,113701.03,SMT,2022
,,,,,,13500.0,,,,,,,,,SMT,2021
3761427.45,1789145.91,64921.23,128510.96,3619416.49,,,,19416.49,488779.44,96463.82,101731.51,203.81,169906.58,163156.58,P24,2025
3594038.9,1691489.67,61419.04,131028.99,3456259.91,,,,-2543740.09,926772.03,101866.82,107134.51,8.01,176858.61,170108.81,P24,2024
3524661.92,1355571.63,207858.4,238510.32,3286151.1,0.0,0.0,0.0,-2713848.9,1445476.08,614736.45,620004.14,60.75,614675.7,595602.7,P24,2023
2771807.85,1920417.55,156897.62,81259.46,2690548.39,0.0,0.0,0.0,-3309451.61,1423614.33,219236.86,224504.55,211.29,219025.57,219025.57,P24,2022
,,,,,0.0,0.0,0.0,,,,,,,,P24,2021
46477510.72,15499550.08,1278015.67,6242372.56,12047216.76,0.0,0.0,676770.85,2658420.24,7696972.65,457162.97,910897.35,59776.84,397386.13,328272.65,AUX,2025
47240670.29,15402234.85,1483928.12,6448254.07,11718944.11,0.0,0.0,716838.09,2809741.2,7412093.63,633221.45,839050.14,32857.61,600363.84,416661.44,AUX,2024
46444886.88,15517474.16,1372377.15,6716762.21,11302282.68,0.0,0.0,276798.37,2615556.9,7524727.17,385779.11,723283.67,62117.88,323661.23,179318.89,AUX,2023
46842519.18,17166586.89,1627793.7,8534574.86,11122963.79,211032.6,0.0,471282.38,2701450.39,8842916.87,573077.21,894529.65,217724.5,355352.71,60004.68,AUX,2022
,,,,,,,,,,,,,,,AUX,2021
301941.01,168201.01,,559353.36,-345514.16,,,,-3033514.16,0.0,-86271.63,-14084.38,0.0,-86271.63,-86271.63,GOL,2025
843800.31,367133.14,93.57,404938.06,100167.98,23550.72,53101.81,76652.53,-2587832.02,0.0,-195355.9,-59985.94,10246.88,-205602.78,-205602.78,GOL,2022
1087436.22,475399.09,93.57,343534.27,305770.76,20003.42,53101.81,73105.23,-2382229.24,0.0,-199086.6,-63716.64,18499.66,-217586.26,-217586.26,GOL,2021
10662243.47,2528682.43,18225.95,8004042.52,2580211.95,7423119.87,0.0,7423119.87,-1752602.75,193826.6,-1292745.7,-828980.01,486806.93,-1779552.63,-1752602.75,ASR,2025
12131511.16,3344877.83,153079.71,3004219.45,4332814.7,942282.74,4717778.13,5660060.87,116630.44,2878991.29,613968.05,1174217.81,583050.61,30917.44,116630.44,ASR,2024
12423554.83,3013259.74,64414.24,5775868.69,4216184.26,3414900.12,2003274.3,5418174.42,-2810220.92,3325098.9,-2142359.21,-1580039.8,472358.97,-2614718.18,-2614718.18,ASR,2023
13136940.73,2996005.28,58378.81,8390707.37,2858197.63,4069397.69,1759519.23,5828916.92,-5681181.05,3235148.02,-5202390.92,-4591274.13,556024.0,-5758414.92,-5681181.05,ASR,2022
,,,,,,,,,,,,,,,ASR,2021
1654493.01,1412996.88,64510.38,981071.96,673007.05,54986.3,0.0,54986.3,-1985493.44,2669017.55,1093729.81,1142453.61,21335.67,1072394.14,1106549.57,7LV,2025
1167242.23,1050176.93,165476.86,1600784.75,-433542.52,104526.03,0.0,104526.03,-3092043.01,3249817.91,-866926.49,-853539.29,8985.0,-875911.49,-918846.31,7LV,2024
703171.71,664604.87,179201.49,989896.52,-290651.21,0.0,,0.0,-2173196.7,2825178.42,-2170133.04,-2121322.41,1397.66,-2171530.7,-2173196.7,7LV,2023
1895782.2,1807771.86,1058433.94,612465.87,1282545.49,,,,-3806990.29,2788355.35,-755382.19,-663958.6,334.4,-755716.59,-752189.59,7LV,2022
,,,,,,,,,,,,,,,7LV,2021
2717136.58,2696135.34,746407.01,229554.19,2340672.39,0.0,0.0,0.0,-2118313.33,955125.2,-962692.17,-962692.17,615.94,-963308.11,-998852.11,BKD,2025
3769495.78,3741387.4,1700624.06,295253.28,3339524.5,0.0,0.0,0.0,-1119461.22,1494247.63,20752.75,20752.75,255.48,20497.27,-101379.73,BKD,2024
3626855.24,3606089.24,2314591.65,139044.01,3447303.23,0.0,0.0,0.0,-306390.16,2402053.2,787507.34,795415.94,81.01,787426.33,705292.33,BKD,2023
2826419.43,2799573.33,1894669.06,74122.53,2742010.9,7500.0,0.0,7500.0,-224629.1,2285668.08,822589.19,822589.19,48.8,822540.39,787053.39,BKD,2022
,,,,,,,,,,,,,,,BKD,2021
69205.13,62498.85,17222.18,169591.24,-211766.87,0.0,0.0,0.0,-5989255.99,1087637.64,-1710644.45,-1709054.71,159219.17,-1869863.62,-2241400.35,IPW,2025
2707455.52,2303717.76,16948.07,3176291.16,-515865.64,2775265.69,0.0,2775265.69,-3747855.64,687143.42,-1478528.51,-1478528.51,205963.16,-1684491.67,-1534519.75,IPW,2024
3520462.57,3520462.57,4750.89,250205.37,660696.1,0.0,2609561.1,2609561.1,-2571293.9,1110041.88,-546445.07,-541080.49,310485.04,-856930.11,-875933.11,IPW,2023
3809785.76,3809785.76,11859.08,84148.19,1787186.52,,1938451.05,1938451.05,-1444803.48,601358.4,-132511.82,-132511.82,0.0,-132511.82,-135251.82,IPW,2022
,,,,,,,,,,,,,,,IPW,2021
4175.73,4175.73,476.46,4160298.7,-4470328.12,212651.03,180631.39,393282.42,-6828328.12,0.0,-320596.5,-299184.09,149394.13,-469990.63,-469990.63,MRH,2025
126246.04,32480.21,407.35,5204583.53,-5078337.49,1573825.06,0.0,1573825.06,-6358337.49,0.0,-491855.63,-491855.63,46465.44,-538321.07,-538321.07,MRH,2024
173822.84,32072.86,0.0,4713839.26,-4540016.42,1553748.27,0.0,1553748.27,-17340016.42,0.0,74947.16,74947.16,122781.65,-47834.49,-47834.49,MRH,2023
275606.12,133856.14,55770.46,4767788.05,-4492181.93,1470335.36,0.0,1470335.36,-17292181.93,6338773.15,-5292492.64,-4923743.04,43057.56,-5335550.2,-5335550.2,MRH,2022
,,,,,,,,,,,,,,,MRH,2021
2260051.43,1622166.51,129545.77,1845075.39,108272.36,586970.96,,586970.96,-5289771.2,849355.77,-3081115.65,-2282023.47,124450.36,-3205566.01,-3205566.01,EMP,2025
2540846.64,420361.81,284048.22,2804349.06,-884036.23,761822.75,,761822.75,-2084205.19,901445.88,-1648415.45,-808383.38,25296.33,-1673711.78,-1673711.78,EMP,2024
4200940.81,1240423.91,35251.43,2101011.18,960284.32,444231.2,0.0,444231.2,-239884.64,3950997.23,-206443.65,631024.33,33440.99,-239884.64,-239884.64,EMP,2023
4763578.89,1918423.72,99255.57,3013770.95,660168.96,754313.29,0.0,754313.29,-3892736.62,4012060.91,229305.87,888255.79,61994.25,167311.62,167311.62,EMP,2022
,,,,,,410806.45,,,,,,,,,EMP,2021
9907108.98,9172443.64,1829073.1,728710.66,8291747.32,0.0,0.0,0.0,-3068603.12,1545497.96,-3269821.0,-3244282.0,46658.48,-3316479.48,-2863496.48,ONE,2025
13139853.2,12547595.93,665722.83,783794.51,11179979.4,0.0,0.0,0.0,606682.88,3129534.89,730061.5,774598.14,57349.83,672711.67,764971.67,ONE,2024
13372840.06,12885980.15,746771.68,1951301.83,8726711.02,1012039.19,1551250.0,2563289.19,244278.23,3352861.36,699166.86,773585.77,65756.73,633410.13,405295.13,ONE,2023
13790228.37,12907292.07,139561.33,2179920.07,7639546.99,1113156.09,2721250.0,3834406.09,-186241.03,2366041.46,142310.79,280707.92,,122673.87,-25224.13,ONE,2022
,,,,,,,,,,,,,,,ONE,2021
5400429.77,5398029.77,151407.27,152927.55,5247502.22,0.0,0.0,0.0,-797673.18,841883.35,-796084.32,-795971.25,1588.86,-797673.18,-797673.18,ECC,2025
5754732.76,5752219.69,41660.44,209557.36,5545175.4,0.0,0.0,0.0,-467044.85,1977105.42,-467044.85,-465145.61,0.0,-467044.85,-467044.85,ECC,2024
7002750.43,6985838.12,220586.25,990530.18,6012220.25,,,,-1020997.18,4411695.23,-1014168.99,-1009644.67,6828.19,-1020997.18,-1020997.18,ECC,2023
13207825.09,13171402.31,638024.43,6174607.66,7033217.43,,,,-768605.05,824876.53,-768563.02,-694185.9,42.03,-768605.05,-768605.05,ECC,2022
,,,,,,,,,,,,,,,ECC,2021
10842690.51,9278870.2,172322.63,4147874.38,6670817.96,1461268.06,0.0,1461268.06,369555.69,13391166.25,595216.97,693806.93,114581.85,480635.12,369555.69,PTN,2025
10777944.29,9099114.62,134626.68,4088238.88,6659162.27,1371424.76,0.0,1371424.76,368570.0,12864959.75,543526.26,652124.89,108724.77,434801.49,368570.0,PTN,2024
10729758.23,9290127.99,132231.72,4261211.25,6433752.27,1649374.23,0.0,1649374.23,319636.86,13670384.2,628493.17,786634.14,207022.12,421471.05,319636.86,PTN,2023
11831327.53,10272707.76,645440.46,5024090.94,6758335.41,2092047.17,0.0,2092047.17,922414.45,13613908.26,1374778.2,1532537.16,192523.7,1182254.5,922414.45,PTN,2022
,,,,,,,,,,,,,,,PTN,2021
13464894.59,6114629.11,379150.7,6757724.46,5695786.74,4488668.36,,4488668.36,-5719923.01,2242821.82,-387244.92,-228678.23,221316.76,-608561.68,-872548.95,LCN,2025
8393179.43,1243602.77,148927.41,1793712.16,6566614.69,,,,-4682786.84,1011461.13,-455840.25,-277098.88,151.12,-455991.37,-442214.95,LCN,2024
7556844.55,1274676.29,893737.3,536614.91,7008829.64,,,,-4240571.89,16518.94,-437155.16,-268112.28,41350.21,-478505.37,-598722.37,LCN,2023
8793921.21,2536459.14,2046220.49,1182217.63,7607552.01,454437.72,4151.57,458589.29,-3641849.52,2932.43,-1141166.62,-979184.16,12331.46,-1153498.08,-1185543.82,LCN,2022
,,,,,783834.8,350000.0,1133834.8,,,,,,,,LCN,2021
13238348.94,5030750.63,855585.08,7373060.22,3626795.42,90938.41,2108190.21,2199128.62,-4856232.53,13994033.02,-1460278.81,-1302211.1,254309.56,-1714588.37,-1714588.37,HRT,2025
14205789.44,5744604.89,1181372.82,7909900.59,4081327.6,71797.73,2214561.25,2286358.98,-3401700.35,15987551.09,-155674.99,9113.39,284037.51,-439712.5,-439712.5,HRT,2024
15155589.52,6996524.61,894478.79,8345882.8,4521040.1,64794.43,2288666.62,2353461.05,-2961987.85,12990660.2,472932.54,637462.29,316030.62,156901.92,127346.92,HRT,2023
16717299.66,8458715.51,371102.99,9965007.36,4393693.18,47591.67,2358599.12,2406190.79,-3089334.77,11193214.63,75123.41,249977.67,253892.6,-178769.19,-201455.19,HRT,2022
,,,,,,,,,,,,,,,HRT,2021
10061710.9,5163215.88,154821.24,2293181.85,4955300.59,828316.1,1238898.87,2067214.97,-7314955.56,1912240.13,-2998978.35,1821408.1,182635.18,-3181613.53,-3181613.53,CRB,2025
13076604.88,4676028.87,90704.57,2154907.11,8120414.12,632562.53,1807533.29,2440095.82,-4133342.03,3852104.37,-1871291.47,2881548.81,191239.61,-2062531.08,-2062931.08,CRB,2024
15777568.98,5353847.15,306559.45,3495200.09,10130814.2,1980637.87,0.0,1980637.87,-1687794.7,5630554.32,320389.22,2549551.33,10027.21,310362.01,180873.01,CRB,2023
12255014.33,9920766.2,752939.44,651019.5,8959045.84,0.0,0.0,0.0,1582265.06,4668365.28,219717.8,1904009.56,942.25,218775.55,626952.32,CRB,2022
,,,,,,,,,,,,,,,CRB,2021
27352448.38,10293473.49,113531.22,8738712.43,15801715.7,2646049.69,2615046.7,5344315.48,586236.05,30967513.2,2834627.59,2952820.87,681102.73,2153524.86,2162042.86,KPC,2025
30838085.2,9999127.77,188857.37,11447723.92,13639672.84,5417721.94,5237158.71,10978843.83,-1508293.15,26669316.01,751113.36,941381.87,890901.7,-139788.34,67513.66,KPC,2024
32174384.86,11615629.87,354453.86,12306055.09,13572159.18,5261728.81,5453885.06,11111332.85,-1575806.81,34300191.45,909388.68,1180982.27,870243.41,39145.27,5518.27,KPC,2023
36473035.63,16761728.33,420961.43,16204630.82,13566640.91,5208510.25,6263763.02,11764556.28,-1523561.46,54218058.99,866382.69,1156370.89,782010.07,84372.62,57763.62,KPC,2022
,,,,,,,,,,,,,,,KPC,2021
12648338.8,104836.34,796.79,3051586.37,-3532107.7,1977261.03,11926758.73,13904019.76,-8969065.45,0.0,-36079.96,36154.76,886936.67,-923016.63,-923016.63,CCR,2025
15691491.0,508466.2,3165.95,5246409.59,-1913091.99,1862874.55,11156072.0,13018946.55,-7350049.74,84264.08,-3222658.62,-3140174.22,1844500.69,-5067159.31,-5067159.31,CCR,2024
15517166.98,606446.09,62840.55,3777347.02,3927925.05,3224716.14,6609793.5,9834509.64,-1379192.7,2303683.8,507833.95,591678.36,870539.18,-362705.23,-362705.23,CCR,2022
14604011.31,154088.66,74328.98,2031967.63,4199747.73,1804501.12,7170194.55,8974695.67,-930655.02,,,,,,,CCR,2021
,,,,,,,,,1453418.74,28319.04,111759.12,1629280.69,-1600961.65,-1600961.65,CCR,2023
231568.11,8589.22,39.22,2240653.71,-2159488.08,1175095.48,150402.48,1325497.96,-30525470.17,38000.0,-292585.18,-226929.1,109457.77,-402042.95,-402042.95,BTC,2025
381765.12,100863.89,,1984894.1,-1757445.13,,154316.15,1179902.36,-30123427.22,,,,,,,BTC,2024
634342.34,306061.81,0.0,1328577.99,-807322.28,952669.84,113086.63,1065756.47,-28481199.37,244442.63,-20625364.41,-20518158.98,0.0,-20625364.41,-20625364.41,BTC,2023
20095495.84,512586.11,53344.86,1349958.59,18745537.25,117858.02,0.0,117858.02,-8928339.84,1673710.45,375675.88,412504.5,0.0,375675.88,335803.88,BTC,2022
,,74467.94,,,113086.63,,,,241160.28,-1266300.33,-1263780.57,0.0,-1266300.33,-1266300.33,BTC,2021
6305000.0,3709000.0,447000.0,79176000.0,-73568000.0,1000.0,,596000.0,-92414000.0,25088000.0,-6257000.0,-5279000.0,5951000.0,-12208000.0,-12129000.0,KCH,2025
14170000.0,8151000.0,633000.0,74673000.0,-61438000.0,1754000.0,,2634000.0,-80284000.0,44599000.0,-6889000.0,-5830000.0,6680000.0,-13569000.0,-13493000.0,KCH,2024
23685000.0,15500000.0,2631000.0,69743000.0,-47946000.0,2633000.0,,3907000.0,-66792000.0,80163000.0,-49157000.0,-48037000.0,19162000.0,-68319000.0,-68261000.0,KCH,2023
28255000.0,19955000.0,3327000.0,6734000.0,20004000.0,2900000.0,0.0,3588000.0,-9368000.0,93503000.0,-6835000.0,-5519000.0,595000.0,-7430000.0,-10837000.0,KCH,2022
,,,,,,2890000.0,,,,,,,,,KCH,2021
2247088.64,1945703.26,337915.67,288767.32,1958321.32,406.03,,406.03,-7543070.18,902435.49,-2345718.06,-2341560.53,89.0,-2345807.06,-2383924.06,CFG,2025
4448031.2,4423206.23,703262.74,105785.82,4342245.38,178.95,,178.95,-5159146.12,2666034.03,-550697.37,-517354.54,200.64,-550898.01,-591366.01,CFG,2024
5136066.25,5050484.68,134337.5,202454.86,4933611.39,100378.04,,100378.04,-5763742.79,1222019.57,-1195606.96,-1190910.0,355.72,-1195962.68,-1195962.68,CFG,2023
6088943.26,6071060.88,487275.38,424823.56,5664119.7,219.67,,219.67,-5623206.51,3521589.23,-1833854.0,-1798024.23,3038.81,-1836892.81,-1759410.41,CFG,2022
,,,,,,,,,,,,,,,CFG,2021
1879104.51,1722005.71,0.0,1013412.06,-128658.6,673883.32,0.0,673883.32,-6726748.97,1885947.07,-5585965.03,-5510194.18,57906.73,-5643871.76,-5628071.14,MMS,2025
6990664.1,6750000.25,98884.59,518687.11,5499412.54,0.0,0.0,0.0,-1098677.83,2283807.14,-1203672.5,-1127901.68,43560.56,-1247233.06,-1333624.93,MMS,2024
7647627.5,7333522.03,245343.28,849192.57,6598090.37,58773.54,0.0,58773.54,-1564696.67,3578972.26,-1374757.11,-1298986.29,0.0,-1374757.11,-1439013.67,MMS,2023
8644195.91,8040394.62,3077166.25,470468.87,8037104.04,0.0,,0.0,2013212.31,5811268.49,2307930.31,2326873.06,460.0,2307470.31,2138895.31,MMS,2022
,,,,,,,,,,,,,,,MMS,2021
8112444.36,7640462.89,41985.19,3330312.51,734972.05,549584.4,3184293.26,3733877.66,-4342829.73,2436877.73,-3315775.05,-3194602.79,589762.37,-3905537.42,-3626380.42,AQA,2025
11529931.64,10897095.71,116076.15,5842388.04,4567164.47,811546.4,0.0,811546.4,-510637.31,6030297.26,510431.94,639014.08,83490.93,426941.01,410496.01,AQA,2024
11074438.35,10395008.1,46676.91,5802166.3,4328178.46,212839.34,0.0,212839.34,-749623.32,6528550.76,825847.85,949799.65,93855.08,731992.77,301881.77,AQA,2023
19889890.59,18017098.55,67827.33,13840320.52,4223533.19,249558.9,11300.0,260858.9,-854268.59,6214737.15,873636.07,1009027.54,86470.21,787165.86,622035.86,AQA,2022
,,,,,,,,,,,,,,,AQA,2021
1898335.56,1895968.56,229563.61,926258.41,972077.15,205000.0,0.0,205000.0,-171301.5,282200.0,-143389.9,-143389.9,27911.6,-171301.5,-171301.5,IFA,2025
1771318.03,1438951.03,147571.44,627939.38,1143378.65,225000.0,0.0,225000.0,1163.87,1250000.0,8341.96,8341.96,7178.09,1163.87,1163.87,IFA,2024
1585248.45,1582881.45,45246.6,443033.67,1142214.78,221728.29,0.0,221728.29,36930.67,611929.05,50759.21,54039.19,12015.54,38743.67,36930.67,IFA,2023
1573895.26,1571528.26,433.03,466466.15,1105284.11,159103.06,2145.0,161248.06,29779.73,438858.09,61026.75,73423.38,24903.02,36123.73,29779.73,IFA,2022
,,,,,,,,,,,,,,,IFA,2021
4671766.57,2988440.42,980566.81,1582732.85,2862609.55,0.0,0.0,0.0,-29277.35,14965071.52,28984.5,304147.47,18656.85,10327.65,-29277.35,TXN,2025
4365196.69,2584986.17,983366.4,1289349.1,2891887.2,0.0,0.0,0.0,159301.3,13573745.16,225102.14,461989.31,53.84,225048.3,159301.3,TXN,2024
5460288.13,3553933.01,2086298.87,1117985.93,4186650.2,0.0,0.0,0.0,454855.53,12186939.39,613266.0,864706.62,3374.47,609891.53,454855.53,TXN,2023
5438130.53,2462206.05,1055395.65,1057130.86,4200847.67,0.0,0.0,0.0,-57331.0,10926273.67,940374.34,1284532.52,23527.0,916847.34,723349.34,TXN,2022
,,,,,,,,,,,,,,,TXN,2021
11579000.0,11114000.0,234000.0,1443000.0,9397000.0,,554000.0,1137000.0,1049000.0,14193000.0,1431000.0,1513000.0,140000.0,1291000.0,1049000.0,APL,2025
10738000.0,10450000.0,1369000.0,1440000.0,8349000.0,,863000.0,1276000.0,1155000.0,9715000.0,1541000.0,1605000.0,144000.0,1397000.0,1155000.0,APL,2024
10276000.0,9239000.0,1145000.0,1675000.0,7193000.0,,1400000.0,1400000.0,3911000.0,7590000.0,453000.0,521000.0,58000.0,395000.0,352000.0,APL,2023
10078000.0,8598000.0,159000.0,3126000.0,6841000.0,,,,3559000.0,12262000.0,12585000.0,12723000.0,0.0,12585000.0,12585000.0,APL,2022
,,,,,,,,,,,,,,,APL,2021
25104712.3,15175319.35,2954778.38,5937497.92,17294642.71,2341232.05,1632836.23,3974068.28,372572.81,31349395.08,-561612.48,286299.78,383156.03,-944768.51,-679803.02,AZC,2024
25870044.68,16098867.48,1982888.3,5406066.11,17886849.2,2313148.68,2094869.75,4408018.43,198497.3,32204350.95,-130704.91,716582.18,627577.01,-758281.92,-939348.97,AZC,2023
30247846.99,20061557.55,2218066.0,8102143.02,18971286.26,3155678.74,2727049.14,5882727.88,1698624.59,37201896.1,1140270.45,2032685.1,388391.48,751878.97,351157.36,AZC,2022
28632904.96,18083186.71,4287698.82,5803301.63,19314632.34,1493945.02,,1493945.02,4074224.34,40354937.36,4245635.94,5048037.56,111049.18,4134586.76,3352683.1,AZC,2021
7145139.1,6504510.06,2715380.03,999840.17,5611710.58,106400.0,0.0,106400.0,-2145854.86,9679369.59,1140515.83,1155937.76,19127.97,1121387.86,932068.86,ECT,2025
6728388.25,6058797.79,626125.52,1675442.28,4679641.72,0.0,101600.0,101600.0,-3077923.72,2243210.01,-3058333.84,-3047563.84,122.85,-3058456.69,-3077923.72,ECT,2024
14018425.36,12957803.41,3713384.79,5758985.36,7757565.44,0.0,101600.0,101600.0,992708.25,18478759.03,962503.74,973273.74,11824.67,950679.07,992708.25,ECT,2023
9145595.69,8218596.85,1309603.75,2025038.35,6764857.19,13150.64,99200.0,112350.64,-111837.75,13355993.09,440768.61,478709.24,13600.58,427168.03,228832.88,ECT,2022
,,,,,,,,,,,,,,,ECT,2021
4527195.72,3828103.53,6888.41,2063282.9,1947931.66,151680.85,143884.0,295564.85,-10952055.12,838549.87,-4035066.46,-3622143.49,47178.88,-4082245.34,-3958845.34,JJB,2025
8242936.2,6824539.86,22934.76,1996146.18,5572777.0,30000.0,0.0,30000.0,-6991847.48,1142882.33,329113.89,648043.16,28755.82,300358.07,251038.5,JJB,2024
4821209.74,3785181.48,5831.09,862005.58,3427019.5,349240.93,30000.0,379240.93,-7242885.98,1362332.44,446131.8,683716.08,37902.87,408228.93,393886.93,JJB,2023
4057359.13,3259880.71,15257.82,595065.93,2491132.57,60000.0,90000.0,150000.0,-7636772.91,811913.76,-536523.55,-309653.28,34884.8,-571408.35,-530014.35,JJB,2022
,,,,,,,,,,,,,,,JJB,2021
3631068.12,3492519.05,617156.99,287768.76,3343299.36,,,,-96831.36,1639912.22,-95060.58,-1867.32,482.78,-95543.36,-96831.36,CWA,2025
3635243.98,3408646.11,608853.18,195113.26,3440130.72,,,,158826.03,1759429.32,180438.16,263871.9,1406.13,179032.03,158826.03,CWA,2024
3430887.23,3177452.99,772309.1,149582.54,3281304.69,,,,113924.17,1546912.28,129313.42,204708.17,3288.25,126025.17,113924.17,CWA,2023
3619972.56,3327712.83,696451.22,436376.04,3167380.52,11.35,,11.35,335354.18,1754903.81,368905.47,407541.42,2965.29,365940.18,335354.18,CWA,2022
,,,,,0.0,,0.0,,,,,,,,CWA,2021
10191153.33,8106731.55,9693.55,5894215.33,4084572.65,2188424.43,172076.26,2360500.69,27351.79,20420123.07,631992.26,1108856.33,435825.66,196166.6,121174.76,BTK,2025
9711256.88,7853045.08,125248.44,5482609.54,4057220.86,1322166.16,171426.48,1493592.64,39685.6,19549551.8,528148.57,903472.58,446082.5,82066.07,41785.26,BTK,2024
8468724.29,7035509.75,68429.94,4171434.66,4017535.26,2051640.66,279754.37,2331395.03,124145.0,17640872.52,433491.36,720309.78,221605.36,211886.0,124145.0,BTK,2023
9879845.76,8249812.8,36889.59,5479207.09,3893390.26,1301790.14,466088.41,1767878.55,226294.34,16527320.71,443777.6,793083.09,159363.26,284414.34,226294.34,BTK,2022
,,,,,,,,,,,,,,,BTK,2021
13428766.49,8227847.02,801699.4,4701442.46,8704175.64,0.0,0.0,0.0,-701397.51,18497238.09,-553768.77,-249676.3,150903.68,-704672.45,-692802.71,BPN,2025
15512835.54,9966292.76,739219.99,5965840.35,9396978.35,2232098.31,0.0,2232098.31,-1129043.52,22293562.13,-1018505.19,-712987.58,75907.23,-1094412.42,-1120448.72,BPN,2024
13734057.13,8288335.11,899320.61,2958591.7,10517427.07,172.02,0.0,172.02,349484.99,23170777.14,628675.63,1737414.41,133339.14,495336.49,358079.79,BPN,2023
24025738.32,12723457.67,2322157.32,13585020.53,10167942.08,286876.36,0.0,286876.36,858960.93,25784789.31,1313869.74,2647903.44,39772.65,1274097.09,882108.48,BPN,2022
,,,,,,,,,,,,,,,BPN,2021
3120428.19,1548288.23,181.0,3076364.86,44063.33,488613.21,0.0,488613.21,-7016501.44,691252.4,-595931.52,-544750.2,168560.03,-764491.55,-764491.55,OLY,2025
4723690.25,2592677.3,0.0,2715182.45,1725206.33,161996.16,283301.47,445297.63,-6252009.89,1033464.71,-2155285.55,-1992373.53,117573.92,-2272859.47,-2272859.47,OLY,2024
5950292.96,2916403.95,68766.45,1921418.56,3998065.8,31976.07,29998.6,61974.67,-3979150.42,4232194.69,-1774437.21,-1614025.19,224807.41,-1999244.62,-1999244.62,OLY,2023
2754594.04,1682700.86,537511.9,646188.39,2028658.21,39542.74,78937.44,118480.18,-1979905.8,2080636.03,-591930.24,-423455.6,2833.99,-594764.23,-594764.23,OLY,2021
1865358.77,1864369.08,413590.2,382764.28,1481604.8,,,,-3723395.2,1498585.41,-651975.87,-651975.87,3645.22,-655621.09,-708836.55,IMG,2025
1100643.97,1100487.04,201418.28,910045.69,190441.35,,,,-3014558.65,2971302.89,-1427364.55,-1426874.7,2950.08,-1430314.63,-1439070.93,IMG,2024
3139840.39,3138858.64,397746.08,1509836.21,1629512.28,,,,-2584631.28,1269725.93,-2292348.91,-2289352.63,13822.77,-2306171.68,-2343712.38,IMG,2023
4454297.6,4450798.79,111911.55,481060.26,3973224.66,,,,-1036142.79,1618993.57,-766046.53,-763050.25,2869.0,-768915.53,-795223.89,IMG,2022
,,,,,,,,,,,,,,,IMG,2021
879547.91,765822.3,,450709.1,399469.04,,,,-1055404.25,1434327.71,394986.99,441980.51,24172.6,370814.39,370814.39,APA,2025
667148.89,505529.76,15074.53,420908.05,28654.65,138348.0,129836.19,268184.19,-1426218.64,1944200.0,-366368.24,-318838.04,26708.53,-393076.77,-393076.77,APA,2024
1031659.45,813213.02,92300.59,405028.35,455557.1,66672.0,83324.0,149996.0,-999316.19,2851847.51,-131429.16,-94775.28,28405.57,-159834.73,-160502.73,APA,2023
1116686.58,1030376.03,60906.94,499507.93,617178.65,93126.61,0.0,93126.61,-759030.11,2645471.3,-454571.7,-429008.25,11847.9,-466419.6,-423460.53,APA,2022
,,278076.77,,,242024.1,16652.0,258676.1,,,,,,,,APA,2021
7461087.74,6042191.2,807495.43,3555588.43,3651288.37,176136.79,,318039.73,319486.01,13322261.56,473531.31,737189.5,43687.3,429844.01,319486.01,MND,2025
11822964.87,10394755.73,256823.32,8067927.99,3331802.36,302132.82,0.0,573452.34,884583.76,16127713.27,1185453.73,1460394.37,54519.97,1130933.76,884583.76,MND,2024
5664864.67,3905352.56,739958.83,2677573.44,2447218.6,0.0,0.0,458523.63,256615.6,12619487.91,420354.74,662686.41,64644.14,355710.6,256615.6,MND,2023
4656018.19,2901535.19,385468.46,1909209.94,2190603.0,0.0,0.0,475014.25,328045.32,9098860.16,474002.64,609037.63,36851.32,437151.32,328045.32,MND,2022
,,,,,,0.0,,,,,,,,,MND,2021
5643810.97,3706.86,2109.69,2536979.58,2572580.56,1101341.93,,1101341.93,-13778683.94,50300.0,-3156703.62,-3050844.37,66800.96,-3223504.58,-3223504.58,TGS,2025
8530624.94,27078.4,9547.33,2071688.64,5796085.14,1056130.97,,1056130.97,-10555179.36,0.0,-3668408.05,-3668408.05,50095.49,-3718503.54,-3718503.54,TGS,2024
11392023.09,54828.27,50216.86,1877434.41,9514588.68,1135182.72,,1135182.72,-6836675.82,1500.0,-3628214.38,-3628214.38,40247.19,-3668461.57,-3668461.57,TGS,2023
14932488.92,552882.54,469049.74,1749438.67,13183050.25,1204447.66,,1204447.66,-3168214.25,0.0,-2675256.97,-2675256.97,31945.61,-2707202.58,-2707202.58,TGS,2022
,,,,,,,,,,,,,,,TGS,2021
798078.4,772130.12,14262.1,338518.96,459559.44,,,,-2218195.4,1239202.49,49592.12,51945.51,1240.26,48351.86,48351.86,ARG,2025
783763.9,766061.23,65592.72,372556.32,411207.58,,,,-2266547.26,1162953.59,-154573.51,-152823.73,95.98,-154669.49,-154669.49,ARG,2024
910789.72,899877.07,30227.07,344912.65,565877.07,,,,-2111877.77,950170.55,-228798.91,-227476.15,14.0,-228812.91,-228812.91,ARG,2023
1093538.8,1081303.39,179791.61,376713.82,716824.98,,,,-1938929.86,1213303.86,-382143.85,-381151.78,0.0,-382143.85,-382143.85,ARG,2022
,,,,,,,,,,,,,,,ARG,2021
12927081.32,12317465.66,110101.74,10470745.55,2100499.26,109714.98,355836.51,465551.49,-8533063.7,707584.33,-201249.8,-177832.32,1733.09,-202982.89,-202982.89,ASA,2025
12516488.55,11883455.41,633372.39,9885169.89,2303482.15,109714.98,327836.51,437551.49,-8330080.81,5260579.39,-2128860.04,-2023302.59,177396.29,-2306256.33,-1860502.33,ASA,2024
18793024.85,14704572.92,188687.25,11808243.21,4163984.48,867951.15,2774494.16,3642445.31,-6469578.48,2571501.98,-2044217.61,-1879811.61,150252.07,-2194469.68,-2195974.68,ASA,2023
17607630.02,13520303.1,557326.44,8241180.44,6373528.16,,2992921.42,2992921.42,-4260034.8,3400795.46,-762251.24,-606552.45,77231.85,-839483.09,-802835.09,ASA,2022
,,,,,,,,,,,,,,,ASA,2021
4520116.63,1507560.25,735963.2,1208124.31,2838329.89,1.96,0.0,1.96,-619126.52,7833603.36,-758292.52,515649.56,0.0,-758292.52,-619126.52,AIT,2025
5480705.21,1747075.21,855149.79,1440483.02,3457456.41,0.0,0.0,0.0,-823373.09,9296194.796,-927645.5,749606.92,195.59,-927841.09,-823373.09,AIT,2024
6012309.23,1293945.49,603239.4,1019087.62,4280829.5,0.0,0.0,0.0,-1456419.89,7281652.02,-1455647.99,786548.71,99.9,-1455747.89,-1456419.89,AIT,2023
7403917.81,1713623.15,713243.07,998708.94,5737249.39,0.0,0.0,0.0,-2212380.83,6892990.47,-2607713.67,-40907.18,27.16,-2607740.83,-2212380.83,AIT,2022
,,,,,,,,,,,,,,,AIT,2021
1142566.49,275588.57,34606.04,817046.62,325519.87,0.0,0.0,0.0,-2001021.24,471524.14,-723885.97,-723885.97,1685.64,-725571.61,-661071.31,UFG,2025
1255489.53,233125.53,75639.37,300689.83,954799.7,0.0,0.0,0.0,-1371741.41,852039.43,-1115130.71,-1113012.49,128.46,-1115259.17,-1039353.19,UFG,2024
2334279.4,889039.62,262225.3,340126.51,1994152.89,0.0,0.0,0.0,-18296.09,1730909.81,-366681.91,-361598.17,164.33,-366846.24,-332388.22,UFG,2023
2909889.02,1282039.96,661147.39,582774.25,2326541.11,0.0,0.0,0.0,616717.68,2936756.66,334628.21,337593.73,69.0,334559.21,302625.55,UFG,2022
,,,,,,,,,,,,,,,UFG,2021
1666000.0,1666000.0,20000.0,272757000.0,-273236000.0,207000.0,0.0,207000.0,-242516000.0,0.0,-322000.0,-322000.0,194000.0,-516000.0,-516000.0,STS,2025
2017000.0,2021000.0,18000.0,272787000.0,-272720000.0,207000.0,0.0,207000.0,-242000000.0,0.0,-263995000.0,-263995000.0,197000.0,-264192000.0,-264192000.0,STS,2024
2365000.0,2365000.0,20000.0,9120000.0,-8528000.0,187000.0,0.0,187000.0,22192000.0,0.0,-7260000.0,-7260000.0,1847000.0,-9107000.0,-9107000.0,STS,2023
1192000.0,1192000.0,27000.0,397000.0,-817000.0,193000.0,0.0,193000.0,31299000.0,2523000.0,-587000.0,-587000.0,147000.0,-734000.0,-734000.0,STS,2022
,,,,,,,,,,,,,,,STS,2021
999955.97,969820.52,485067.44,128185.65,871587.16,0.0,0.0,0.0,-2083514.83,40000.0,-476635.1,-463217.22,101.66,-476736.76,-477716.76,FOX,2025
70697.44,40561.99,1951.27,72214.56,-1700.28,0.0,,0.0,-1605798.07,493423.9,-1629761.13,-1625094.54,5989.23,-1635750.36,-1605798.07,FOX,2024
2573132.61,2562466.02,193713.61,587671.76,1985460.85,7142.9,0.0,7142.9,-360049.27,309462.35,-353650.64,-297650.6,6398.63,-360049.27,-360049.27,FOX,2023
3728026.78,3587554.55,1066260.57,232811.82,2510931.58,61065.08,7142.9,68207.98,3714.08,392275.94,16021.39,67354.76,12898.87,3122.52,3714.08,FOX,2022
,,,,,,68207.98,,,,,,,,,FOX,2021
657452.36,628410.24,44738.2,497839.29,207.08,48110.28,132303.24,180413.52,-4034124.12,1457999.19,-513695.38,-513695.38,39944.11,-553639.49,-568505.12,DUA,2025
1491005.84,1344052.04,67674.44,696093.13,568712.2,48135.78,184422.71,232558.49,-4034124.12,2936089.09,-462336.57,-462336.57,30193.58,-492530.15,-431688.29,DUA,2024
1705949.02,1582958.96,66530.65,625390.61,1000400.49,250323.55,0.0,250323.55,-3602435.83,5637374.69,-3296947.9,-3296947.9,4666.07,-3301613.97,-3602435.83,DUA,2023
8265766.58,7876823.58,908365.29,3405680.26,4602836.32,0.0,,0.0,519707.73,2137652.69,618664.73,622831.4,1053.0,617611.73,519707.73,DUA,2022
,,,,,,,,,,,,,,,DUA,2021
542812.39,436463.39,48464.18,553169.68,-11780.29,359724.67,0.0,359724.67,-1183780.29,696800.0,53105.65,53105.65,7679.74,45425.91,45425.91,MLT,2025
408370.32,386021.32,8772.95,564103.52,-157206.38,409724.67,,409724.67,-1229206.2,144500.0,-242256.74,-242256.74,4785.06,-247041.8,-249769.8,MLT,2024
399342.81,366249.77,101738.12,418340.4,-19056.36,285279.16,,285279.16,-2396590.13,82601.53,-410736.35,-399404.43,686.25,-411422.6,-436048.6,MLT,2023
767284.18,692424.1,114179.86,724562.98,42120.2,493871.02,,493871.02,-1934413.47,1680284.27,-2225816.5,-2189106.08,1934.97,-2227751.47,-1934413.47,MLT,2022
,,,,,,,,,,,,,,,MLT,2021
421236.86,421236.86,118310.37,4791047.17,-4469997.09,3449318.42,57059.89,3506378.31,-11181122.88,2448613.17,425455.3,425455.3,,-6069629.55,-6069629.55,LXB,2025
16387161.75,16177574.01,6513.24,14750557.41,59344.76,2709395.9,1531595.62,4240991.52,-5111493.3,1237307.03,-853324.25,-853324.25,,-743597.82,-743597.82,LXB,2024
18806773.1,17748832.36,79311.77,14853046.17,713260.68,3279883.59,2510909.18,5790792.77,-4367895.48,1507027.48,-854821.67,-854821.67,,-601242.73,-601242.73,LXB,2023
19468308.82,18020353.28,96252.88,15118440.19,1314503.41,2699223.64,2237793.68,4937017.32,-3766652.75,2500173.59,-989733.35,-960001.23,,-970993.86,-970993.86,LXB,2022
,,,,,,,,,,,,,,,LXB,2021
26484000.0,14925000.0,507000.0,12500000.0,9862000.0,5526000.0,3579000.0,10070000.0,-1411000.0,13174000.0,1314000.0,2105000.0,249000.0,1065000.0,998000.0,PMA,2021
906435.12,906435.12,722234.64,14356606.03,-13450170.91,13347305.67,0.0,13347305.67,-55087948.85,496288.49,-783643.59,-778075.3,451358.16,-1235001.75,-1235001.75,UFC,2025
1492932.0,1492932.0,406881.14,1232778.65,-12215169.16,1200000.0,11695947.51,12895947.51,-53852947.1,430615.96,-1097392.37,-1097392.37,398048.52,-1495440.89,-1495440.89,UFC,2024
3554714.88,3554714.88,106160.45,885829.87,-10719728.27,800000.0,,800000.0,-52357506.21,594165.46,-92862.82,-92862.82,666134.17,-758996.99,-758996.99,UFC,2023
4923404.86,4923404.86,18189.64,918648.19,-9960730.28,500000.0,,500000.0,-51598508.22,1277705.45,-120384.74,-99295.74,0.0,-120384.74,-120384.74,UFC,2022
,,,,,,22000.0,,,,,,,,,UFC,2021
3559619.62,3246051.48,36644.71,3940875.63,-671687.71,400579.13,162486.0,563065.13,-7140127.89,1466182.56,-1243288.98,-1108115.73,30830.48,-1274119.46,-1274119.46,WGP,2025
2329044.77,1880303.38,9990.94,2929742.53,-997568.25,402475.02,162486.0,862665.67,-5866008.43,7675885.23,-929015.57,-842482.49,77403.19,-1006418.76,-1110674.76,WGP,2024
1658465.64,1420869.68,278416.3,613549.98,641422.68,65030.0,227490.0,521546.38,-4525549.67,1959000.88,311290.57,366297.45,14934.0,296356.57,-428632.17,WGP,2023
2473425.42,2008319.07,307023.63,713745.72,1070054.85,167773.05,558765.43,882993.55,-3811314.29,8713815.97,-1546683.67,-1038223.71,0.0,-1546683.67,-1546683.67,WGP,2022
,,,,,,,,,,,,,,,WGP,2021
93816.39,81960.07,15181.07,193512.4,-99696.01,0.0,,0.0,-4934380.7,0.0,-204651.73,-184326.49,8601.99,-213253.72,-213253.72,NRS,2025
160328.64,128147.08,0.0,610770.93,-450442.29,421760.06,,421760.06,-4715126.98,0.0,-144388.14,-135919.29,40760.06,-185148.2,-185148.2,NRS,2024
150361.8,150361.8,1289.03,415655.89,-265294.09,283498.3,,283498.3,-4529978.78,0.0,-517265.52,-517265.52,12491.12,-529756.64,-529756.64,NRS,2023
322499.22,322499.22,136710.04,209976.67,112522.55,,,,-3992222.14,250.0,-337431.54,-337173.46,492.83,-337924.37,-337924.37,NRS,2022
,,,,,,,,,,,,,,,NRS,2021
5328213.87,2522801.38,137027.37,1903510.01,-1039705.72,195106.13,82000.0,277106.13,-10429436.58,962560.18,13780.97,793844.71,43991.14,-30210.17,-60205.73,THD,2025
3664872.04,1150705.44,51174.03,827628.0,3120.06,175866.77,0.0,175866.77,-8386610.8,12964196.86,-1397870.48,-806667.95,74253.93,-1472124.41,-1505731.34,THD,2024
22644902.11,17388785.28,749673.38,17574895.6,273168.0,463560.0,0.0,463560.0,-8114772.86,5004117.25,-936879.08,-399954.13,0.69,-936879.77,-1446365.1,THD,2023
12714661.94,9887672.21,930762.92,7288035.82,1501113.94,0.0,0.0,0.0,-6668407.76,62586.17,-3600181.14,-3434757.41,19826.02,-3620007.16,-2456254.85,THD,2022
,,,,,,,,,,,,,,,THD,2021
1562299.1,795751.79,325971.64,2401077.3,-1347234.95,0.0,0.0,638325.4,-1467129.07,3238798.76,-4400137.48,-3997654.25,52176.1,-4452313.58,-4455293.58,TBL,2025
5807223.27,1871736.16,1049564.59,2064467.13,3120766.77,0.0,0.0,727791.07,2988164.51,5626323.26,-2643724.21,-1138835.84,46213.67,-2689937.88,-2786377.88,TBL,2024
8039393.14,2768191.28,817333.44,1092866.37,6205961.39,0.0,0.0,874387.58,5774542.39,6959204.71,-3330779.06,-125657.29,29006.8,-3359785.86,-3717924.86,TBL,2023
11744282.81,2580612.99,850365.9,870048.58,11179645.08,0.0,0.0,542796.34,9309727.48,8160039.11,-8002928.78,-4309619.25,72780.73,-8075709.51,-7621016.42,TBL,2022
,,,,,,,,,,,,,,,TBL,2021
864270.71,825454.71,311186.21,24804.14,839466.57,0.0,,0.0,-874616.93,615828.49,-171853.32,-171853.32,0.0,-171853.32,-169991.32,DRG,2025
1084682.9,1048484.85,721981.16,72454.01,1009457.89,0.0,,0.0,-704625.61,655805.77,60665.77,60665.77,0.05,60665.72,23575.72,DRG,2024
1124330.07,1060936.07,753858.92,138447.9,985882.17,0.0,,0.0,-728201.33,1626093.69,144151.62,155369.35,39.6,144112.02,109092.02,DRG,2023
1128069.78,1034691.78,396948.72,251135.63,876790.15,0.0,,0.0,-837293.35,1682515.84,157932.15,176484.99,96.02,157836.13,161189.13,DRG,2022
,,,,,,,,,,,,,,,DRG,2021
533169.15,217244.72,1597.31,3604486.83,-3999771.5,16.01,61750.0,61766.01,-6573677.15,62798.19,-647713.84,-192266.93,4921.91,-652635.75,-652635.75,PBT,2025
1131771.85,455369.33,1821.09,3084173.17,-3325745.16,250000.0,0.0,250000.0,-5899650.81,452197.56,-3013138.69,-2543681.47,484803.08,-3497941.77,-3513141.77,PBT,2024
3040372.07,639998.07,17549.05,1463458.18,-812638.6,250000.0,0.0,250000.0,-2386544.25,1757701.02,-1129991.51,-924888.02,51349.32,-1181340.83,-1182905.83,PBT,2023
2222858.7,382023.22,71590.19,844382.36,374767.23,271000.0,0.0,271000.0,-1199138.42,1529137.7,78028.07,283131.61,4030.67,73997.4,73997.4,PBT,2022
,,,,,,,,,,,,,,,PBT,2021
1445892.1,1434598.65,109852.49,1076657.79,303587.4,0.0,0.0,0.0,-3995912.6,112949.78,-804907.33,-804907.33,1055.03,-805962.36,-826322.34,IWS,2025
1259927.66,1248634.21,235427.74,84730.99,1129909.74,0.0,0.0,0.0,-3169590.26,250.0,-1344272.3,-1344272.3,6747.67,-1351019.97,-1386602.07,IWS,2024
2583357.7,2572064.25,874938.08,57141.06,2516511.81,0.0,,0.0,-1782988.19,3254950.0,-552813.62,-546712.89,0.0,-552813.62,-507523.45,IWS,2023
5944829.07,5927434.89,2739422.36,2865798.81,3024035.26,0.0,,0.0,-1275464.74,0.0,-618544.66,-609393.57,72.25,-618616.91,-673611.91,IWS,2022
,,,,,,,,,,,,,,,IWS,2021
13074000.0,2003000.0,111000.0,34541000.0,-21467000.0,8843000.0,0.0,8843000.0,-2874000.0,4015000.0,-2157000.0,-2060000.0,717000.0,-2874000.0,-2874000.0,RDN,2025
13089000.0,1921000.0,378000.0,31683000.0,-18594000.0,13401000.0,0.0,13401000.0,-286000.0,21828000.0,-16296000.0,-15216000.0,1644000.0,-17940000.0,-17940000.0,RDN,2024
64929000.0,42008000.0,114000.0,51907000.0,2093000.0,10005000.0,4364000.0,22729000.0,-33616000.0,67375000.0,-782000.0,1393000.0,1546000.0,-2328000.0,-2328000.0,RDN,2023
69630000.0,43313000.0,574000.0,56919000.0,4421000.0,15723000.0,0.0,25730000.0,-31288000.0,94251000.0,2498000.0,4816000.0,1802000.0,696000.0,696000.0,RDN,2022
,,,,,,,,,,,,,,,RDN,2021
3742058.98,2595045.99,114528.15,2032905.46,294002.39,24000.0,48171.86,72171.86,-8100448.51,1143014.85,-387033.62,-387033.62,16385.48,-403419.1,-398029.1,LMG,2025
2696580.98,2681179.98,171010.35,2195377.35,192034.85,46765.1,64240.63,111005.73,-7702419.41,44763.52,-3190885.36,-3190885.36,54970.79,-3245856.15,-3021509.88,LMG,2024
9768861.85,9757511.85,714192.15,2251212.31,2588544.73,117174.08,,117174.08,-4680909.53,2064827.0,-694541.8,-694541.8,44885.76,-739427.56,-784232.83,LMG,2023
8843004.26,8831654.26,610632.01,1959819.8,3372777.56,490346.47,,490346.47,-3896676.7,4397190.71,-2567253.15,-2567253.15,12940.47,-2580193.62,-2764370.62,LMG,2022
,,,,,,,,,,,,,,,LMG,2021
11009183.74,8954434.98,45234.27,9392884.01,1548092.67,3000857.49,0.0,3000857.49,-1837310.52,807209.3,125429.52,2008335.87,143195.88,-17766.36,-17766.36,DDI,2025
11004332.2,7062943.37,49501.54,9358216.94,1577908.1,2956576.53,0.0,2956576.53,-1807495.09,2584719.37,-111021.2,1837738.66,322934.54,-433955.74,-629517.17,DDI,2024
10345090.29,4135064.21,53843.2,7945141.9,2207425.27,2479732.67,0.0,2479732.67,-1177977.92,7016895.25,-606325.62,1375589.71,271167.0,-877492.62,-755913.11,DDI,2023
11395964.24,3234467.16,278083.98,7179966.44,2963338.38,1592427.13,950000.0,2542427.13,-422064.81,5963150.21,-112563.67,377748.6,125920.82,-238484.49,-422064.81,DDI,2022
,,,,,,,,,,,,,,,DDI,2021
2505870.51,2474870.51,151.73,1057840.91,1332708.79,399.25,,399.25,-2363891.21,102303.52,-163138.3,-163138.3,654.26,-163792.56,-189444.29,ATJ,2025
2271492.01,2240492.01,32482.02,679859.85,1522153.08,0.0,,0.0,-2174446.92,153540.16,-542920.83,-542920.83,6880.76,-549801.59,-579470.09,ATJ,2024
2251197.25,2220197.25,82009.31,109763.5,2101623.17,,,,-1594976.83,110975.77,-218083.95,-218083.95,3614.81,-221698.76,-234727.34,ATJ,2023
2371744.69,2340744.69,290430.8,8612.18,2336350.51,,,,-1360249.49,41995.66,-877331.8,-867956.8,0.0,-877331.8,-904113.8,ATJ,2022
,,,,,,,,,,,,,,,ATJ,2021
1432646.25,183359.4,1076.85,962962.13,-15833.24,40.37,425661.36,425701.73,-2252292.9,0.0,-45893.88,26711.04,0.0,-45893.88,-45893.88,MRD,2025
1505251.17,183359.4,1076.85,989673.17,30060.64,40.37,425661.36,425701.73,-2206399.02,0.0,-61185.43,11419.49,0.0,-61185.43,-61185.43,MRD,2024
1691507.95,224406.34,1076.85,1042616.13,163374.46,40.37,425661.36,425701.73,-2073085.2,0.0,-72645.13,-40.21,0.0,-72645.13,-72645.13,MRD,2022
1757960.11,218253.58,1076.85,1036423.16,236019.59,40.37,425661.36,425701.73,-2000440.07,,,,,,,MRD,2021
,,,,,,,,,0.0,-72128.39,476.53,0.0,-72128.39,-72128.39,MRD,2023
822846.69,551383.24,0.0,4622854.78,-3800008.09,3055257.51,0.0,3055257.51,-6766096.09,0.0,-263642.14,-259252.18,0.0,-263642.14,-263642.14,CMC,2025
910807.85,634954.44,58.31,4447173.8,-3536365.95,3054355.91,0.0,3054355.91,-6502453.95,0.0,-244935.88,-240545.92,0.0,-244935.88,-244935.88,CMC,2024
2003696.86,1719063.53,255907.51,4801280.35,-2797583.49,3029652.42,0.0,3029652.42,-5763671.49,14209069.37,-4584680.52,-4508436.48,222695.72,-4807376.24,-4807376.24,CMC,2022
6509393.0,6003371.58,332031.15,2101134.82,2009792.75,968316.3,2398465.43,3366781.73,-956295.25,,,,,,,CMC,2021
,,,,,,,,,54510.01,-456670.95,-452280.99,37175.62,-493846.57,-493846.57,CMC,2023
2870384.54,2870384.54,186938.31,18174904.43,-15828060.65,3848361.54,0.0,3848361.54,-91254384.5,2028878.44,26276957.91,26276957.91,0.4,26276957.51,26163204.75,FFI,2022
2830903.86,2830903.86,178595.78,34640770.65,-36944984.03,8888865.89,4725329.24,13614195.13,-112371307.88,6335461.87,504183.41,507181.82,58427.48,445755.93,-506502.07,FFI,2021
4456855.27,3157168.24,22285.7,5494708.18,-1040628.91,267062.56,0.0,267062.56,-6288916.5,816314.66,-2438018.77,-1719265.54,1006355.19,-3444373.96,-3415546.96,BRP,2025
6039547.37,3121145.39,3568.49,1881262.01,2374918.05,257694.58,0.0,257694.58,-2873369.54,1214642.14,-1107037.43,-434045.87,26287.99,-1133325.42,-1236377.42,BRP,2024
7339241.68,7171742.66,19160.64,3694508.27,3644733.41,0.0,0.0,0.0,-903736.18,2023019.25,-824637.33,-593042.65,4992.64,-829629.97,-776669.97,BRP,2023
4506455.63,4378694.03,719336.05,85052.25,4421403.38,0.0,0.0,0.0,-127066.21,1781619.82,-144652.21,-108694.36,903.0,-145555.21,-127066.21,BRP,2022
,,,,,,,,,,,,,,,BRP,2021
1847000.0,37000.0,16000.0,844000.0,292000.0,336000.0,711000.0,1063000.0,-533000.0,1329000.0,-417000.0,-366000.0,121000.0,-538000.0,-533000.0,CHP,2025
1867000.0,262000.0,85000.0,1042000.0,825000.0,528000.0,,541000.0,-13098000.0,2145000.0,-12341000.0,-10263000.0,30000.0,-12371000.0,-13098000.0,CHP,2024
19149000.0,1670000.0,672000.0,1316000.0,15867000.0,0.0,0.0,123000.0,3561000.0,6267000.0,3231000.0,4569000.0,16000.0,3215000.0,3561000.0,CHP,2023
16720000.0,2347000.0,939000.0,1891000.0,12186000.0,550000.0,0.0,679000.0,3461000.0,4441000.0,2842000.0,4002000.0,107000.0,2735000.0,3461000.0,CHP,2022
,,,,,,650000.0,,,,,,,,,CHP,2021
23156000.0,18256000.0,12483000.0,4795000.0,6987000.0,0.0,0.0,0.0,-6040000.0,9872000.0,-3087000.0,-1703000.0,0.0,-3087000.0,-3087000.0,CRQ,2024
24854000.0,18792000.0,12770000.0,6027000.0,3741000.0,0.0,0.0,0.0,-2953000.0,8014000.0,-2856000.0,-1588000.0,4000.0,-2860000.0,-2860000.0,CRQ,2023
8602000.0,6183000.0,2068000.0,1571000.0,4610000.0,29000.0,0.0,29000.0,-92000.0,4790000.0,-80000.0,711000.0,12000.0,-92000.0,-92000.0,CRQ,2022
29984058.84,23510758.46,11348453.85,15150309.77,10087795.17,,,,8093584.89,63347491.3,9778250.25,10504239.05,10026.36,9768223.89,8093584.89,YAN,2025
23711017.66,18524007.13,8794936.27,12523933.94,7614210.28,,,,2641019.22,58634416.18,3124991.51,4095765.68,30600.23,3094391.28,2641019.22,YAN,2024
20864613.53,15436811.29,1801979.4,11741101.64,6973191.06,,0.0,0.0,2051761.54,55606201.92,2528086.15,3481201.06,90895.61,2437190.54,2051761.54,YAN,2023
22590980.51,18771286.92,4481410.54,10628761.56,9521429.52,143961.13,0.0,143961.13,4692601.07,53017107.4,5824727.21,6851791.98,49811.14,5774916.07,4692601.07,YAN,2022
,,,,,345506.76,172753.36,518260.12,,,,,,,,YAN,2021
26206145.05,7286000.42,7224334.5,8803128.64,16676138.91,0.0,0.0,651416.39,-51857877.9,0.0,-28922950.41,-28328636.47,52323.28,-28975273.69,-23661369.13,S2B,2025
20195021.65,7114991.05,7064000.0,584534.13,18848049.76,0.0,0.0,573619.69,-28194578.4,0.0,-19885690.76,-19587182.34,45313.47,-19931004.23,-16343349.01,S2B,2024
13952718.5,6020498.07,5975446.39,1726222.34,11425694.97,0.0,0.0,615953.67,-11849283.8,0.0,-13993618.41,-13506802.95,55912.55,-14049530.96,-11847762.5,S2B,2023
1127050000.0,189848000.0,131445000.0,177917000.0,474336000.0,,41904000.0,534348000.0,-171947000.0,594568000.0,-35174000.0,39197000.0,26906000.0,-62080000.0,-45595000.0,REX,2025
623840000.0,97336000.0,64513000.0,111341000.0,284525000.0,,0.0,257357000.0,-126352000.0,358512000.0,-44487000.0,-3939000.0,13885000.0,-58372000.0,-58937000.0,REX,2024
496913000.0,206452000.0,82859000.0,83435000.0,303480000.0,,0.0,128613000.0,-67415000.0,135087000.0,-47467000.0,-33140000.0,7337000.0,-54804000.0,-56671000.0,REX,2023
1793453.68,972704.62,76684.3,1627681.41,156310.48,254339.73,0.0,254339.73,-8309707.44,5316370.01,-1582982.75,-1291147.83,37574.8,-1620557.55,-1620557.55,TMP,2025
2408531.33,1149963.69,199346.58,1619259.06,774350.73,312551.55,0.0,312551.55,-6689149.89,5438989.0,-2353797.47,-2047720.46,67664.53,-2421462.0,-2698086.39,TMP,2024
5446964.99,3657478.9,2475051.56,1367694.16,3491937.12,489960.0,310920.0,800880.0,-3991063.5,6147109.77,-355506.03,-68217.85,50689.8,-406195.83,-232214.3,TMP,2023
3378200.0,1781700.0,747200.0,963500.0,1778900.0,,,,-3758800.0,6487200.0,-1233200.0,-967600.0,150900.0,-1384100.0,-1372400.0,TMP,2022
,,,,,119930.84,17982.87,137913.71,,,,,,,,TMP,2021
5464535.24,4863803.9,1698019.35,1133193.26,4220166.01,,,,144205.51,14055206.35,181484.0,722166.96,12540.49,168943.51,144205.51,MMC,2025
5814178.41,4955952.05,2394557.09,1738217.91,4075960.5,,,,1355679.07,13407871.89,1439741.12,1686435.54,3034.33,1436706.79,1338908.79,MMC,2024
5711514.12,4639579.94,2593077.53,2174462.41,3537051.71,,,,1162644.91,12826917.39,1278591.36,1410924.49,8960.45,1269630.91,1162644.91,MMC,2023
4524867.31,3757483.62,1331798.77,2080553.83,2374406.8,719035.0,,719035.0,313835.68,10321256.39,362129.09,487959.97,15378.41,346750.68,313835.68,MMC,2022
,,,,,873216.09,,873216.09,,,,,,,,MMC,2021
